Price,Close,High,Low,Open,Volume
Ticker,LIN,LIN,LIN,LIN,LIN
Date,,,,,
1992-06-17,4.561636447906494,5.028575611865427,4.453881256223664,4.884902022954986,902000
1992-06-18,4.489800453186035,4.561637260437012,4.310208435058594,4.561637260437012,421400
1992-06-19,4.525716781616211,4.561635168771895,4.453880007304842,4.489798394460527,453400
1992-06-22,4.382045745849609,4.525719376861072,4.346127338096744,4.525719376861072,597200
1992-06-23,4.417964458465576,4.453882868697004,4.382046048234149,4.382046048234149,853800
1992-06-24,4.346123695373535,4.453878828316681,4.31020531772582,4.417960450668966,357600
1992-06-25,4.417964458465576,4.489801278928431,4.417964458465576,4.417964458465576,785000
1992-06-26,4.453881740570068,4.453881740570068,4.382044938302809,4.417963339436438,435000
1992-06-29,4.489800453186035,4.489800453186035,4.38204524230957,4.417963645935059,386600
1992-06-30,4.633471488952637,4.633471488952637,4.489797954411469,4.489797954411469,884400
1992-07-01,4.525716781616211,4.561635168771895,4.489798394460527,4.525716781616211,552600
1992-07-02,4.633471488952637,4.633471488952637,4.417961187140886,4.5616347216820525,1788200
1992-07-06,4.453881740570068,4.5616369439709565,4.417963339436438,4.5616369439709565,580400
1992-07-07,4.202451705932617,4.489798831124591,4.1306149246346235,4.489798831124591,1147000
1992-07-08,3.9869418144226074,4.238370577494303,3.9151050249735513,4.238370577494303,1192800
1992-07-09,4.202451705932617,4.202451705932617,3.9869413620386367,3.9869413620386367,2136600
1992-07-10,4.094696521759033,4.1665333028425255,4.058778131217287,4.130614912300779,866200
1992-07-13,4.130615711212158,4.16653410870096,4.0946973137233575,4.0946973137233575,846600
1992-07-14,4.1665358543396,4.1665358543396,4.094699029264779,4.094699029264779,990000
1992-07-15,4.202451705932617,4.238370096581614,4.16653331528362,4.16653331528362,1080400
1992-07-16,4.130615711212158,4.202452506189761,4.0946973137233575,4.16653410870096,2689000
1992-07-17,4.202451705932617,4.202451705932617,4.05877814333663,4.05877814333663,840400
1992-07-20,4.094696521759033,4.130614912300779,3.95102295959205,3.9869413501337956,1228200
1992-07-21,4.094696521759033,4.1665333028425255,4.022859740675542,4.022859740675542,1279600
1992-07-22,4.238369464874268,4.346124620760902,3.9869407678054554,3.9869407678054554,2743000
1992-07-23,4.202451705932617,4.310206877879607,4.202451705932617,4.202451705932617,2203800
1992-07-24,4.274289131164551,4.310207527224757,4.166533942983932,4.166533942983932,1404000
1992-07-27,4.310208320617676,4.3461267232894905,4.202453112602234,4.274289917945862,1308000
1992-07-28,4.310208320617676,4.3461267232894905,4.238371515274048,4.274289917945862,1134400
1992-07-29,4.238369464874268,4.346124620760902,4.166532694283179,4.3102062354653565,1697600
1992-07-30,4.310208320617676,4.310208320617676,4.166534709930421,4.274289917945862,912800
1992-07-31,4.346123695373535,4.346123695373535,4.274286940078105,4.274286940078105,1303000
1992-08-03,4.417964458465576,4.417964458465576,4.274290817539867,4.310209227771294,1616800
1992-08-04,4.453881740570068,4.4898001417036975,4.417963339436438,4.417963339436438,1457000
1992-08-05,4.453881740570068,4.4898001417036975,4.453881740570068,4.453881740570068,492000
1992-08-06,4.382045745849609,4.453882561355341,4.310208930343878,4.417964153602475,1277800
1992-08-07,4.310208320617676,4.3461267232894905,4.274289917945862,4.274289917945862,306200
1992-08-10,4.274289131164551,4.310207527224757,4.166533942983932,4.202452339044139,593000
1992-08-11,4.1665358543396,4.274291091951831,4.1665358543396,4.274291091951831,1804800
1992-08-12,4.1665358543396,4.310209504489241,4.094699029264779,4.274291091951831,1591600
1992-08-13,4.310208320617676,4.3461267232894905,4.202453112602234,4.202453112602234,1100600
1992-08-14,4.525716781616211,4.561635168771895,4.310206458682106,4.310206458682106,1476600
1992-08-17,4.561636447906494,4.597554845134105,4.453881256223664,4.453881256223664,1461000
1992-08-18,4.597555637359619,4.705310847610235,4.561637233942747,4.597555637359619,1660200
1992-08-19,4.561636447906494,4.669391639589325,4.5257180506788846,4.597554845134105,928000
1992-08-20,4.633471488952637,4.633471488952637,4.597553105317345,4.597553105317345,370400
1992-08-21,4.74122953414917,4.777147939710907,4.597555911902226,4.597555911902226,3771600
1992-08-24,4.633471488952637,4.70530825622322,4.5616347216820525,4.5616347216820525,2085000
1992-08-25,4.669394493103027,4.705312912280743,4.5616392355698805,4.669394493103027,1168800
1992-08-26,4.70530891418457,4.70530891418457,4.597553748210878,4.633472136868775,1347000
1992-08-27,4.669394493103027,4.741231331458458,4.669394493103027,4.705312912280743,764400
1992-08-28,4.633471488952637,4.669389872587928,4.597553105317345,4.633471488952637,516800
1992-08-31,4.633471488952637,4.669389872587928,4.633471488952637,4.669389872587928,304000
1992-09-01,4.615300178527832,4.687414243817329,4.579243145883083,4.615300178527832,1067400
1992-09-02,4.543186187744141,4.61530025421627,4.507129154508076,4.579243220980205,1153600
1992-09-03,4.507129192352295,4.579243259429932,4.507129192352295,4.543186225891113,474800
1992-09-04,4.435014724731445,4.543185815578553,4.435014724731445,4.543185815578553,461600
1992-09-08,4.435014724731445,4.507128785296184,4.435014724731445,4.471071755013814,693800
1992-09-09,4.579244136810303,4.579244136810303,4.471073015468327,4.471073015468327,474200
1992-09-10,4.579244136810303,4.651358217704953,4.543187096362978,4.615301177257628,867200
1992-09-11,4.579244136810303,4.651358217704953,4.543187096362978,4.615301177257628,856600
1992-09-14,4.759528636932373,4.759528636932373,4.651357531547546,4.651357531547546,1092800
1992-09-15,4.651358127593994,4.723472207091576,4.651358127593994,4.651358127593994,1036400
1992-09-16,4.687416076660156,4.687416076660156,4.543187889685997,4.615301983173077,864000
1992-09-17,4.687416076660156,4.687416076660156,4.615301983173077,4.687416076660156,660000
1992-09-18,4.723470687866211,4.723470687866211,4.65135663156291,4.687413659714561,1351400
1992-09-21,4.687416076660156,4.7234731234036955,4.651359029916616,4.687416076660156,491200
1992-09-22,4.651358127593994,4.723472207091576,4.651358127593994,4.687415167342785,1030000
1992-09-23,4.579244136810303,4.651358217704953,4.507130055915652,4.615301177257628,714800
1992-09-24,4.687416076660156,4.7234731234036955,4.579244936429538,4.579244936429538,639400
1992-09-25,4.687416076660156,4.687416076660156,4.615301983173077,4.687416076660156,438800
1992-09-28,4.723470687866211,4.723470687866211,4.65135663156291,4.65135663156291,217600
1992-09-29,4.651358127593994,4.723472207091576,4.651358127593994,4.723472207091576,313000
1992-09-30,4.615300178527832,4.687414243817329,4.579243145883083,4.687414243817329,675200
1992-10-01,4.543186187744141,4.61530025421627,4.4710721212720115,4.579243220980205,727800
1992-10-02,4.543186187744141,4.61530025421627,4.4710721212720115,4.543186187744141,376000
1992-10-05,4.507129192352295,4.543186225891113,4.2907869911193846,4.507129192352295,815800
1992-10-06,4.471074104309082,4.507131153537381,4.326845907395886,4.471074104309082,600800
1992-10-07,4.579244136810303,4.615301177257628,4.471073015468327,4.507130055915652,491400
1992-10-08,4.615300178527832,4.651357211172581,4.579243145883083,4.579243145883083,327400
1992-10-09,4.3989577293396,4.579242882181386,4.3989577293396,4.579242882181386,628200
1992-10-12,4.362900257110596,4.4710713378654034,4.326843230192326,4.4350143109471345,629600
1992-10-13,4.435014724731445,4.471071755013814,4.362900664166706,4.362900664166706,1432200
1992-10-14,4.435014724731445,4.507128785296184,4.362900664166706,4.398957694449075,941200
1992-10-15,4.362900257110596,4.4710713378654034,4.362900257110596,4.398957284028865,944000
1992-10-16,4.3989577293396,4.3989577293396,4.362900698771242,4.362900698771242,404800
1992-10-19,4.543186187744141,4.543186187744141,4.398958054799882,4.398958054799882,336200
1992-10-20,4.543186187744141,4.651357287452335,4.507129154508076,4.579243220980205,1016800
1992-10-21,4.543186187744141,4.543186187744141,4.507129154508076,4.543186187744141,297000
1992-10-22,4.471074104309082,4.579245251993979,4.398960005852484,4.54318820276568,648800
1992-10-23,4.471074104309082,4.471074104309082,4.398960005852484,4.398960005852484,455400
1992-10-26,4.507129192352295,4.543186225891113,4.4710721588134765,4.4710721588134765,757600
1992-10-27,4.579244136810303,4.615301177257628,4.507130055915652,4.543187096362978,611600
1992-10-28,4.615300178527832,4.615300178527832,4.543186113238335,4.579243145883083,1490800
1992-10-29,4.507129192352295,4.579243259429932,4.507129192352295,4.579243259429932,442000
1992-10-30,4.543186187744141,4.579243220980205,4.507129154508076,4.543186187744141,786200
1992-11-02,4.579244136810303,4.615301177257628,4.543187096362978,4.579244136810303,529000
1992-11-03,4.579244136810303,4.651358217704953,4.579244136810303,4.579244136810303,1005000
1992-11-04,4.579244136810303,4.579244136810303,4.543187096362978,4.579244136810303,338000
1992-11-05,4.651358127593994,4.651358127593994,4.543187008347623,4.543187008347623,1018800
1992-11-06,4.687416076660156,4.759530170147236,4.579244936429538,4.579244936429538,1850000
1992-11-09,4.759528636932373,4.8676997423172,4.651357531547546,4.651357531547546,1272200
1992-11-10,4.8316426277160645,4.939813731321648,4.759528558645675,4.759528558645675,2574600
1992-11-11,4.903756618499756,4.903756618499756,4.831642550580642,4.8676995845401985,974400
1992-11-12,4.795586109161377,4.867700185990871,4.75952907074663,4.867700185990871,1504400
1992-11-13,4.8316426277160645,4.8316426277160645,4.72347152411048,4.759528558645675,654600
1992-11-16,4.687416076660156,4.831644263634315,4.651359029916616,4.831644263634315,2219600
1992-11-17,4.651358127593994,4.723472207091576,4.615301087845204,4.687415167342785,2032000
1992-11-18,4.759528636932373,4.795585672060648,4.651357531547546,4.651357531547546,807200
1992-11-19,4.759528636932373,4.795585672060648,4.687414566675821,4.723471601804097,1040000
1992-11-20,4.759528636932373,4.795585672060648,4.687414566675821,4.795585672060648,1954000
1992-11-23,4.615300178527832,4.759528309106827,4.615300178527832,4.723471276462078,1565400
1992-11-24,4.687416076660156,4.759530170147236,4.651359029916616,4.651359029916616,470400
1992-11-25,4.795586109161377,4.831643147576124,4.723472032331882,4.75952907074663,1022000
1992-11-27,4.8316426277160645,4.8316426277160645,4.79558559318087,4.79558559318087,747800
1992-11-30,4.759528636932373,4.8676997423172,4.759528636932373,4.831642707188924,998000
1992-12-01,4.741287708282471,4.849866816105733,4.7050946723413825,4.777480744223558,2407000
1992-12-02,4.813675880432129,4.849868932164701,4.705096725234411,4.741289776966984,1942400
1992-12-03,4.777480602264404,4.886059706861323,4.777480602264404,4.8136736371300435,1448200
1992-12-04,4.849865436553955,4.88605846219988,4.813672410908031,4.849865436553955,1611400
1992-12-07,4.849865436553955,4.88605846219988,4.777479385262105,4.813672410908031,884800
1992-12-08,4.813675880432129,4.813675880432129,4.777482828699556,4.777482828699556,1178000
1992-12-09,4.777480602264404,4.8498666719956836,4.777480602264404,4.8136736371300435,815000
1992-12-10,4.8860602378845215,4.922253276683666,4.777481121487088,4.777481121487088,1170600
1992-12-11,4.813675880432129,4.849868932164701,4.777482828699556,4.813675880432129,461600
1992-12-14,4.705099105834961,4.849871386014498,4.705099105834961,4.8136783159696135,967400
1992-12-15,4.632708549499512,4.632708549499512,4.524129442870617,4.560322478413582,2203000
1992-12-16,4.705099105834961,4.7412921758798445,4.632712965745192,4.632712965745192,834600
1992-12-17,4.849865436553955,4.88605846219988,4.66890030832433,4.66890030832433,1126000
1992-12-18,4.813675880432129,4.849868932164701,4.741289776966984,4.849868932164701,1563200
1992-12-21,4.777480602264404,4.8498666719956836,4.777480602264404,4.8498666719956836,901000
1992-12-22,4.777480602264404,4.886059706861323,4.741287567398765,4.8136736371300435,1963800
1992-12-23,4.777480602264404,4.8498666719956836,4.777480602264404,4.8136736371300435,474600
1992-12-24,4.777480602264404,4.8136736371300435,4.741287567398765,4.777480602264404,447800
1992-12-28,4.705099105834961,4.7412921758798445,4.5965198957003075,4.705099105834961,1947200
1992-12-29,4.705099105834961,4.777485245924729,4.705099105834961,4.705099105834961,482400
1992-12-30,4.777480602264404,4.777480602264404,4.705094532533126,4.705094532533126,591000
1992-12-31,4.849865436553955,4.849865436553955,4.74128635961618,4.74128635961618,1022000
1993-01-04,4.741287708282471,4.849866816105733,4.741287708282471,4.813673780164645,1185200
1993-01-05,4.777480602264404,4.8498666719956836,4.705094532533126,4.741287567398765,878600
1993-01-06,4.8860602378845215,4.922253276683666,4.777481121487088,4.813674160286232,564400
1993-01-07,4.958441734313965,5.067020750393833,4.886055723594053,4.886055723594053,3073800
1993-01-08,4.8860602378845215,5.030832393081099,4.849867199085376,4.922253276683666,1084000
1993-01-11,4.994638442993164,4.994638442993164,4.813673282015151,4.849866314210754,1454400
1993-01-12,4.958441734313965,4.958441734313965,4.886055723594053,4.958441734313965,1041400
1993-01-13,4.922252655029297,4.99463872348561,4.922252655029297,4.958445689257454,905800
1993-01-14,4.958441734313965,4.994634739673921,4.922248728954009,4.922248728954009,704800
1993-01-15,4.849865436553955,4.95844451349173,4.813672410908031,4.95844451349173,1567000
1993-01-18,4.849865436553955,4.88605846219988,4.849865436553955,4.849865436553955,521600
1993-01-19,4.994638442993164,4.994638442993164,4.849866314210754,4.849866314210754,1416200
1993-01-20,4.994638442993164,5.030831475188767,4.849866314210754,4.922252378601959,1809200
1993-01-21,4.994638442993164,5.030831475188767,4.922252378601959,4.994638442993164,2216200
1993-01-22,4.849865436553955,4.994637539137655,4.849865436553955,4.95844451349173,2587600
1993-01-25,4.958441734313965,4.994634739673921,4.849862718234097,4.886055723594053,2629200
1993-01-26,4.958441734313965,5.067020750393833,4.922248728954009,4.994634739673921,1378800
1993-01-27,4.8860602378845215,4.95844631548281,4.813674160286232,4.922253276683666,3023400
1993-01-28,4.849865436553955,4.88605846219988,4.777479385262105,4.813672410908031,1312600
1993-01-29,4.813675880432129,4.886061983897274,4.741289776966984,4.849868932164701,1787800
1993-02-01,4.8860602378845215,4.8860602378845215,4.813674160286232,4.849867199085376,490600
1993-02-02,4.922252655029297,4.958445689257454,4.8498665865729835,4.886059620801141,1114600
1993-02-03,4.922252655029297,4.99463872348561,4.922252655029297,4.922252655029297,1257600
1993-02-04,4.958441734313965,4.994634739673921,4.886055723594053,4.958441734313965,1058600
1993-02-05,4.958441734313965,5.103213755753789,4.958441734313965,4.994634739673921,1071200
1993-02-08,5.139407634735107,5.1394076347351065,5.03082860019845,5.03082860019845,2291800
1993-02-09,5.067026138305664,5.1032191821507045,4.994640050615583,5.067026138305664,1717000
1993-02-10,5.175607204437256,5.211800261810943,5.067028032316195,5.067028032316195,1820200
1993-02-11,5.103217124938965,5.211796212703623,5.103217124938965,5.175603183448737,596200
1993-02-12,5.139407634735107,5.175600646247326,5.1394076347351065,5.1394076347351065,425200
1993-02-16,4.958441734313965,5.175599766473701,4.958441734313965,5.139406761113745,1180600
1993-02-17,4.8860602378845215,4.994639354281955,4.849867199085376,4.994639354281955,1200400
1993-02-18,4.777480602264404,5.0670248811895195,4.777480602264404,5.0670248811895195,2241800
1993-02-19,4.8860602378845215,4.95844631548281,4.813674160286232,4.849867199085376,732000
1993-02-22,4.849865436553955,4.95844451349173,4.849865436553955,4.95844451349173,697200
1993-02-23,4.849865436553955,4.922251487845806,4.849865436553955,4.849865436553955,556400
1993-02-24,4.849865436553955,4.922251487845806,4.813672410908031,4.849865436553955,1198800
1993-02-25,4.8860602378845215,4.8860602378845215,4.813674160286232,4.849867199085376,763600
1993-02-26,4.958441734313965,4.958441734313965,4.813669712874141,4.886055723594053,810000
1993-03-01,4.867489814758301,4.976463467327516,4.831165263901895,4.903814365614706,545200
1993-03-02,4.9401373863220215,4.9401373863220215,4.831163767506094,4.867488307111404,595600
1993-03-03,4.903814792633057,4.94013934665256,4.867490238613552,4.867490238613552,727000
1993-03-04,4.9401373863220215,4.9401373863220215,4.867488307111404,4.903812846716712,946400
1993-03-05,4.9401373863220215,5.012786465532639,4.903812846716712,4.9401373863220215,992200
1993-03-08,5.121760845184326,5.1944099351869415,4.9401381201777905,4.976462665179097,635600
1993-03-09,4.976459503173828,5.085433068936759,4.976459503173828,5.085433068936759,416600
1993-03-10,5.049112319946289,5.085436869010651,4.9401386727532035,4.976463221817565,644000
1993-03-11,5.012786388397217,5.049110927443573,5.012786388397217,5.049110927443573,411000
1993-03-12,4.9401373863220215,5.012786465532639,4.903812846716712,5.012786465532639,554000
1993-03-15,5.012786388397217,5.049110927443573,4.940137310304504,5.012786388397217,682600
1993-03-16,4.9401373863220215,5.012786465532639,4.9401373863220215,5.012786465532639,471800
1993-03-17,5.0854387283325195,5.121763290677753,4.940140478951591,4.976465041296823,860400
1993-03-18,5.049112319946289,5.121761418075012,5.0127877708819275,5.085436869010651,417200
1993-03-19,5.049112319946289,5.085436869010651,5.049112319946289,5.085436869010651,451400
1993-03-22,5.0854387283325195,5.0854387283325195,4.940140478951591,5.012789603642055,550800
1993-03-23,5.194413185119629,5.2307377528477375,5.085439481935301,5.085439481935301,717200
1993-03-24,5.121760845184326,5.230734480188248,5.085436300183019,5.230734480188248,740400
1993-03-25,5.121760845184326,5.1944099351869415,5.049111755181712,5.121760845184326,714200
1993-03-26,5.194413185119629,5.2307377528477375,5.12176404966341,5.1580886173915195,646200
1993-03-29,5.267058849334717,5.303383393123232,5.1944097617576865,5.1944097617576865,582000
1993-03-30,5.230733871459961,5.267058412233988,5.194409330685933,5.230733871459961,544600
1993-03-31,5.121760845184326,5.267059025189556,4.867489030175175,5.230734480188248,505400
1993-04-01,4.976459503173828,5.158082112778713,4.940134981252852,5.121757590857736,478600
1993-04-02,4.867489814758301,4.976463467327516,4.867489814758301,4.940138916471111,565600
1993-04-05,4.9401373863220215,4.97646192592733,4.867488307111404,4.867488307111404,528400
1993-04-06,4.8311662673950195,4.976464501000884,4.8311662673950195,4.940139942599418,713400
1993-04-07,4.867489814758301,4.940138916471111,4.867489814758301,4.903814365614706,615400
1993-04-08,4.867489814758301,4.940138916471111,4.867489814758301,4.940138916471111,455600
1993-04-12,5.0854387283325195,5.0854387283325195,4.903815916606359,4.940140478951591,433000
1993-04-13,5.121760845184326,5.121760845184326,4.976462665179097,5.121760845184326,365000
1993-04-14,5.049112319946289,5.194410516203736,5.049112319946289,5.049112319946289,320000
1993-04-15,5.121760845184326,5.1944099351869415,5.049111755181712,5.049111755181712,405400
1993-04-16,5.158083915710449,5.267057519563487,5.12175938109277,5.158083915710449,968000
1993-04-19,5.303382873535156,5.339707413764849,5.194409252846078,5.194409252846078,1175200
1993-04-20,5.194413185119629,5.267062320575847,5.1580886173915195,5.2307377528477375,538600
1993-04-21,5.194413185119629,5.267062320575847,5.1580886173915195,5.2307377528477375,376600
1993-04-22,5.230733871459961,5.412356575330098,5.194409330685933,5.194409330685933,1271600
1993-04-23,5.194413185119629,5.2307377528477375,5.12176404966341,5.1580886173915195,323800
1993-04-26,4.467918395996094,5.085435572678481,4.395269316386401,5.049111032873634,2802400
1993-04-27,4.28629732131958,4.4315955356016,4.140999107037561,4.4315955356016,3280600
1993-04-28,4.358944892883301,4.540567596753438,4.322620352109273,4.322620352109273,1824200
1993-04-29,4.395269393920898,4.467918474812153,4.358944853475271,4.431593934366526,1260000
1993-04-30,4.5405683517456055,4.613217445373535,4.4315947113037115,4.4315947113037115,948400
1993-05-03,4.5768938064575195,4.5768938064575195,4.467920144399007,4.5768938064575195,384000
1993-05-04,4.431593418121338,4.576891562977775,4.431593418121338,4.576891562977775,2682200
1993-05-05,4.431593418121338,4.504242490549556,4.431593418121338,4.431593418121338,532200
1993-05-06,4.395269393920898,4.467918474812153,4.358944853475271,4.395269393920898,692000
1993-05-07,4.358944892883301,4.467918515205383,4.358944892883301,4.395269433657328,1197000
1993-05-10,4.28629732131958,4.35894642846059,4.2499727677490755,4.322621874890085,781200
1993-05-11,4.28629732131958,4.322621874890085,4.2499727677490755,4.322621874890085,448600
1993-05-12,4.358944892883301,4.395269433657328,4.286295811335245,4.322620352109273,555600
1993-05-13,4.249973297119141,4.395271529499282,4.249973297119141,4.358946971404246,1181600
1993-05-14,4.177322864532471,4.286296504476796,4.177322864532471,4.213647411180579,648200
1993-05-17,4.177322864532471,4.249971957828688,4.1046737712362535,4.140998317884362,500800
1993-05-18,4.28629732131958,4.322621874890085,4.2499727677490755,4.28629732131958,1209200
1993-05-19,4.467918395996094,4.467918395996094,4.249971157167016,4.249971157167016,1440800
1993-05-20,4.467918395996094,4.576892015410633,4.431593856191247,4.431593856191247,836600
1993-05-21,4.5405683517456055,4.576892898559571,4.4315947113037115,4.5405683517456055,631400
1993-05-24,4.5405683517456055,4.576892898559571,4.4315947113037115,4.504243804931641,528400
1993-05-25,4.467918395996094,4.649541095020325,4.467918395996094,4.50424293580094,909000
1993-05-26,4.5768938064575195,4.613218360477023,4.395271036359999,4.504244698418511,617200
1993-05-27,4.649541854858398,4.649541854858398,4.540568217635155,4.613217309117317,623200
1993-05-28,4.5405683517456055,4.613217445373535,4.467919258117676,4.576892898559571,254400
1993-06-01,4.595128059387207,4.595128059387207,4.485720248449416,4.485720248449416,323800
1993-06-02,4.558656215667725,4.631594715118408,4.522186965942383,4.558656215667725,401400
1993-06-03,4.376311302185059,4.5951268672943115,4.339842041333516,4.5951268672943115,531400
1993-06-04,4.339840888977051,4.376310140144925,4.266902386641302,4.266902386641302,1171000
1993-06-07,4.303369998931885,4.376308473490052,4.230431524373717,4.339839236210969,499200
1993-06-08,4.266902923583984,4.339841435098241,4.230433667826857,4.303372179341113,615400
1993-06-09,4.339840888977051,4.4127793913127995,4.266902386641302,4.303371637809176,789200
1993-06-10,4.230434894561768,4.412781226223912,4.193965628229338,4.339842693559055,1046600
1993-06-11,4.266902923583984,4.339841435098241,4.230433667826857,4.230433667826857,441200
1993-06-14,4.303369998931885,4.376308473490052,4.266900761652801,4.266900761652801,548800
1993-06-15,4.412781238555908,4.412781238555908,4.303373439252869,4.303373439252869,494000
1993-06-16,4.449249744415283,4.485719004615409,4.339841963814908,4.376311224015033,1691800
1993-06-17,4.522186756134033,4.522186756134033,4.449248260067356,4.485717508100694,957600
1993-06-18,4.449249744415283,4.485719004615409,4.412780484215158,4.449249744415283,954400
1993-06-21,4.558656215667725,4.66806396484375,4.449248466491699,4.4857177162170405,1495000
1993-06-22,4.558656215667725,4.631594715118408,4.522186965942383,4.558656215667725,493200
1993-06-23,4.522186756134033,4.595125252200711,4.522186756134033,4.522186756134033,933400
1993-06-24,4.449249744415283,4.522188264815534,4.449249744415283,4.522188264815534,570000
1993-06-25,4.412781238555908,4.522189037858947,4.376311972121562,4.522189037858947,1148600
1993-06-28,4.485718727111816,4.485718727111816,4.3763109532798214,4.3763109532798214,806400
1993-06-29,4.449249744415283,4.485719004615409,4.412780484215158,4.449249744415283,1304800
1993-06-30,4.522186756134033,4.595125252200711,4.449248260067356,4.485717508100694,1685800
1993-07-01,4.595128059387207,4.668066600012401,4.522189518762014,4.6315973296998045,1349600
1993-07-02,4.595128059387207,4.6315973296998045,4.55865878907461,4.595128059387207,448800
1993-07-06,4.522186756134033,4.7045329963007285,4.522186756134033,4.63159450023405,1088000
1993-07-07,4.522186756134033,4.558656004167372,4.485717508100694,4.558656004167372,267000
1993-07-08,4.668063163757324,4.741001650691032,4.522186189889908,4.558655433356762,803400
1993-07-09,4.558656215667725,4.66806396484375,4.522186965942383,4.631594715118408,339000
1993-07-12,4.74100399017334,4.74100399017334,4.522188421396109,4.522188421396109,1114800
1993-07-13,4.631595134735107,4.741002893823338,4.595125881705697,4.668064387764518,1293200
1993-07-14,4.558656215667725,4.595125465393067,4.4857177162170405,4.595125465393067,1409600
1993-07-15,4.668063163757324,4.741001650691032,4.522186189889908,4.595124676823616,827200
1993-07-16,4.668063163757324,4.668063163757324,4.558655433356762,4.668063163757324,681200
1993-07-19,4.558656215667725,4.66806396484375,4.522186965942383,4.66806396484375,263000
1993-07-20,4.485718727111816,4.558657242999813,4.485718727111816,4.522187985055815,563400
1993-07-21,4.631595134735107,4.631595134735107,4.485718122617466,4.485718122617466,617400
1993-07-22,4.558656215667725,4.66806396484375,4.558656215667725,4.595125465393067,767800
1993-07-23,4.595128059387207,4.668066600012401,4.55865878907461,4.55865878907461,413800
1993-07-26,4.595128059387207,4.6315973296998045,4.522189518762014,4.55865878907461,1005200
1993-07-27,4.558656215667725,4.631594715118408,4.522186965942383,4.631594715118408,658800
1993-07-28,4.595128059387207,4.741005140637595,4.55865878907461,4.6315973296998045,1789200
1993-07-29,4.558656215667725,4.66806396484375,4.558656215667725,4.595125465393067,839800
1993-07-30,4.558656215667725,4.595125465393067,4.4857177162170405,4.558656215667725,1002000
1993-08-02,4.558656215667725,4.595125465393067,4.4857177162170405,4.522186965942383,504600
1993-08-03,4.522186756134033,4.595125252200711,4.485717508100694,4.522186756134033,1130000
1993-08-04,4.558656215667725,4.631594715118408,4.522186965942383,4.558656215667725,721200
1993-08-05,4.522186756134033,4.595125252200711,4.485717508100694,4.558656004167372,537400
1993-08-06,4.595128059387207,4.595128059387207,4.522189518762014,4.522189518762014,902200
1993-08-09,4.668063163757324,4.704532407224178,4.63159392029047,4.63159392029047,721000
1993-08-10,4.631595134735107,4.668064387764518,4.595125881705697,4.631595134735107,695000
1993-08-11,4.595128059387207,4.704535870324998,4.55865878907461,4.704535870324998,914000
1993-08-12,4.558656215667725,4.595125465393067,4.558656215667725,4.558656215667725,791000
1993-08-13,4.595128059387207,4.595128059387207,4.522189518762014,4.55865878907461,454000
1993-08-16,4.595128059387207,4.595128059387207,4.522189518762014,4.522189518762014,273600
1993-08-17,4.522186756134033,4.595125252200711,4.522186756134033,4.595125252200711,796000
1993-08-18,4.522186756134033,4.558656004167372,4.522186756134033,4.522186756134033,927200
1993-08-19,4.485718727111816,4.595126500943812,4.485718727111816,4.558657242999813,595600
1993-08-20,4.449249744415283,4.522188264815534,4.449249744415283,4.522188264815534,950400
1993-08-23,4.595128059387207,4.595128059387207,4.44925097813682,4.44925097813682,366200
1993-08-24,4.595128059387207,4.6315973296998045,4.485720248449416,4.55865878907461,922800
1993-08-25,4.558656215667725,4.66806396484375,4.522186965942383,4.595125465393067,674600
1993-08-26,4.485718727111816,4.558657242999813,4.485718727111816,4.558657242999813,517200
1993-08-27,4.522186756134033,4.522186756134033,4.485717508100694,4.485717508100694,421800
1993-08-30,4.485718727111816,4.522187985055815,4.449249469167818,4.522187985055815,486400
1993-08-31,4.485718727111816,4.522187985055815,4.449249469167818,4.485718727111816,345400
1993-09-01,4.412781238555908,4.522189037858947,4.339842705687215,4.449250504990255,544200
1993-09-02,4.540799617767334,4.577418969523522,4.467560914254958,4.467560914254958,381200
1993-09-03,4.650658130645752,4.650658130645752,4.540800064567506,4.540800064567506,672000
1993-09-07,4.614040851593018,4.687279595269097,4.614040851593018,4.650660223431058,350400
1993-09-08,4.504182815551758,4.6506603054884,4.394324698099276,4.6506603054884,978800
1993-09-09,4.540799617767334,4.540799617767334,4.467560914254958,4.467560914254958,364000
1993-09-10,4.504182815551758,4.577421560520079,4.504182815551758,4.504182815551758,473400
1993-09-13,4.614040851593018,4.614040851593018,4.504182736078898,4.540802107916938,894200
1993-09-14,4.467565059661865,4.614042602601598,4.467565059661865,4.577423216866665,528800
1993-09-15,4.540799617767334,4.577418969523522,4.467560914254958,4.504180266011145,568800
1993-09-16,4.614040851593018,4.614040851593018,4.504182736078898,4.540802107916938,602600
1993-09-17,4.614040851593018,4.614040851593018,4.540802107916938,4.540802107916938,840800
1993-09-20,4.577420234680176,4.650658958435058,4.577420234680176,4.6140395965576175,966200
1993-09-21,4.614040851593018,4.650660223431058,4.540802107916938,4.577421479754978,679400
1993-09-22,4.650658130645752,4.650658130645752,4.577419419926922,4.650658130645752,658800
1993-09-23,4.467565059661865,4.650661988336531,4.467565059661865,4.614042602601598,604200
1993-09-24,4.504182815551758,4.577421560520079,4.467563443067597,4.504182815551758,345600
1993-09-27,4.540799617767334,4.577418969523522,4.504180266011145,4.504180266011145,434000
1993-09-28,4.430942058563232,4.57741948198681,4.430942058563232,4.540800126130915,455200
1993-09-29,4.467565059661865,4.504184445396798,4.4309456739269315,4.4309456739269315,558600
1993-09-30,4.540799617767334,4.540799617767334,4.430941562498769,4.467560914254958,338400
1993-10-01,4.577420234680176,4.577420234680176,4.504181510925293,4.504181510925293,287000
1993-10-04,4.614040851593018,4.650660223431058,4.540802107916938,4.577421479754978,400600
1993-10-05,4.577420234680176,4.650658958435058,4.540800872802735,4.6140395965576175,284200
1993-10-06,4.577420234680176,4.650658958435058,4.577420234680176,4.577420234680176,333600
1993-10-07,4.577420234680176,4.6140395965576175,4.577420234680176,4.577420234680176,164000
1993-10-08,4.577420234680176,4.6140395965576175,4.577420234680176,4.577420234680176,325800
1993-10-11,4.650658130645752,4.687277486005168,4.614038775286337,4.650658130645752,1413200
1993-10-12,4.540799617767334,4.6872770247920865,4.540799617767334,4.650657673035898,516400
1993-10-13,4.540799617767334,4.61403832127971,4.540799617767334,4.540799617767334,275800
1993-10-14,4.430942058563232,4.614038837842704,4.430942058563232,4.540800126130915,437800
1993-10-15,4.504182815551758,4.540802188035919,4.467563443067597,4.504182815551758,501800
1993-10-18,4.540799617767334,4.540799617767334,4.467560914254958,4.504180266011145,641000
1993-10-19,4.394324779510498,4.50418289899826,4.321086033185323,4.50418289899826,1097400
1993-10-20,4.394324779510498,4.394324779510498,4.174608540534973,4.35770540634791,1060600
1993-10-21,4.504182815551758,4.760518422940883,4.3577053256151155,4.394324698099276,451200
1993-10-22,4.430942058563232,4.540800126130915,4.430942058563232,4.4675614144191265,380200
1993-10-25,4.540799617767334,4.540799617767334,4.430941562498769,4.430941562498769,478800
1993-10-26,4.614040851593018,4.650660223431058,4.467563364240858,4.540802107916938,833400
1993-10-27,4.650658130645752,4.723896841364583,4.614038775286337,4.614038775286337,1571000
1993-10-28,4.723898410797119,4.797137145848237,4.577420940694883,4.68727904327156,880800
1993-10-29,4.723898410797119,4.760517778322678,4.68727904327156,4.68727904327156,892000
1993-11-01,4.870378494262695,4.94361726861251,4.760520332737973,4.760520332737973,2378200
1993-11-02,4.9802350997924805,4.9802350997924805,4.9069963483249435,4.9069963483249435,1456600
1993-11-03,4.9802350997924805,5.016854475526248,4.9069963483249435,4.9069963483249435,1346400
1993-11-04,4.870378494262695,4.94361726861251,4.833759107087787,4.9069978814376025,332400
1993-11-05,4.79713773727417,4.8703764813546915,4.650660249113127,4.833757109314431,428200
1993-11-08,4.9069952964782715,4.9069952964782715,4.760517824941607,4.833756560709939,192200
1993-11-09,4.9069952964782715,4.980234032246604,4.870375928594106,4.870375928594106,777400
1993-11-10,4.79713773727417,4.943615225435213,4.79713773727417,4.906995853394952,436400
1993-11-11,4.943615436553955,4.943615436553955,4.7605185685334375,4.7971379421375415,524600
1993-11-12,4.9802350997924805,5.016854475526248,4.9069963483249435,4.9069963483249435,367200
1993-11-15,4.870378494262695,5.016856042962325,4.833759107087787,5.016856042962325,379600
1993-11-16,4.870378494262695,4.9069978814376025,4.833759107087787,4.870378494262695,309600
1993-11-17,4.760519981384277,4.906997519273024,4.760519981384277,4.906997519273024,421000
1993-11-18,4.870378494262695,4.870378494262695,4.760520332737973,4.760520332737973,392600
1993-11-19,4.833757400512695,4.870376774759003,4.797138026266387,4.870376774759003,427600
1993-11-22,4.650658130645752,4.833754907442829,4.614038775286337,4.833754907442829,784000
1993-11-23,4.614040851593018,4.650660223431058,4.577421479754978,4.650660223431058,1464400
1993-11-24,4.687278747558594,4.723898112773895,4.614040017127991,4.650659382343292,504800
1993-11-26,4.723898410797119,4.760517778322678,4.723898410797119,4.760517778322678,98800
1993-11-29,4.760519981384277,4.870378134800837,4.72390059691209,4.760519981384277,284200
1993-11-30,4.723898410797119,4.797137145848237,4.723898410797119,4.760517778322678,436000
1993-12-01,4.650658130645752,4.797135552083414,4.614038775286337,4.760516196723998,485200
1993-12-02,4.760519981384277,4.760519981384277,4.61404244349553,4.6872812124399035,507800
1993-12-03,4.9069952964782715,4.9069952964782715,4.687279089173274,4.687279089173274,546600
1993-12-06,4.961982250213623,4.99873767428928,4.851715977986654,4.888471402062311,601600
1993-12-07,4.888472557067871,4.961983422587689,4.851717124307963,4.92522798982778,327200
1993-12-08,4.888472557067871,4.92522798982778,4.778206258788145,4.851717124307963,446600
1993-12-09,4.704692840576172,4.851714491844177,4.6679374277591705,4.851714491844177,607200
1993-12-10,4.814960479736328,4.851715903245766,4.667938785698578,4.7782050562268905,589200
1993-12-13,4.961982250213623,4.961982250213623,4.778205129835341,4.778205129835341,615800
1993-12-14,4.8517165184021,4.888471946571812,4.814961090232386,4.888471946571812,474800
1993-12-15,4.704692840576172,4.851714491844177,4.704692840576172,4.814959079027176,1046200
1993-12-16,4.961982250213623,4.961982250213623,4.778205129835341,4.778205129835341,679400
1993-12-17,4.925225734710693,4.961981150641369,4.8884703187800165,4.961981150641369,521200
1993-12-20,4.778205871582031,4.8884721609262325,4.741450441800631,4.851716731144832,544000
1993-12-21,4.741449356079102,4.81496019880901,4.704693934714148,4.778204777444056,965800
1993-12-22,4.704692840576172,4.741448253393173,4.6679374277591705,4.741448253393173,509200
1993-12-23,4.741449356079102,4.778204777444056,4.704693934714148,4.741449356079102,368600
1993-12-27,4.778205871582031,4.814961301363431,4.741450441800631,4.741450441800631,292400
1993-12-28,4.814960479736328,4.851715903245766,4.7782050562268905,4.7782050562268905,303400
1993-12-29,4.888472557067871,4.961983422587689,4.851717124307963,4.851717124307963,1024000
1993-12-30,4.925225734710693,4.961981150641369,4.85171490284934,4.8884703187800165,540600
1993-12-31,4.888472557067871,4.92522798982778,4.888472557067871,4.888472557067871,463600
1994-01-03,4.8517165184021,4.888471946571812,4.814961090232386,4.8517165184021,1213000
1994-01-04,4.8517165184021,4.961982802911238,4.8517165184021,4.888471946571812,667400
1994-01-05,4.814960479736328,4.851715903245766,4.7782050562268905,4.814960479736328,732000
1994-01-06,4.8517165184021,4.8517165184021,4.814961090232386,4.8517165184021,412000
1994-01-07,4.961982250213623,5.035493098364936,4.888471402062311,4.925226826137967,1643200
1994-01-10,4.961982250213623,4.99873767428928,4.925226826137967,4.961982250213623,568600
1994-01-11,5.035488128662109,5.035488128662109,4.961977353061203,4.961977353061203,1292400
1994-01-12,5.072247505187988,5.10900292189225,4.925225838370945,4.961981255075206,632200
1994-01-13,4.9987382888793945,5.035493717474097,4.961982860284693,4.9987382888793945,821600
1994-01-14,5.145761013031006,5.18251644883837,4.998739269801548,5.0354947056089125,1422400
1994-01-17,5.035488128662109,5.182509679863922,4.851711189659842,5.145754292063469,1139000
1994-01-18,4.9987382888793945,5.035493717474097,4.961982860284693,4.9987382888793945,777200
1994-01-19,5.072247505187988,5.072247505187988,4.998736671779467,5.0354920884837275,712800
1994-01-20,5.182511806488037,5.256022612253825,5.10900100072225,5.1457564036051435,1045800
1994-01-21,5.256025314331055,5.256025314331055,5.109003627216899,5.145759048995438,1098800
1994-01-24,5.256025314331055,5.292780736109593,5.1825144707739765,5.256025314331055,1404600
1994-01-25,5.256025314331055,5.366291579666671,5.219269892552515,5.219269892552515,1027400
1994-01-26,5.660336494445801,5.697091926227917,5.2927821766246455,5.2927821766246455,3588200
1994-01-27,5.6235785484313965,5.770600209828296,5.586823133082172,5.733844794479071,1690000
1994-01-28,5.586822986602783,5.660333815373872,5.586822986602783,5.586822986602783,712600
1994-01-31,5.550068378448486,5.623579217898135,5.439802119274013,5.623579217898135,1151600
1994-02-01,5.586822986602783,5.697089229759417,5.439801329060605,5.439801329060605,1309800
1994-02-02,5.586822986602783,5.733844644144962,5.586822986602783,5.660333815373872,1178800
1994-02-03,5.660336494445801,5.660336494445802,5.476559335535224,5.58682563088157,778600
1994-02-04,5.586822986602783,5.660333815373872,5.5133121578316935,5.586822986602783,642200
1994-02-07,5.660336494445801,5.660336494445802,5.329537608406761,5.439803903753107,1152400
1994-02-08,5.550068378448486,5.623579217898135,5.476557538998837,5.58682379817331,759600
1994-02-09,5.586822986602783,5.697089229759417,5.476556743446149,5.5133121578316935,796400
1994-02-10,5.439799785614014,5.623576805398271,5.3295335737434595,5.586821401441419,787600
1994-02-11,5.292779445648193,5.513311922550201,5.219268620014191,5.403045684099197,598200
1994-02-14,5.329535007476807,5.366290421321475,5.256024179787472,5.292779593632139,528200
1994-02-15,5.550068378448486,5.550068378448486,5.32953586009954,5.403046699549189,711800
1994-02-16,5.513311386108398,5.623577613830566,5.476555976867675,5.5133113861083975,574000
1994-02-17,5.476558208465576,5.586824481119245,5.439802784247686,5.586824481119245,414800
1994-02-18,5.403045177459717,5.51331140557114,5.329534358718768,5.476555996200665,312000
1994-02-22,5.329535007476807,5.476556662855478,5.3295350074768075,5.476556662855478,725000
1994-02-23,5.439799785614014,5.476555189570865,5.366288977700311,5.403044381657162,388800
1994-02-24,5.329535007476807,5.43980124901081,5.292779593632139,5.43980124901081,532200
1994-02-25,5.403045177459717,5.4398005868301915,5.25602353997782,5.292778949348294,600200
1994-02-28,5.513311386108398,5.550066795349121,5.40304515838623,5.40304515838623,585000
1994-03-01,5.3863983154296875,5.497077732870024,5.349505176282909,5.497077732870024,265200
1994-03-02,5.497079849243164,5.497079849243164,5.312614082490038,5.386400389191288,572000
1994-03-03,5.46018648147583,5.533972785279557,5.4232933295739665,5.497079633377694,324400
1994-03-04,5.570865631103516,5.607758780978374,5.460186181478942,5.497079331353801,858000
1994-03-07,5.533970832824707,5.644650249481201,5.533970832824707,5.570863971710206,722800
1994-03-08,5.497079849243164,5.570866155944414,5.4601866958925385,5.570866155944414,687800
1994-03-09,5.681547164916992,5.755333491734096,5.497081347874233,5.497081347874233,1851200
1994-03-10,5.570865631103516,5.681545080728089,5.533972481228658,5.681545080728089,643000
1994-03-11,5.644648551940918,5.644648551940918,5.533969168569528,5.533969168569528,898200
1994-03-14,5.644648551940918,5.644648551940918,5.570862296359992,5.607755424150455,452600
1994-03-15,5.644648551940918,5.681541679731382,5.607755424150455,5.607755424150455,555400
1994-03-16,5.570865631103516,5.681545080728089,5.570865631103516,5.607758780978374,343200
1994-03-17,5.644648551940918,5.644648551940918,5.423289785198137,5.570862296359992,378800
1994-03-18,5.570865631103516,5.607758780978374,5.533972481228658,5.607758780978374,694000
1994-03-21,5.42329216003418,5.5339715918716115,5.386399016088369,5.460185303979991,968200
1994-03-22,5.533970832824707,5.533970832824707,5.386398277282715,5.4232914161682135,882000
1994-03-23,5.607758522033691,5.68154481837624,5.497079077519869,5.497079077519869,1331200
1994-03-24,5.533970832824707,5.607757110595704,5.533970832824707,5.570863971710206,668200
1994-03-25,5.607758522033691,5.644651670204966,5.533972225691143,5.533972225691143,755800
1994-03-28,5.570865631103516,5.6446519308532315,5.533972481228658,5.607758780978374,1566000
1994-03-29,5.312616348266602,5.570868531862894,5.312616348266602,5.570868531862894,1531400
1994-03-30,5.349505424499512,5.460184847075364,5.23882600192366,5.312612283640894,1589800
1994-03-31,5.128149509429932,5.349508481060001,4.869897375861518,5.312615319121656,1561000
1994-04-04,5.128149509429932,5.165042671368276,4.833004213923173,4.906790537799862,920800
1994-04-05,5.312616348266602,5.386402686436971,5.165043671925862,5.2757231791814165,1442800
1994-04-06,5.3863983154296875,5.533970872016803,5.386398315429688,5.460184593723246,596400
1994-04-07,5.3863983154296875,5.460184593723246,5.349505176282909,5.386398315429688,631000
1994-04-08,5.3863983154296875,5.497077732870024,5.349505176282909,5.386398315429688,640400
1994-04-11,5.312616348266602,5.46018902460734,5.312616348266602,5.386402686436971,715200
1994-04-12,5.349505424499512,5.423291706216746,5.312612283640894,5.312612283640894,315400
1994-04-13,5.497079849243164,5.497079849243164,5.275720929139412,5.3495072358406635,803600
1994-04-14,5.312616348266602,5.46018902460734,5.312616348266602,5.46018902460734,310000
1994-04-15,5.349505424499512,5.386398565358129,5.275719142782277,5.275719142782277,498000
1994-04-18,5.312616348266602,5.423295855522156,5.2388300100962315,5.423295855522156,292000
1994-04-19,5.275722980499268,5.386402483586665,5.238829812803469,5.238829812803469,949800
1994-04-20,5.091253757476807,5.386398902837781,5.054360614306685,5.312612616497537,1123600
1994-04-21,5.091253757476807,5.165040043817051,5.017467471136563,5.091253757476807,1767800
1994-04-22,5.165041923522949,5.275721393312726,5.091255610329764,5.165041923522949,635600
1994-04-25,5.275722980499268,5.312616148195067,5.091257142020273,5.128150309716071,743000
1994-04-26,5.42329216003418,5.4970784479258015,5.275719584250937,5.275719584250937,981600
1994-04-28,5.570865631103516,5.607758780978374,5.423293031604085,5.423293031604085,1308600
1994-04-29,5.644648551940918,5.718434807521845,5.570862296359992,5.607755424150455,1754600
1994-05-02,5.792222023010254,5.866008290819302,5.607756353487634,5.644649487392158,2728800
1994-05-03,5.792222023010254,5.829115156914778,5.718435755201206,5.75532888910573,1792600
1994-05-04,5.755331516265869,5.755331516265869,5.681545214775281,5.755331516265869,1104000
1994-05-05,5.607758522033691,5.755331114718789,5.570865373862417,5.755331114718789,725800
1994-05-06,5.607758522033691,5.607758522033691,5.497079077519869,5.570865373862417,891200
1994-05-09,5.46018648147583,5.6077590890832845,5.4232933295739665,5.497079633377694,768800
1994-05-10,5.533970832824707,5.570863971710206,5.460184555053711,5.533970832824707,584400
1994-05-11,5.570865631103516,5.6446519308532315,5.533972481228658,5.533972481228658,709000
1994-05-12,5.570865631103516,5.681545080728089,5.533972481228658,5.6446519308532315,1025400
1994-05-13,5.533970832824707,5.607757110595704,5.497077693939209,5.607757110595704,1264200
1994-05-16,5.533970832824707,5.644650249481201,5.533970832824707,5.570863971710206,2640000
1994-05-17,5.533970832824707,5.644650249481201,5.533970832824707,5.570863971710206,2230400
1994-05-18,5.644648551940918,5.644648551940918,5.533969168569528,5.570862296359992,1183400
1994-05-19,5.8660101890563965,5.976689626585762,5.829117043213275,5.829117043213275,3126000
1994-05-20,5.939797401428223,5.939797401428223,5.86601109830489,5.902904249866556,2172000
1994-05-23,5.9029035568237305,5.9397967040538795,5.866010409593582,5.9029035568237305,1563400
1994-05-24,5.939797401428223,6.0135837045515546,5.86601109830489,5.902904249866556,860000
1994-05-25,6.013582706451416,6.013582706451416,5.939796415574712,5.939796415574712,613200
1994-05-26,6.05047607421875,6.124262367806784,5.976689780630717,6.013582927424734,717400
1994-05-27,5.9029035568237305,6.050476145744324,5.9029035568237305,6.013582998514176,828600
1994-05-31,6.013582706451416,6.08736899732812,5.866010124698007,5.866010124698007,610200
1994-06-01,6.1083550453186035,6.145375378926595,5.9232533772786455,5.9972940444946286,665800
1994-06-02,6.071334362030029,6.108354693505822,5.997293699078443,6.108354693505822,1027000
1994-06-03,6.071334362030029,6.145375024981615,6.034314030554236,6.034314030554236,309000
1994-06-06,6.071334362030029,6.145375024981615,5.997293699078443,6.108354693505822,657200
1994-06-07,6.0343146324157715,6.1083553027521615,5.997294297247577,6.071334967583967,911400
1994-06-08,5.9972968101501465,6.034317160830086,5.923256108790268,6.034317160830086,523000
1994-06-09,5.960273742675781,5.997294076481221,5.923253408870341,5.960273742675781,853800
1994-06-10,5.960273742675781,6.03431441028666,5.960273742675781,5.997294076481221,318400
1994-06-13,6.1083550453186035,6.145375378926595,5.9602737108866375,5.9602737108866375,543000
1994-06-14,6.145373344421387,6.256434308477195,6.145373344421387,6.145373344421387,1327200
1994-06-15,6.1083550453186035,6.1823957125345865,6.071334711710612,6.1823957125345865,507000
1994-06-16,6.1083550453186035,6.1823957125345865,6.071334711710612,6.1083550453186035,353200
1994-06-17,6.145373344421387,6.219413987125259,6.071332701717515,6.219413987125259,1341800
1994-06-20,5.960273742675781,5.997294076481221,5.849212741259462,5.997294076481221,977800
1994-06-21,5.775173664093018,5.960275384096,5.7751736640930185,5.960275384096,672400
1994-06-22,5.738150596618652,5.849211575908046,5.738150596618652,5.812191249478248,602800
1994-06-23,5.738150596618652,5.886231902337844,5.738150596618652,5.77517092304845,1329200
1994-06-24,5.553049564361572,5.7751715469360345,5.516029233932494,5.7751715469360345,593400
1994-06-27,5.664111137390137,5.701131471621445,5.516029800464905,5.553050134696213,1625600
1994-06-28,5.812191486358643,5.812191486358643,5.664110174604282,5.664110174604282,539000
1994-06-29,5.849213123321533,5.886233459545087,5.775172450874425,5.775172450874425,281800
1994-06-30,5.775173664093018,5.886234696094807,5.7381533200924215,5.886234696094807,590400
1994-07-01,5.849213123321533,5.849213123321533,5.775172450874425,5.849213123321533,322200
1994-07-05,5.886232376098633,5.960273034917484,5.849212046689208,5.886232376098633,198000
1994-07-06,5.886232376098633,5.997293364326909,5.849212046689208,5.849212046689208,448600
1994-07-07,5.775173664093018,5.923255040095404,5.7751736640930185,5.923255040095404,250800
1994-07-08,5.9972968101501465,5.9972968101501465,5.775174706070511,5.775174706070511,215800
1994-07-11,5.886232376098633,5.997293364326909,5.812191717279783,5.997293364326909,586600
1994-07-12,5.738150596618652,5.886231902337844,5.738150596618652,5.886231902337844,183600
1994-07-13,5.701133728027344,5.812194774677227,5.701133728027344,5.775174425793932,474000
1994-07-14,5.923254489898682,5.923254489898682,5.701132446527481,5.775173127651215,452200
1994-07-15,5.923254489898682,5.960274830460548,5.886234149336815,5.923254489898682,493000
1994-07-18,6.071334362030029,6.071334362030029,5.886232704651065,5.9602733676026505,417000
1994-07-19,6.441539764404297,6.478560107877885,6.330478733983534,6.4045194209307095,2489000
1994-07-20,6.219418048858643,6.4415401220321655,6.182397703329722,6.4415401220321655,1146800
1994-07-21,6.145373344421387,6.219413987125259,6.071332701717515,6.182393665773323,522200
1994-07-22,6.256439208984375,6.367500260031435,6.145378157937316,6.182398508286336,1173000
1994-07-25,6.256439208984375,6.256439208984376,6.182398508286336,6.219418858635356,228400
1994-07-26,6.367497444152832,6.367497444152831,6.2194161082423,6.2194161082423,936400
1994-07-27,6.4045209884643555,6.404520988464356,6.293459930860928,6.330480283395404,676200
1994-07-28,6.51558256149292,6.51558256149292,6.404521495103836,6.404521495103836,679200
1994-07-29,6.663660526275635,6.774721535046895,6.4785588449902,6.515579181247287,1359200
1994-08-01,6.737704277038574,6.996846749232365,6.626643217526949,6.663663570697491,1360200
1994-08-02,6.51558256149292,6.737704694271088,6.51558256149292,6.70068433880806,1106600
1994-08-03,6.663660526275635,6.663660526275635,6.404518172476027,6.552599517504374,657800
1994-08-04,6.4045209884643555,6.626643103671213,6.404520988464356,6.589622751136736,1029200
1994-08-05,6.367497444152832,6.404517778130464,6.330477110175199,6.367497444152831,320800
1994-08-08,6.478560447692871,6.47856044769287,6.293458720615932,6.3304790660313195,583000
1994-08-09,6.441539764404297,6.5155804513514735,6.4045194209307095,6.478560107877885,709600
1994-08-10,6.552603244781494,6.589623602096644,6.478562530151195,6.478562530151195,862200
1994-08-11,6.552603244781494,6.663664316726944,6.552603244781495,6.552603244781495,806400
1994-08-12,6.478560447692871,6.589621483939034,6.441540102277482,6.552601138523646,376000
1994-08-15,6.330476760864258,6.441537756668893,6.293456428929379,6.404517424734015,277000
1994-08-16,6.4045209884643555,6.404520988464356,6.330480283395404,6.36750063592988,1035600
1994-08-17,6.367497444152832,6.441538112108097,6.330477110175199,6.404517778130464,1372200
1994-08-18,6.330476760864258,6.367497092799137,6.2564360969945,6.330476760864258,1464000
1994-08-19,6.330476760864258,6.367497092799137,6.330476760864258,6.367497092799137,192800
1994-08-22,6.552603244781494,6.589623602096644,6.367501458205746,6.367501458205746,1418000
1994-08-23,6.663660526275635,6.811741871303982,6.515579181247287,6.515579181247287,1938800
1994-08-24,6.589616775512695,6.700677732403359,6.441535499658477,6.663657413439805,1142200
1994-08-25,6.589616775512695,6.62663709447625,6.515576137585587,6.589616775512695,1123600
1994-08-26,6.663660526275635,6.700680862532722,6.589619853761461,6.589619853761461,1227400
1994-08-29,6.737704277038574,6.811744983379657,6.663663570697491,6.663663570697491,962000
1994-08-30,6.700679302215576,6.774719957488676,6.626638646942476,6.737699629852126,571800
1994-08-31,6.737704277038574,6.88578568972074,6.663663570697491,6.663663570697491,1269400
1994-09-01,6.721360683441162,6.758495272852439,6.647091504618608,6.684226094029885,566600
1994-09-02,6.647091388702393,6.7213605662297935,6.647091388702393,6.7213605662297935,811400
1994-09-06,6.46142053604126,6.609958939168645,6.387151334477567,6.609958939168645,1011600
1994-09-07,6.46142053604126,6.46142053604126,6.387151334477567,6.46142053604126,505200
1994-09-08,6.498555660247803,6.609959471566337,6.4242864527021135,6.461421056474959,1045600
1994-09-09,6.424286365509033,6.461420968777872,6.387151762240195,6.424286365509033,273200
1994-09-12,6.46142053604126,6.46142053604126,6.275747532132028,6.350016733695721,289600
1994-09-13,6.424286365509033,6.5356901753155485,6.424286365509033,6.424286365509033,1899400
1994-09-14,6.647091388702393,6.647091388702393,6.46141844488389,6.46141844488389,900600
1994-09-15,6.907033920288086,6.944168511257376,6.64709178350305,6.64709178350305,1600600
1994-09-16,6.795632362365723,6.907036171584833,6.758497759292687,6.907036171584833,1312800
1994-09-19,6.907033920288086,7.018437693195958,6.832764738349503,6.832764738349503,1080400
1994-09-20,6.758500099182129,6.869903946970846,6.684230867322984,6.832769331041273,605200
1994-09-21,6.869899749755859,6.9441689362397065,6.721361376788165,6.758495970030089,1018200
1994-09-22,6.68422794342041,6.869900941848754,6.684227943420409,6.832766342163086,350200
1994-09-23,6.721360683441162,6.721360683441162,6.609956915207331,6.721360683441162,310800
1994-09-26,6.721360683441162,6.795629862263716,6.684226094029885,6.684226094029885,259800
1994-09-27,6.758500099182129,6.869903946970846,6.609961635463841,6.684230867322984,1129600
1994-09-28,7.018437385559082,7.129841153583829,6.795629849509588,6.795629849509588,2003200
1994-09-29,7.129837989807129,7.166972562670708,7.0184342712163925,7.0184342712163925,1638800
1994-09-30,7.241245269775391,7.315514452029498,7.129841496394231,7.129841496394231,2884000
1994-10-03,7.2041120529174805,7.241246651128395,7.05557366007382,7.241246651128395,933600
1994-10-04,6.869899749755859,7.278380275417018,6.869899749755859,7.204111088933171,2274800
1994-10-05,6.758500099182129,6.869903946970846,6.498557787675124,6.869903946970846,3499400
1994-10-06,6.609954357147217,6.758492657307829,6.572819782107064,6.758492657307829,897800
1994-10-07,6.68422794342041,6.832766342163086,6.647093343734741,6.647093343734741,768600
1994-10-10,6.832765102386475,6.90703428828198,6.647092137647712,6.721361323543217,705600
1994-10-11,6.944170951843262,7.1298439719460225,6.8327671397816045,6.869901743802157,895000
1994-10-12,7.018437385559082,7.129841153583829,6.944168206875918,6.981302796217499,430600
1994-10-13,7.092708110809326,7.1669773056869115,7.055573513370534,7.092708110809326,592800
1994-10-14,6.981307506561279,7.055576735354485,6.869903663371472,7.055576735354485,595000
1994-10-17,7.0555739402771,7.092708539962768,6.944170141220092,7.0184393405914305,609400
1994-10-18,6.907033920288086,7.018437693195958,6.907033920288085,7.018437693195958,725600
1994-10-19,7.018437385559082,7.055571974900665,6.795629849509588,6.907033617534335,945800
1994-10-20,6.944170951843262,7.055574763904918,6.907036347822709,7.018440159884366,819600
1994-10-21,6.981307506561279,6.98130750656128,6.907038277768075,6.98130750656128,1061000
1994-10-24,6.758500099182129,6.981307794759561,6.758500099182129,6.981307794759561,782000
1994-10-25,6.647091388702393,6.7584951549934935,6.572822211174992,6.7584951549934935,1718000
1994-10-26,6.795632362365723,6.981305377730907,6.758497759292687,6.8327669654387595,1396000
1994-10-27,6.795632362365723,6.8327669654387595,6.758497759292687,6.7956323623657235,386600
1994-10-28,6.869899749755859,6.869899749755859,6.795630563272012,6.795630563272012,655800
1994-10-31,6.869899749755859,6.981303529481631,6.832765156513936,6.9441689362397065,1123800
1994-11-01,6.647091388702393,6.832764332520895,6.609956799938692,6.832764332520895,1386400
1994-11-02,6.758500099182129,6.832769331041273,6.535692403604696,6.609961635463841,1244000
1994-11-03,6.869899749755859,6.907034342997783,6.795630563272012,6.795630563272012,710200
1994-11-04,6.869899749755859,6.9441689362397065,6.832765156513936,6.869899749755859,447400
1994-11-07,6.795632362365723,6.907036171584833,6.72136315621965,6.7956323623657235,225600
1994-11-08,6.758500099182129,6.832769331041273,6.721365483252557,6.832769331041273,414400
1994-11-09,6.609954357147217,6.832761807388135,6.535685207066911,6.832761807388135,863800
1994-11-10,6.350015163421631,6.647091896213286,6.312880571822674,6.609957304614329,759600
1994-11-11,6.127206802368164,6.387148909135298,6.015803042325106,6.31287973577326,1899800
1994-11-14,6.238614559173584,6.238614559173584,5.792999233518328,6.12721072775977,4177400
1994-11-15,6.127206802368164,6.238610562411221,6.090072215687145,6.238610562411221,929000
1994-11-16,6.350015163421631,6.350015163421631,6.127207613827889,6.127207613827889,1014400
1994-11-17,6.201478958129883,6.275748167209283,6.164344353590183,6.238613562669583,613400
1994-11-18,6.0529398918151855,6.238612894631602,6.015805291251902,6.238612894631602,639000
1994-11-21,6.164340019226074,6.2386091760842195,6.127205440797002,6.164340019226074,434800
1994-11-22,5.9786696434021,6.16434261369409,5.9786696434021,6.090073425577294,734200
1994-11-23,6.0529398918151855,6.0529398918151855,5.941536090125336,5.941536090125336,485400
1994-11-25,5.941534519195557,6.127207472920419,5.941534519195557,6.052938291430474,151200
1994-11-28,5.867265701293945,5.978669480432438,5.792996515201617,5.941534887386274,703000
1994-11-29,5.792997360229492,5.867266557155512,5.718728163303473,5.792997360229492,1126600
1994-11-30,6.015806198120117,6.015806198120117,5.7929985611527055,5.8301331673139405,1184800
1994-12-01,5.924880027770996,6.036670216974223,5.850353234968845,5.962143424172072,483800
1994-12-02,6.0366740226745605,6.036674022674561,5.924883762995402,5.924883762995402,476000
1994-12-05,6.073933124542236,6.185723304748535,6.036669731140137,6.073933124542236,403600
1994-12-06,6.0366740226745605,6.073937442567614,5.999410602781508,6.073937442567614,879400
1994-12-07,6.0366740226745605,6.073937442567614,5.962147182888455,5.962147182888455,456200
1994-12-08,5.887616157531738,6.185723304748535,5.813089370727539,6.111196517944336,581200
1994-12-09,5.7758259773254395,5.850352764129639,5.589509010314941,5.850352764129639,1531200
1994-12-12,5.701298713684082,5.813088884540632,5.626771933113048,5.738562103969599,1045600
1994-12-13,5.701298713684082,5.775825494255115,5.626771933113048,5.664035323398565,1154600
1994-12-14,5.9994096755981445,6.036673089732294,5.738565776659095,5.738565776659095,764800
1994-12-15,5.9994096755981445,6.111199918000594,5.9994096755981445,6.036673089732294,642600
1994-12-16,5.9994096755981445,6.111199918000594,5.9994096755981445,6.111199918000594,765000
1994-12-19,5.924880027770996,5.999406820573147,5.81308983856777,5.962143424172072,372600
1994-12-20,6.1484599113464355,6.185723304748535,5.887616157531738,5.887616157531738,819000
1994-12-21,5.9994096755981445,6.297516988671344,5.9994096755981445,6.222990160403044,437400
1994-12-22,6.073933124542236,6.111196517944336,5.999406337738037,5.999406337738037,416000
1994-12-23,6.1484599113464355,6.260250091552734,6.111196517944336,6.111196517944336,270800
1994-12-27,6.222988605499268,6.260252010322617,6.111198391029221,6.111198391029221,302600
1994-12-28,6.073933124542236,6.185723304748535,5.999406337738037,6.185723304748535,412200
1994-12-29,6.111198425292969,6.1484618303252425,5.962144805163872,5.962144805163872,480800
1994-12-30,6.111198425292969,6.1484618303252425,6.036671615228419,6.111198425292968,556600
1995-01-03,6.0366740226745605,6.111200862460667,5.924883762995402,6.073937442567614,500800
1995-01-04,5.9994096755981445,6.073936503866444,5.924882847329844,6.036673089732294,292200
1995-01-05,6.1484599113464355,6.1484599113464355,5.9621429443359375,5.999406337738037,507600
1995-01-06,6.260254859924316,6.29751828170958,6.111201172783262,6.111201172783262,1409600
1995-01-09,6.40930700302124,6.483833828637766,6.2602533517881875,6.2602533517881875,484200
1995-01-10,6.185723304748535,6.483830451965332,6.185723304748535,6.409303665161133,522600
1995-01-11,6.1484599113464355,6.260250091552734,6.036669731140137,6.260250091552734,358000
1995-01-12,6.111198425292969,6.185725235357516,6.073935020260694,6.073935020260694,280600
1995-01-13,6.1484599113464355,6.1484599113464355,6.036669731140137,6.111196517944336,685200
1995-01-16,6.222988605499268,6.297515415145965,6.14846179585257,6.14846179585257,648600
1995-01-17,6.334779262542725,6.334779262542724,6.222989040262559,6.260252447689281,484600
1995-01-18,6.297519683837891,6.372046544001653,6.260256253756009,6.297519683837891,297600
1995-01-19,6.297519683837891,6.409309974083533,6.1484659635103664,6.334783113919771,1184000
1995-01-20,6.334779262542725,6.372042669969446,6.222989040262559,6.372042669969446,767600
1995-01-23,6.185723304748535,6.297513484954834,6.1484599113464355,6.222986698150635,565600
1995-01-24,6.111198425292969,6.260252045422065,6.036671615228419,6.185725235357516,469000
1995-01-25,6.0366740226745605,6.14846428235372,5.887620343102349,6.14846428235372,544600
1995-01-26,6.073933124542236,6.073933124542236,5.999406337738037,5.999406337738037,522800
1995-01-27,6.0366740226745605,6.260254542032878,6.036674022674561,6.14846428235372,814400
1995-01-30,5.924880027770996,6.148460406177449,5.924880027770996,6.036670216974223,754000
1995-01-31,5.9994096755981445,5.9994096755981445,5.887619433195694,5.924882847329844,1006400
1995-02-01,5.9994096755981445,6.073936503866444,5.962146261463994,5.9994096755981445,500400
1995-02-02,5.9994096755981445,6.111199918000594,5.9994096755981445,6.073936503866444,472600
1995-02-03,6.073933124542236,6.1484599113464355,6.036669731140137,6.073933124542236,310600
1995-02-06,6.0366740226745605,6.185727702246773,6.036674022674561,6.073937442567614,445600
1995-02-07,6.297519683837891,6.297519683837891,6.111202533428486,6.1484659635103664,1055600
1995-02-08,6.372044563293457,6.446571400291042,6.297517726295872,6.372044563293457,970000
1995-02-09,6.222988605499268,6.334778819969315,6.222988605499268,6.297515415145965,609400
1995-02-10,6.1484599113464355,6.297513484954834,6.111196517944336,6.297513484954834,1825200
1995-02-13,6.260254859924316,6.29751828170958,6.185728016353789,6.185728016353789,839400
1995-02-14,6.372044563293457,6.409307981792249,6.260254307797081,6.297517726295872,674400
1995-02-15,6.483835220336914,6.521098641143449,6.3347815371107785,6.372044957917312,1103600
1995-02-16,6.372044563293457,6.483834818789833,6.297517726295872,6.483834818789833,842400
1995-02-17,6.372044563293457,6.59562507428621,6.334781144794665,6.409307981792249,921600
1995-02-21,6.5210981369018555,6.558361554827009,6.372044465201242,6.372044465201242,514200
1995-02-22,6.632883548736572,6.670146939459811,6.483829985843616,6.558356767290094,642200
1995-02-23,6.632883548736572,6.670146939459811,6.521093376566855,6.632883548736572,387800
1995-02-24,6.55836296081543,6.670153238556601,6.4838361089879815,6.670153238556601,369000
1995-02-27,6.595625877380371,6.632889300416418,6.521099031308276,6.558362454344324,554200
1995-02-28,6.74467658996582,6.744676589965821,6.595622963668234,6.63288637024263,561400
1995-03-01,6.955587863922119,6.99298349759912,6.693818428183115,6.693818428183115,2099600
1995-03-02,6.693821907043457,6.88080017260333,6.693821907043457,6.88080017260333,1336800
1995-03-03,6.6190266609191895,6.731213553477142,6.581631030066539,6.693817922624492,794000
1995-03-06,6.432046890258789,6.5816293760787605,6.394651268803796,6.5816293760787605,1009800
1995-03-07,6.394652366638184,6.506839250263415,6.357256738763106,6.43204799451326,1029800
1995-03-08,6.058094024658203,6.1328853089132425,5.945907098275644,6.095489666785723,3155600
1995-03-09,5.945906162261963,6.1702799797058105,5.945906162261963,6.058093070983887,1778800
1995-03-10,6.020699501037598,6.020699501037598,5.908512553813295,5.945908202888062,2720800
1995-03-13,5.945906162261963,6.020697434743245,5.908510526021321,5.983301798502604,1250000
1995-03-14,6.245068550109863,6.245068550109864,5.983299209686097,5.983299209686097,1471800
1995-03-15,6.357259273529053,6.3946549163145185,6.282467987958123,6.357259273529054,1103200
1995-03-16,6.319864749908447,6.35726039931619,6.282469100500705,6.35726039931619,693600
1995-03-17,6.432046890258789,6.4694425117137815,6.282464404438817,6.31986002589381,1302800
1995-03-20,6.544236183166504,6.544236183166504,6.3946536418369835,6.3946536418369835,926400
1995-03-21,6.656423091888428,6.693818727236116,6.544236185845365,6.581631821193053,1148200
1995-03-22,6.6190266609191895,6.768609184329793,6.581631030066539,6.6564222917718405,1509000
1995-03-23,6.656423091888428,6.71251654490996,6.581631821193053,6.656423091888428,882200
1995-03-24,6.6190266609191895,6.6564222917718405,6.581631030066539,6.6190266609191895,873600
1995-03-27,6.768612861633301,6.8060085128025465,6.656425908125567,6.693821559294812,1197200
1995-03-28,6.731215953826904,6.806007242202759,6.693820309638977,6.806007242202759,807200
1995-03-29,6.768612861633301,6.824706338387169,6.693821559294812,6.731217210464057,2113200
1995-03-30,6.880800724029541,6.880800724029541,6.69382244348526,6.843405067920685,1255400
1995-03-31,6.955587863922119,7.030379131276121,6.806005329214116,6.880796596568118,943800
1995-04-03,6.731215953826904,6.9555898189544685,6.731215953826905,6.8807985305786135,1029000
1995-04-04,6.955587863922119,6.99298349759912,6.7686096955371156,6.7686096955371156,798200
1995-04-05,7.030381202697754,7.030381202697754,6.8807986239169505,6.918194268612152,795400
1995-04-06,6.955587863922119,7.067774764953121,6.955587863922119,6.99298349759912,855000
1995-04-07,6.91819429397583,6.992985583640433,6.880798649143528,6.9555899388081315,529000
1995-04-10,6.843400955200195,6.955587856105116,6.843400955200195,6.880796588835169,280000
1995-04-11,6.843400955200195,6.918192222470143,6.843400955200195,6.880796588835169,323800
1995-04-12,6.843400955200195,6.918192222470143,6.806005321565221,6.880796588835169,409800
1995-04-13,6.880800724029541,6.955592036247253,6.843405067920685,6.880800724029541,1035400
1995-04-17,6.91819429397583,6.9555899388081315,6.843403004311226,6.918194293975829,819000
1995-04-18,6.843400955200195,6.918192222470143,6.7686096879302475,6.880796588835169,859800
1995-04-19,6.880800724029541,6.955592036247253,6.806009411811829,6.880800724029541,1089200
1995-04-20,7.1425652503967285,7.179960879979957,6.880795843314126,6.880795843314126,1349600
1995-04-21,6.992983818054199,7.254753265788848,6.955588182663535,7.217357630398184,777400
1995-04-24,7.179964542388916,7.179964542388916,6.955590650439262,6.992986299097538,1007200
1995-04-25,7.254754543304443,7.292150185280239,7.142567617377055,7.179963259352851,748600
1995-04-26,7.329545021057129,7.366940658919665,7.254753745332056,7.254753745332056,715200
1995-04-27,7.105170726776123,7.254753268392463,7.105170726776123,7.254753268392463,679600
1995-04-28,7.105170726776123,7.105170726776123,6.918192549755699,7.067775091372038,811000
1995-05-01,7.067772388458252,7.105168009561205,6.955585525149391,7.067772388458252,390800
1995-05-02,7.030381202697754,7.067776847392955,6.955589913307352,7.030381202697754,584800
1995-05-03,6.992983818054199,7.030379453444863,6.91819254727287,7.030379453444863,536800
1995-05-04,7.1425652503967285,7.217356509563186,7.030378361647042,7.030378361647042,768200
1995-05-05,6.992983818054199,7.217357630398184,6.992983818054198,7.1799619950075195,481400
1995-05-08,6.955587863922119,6.99298349759912,6.843400962891117,6.918192230245118,671400
1995-05-09,6.992983818054199,6.992983818054198,6.955588182663535,6.992983818054198,474600
1995-05-10,6.91819429397583,7.030381228472735,6.880798649143528,6.9555899388081315,560200
1995-05-11,7.254754543304443,7.2547545433044425,7.0303806914496665,7.067776333425463,1070000
1995-05-12,7.329545021057129,7.329545021057129,7.142566831744447,7.179962469606983,538400
1995-05-15,7.292147636413574,7.366938894222944,7.2547520075088885,7.292147636413574,306800
1995-05-16,7.479127407073975,7.4791274070739755,7.292149221897126,7.292149221897126,677800
1995-05-17,7.3669352531433105,7.479122084409452,7.329539642721263,7.441726473987405,1005800
1995-05-18,7.3669352531433105,7.404330863565358,7.217352811455122,7.329539642721263,965600
1995-05-19,7.292147636413574,7.366938894222944,7.2547520075088885,7.292147636413574,477400
1995-05-22,7.3669352531433105,7.404330863565358,7.254748421877169,7.254748421877169,246600
1995-05-23,7.479127407073975,7.628709955215455,7.3669404959678655,7.3669404959678655,639000
1995-05-24,7.479127407073975,7.591314318180085,7.142566673755646,7.553918681144715,499600
1995-05-25,7.329545021057129,7.479127572507275,7.329545021057129,7.404336296782201,597200
1995-05-26,7.329545021057129,7.404336296782201,7.329545021057129,7.329545021057129,425000
1995-05-30,7.3669352531433105,7.441726473987405,7.329539642721263,7.329539642721263,292400
1995-05-31,7.441728115081787,7.441728115081787,7.366936877744282,7.404332496413034,341200
1995-06-01,7.315673828125,7.390706380208333,7.278157552083333,7.390706380208333,599800
1995-06-02,6.978028297424316,7.240642265606952,6.865479453917472,7.240642265606952,1851000
1995-06-05,7.16561222076416,7.2406448094632605,7.053063337715508,7.090579632065059,644400
1995-06-06,7.203128337860107,7.278160924712817,7.165612044433753,7.203128337860107,461800
1995-06-07,7.203128337860107,7.240644631286463,7.128095751007399,7.165612044433753,425400
1995-06-08,7.128096103668213,7.203128694233142,7.128096103668213,7.165612398950677,234000
1995-06-09,7.015547752380371,7.165612944944657,6.9780314542393,7.165612944944657,365800
1995-06-12,7.015547752380371,7.128096646803586,6.9780314542393,6.9780314542393,691000
1995-06-13,6.86548376083374,7.015548979649778,6.715418542017702,7.015548979649778,3403800
1995-06-14,6.677899360656738,6.8279645148288,6.565350495027692,6.8279645148288,3416200
1995-06-15,6.715419292449951,6.752935601346319,6.602870365760846,6.677902983553583,1883000
1995-06-16,6.86548376083374,6.90300006553775,6.715418542017702,6.752934846721712,2695800
1995-06-19,7.090576648712158,7.128092927276772,6.7904464201952415,6.7904464201952415,681200
1995-06-20,7.315673828125,7.390706380208333,7.128092447916666,7.128092447916666,1338400
1995-06-21,7.3531928062438965,7.428225385899446,7.278160226588346,7.3531928062438965,685800
1995-06-22,7.315673828125,7.428222656249999,7.203125,7.390706380208333,1285200
1995-06-23,7.278159141540527,7.315675425775272,7.240642857305782,7.240642857305782,676400
1995-06-26,7.278159141540527,7.278159141540527,7.203126573071037,7.278159141540527,789800
1995-06-27,7.3531928062438965,7.428225385899446,7.240643936760572,7.278160226588346,799600
1995-06-28,7.540775299072266,7.5782915940925255,7.390710118991225,7.390710118991225,1607400
1995-06-29,7.390707969665527,7.503256821995459,7.35319168555555,7.465740537885481,592000
1995-06-30,7.4657368659973145,7.503253131655592,7.390704334680758,7.428220600339036,495800
1995-07-03,7.4657368659973145,7.503253131655592,7.428220600339036,7.4657368659973145,159200
1995-07-05,7.653324604034424,7.653324604034424,7.465743118641424,7.465743118641424,701600
1995-07-06,7.8033905029296875,7.8784231039193955,7.615809000455416,7.615809000455416,1319200
1995-07-07,8.06600284576416,8.10351913807004,7.7283562150112415,7.7283562150112415,1903000
1995-07-10,8.328615188598633,8.591229181031922,8.028484911532015,8.028484911532015,1985600
1995-07-11,7.87841796875,8.216064453125,7.840901692708333,8.216064453125,577000
1995-07-12,8.145724296569824,8.253583048039971,7.915936468801972,7.915936468801972,1004200
1995-07-13,8.253585815429688,8.328618413751776,8.141036917946556,8.216069516268643,731000
1995-07-14,8.366135597229004,8.44116820348218,8.216070384722654,8.216070384722654,750600
1995-07-17,8.06600284576416,8.32861689190532,8.028486553458281,8.291100599599439,710200
1995-07-18,8.328615188598633,8.328615188598633,8.103517480798669,8.103517480798669,615000
1995-07-19,7.915937423706055,8.25358404367456,7.80338855038322,8.25358404367456,1386200
1995-07-20,7.990973472595215,8.02848977997829,7.84090824306291,7.915940857829062,819800
1995-07-21,8.141039848327637,8.216072473657844,8.028490910332323,8.066007222997428,552000
1995-07-24,8.253585815429688,8.328618413751776,8.103520618785511,8.103520618785511,797400
1995-07-25,8.516200065612793,8.516200065612793,8.178553366976162,8.178553366976162,1081000
1995-07-26,8.29110050201416,8.5912308369287,8.253584210149842,8.44116566947143,995400
1995-07-27,8.441167831420898,8.553716735839844,8.25358632405599,8.25358632405599,609400
1995-07-28,8.628746032714844,8.666262319813605,8.403648310122282,8.403648310122282,740000
1995-07-31,8.40364933013916,8.591230788401194,8.291100455181939,8.553714496748787,763400
1995-08-01,8.516200065612793,8.628748965158335,8.291102266521705,8.32861856637022,689200
1995-08-02,8.366135597229004,8.70378232536829,8.328619294102417,8.478684506608767,792600
1995-08-03,8.141039848327637,8.291105098988053,8.103523535662532,8.291105098988053,410400
1995-08-04,8.141039848327637,8.178556160992741,8.028490910332323,8.066007222997428,570600
1995-08-07,8.103521347045898,8.253586557176378,8.066005044513279,8.253586557176378,626200
1995-08-08,7.990973472595215,8.103522394744443,7.953457165212138,8.103522394744443,639600
1995-08-09,7.840904235839844,8.066001965098403,7.840904235839844,8.028485676888643,1139800
1995-08-10,7.87841796875,7.953450520833333,7.803385416666666,7.878417968749999,1048000
1995-08-11,7.953454971313477,7.9534549713134775,7.878422377244482,7.878422377244482,973400
1995-08-14,7.915937423706055,7.9909700059212785,7.878421132598444,7.878421132598444,439000
1995-08-15,7.87841796875,7.990966796874999,7.803385416666666,7.915934244791666,653800
1995-08-16,7.953454971313477,7.9534549713134775,7.803389783175487,7.840906080209985,421400
1995-08-17,8.141039848327637,8.178556160992741,7.91594197233701,7.91594197233701,560000
1995-08-18,8.141039848327637,8.178556160992741,8.066007222997428,8.178556160992741,328200
1995-08-21,8.366135597229004,8.366135597229004,8.103521475342893,8.103521475342893,437800
1995-08-22,8.29110050201416,8.328616793878478,8.216067918285525,8.328616793878478,523600
1995-08-23,8.253585815429688,8.328618413751776,8.1785532171076,8.328618413751776,458800
1995-08-24,8.216065406799316,8.253581687195659,8.178549126402972,8.216065406799316,690200
1995-08-25,8.178553581237793,8.253586182900525,8.141037280406426,8.178553581237793,617200
1995-08-28,8.103521347045898,8.253586557176378,8.066005044513279,8.216070254643759,781200
1995-08-29,7.87841796875,8.065999348958332,7.840901692708333,8.028483072916666,492000
1995-08-30,7.765875339508057,7.878424257471942,7.728359033520095,7.878424257471942,871200
1995-08-31,7.8033905029296875,7.8409068034245415,7.65332530095027,7.765874202434833,1009800
1995-09-01,7.728353500366211,7.840902337750186,7.69083722123822,7.765869779494203,543200
1995-09-05,7.990973472595215,7.990973472595215,7.65332670614753,7.65332670614753,461600
1995-09-06,7.977421283721924,8.127938666433657,7.93979193804399,7.93979193804399,303400
1995-09-07,7.977421283721924,8.090309320755724,7.93979193804399,8.05267997507779,286600
1995-09-08,7.939793586730957,8.09031100069742,7.864534879747725,8.01505229371419,476000
1995-09-11,7.977421283721924,8.015050629399857,7.902162592366056,7.93979193804399,625200
1995-09-12,8.240827560424805,8.240827560424805,8.015051462878919,8.015051462878919,373600
1995-09-13,8.01504898071289,8.541859711839558,8.01504898071289,8.240825008338605,954800
1995-09-14,8.353718757629395,8.353718757629395,8.05268384744455,8.05268384744455,513400
1995-09-15,8.504234313964844,8.654751735450947,8.466604958593317,8.654751735450947,1094200
1995-09-18,8.541868209838867,8.579497585212607,8.504238834465127,8.504238834465127,482800
1995-09-19,8.353718757629395,8.579494940268026,8.353718757629395,8.504236212721816,377600
1995-09-20,8.466605186462402,8.50423454284668,8.391346473693847,8.428975830078125,359600
1995-09-21,8.316089630126953,8.579495184022377,8.27846026528475,8.579495184022377,1045400
1995-09-22,8.203201293945312,8.353718748880087,8.165571930211618,8.353718748880087,748800
1995-09-25,8.353718757629395,8.3913481214025,8.165571938763867,8.240830666310078,550400
1995-09-26,8.203201293945312,8.504236203814864,8.165571930211618,8.46660684008117,409400
1995-09-27,8.127943992614746,8.203202733287105,8.090314622278566,8.127943992614746,456600
1995-09-28,8.05268383026123,8.165571921339659,8.05268383026123,8.09031319395404,388600
1995-09-29,8.05268383026123,8.09031319395404,7.977425102875611,8.09031319395404,347600
1995-10-02,7.864538669586182,7.977426784460624,7.826909297961367,7.977426784460624,491800
1995-10-03,7.56350564956665,7.864540700295672,7.525876268225523,7.864540700295672,890200
1995-10-04,7.337722301483154,7.56349837229802,7.18720492093991,7.56349837229802,1917400
1995-10-05,7.638759136199951,7.714017846901429,7.412983004095519,7.412983004095519,1473600
1995-10-06,7.939793586730957,8.052681647205805,7.676388112289646,7.676388112289646,1051600
1995-10-09,7.826903343200684,7.939791372189155,7.826903343200684,7.902162029192998,547600
1995-10-10,7.7140212059021,7.751650577638207,7.6387624624298835,7.751650577638207,374000
1995-10-11,7.864538669586182,7.864538669586182,7.714021183086924,7.714021183086924,292000
1995-10-12,7.902166843414307,7.902166843414307,7.826908111572266,7.826908111572266,341000
1995-10-13,7.902166843414307,7.977425575256348,7.864537477493286,7.864537477493286,616600
1995-10-16,8.01504898071289,8.090307656588129,7.638755601336698,7.902160966900032,821800
1995-10-17,7.977421283721924,8.278456049145392,7.977421283721923,8.278456049145392,521200
1995-10-18,8.165574073791504,8.165574073791504,8.015056579343733,8.052685952955677,683600
1995-10-19,7.977421283721924,8.278456049145392,7.977421283721923,8.278456049145392,2996200
1995-10-20,8.090312004089355,8.127941362247912,7.90216521329658,8.015053287772245,955200
1995-10-23,8.090312004089355,8.127941362247912,8.052682645930801,8.090312004089355,644200
1995-10-24,7.977421283721924,8.127938666433657,7.902162592366056,8.127938666433657,338200
1995-10-25,8.090312004089355,8.127941362247912,7.97742392961369,7.97742392961369,1166800
1995-10-26,7.902166843414307,8.12794303894043,7.864537477493286,8.052684307098389,1189800
1995-10-27,8.090312004089355,8.090312004089355,7.6763890643452495,7.8645358551380244,1048600
1995-10-30,7.939793586730957,8.391345828630348,7.864534879747725,8.278457768155501,2279400
1995-10-31,8.127943992614746,8.203202733287105,8.015055881606207,8.015055881606207,2953200
1995-11-01,8.466605186462402,8.541863899230957,8.127940979003906,8.165570335388184,1472800
1995-11-02,8.7676420211792,8.7676420211792,8.504236466894845,8.504236466894845,1556800
1995-11-03,8.692383766174316,8.730013133127452,8.579495665314909,8.730013133127452,1532800
1995-11-06,8.654752731323242,8.767640810427459,8.579494011920431,8.617123371621837,1616200
1995-11-07,8.880533218383789,8.918162596427788,8.654756950119795,8.654756950119795,847400
1995-11-08,8.805269241333008,8.880527952797392,8.69238117413643,8.880527952797392,1008400
1995-11-09,8.7676420211792,8.805271386076964,8.61712456158814,8.805271386076964,948200
1995-11-10,8.918158531188965,8.918158531188965,8.579494283169131,8.579494283169131,695400
1995-11-13,8.993416786193848,9.106304863007995,8.880528709379698,8.880528709379698,1481800
1995-11-14,9.031045913696289,9.031045913696289,8.918157839775086,8.993416555722556,843200
1995-11-15,9.031045913696289,9.031045913696289,8.88052848180135,8.993416555722556,656200
1995-11-16,8.880533218383789,9.068680108603784,8.880533218383789,8.993421352515787,877000
1995-11-17,8.7676420211792,8.955788845668025,8.61712456158814,8.918159480770258,1423000
1995-11-20,8.617125511169434,8.767642987347067,8.579496142125025,8.730013618302658,1338800
1995-11-21,8.692383766174316,8.692383766174316,8.541866298361773,8.579495665314909,633800
1995-11-22,8.918158531188965,8.918158531188965,8.617123644060223,8.617123644060223,754200
1995-11-24,8.7676420211792,8.918159480770258,8.730012656281435,8.880530115872494,337000
1995-11-27,8.805269241333008,8.805269241333008,8.730010529868622,8.730010529868622,755200
1995-11-28,8.993416786193848,8.993416786193848,8.76764063256555,8.842899350441648,814000
1995-11-29,8.918158531188965,9.068675974753337,8.880529170297873,9.031046613862243,1178400
1995-11-30,8.7676420211792,8.880530115872494,8.7676420211792,8.880530115872494,358400
1995-12-01,8.654752731323242,8.730011450726053,8.617123371621837,8.730011450726053,292200
1995-12-04,8.73001480102539,8.76764417516774,8.617126678598337,8.654756052740689,791200
1995-12-05,8.754164695739746,8.791898164255866,8.716431227223627,8.791898164255866,931000
1995-12-06,8.942827224731445,9.056027569348299,8.791893431908974,8.829626880114592,1298800
1995-12-07,8.942827224731445,9.01829412114268,8.905093776525828,8.905093776525828,904600
1995-12-08,8.980565071105957,9.018298537791276,8.942831604420638,8.980565071105957,604800
1995-12-11,9.093765258789062,9.093765258789062,8.942831395572647,8.98056486137675,522200
1995-12-12,9.056028366088867,9.093761817614238,9.056028366088867,9.056028366088867,890400
1995-12-13,9.244699478149414,9.32016641266492,9.05603214186065,9.05603214186065,811000
1995-12-14,9.546566009521484,9.659766396986166,9.320165234592121,9.320165234592121,1920600
1995-12-15,9.546566009521484,9.62203293449794,9.508832547033258,9.546566009521484,1320000
1995-12-18,9.320159912109375,9.471093675868232,9.244693030229948,9.471093675868232,602200
1995-12-19,9.433359146118164,9.622026329040526,9.2446919631958,9.2446919631958,1714400
1995-12-20,9.584295272827148,9.584295272827148,9.471094934959112,9.546561826871137,1355800
1995-12-21,9.433359146118164,9.584292892456054,9.395625709533691,9.54655945587158,1194600
1995-12-22,9.622030258178711,9.622030258178711,9.395629546221565,9.395629546221565,648000
1995-12-26,9.8861665725708,9.961633492972103,9.810699652169497,9.8861665725708,732400
1995-12-27,10.074831008911133,10.11256445838271,9.886163761553247,9.886163761553247,1533800
1995-12-28,10.225765228271484,10.301232130325149,9.999364522110492,10.074831424164156,1907400
1995-12-29,10.150299072265625,10.263499433666357,10.112565618465382,10.225765979866113,642800
1996-01-02,10.03709888458252,10.03709888458252,9.810698157862614,9.88616506676925,773800
1996-01-03,10.225765228271484,10.263498679298316,9.810697266976332,9.96163107108366,1691400
1996-01-04,9.99936580657959,10.188033085949018,9.92389889483182,10.188033085949018,836400
1996-01-05,9.848433494567871,9.961633879562903,9.697499647907827,9.923900417897894,1732200
1996-01-08,9.810696601867676,9.88616349880512,9.735229704930232,9.810696601867676,238600
1996-01-09,9.810696601867676,9.961630395742562,9.772963153398953,9.92389694727384,955000
1996-01-10,9.584295272827148,9.7352290566512,9.508828380915125,9.659762164739174,796400
1996-01-11,9.735233306884766,9.810700231744336,9.50883253230605,9.50883253230605,712400
1996-01-12,10.414432525634766,10.414432525634766,9.697496953217879,9.697496953217879,960400
1996-01-15,10.263505935668945,10.5276402796016,10.225772457964279,10.263505935668945,809600
1996-01-16,10.150299072265625,10.18803252606587,9.886164895663917,10.150299072265625,1372800
1996-01-17,10.03709888458252,10.188032702395791,9.810698157862614,10.150299247942472,1221200
1996-01-18,9.961631774902344,10.30123285813765,9.848431413823906,10.11256558967359,1497600
1996-01-19,10.03709888458252,10.074832339035838,9.961631975675884,9.961631975675884,1908000
1996-01-22,10.33896541595459,10.33896541595459,10.074831262992246,10.112564713415438,1792000
1996-01-23,10.30123519897461,10.376702123509222,10.188034812172692,10.30123519897461,712400
1996-01-24,10.565366744995117,10.565366744995117,10.112565313066755,10.263499123709542,2084800
1996-01-25,10.527628898620605,10.716296083183698,10.489895461707986,10.565362335533223,1968200
1996-01-26,10.565366744995117,10.603100197655813,10.489899839673724,10.489899839673724,1052400
1996-01-29,10.37669563293457,10.565362826260653,10.301228755604138,10.565362826260653,1080400
1996-01-30,10.263505935668945,10.5276402796016,10.150305502554948,10.414439846487605,2038600
1996-01-31,10.263505935668945,10.414439846487605,10.150305502554948,10.225772457964279,1711600
1996-02-01,10.791766166687012,10.791766166687012,10.225764444657973,10.225764444657973,2113800
1996-02-02,10.603100776672363,10.829501504999886,10.603100776672363,10.67856768611487,1104600
1996-02-05,10.67856216430664,10.716295599516204,10.452161553049255,10.527628423468384,848400
1996-02-06,11.01816463470459,11.0558980752344,10.791763991525729,10.867230872585349,1283800
1996-02-07,10.867227554321289,10.942694412337408,10.791760696305168,10.942694412337408,908000
1996-02-08,10.829492568969727,10.904959416140247,10.754025721799206,10.867225992554987,697400
1996-02-09,10.791766166687012,10.867233062957549,10.716299270416473,10.867233062957549,783600
1996-02-12,11.131368637084961,11.131368637084961,10.754034107014284,10.754034107014284,890400
1996-02-13,11.131368637084961,11.244568996106164,10.942701372049623,10.942701372049623,1499600
1996-02-14,11.16910457611084,11.244571498922399,11.13137111470506,11.13137111470506,575000
1996-02-15,11.282299041748047,11.50869969141523,11.09363183369206,11.131365275303256,1087800
1996-02-16,11.433242797851562,11.433242797851562,11.206841950369354,11.244575424949721,652400
1996-02-20,11.282299041748047,11.50869969141523,11.24456560013685,11.433232808192837,853200
1996-02-21,11.16910457611084,11.433238805951298,11.16910457611084,11.32003842173396,688200
1996-02-22,11.20683479309082,11.244568243572607,11.169101342609032,11.169101342609032,1026400
1996-02-23,10.904959678649902,11.16909365010509,10.71629255618191,11.131360225611491,723800
1996-02-26,10.716300010681152,10.90496726439033,10.527632756971977,10.867233813648493,1854800
1996-02-27,10.489896774291992,10.791764307365142,10.489896774291992,10.754030865730998,844800
1996-02-28,10.527628898620605,10.754029520096317,10.527628898620605,10.640829209358461,662000
1996-02-29,10.414432525634766,10.56536633035411,10.338965623275094,10.527632879174273,686600
1996-03-01,10.791766166687012,10.791766166687012,10.452165133469588,10.452165133469588,814400
1996-03-04,11.131368637084961,11.131368637084961,10.678567201000149,10.678567201000149,849800
1996-03-05,11.122288703918457,11.349274187671895,11.046626876000644,11.19795053183627,898800
1996-03-06,11.311441421508789,11.349272329273033,10.970963251630598,11.084455974923328,1088800
1996-03-07,11.160118103027344,11.273610829498809,11.04662537655588,11.273610829498809,461800
1996-03-08,10.74398136138916,11.00879780339523,10.554826759956251,10.895305042535485,540600
1996-03-11,10.933130264282227,10.933130264282227,10.47915945746082,10.554821258597721,610200
1996-03-12,11.197954177856445,11.235785104132988,10.819644915091025,10.857475841367567,582400
1996-03-13,11.349282264709473,11.424944146474203,11.084465678532919,11.235789442062378,395200
1996-03-14,11.803245544433594,11.87890737484663,11.462767307574932,11.462767307574932,988000
1996-03-15,11.727578163146973,11.841070855048395,11.61408547124555,11.765409060447446,1330200
1996-03-18,11.614093780517578,11.803248402350112,11.500601007418059,11.765417477983606,674400
1996-03-19,11.576264381408691,11.878911816216762,11.500602522706675,11.803249957514744,727400
1996-03-20,11.387105941772461,11.576260525522834,11.273613191522237,11.53842960877276,596800
1996-03-21,11.841076850891113,11.992400516717197,11.500598602782421,11.500598602782421,6521200
1996-03-22,11.878908157348633,11.954569992745759,11.68975356885582,11.954569992745759,1843800
1996-03-25,12.068060874938965,12.068060874938965,11.878906315770642,11.878906315770642,821800
1996-03-26,11.916743278503418,11.992405140589154,11.803250485374814,11.992405140589154,1097000
1996-03-27,11.954564094543457,12.030225892610186,11.91673319551009,11.91673319551009,556800
1996-03-28,11.878908157348633,11.954569992745759,11.803246321951509,11.878908157348633,518200
1996-03-29,12.068060874938965,12.105891786772629,11.878906315770642,11.95456813943797,1072400
1996-04-01,12.370706558227539,12.522030185851117,11.954566582262698,11.992397489168592,1383400
1996-04-02,12.295050621032715,12.408543395996093,12.295050621032715,12.408543395996093,966600
1996-04-03,12.40854549407959,12.40854549407959,12.295052699926423,12.295052699926423,635400
1996-04-04,12.559866905212402,12.559866905212402,12.446374131972531,12.446374131972531,913400
1996-04-08,12.332880973815918,12.408542820281045,12.181557280885661,12.408542820281045,2182200
1996-04-09,12.219386100769043,12.40854068437228,12.181555184048396,12.40854068437228,927000
1996-04-10,11.803245544433594,12.181554696498772,11.803245544433594,12.181554696498772,1445800
1996-04-11,11.727578163146973,11.841070855048395,11.651916368546024,11.803239957747921,1516000
1996-04-12,11.954564094543457,12.030225892610186,11.651916902276533,11.689747801309899,1097200
1996-04-15,12.068060874938965,12.105891786772629,11.916737227604306,11.916737227604306,1084800
1996-04-16,11.916743278503418,12.105897933717758,11.916743278503418,12.030236071632022,1143000
1996-04-17,11.576264381408691,11.765419028163736,11.424940664004657,11.727588098812728,1524800
1996-04-18,11.651925086975098,11.727586938189221,11.576263235760974,11.614094161368035,854000
1996-04-19,11.765414237976074,11.803245151924552,11.689752410079123,11.689752410079123,361600
1996-04-22,11.841076850891113,11.954569600260676,11.689753185065028,11.80324593443459,1087200
1996-04-23,11.841076850891113,11.954569600260676,11.80324593443459,11.878907767347634,310200
1996-04-24,12.105892181396484,12.295046746730804,11.916737616062164,12.030230355262757,887000
1996-04-25,12.105892181396484,12.143723094463349,12.06806126832962,12.06806126832962,360600
1996-04-26,12.143723487854004,12.143723487854004,12.030230744976862,12.105892573561622,455800
1996-04-29,11.878908157348633,12.105893663540009,11.84107723965007,12.105893663540009,587000
1996-04-30,11.689753532409668,11.841077202732123,11.5005989445066,11.841077202732123,700400
1996-05-01,11.727578163146973,11.765409060447446,11.61408547124555,11.651916368546024,504000
1996-05-02,11.689753532409668,11.954569955473964,11.61409169724844,11.651922614829054,628400
1996-05-03,11.765414237976074,11.954568807718456,11.727583324027599,11.765414237976074,455800
1996-05-06,11.878908157348633,11.99240091044432,11.68975356885582,11.954569992745759,416600
1996-05-07,11.727578163146973,11.954563546949817,11.61408547124555,11.841070855048395,596200
1996-05-08,11.50059700012207,11.538427911306682,11.16011879946056,11.50059700012207,1788800
1996-05-09,11.235783576965332,11.538430946041839,11.235783576965332,11.538430946041839,1024000
1996-05-10,11.160118103027344,11.349272647146453,10.895301741260594,11.273610829498809,1058200
1996-05-13,11.50059700012207,11.50059700012207,11.122287888275949,11.16011879946056,1252800
1996-05-14,11.576264381408691,11.689757169461718,11.500602522706675,11.65192624011071,714600
1996-05-15,11.727578163146973,11.916732649649344,11.538423676644602,11.576254573945077,815400
1996-05-16,11.651925086975098,11.68975601258216,11.500601384546849,11.68975601258216,590200
1996-05-17,11.689753532409668,11.80324628515151,11.689753532409668,11.80324628515151,797400
1996-05-20,11.841076850891113,11.878907767347634,11.727584101521549,11.76541501797807,759000
1996-05-21,11.878908157348633,12.068062745841445,11.803246321951509,11.878908157348633,724800
1996-05-22,11.878908157348633,11.916739075047195,11.803246321951509,11.84107723965007,968400
1996-05-23,11.841076850891113,12.10589326608676,11.841076850891112,11.878907767347634,484600
1996-05-24,12.068060874938965,12.105891786772629,11.878906315770642,11.916737227604306,471600
1996-05-28,11.992400169372559,12.143723830815745,11.878907423290167,12.068062000094152,417200
1996-05-29,12.105892181396484,12.25721583366394,12.06806126832962,12.105892181396484,754800
1996-05-30,12.181550979614258,12.219381883277656,12.10588917228746,12.10588917228746,342000
1996-05-31,12.295050621032715,12.332881546020507,12.10589599609375,12.219388771057128,659600
1996-06-03,12.068060874938965,12.332877257774616,11.95456813943797,12.332877257774616,372200
1996-06-04,12.030228614807129,12.143721337588328,11.841074076838463,12.143721337588328,809200
1996-06-05,12.210739135742188,12.248660685853189,12.059052935298185,12.134896035520185,525200
1996-06-06,12.17281723022461,12.248660328232239,12.17281723022461,12.248660328232239,289000
1996-06-07,12.096973419189453,12.17281651272669,11.86944413857774,11.983208778883595,1356200
1996-06-10,12.210739135742188,12.248660685853189,12.021131385187184,12.021131385187184,397000
1996-06-11,12.096973419189453,12.362424246569786,12.059051872420834,12.21073805949531,494400
1996-06-12,12.24866008758545,12.43826782887934,12.134895442809112,12.172816991067892,642400
1996-06-13,12.665794372558594,12.703715912596193,12.248657432144986,12.248657432144986,1267200
1996-06-14,12.589953422546387,12.665796515453293,12.476188783186027,12.665796515453293,834400
1996-06-17,12.438272476196289,12.589958725906,12.400350913768861,12.589958725906,535600
1996-06-18,12.3624267578125,12.438269866756135,12.324505203340681,12.438269866756135,938800
1996-06-19,12.324504852294922,12.589955726036658,12.324504852294922,12.324504852294922,884400
1996-06-20,12.3624267578125,12.400348312284317,12.248662094397048,12.3624267578125,529400
1996-06-21,12.514111518859863,12.627876169031317,12.324503768574107,12.438268418745562,1197400
1996-06-24,12.589953422546387,12.589953422546387,12.476188783186027,12.51411032963948,321200
1996-06-25,12.3624267578125,12.627877639115223,12.3624267578125,12.589956084643404,702600
1996-06-26,12.210739135742188,12.324503786075189,12.134896035520185,12.324503786075189,634400
1996-06-27,12.324504852294922,12.324504852294922,12.059053978553184,12.096975531944862,501000
1996-06-28,12.817484855651855,12.817484855651855,12.324504668896015,12.40034777455076,1086600
1996-07-01,12.627873420715332,12.85540267153903,12.438265711695582,12.81748112973508,592000
1996-07-02,12.589953422546387,12.741639608360199,12.51411032963948,12.703718061906745,576000
1996-07-03,12.70372486114502,12.741646427894706,12.627881727645645,12.665803294395332,472000
1996-07-05,12.589953422546387,12.665796515453293,12.438267236732575,12.51411032963948,224600
1996-07-08,12.476187705993652,12.552030792352276,12.400344619635028,12.514109249172964,387200
1996-07-09,12.3624267578125,12.476191421227952,12.324505203340681,12.476191421227952,383200
1996-07-10,12.134893417358398,12.43826575279236,12.05905033349991,12.43826575279236,658800
1996-07-11,11.98320484161377,12.286577116085004,11.945283307304864,12.172812513158291,978400
1996-07-12,11.793603897094727,11.90736856491236,11.452309893641823,11.90736856491236,2190600
1996-07-15,11.52815055847168,11.831522941589355,11.414385914802551,11.793601393699646,1447400
1996-07-16,11.490233421325684,11.566076546218923,11.073096234412871,11.452311858879066,1086400
1996-07-17,11.376471519470215,11.641922521591187,11.300628376007081,11.566079378128052,574800
1996-07-18,11.603997230529785,11.603997230529785,11.300624753914626,11.376467873068416,1096800
1996-07-19,11.641918182373047,11.71776129756766,11.528153509581129,11.528153509581129,987800
1996-07-22,11.490233421325684,11.566076546218923,11.452311858879066,11.528154983772303,673200
1996-07-23,11.33853816986084,11.490224299223527,11.33853816986084,11.490224299223527,879600
1996-07-24,11.073087692260742,11.186852291838763,11.035166159068067,11.14893075864609,1144800
1996-07-25,11.148933410644531,11.300619579496837,11.111011868431454,11.148933410644531,1457600
1996-07-26,11.073087692260742,11.224773825031438,10.95932309268272,11.186852291838763,781400
1996-07-29,11.224783897399902,11.33854859906274,11.111019195737066,11.111019195737066,908400
1996-07-30,11.490233421325684,11.490233421325685,11.224782484199348,11.224782484199348,838800
1996-07-31,11.641918182373047,11.679839739970355,11.528153509581129,11.603996624775741,1076000
1996-08-01,12.096973419189453,12.17281651272669,11.679836404734644,11.679836404734644,1378000
1996-08-02,11.98320484161377,12.286577116085004,11.90736177299596,12.286577116085004,1172400
1996-08-05,11.98320484161377,12.096969444540482,11.90736177299596,12.021126375922673,181600
1996-08-06,12.021133422851562,12.096976535929489,11.869447196695706,11.945290309773634,585800
1996-08-07,12.021133422851562,12.021133422851562,11.90736875323467,11.945290309773634,746600
1996-08-08,11.98320484161377,12.021126375922673,11.945283307304864,11.98320484161377,326400
1996-08-09,11.755677223205566,11.983206459783737,11.679834144346176,11.983206459783737,540400
1996-08-12,11.755677223205566,11.831520302064957,11.603991065486785,11.755677223205566,583600
1996-08-13,11.641918182373047,11.793604412762273,11.603996624775741,11.793604412762273,330200
1996-08-14,11.641918182373047,11.679839739970355,11.566075067178435,11.603996624775741,163000
1996-08-15,11.71776294708252,11.755684510018062,11.603998258275894,11.71776294708252,479000
1996-08-16,11.907364845275879,11.907364845275879,11.641914036623232,11.717757124809703,303800
1996-08-19,12.17281723022461,12.210738779228425,12.021131034209349,12.021131034209349,852800
1996-08-20,12.021133422851562,12.210741205546382,11.90736875323467,12.172819649007417,436400
1996-08-21,11.98320484161377,11.98320484161377,11.869440238687057,11.945283307304864,504400
1996-08-22,12.096973419189453,12.096973419189453,11.945287232114977,11.983208778883595,235800
1996-08-23,11.945291519165039,12.096977760678245,11.869448398408435,12.096977760678245,880800
1996-08-26,11.831521987915039,11.983208167247284,11.755678898248918,11.983208167247284,409000
1996-08-27,12.021133422851562,12.210741205546382,11.679839414000886,11.793604083617778,610800
1996-08-28,12.134893417358398,12.172814959287644,12.021128791570664,12.05905033349991,623200
1996-08-29,12.24866008758545,12.43826782887934,12.134895442809112,12.134895442809112,1484400
1996-08-30,12.476187705993652,12.514109249172964,12.24865844691778,12.24865844691778,863400
1996-09-03,12.741641998291016,12.817485105423701,12.32450490906125,12.400348016193936,1172400
1996-09-04,12.70372486114502,12.779567994644392,12.627881727645645,12.741646427894706,925800
1996-09-05,12.580574035644531,12.69459736527273,12.542566259101797,12.69459736527273,288600
1996-09-06,12.618583679199219,12.884638154363058,12.50456033270043,12.542568114866693,955600
1996-09-09,12.846624374389648,12.960647667653461,12.732601081125836,12.732601081125836,539400
1996-09-10,12.770608901977539,12.884632195745196,12.618577843620663,12.846624431155977,529200
1996-09-11,12.884637832641602,12.922645613858833,12.770614488989906,12.922645613858833,640400
1996-09-12,12.884637832641602,12.884637832641602,12.808622270207138,12.84663005142437,332800
1996-09-13,12.922643661499023,13.036666987924015,12.808620335074032,12.998659212449017,600000
1996-09-16,12.99865436553955,12.99865436553955,12.922638842934056,12.99865436553955,740600
1996-09-17,12.846624374389648,12.922639903232191,12.732601081125836,12.922639903232191,739200
1996-09-18,12.884637832641602,13.036668957510528,12.808622270207138,12.84663005142437,373000
1996-09-19,12.808615684509277,12.922638969534582,12.770607922834175,12.922638969534582,468000
1996-09-20,12.99865436553955,12.99865436553955,12.808615559025814,12.808615559025814,974600
1996-09-23,13.188692092895508,13.188692092895508,12.884630027353248,12.884630027353248,1197200
1996-09-24,13.112682342529297,13.226705667246945,13.036666792717535,13.15069011743518,566600
1996-09-25,13.074676513671875,13.226707635923875,12.960653171982877,13.188699855360875,530600
1996-09-26,12.99865436553955,13.302716455961528,12.99865436553955,13.036662126842298,445600
1996-09-27,12.960647583007812,13.15068640387303,12.884632054661726,13.15068640387303,783600
1996-09-30,13.074676513671875,13.188699855360875,12.960653171982877,12.998660952545876,557800
1996-10-01,13.112682342529297,13.188697892341063,13.074674567623417,13.074674567623417,225800
1996-10-02,13.264711380004883,13.30271914900203,13.07467253501914,13.150688073013436,332600
1996-10-03,13.454751014709473,13.644789870849438,13.264712158569509,13.264712158569509,492400
1996-10-04,13.568774223327637,13.720805307062399,13.454750910526563,13.454750910526563,619200
1996-10-07,13.568774223327637,13.644789765195018,13.492758681460254,13.606781994261327,266400
1996-10-08,13.606782913208008,13.68279846020917,13.530767366206847,13.568775139707428,328000
1996-10-09,13.530768394470215,13.68279950002606,13.454752841692294,13.68279950002606,750800
1996-10-10,13.454751014709473,13.644789870849438,13.454751014709474,13.644789870849438,487800
1996-10-11,13.49275016784668,13.606773408701722,13.454742420894998,13.492750167846678,297800
1996-10-14,13.49275016784668,13.606773408701722,13.492750167846678,13.53075791479836,117000
1996-10-15,13.606782913208008,13.644790686708589,13.530767366206847,13.530767366206847,326800
1996-10-16,13.682804107666016,13.682804107666016,13.454757372538248,13.606788529290093,329800
1996-10-17,13.758813858032227,13.910844950386174,13.682798311855255,13.682798311855255,725600
1996-10-18,13.834831237792969,13.986862350296189,13.720807903415555,13.834831237792969,498000
1996-10-21,13.986857414245605,14.024865178958228,13.872834120107733,13.910841884820357,515400
1996-10-22,14.024870872497559,14.100886432782097,13.948855312213018,13.986863092355287,307800
1996-10-23,14.48096752166748,14.518975310438261,13.98686626764733,14.02487405641811,1108000
1996-10-24,13.834831237792969,14.138893462799407,13.682800125289749,14.024870128421993,2856600
1996-10-25,13.682804107666016,13.83483526441786,13.378741794162327,13.83483526441786,848800
1996-10-28,13.644793510437012,13.720809073169253,13.530770166338653,13.682801291803132,643800
1996-10-29,13.568774223327637,13.644789765195018,13.416743139592873,13.606781994261327,771800
1996-10-30,13.644793510437012,13.720809073169253,13.644793510437013,13.682801291803132,1147600
1996-10-31,13.454751014709473,13.720805413305424,13.454751014709474,13.68279764207743,979200
1996-11-01,13.34073257446289,13.53077150002504,13.150693648900742,13.41674814468775,1825400
1996-11-04,13.454751014709473,13.492758785937466,13.188696616113523,13.378735472253489,646000
1996-11-05,13.530768394470215,13.568776170859177,13.37873728891437,13.37873728891437,650400
1996-11-06,13.720806121826172,13.834829441398135,13.416743936300938,13.492759482682247,713600
1996-11-07,13.986857414245605,14.062872943670852,13.75881082596986,13.75881082596986,768800
1996-11-08,13.948844909667969,14.02486041326289,13.758806150680666,13.948844909667967,412000
1996-11-11,13.87283706665039,13.986860385006421,13.834829293865047,13.910844839435734,431800
1996-11-12,14.138890266418457,14.176898035951838,13.834828110151392,13.834828110151392,713600
1996-11-13,14.290918350219727,14.366933873359194,14.100879542371061,14.100879542371061,966400
1996-11-14,14.747011184692383,14.937049988618831,14.594980141551225,14.670995663121804,1415000
1996-11-15,14.59498405456543,15.203108390172323,14.518968512614569,15.203108390172323,1649000
1996-11-18,14.51897144317627,14.632994779117444,14.442955885882151,14.594987000470386,525400
1996-11-19,14.404952049255371,14.518975416399872,14.366944260207203,14.518975416399872,479000
1996-11-20,14.176898002624512,14.404944619288713,14.138890233180478,14.366936849844679,732400
1996-11-21,14.328940391540527,14.328940391540527,14.138901394305242,14.1769091937523,462600
1996-11-22,14.556968688964844,14.594976440110965,14.252906679795865,14.252906679795865,319200
1996-11-25,15.013068199157715,15.013068199157713,14.556974988044061,14.594982755636867,852800
1996-11-26,14.861040115356445,15.241117867667352,14.785024564894265,14.975063441049718,1396200
1996-11-27,14.747011184692383,14.937049988618831,14.632987902336515,14.861034467048253,568400
1996-11-29,14.785016059875488,14.823023813242775,14.747008306508198,14.823023813242775,73600
1996-12-02,14.51897144317627,14.709010336411561,14.442955885882151,14.709010336411561,636400
1996-12-03,14.48096752166748,14.671006465521383,14.4429597328967,14.4429597328967,514400
1996-12-04,14.357569694519043,14.509904651490068,14.281402216033532,14.3956534337618,502000
1996-12-05,14.547988891601562,14.586072632155494,14.243318967170117,14.31948644827798,577400
1996-12-06,14.20523452758789,14.357569482307333,14.167150788908032,14.357569482307333,459000
1996-12-09,14.471816062927246,14.54798351589002,14.243313704038922,14.243313704038922,931200
1996-12-10,14.509899139404297,14.700317763280994,14.509899139404297,14.586066588954976,366000
1996-12-11,14.319489479064941,14.319489479064941,14.090986987377734,14.090986987377734,663000
1996-12-12,14.09099006652832,14.319492608147698,14.052906309591757,14.319492608147698,412000
1996-12-13,13.976730346679688,14.014814080594347,13.786311677106395,14.014814080594347,342000
1996-12-16,13.710149765014648,13.976736010445489,13.59589851697286,13.938652261098227,753000
1996-12-17,13.481639862060547,13.710142232603946,13.481639862060547,13.672058504180047,1098000
1996-12-18,13.710149765014648,13.748233514361912,13.519731018278334,13.519731018278334,777000
1996-12-19,13.82439136505127,13.976726256126213,13.748223919513796,13.786307642282532,1595200
1996-12-20,13.748228073120117,14.014814213042115,13.633976870296404,14.014814213042115,1496200
1996-12-23,13.6720609664917,13.824395907622527,13.595893495926287,13.748228437057113,316800
1996-12-24,13.6720609664917,13.748228437057113,13.595893495926287,13.748228437057113,129800
1996-12-26,13.976730346679688,13.97673034667969,13.710144209277079,13.710144209277079,337200
1996-12-27,14.052902221679688,14.129069713396108,13.900567238246845,14.129069713396108,321400
1996-12-30,14.243318557739258,14.281402297198452,13.976732381524887,14.052899860443278,487200
1996-12-31,14.052902221679688,14.624158409552845,14.052902221679686,14.31948844268716,584200
1997-01-02,14.09099006652832,14.167157580401446,13.824403767972377,13.97673879571863,563800
1997-01-03,14.28139591217041,14.35756335703532,14.205228467305501,14.28139591217041,815600
1997-01-06,14.167157173156738,14.433743464049472,14.167157173156738,14.357575952365833,632800
1997-01-07,13.82439136505127,14.090977424432422,13.71014019674506,14.090977424432422,1697200
1997-01-08,13.900569915771484,13.976737422159273,13.71015114980201,13.748234902995906,1512600
1997-01-09,14.014814376831055,14.052898111550704,13.786311968513157,13.900563172672106,1230600
1997-01-10,14.014814376831055,14.014814376831055,13.710144499073857,13.824395703232806,1540600
1997-01-13,14.129068374633789,14.167152116883475,13.976733405635041,14.129068374633789,1384000
1997-01-14,13.976730346679688,14.052897814509006,13.93864661276503,14.052897814509006,941200
1997-01-15,13.900569915771484,13.976737422159273,13.86248616257759,13.86248616257759,1171400
1997-01-16,13.976730346679688,14.014814080594347,13.862479144935714,13.93864661276503,1130400
1997-01-17,14.167157173156738,14.243324684840376,14.090989661473099,14.090989661473099,863800
1997-01-20,14.014814376831055,14.205233050429303,13.976730642111406,14.205233050429303,1015400
1997-01-21,14.167157173156738,14.319492196524015,13.900570882264004,13.938654638105822,976800
1997-01-22,14.20523452758789,14.281402004947612,14.129067050228171,14.129067050228171,907800
1997-01-23,14.167157173156738,14.357575952365833,14.129073417314919,14.167157173156738,1549400
1997-01-24,13.900569915771484,14.243323694516533,13.86248616257759,14.167156188128745,962800
1997-01-27,13.900569915771484,14.12907243493485,13.86248616257759,13.86248616257759,1010000
1997-01-28,14.129068374633789,14.243319601382849,13.938649663385355,13.938649663385355,937800
1997-01-29,14.09099006652832,14.167157580401446,14.052906309591757,14.090990066528319,500400
1997-01-30,14.319489479064941,14.319489479064941,14.0529032387632,14.167154484606803,869800
1997-01-31,14.129068374633789,14.357570828131909,14.090984632384101,14.357570828131909,669600
1997-02-03,14.167157173156738,14.167157173156738,14.014822149789461,14.014822149789461,838800
1997-02-04,14.319489479064941,14.39565697629401,14.129070735992268,14.205238233221337,614200
1997-02-05,14.433727264404297,14.624145829897756,14.357559838206912,14.471810977502988,1048000
1997-02-06,14.243318557739258,14.471820994494433,14.243318557739258,14.281402297198452,1039000
1997-02-07,14.586069107055664,14.662236569755695,14.357566718955576,14.357566718955576,1133800
1997-02-10,14.662237167358398,14.928823297674006,14.662237167358398,14.662237167358398,599000
1997-02-11,14.547988891601562,14.738407594371218,14.471821410493702,14.700323853817286,557200
1997-02-12,14.92882251739502,15.043073710130184,14.509901477366077,14.5479852082778,617200
1997-02-13,15.804749488830566,15.84283322253859,15.081158548378081,15.157326015794133,1165400
1997-02-14,15.043069839477539,15.500074492828757,14.928818676139736,15.461990771716154,837200
1997-02-18,15.233491897583008,15.271575627326964,14.928822059631347,14.928822059631347,2394600
1997-02-19,15.195403099060059,15.233486816100308,15.081151947939306,15.119235664979556,498200
1997-02-20,15.08116340637207,15.23349839027482,15.043079660396383,15.119247152347757,326800
1997-02-21,15.195403099060059,15.195403099060057,15.043068230899054,15.081151947939306,356000
1997-02-24,15.157329559326172,15.157329559326172,14.928827103657937,15.081162074103426,532200
1997-02-25,14.852660179138184,15.157330131530761,14.624157714843749,15.157330131530761,1086600
1997-02-26,14.7384033203125,14.966905697371608,14.624152131782946,14.890738238351906,832400
1997-02-27,14.395657539367676,14.738411290305,14.395657539367674,14.700327540200853,830600
1997-02-28,14.852660179138184,14.890743923187255,14.281404018402098,14.281404018402098,1421800
1997-03-03,15.043069839477539,15.081153560590142,14.662232628351527,14.700316349464128,572600
1997-03-04,14.776490211486816,15.119243850413056,14.738406473828343,15.043076375096113,621200
1997-03-05,15.039098739624023,15.039098739624023,14.695566027297588,14.695566027297588,740000
1997-03-06,15.268128395080566,15.38263935804367,14.962765827178954,14.962765827178954,726800
1997-03-07,15.268128395080566,15.420809679031372,15.191787753105164,15.344469037055969,1029600
1997-03-10,15.344459533691406,15.382629831038898,15.191778344301444,15.191778344301444,791000
1997-03-11,15.382630348205566,15.42080064683635,15.19177885505165,15.344460049574783,359200
1997-03-12,15.229958534240723,15.38263982280454,15.11544756781786,15.30629917852263,269200
1997-03-13,15.115434646606445,15.153604936118079,15.000923778071549,15.153604936118079,334600
1997-03-14,14.886418342590332,15.077269859803028,14.848248039147792,15.03909955636049,1082800
1997-03-17,15.000936508178711,15.00093650817871,14.810084898659897,14.924595864371184,551800
1997-03-18,14.77189826965332,15.039090228019143,14.771898269653322,14.924579388719506,324400
1997-03-19,14.73373794555664,14.88641916779039,14.581056723322893,14.657397334439768,598000
1997-03-20,14.466552734375,14.733745001236809,14.4283824105376,14.733745001236809,405000
1997-03-21,14.428378105163574,14.695570292296233,14.428378105163574,14.581059354953664,753600
1997-03-24,14.19935417175293,14.428376013232816,14.123013557926301,14.428376013232816,1221000
1997-03-25,14.161187171936035,14.771912225173168,14.161187171936033,14.275698119417997,830800
1997-03-26,13.855816841125488,14.008498018438166,13.62679507515647,13.893987135453656,2782200
1997-03-27,13.512290954589844,14.084845656055517,13.512290954589846,13.817653462038203,769800
1997-03-31,13.703139305114746,13.703139305114746,13.130584738048672,13.435947173817246,715200
1997-04-01,13.397774696350098,13.588626187751096,13.0542420118283,13.550455889470896,1310800
1997-04-02,13.588640213012695,13.817662239074707,13.435958862304688,13.435958862304688,1555000
1997-04-03,13.397774696350098,13.588626187751096,13.283263801509499,13.588626187751096,764800
1997-04-04,13.283278465270996,13.283278465270994,13.092426763183768,13.206937784436104,1608000
1997-04-07,13.550459861755371,13.550459861755371,13.20692707652777,13.245097385997504,674000
1997-04-08,13.855816841125488,13.893987135453656,13.62679507515647,13.66496536948464,619400
1997-04-09,13.817646026611328,14.046667783958476,13.779475733720135,14.008497491067285,756400
1997-04-10,13.741313934326172,13.817654567294651,13.664973301357692,13.817654567294651,493600
1997-04-11,13.283278465270996,13.664981869445448,13.283278465270994,13.664981869445448,338000
1997-04-14,13.397774696350098,13.397774696350098,12.977901415267901,13.321434099789698,459200
1997-04-15,13.550459861755371,13.779481718573772,13.43594893334617,13.66497079016457,624800
1997-04-16,13.817646026611328,13.855816319502518,13.512283683481796,13.588624269264178,1134200
1997-04-17,13.970335006713867,14.046675635165855,13.741313121357901,13.779483435583895,629000
1997-04-18,13.703139305114746,13.970331436412248,13.588628391701532,13.932161131941177,873600
1997-04-21,13.817646026611328,13.89398661239371,13.664964855046561,13.664964855046561,403600
1997-04-22,14.54288101196289,14.733732468812796,14.084837515523114,14.199348389633059,1216800
1997-04-23,14.58105754852295,14.88642001027212,14.428376317648363,14.88642001027212,805400
1997-04-24,14.54288101196289,14.657391886072833,14.390199846482965,14.50471072059291,1168800
1997-04-25,14.924593925476074,14.962764242421027,14.504720439081607,14.542890756026559,1123400
1997-04-28,14.886418342590332,14.886418342590332,14.733737128820175,14.886418342590332,976200
1997-04-29,15.420811653137207,15.420811653137207,14.924597416773882,15.115449046144391,772600
1997-04-30,15.7643404006958,15.7643404006958,15.268126296073415,15.268126296073415,1484800
1997-05-01,15.726175308227539,15.840686293481621,15.611664322973454,15.726175308227537,1238600
1997-05-02,15.688006401062012,15.764347064814137,15.497154741681694,15.726176732938073,572400
1997-05-05,15.7643404006958,15.917021663656534,15.649829453475249,15.649829453475249,1004000
1997-05-06,15.917011260986328,16.184203296542453,15.573478643842737,15.61164893463647,1527000
1997-05-07,15.878830909729004,16.03151197616871,15.764320109899229,15.91700117633893,672800
1997-05-08,15.7643404006958,15.840681032176168,15.649829453475249,15.802510716435984,648800
1997-05-09,15.840680122375488,15.917020749471273,15.649828554636024,15.764339495279703,489800
1997-05-12,15.878830909729004,16.03151197616871,15.802490376509155,15.878830909729006,543800
1997-05-13,15.7643404006958,15.840681032176168,15.573488821994882,15.802510716435984,834800
1997-05-14,15.7643404006958,15.840681032176168,15.573488821994882,15.840681032176168,646800
1997-05-15,15.688006401062012,15.8025173966902,15.420814077929567,15.764347064814137,533600
1997-05-16,15.802498817443848,15.802498817443846,15.573477095451906,15.687987956447877,741400
1997-05-19,15.7643404006958,15.7643404006958,15.611659137735066,15.687999769215434,514400
1997-05-20,15.649824142456055,15.687994445242534,15.5734835368831,15.649824142456056,543400
1997-05-21,16.031530380249023,16.031530380249023,15.611656965528216,15.611656965528216,658600
1997-05-22,15.917011260986328,16.031522133367524,15.840670679398864,15.993351842573793,471200
1997-05-23,16.22238540649414,16.33689636230469,15.955193176269532,15.993363494873048,405400
1997-05-27,16.22238540649414,16.298726043701173,16.031533813476564,16.184215087890625,531800
1997-05-28,16.260555267333984,16.33689590239189,16.146044314747126,16.146044314747126,481200
1997-05-29,16.260555267333984,16.260555267333984,16.146044314747126,16.222384949805033,630200
1997-05-30,16.069700241088867,16.184211169172638,16.03152993172761,16.184211169172638,350600
1997-06-02,16.22238540649414,16.260555725097657,15.955193176269532,16.107874450683596,350800
1997-06-03,16.336891174316406,16.375061480798454,16.069699028942072,16.146039641906167,374800
1997-06-04,16.064558029174805,16.44704750605992,15.94981118610927,16.25580276761736,940400
1997-06-05,16.14105224609375,16.217550124037324,15.911558612263034,16.14105224609375,511600
1997-06-06,16.37055015563965,16.37055015563965,16.06455856394545,16.06455856394545,274000
1997-06-09,16.217552185058594,16.48529479188739,16.17930324122591,16.294050072723966,606800
1997-06-10,16.408803939819336,16.408803939819336,16.21755913865594,16.255808098888618,419600
1997-06-11,16.753040313720703,16.79128926420865,16.485297660305076,16.485297660305076,455200
1997-06-12,17.479766845703125,17.479766845703125,16.98253058969844,17.135526360776808,900000
1997-06-13,17.479766845703125,17.747509445090262,17.212024246315988,17.479766845703125,1251400
1997-06-16,17.250276565551758,17.63276606811388,17.13552971478312,17.40327236657661,698200
1997-06-17,16.982528686523438,17.17377337893924,16.906030809557116,17.17377337893924,901200
1997-06-18,17.173776626586914,17.212025572303144,16.90603400657331,16.982531898005767,958200
1997-06-19,17.40326499938965,17.441513933454242,17.059024592808314,17.097273526872907,774600
1997-06-20,17.288537979125977,17.403284912615753,17.05904411214643,17.403284912615753,840000
1997-06-23,16.600038528442383,17.173772578964584,16.600038528442383,17.135523642263102,544400
1997-06-24,16.982528686523438,17.0207776250066,16.485292486242347,16.60003930169183,952600
1997-06-25,16.523550033569336,16.944288576090777,16.485301075158297,16.90603961767974,880400
1997-06-26,16.42792510986328,16.542671967440906,16.255804823496845,16.52354749117797,994000
1997-06-27,16.82953643798828,16.9442832773382,16.447046973488547,16.447046973488547,784800
1997-06-30,17.135534286499023,17.212032207420897,16.714795721428736,16.791293642350606,886200
1997-07-01,16.676544189453125,17.67101700809024,16.676544189453125,17.67101700809024,806400
1997-07-02,16.88691520690918,16.94428864475825,16.714794893361976,16.75304385192802,654000
1997-07-03,17.03990936279297,17.1737807045882,16.944286975796373,17.097282794990925,427600
1997-07-07,17.212020874023438,17.47976342095269,17.059025132921008,17.288518744574652,935200
1997-07-08,17.212020874023438,17.212020874023438,17.0207761976454,17.17377193874783,623000
1997-07-09,17.422395706176758,17.651889392756473,17.3076488628869,17.4415201800584,1755200
1997-07-10,17.36502456665039,17.537144854205295,17.250277708280453,17.44152247223035,991600
1997-07-11,17.173776626586914,17.384145828026174,17.135527680870684,17.36502135516806,402800
1997-07-14,16.82953643798828,17.097279063138092,16.695665125413374,16.982532223788173,575000
1997-07-15,16.791284561157227,16.867782440706918,16.61916433217042,16.829533500932072,682200
1997-07-16,17.307655334472656,17.384153258602925,16.75304538452823,16.75304538452823,667000
1997-07-17,17.441516876220703,17.518014757256758,17.250272173630563,17.288521114148594,1056400
1997-07-18,17.173776626586914,17.441519246600517,17.135527680870684,17.36502135516806,696000
1997-07-21,17.61363410949707,17.651883043502494,17.11639796742658,17.13552243442929,794800
1997-07-22,17.173776626586914,17.556266083749207,17.173776626586914,17.518017138032977,1055800
1997-07-23,17.212020874023438,17.403265550401475,16.810407053629557,17.135523003472223,1253800
1997-07-24,17.173776626586914,17.231150045161257,17.059029789438227,17.231150045161257,601400
1997-07-25,16.982528686523438,17.212022317422402,16.944279748040277,17.212022317422402,1012600
1997-07-28,16.92514991760254,17.0207722335212,16.829527601683882,16.829527601683882,976800
1997-07-29,16.772153854370117,16.92514955657646,16.523535838284815,16.92514955657646,1330600
1997-07-30,16.810407638549805,16.982527853278985,16.75303423364008,16.772158701943322,1209600
1997-07-31,16.86779022216797,17.1164084453972,16.753043349908324,16.810416786038147,1249000
1997-08-01,16.88691520690918,16.925164165475227,16.67654593479593,16.88691520690918,463000
1997-08-04,17.03990936279297,17.13553174978956,16.84866458879978,16.886913543598418,708800
1997-08-05,16.982528686523438,17.13552444045608,16.982528686523438,17.07815103273134,927000
1997-08-06,17.001657485961914,17.26940012353612,16.982533011849473,17.02078196007436,634000
1997-08-07,16.772153854370117,17.097269721558593,16.772153854370117,17.039896333231216,1073200
1997-08-08,16.561798095703125,16.810416311920378,16.294055401315315,16.77216735557926,1367400
1997-08-11,16.485292434692383,16.542665842237714,16.217549866147493,16.523541373055938,1165600
1997-08-12,16.236675262451172,16.37054655436773,16.217550792177377,16.37054655436773,1018200
1997-08-13,15.911561965942383,16.408798277378082,15.835064071875351,16.274926962760777,1823600
1997-08-14,15.892437934875488,16.045433727268993,15.75856661653117,15.949811357023052,1391800
1997-08-15,15.433451652526855,15.892439062267432,15.414327177120999,15.83506563604986,1418200
1997-08-18,15.796822547912598,15.835071512919649,15.414332897842074,15.452581862849126,1435600
1997-08-19,15.930688858032227,16.007186763713054,15.815941999510988,15.988062287292848,1569000
1997-08-20,15.988054275512695,16.38966807908419,15.949805341839221,15.949805341839221,3732200
1997-08-21,15.873318672180176,15.988065554147743,15.815945231196393,15.988065554147743,760600
1997-08-22,15.395207405090332,15.75857254881296,15.223087073853296,15.75857254881296,3038400
1997-08-25,15.739444732666016,15.739444732666014,15.41432862032662,15.45257757471949,1654000
1997-08-26,15.643819808959961,15.815940075806708,15.58644638667771,15.796815601712625,1145600
1997-08-27,15.873318672180176,16.045438995131526,15.643824908245042,15.720322829556753,1477600
1997-08-28,16.37055015563965,16.52354595148675,15.949811717060125,15.9880606660219,2014600
1997-08-29,16.351425170898438,16.48529648808708,16.236678327593886,16.332300697014347,1016200
1997-09-02,16.447052001953125,16.67654575081759,16.332305127520893,16.38967856473701,851000
1997-09-03,15.835070610046387,16.54267642233107,15.643825795915392,16.52355194091797,11759000
1997-09-04,15.926292419433594,16.098779340943704,15.868796778930225,15.945457632934717,1215000
1997-09-05,15.88796615600586,16.002957467147034,15.715479189294095,15.926296593052918,1213400
1997-09-08,15.792136192321777,15.907127475275576,15.677144909367978,15.887962261449944,943600
1997-09-09,15.945454597473145,16.137106696000465,15.792132918651287,15.849628548209484,765000
1997-09-10,15.792136192321777,15.92629268910121,15.734640550844878,15.753805764670512,1039600
1997-09-11,15.67714786529541,15.84963482224854,15.638817430416939,15.79213916993083,1329200
1997-09-12,15.830469131469727,15.945460432666845,15.715477830272611,15.830469131469728,871800
1997-09-15,16.11794662475586,16.194607488607254,15.830468385313125,15.830468385313125,494000
1997-09-16,16.443754196166992,16.558745484252075,16.290432478720213,16.290432478720213,920600
1997-09-17,16.11794662475586,16.635407455752777,16.022120544941615,16.59707702382708,1330400
1997-09-18,16.21377182006836,16.309597894655052,16.117945745481666,16.137110960399006,1541600
1997-09-19,16.731231689453125,16.731231689453125,16.252101343248853,16.271266557097025,3046800
1997-09-22,16.88455581665039,16.980381899605273,16.65457321755867,16.731234083922576,1278400
1997-09-23,16.692895889282227,16.94204358912226,16.53957422784221,16.884547966082252,947800
1997-09-24,16.252107620239258,16.71207293024603,16.252107620239258,16.61624682399462,1461600
1997-09-25,16.079612731933594,16.30959527398747,16.079612731933594,16.290430062149646,946000
1997-09-26,15.945454597473145,16.213767535411392,15.90712417776768,16.07961106644227,1117200
1997-09-29,15.926292419433594,16.079614127442582,15.90712720593247,15.983788059936964,1045800
1997-09-30,15.69631576538086,15.907133193243117,15.69631576538086,15.868802751813616,3881200
1997-10-01,14.948866844177246,15.753805828094483,14.584727780024211,15.734640614191692,8651200
1997-10-02,14.891373634338379,14.891373634338379,14.335582340392675,14.565564944784,6811000
1997-10-03,14.891373634338379,15.178851889827538,14.795547549175327,15.178851889827538,5258200
1997-10-06,14.83387279510498,15.044690108730503,14.757211953786609,14.948864057082538,1641600
1997-10-07,15.121346473693848,15.121346473693848,14.83386840385176,14.83386840385176,2449000
1997-10-08,14.795552253723145,15.255517608761169,14.738056584343392,15.178856716254833,3093600
1997-10-09,14.60389518737793,14.814712571972624,14.56556475381526,14.60389518737793,3518400
1997-10-10,14.565560340881348,14.795542872579473,14.450569075032284,14.603890762831035,2605200
1997-10-13,14.699719429016113,14.795545500913219,14.546397713980744,14.661389000257271,1583400
1997-10-14,14.699719429016113,15.063858502225116,14.64222378587785,14.833875929672061,2585400
1997-10-15,14.450578689575195,14.7380570454686,14.412248242122741,14.718891821742375,1503600
1997-10-16,14.182254791259766,14.527228556452572,14.182254791259766,14.527228556452572,2064200
1997-10-17,13.933114051818848,14.201427114714946,13.760627082814212,14.182261895936653,2307800
1997-10-20,13.760621070861816,14.028934016533215,13.722290650051615,13.990603595723016,5686000
1997-10-21,14.546401977539062,14.565567197535822,13.91394971764606,14.028941037626607,3520000
1997-10-22,14.373905181884766,14.948861389160156,14.258913940429688,14.948861389160156,3515000
1997-10-23,14.412245750427246,14.431410970840048,14.18226310547362,14.37391530960164,2342400
1997-10-24,14.27808666229248,14.795547521194356,14.239756228299749,14.795547521194356,2332600
1997-10-27,13.204830169677734,14.39307323284177,13.185664958981542,14.354742811449382,1791000
1997-10-28,12.898191452026367,13.262330586630382,12.495721882200879,12.495721882200879,6366600
1997-10-29,13.683963775634766,13.798955067866991,13.338989898938092,13.338989898938092,5725000
1997-10-30,13.453978538513184,13.607300231259773,12.994013460273417,13.607300231259773,6159400
1997-10-31,13.358150482177734,13.492306943261298,13.204828812367946,13.415646108356405,2082600
1997-11-03,13.875612258911133,13.875612258911131,13.41564721165441,13.41564721165441,1469600
1997-11-04,13.626463890075684,14.028933287672855,13.49230742420996,13.93310724062591,2059600
1997-11-05,13.56897258758545,13.875616035892465,13.530642156547072,13.703129096219769,1706000
1997-11-06,13.434820175170898,13.626472388796731,13.319828846995398,13.530646281983815,2302400
1997-11-07,13.319818496704102,13.377314116114336,13.185662051413557,13.262322877293869,1548800
1997-11-10,12.744866371154785,13.453979236918284,12.725701158566583,13.319822748800867,2347000
1997-11-11,13.128170013427734,13.166500436824604,12.802361414554346,12.802361414554346,2237000
1997-11-12,12.725702285766602,13.070676142910877,12.687371857195014,12.936519642910325,1950000
1997-11-13,12.55321216583252,12.87902072586176,12.035751511668431,12.84069030703479,4123800
1997-11-14,12.55321216583252,12.610707794072974,12.265734024630248,12.572377375246004,2893600
1997-11-17,12.725702285766602,12.840693571481358,12.629876214337635,12.764032714338187,2419200
1997-11-18,12.764039039611816,12.802369487178218,12.64904769691261,12.783204263395017,1119000
1997-11-19,12.85986042022705,13.0323473707219,12.802364770062102,12.917356070392001,3759400
1997-11-20,13.051507949829102,13.089838369652389,12.879021060624313,12.879021060624313,2602800
1997-11-21,13.530637741088867,13.568968159618862,13.051507509463907,13.1281683465239,2664600
1997-11-24,13.453978538513184,13.607300231259773,13.338987268953243,13.492308961699832,2186400
1997-11-25,13.511474609375,13.549805033798759,13.45397897273936,13.47314418495124,1100200
1997-11-26,13.530637741088867,13.549802950353865,13.492307322558869,13.530637741088865,1794200
1997-11-28,13.47314739227295,13.549808259369808,13.453982175498735,13.530643042595594,542200
1997-12-01,13.645624160766602,13.760615375604521,13.453972136036732,13.492302540982706,1294200
1997-12-02,13.894784927368164,14.258924118568158,13.703132721473432,13.798958824420799,1145200
1997-12-03,13.986226081848145,14.005437930861673,13.717260195658758,13.928590534807562,1236000
1997-12-04,14.063078880310059,14.178350018673255,14.024655167522326,14.024655167522326,1387600
1997-12-05,14.197558403015137,14.466524326752905,14.06307544114625,14.06307544114625,1259000
1997-12-08,13.90938663482666,14.216776394712332,13.909386634826658,14.216776394712332,756600
1997-12-09,13.928592681884766,13.967016385834794,13.736474162134632,13.947804533859781,719600
1997-12-10,13.851752281188965,13.986235313045167,13.755692972720247,13.967023451351423,1037200
1997-12-11,13.851752281188965,13.986235313045167,13.65963366425153,13.870964142882707,1340400
1997-12-12,13.794108390808105,14.120709842958158,13.601989889543368,13.986226892072843,2206200
1997-12-15,13.813322067260742,13.851745772593874,13.698050951261349,13.698050951261349,990200
1997-12-16,13.90938663482666,13.986234074798077,13.640420594926695,13.736479894890968,2024800
1997-12-17,13.890164375305176,14.063070985786153,13.85174068408718,13.967011757741165,743800
1997-12-18,13.794108390808105,13.832532091061053,13.65962543992279,13.832532091061053,1561800
1997-12-19,13.621200561523438,13.621200561523438,13.275387289157539,13.525141319199577,1495200
1997-12-22,13.736471176147461,13.870954110739115,13.640411937153424,13.75568302394627,993000
1997-12-23,13.582779884338379,13.717262853490244,13.505932473394456,13.698051000754262,1052400
1997-12-24,13.563570976257324,13.640418403884846,13.525147262443564,13.582782833164204,621200
1997-12-26,13.563570976257324,13.678842117698606,13.525147262443564,13.601994690071084,133600
1997-12-29,13.813322067260742,13.947805035926704,13.678839098594784,13.678839098594784,802800
1997-12-30,13.90938663482666,13.967022214805223,13.601996874940987,13.755691754883824,1809400
1997-12-31,13.832535743713379,13.967018730110592,13.794112033314175,13.909383164511786,788000
1998-01-02,13.967018127441406,13.967018127441406,13.794111438105817,13.794111438105817,797000
1998-01-05,14.082294464111328,14.389684247775422,14.043870741153317,14.332048663338405,1007200
1998-01-06,13.967018127441406,14.04386554492389,13.947806273070785,14.005441836182648,668400
1998-01-07,13.774890899658203,13.928585637729702,13.563560634809889,13.928585637729702,1296800
1998-01-08,13.601999282836914,13.678846736412263,13.563575556049239,13.640423009624588,866000
1998-01-09,13.236963272094727,13.544352840096925,13.179327728094314,13.486717296096513,1268400
1998-01-12,13.333024024963379,13.333024024963379,12.756668519561504,12.756668519561504,1776400
1998-01-13,13.409871101379395,13.448294800810283,13.236964453940406,13.333023702517622,717000
1998-01-14,13.659632682800293,13.678844543113655,13.390666638413228,13.390666638413228,954600
1998-01-15,13.006420135498047,13.544351839772707,12.449276584642147,13.52513999319147,5791200
1998-01-16,13.31381893157959,13.371454511369977,13.04485289255778,13.04485289255778,2381600
1998-01-20,13.236963272094727,13.448293600096239,13.140904032094038,13.275386968095,1056800
1998-01-21,13.236963272094727,13.294598816095139,13.179327728094314,13.294598816095139,729800
1998-01-22,12.487700462341309,12.622183390397291,12.218734606229342,12.602971543532151,9400000
1998-01-23,12.718240737915039,12.737452581930016,12.218732793525627,12.56454598579522,3878200
1998-01-26,12.660606384277344,12.795089304899408,12.602970846867885,12.756665613293103,1279600
1998-01-27,12.468489646911621,12.73745552527335,12.430065950002803,12.660608131455714,1330200
1998-01-28,12.545342445373535,12.641401729028768,12.468495018449348,12.468495018449348,2136200
1998-01-29,12.795096397399902,13.044850531283084,12.564554119969273,12.564554119969273,1854600
1998-01-30,12.737454414367676,12.79508995470418,12.699030720810004,12.775878107925346,1235200
1998-02-02,13.102479934692383,13.1601154769271,12.795090376107224,12.795090376107224,2305800
1998-02-03,13.217752456665039,13.236964306166005,13.044845811156339,13.160116908162138,2088200
1998-02-04,13.064056396484375,13.217751177619485,12.910361615349265,13.217751177619485,1609200
1998-02-05,13.001622200012207,13.10248443355497,12.948789601489809,13.10248443355497,3234600
1998-02-06,13.275389671325684,13.448296338535426,13.006423744554976,13.064059300291555,2706800
1998-02-09,13.333024024963379,13.64041362784438,13.17932922352288,13.294600324603254,1484600
1998-02-10,13.678834915161133,13.774894149115918,13.486716447251567,13.486716447251567,2063200
1998-02-11,13.505928039550781,13.909376814558698,13.448292500263936,13.736470196698162,878800
1998-02-12,13.640419960021973,13.678843678219218,13.294606496246768,13.294606496246768,940800
1998-02-13,13.525139808654785,13.640410886569457,13.505927962335674,13.582775347612122,808000
1998-02-17,13.71725845336914,13.909376919102602,13.601987373929065,13.601987373929065,1047600
1998-02-18,13.813322067260742,13.87095762526044,13.640415393261652,13.678839098594784,980200
1998-02-19,13.890164375305176,13.967011757741165,13.755681456042193,13.832528838478183,1026800
1998-02-20,14.005438804626465,14.005438804626465,13.774896602081173,13.832532152717496,789400
1998-02-23,14.043868064880371,14.043868064880371,13.851749486701433,13.967020633608795,947600
1998-02-24,14.024650573730469,14.139921674336472,13.986226873528466,14.024650573730469,888400
1998-02-25,14.235983848571777,14.255195702618431,14.082289016198532,14.216771994525121,1000600
1998-02-26,14.658641815185547,14.773912917270884,14.216769257191748,14.216769257191748,1687400
1998-02-27,14.697061538696289,14.735485228993532,14.562578622655929,14.562578622655929,915600
1998-03-02,14.697061538696289,14.735485228993532,14.601002312953176,14.620214158101797,1038000
1998-03-03,14.773905754089355,14.793117595121982,14.6586347078936,14.6586347078936,860400
1998-03-04,14.735381126403809,14.773904998629702,14.696857254177917,14.773904998629702,526400
1998-03-05,14.600552558898926,14.754648100417649,14.484980902759885,14.619814501588767,1024000
1998-03-06,14.484978675842285,14.600550314213368,14.407930916928231,14.600550314213368,1017400
1998-03-09,14.407934188842773,14.504243909356427,14.253838636020925,14.504243909356427,934800
1998-03-10,14.523509979248047,14.542771928822646,14.36941438265125,14.38867633222585,839800
1998-03-11,14.562027931213379,14.677599581461102,14.484980164381561,14.52350404779747,1532800
1998-03-12,14.504239082336426,14.523501020028771,14.407929393874696,14.504239082336426,355400
1998-03-13,14.330888748168945,14.619817956801384,14.330888748168947,14.523508220590571,759800
1998-03-16,14.54276180267334,14.54276180267334,14.369404377211008,14.38866631337349,600800
1998-03-17,14.716129302978516,14.754653201677412,14.54277175883348,14.54277175883348,707600
1998-03-18,14.696866989135742,14.773914784622692,14.581295295905315,14.639081142520528,910200
1998-03-19,14.812430381774902,14.812430381774902,14.658334877153058,14.677596815230787,827600
1998-03-20,14.870222091674805,14.947269874533223,14.77391236310178,14.870222091674805,1122200
1998-03-23,14.92801284790039,14.947274799962196,14.639083566973285,14.870226991714969,708200
1998-03-24,15.024319648742676,15.216939131418863,15.024319648742674,15.024319648742674,590400
1998-03-25,15.351768493652344,15.390292379458248,15.04357740720512,15.082101293011023,843400
1998-03-26,15.75627326965332,15.948892747277442,15.236200680068185,15.236200680068185,1712800
1998-03-27,15.717754364013672,15.910373902788349,15.659968502381268,15.852588041155947,1341600
1998-03-30,15.525137901306152,15.794805309021147,15.486613985918295,15.64070964746972,782600
1998-03-31,15.852581977844238,15.987415603415212,15.467343047641464,15.467343047641464,1037200
1998-04-01,16.064464569091797,16.10298846494094,15.717749506449529,15.852583141921523,847600
1998-04-02,16.276344299316406,16.39191597481451,15.987415110571144,16.06446289423655,763200
1998-04-03,15.910371780395508,16.064467390859388,15.794800072547599,15.987419585627448,1289000
1998-04-06,15.544386863708496,15.987411520294984,15.544386863708496,15.910363753932117,1167400
1998-04-07,15.505864143371582,15.525126086406825,15.216934997842918,15.371030542124872,996400
1998-04-08,15.29398250579834,15.428816104715958,15.255458620393307,15.409554162013443,1108400
1998-04-09,15.621443748474121,15.775539371147108,15.371038361630516,15.371038361630516,991200
1998-04-13,15.64069938659668,15.67922327671145,15.371032155793289,15.371032155793289,569000
1998-04-14,16.257083892822266,16.29560778830289,15.640701565132321,15.640701565132321,1228800
1998-04-15,16.353391647338867,16.39191553814532,16.025938575484027,16.19929608411306,1468200
1998-04-16,16.507482528686523,16.603792228387142,16.257077309464908,16.334125069225404,1158600
1998-04-17,16.295602798461914,16.353388623988376,16.25707891477761,16.25707891477761,1318600
1998-04-20,16.18003273010254,16.314866336186725,16.025937180292036,16.25708050500779,538400
1998-04-21,15.67922592163086,16.14151268099098,15.640702025017516,16.14151268099098,1883400
1998-04-22,16.045207977294922,16.10299384035841,15.640706935850512,15.640706935850512,1429000
1998-04-23,15.75627326965332,16.08372638161433,15.737011321890908,16.02594053832709,1097600
1998-04-24,15.486611366271973,15.756278728371235,15.371039639658003,15.756278728371235,526200
1998-04-27,15.486611366271973,15.698492865064251,15.351777685222341,15.544397229578957,908800
1998-04-28,15.505864143371582,15.563649972477315,15.361399570607249,15.40955442819536,763400
1998-04-29,15.236202239990234,15.448083687069746,15.139892491317731,15.428821737335245,1146400
1998-04-30,15.505864143371582,15.64069774461829,15.31324471301914,15.332506656054383,1135000
1998-05-01,15.448073387145996,15.640692756063027,15.332501765795776,15.582906945387919,508200
1998-05-04,15.602178573608398,15.794798062171466,15.448082982757946,15.448082982757946,581400
1998-05-05,15.486611366271973,15.602183092885943,15.409563548529325,15.44808745740065,485000
1998-05-06,15.29398250579834,15.525125818228542,15.23619667769079,15.525125818228542,399200
1998-05-07,15.139888763427734,15.255460433377566,15.062840983461182,15.216936543394288,400000
1998-05-08,15.082109451293945,15.236205077871661,15.062847497971731,15.139895311260588,831600
1998-05-11,15.255463600158691,15.390297243089387,15.024320212277498,15.082106059247797,725600
1998-05-12,15.409558296203613,15.582915827035903,15.332510504722595,15.371034400463104,993400
1998-05-13,15.390296936035156,15.44808278185256,15.293987193006151,15.409558884640958,380800
1998-05-14,15.313239097595215,15.467334585369757,15.216929417736125,15.467334585369757,963200
1998-05-15,15.29398250579834,15.505863875526027,15.274720563095824,15.332506391203374,480200
1998-05-18,15.12063217163086,15.332513641551802,14.966536557142902,15.274727786118817,544200
1998-05-19,15.082109451293945,15.27472898451609,15.024323591327303,15.178419217905018,244800
1998-05-20,15.082109451293945,15.178419217905018,15.005061638005087,15.159157264582804,664000
1998-05-21,15.37103271484375,15.467342443633497,15.101365474232455,15.159151311506303,457200
1998-05-22,15.390296936035156,15.44808278185256,15.332511090217753,15.409558884640958,383000
1998-05-26,15.139888763427734,15.409555993310672,15.139888763427736,15.409555993310672,613600
1998-05-27,15.159153938293457,15.21693978558047,14.69686715999734,14.94727249824107,950200
1998-05-28,15.139888763427734,15.216936543394288,14.985793203494628,15.216936543394288,420200
1998-05-29,15.197681427001953,15.216943380648344,14.889490168659707,15.08210970512361,768600
1998-06-01,15.390296936035156,15.486606679064163,14.985796015313332,15.197677449977146,1611800
1998-06-02,15.46734619140625,15.46734619140625,15.101369133328145,15.371036439280433,976400
1998-06-03,15.2549409866333,15.448041505451442,15.177700779106043,15.448041505451442,614000
1998-06-04,15.29355525970459,15.293555259704592,15.023214636426985,15.139074903545959,308200
1998-06-05,15.583197593688965,15.641127696267734,15.293547080795118,15.37078721756681,692800
1998-06-08,15.312867164611816,15.505967633270226,15.17769683655093,15.486657586404386,657800
1998-06-09,15.197005271911621,15.31286554082073,14.984594778911585,15.31286554082073,647400
1998-06-10,15.48664665222168,15.52526671868607,15.158376087274336,15.216306186970925,1187000
1998-06-11,15.00390911102295,15.48666036942137,14.849428708335454,15.48666036942137,1135200
1998-06-12,14.830117225646973,14.98459761341413,14.559776547054451,14.868737322588762,1406600
1998-06-15,14.19287395477295,14.559764574011977,14.134943856998365,14.559764574011977,820800
1998-06-16,14.250805854797363,14.40528613506617,14.15425567962936,14.366666064998968,1136800
1998-06-17,14.694939613342285,14.733559691169729,14.385978990722737,14.405289029636458,1056000
1998-06-18,14.694939613342285,15.332170897495105,14.675629574428564,14.694939613342285,1333200
1998-06-19,14.057708740234375,14.714250082498069,13.768058148059216,14.694940043019724,2201600
1998-06-22,13.72944450378418,14.173575619940348,13.72944450378418,14.057715328769174,859000
1998-06-23,14.03840446472168,14.057714512128449,13.478413089925354,13.768063801026901,3883600
1998-06-24,14.2315092086792,14.250819261879577,13.825998091471243,13.980478517074275,1070200
1998-06-25,13.999783515930176,14.443914579194168,13.94185337724357,14.231504070676607,937600
1998-06-26,14.366671562194824,14.366671562194824,13.903230544059507,14.077020925860252,592200
1998-06-29,14.27011489868164,14.463215235605613,14.250804864989243,14.424595168220819,617400
1998-06-30,14.463220596313477,14.598390882260333,14.308740269517072,14.308740269517072,1268400
1998-07-01,14.675626754760742,14.752866895575272,14.463216367520785,14.521146473131681,704600
1998-07-02,14.501838684082031,14.791489256999782,14.366668416720414,14.752869180610748,927400
1998-07-06,14.501838684082031,14.521148722276548,14.366668416720414,14.501838684082031,988800
1998-07-07,14.34736442565918,14.521154842659088,14.289434286659208,14.521154842659088,410800
1998-07-08,14.501838684082031,14.521148722276548,14.250808187553314,14.308738302136865,609400
1998-07-09,14.173572540283203,14.501843293940988,14.096332362951959,14.501843293940988,1423400
1998-07-10,13.903229713439941,13.999779919783274,13.710129300753275,13.903229713439941,3190000
1998-07-13,13.922548294067383,14.038408612742007,13.86461813473007,13.94185834717982,1259000
1998-07-14,13.922548294067383,14.115648825191757,13.690827656718135,13.999788506517133,798600
1998-07-15,13.825992584228516,13.999782993806805,13.748752402193718,13.961162902789408,931000
1998-07-16,14.15427017211914,14.192890281729289,13.845309295237959,13.90323945965318,763200
1998-07-17,14.34736442565918,14.424604610992471,14.192884054992593,14.250814193992563,663400
1998-07-20,14.057708740234375,14.424599490322908,13.922538463885967,14.328049292931189,830200
1998-07-21,14.733564376831055,14.830114602105176,14.424603655953863,14.521153881227985,1674000
1998-07-22,15.29355525970459,15.332175348744249,14.791494102189036,14.810804146708865,1269200
1998-07-23,15.13907527923584,15.42872595422122,15.13907527923584,15.254935549229991,1564600
1998-07-24,15.13907527923584,15.274245594229017,15.023215009241687,15.17769536923389,1042400
1998-07-27,15.2549409866333,15.2549409866333,15.061840467815157,15.100460571578786,704000
1998-07-28,15.08115005493164,15.235630465225434,14.984599798498017,15.17770031136526,943200
1998-07-29,15.448033332824707,15.52527349948883,15.119762624502181,15.197002791166305,907200
1998-07-30,15.48664665222168,15.621816884847055,15.332166386364106,15.448026585757285,993800
1998-07-31,15.216312408447266,15.486652984231862,15.100452161682439,15.29355257295715,737200
1998-08-03,15.08115005493164,15.197010362651985,14.945979695924569,15.139080208791812,666400
1998-08-04,14.868727684020996,15.235618367133203,14.83010761211445,15.061828043553737,857200
1998-08-05,14.752870559692383,14.849420759690371,14.55977015969641,14.791490639691578,1365600
1998-08-06,14.579076766967773,14.75286708604421,14.443906518797212,14.75286708604421,1059400
1998-08-07,14.559771537780762,14.637011705089943,14.501841412298877,14.617701663262649,855400
1998-08-10,14.34736442565918,14.48253474999244,14.289434286659208,14.48253474999244,1427200
1998-08-11,13.690820693969727,14.0963316031,13.594270477510136,14.0963316031,1290200
1998-08-12,13.768071174621582,13.903241578860502,13.401180077401651,13.710141001376329,1639000
1998-08-13,13.323932647705078,13.768063735961913,12.976351796025813,13.768063735961913,1551400
1998-08-14,13.246689796447754,13.362550057058085,12.976349188356984,13.323929970187974,833400
1998-08-17,13.652202606201172,13.652202606201172,13.208071545461955,13.266001683819244,1396600
1998-08-18,14.03840446472168,14.096334606941989,13.613583421772743,13.613583421772743,907400
1998-08-19,13.922548294067383,14.057718665854445,13.768067869167885,14.038408612742007,595800
1998-08-20,13.768071174621582,13.999791867602589,13.748761116873164,13.883931521112086,935600
1998-08-21,13.304615020751953,13.439785274954076,13.208064839179006,13.439785274954076,1371800
1998-08-24,13.150139808654785,13.459100509004971,13.130829764882899,13.381860333917425,402600
1998-08-25,12.976343154907227,13.36254384404137,12.783242810340155,13.285303706214542,2877000
1998-08-26,12.783243179321289,13.014963599490255,12.686693004250886,13.014963599490255,1028400
1998-08-27,11.81774616241455,12.532217744129156,11.81774616241455,12.493597658631069,2210000
1998-08-28,11.354303359985352,11.87567443263774,11.334993320257485,11.87567443263774,1289000
1998-08-31,11.083965301513672,11.817746976526774,11.083965301513674,11.392926006782346,907400
1998-09-01,11.199825286865234,11.412235766443713,10.697764153316102,11.277065461257408,1319200
1998-09-02,10.968100547790527,11.18051094572309,10.929480475439151,11.045340692493276,2081000
1998-09-03,10.929350852966309,11.161890232816656,10.851837726349526,11.006863979583091,1179800
1998-09-04,10.793699264526367,11.123129942258771,10.735564439044179,11.045616841615852,1047400
1998-09-08,11.25877857208252,11.355669953942094,10.890591321016137,11.278156848454435,1749400
1998-09-09,11.161886215209961,11.3556689620018,11.045616567134857,11.25877758860588,1509800
1998-09-10,10.46426773071289,11.161885579427082,10.444889457137496,11.142507305851689,1938200
1998-09-11,10.270486831665039,10.522404433196446,9.786029905643103,10.425513047992059,3472800
1998-09-14,10.832450866699219,10.987476997170765,10.34799420897564,10.34799420897564,952400
1998-09-15,11.239397048950195,11.2781535904983,10.754940279598895,10.851831633469155,1072600
1998-09-16,11.471940994262695,11.510697551675745,11.220023371077874,11.220023371077874,1860200
1998-09-17,11.161886215209961,11.316912412643433,11.00686001777649,11.316912412643433,762800
1998-09-18,11.045615196228027,11.220019646694785,11.045615196228027,11.161884829872532,803800
1998-09-21,10.17359447479248,10.212351025172643,9.611624494280134,9.611624494280134,3304600
1998-09-22,9.766651153564453,10.154216675531297,9.689138049171083,10.134838399432955,4318000
1998-09-23,9.689138412475586,9.766651519775392,9.514733921051025,9.74727324295044,3850600
1998-09-24,9.941055297851562,9.979811848720379,9.727894268073069,9.727894268073069,2555800
1998-09-25,9.902297019958496,10.289862461052762,9.902297019958496,9.941053564067921,2197600
1998-09-28,10.134841918945312,10.134841918945312,9.921680807839389,9.9410590906672,1357000
1998-09-29,10.25110912322998,10.348000513808714,10.231730845114233,10.231730845114233,1017400
1998-09-30,10.134841918945312,10.251111615912182,10.076707070461879,10.23173333308437,1288800
1998-10-01,9.97981071472168,10.134836900581433,9.921675895024272,10.076702080884026,1667800
1998-10-02,10.057327270507812,10.192975229840288,9.863544471461418,9.941057591079977,1702800
1998-10-05,9.960430145263672,10.0766997578543,9.805403995142838,10.03794322032409,945800
1998-10-06,10.25110912322998,10.289865679461473,9.999191507725273,9.999191507725273,641400
1998-10-07,10.658053398132324,10.67743167703802,10.270487820018422,10.328622656735508,1497200
1998-10-08,10.832450866699219,10.832450866699219,10.367372475284583,10.561155138374016,1502000
1998-10-09,10.599918365478516,10.832457708048429,10.541783529836039,10.77432287240595,1133400
1998-10-12,11.103754043579102,11.181267160811764,10.444892547101459,10.444892547101459,843000
1998-10-13,11.026237487792969,11.181263673913081,10.871211301672856,11.161885400648067,612600
1998-10-14,11.084371566772461,11.161884654651988,10.561158223585648,10.87121057510376,1565800
1998-10-15,11.316915512084961,11.355672072057853,10.658053992545767,11.084376152247598,1205400
1998-10-16,11.12313175201416,11.355671091777522,11.084375195386933,11.316914535150294,1662000
1998-10-19,11.026237487792969,11.200641947178095,10.774319935347787,11.200641947178095,1339000
1998-10-20,11.568830490112305,11.937017725141006,11.316912908250563,11.316912908250563,2096800
1998-10-21,11.820747375488281,12.072664942506885,11.704477729172003,11.704477729172003,1378400
1998-10-22,12.266446113586426,12.324580929290626,12.014528578868221,12.130798210276623,1430000
1998-10-23,11.937017440795898,12.26644811692176,11.878882615597217,12.26644811692176,1411400
1998-10-26,11.9757719039917,12.092041534127542,11.84012400216655,12.092041534127542,883400
1998-10-27,12.1308012008667,12.227692584260202,11.975774987437092,12.014531540794493,1186800
1998-10-28,12.11142635345459,12.324587457275392,11.9757783782959,12.130804635620118,1094400
1998-10-29,11.995155334472656,12.130803294636321,11.956398774425894,12.130803294636321,769800
1998-10-30,12.479608535766602,12.576499906385907,12.014529956793933,12.014529956793933,1848600
1998-11-02,12.692768096923828,12.964063903575637,12.479607105983124,12.479607105983124,1187800
1998-11-03,12.615265846252441,12.809048731755551,12.382726383648711,12.712157289003997,2187400
1998-11-04,12.421476364135742,12.867176764096932,12.324584972839832,12.537746033690835,966000
1998-11-05,12.363335609436035,12.460226954337573,12.072661574731427,12.460226954337573,1355400
1998-11-06,12.402098655700684,12.402098655700684,12.305207259953022,12.382720376551152,1455400
1998-11-09,12.634632110595703,12.712145191028805,12.38271459918812,12.38271459918812,1378800
1998-11-10,12.498991012573242,12.63463897705078,12.460234451293944,12.615260696411132,914000
1998-11-11,12.0532865524292,12.55712168163042,11.937016907228918,12.518365133230327,580800
1998-11-12,11.801369667053223,12.07266552146824,11.704478290476432,11.859504492999298,996200
1998-11-13,12.11142635345459,12.34396573944092,11.7626172744751,11.840130403137207,701400
1998-11-16,12.498991012573242,12.595882415771483,12.092047119140624,12.092047119140624,1424600
1998-11-17,12.595874786376953,12.712144399789665,12.324579021747297,12.343957290649415,739600
1998-11-18,12.1308012008667,12.634636394512919,12.1308012008667,12.595879841155519,510000
1998-11-19,12.188937187194824,12.266450301262836,11.743236781303757,11.937019566473786,652000
1998-11-20,12.150177001953125,12.460229365639329,12.053285638301187,12.36333800198739,489000
1998-11-23,11.9757719039917,12.053284990748928,11.859502273855858,11.859502273855858,737800
1998-11-24,12.382719993591309,12.460233107792194,11.975776144036665,11.975776144036665,1019200
1998-11-25,12.266446113586426,12.421472288797629,12.188933025980823,12.343959201192026,677200
1998-11-27,12.285831451416016,12.363344583601606,12.208318319230425,12.266453168369617,128400
1998-11-30,11.840126037597656,12.188934987968782,11.820747762577037,12.092043612865691,1095800
1998-12-01,11.433180809020996,11.82074626017425,11.181263265771381,11.801367987616588,1829600
1998-12-02,11.181270599365234,11.491323163645726,11.123135743562642,11.316918596237949,3007800
1998-12-03,10.947916984558105,11.220156483286017,10.92847130607754,11.006254019999801,1291000
1998-12-04,11.064592361450195,11.142375084553537,10.96736395757102,11.00625531912269,1021000
1998-12-07,11.297938346862793,11.39516673194767,11.064590222659087,11.064590222659087,1400800
1998-12-08,11.181266784667969,11.336832235585089,11.084038377844768,11.29794087285581,682600
1998-12-09,11.220160484313965,11.259051855143476,11.161823428069697,11.259051855143476,683800
1998-12-10,11.122925758361816,11.22015413037547,10.967360363139973,11.142371432764547,1010600
1998-12-11,10.928472518920898,11.16182068658469,10.90902683828225,11.084037964030093,1622600
1998-12-14,11.00624942779541,11.297934483302356,10.792347053756984,10.850684064858372,1500200
1998-12-15,10.792351722717285,10.986808510513994,10.617340613700248,10.967362831734322,1069200
1998-12-16,10.734010696411133,10.792347711065542,10.578445323999377,10.792347711065542,965000
1998-12-17,10.811797142028809,10.889579855280815,10.656231715524799,10.656231715524799,1533000
1998-12-18,10.422884941101074,10.870135600887128,10.189536770777915,10.870135600887128,2867800
1998-12-21,10.15064525604248,10.539558867385104,10.092308214341088,10.422884783982317,1978600
1998-12-22,9.956186294555664,10.170088734477758,9.800620883703232,10.092306029051542,2145200
1998-12-23,10.208975791931152,10.28675846463158,9.956182105654761,9.956182105654761,1532400
1998-12-24,10.306209564208984,10.345100921055057,10.18953549367077,10.18953549367077,532000
1998-12-28,10.383988380432129,10.578445091676176,10.345097038183319,10.383988380432129,1170400
1998-12-29,10.578450202941895,10.695124286062578,10.364547717220644,10.364547717220644,1699800
1998-12-30,10.578450202941895,10.753461327622919,10.578450202941895,10.578450202941895,791200
1998-12-31,10.967365264892578,11.045147997267701,10.578451603016953,10.578451603016953,747200
1999-01-04,11.220160484313965,11.356280282217254,11.045149315581165,11.045149315581165,1893800
1999-01-05,11.278489112854004,11.336826125506697,11.20070642931708,11.220152100201311,1037400
1999-01-06,11.511841773986816,11.511841773986816,11.278493629919517,11.297939308591792,1262600
1999-01-07,11.511841773986816,11.609070167348191,11.492396095314541,11.511841773986816,1483600
1999-01-08,11.72574234008789,11.822970717700558,11.531285584862552,11.531285584862552,899000
1999-01-11,11.609066009521484,11.667403024644708,11.570174666106002,11.647957352936967,1453200
1999-01-12,11.589624404907227,11.66740711903412,11.570178726375502,11.628515761970673,1187000
1999-01-13,11.200708389282227,11.27849108643002,11.142371366421381,11.200708389282227,3159000
1999-01-14,11.045146942138672,11.220158073264107,11.045146942138672,11.161821029555629,1611600
1999-01-15,11.356278419494629,11.414615466170115,11.084038868342361,11.084038868342361,623600
1999-01-19,11.122925758361816,11.25904547918093,10.986806037542705,11.20070845597274,912600
1999-01-20,10.675678253173828,11.161820250130742,10.59789553366072,11.025700490982805,1262800
1999-01-21,10.967365264892578,11.161822095830388,10.714571384673421,10.753462750860985,767200
1999-01-22,10.617338180541992,11.045143015655405,10.578446831895318,10.811794923775361,1183800
1999-01-25,10.578450202941895,10.695124286062578,10.461776119821213,10.578450202941895,1274800
1999-01-26,10.617338180541992,11.045143015655405,10.500664134601971,11.045143015655405,1630600
1999-01-27,10.442330360412598,10.967363730489208,10.442330360412598,10.578450123025052,2327400
1999-01-28,10.364546775817871,10.500666527095028,10.189535667032953,10.461775169587268,1204600
1999-01-29,10.053413391113281,10.325652825302035,9.956185021760154,10.286761477560784,1002000
1999-02-01,10.306209564208984,10.442329313170235,10.111752779978627,10.111752779978627,1127200
1999-02-02,10.656228065490723,10.811793438709566,10.228423289138906,10.228423289138906,1407000
1999-02-03,10.558998107910156,10.772900463687341,10.461769764375072,10.65622645144524,2048600
1999-02-04,10.909025192260742,10.986807903079,10.48122028276032,10.48122028276032,1914400
1999-02-05,10.947916984558105,11.161819447844321,10.889579949116412,10.92847130607754,1190200
1999-02-08,10.947916984558105,10.986808341519236,10.870134270635846,10.947916984558105,949200
1999-02-09,11.220160484313965,11.336834596802499,10.870138146848364,10.947920888507387,1634600
1999-02-10,11.259047508239746,11.472949965218396,11.181264796611147,11.200710474518297,1291400
1999-02-11,11.317383766174316,11.414612149045231,11.259046736451769,11.317383766174316,443600
1999-02-12,10.909025192260742,11.395167134874857,10.889579514556177,11.336830101761164,632000
1999-02-16,10.889575958251953,11.181261028562274,10.811793272835867,11.103478343146188,499800
1999-02-17,10.831238746643066,11.045141127636017,10.772901733644987,10.772901733644987,543400
1999-02-18,10.617338180541992,10.928468969715384,10.597892506218654,10.831240598098699,808200
1999-02-19,10.811797142028809,10.947916890219819,10.656231715524799,10.656231715524799,485000
1999-02-22,11.395174980163574,11.395174980163574,10.850695629575554,10.889587011760412,1061800
1999-02-23,10.986808776855469,11.375722361876901,10.850689022097967,11.356276682625829,741000
1999-02-24,11.200708389282227,11.297936760716967,11.006251646412743,11.006251646412743,888800
1999-02-25,11.084035873413086,11.161818581296686,10.909024780674985,11.142372904325786,838200
1999-02-26,10.87013053894043,11.12292427240416,10.734010836306114,11.12292427240416,648600
1999-03-01,10.481222152709961,10.889581457360999,10.364548065666808,10.889581457360999,1000400
1999-03-02,10.578450202941895,10.714569966582692,10.383993397740758,10.422884758780985,909200
1999-03-03,10.73934555053711,10.934606378728693,10.700293384898792,10.71981946771795,1140600
1999-03-04,10.60265827178955,10.758866865112418,10.583132197624193,10.719814716781702,779000
1999-03-05,10.856501579284668,10.895553743238928,10.64171467753623,10.64171467753623,1546000
1999-03-08,10.934602737426758,10.993180966377258,10.758868050575257,10.876024508476258,1076400
1999-03-09,10.680764198303223,10.934603201187944,10.58313381257833,10.934603201187944,515000
1999-03-10,10.680764198303223,10.71981635259318,10.524555581143396,10.680764198303223,628000
1999-03-11,10.954129219055176,11.071285681291059,10.778394525701348,10.934603142015861,615800
1999-03-12,10.973658561706543,11.129867224506635,10.973658561706543,11.032236810256578,454800
1999-03-15,10.895550727844238,11.012707187283423,10.79792034497825,10.934602880990633,755400
1999-03-16,10.856501579284668,11.051762399055974,10.817449415330406,11.012710235101713,723200
1999-03-17,10.895550727844238,10.895550727844238,10.778394268405052,10.856498574697843,724800
1999-03-18,11.051756858825684,11.09080900320316,10.856496136938304,10.856496136938304,948400
1999-03-19,10.797919273376465,11.207966840719875,10.797919273376465,11.207966840719875,952000
1999-03-22,10.583137512207031,10.91508093971168,10.485507092352723,10.817450519857372,933800
1999-03-23,10.446450233459473,10.602658835081296,10.446450233459473,10.544080609473113,1037200
1999-03-24,10.309774398803711,10.5636135411985,10.290248310927188,10.407404838186322,1075000
1999-03-25,10.485507011413574,10.505033095233712,10.25119400557193,10.309772257032341,1882400
1999-03-26,10.778389930725098,11.247015579887059,10.485498899998873,10.505024968713954,1738600
1999-03-29,11.422759056091309,11.481337307661008,10.993185211246848,11.051763462816547,1762200
1999-03-30,11.344653129577637,11.383705291813705,11.2079705617514,11.344653129577637,691200
1999-03-31,11.26655101776123,11.559442292053117,11.149394508044477,11.305603187666815,651600
1999-04-01,11.247020721435547,11.28607287671831,11.129864255587261,11.149390333228641,456600
1999-04-05,11.247020721435547,11.403229342566597,11.168916410870024,11.325125032001072,613000
1999-04-06,11.012711524963379,11.28607670466105,10.9346071879069,11.168920199076334,1029400
1999-04-07,11.090816497802734,11.188446924720013,10.973659985502001,11.032238241652369,850200
1999-04-08,11.149393081665039,11.168919164119794,11.090814834300774,11.090814834300774,683800
1999-04-09,11.129866600036621,11.227497008808871,11.11034051828217,11.14939268179107,399600
1999-04-12,11.83280086517334,11.83280086517334,11.286070792195034,11.286070792195034,926200
1999-04-13,12.028064727783203,12.2037994397151,11.73517354123004,11.77422569943713,1823800
1999-04-14,13.590154647827148,13.746363321940104,12.008541822433472,12.02806790669759,2793800
1999-04-15,14.234515190124512,15.152241135166832,13.824467427446027,13.90257176319431,3769000
1999-04-16,14.175926208496094,14.21497834681151,13.961139447761305,14.156400139338386,1939400
1999-04-19,14.917928695678711,15.620867744166189,14.175937477830816,14.175937477830816,2518200
1999-04-20,14.546930313110352,15.542760441927301,14.39072166545279,14.605508555981936,2810000
1999-04-21,15.210816383361816,15.230342463443153,14.449299260189658,14.50787750043367,2594000
1999-04-22,14.800765037536621,15.347495144464096,14.683608586052163,15.132708316742589,2043000
1999-04-23,15.074134826660156,15.074134826660156,14.722665361789842,14.839821850079947,1392000
1999-04-26,14.87887191772461,15.035080546782085,14.820293681828055,14.996028389517715,1477000
1999-04-27,14.625028610229492,15.425597599574496,14.605502537318637,14.87886755807059,2626000
1999-04-28,15.48418140411377,15.64039004375174,14.70313820592392,14.70313820592392,5163800
1999-04-29,15.952813148498535,16.089495758093992,15.562291406797224,15.562291406797224,5091000
1999-04-30,16.167593002319336,16.167593002319336,15.777071432215005,16.03091045278282,2300200
1999-05-03,16.98769187927246,17.046270127132022,16.050439913519497,16.16759640923862,4440200
1999-05-04,16.5581111907959,17.16341950083679,16.48000689272611,17.0462630537321,5300200
1999-05-05,15.97233772277832,16.59717245031977,15.796602955657288,16.55812027984843,3165200
1999-05-06,16.772899627685547,16.792425704085645,15.972330495281463,15.972330495281463,2836000
1999-05-07,16.5581111907959,16.94863268114486,16.401902594656317,16.65574156338314,1380000
1999-05-10,16.714323043823242,16.714323043823242,16.440957947312114,16.519062260601007,827000
1999-05-11,18.159257888793945,18.159257888793945,16.987692863710464,17.10484936621881,3119400
1999-05-12,17.143901824951172,17.65158001111146,16.753380143289416,17.65158001111146,2732400
1999-05-13,17.41726303100586,17.612523827317585,17.143897916169443,17.143897916169443,2214000
1999-05-14,16.929115295410156,17.41726740888796,16.558119689167025,17.378215239809734,1441800
1999-05-17,16.323806762695312,16.87053713273774,15.894232900519121,16.87053713273774,858200
1999-05-18,16.421430587768555,16.948634661335443,16.284748050177143,16.284748050177143,1827200
1999-05-19,16.440954208374023,16.5581106516641,16.109010952385475,16.421428134492345,1258800
1999-05-20,16.440954208374023,16.59716279942746,16.362849912847306,16.362849912847306,1300800
1999-05-21,16.694799423217773,16.792429829201502,16.401908205266583,16.401908205266583,1241200
1999-05-24,16.284746170043945,16.67526766093229,16.18711579732186,16.558111213665786,890400
1999-05-25,15.757548332214355,16.245700387115665,15.659917921234092,16.167596058331455,1411000
1999-05-26,15.50371265411377,15.698973518775151,15.308451789452386,15.620869172910599,987600
1999-05-27,15.210816383361816,15.581811904907227,14.917925182141754,15.4646554244192,758800
1999-05-28,15.4256010055542,15.659913932220846,14.898396920554246,15.152235924443112,722200
1999-06-01,15.97233772277832,15.97233772277832,14.956981290523464,15.113189972408827,934800
1999-06-02,15.933281898498535,15.933281898498535,15.445129879549437,15.894229736982608,943400
1999-06-03,16.662437438964844,16.662437438964844,15.918403804792502,15.918403804792502,1278200
1999-06-04,16.916976928710938,16.99529626634386,16.42748106850518,16.721178584628635,1512200
1999-06-07,16.427480697631836,16.838657210921788,16.36874119573327,16.838657210921788,1025600
1999-06-08,16.251262664794922,16.427481175618,16.153363492115435,16.270842499330822,517200
1999-06-09,15.918401718139648,16.251258826637034,15.624704269465486,16.251258826637034,1169600
1999-06-10,15.585539817810059,15.898817000077598,15.565959993918337,15.703018761160386,555800
1999-06-11,15.742176055908203,15.800915518803382,15.585537488187724,15.585537488187724,555000
1999-06-14,15.977134704589844,15.977134704589846,15.624697909635657,15.742176841287053,1230600
1999-06-15,15.820509910583496,16.1142074955572,15.703030876594013,15.977148622569471,740400
1999-06-16,15.859658241271973,15.89881789125042,15.663859991379725,15.85965824127197,654400
1999-06-17,15.800922393798828,15.879241711735872,15.68344341689326,15.859661882251611,689600
1999-06-18,15.810705184936523,15.859654736592674,15.703016171292994,15.703016171292994,825000
1999-06-21,15.409320831298828,15.683438355616723,15.096043660649803,15.663858532451158,944400
1999-06-22,15.72260570526123,15.781345203537423,15.350588882845335,15.487647712156454,1347600
1999-06-23,15.644274711608887,15.820493075068812,15.428896711824535,15.683434347933314,753200
1999-06-24,15.15478801727295,15.644283754264968,15.017729210915183,15.585544265825927,682000
1999-06-25,15.076473236083984,15.350590931285511,14.919834553111682,14.919834553111682,989000
1999-06-28,14.919832229614258,15.076470888192885,14.78277340335796,14.998151558903572,1082200
1999-06-29,15.54638671875,15.54638671875,14.919832090286524,14.919832090286524,956600
1999-06-30,15.331008911132812,15.624706399851831,15.331008911132812,15.507227404364224,1823800
1999-07-01,14.939408302307129,15.13520657625611,14.763189855753048,14.802349510542843,1723200
1999-07-02,15.565964698791504,15.624704188220905,15.076468953546486,15.076468953546486,1738800
1999-07-06,15.48764419555664,15.781341620251142,15.448484538930709,15.644282822060376,1672000
1999-07-07,15.644274711608887,15.742173802419957,15.585535257122245,15.624694893446673,2482800
1999-07-08,15.6638765335083,15.859674990177155,15.605136996507644,15.644296687841415,2194000
1999-07-09,15.683444023132324,15.898822155784579,15.66386419289121,15.66386419289121,652000
1999-07-12,15.54638671875,16.094622018655542,15.468067390192067,16.094622018655542,1724800
1999-07-13,14.704453468322754,15.40932740288949,14.293277006492156,15.40932740288949,2812000
1999-07-14,15.135210037231445,15.193949532848126,14.72403356791468,14.72403356791468,3835000
1999-07-15,15.09604263305664,15.272261029551466,14.99814352389285,15.193941742220433,1113400
1999-07-16,15.350587844848633,15.546386159196192,14.528234924588887,14.919831553284004,2695600
1999-07-19,14.645708084106445,15.272262440645758,14.528229142255324,15.272262440645758,2386800
1999-07-20,14.80234146118164,15.076458895647969,14.645702927200883,14.645702927200883,2266400
1999-07-21,14.567386627197266,14.900243579700428,14.528226985726304,14.802344476023027,2138200
1999-07-22,14.391176223754883,14.528235044933501,14.175798076188483,14.44991571854572,1432000
1999-07-23,14.528231620788574,14.645710582681744,14.234534216055652,14.391172831913211,1142200
1999-07-26,14.567386627197266,14.763184834552067,14.410748061313424,14.449907702784385,1330800
1999-07-27,14.626142501831055,14.743621558070663,14.547823131004652,14.586982816417853,1380400
1999-07-28,14.704453468322754,14.841512288932952,14.645713973775525,14.645713973775525,671800
1999-07-29,14.528231620788574,14.645710582681744,14.214954389073457,14.645710582681744,765400
1999-07-30,14.449919700622559,14.528239048593413,14.23454149370271,14.489079374607986,654000
1999-08-02,14.528231620788574,14.724029890610524,14.410752658895406,14.449912312859794,666000
1999-08-03,14.724028587341309,14.724028587341309,14.48907068435182,14.567389985348317,773400
1999-08-04,15.585539817810059,15.78133805672727,14.880666157708097,15.037304748841866,2263200
1999-08-05,15.683444023132324,15.800923004579008,15.40932639975673,15.624704532408982,2289600
1999-08-06,15.605130195617676,15.820508404089185,15.487651172815033,15.663869707018996,560400
1999-08-09,15.350587844848633,15.683444979239484,15.03731054189254,15.03731054189254,1661800
1999-08-10,15.331008911132812,15.585546734689295,15.272269413389008,15.35058874371408,643400
1999-08-11,15.54638671875,15.663865711586903,15.350588397355164,15.389748061634132,553800
1999-08-12,15.95755672454834,16.01629619715404,15.546380416308445,15.546380416308445,789000
1999-08-13,15.800922393798828,16.212098812968314,15.644283757924738,15.97714085915718,553400
1999-08-16,15.48764419555664,15.80092144856411,15.213526599175108,15.80092144856411,813200
1999-08-17,15.507225036621094,15.761762821313106,15.389746059070932,15.526804866212785,1781800
1999-08-18,15.409320831298828,15.507219947126647,15.291841892305444,15.487640123961082,509000
1999-08-19,15.272262573242188,15.526800282796225,15.174363454182943,15.331002044677735,2220800
1999-08-20,15.350587844848633,15.546386159196192,15.27226851910961,15.291848350544367,837000
1999-08-23,15.507225036621094,15.644283843762945,15.428905718254319,15.428905718254319,1048000
1999-08-24,15.742176055908203,15.761755876873263,15.389739278537123,15.468058562397363,649800
1999-08-25,15.585539817810059,16.016295943427924,15.585539817810059,15.820497704510712,1097200
1999-08-26,15.076473236083984,15.624708626487038,14.821935376253995,15.546389285000886,835000
1999-08-27,15.272262573242188,15.350581868489584,15.05688451131185,15.115623982747396,1235600
1999-08-30,14.704453468322754,15.291848413795034,14.68487363680701,15.252688750763548,430600
1999-08-31,14.724028587341309,14.939406665081673,14.547810160099193,14.861087364085177,688600
1999-09-01,14.919832229614258,15.115630552837542,14.724033906390973,14.724033906390973,479000
1999-09-02,14.885261535644531,15.003086824844884,14.72816115004406,14.983449276644825,380400
1999-09-03,15.06199836730957,15.336924021993187,14.904897993204646,14.904897993204646,428800
1999-09-07,14.649614334106445,14.90490251955334,14.629976781379762,14.669251886833129,1306200
1999-09-08,14.885261535644531,14.92453663204465,14.551423216243533,14.649610957243826,893000
1999-09-09,14.924541473388672,14.934360250673796,14.806716145967183,14.845991255107679,279000
1999-09-10,14.806720733642578,14.924546097570769,14.767445612333182,14.885270976261372,384400
1999-09-13,14.9834566116333,15.022731727260124,14.728168360058946,14.806718591312594,396600
1999-09-14,14.728168487548828,14.904906509399416,14.649618255615236,14.904906509399416,445800
1999-09-15,14.66926383972168,14.904914664456165,14.649626270993807,14.846001958272543,659600
1999-09-16,14.629973411560059,14.885261538204732,14.531785670542877,14.669248507966932,503400
1999-09-17,14.806720733642578,15.04237146149896,14.66925780905969,14.66925780905969,1200600
1999-09-20,14.256861686706543,14.571062495229,14.139036383510621,14.453237192033079,1162600
1999-09-21,13.98194408416748,14.315782636738895,13.883756274587652,14.315782636738895,985600
1999-09-22,13.942663192749023,14.237226499638087,13.726650101030376,13.942663192749023,1680200
1999-09-23,13.471368789672852,13.942670321673068,13.432093662006167,13.8641200663397,1016000
1999-09-24,13.039335250854492,13.294623441006765,12.68585929525904,13.274985887918128,2087400
1999-09-27,13.98194408416748,14.021219207999412,13.27499185519272,13.314266979024652,2063800
1999-09-28,14.17832088470459,14.374696520226815,13.883757431421254,13.9230325585257,1639000
1999-09-29,14.5121488571167,14.747799447489365,14.139035422359976,14.139035422359976,1101400
1999-09-30,14.453237533569336,14.845988553503286,14.394324880579244,14.43359998257264,1571400
1999-10-01,14.374693870544434,14.433606550341747,14.197955831152495,14.413968990409309,1443600
1999-10-04,14.394329071044922,14.512154411326327,14.374691514331355,14.374691514331355,1526600
1999-10-05,14.453237533569336,14.551425288552824,14.374687329582546,14.374687329582546,786800
1999-10-06,14.433602333068848,14.47287744145815,14.355052116290242,14.374689670484894,869000
1999-10-07,14.826356887817383,15.022732475735493,14.374693035605727,14.43360571198116,782800
1999-10-08,14.767439842224121,14.983452925022613,14.649614524334035,14.767439842224123,1633400
1999-10-11,14.649614334106445,14.94417762500671,14.551426570473025,14.649614334106445,402400
1999-10-12,14.355058670043945,14.590709427965322,14.33542110688383,14.571071864805207,467600
1999-10-13,14.158681869506836,14.35505748489528,14.040856500273769,14.35505748489528,862600
1999-10-14,14.119402885437012,14.217590666281497,13.942664879916936,14.178315553943703,1206800
1999-10-15,13.569552421569824,14.19795427032559,13.549914863796207,14.19795427032559,674000
1999-10-18,13.746293067932129,14.04085649081639,13.549917452675956,13.569555014201574,584400
1999-10-19,13.589184761047363,13.785560263374638,13.549909660581909,13.746285162909182,856600
1999-10-20,13.726654052734375,13.824841849964235,13.412453101598825,13.628466255504517,864800
1999-10-21,14.296138763427734,14.374688976413601,13.569549293308468,13.726649719280202,928400
1999-10-22,14.1390380859375,14.296138509114584,13.962300109863282,14.296138509114584,478800
1999-10-25,14.296138763427734,14.5514269556318,13.962300358237801,14.060488124470135,1108800
1999-10-26,14.27650260925293,14.629978602329343,14.256865054082017,14.296140164423841,1129600
1999-10-27,14.335417747497559,14.453243098846855,14.119404603357184,14.394330423172207,839200
1999-10-28,14.413965225219727,14.433602780022479,14.31577745120597,14.355052560811473,1790000
1999-10-29,14.688887596130371,15.101276151636705,14.37468679193507,14.413961892459481,1614600
1999-11-01,14.551426887512207,14.747802419057582,14.53178933435767,14.68888975959397,807000
1999-11-02,14.492526054382324,14.629989038637982,14.335425500947284,14.551438761920462,785400
1999-11-03,14.453237533569336,14.610337941542916,14.237224472605664,14.413962431575941,904800
1999-11-04,14.865631103515625,15.003094006718543,14.45324239390687,14.492517509107703,1134000
1999-11-05,14.904903411865234,15.238741828204772,14.885265857962908,15.081641396986166,1115000
1999-11-08,14.571064949035645,14.865628256630703,14.45323962599762,14.865628256630703,457400
1999-11-09,14.708536148071289,14.728173713021985,14.492522933613634,14.61034832331781,697200
1999-11-10,14.904903411865234,15.06200384308384,14.767440534548955,15.042366289181514,894200
1999-11-11,14.865631103515625,15.120919352321046,14.492517509107703,15.120919352321046,945400
1999-11-12,14.453237533569336,14.610337941542916,14.315774676592454,14.610337941542916,883200
1999-11-15,15.003089904785156,15.003089904785156,14.45323844230612,14.472875994537514,861000
1999-11-16,15.376208305358887,15.435120980858347,14.96381957686267,14.96381957686267,934000
1999-11-17,15.06199836730957,15.552937036387457,14.963810633493992,15.395836662282534,1294800
1999-11-18,14.688887596130371,15.140551252161117,14.629974945343752,15.042363500850085,1207200
1999-11-19,14.688887596130371,14.728162696654783,14.512149643770513,14.610337395081546,612800
1999-11-22,14.66926383972168,14.767451683361049,14.492525721170816,14.610351133538058,603000
1999-11-23,14.335417747497559,14.355055306055775,13.903391459216811,14.355055306055775,1138800
1999-11-24,14.080131530761719,14.276507144858813,14.080131530761719,14.197956899219976,479800
1999-11-26,13.923033714294434,14.158684496482774,13.923033714294434,14.09977180093569,363200
1999-11-29,13.923033714294434,14.040859105388604,13.824845888382626,13.962308844659157,924400
1999-11-30,14.02121639251709,14.119404182380654,13.726653022926394,13.864115928735385,702600
1999-12-01,14.197955131530762,14.217592690495534,13.883754188094397,13.90339174705917,825200
1999-12-02,14.256861686706543,14.256861686706543,14.099761282445314,14.119398832977968,717200
1999-12-03,14.458575248718262,14.813145213945687,14.320686928907598,14.320686928907598,823200
1999-12-06,14.123708724975586,14.478278818489617,14.104010386447028,14.419183802903945,386800
1999-12-07,14.1827974319458,14.340384070078533,13.966115804513297,14.044909123579663,911000
1999-12-08,14.1827974319458,14.261590751012168,13.867624155680339,14.143400772412619,566800
1999-12-09,14.360086441040039,14.458578117590383,14.22219809386956,14.22219809386956,1012200
1999-12-10,14.478272438049316,14.635859076830805,14.241892479877082,14.281289139572454,703000
1999-12-13,14.394561767578125,14.63586642943626,14.182804615335273,14.557073070462176,569800
1999-12-14,14.084311485290527,14.497976577865494,14.064613147548862,14.182803173998852,845400
1999-12-15,14.53738021850586,14.537380218505861,13.847938067221707,14.005524844658085,2000200
1999-12-16,14.81314468383789,15.049524652197006,14.438876400602625,14.616161376871961,2032200
1999-12-17,14.754057884216309,14.813152909119712,14.497979442968228,14.73435954258184,1318400
1999-12-20,14.497969627380371,14.793444551851438,14.340383000995802,14.793444551851438,902800
1999-12-21,14.517666816711426,14.754046737743362,14.517666816711426,14.655555103980056,1286400
1999-12-22,14.576766967773438,14.67525863647461,14.39948196411133,14.557068634033204,929800
1999-12-23,14.931330680847168,15.108615609775432,14.596459148427112,14.596459148427112,1675800
1999-12-27,15.207110404968262,15.24650706404849,15.069222098187462,15.088920427727576,1792600
1999-12-28,15.69958209991455,15.7586771391865,15.207123439314973,15.207123439314973,1001600
1999-12-29,16.113231658935547,16.310214931049675,15.581376824227405,15.62077347865023,1657800
1999-12-30,15.955647468566895,16.07383744981554,15.857155817526358,15.955647468566895,666000
1999-12-31,15.857160568237305,15.975350584894976,15.817763896018082,15.876858904346918,463000
2000-01-03,15.69958209991455,16.428420917601926,15.601090367794635,15.857168871306415,1369400
2000-01-04,15.423797607421875,15.620780974055616,15.325305924105006,15.54198762740212,983600
2000-01-05,15.69958209991455,15.975358949850314,15.423805249978788,15.423805249978788,3410600
2000-01-06,16.861772537231445,16.92086753444137,15.660174260629672,15.699570925436289,2463600
2000-01-07,16.8814697265625,16.999659712979508,16.52689976731148,16.782978071214995,2128400
2000-01-10,16.901168823242188,16.940565487165827,16.68448717166216,16.76328049950944,1391600
2000-01-11,17.17694854736328,17.31483689579395,16.82237850854156,16.82237850854156,2303600
2000-01-12,16.8814697265625,17.295134679022027,16.56629642945048,17.098151368327013,1497600
2000-01-13,16.645095825195312,17.196649296326044,16.645095825195312,16.86177754599667,1135200
2000-01-14,16.84208106994629,17.01936613384046,16.80268438908092,16.84208106994629,995200
2000-01-18,16.113231658935547,16.566293184798038,15.876851732398595,16.52689653037521,1185000
2000-01-19,15.502582550048828,15.896549069745113,15.3252976161855,15.876850743760299,1538400
2000-01-20,14.931330680847168,15.423788816759012,14.340380917752952,15.423788816759012,1869400
2000-01-21,14.773752212524414,15.049528920491538,14.714657203674317,15.010132247924806,1574400
2000-01-24,15.364692687988281,15.44348598382412,14.576759729629908,14.694949673383665,2158000
2000-01-25,13.847929954528809,14.813148400861543,13.35547156354272,14.734355058303768,3920200
2000-01-26,13.532757759094238,14.104009542229221,13.316076048249935,13.847931156685952,2475200
2000-01-27,13.788836479187012,13.86762983049665,13.27667969567435,13.31607637132917,2670800
2000-01-28,12.863014221191406,13.710042722739999,12.606935837002297,13.670646048249367,2028200
2000-01-31,12.84330940246582,12.922102711683403,12.134169619507585,12.922102711683403,2810000
2000-02-01,12.922104835510254,13.000898157678,12.469043233045719,12.764518191174764,2200800
2000-02-02,12.29176139831543,12.922108136690579,11.976588029127853,12.922108136690579,3565200
2000-02-03,12.76451301574707,13.099384499184879,12.528133145085087,12.567529790195417,3135600
2000-02-04,13.040291786193848,13.158481741959955,12.666023592934508,12.685721918895526,2354600
2000-02-07,13.237281799316406,13.355471815381732,13.000901767185757,13.119091783251081,3286000
2000-02-08,12.823619842529297,13.23728499873992,12.803921501757362,12.961508227932837,1675600
2000-02-09,12.409950256347656,12.744821929931641,12.311458587646484,12.744821929931641,2568400
2000-02-10,12.114477157592773,12.5675389049499,11.897795452335016,12.409952210216987,2178600
2000-02-11,11.858392715454102,12.055375983152675,11.700806101295242,12.035677656382818,2328800
2000-02-14,12.232660293579102,12.291755270842769,11.661408846696986,11.77959880122432,1752400
2000-02-15,12.685724258422852,12.803914235985797,12.055377711420473,12.094774370608121,3780000
2000-02-16,12.941798210144043,13.119083117132318,12.567530073168797,12.725116657158374,2291200
2000-02-17,12.882711410522461,13.23728144934418,12.84331473954227,12.863013075032367,1514200
2000-02-18,12.48874282836914,12.843312814032618,12.409949498221701,12.764519483885179,1340400
2000-02-22,12.449347496032715,12.5281408346152,12.331157488158986,12.409950826741472,1890800
2000-02-23,12.094775199890137,12.764518452001317,12.094775199890137,12.528138480667959,2666000
2000-02-24,11.32654094696045,12.114474230227263,11.070462629898735,12.114474230227263,2292200
2000-02-25,11.188651084899902,11.425031037397789,11.07046110865096,11.287142731774022,1495200
2000-02-28,11.129557609558105,11.385635926238203,10.991669285191898,11.07046261340116,1979200
2000-02-29,10.637101173400879,11.149257896564626,10.518911160363091,11.070464554539434,2777800
2000-03-01,10.499210357666016,10.755288659072505,10.400718703278905,10.71589199731766,1595600
2000-03-02,10.302227973937988,10.676496294214894,10.203736310707225,10.518909633045672,1540400
2000-03-03,10.80653190612793,11.044038101867004,10.450272612519315,10.450272612519315,3211600
2000-03-06,10.72736644744873,10.92528833762306,10.648197691378998,10.687782069413863,2260200
2000-03-07,10.153392791748047,10.687781886050574,10.094016225714432,10.667989697372704,1034800
2000-03-08,10.173184394836426,10.450275020376717,10.094015644682056,10.21276876991361,2256400
2000-03-09,10.074219703674316,10.173180604496265,9.935674442523588,10.173180604496265,1279000
2000-03-10,10.608610153198242,10.925285083144459,10.054429025792365,10.054429025792365,2692200
2000-03-13,10.569026947021484,10.766948799961963,10.212767611728626,10.52944257643339,1626000
2000-03-14,10.648195266723633,10.885701480851298,10.569026528681079,10.648195266723633,1874600
2000-03-15,11.79613971710205,12.350320777637046,10.727361957498845,10.727361957498845,2931400
2000-03-16,12.686782836914062,12.82532804730158,11.875303747501462,11.914888093326468,3434000
2000-03-17,11.716974258422852,12.528453894563624,11.380507092218142,12.508661708316287,2063200
2000-03-20,12.033645629882812,12.587826678627415,11.875308187384354,11.875308187384354,1126600
2000-03-21,12.330530166625977,12.429491082891031,11.954478684818763,12.07323178433683,1242000
2000-03-22,11.914889335632324,12.191979785298193,11.756551935823257,12.172187610322059,1736600
2000-03-23,11.954480171203613,12.469076999765358,11.895103614061872,11.895103614061872,1291000
2000-03-24,12.290942192077637,12.389903079292433,11.71696904623182,11.71696904623182,1361400
2000-03-27,12.093023300170898,12.528451307705694,12.053438935849554,12.290945121777623,1354400
2000-03-28,12.27115249633789,12.845125758263373,12.053438500435123,12.053438500435123,1548000
2000-03-29,12.607621192932129,12.825335216671931,12.429491537145019,12.429491537145019,1575000
2000-03-30,13.122214317321777,13.676395314131748,12.548241142054309,12.666994212799302,2351400
2000-03-31,13.181597709655762,13.537857107214025,12.74616955708455,13.142013332149286,1894400
2000-04-03,13.20138168334961,13.33992691840725,12.904499036797517,13.102420801165579,1019000
2000-04-04,13.260764122009277,13.656607827143883,12.815439953732847,13.3399328630362,2181200
2000-04-05,12.983668327331543,13.458680583209526,12.548240426110059,13.181590100614036,1260000
2000-04-06,13.280556678771973,13.379517607823924,13.003466077426507,13.06284263485768,1317800
2000-04-07,13.102422714233398,13.201383610866582,13.023253996926853,13.082630534906762,929400
2000-04-10,13.14201545715332,13.339937376688763,13.062846689339144,13.18159984106041,963400
2000-04-11,14.111824989318848,14.171201532050905,13.003462858320452,13.023255039231138,2230200
2000-04-12,14.032665252685547,14.289963769307427,13.775366736063669,13.795158929649967,1629800
2000-04-13,13.577441215515137,14.092038112896178,13.4982724620719,14.092038112896178,832400
2000-04-14,12.627409934997559,13.379512721094592,12.587825577834558,13.300344006768588,1966200
2000-04-17,12.647205352783203,12.86491937294066,12.310738230721679,12.666997536433882,1165600
2000-04-18,12.053438186645508,12.587827071767723,11.875308558271437,12.568034890837271,1422200
2000-04-19,12.191987037658691,12.409701091902598,12.013857356913679,12.231571411157583,1347400
2000-04-20,13.32014274597168,13.814947454217286,12.112819257852404,12.112819257852404,2534000
2000-04-24,13.359716415405273,13.715975519816082,13.142002518265336,13.300339898003473,2424200
2000-04-25,13.537857055664062,13.617025810375548,13.142013282106634,13.142013282106634,1858200
2000-04-26,13.775360107421875,14.012866316170529,13.37951642617412,13.537853898673223,2848400
2000-04-27,13.814940452575684,13.91390134406978,13.30034381680639,13.30034381680639,1737800
2000-04-28,14.072244644165039,14.349335256005137,13.755569659204925,13.814946218884947,2131200
2000-05-01,14.250371932983398,14.270164116223654,13.735775168736776,13.933697001139324,1605400
2000-05-02,14.80455493927002,14.923308053756141,14.15141280959634,14.250373738334776,1765200
2000-05-03,14.527464866638184,14.764971104239898,14.507672680171375,14.606633612505421,1554200
2000-05-04,14.408707618713379,14.487876341893124,14.329538895533636,14.448291980303251,2043800
2000-05-05,14.60663890838623,14.72539207024303,14.329548197387034,14.329548197387034,901000
2000-05-08,14.468082427978516,14.883718174883509,14.408705892706374,14.527458963250657,816600
2000-05-09,14.329534530639648,14.527456278300416,14.131612782978879,14.448287579236109,997000
2000-05-10,13.993073463439941,14.388917125772048,13.993073463439941,14.250371843955811,1222000
2000-05-11,14.369124412536621,14.50766968924152,14.11182604151324,14.131618223899652,1380200
2000-05-12,14.230578422546387,14.369123692306921,13.973280064419678,14.309747148123835,883800
2000-05-15,14.567046165466309,14.725383623786593,13.814943238444949,13.933696332185164,1148600
2000-05-16,14.408707618713379,14.567045065072866,14.329538895533636,14.567045065072866,754000
2000-05-17,14.250371932983398,14.527462498346965,14.13161883354187,14.289956299463908,631600
2000-05-18,14.408707618713379,14.408707618713379,14.131617087584276,14.171201449174147,808400
2000-05-19,14.527464866638184,14.70559454483947,14.309750815503278,14.32954300197009,1264200
2000-05-22,14.725381851196289,15.04205672971664,14.448291332490983,14.646213131566203,1183800
2000-05-23,15.180602073669434,15.319147333794188,14.725381933259529,14.725381933259529,2124800
2000-05-24,14.94310188293457,15.002478446707821,14.685803439917155,15.002478446707821,1495800
2000-05-25,14.092039108276367,14.923311078146604,13.834740641411772,14.883726698628973,1565000
2000-05-26,13.32014274597168,13.854531830876933,12.983675544364669,13.854531830876933,3445200
2000-05-30,13.260764122009277,13.43889378931985,12.706582934820831,13.37951723354966,3105400
2000-05-31,13.300344467163086,13.57743497689565,13.10242267449697,13.181591391563416,1472200
2000-06-01,13.122214317321777,13.419096994184262,13.003461246576784,13.419096994184262,1301200
2000-06-02,12.944090843200684,13.161804909370725,12.924298655367043,13.142012721537084,1708400
2000-06-05,12.933765411376953,13.251645974482992,12.715222524241552,13.013235552153462,956000
2000-06-06,12.874146461486816,12.933748991401107,12.794676421601094,12.794676421601094,1105000
2000-06-07,12.635748863220215,12.913894278448332,12.596013803901911,12.794689100493425,1317000
2000-06-08,12.536407470703125,12.71521518423138,12.417202328350955,12.71521518423138,809400
2000-06-09,12.615880012512207,12.83442281587856,12.576144957354687,12.635747540090966,1021000
2000-06-12,12.55627727508545,12.854290185095387,12.556277275085447,12.576144802419444,786200
2000-06-13,12.158928871154785,12.715219734540952,12.079458747813904,12.47680936451831,1001200
2000-06-14,12.496667861938477,12.794680609043528,12.238390147780766,12.238390147780766,2954200
2000-06-15,12.258264541625977,12.675482621648902,12.099324320664861,12.556277455928067,1553200
2000-06-16,12.258264541625977,12.397337234966951,12.059589265424583,12.397337234966951,2050200
2000-06-19,11.940381050109863,12.31786397848272,11.940381050109863,12.2582614108449,2615800
2000-06-20,12.158928871154785,12.298001587001327,11.841048377791262,12.059591216978685,2103200
2000-06-21,11.821175575256348,12.158923448835102,11.62250035550414,12.079453360934219,1003400
2000-06-22,11.86091136932373,11.940381462250523,11.76157375316524,11.781441276396938,1259000
2000-06-23,11.781438827514648,12.178789209555614,11.682101232004406,11.86090890392284,1916000
2000-06-26,11.622499465942383,12.079452436398237,11.562896904578574,12.079452436398237,1213000
2000-06-27,12.357596397399902,12.536404062314048,11.682100774390904,11.701968292714698,1785800
2000-06-28,12.268195152282715,12.397334048622533,12.019851120859986,12.238393868511986,1254800
2000-06-29,11.821175575256348,12.397333712537751,11.701970443405024,12.37746619056253,1421600
2000-06-30,11.90064811706543,12.377468742790922,11.841045538849743,12.11919090385628,2365200
2000-07-03,12.218530654907227,12.357603361548447,11.99998783018531,11.99998783018531,700600
2000-07-05,12.198662757873535,12.377470518168098,11.999987468657354,11.999987468657354,1801800
2000-07-06,11.801309585571289,12.11918997844863,11.523164241803615,12.079454929338961,2166600
2000-07-07,11.602630615234375,11.960245942416256,11.582763097057603,11.801305797002087,2083800
2000-07-10,11.761574745178223,11.99998504406697,11.602634545919058,11.602634545919058,7850600
2000-07-11,11.999985694885254,12.07945579882489,11.741707857081431,11.76157538306634,8247600
2000-07-12,12.218530654907227,12.27813324346775,11.96025277114496,12.079457948266008,5810400
2000-07-13,12.496667861938477,12.556270411359487,12.158920081886086,12.158920081886086,3230200
2000-07-14,12.437067985534668,12.635743192971324,12.317862861072674,12.635743192971324,3084400
2000-07-17,12.258264541625977,12.337734652106533,12.158926903525279,12.317867124486394,1593600
2000-07-18,12.238394737243652,12.37746740471233,12.158924641547266,12.258262261167749,1030600
2000-07-19,12.278122901916504,12.377460465847866,12.139050312412595,12.25825538913023,2264000
2000-07-20,12.516539573669434,12.615877189333476,12.41720195800539,12.596009666200667,2146000
2000-07-21,12.635748863220215,12.754954041175122,12.55627874458361,12.576146274242761,1755800
2000-07-24,12.099322319030762,12.516540330031823,12.019852221697226,12.516540330031823,3022400
2000-07-25,12.198662757873535,12.35760298924648,11.910583588510072,12.099325113265444,2431000
2000-07-26,12.377466201782227,12.437068767761915,12.158923459856696,12.198658503843157,1867200
2000-07-27,12.456933975219727,12.556271566728656,12.05958360918401,12.377463902012583,2805600
2000-07-28,12.29800033569336,12.49667562383057,12.258265278065917,12.49667562383057,1171000
2000-07-31,12.576138496398926,12.814548704861465,12.31786077056451,12.31786077056451,1985600
2000-08-01,12.516539573669434,12.635744712466284,12.357599388606964,12.596009666200667,1048200
2000-08-02,12.496667861938477,12.556270411359487,12.357595246622786,12.536402894885816,1480000
2000-08-03,12.55627727508545,12.834422657761392,12.476807165749465,12.476807165749465,2108800
2000-08-04,12.615880012512207,12.675482595248484,12.437072264303373,12.596012484933446,1854600
2000-08-07,13.390706062316895,13.390706062316895,12.625806680418972,12.71521050427717,1945400
2000-08-08,13.688724517822266,13.748327091920187,13.509916795528508,13.748327091920187,2187800
2000-08-09,13.450312614440918,13.688722882348289,13.271504913510388,13.688722882348289,1034000
2000-08-10,13.311240196228027,13.58938551376115,13.152300014780527,13.45031285499459,832400
2000-08-11,13.66885757446289,13.947002932082775,13.27150706357734,13.27150706357734,1805400
2000-08-14,13.927131652832031,14.026469253779476,13.668853890368668,14.026469253779476,1143200
2000-08-15,13.966873168945312,14.006608227747432,13.82780046313789,13.84766799253895,689800
2000-08-16,14.185408592224121,14.264878668371034,13.927130844746651,14.006600920893565,724400
2000-08-17,13.98674201965332,14.245019926266238,13.86753683198582,14.185417332432488,1511800
2000-08-18,13.827799797058105,14.026475081498594,13.74832968328191,13.9470049677224,1443400
2000-08-21,13.867528915405273,13.907263955277495,13.78805883566083,13.847661395469162,1024200
2000-08-22,14.185408592224121,14.225143630297579,13.887395806673194,13.907263325709922,4651800
2000-08-23,13.887397766113281,14.264880681072011,13.748325113233749,14.245013159232078,1330800
2000-08-24,13.887397766113281,14.00660289715288,13.827795200593481,13.847662722433416,1554400
2000-08-25,13.98674201965332,14.026477082209155,13.887404363263737,13.887404363263737,1285200
2000-08-28,13.98674201965332,14.04634461348707,13.907271894541655,14.04634461348707,768600
2000-08-29,14.046343803405762,14.066211333537877,13.867536032216721,14.026476273273646,1983000
2000-08-30,13.768199920654297,14.026477841243771,13.738398622124741,14.026477841243771,1214600
2000-08-31,14.071184158325195,14.165554966305493,13.76820419586214,13.807939272906475,2399600
2000-09-01,14.066204071044922,14.125806630667993,13.986733991547492,14.086071590919278,1139600
2000-09-05,14.026473045349121,14.046340570909106,13.947002943109183,13.986737994229152,1036600
2000-09-06,14.3550386428833,14.414851303895315,14.01610023048189,14.036037784152562,2511800
2000-09-07,13.956291198730469,14.275292140415738,13.69710293361119,14.275292140415738,2371600
2000-09-08,13.417977333068848,13.836666076002645,13.258476859570257,13.836666076002645,2437800
2000-09-11,13.437911987304688,13.637287536077753,13.158786219022394,13.35816176779546,1141000
2000-09-12,13.417977333068848,13.457852451443495,13.238539300382934,13.417977333068848,845600
2000-09-13,12.9594087600708,13.437910006596491,12.799908344562237,13.437910006596491,1673800
2000-09-14,12.859723091125488,13.059098642925884,12.700222649685172,12.879660646305528,940400
2000-09-15,12.221725463867188,12.779977197942689,12.12203765421085,12.779977197942689,3838800
2000-09-18,12.102094650268555,12.181844862131939,12.002406885439324,12.1220322032344,1203200
2000-09-19,11.743221282958984,12.042284643305988,11.683408610889584,12.042284643305988,1225000
2000-09-20,11.48403263092041,11.94259643389119,11.424219960967699,11.803033537334866,1566200
2000-09-21,11.723282814025879,11.88278326047521,11.404281921127215,11.563782367576547,1985400
2000-09-22,11.6834135055542,11.962539425482115,11.48403784846283,11.6834135055542,1104800
2000-09-25,11.643532752990723,11.743220533410165,11.284656743480735,11.643532752990723,1075600
2000-09-26,11.364409446716309,11.623597732343171,11.244784084119294,11.484034809313322,1523800
2000-09-27,11.344468116760254,11.603656316264443,11.165030132488123,11.364405670568269,1337600
2000-09-28,11.6235990524292,11.743224428612004,11.204910235789383,11.204910235789383,2665200
2000-09-29,11.9226655960083,12.082166139098714,11.543851806168574,11.543851806168574,1961200
2000-10-02,12.16191291809082,12.341350977538061,11.902724610000359,12.082162669447602,1998000
2000-10-03,12.760040283203125,13.079041290283202,12.141975831985473,12.161913394927979,2492000
2000-10-04,12.341354370117188,13.158794643420586,12.201791396626362,12.740105722948114,1881000
2000-10-05,12.002403259277344,12.480904385893052,11.982465712335022,12.361279104239125,1348400
2000-10-06,11.942601203918457,12.441040319273986,11.603662605476698,12.002413897761121,2120000
2000-10-09,12.201790809631348,12.60054214327943,12.042290276172114,12.12204054290173,1123000
2000-10-10,12.181846618652344,12.540722623784491,12.002408616086269,12.241659286174368,1398000
2000-10-11,11.9226655960083,12.401167225279538,11.902728028122,12.18185397853022,919600
2000-10-12,11.503974914550781,12.062226730161564,11.40428709033457,11.982476470788596,782600
2000-10-13,11.165029525756836,11.444155263900758,10.846028682163784,11.324529947553362,1531800
2000-10-16,11.882781982421875,12.042282411716128,11.165030050597734,11.244780265244861,1427200
2000-10-17,11.28465747833252,12.241660232678742,11.184969691421456,11.882784199798907,1446000
2000-10-18,11.6235990524292,11.703349303217736,11.145097547697981,11.404285862760725,1135000
2000-10-19,10.42734432220459,10.68653261319629,9.669717010075,9.889030179375672,11413800
2000-10-20,10.267840385437012,10.42734081860885,10.048527289825735,10.42734081860885,3327600
2000-10-23,10.108343124389648,10.347593849227273,10.028592882777106,10.347593849227273,1746400
2000-10-24,10.72640609741211,11.025469464440327,10.088404247751908,10.148216921157553,3255800
2000-10-25,10.626717567443848,10.965656026442995,10.50709222897356,10.965656026442995,2111200
2000-10-26,10.92578125,11.125156820255475,10.646655451642335,10.68653056569343,2851000
2000-10-27,11.28465747833252,11.42422038000801,10.686530756866132,10.965656560217113,2697600
2000-10-30,11.543845176696777,11.922658748989072,11.264719386586666,11.304594499459538,2914400
2000-10-31,11.882781982421875,12.301470609319288,11.543843570171585,11.543843570171585,2484400
2000-11-01,11.46409797668457,11.942599457450536,11.46409797668457,11.862849210656208,1344200
2000-11-02,11.6235990524292,11.96253761828048,11.484036113549262,11.52391123894353,1984600
2000-11-03,11.842909812927246,12.042285399003463,11.444158640774814,11.663471785458652,989200
2000-11-06,11.6834135055542,11.922664294063841,11.643538374135925,11.922664294063841,729000
2000-11-07,11.6834135055542,11.942601859772978,11.563788111299377,11.6834135055542,1019600
2000-11-08,11.822969436645508,12.02234497520614,11.40428080566818,11.64353145194094,1353800
2000-11-09,11.523906707763672,11.822970030629511,11.12515561060922,11.783094920914065,1279400
2000-11-10,11.344468116760254,11.643531423880471,11.28465545533621,11.5438436548404,666000
2000-11-13,11.18497371673584,11.663475266114913,11.165036152178379,11.264723974965685,970000
2000-11-14,11.424222946166992,11.444160508027666,10.82609609034673,11.224847327560237,1186600
2000-11-15,11.28465747833252,11.703346183358992,11.204907248803668,11.503970609536863,1090000
2000-11-16,10.98559284210205,11.444156608650776,10.786217291428692,11.444156608650776,1221000
2000-11-17,11.085281372070312,11.344469605589941,10.925780920673617,10.985593589947378,1164400
2000-11-20,10.826092720031738,11.025468276570075,10.806155164377904,11.00553072091624,541800
2000-11-21,10.846026420593262,11.005526809131398,10.626713386353323,10.826088872025995,755000
2000-11-22,10.945717811584473,11.005530477221546,10.766279814673252,10.86596759073504,768400
2000-11-24,11.165029525756836,11.304592394828797,11.00552910396031,11.00552910396031,957200
2000-11-27,11.18497371673584,11.224848845850763,10.985598071161226,11.204911281293302,1396000
2000-11-28,11.204906463623047,11.444157135444181,11.12515623968267,11.184968907637954,824400
2000-11-29,11.643532752990723,11.703345421242387,11.284656743480735,11.284656743480735,2015000
2000-11-30,11.46409797668457,12.042287265943445,11.444160414985989,11.703348717067554,2326800
2000-12-01,11.723282814025879,12.361284599823204,11.48403214435188,11.523907255964213,2483600
2000-12-04,12.221725463867188,12.48091376897367,11.64353616786042,11.64353616786042,1502400
2000-12-05,12.231330871582031,12.251349416380037,12.011126878803958,12.211312326784025,1282800
2000-12-06,12.091203689575195,12.651723065913117,11.991110943800566,12.151259337039972,723800
2000-12-07,11.95107364654541,12.311407525335724,11.850980902436989,12.171277683583934,1195200
2000-12-08,12.111220359802246,12.211313090048545,11.710849438817048,12.031146175605206,993600
2000-12-11,11.971095085144043,12.151262068030826,11.79092810225726,12.151262068030826,611200
2000-12-12,12.19129467010498,12.53160995646259,12.051164846310671,12.09120193882333,1075000
2000-12-13,12.751814842224121,13.052093056719194,12.291388246665008,12.351443889564024,3543800
2000-12-14,12.851906776428223,13.21224061128135,12.751814044524576,12.811869683666764,2385800
2000-12-15,12.671737670898438,12.89194164306255,12.611682042126407,12.81186747136651,2177400
2000-12-18,13.012049674987793,13.032068212949314,12.65171599168044,12.67173452964196,1827200
2000-12-19,13.132164001464844,13.312330885631281,12.911960031928086,12.972015659983564,1369400
2000-12-20,13.072113037109375,13.112150136763614,12.771834789702574,13.092131586936494,1334400
2000-12-21,13.312332153320312,13.352369242503231,13.032072529039885,13.032072529039885,1353800
2000-12-22,13.712713241577148,13.812806038960922,13.1121564572745,13.172212135704763,1220000
2000-12-26,13.912891387939453,13.952928485458704,13.392409120189201,13.532538961506576,1076000
2000-12-27,14.13309383392334,14.213168019951233,13.472481799193211,13.752741450290841,1195000
2000-12-28,14.153108596801758,14.37331254951013,13.412422574055414,14.093052973335837,1396400
2000-12-29,14.213167190551758,14.593519551989058,14.173130099874147,14.173130099874147,1265800
2001-01-02,13.792777061462402,14.37331484779391,13.732721428393624,13.972943960668731,1530800
2001-01-03,14.293240547180176,14.393333268098804,13.47248023564742,13.812795486770757,1971400
2001-01-04,14.533461570739746,14.873776786583516,14.373313233872091,14.373313233872091,1555000
2001-01-05,14.513445854187012,14.553482946198562,14.053019296054181,14.553482946198562,2014800
2001-01-08,14.253209114074707,14.83374712574348,14.13309780131565,14.49343173959282,2462200
2001-01-09,13.932908058166504,14.093056426651176,13.732722597560663,14.033000788469424,2033000
2001-01-10,13.992961883544922,14.012980427012081,13.532535383800239,13.69268373153752,1883400
2001-01-11,13.832815170288086,14.253204632771517,13.532536982799924,14.012982082780985,2045600
2001-01-12,13.572568893432617,13.772754275341654,13.272290820569065,13.772754275341654,1661200
2001-01-16,13.792777061462402,13.972943960668731,13.372387629980963,13.572573073543554,1226200
2001-01-17,13.692692756652832,13.952933993255883,13.452470076711554,13.772766983299924,1613200
2001-01-18,13.552553176879883,13.632627346314917,13.412423380368569,13.612608803956158,946800
2001-01-19,12.891945838928223,13.232261179396824,12.711778893974257,13.212242629957496,1871400
2001-01-22,12.811871528625488,12.972019922733308,12.611686035990715,12.811871528625488,2038000
2001-01-23,13.212241172790527,13.53253792849454,12.75181458646601,12.811870228160512,2072200
2001-01-24,13.032081604003906,13.41243421610233,12.972025928409419,13.192230072255875,2171600
2001-01-25,13.212241172790527,13.27229681448503,12.651721850308505,12.651721850308505,2312800
2001-01-26,12.951998710632324,13.332351068440692,12.791850349449854,13.292313978145074,1293200
2001-01-29,13.593388557434082,13.68947852404387,12.975215962873488,13.004042708489488,2055800
2001-01-30,14.352499008178711,14.515849826738181,13.596598419441811,13.87845992513791,3460200
2001-01-31,14.198752403259277,14.317261832681902,14.121880662493199,14.160315921958803,1473200
2001-02-01,14.49022102355957,14.490221023559572,14.182735310117362,14.182735310117362,2111400
2001-02-02,14.438977241516113,14.535066016592546,14.28523373519174,14.413352916517027,1223600
2001-02-05,14.58631706237793,14.77529222969208,14.429371087421282,14.429371087421282,1404400
2001-02-06,14.57349681854248,14.631150310296675,14.36530351811514,14.58951140584427,1458200
2001-02-07,14.531862258911133,14.647169276894692,14.381323627063761,14.573501175812988,1286600
2001-02-08,14.55749225616455,14.727249197767998,14.253210000549753,14.49983872470762,1473800
2001-02-09,14.326870918273926,14.487019264628655,14.189143242662064,14.349291589016794,1642000
2001-02-12,14.342886924743652,14.44538177878412,14.176332481469137,14.429367186934366,1056600
2001-02-13,14.413354873657227,14.557488666760845,14.250004056029946,14.342889192176516,2006400
2001-02-14,14.304451942443848,14.490224632708019,14.1411011474142,14.422961390674576,1055000
2001-02-15,14.570296287536621,14.877780802384455,14.205157051590612,14.253202041588333,3139000
2001-02-16,14.390926361083984,14.733643625940621,14.269213310756015,14.570292897260229,1045600
2001-02-20,14.442181587219238,14.531864292943805,14.109072649049095,14.109072649049095,1733400
2001-02-21,14.099456787109375,14.461392295142026,14.080238550828447,14.461392295142026,1495600
2001-02-22,13.846437454223633,14.214779447491216,13.740740092625314,14.141111293204887,2292400
2001-02-23,13.53253173828125,13.884857519656506,13.375585862170881,13.884857519656506,2848600
2001-02-26,13.936115264892578,13.95213108469895,13.593397736606892,13.593397736606892,2189400
2001-02-27,13.952126502990723,14.045011629453613,13.692685702452048,14.045011629453613,1652200
2001-02-28,14.285235404968262,14.285235404968263,13.96493863605117,13.996969046044004,2629600
2001-03-01,14.064224243164062,14.371708698736233,13.974541582414165,14.285228466512569,2080200
2001-03-02,14.112278938293457,14.314065063883154,13.99697188262194,14.131495966348405,1432800
2001-03-05,14.56885814666748,14.777856693629476,14.350212644890108,14.388796784448562,2493200
2001-03-06,15.195855140686035,15.231224446645738,15.01257894304729,15.19264030676592,3046600
2001-03-07,15.880736351013184,15.909674774023141,15.205508116205051,15.21515384835231,3982400
2001-03-08,15.803565979003906,15.938611117720603,15.74890397530809,15.835719233012258,2169200
2001-03-09,15.723170280456543,15.900015503126886,15.40484789839622,15.755323511281285,2356800
2001-03-12,15.173345565795898,15.739251931269896,15.144407158168619,15.594559893133503,1295600
2001-03-13,14.855018615722656,15.192632424282182,14.520619639415273,15.192632424282182,2191000
2001-03-14,14.581725120544434,14.93541710614995,14.47240232158538,14.790724985973522,1038400
2001-03-15,14.372721672058105,14.855027760203894,14.147645252276508,14.855027760203894,1178200
2001-03-16,14.35020637512207,14.597790180038025,14.163714200029345,14.163714200029345,2227800
2001-03-19,14.82929801940918,14.98363575630972,14.43702339808304,14.453100015695478,1911200
2001-03-20,14.662100791931152,15.115468348315975,14.260179155896116,14.469178897261333,3459400
2001-03-21,14.34056568145752,14.629949794391232,13.829321232986416,14.629949794391232,1865600
2001-03-22,14.022245407104492,14.21195251130143,13.69749196482727,13.98687609887947,2660600
2001-03-23,14.208739280700684,14.404877318784147,13.723218277493565,14.070478080955553,1635800
2001-03-26,14.273049354553223,14.514202478299632,14.179803185661573,14.356649790996846,1470400
2001-03-27,14.44989013671875,14.485259446534602,14.112276116184578,14.292337499534455,1893600
2001-03-28,14.46917724609375,14.50133048268035,14.202300721469024,14.456315460832169,1767000
2001-03-29,14.228029251098633,14.501335537046298,14.199090837457417,14.420951190994893,1642200
2001-03-30,14.356646537780762,14.372723163740583,14.14764672059928,14.244107702926142,1120600
2001-04-02,14.53027057647705,14.790716238767471,14.398440328628997,14.610654903861656,2001800
2001-04-03,14.228029251098633,14.552781469456486,14.163721528943954,14.549566635304252,2086200
2001-04-04,14.478825569152832,14.613871885491063,14.228026844397284,14.228026844397284,1807600
2001-04-05,14.990068435668945,15.025437734573146,14.53991695602059,14.66210024569471,1530800
2001-04-06,14.790718078613281,14.990070891886084,14.308412054310676,14.990070891886084,1517000
2001-04-09,14.928977966308594,15.369483754237567,14.790716819651664,14.790716819651664,1551600
2001-04-10,15.382344245910645,15.465943402942969,14.986853520144662,15.11225286897687,1333200
2001-04-11,14.80679702758789,15.401641953645157,14.764996822140704,15.401641953645157,2278400
2001-04-12,15.080099105834961,15.10903751044923,14.71676163158191,14.838946142905197,1799400
2001-04-16,15.215145111083984,15.420928789175834,14.919331380468819,15.096176652168534,1232600
2001-04-17,15.273025512695312,15.273025512695312,14.86145805980226,15.176564544244473,1299800
2001-04-18,15.8003511428833,15.948258085299827,15.031876782753843,15.301968307699202,1712400
2001-04-19,15.363053321838379,15.678159759833466,15.282668988883481,15.674944926205006,1372000
2001-04-20,14.855018615722656,15.465938548695357,14.790710931576305,15.385554250154183,2276200
2001-04-23,14.858248710632324,15.128340280236223,14.646033993555568,15.112263649327197,1525400
2001-04-24,15.266603469848633,15.417726518205795,14.880758145755573,14.903265677225559,1714400
2001-04-25,15.408075332641602,15.578491029778446,14.912908549496422,15.273030180847861,1705000
2001-04-26,15.755326271057129,15.764971996680714,15.369481300738178,15.433789000219228,1855600
2001-04-27,15.594568252563477,15.764982729625753,15.433799507691688,15.7585518326427,1258800
2001-04-30,15.218365669250488,15.668517291490582,15.199072983764033,15.668517291490582,1275800
2001-05-01,15.424145698547363,15.594560086371041,15.244084357016702,15.298746339464463,1471200
2001-05-02,15.510964393615723,15.674947924520872,15.305179431571714,15.427363984473635,1087000
2001-05-03,15.324468612670898,15.433791350466066,15.11225403066469,15.433791350466066,2007400
2001-05-04,15.723170280456543,15.752108678825664,15.16048015505364,15.256941074094996,1477800
2001-05-07,15.199068069458008,15.883942850689042,15.144406091537464,15.723174203319992,1629200
2001-05-08,15.433797836303711,15.520613096321084,15.192644745111465,15.208721372544005,3120200
2001-05-09,15.488460540771484,15.562415243979416,15.301969431542647,15.38556864052767,1645800
2001-05-10,16.064016342163086,16.07366330311307,15.504541669802459,15.51418740418398,3679400
2001-05-11,15.874298095703125,16.04149765930513,15.684591016478503,16.038282825602302,2052400
2001-05-14,15.980409622192383,15.98362445662261,15.723179937898253,15.874301687476619,1107400
2001-05-15,15.983617782592773,16.141171588380082,15.681373183071718,15.980402949504915,2041800
2001-05-16,16.71351432800293,16.716730388962354,15.98040942994221,15.996486055035707,4032800
2001-05-17,17.36302375793457,17.36302375793457,16.65564106322361,16.719948803936994,5343000
2001-05-18,16.742450714111328,17.041480565556895,16.568820240387893,16.961096223266534,4151000
2001-05-21,16.655641555786133,16.713518401482975,16.44664292549702,16.62348829776263,2988400
2001-05-22,16.517375946044922,16.671713751337844,16.334099725599085,16.629914772336406,1602000
2001-05-23,16.295515060424805,16.395192093116144,16.176546569292938,16.334099203873663,1297400
2001-05-24,15.980409622192383,16.10580901662528,15.88394864390307,16.012562872766193,2473800
2001-05-25,15.993270874023438,16.173331033676767,15.81964038301386,15.980409083600245,1039000
2001-05-29,16.089733123779297,16.234425211083916,15.925748349311409,16.02864022771293,1057600
2001-05-30,15.887162208557129,16.060792691541266,15.678162416827952,16.04471606753928,1395200
2001-05-31,16.170116424560547,16.31802333678368,16.083301177846657,16.14117800898925,3031400
2001-06-01,15.922526359558105,16.141171809549647,15.761757718480057,16.141171809549647,2232800
2001-06-04,16.250499725341797,16.321237115945518,15.98040827299434,15.98040827299434,1521400
2001-06-05,16.411808013916016,16.45374928807189,15.918195929100195,16.27630713993022,1522600
2001-06-06,16.550535202026367,16.711846463704415,16.35050958214362,16.405354820374672,2057400
2001-06-07,16.666677474975586,16.857024789772595,16.550533183817127,16.550533183817127,1534400
2001-06-08,16.35695457458496,16.518265761256004,16.315013321452618,16.502134888730236,1318600
2001-06-11,16.340835571289062,16.453752991694127,16.173071667610408,16.453752991694127,1477000
2001-06-12,16.127899169921875,16.292436101915214,16.073052705452657,16.276305223203266,1624200
2001-06-13,16.33115005493164,16.440841750462575,16.11499357795702,16.11499357795702,1717400
2001-06-14,15.953697204589844,16.131139492869757,15.821421909976642,16.131139492869757,1692800
2001-06-15,16.07628059387207,16.315020566974198,16.024659809734064,16.273079295215684,1915800
2001-06-18,16.07628059387207,16.24404321949167,15.882706345476238,15.937552813269255,730000
2001-06-19,16.14080238342285,16.227910601262757,16.066599360234882,16.066599360234882,1170000
2001-06-20,16.163387298583984,16.52472539678441,16.08273167088505,16.195650288087887,1709000
2001-06-21,15.647192001342773,16.03756494971788,15.59234676444867,16.034339266074145,1726200
2001-06-22,15.295524597167969,15.621372608554385,15.163249491259709,15.614921244984096,1601000
2001-06-25,15.008403778076172,15.308442900098209,14.90516464261779,15.26004901691753,1296200
2001-06-26,14.80837631225586,14.937424600584983,14.608349434678471,14.711588557624738,4444400
2001-06-27,14.992268562316895,15.072924190509765,14.776110838792253,14.834182989547696,2427000
2001-06-28,15.021313667297363,15.118100233167644,14.927752786982643,15.027766269116443,1499800
2001-06-29,15.163256645202637,15.19551840110108,14.889028027944578,14.924515467150025,1754400
2001-07-02,15.227787017822266,15.308442668095998,14.905164416727334,15.124547883928491,1200000
2001-07-03,14.969696044921875,15.131007419411516,14.614810282619796,15.131007419411516,1375800
2001-07-05,15.163256645202637,15.221328790385511,14.92128978384302,14.985814526347005,822000
2001-07-06,14.86644458770752,15.130994924960888,14.827729003689635,15.130994924960888,1185600
2001-07-09,15.089058876037598,15.189072323278525,14.801924964158118,14.801924964158118,989200
2001-07-10,15.101958274841309,15.453616816627752,14.96000360028458,15.098731360942988,1364600
2001-07-11,14.830949783325195,15.372955428319866,14.830949783325194,15.101952605822529,1522400
2001-07-12,14.88258171081543,14.966463049972115,14.73094868655062,14.895485680195799,2181200
2001-07-13,14.534144401550293,14.621252630364504,14.314760987656856,14.51801352155668,3640800
2001-07-16,14.459936141967773,14.759975078077032,14.363149666285679,14.759975078077032,1222400
2001-07-17,14.563182830810547,14.64706538946193,14.456718021085273,14.469621988740716,1225800
2001-07-18,14.376058578491211,14.679323275636609,14.211520419612258,14.356700786062177,2080400
2001-07-19,14.87612247467041,14.885800755065201,14.38896184968149,14.38896184968149,2684400
2001-07-20,14.614794731140137,14.953548010962255,14.437352654157772,14.876119322794986,2678600
2001-07-23,14.534144401550293,14.614800032225608,14.30830838951796,14.405096130894142,2946600
2001-07-24,14.192168235778809,14.37606301310608,14.066344392237644,14.37283609801893,2632600
2001-07-25,14.50833797454834,14.54059974061696,13.998593701853205,14.098607145797912,1506800
2001-07-26,14.543821334838867,14.582535686099193,14.263138903757163,14.43735533048918,1238400
2001-07-27,14.521238327026367,14.792241278933426,14.469618775744411,14.527690924775008,1020000
2001-07-30,14.421231269836426,14.60835174829672,14.234109560668513,14.521243493757273,713200
2001-07-31,14.627711296081543,14.808380426790459,14.414780392003212,14.414780392003212,984600
2001-08-01,14.647064208984375,14.872899008596708,14.476073421225582,14.566408571777869,865800
2001-08-02,14.88580322265625,15.01807840970935,14.679325001959434,14.711586762428084,813400
2001-08-03,15.127774238586426,15.195524692447885,14.727722884702722,14.869676392418294,1693000
2001-08-06,15.105189323425293,15.276178899560394,15.066474957843427,15.130999720951529,2286400
2001-08-07,15.405221939086914,15.437483691702734,15.098730366408711,15.114861242716621,1822200
2001-08-08,15.00193977355957,15.260037415995612,14.905153311484383,15.205192205412107,2151600
2001-08-09,14.950322151184082,15.050335538813545,14.859988272490886,14.969679938349822,1046800
2001-08-10,15.195523262023926,15.308441905204418,14.840638910788078,14.985819320187288,798200
2001-08-13,15.156814575195312,15.214886760712792,14.905169258424866,15.092289787875005,632600
2001-08-14,15.140670776367188,15.243909855769818,15.01162131176045,15.156801651766305,719200
2001-08-15,15.137446403503418,15.3116628407506,15.069695977031884,15.114862928012906,640000
2001-08-16,14.92129135131836,14.96968522095688,14.679324464540224,14.840635722392316,1479800
2001-08-17,14.88258171081543,15.034213504372623,14.782568256194953,14.87290219539563,803000
2001-08-20,14.840638160705566,14.889032038295188,14.776113400821883,14.872899925293694,1126400
2001-08-21,15.011632919311523,15.160040287575423,14.840643292592945,14.840643292592945,1071400
2001-08-22,15.153579711914062,15.163257993402695,14.87612415597269,15.00194673815373,1526000
2001-08-23,15.156814575195312,15.26005374262462,15.018086713204436,15.114873278830919,997400
2001-08-24,15.305211067199707,15.443938841655635,15.098732862625445,15.11163805808813,1419600
2001-08-27,15.321355819702148,15.45363110557717,15.221342318398323,15.308450613590391,996600
2001-08-28,15.05034351348877,15.324572208087353,14.96968787028831,15.30844132558875,839800
2001-08-29,15.130992889404297,15.22777937501422,15.00194342145311,15.05033727961154,1234400
2001-08-30,15.024534225463867,15.150356841226825,14.921295093006695,14.921295093006695,1186000
2001-08-31,15.185844421386719,15.24714226723729,14.969687888091983,15.001949653127559,653200
2001-09-04,15.643965721130371,15.808502656245441,15.221329798898614,15.285854545677786,1560400
2001-09-05,15.728145599365234,15.83174793782234,15.553316190079883,15.621304993122866,1386000
2001-09-06,15.890022277832031,16.071325728313077,15.605115267742653,15.605115267742653,1866400
2001-09-07,15.572734832763672,15.766990068506491,15.517696652077138,15.653674205563975,1544000
2001-09-10,15.410866737365723,15.721675082341527,15.378491459886293,15.378491459886293,1636200
2001-09-17,13.986334800720215,15.216613982048495,13.986334800720215,15.216613982048495,1710000
2001-09-18,13.905388832092285,14.128781126098417,13.727322403388513,14.064029360650535,1565800
2001-09-19,13.20283317565918,13.911863037201309,12.95030266882889,13.856823608639491,1890400
2001-09-20,12.691302299499512,13.3161547697645,12.642738149671352,13.112187069538914,1617400
2001-09-21,12.07615852355957,12.205662060690475,11.817152684335023,12.059970890177523,2670200
2001-09-24,12.785191535949707,12.943832110126126,12.445244978353701,12.464670884085276,2625600
2001-09-25,13.144563674926758,13.163989583829428,12.532661747426886,12.658927067699842,2068800
2001-09-26,12.875844955444336,13.14780149561983,12.820805499615702,13.14780149561983,1178000
2001-09-27,13.361479759216309,13.387379731701918,12.859655596311818,12.879080266916636,1361200
2001-09-28,13.597818374633789,13.610768974256644,13.180170799575405,13.180170799575405,2311800
2001-10-01,13.597818374633789,13.646382505700915,13.17693376718827,13.5816307426238,2148800
2001-10-02,13.435940742492676,13.597819546619094,13.306437205176636,13.597819546619094,1581600
2001-10-03,13.597818374633789,13.72408363336373,13.257873162275375,13.439176616846712,1529400
2001-10-04,13.6172456741333,13.84063798292855,13.403565698535193,13.597819772701733,1161800
2001-10-05,13.724085807800293,13.889202891559856,13.48774288490436,13.614008163639703,899000
2001-10-08,13.2643461227417,13.549251853974617,13.261107855888518,13.533064224819531,806400
2001-10-09,13.643143653869629,13.808260704395307,13.1769332027515,13.193120834068088,1166800
2001-10-10,14.099640846252441,14.27770724910251,13.636667457820053,13.694943914758188,2004000
2001-10-11,15.077397346496582,15.200425629374223,14.26152772089985,14.26152772089985,2366200
2001-10-12,15.0709228515625,15.184238803852617,14.730977464767726,14.892856338006931,1995800
2001-10-15,14.91227912902832,15.054732063076175,14.841052044485627,14.928466765959605,1015600
2001-10-16,14.996454238891602,15.213372506461996,14.73097306487703,14.892851889765788,1050600
2001-10-17,14.520523071289062,15.378480922005132,14.504335443641684,15.135662802183997,1462600
2001-10-18,14.747157096862793,14.747157096862793,14.219431910865605,14.53671541695168,2205000
2001-10-19,14.543192863464355,14.860476443332818,14.358651104073203,14.74716052622625,2709600
2001-10-22,15.60187816619873,15.640729967093874,14.536716609919944,14.536716609919944,3090800
2001-10-23,15.618069648742676,15.68929549223339,15.151857840249283,15.588931410711838,2110800
2001-10-24,15.384964942932129,15.537131446172797,15.151859020527278,15.465904362096309,2849200
2001-10-25,15.618069648742676,15.618069648742676,15.271647825470534,15.388200777593882,1630000
2001-10-26,16.10370445251465,16.13607972027918,15.49180151745172,15.49180151745172,1324200
2001-10-29,15.786421775817871,16.009815334910197,15.556554150843404,15.912688291192275,1744200
2001-10-30,15.342874526977539,15.621306297977526,15.248984513958959,15.605118662810936,1991000
2001-10-31,15.274885177612305,15.417338091088645,15.119481662446113,15.336398683083084,1690800
2001-11-01,15.699000358581543,15.70223738988494,15.03853481938169,15.297540549939454,1747000
2001-11-02,16.081037521362305,16.268817500252673,15.537125953110365,15.669866504208455,1434600
2001-11-05,15.754037857055664,16.233198746696647,15.637484974568483,16.13930878746679,1670800
2001-11-06,15.880309104919434,15.928873236096154,15.459424496524116,15.754043845904555,2385200
2001-11-07,15.864120483398438,15.928872242582992,15.588927050660441,15.831745221324702,1170400
2001-11-08,16.006580352783203,16.217023353236517,15.915928591375682,15.961254472079442,1500400
2001-11-09,16.145795822143555,16.19759700367994,15.831751699408146,16.026005821410205,561200
2001-11-12,15.877066612243652,15.915917162801641,15.669862029218733,15.870591314644532,939400
2001-11-13,16.47602081298828,16.508397307617457,16.05837329504931,16.05837329504931,1082800
2001-11-14,16.75121307373047,16.835389477702787,16.679986030728408,16.75445010521383,1706600
2001-11-15,16.74798011779785,16.89367128148229,16.67351601970074,16.67351601970074,2097600
2001-11-16,16.76740837097168,16.82892187758755,16.624954219806156,16.770645403935724,996000
2001-11-19,16.948715209960938,17.078218784808655,16.83863754185166,16.84511284409781,1108600
2001-11-20,16.929279327392578,17.071732177360186,16.754449987634516,16.867764614309113,1088400
2001-11-21,16.69618034362793,16.80302095091165,16.59257800416103,16.73503091216869,952000
2001-11-23,16.97137451171875,16.994038682239985,16.641142813228704,16.64761687904922,259800
2001-11-26,16.83540153503418,16.96814215158198,16.73503619665406,16.916340965491074,1067800
2001-11-27,16.961660385131836,17.10087625126784,16.7868309855605,16.83539511934272,1069800
2001-11-28,16.948715209960938,17.123544665494073,16.867775784440514,16.945478176356673,1410200
2001-11-29,16.85157585144043,16.994029926846007,16.696172416028027,16.85157585144043,1330600
2001-11-30,17.133251190185547,17.21742885579695,16.86777006332596,16.893671263525533,2203800
2001-12-03,16.871013641357422,17.136494851782512,16.851587735093055,17.133256583219655,1095800
2001-12-04,16.9746150970459,16.99727803562373,16.83539919718922,16.88396334273458,1052200
2001-12-05,17.63397979736328,17.640476162480155,17.020087542950787,17.020087542950787,1777000
2001-12-06,17.543025970458984,17.63072501118818,17.34489247739065,17.53977840853029,1171200
2001-12-07,17.44883155822754,17.533281796774933,17.279929842078232,17.344892231220967,1719400
2001-12-10,17.09804344177246,17.523546113676293,17.085050710022323,17.448839764695638,1580600
2001-12-11,17.253942489624023,17.393611177222027,16.971357552903253,17.08504079208564,1059800
2001-12-12,17.091533660888672,17.21496203752685,16.922631997871726,17.21496203752685,1143200
2001-12-13,16.84143829345703,17.14351241522063,16.760235599199177,17.117528197366603,1618000
2001-12-14,16.896663665771484,17.01684335538582,16.792724273825797,16.841445166831736,1033200
2001-12-17,17.22796058654785,17.263689963375185,16.922637722063044,16.922637722063044,1616000
2001-12-18,17.715181350708008,17.715181350708008,17.247453005149595,17.247453005149595,1639400
2001-12-19,17.63722038269043,17.63722038269043,17.263688829160373,17.45857474934523,1464600
2001-12-20,17.832111358642578,17.949042192348216,17.63722415769039,17.63722415769039,2367800
2001-12-21,17.582015991210938,17.96204418463732,17.562526889347264,17.96204418463732,1865600
2001-12-24,17.95229148864746,17.978275706057765,17.718427336680936,17.718427336680936,932600
2001-12-26,17.93930435180664,18.108206154309237,17.890583464331275,17.897078591417205,1057800
2001-12-27,17.80287742614746,18.026996394724904,17.757402880922417,17.9392973446586,640200
2001-12-28,17.815866470336914,17.864588571152762,17.572258444366646,17.802874983966582,983200
2001-12-31,17.945796966552734,18.16341961103879,17.78339156414049,17.78339156414049,1123600
2002-01-02,17.819116592407227,18.10819793974364,17.6372221401367,18.10819793974364,1800400
2002-01-03,17.780141830444336,18.11794408453677,17.637224300775674,17.637224300775674,1810000
2002-01-04,18.03999137878418,18.06922439913008,17.637225458357896,17.783390560087387,2148200
2002-01-07,18.00426483154297,18.072474810081868,17.84835577814476,17.99452090291027,916200
2002-01-08,17.783395767211914,17.94580120800837,17.539787606017228,17.86459848761014,1099000
2002-01-09,17.56901741027832,17.86459520871486,17.37737897574991,17.76715220993286,1690200
2002-01-10,17.247446060180664,17.543023719955215,17.062304077632557,17.539776158443132,1320600
2002-01-11,17.049325942993164,17.1824983722479,16.951881674565755,17.117535939648075,1246600
2002-01-14,16.43216896057129,16.971354528567435,16.35746266827079,16.971354528567435,2430000
2002-01-15,16.458158493041992,16.474400020192277,16.20805533044776,16.240535906639213,3053000
2002-01-16,15.990432739257812,16.549107614066582,15.92222278055804,16.24053716021163,2564600
2002-01-17,16.05864715576172,16.107369276389246,15.574679707910956,15.980693249623677,3251400
2002-01-18,15.91247844696045,16.07813137656527,15.867003903271353,15.915726009125217,1500400
2002-01-22,15.951464653015137,16.058651613472655,15.753329791410398,15.951464653015137,1312800
2002-01-23,16.812210083007812,16.82520281517872,16.21780683532283,16.24054349709435,3063400
2002-01-24,17.617740631103516,17.63398092540711,16.89016379918517,17.020088631723993,2748200
2002-01-25,18.150428771972656,18.251119332087047,17.41635563285164,17.4423410929166,4096600
2002-01-28,18.16016960144043,18.260861383429496,18.043237529209186,18.075719348748265,3097600
2002-01-29,17.832111358642578,18.238124811807893,17.802878340452487,18.160169683616072,1821200
2002-01-30,18.37454605102539,18.429764528912212,17.702187823637313,17.835360196234593,2199600
2002-01-31,18.85526466369629,18.85526466369629,18.368048516112125,18.41352182497122,2964200
2002-02-01,18.59541130065918,18.907229253917265,18.433005961788794,18.757816639529565,2945400
2002-02-04,18.43301010131836,18.644137584884845,18.368047703370618,18.38428799309388,1575400
2002-02-05,18.059486389160156,18.611665192800892,18.043246091211522,18.433019437255297,1489400
2002-02-06,18.238121032714844,18.510962066269155,18.085459609459914,18.27060160661593,2252200
2002-02-07,18.137428283691406,18.299833622464053,18.108195273150155,18.247863963618983,1176000
2002-02-08,18.28034782409668,18.351806582508353,17.897071056523462,18.026995846534753,2046200
2002-02-11,18.887744903564453,18.89099246575925,18.433009374905286,18.433009374905286,1775400
2002-02-12,18.676624298095703,18.822789431717904,18.481738279302828,18.774067307492142,1890000
2002-02-13,18.676624298095703,18.741586717378357,18.5986691471455,18.673376734706363,2287000
2002-02-14,18.611661911010742,18.871510349535807,18.400535596795734,18.806549169195858,1834800
2002-02-15,18.673376083374023,18.871509658645287,18.57918064065249,18.61166122963334,1387600
2002-02-19,18.095205307006836,18.579173835506708,17.86458998816903,18.384286655839382,2534600
2002-02-20,18.51422119140625,18.59542391592996,18.21539575990551,18.270613017835114,1583800
2002-02-21,18.579172134399414,18.835772882653693,18.40052649868542,18.44924735985043,3007600
2002-02-22,18.69285774230957,18.757820137783817,18.56293419041571,18.56293419041571,1727600
2002-02-25,19.001432418823242,19.131357238676475,18.61165919831845,18.75782431088961,3215000
2002-02-26,18.709095001220703,19.06638749893334,18.67661442827157,18.903982156078808,2200200
2002-02-27,18.761066436767578,18.82927762890281,18.65712710662905,18.709096771698317,2225000
2002-02-28,18.806543350219727,18.998181746659508,18.536949826815157,18.76106880337502,2122400
2002-03-01,18.92023277282715,19.1151187950368,18.64414403485429,18.709105216220767,2577400
2002-03-04,19.680282592773438,19.686778956196157,18.93646570810946,18.998180541097987,2320200
2002-03-05,18.898286819458008,19.52388468307116,18.898286819458008,19.517369126241928,2195200
2002-03-06,19.308837890625,19.390296034556506,18.865706631717824,18.898289392109373,2307000
2002-03-07,19.468494415283203,19.48478579381846,19.158953251303263,19.39029405818045,1945400
2002-03-08,19.650955200195312,19.712862917266104,19.54994669480936,19.54994669480936,2129800
2002-03-11,19.732418060302734,19.91162569954352,19.517368644623303,19.61511815303169,1787200
2002-03-12,19.637937545776367,19.719395723130862,19.53041215505092,19.54996256507913,1375000
2002-03-13,19.292545318603516,19.637928274999503,19.158954020526753,19.637928274999503,1688000
2002-03-14,19.403329849243164,19.494563816657404,19.224122179213904,19.224122179213904,1264600
2002-03-15,19.543441772460938,19.680292128817754,19.387042253019498,19.403333636574313,2407200
2002-03-18,19.566242218017578,19.78129162754946,19.507592266058666,19.5499508409073,1232400
2002-03-19,19.670516967773438,19.784559142409368,19.501083838592315,19.562992838322742,1241600
2002-03-20,19.598827362060547,19.859493139935616,19.549951984917264,19.61511874012415,1110200
2002-03-21,19.11008071899414,19.589053751468636,18.940647633516846,19.566245571015212,1579400
2002-03-22,19.02210235595703,19.256700918863654,18.930868407593863,19.142660037100182,1917800
2002-03-25,18.679973602294922,19.05142236952189,18.572448304964976,19.05142236952189,1646200
2002-03-26,18.95693016052246,18.98625512783246,18.686488657224466,18.686488657224466,1279400
2002-03-27,19.338159561157227,19.38703493632894,18.93086891123435,18.93086891123435,1562800
2002-03-28,19.48478126525879,19.608597950664386,19.396806350072094,19.468489890509893,2073400
2002-04-01,19.0970458984375,19.51085338487977,19.009070961040873,19.51085338487977,1610400
2002-04-02,19.22086524963379,19.292547575041336,18.963457202297164,19.012331345581487,1658200
2002-04-03,18.73537254333496,19.26647997389449,18.706047562679466,19.23063819276526,1856600
2002-04-04,18.448640823364258,18.719082468590774,18.40954126074871,18.442124022436218,1686600
2002-04-05,18.582231521606445,18.810314574748016,18.530098358855742,18.530098358855742,1624800
2002-04-08,18.634361267089844,18.73536979518764,18.279203772558628,18.36066190210292,921000
2002-04-09,19.0123291015625,19.158954000014788,18.735371926782392,18.849412823938305,1535800
2002-04-10,19.302322387695312,19.416363292342055,19.002555770841163,19.012330350395843,1312000
2002-04-11,19.305574417114258,19.68028226585097,19.305574417114258,19.360965342031506,2020000
2002-04-12,19.279499053955078,19.484773777169337,19.093774718697524,19.484773777169337,1138200
2002-04-15,19.0970458984375,19.282770351957314,18.979745981908664,19.27951133041344,894200
2002-04-16,19.367488861083984,19.465239633248366,19.253447950829138,19.25670572985669,1088600
2002-04-17,19.45871925354004,19.5434351651558,19.34793614268714,19.36748529916252,1014000
2002-04-18,19.22412109375,19.543436854288487,19.15243753260475,19.42287915477813,1159600
2002-04-19,19.207826614379883,19.413101442651627,19.155693462765896,19.370742868542646,1389000
2002-04-22,18.614816665649414,19.220865496602688,18.614816665649414,19.207831894378316,1552800
2002-04-23,18.106523513793945,18.637631176731123,18.051132549960684,18.614822986569997,2530000
2002-04-24,18.490995407104492,18.738627574027447,18.32807914801106,18.32807914801106,3415200
2002-04-25,18.484477996826172,18.618069275150592,18.383469472062878,18.490994796128874,2714600
2002-04-26,18.536609649658203,18.816825782257695,18.517060496282973,18.517060496282973,2119400
2002-04-29,18.279203414916992,18.565936373329514,18.269428837307697,18.552902774548855,1854400
2002-04-30,18.605037689208984,18.719079824914576,18.315046925106127,18.44212141787457,1772400
2002-05-01,18.77121353149414,18.800538510910837,18.412796978295365,18.624588634410667,1968800
2002-05-02,19.370752334594727,19.484793271056954,18.77447795635597,18.800545166377614,1343600
2002-05-03,19.312105178833008,19.387046554173754,19.158963404945784,19.158963404945784,1208600
2002-05-06,19.07749366760254,19.315351256429818,19.02861953570654,19.312093478151052,1024600
2002-05-07,19.14266586303711,19.351198534842858,19.103566297811724,19.14266586303711,1265800
2002-05-08,19.413103103637695,19.501076794614523,19.256702392461698,19.35445314768482,1385600
2002-05-09,19.488040924072266,19.631406766689842,19.33815703979905,19.33815703979905,1001800
2002-05-10,19.12637710571289,19.488051551798407,19.12637710571289,19.488051551798407,1491600
2002-05-13,19.17524528503418,19.289287424582692,18.930870869797793,19.14266252685035,1046200
2002-05-14,19.582534790039062,19.582534790039062,19.175244122667596,19.175244122667596,1169000
2002-05-15,19.54995346069336,19.59882884152612,19.374003581238505,19.517370702106565,1734400
2002-05-16,19.289283752441406,19.57927447111004,19.289283752441406,19.549949497146226,1165000
2002-05-17,19.188276290893555,19.347934767491793,19.074235409717943,19.28928481632937,1379400
2002-05-20,19.038394927978516,19.22086159320597,18.996036350827907,19.214344793417226,541000
2002-05-21,18.839632034301758,19.220856644602172,18.83637425672237,19.02861545066227,802600
2002-05-22,18.947158813476562,18.97974156361518,18.670200465489373,18.75165858378815,1223600
2002-05-23,19.09052276611328,19.139398129439535,18.908056151707672,18.969965110981207,989000
2002-05-24,18.947158813476562,19.17198277251838,18.797274931163106,18.97974156361518,973800
2002-05-28,18.627849578857422,18.85593265275552,18.60504139576289,18.735374935976875,1360000
2002-05-29,18.344377517700195,18.62133600949941,18.344377517700195,18.605043383017833,1947600
2002-05-30,18.038089752197266,18.432346830325134,17.92078983802145,18.360663273228244,2640800
2002-05-31,18.246620178222656,18.376953676676617,17.871912302381784,18.083703926631383,1843200
2002-06-03,17.692703247070312,18.240101907698207,17.692703247070312,18.08370246794056,1913800
2002-06-04,17.464624404907227,17.741582821700682,17.347325729495736,17.72529144258402,2432200
2002-06-05,17.85700225830078,17.85700225830078,17.559440105788898,17.57578942787505,2785000
2002-06-06,17.52347755432129,17.857009091476097,17.507128225978892,17.82103982069855,1694200
2002-06-07,17.70659637451172,17.732755054963935,17.343635483853873,17.52021125455888,2922800
2002-06-10,18.049938201904297,18.226513981243496,17.7229465723313,17.788345147720715,1333000
2002-06-11,17.709871292114258,18.285376163541606,17.68044198777355,18.082641648846955,1436600
2002-06-12,17.70659637451172,17.84066288618611,17.624848471115772,17.739295036920492,1785800
2002-06-13,17.41557502746582,17.771995981945434,17.41557502746582,17.7229479820326,1592600
2002-06-14,17.2684268951416,17.592147881551135,16.840067448844522,17.330554850267177,2221800
2002-06-17,18.131685256958008,18.157843937459653,17.19975840805881,17.19975840805881,2880000
2002-06-18,18.285369873046875,18.308260432881024,17.935488957013987,18.098984758800345,1811400
2002-06-19,18.095718383789062,18.425979409162586,18.06628908470634,18.21343558011996,1138600
2002-06-20,18.043397903442383,18.206893715363844,17.902791405400002,17.902791405400002,1718600
2002-06-21,17.83085060119629,18.09898359915609,17.660814828548187,17.951838384875487,1670000
2002-06-24,17.87663459777832,17.96819311665361,17.526753598971695,17.624852101150523,1574000
2002-06-25,18.049938201904297,18.34422992009555,18.013968923071417,18.049938201904297,1660200
2002-06-26,17.66082000732422,17.938763682479816,17.291320308720653,17.935493067165158,3043600
2002-06-27,18.272289276123047,18.272289276123047,17.72948331995886,17.74256203475134,1993200
2002-06-28,18.628719329833984,18.818373885338126,18.115342411523915,18.115342411523915,1714000
2002-07-01,18.148029327392578,18.569848686804352,18.148029327392578,18.49137017330095,2450800
2002-07-02,17.435190200805664,18.1480319145359,17.248805107959797,18.1480319145359,2840200
2002-07-03,17.167062759399414,17.56599299792045,16.859691037142987,17.363257263414283,2105400
2002-07-05,17.906064987182617,17.948574257551957,17.232462881845947,17.26516155297661,979000
2002-07-08,17.62811851501465,18.112065972008786,17.60849856839192,17.78834496066513,1557600
2002-07-09,17.150705337524414,17.66081130636176,17.088576150897758,17.451536934800423,1518200
2002-07-10,16.61117172241211,17.21610688319845,16.558853120427106,17.173597629281304,2512200
2002-07-11,16.349590301513672,16.709280789197074,16.042218452900126,16.545784886181938,2950400
2002-07-12,17.019914627075195,17.209570377176902,16.431329924046846,16.578476411647465,2948200
2002-07-15,16.594825744628906,16.84333884240337,15.760997311368682,16.840069474845098,2561400
2002-07-16,16.0389347076416,16.539232609563953,15.993156091849405,16.44767413060583,2751800
2002-07-17,16.578468322753906,16.72561473855949,16.26782616658068,16.26782616658068,2826400
2002-07-18,16.199174880981445,16.840078541642956,16.199174880981445,16.578485338043848,1625000
2002-07-19,15.718491554260254,16.241677796448013,15.679252897939772,16.199169771840154,2093200
2002-07-22,14.940250396728516,15.656363021536729,14.567480056492414,15.548455161271356,3063800
2002-07-23,14.914087295532227,15.46670265862755,14.747320878543343,14.910816680954573,2055400
2002-07-24,16.444408416748047,16.4803776935383,14.812719728994804,14.878118300670353,4284200
2002-07-25,17.487520217895508,17.54310946904507,16.186093085176385,16.398638240800278,4736200
2002-07-26,16.859691619873047,17.47770570099228,16.676575828388938,17.46135636632166,3248600
2002-07-29,17.592147827148438,17.755643627117056,17.019912527258278,17.134360335660688,3446200
2002-07-30,17.23573112487793,17.592152105382464,16.970868662836224,17.592152105382464,2730200
2002-07-31,17.101661682128906,17.359985364404356,16.735431412590657,17.167060256389966,4012000
2002-08-01,17.24881362915039,17.412309492933804,16.859693922400663,17.101667102270426,2251000
2002-08-02,16.218791961669922,17.27170590363618,16.087995996702624,17.248816578582538,2511600
2002-08-05,16.022584915161133,16.643869318984205,15.957186359910226,16.284177888791067,1904600
2002-08-06,16.7158145904541,17.036266292117475,16.431332173726034,16.44768150850364,2246600
2002-08-07,17.31093406677246,17.330554010933785,16.676570840709868,16.856415963046665,1679600
2002-08-08,18.033586502075195,18.033586502075195,17.575797781831415,17.70659491543647,2864200
2002-08-09,18.154577255249023,18.311533103594932,17.794885678003887,18.033590689365045,2750800
2002-08-12,17.70659637451172,17.92568015687333,17.59541917599827,17.739295036920492,1543800
2002-08-13,17.81123161315918,18.442325457083825,17.51039871343463,17.69024383145939,2874800
2002-08-14,18.28864860534668,18.32134728126824,17.180146776787193,17.95184750333143,2739200
2002-08-15,17.97145652770996,18.507722507104138,17.579066391181048,18.36057729735792,2240800
2002-08-16,17.88970947265625,17.997617295390768,17.49731931774496,17.97145736962219,1918800
2002-08-19,18.33442497253418,18.344234324616927,17.791618787008108,17.853746762489475,1665000
2002-08-20,17.93222427368164,18.25267597919933,17.85047635143608,18.25267597919933,1537000
2002-08-21,18.141490936279297,18.396543944600804,17.853738024728262,18.148030916925205,1287800
2002-08-22,18.5436954498291,18.586204711938073,18.0957172560432,18.0957172560432,1684200
2002-08-23,18.314807891845703,18.481574387639384,18.1676625980419,18.409635801424496,1277800
2002-08-26,18.733352661132812,18.736622028916155,18.180735952682767,18.298453150870333,1256000
2002-08-27,19.057077407836914,19.161714660453256,18.834722934183578,18.98186946047982,4040200
2002-08-28,18.465221405029297,19.112664811066384,18.393282833011515,19.00802756851742,2337400
2002-08-29,18.311532974243164,18.61563531806964,18.05320926327243,18.40963022284463,1713600
2002-08-30,18.32134437561035,18.7497039475448,18.213437764282943,18.324614991108522,1599400
2002-09-03,17.60523223876953,18.32461418987002,17.598692255433473,17.77526806338414,1699200
2002-09-04,18.1630802154541,18.212303157135896,17.572411174229597,17.64460448821852,1735200
2002-09-05,17.401777267456055,17.910410276912145,17.39521412358914,17.851343233901652,1832800
2002-09-06,17.887434005737305,18.021975290616584,17.473966063749465,17.69710789015286,1788000
2002-09-09,17.86775016784668,18.044951293904667,17.578978101506817,17.811964071809903,1080000
2002-09-10,18.41576385498047,18.474830910879117,17.851347128981807,17.851347128981807,1501800
2002-09-11,18.727500915527344,18.934235550940024,18.540455710274976,18.934235550940024,1587800
2002-09-12,18.29762840270996,18.6060899502034,18.245124495956677,18.50764528151498,2150400
2002-09-13,18.435449600219727,18.435449600219727,17.80212060126636,18.297626080116938,2169400
2002-09-16,18.123706817626953,18.32387832427581,17.97603921011618,18.277937569003946,1194000
2002-09-17,17.936664581298828,18.458422713402687,17.871034383515017,18.40919975211685,2621600
2002-09-18,17.949792861938477,18.081052020271514,17.457568201657487,17.77259168380723,1785000
2002-09-19,17.467405319213867,17.959629782940024,17.444434944383303,17.752895157673407,1474200
2002-09-20,17.51007080078125,17.769309402830334,17.31974334556791,17.64132994926001,3202000
2002-09-23,17.063777923583984,17.654446909042097,16.945643876134106,17.513342491453773,2531800
2002-09-24,16.407485961914062,16.78485863975482,16.358263003311585,16.768450152359435,2729200
2002-09-25,16.407485961914062,16.614220635535894,16.276225573502014,16.604375292740297,4071000
2002-09-26,17.02768898010254,17.02768898010254,16.4895236329651,16.528901249348074,3124800
2002-09-27,16.952211380004883,17.519910141404917,16.916114717129986,17.457562156670214,3345200
2002-09-30,16.771728515625,16.801262033675147,16.30903756736704,16.624060925374256,2956400
2002-10-01,17.32630157470703,17.391931756220902,16.70281797980426,16.7717291070876,5059200
2002-10-02,16.489521026611328,17.0178421990939,16.489521026611328,16.89970811682554,2579800
2002-10-03,16.742202758789062,17.034255877232837,16.571564714484268,16.571564714484268,2190200
2002-10-04,16.58140754699707,17.063788111491533,16.440303045162526,16.80126854475007,2072000
2002-10-07,16.49936294555664,16.942365695781803,16.459985340578235,16.6371864406683,1838600
2002-10-08,17.195045471191406,17.382090707558948,16.473115851843648,16.637190708432147,1754200
2002-10-09,16.276229858398438,17.047382652697948,16.26310481753539,16.998159681136983,1751600
2002-10-10,17.250825881958008,17.277078453115966,16.138398840865086,16.279503281360384,2317400
2002-10-11,17.89072036743164,18.113862245779437,17.19832435536348,17.3919327129949,1839400
2002-10-14,17.638046264648438,17.939943385899586,17.37552675664923,17.894002628473693,1197200
2002-10-15,18.59951400756836,18.674988243357454,17.88414798790873,17.88414798790873,2303400
2002-10-16,17.51991844177246,18.031832604378927,17.51991844177246,17.752904510247784,4323800
2002-10-17,17.802120208740234,17.87103134137632,17.664297943468064,17.687268321013427,3031800
2002-10-18,17.926809310913086,17.985876326906165,17.309887839313753,17.80211213806201,1977400
2002-10-21,18.13355255126953,18.24512350352542,17.59210627703887,17.762744277653276,1998600
2002-10-22,17.654451370239258,18.035104923883083,17.605229672557908,18.035104923883083,1389400
2002-10-23,17.32630157470703,17.52319211924864,17.030967635582012,17.06378210044315,2983200
2002-10-24,16.79140853881836,17.47396006816209,16.755313146989458,17.47396006816209,2341400
2002-10-25,17.188486099243164,17.221300577046264,16.62078712106336,17.076915122203708,2405600
2002-10-28,16.896427154541016,17.352554998131147,16.722506977240172,17.326302423522847,3044200
2002-10-29,16.866891860961914,17.03096667964134,16.489519277282618,16.817668914641477,2793400
2002-10-30,17.391939163208008,17.441162133254693,16.80455072877521,17.03097488883941,2976600
2002-10-31,17.884153366088867,17.884153366088867,17.306610615513474,17.326298790549835,3155200
2002-11-01,18.320602416992188,18.35998003922794,17.63805028868163,17.68727325532035,2400600
2002-11-04,18.06463623046875,18.619209886340034,18.06463623046875,18.458416022643434,2168400
2002-11-05,17.874311447143555,18.17949071514644,17.805399070781434,17.90056276764073,1706600
2002-11-06,18.291057586669922,18.330435184577155,17.687262327663532,18.015411897736758,1930000
2002-11-07,17.706958770751953,18.24512411673543,17.588824670064486,18.212309645118623,1918600
2002-11-08,17.81852912902832,18.24512350469579,17.657736470991228,17.838218562413026,2308200
2002-11-11,17.12940788269043,17.920248299935263,17.067058662958896,17.752891317466837,1921000
2002-11-12,17.506786346435547,17.611794152404457,16.981747316590994,17.277082553248423,2981400
2002-11-13,17.703678131103516,17.93994508478099,17.19832724797935,17.490380306522365,2737400
2002-11-14,18.29762840270996,18.376384888735828,17.818530097112255,17.818530097112255,2093600
2002-11-15,18.556867599487305,18.681564851544152,18.097458713254163,18.130273186630845,1982600
2002-11-18,18.359975814819336,18.65202884513802,18.277938390491986,18.579835511156592,1582400
2002-11-19,18.464984893798828,18.589682137895032,18.261532417909535,18.31403632303554,1457400
2002-11-20,18.835792541503906,18.835792541503906,18.146677447473248,18.392789712814544,3559800
2002-11-21,19.193470001220703,19.193470001220703,18.658585820932757,18.839067844428786,2212200
2002-11-22,18.638898849487305,19.20659756270072,18.53717326470161,19.11471606630293,1859200
2002-11-25,18.96376609802246,19.019550930379243,18.59623763671701,18.75375054972872,1511200
2002-11-26,18.405914306640625,18.86204212947094,18.231995389047036,18.835790807849076,3330800
2002-11-27,19.003154754638672,19.029407339342395,18.438736701430035,18.438736701430035,1439000
2002-11-29,19.36083221435547,19.521626117432557,19.11800088664128,19.11800088664128,1298200
2002-12-02,19.196758270263672,19.47240408011349,18.967053220090186,19.393647597959905,2070800
2002-12-03,19.131128311157227,19.32473669487031,18.976898794898617,19.065498117191602,2231800
2002-12-04,18.742650985717773,19.012613536325524,18.689975396718335,18.930307850021087,2928000
2002-12-05,18.58791160583496,18.75910754456396,18.502314264412867,18.75910754456396,1771600
2002-12-06,18.92700958251953,19.002730636838315,18.387083413485513,18.436467310420866,1333200
2002-12-09,18.643877029418945,18.9763913178071,18.604369411402537,18.84799469896529,1559600
2002-12-10,18.765695571899414,18.82166283306096,18.436472842567845,18.79861734247855,1819200
2002-12-11,18.732772827148438,18.83153938963468,18.45293276823827,18.568161471043037,2062400
2002-12-12,18.456214904785156,18.699838866045337,18.3804938759673,18.666917116432096,1084200
2002-12-13,18.001890182495117,18.459509352695047,17.97555177413727,18.459509352695047,2116000
2002-12-16,18.963224411010742,18.963224411010742,18.12041521862745,18.123706892585613,2557000
2002-12-17,18.81178092956543,18.999437728716444,18.65046254371229,18.966515967978772,2171800
2002-12-18,18.77886390686035,18.815078606339807,18.518777661403355,18.815078606339807,2508600
2002-12-19,18.782155990600586,18.864461670888833,18.60108374514345,18.60108374514345,1767000
2002-12-20,19.09490966796875,19.243060080362643,18.818362650128304,18.847992732607082,3210600
2002-12-23,19.259525299072266,19.588747953757263,19.058699278772856,19.226603535957672,1948000
2002-12-24,19.121252059936523,19.233186554965858,19.121252059936523,19.21014107000279,563200
2002-12-26,19.173921585083008,19.41754556523636,19.12782937381205,19.164044054725633,758600
2002-12-27,18.91054916381836,19.216726338502607,18.890796607957945,19.111375187631122,873200
2002-12-30,19.09490966796875,19.160754435242087,18.768978760702183,18.913837499880422,1735600
2002-12-31,19.01919174194336,19.160757575220643,18.933593153695167,19.0158988123036,1562800
2003-01-02,19.522899627685547,19.555822640708445,19.078449626894937,19.09491050546412,2977000
2003-01-03,19.3780460357666,19.52619648445751,19.275986558694022,19.52619648445751,2127400
2003-01-06,19.753353118896484,19.782983198810204,19.37803961057895,19.37803961057895,2104200
2003-01-07,19.621665954589844,19.799446455444237,19.588744197787708,19.753355493567437,2307400
2003-01-08,19.239774703979492,19.58545955389457,19.210144609869197,19.526199365673982,2466800
2003-01-09,19.555830001831055,19.588751771361693,19.2759899372806,19.2759899372806,2437400
2003-01-10,19.226606369018555,19.559120746657452,19.226606369018555,19.559120746657452,2603800
2003-01-13,19.193687438964844,19.36817636287717,19.0883362519426,19.226610469837553,2128600
2003-01-14,19.213428497314453,19.259519454040742,18.930296899270814,19.259519454040742,1463400
2003-01-15,18.815074920654297,19.21672569902934,18.73276925828203,19.21672569902934,1730800
2003-01-16,19.038949966430664,19.11467103920068,18.871045680644347,18.897384100330427,1538200
2003-01-17,18.732772827148438,19.02907251460717,18.732772827148438,18.979689861306536,2051600
2003-01-21,18.482561111450195,18.821660071016336,18.482561111450195,18.815076722574638,1903400
2003-01-22,18.357452392578125,18.650461573798076,18.334406910083295,18.48255733746763,1998000
2003-01-23,18.298194885253906,18.436467790860704,18.12370603251738,18.321240369521707,2283600
2003-01-24,17.8372859954834,18.403549441652693,17.83399306518617,18.30478162689484,1718600
2003-01-27,17.149200439453125,17.840567201782825,17.103109489415704,17.840567201782825,2724600
2003-01-28,17.626575469970703,17.695711903437005,17.20187808287597,17.20187808287597,2877600
2003-01-29,17.695716857910156,17.866912781009123,17.3039423693605,17.62987207888983,2569600
2003-01-30,17.485017776489258,17.899837825390946,17.485017776489258,17.69901177769575,2881000
2003-01-31,17.955808639526367,18.21589490696574,17.359915024738385,17.4158835439057,2704200
2003-02-03,17.99859619140625,18.21588427988297,17.87678419965044,17.87678419965044,1892800
2003-02-04,17.787900924682617,17.916297568408087,17.64304339820244,17.916297568408087,1536000
2003-02-05,17.79778289794922,18.130297333711372,17.63975612349823,17.791198292028117,2043200
2003-02-06,17.524517059326172,17.843863350627398,17.448796019757882,17.761557709024764,1450400
2003-02-07,17.392824172973633,17.74509212512565,17.392824172973633,17.728629996464047,1433800
2003-02-10,17.580490112304688,17.613411875137963,17.257850808291806,17.369786560163586,1597400
2003-02-11,17.363195419311523,17.636449444662436,17.251259717679005,17.58048222178827,1439400
2003-02-12,17.271011352539062,17.498175672149856,17.257842151657602,17.36648617510348,1291400
2003-02-13,17.310531616210938,17.396128972778623,17.076782525193916,17.313823290896792,1302400
2003-02-14,17.508054733276367,17.5706065635994,17.099818232122413,17.310521712130974,1137400
2003-02-18,17.778024673461914,17.959096895810944,17.67925812089743,17.712179886457307,1117400
2003-02-19,17.567323684692383,17.794486898311956,17.4883096831506,17.7615651302691,1106400
2003-02-20,17.48171043395996,17.649614575626316,17.32039214744715,17.596939037353003,1297200
2003-02-21,17.475143432617188,17.583786282455055,17.251271871629072,17.448805010907964,1819400
2003-02-24,17.043855667114258,17.47513776355367,17.043855667114258,17.47513776355367,1461200
2003-02-25,16.819990158081055,16.902295844653015,16.49405908666665,16.856204861114335,2937200
2003-02-26,16.912168502807617,17.06690356230404,16.77389558180771,16.819986555474344,2009000
2003-02-27,17.18870735168457,17.287473855840588,16.928621261229132,16.954959665475666,1258200
2003-02-28,17.3994083404541,17.481713964119226,17.15249146945872,17.251259222564194,2196400
2003-03-03,17.18541145324707,17.68253678025826,17.182118525583856,17.531094760732618,1410400
2003-03-04,17.053735733032227,17.228224619304854,16.954969173489857,17.218347084231155,2351800
2003-03-05,17.210777282714844,17.210777282714844,16.90993586342995,17.114904423758578,1782000
2003-03-06,17.095056533813477,17.184317279730053,16.946288623952515,17.012407835126172,2516400
2003-03-07,17.339689254760742,17.379360258755376,16.926445951554427,17.095048664370474,1558000
2003-03-10,16.929758071899414,17.422344839994388,16.896699098950858,17.290106425962197,1075600
2003-03-11,16.747926712036133,17.002484771130145,16.721479792985644,16.936365581825957,1431400
2003-03-12,16.873558044433594,16.873558044433594,16.539656607031734,16.757849113592556,1654000
2003-03-13,17.967830657958984,17.967830657958984,17.24052295374876,17.257052445004565,2525800
2003-03-14,18.133127212524414,18.24883616793692,17.93807619848778,18.083538741164155,2014600
2003-03-17,18.708358764648438,18.8306784808805,17.868647715662906,18.08684022134775,3656400
2003-03-18,18.7116641998291,18.962916940954166,18.351315836174773,18.771171361615615,2432600
2003-03-19,18.873659133911133,18.910024767450256,18.586041981285927,18.711667110269364,2038800
2003-03-20,18.986059188842773,18.995976629140475,18.61248671716097,18.873656908032277,2539200
2003-03-21,19.518321990966797,19.521627384869713,19.035653769500705,19.141444030065347,2277800
2003-03-24,18.853822708129883,19.51831902113364,18.744727070261906,19.51831902113364,1773400
2003-03-25,18.986059188842773,19.171192728153905,18.76125462722178,19.124908397486823,2038600
2003-03-26,18.883573532104492,19.111684738044193,18.744724329462073,18.986058368187475,1561800
2003-03-27,18.791004180908203,18.919935921614783,18.62240142639624,18.71166089217865,2143800
2003-03-28,18.797622680664062,18.830681659999147,18.64554935793192,18.7910106325732,2246200
2003-03-31,18.62901496887207,18.906714628857,18.047168722823113,18.047168722823113,1433400
2003-04-01,19.01581382751465,19.184416627539687,18.476943928292567,18.708360550010937,1766600
2003-04-02,19.587732315063477,19.670380974620706,19.290196636210062,19.30672737701628,1744600
2003-04-03,19.306739807128906,19.686923129191648,19.27367956535001,19.686923129191648,2142200
2003-04-04,19.343095779418945,19.604265900992,19.23069352843299,19.505087740973508,1867000
2003-04-07,19.412519454956055,19.87865788990762,19.32656413440125,19.670382894383298,2532600
2003-04-08,18.943078994750977,19.237308121589887,18.7612521337839,19.20755454353208,3016200
2003-04-09,18.62901496887207,19.08193071624682,18.58273190239441,18.939774862854595,2040400
2003-04-10,18.77778434753418,18.886881236637535,18.705054349251018,18.843903559616297,1577800
2003-04-11,18.65215301513672,19.055478966673764,18.513303841661255,18.84389855311949,1545000
2003-04-14,18.943078994750977,19.009198197225977,18.33809125573413,18.652155260532314,2856800
2003-04-15,19.02903938293457,19.04887426615419,18.69513788938638,18.943084018585456,2765800
2003-04-16,18.612483978271484,19.09845865925098,18.595954493167998,19.07531712788233,1951800
2003-04-17,19.065399169921875,19.17449604586474,18.605872656118972,18.61248470264147,2803600
2003-04-21,19.17119598388672,19.419142122388973,18.99267446149647,19.12491164535944,1794600
2003-04-22,19.313344955444336,19.326569048294854,18.91002021245481,19.171190371217445,1829400
2003-04-23,19.290205001831055,19.329877283628573,18.86043203797667,19.313346535653434,1759200
2003-04-24,19.02903938293457,19.290208347240316,18.824069674790824,19.290208347240316,2568600
2003-04-25,18.62240219116211,19.029033567443058,18.592648614306487,19.029033567443058,1671200
2003-04-28,19.2340030670166,19.31334510248596,18.7447229778925,18.810842181529576,1319600
2003-04-29,19.108375549316406,19.37946313280861,19.035645564726025,19.23400190250901,2709000
2003-04-30,19.200944900512695,19.41913739887675,19.045564954621074,19.075318534448854,3612200
2003-05-01,19.042259216308594,19.20094582376631,18.714971083584754,19.20094582376631,1480400
2003-05-02,19.505090713500977,19.554680431626938,19.075317780512027,19.075317780512027,1509000
2003-05-05,19.389385223388672,19.56790545416629,19.15796861475806,19.564600061110006,1721200
2003-05-06,19.36624526977539,19.43566987969696,19.18441710885819,19.389386806415914,1653400
2003-05-07,19.03565216064453,19.296821134960343,18.94639139937738,19.283598299346867,1394800
2003-05-08,18.78438949584961,19.17449131662914,18.72818900594815,18.893486344884607,1375600
2003-05-09,19.15135955810547,19.28359800114952,18.85713034650768,18.92655496160214,1044400
2003-05-12,19.448890686035156,19.518315284215607,19.009199041987735,19.151354892234725,1346200
2003-05-13,19.310047149658203,19.47864998582974,19.2637640676158,19.448897656904823,1328800
2003-05-14,19.184415817260742,19.323266288874887,19.009200977030567,19.290206052243384,1200400
2003-05-15,19.237306594848633,19.303425792076176,19.05547974831198,19.157964567070614,1444800
2003-05-16,19.065399169921875,19.33318137904797,19.0125040588608,19.237308596150104,1060400
2003-05-19,18.724884033203125,19.065396178409813,18.668683538258566,19.065396178409813,1276800
2003-05-20,18.787700653076172,19.01250392769566,18.576118949172617,18.724886842105228,1409200
2003-05-21,18.929861068725586,19.002592341253305,18.701751070051333,18.777787736276085,1692600
2003-05-22,19.17119598388672,19.234008551637682,18.797623448763257,18.797623448763257,1413200
2003-05-23,19.29351043701172,19.319957362086946,18.76125267048415,19.174496121375874,1845400
2003-05-27,19.657167434692383,19.710062554748422,19.1414403294258,19.24061852189098,1940000
2003-05-28,19.468727111816406,19.703449111621136,19.448892231399643,19.65716604248996,1520400
2003-05-29,19.2307071685791,19.72329418699478,19.138140988388084,19.491877475397615,1900000
2003-05-30,19.832380294799805,19.8984982381964,19.478642739809576,19.53814989776166,2789600
2003-06-02,20.050573348999023,20.176198453869368,19.85221572989185,19.901805449948384,2543000
2003-06-03,20.06048583984375,20.067097884961427,19.81915186808246,19.86874031478706,2013200
2003-06-04,20.2081356048584,20.237994992356516,20.002438305206756,20.188228924658432,1863000
2003-06-05,20.261211395263672,20.320930148376544,20.038925909701582,20.188221526880557,2038400
2003-06-06,19.99910545349121,20.38395880027655,19.98915275337868,20.320922923559237,2125200
2003-06-09,19.75692367553711,20.10528228261946,19.72374714747343,20.07210575455578,1567400
2003-06-10,19.995792388916016,20.14177083796625,19.750281856019292,19.813319011202474,1175000
2003-06-11,19.906217575073242,20.058831606070694,19.86308708262501,19.99579570603346,2024800
2003-06-12,20.344160079956055,20.357431199213767,19.942718214437097,20.038931930650147,2167400
2003-06-13,20.24793815612793,20.433729953613426,20.101959700277018,20.347470244611312,1469800
2003-06-16,21.054141998291016,21.067413113445827,20.453638591972545,20.47022685311446,3027600
2003-06-17,21.14373016357422,21.196813383787532,20.841819111310308,21.054151992163547,2322600
2003-06-18,20.675926208496094,21.03755590734907,20.569759807512042,20.98447270685704,1216800
2003-06-19,20.297704696655273,20.76881786042237,20.211443719940974,20.725688637668327,2185800
2003-06-20,20.204814910888672,20.320934027662506,20.121872323020664,20.221403175341585,2088800
2003-06-23,19.690576553344727,20.204821785581142,19.607633937255486,20.204821785581142,1971600
2003-06-24,19.650754928588867,19.86972327832105,19.624213962416952,19.624213962416952,2351800
2003-06-25,19.577768325805664,19.916174243824916,19.557862914253842,19.70052426985814,3560600
2003-06-26,19.843185424804688,19.89295021878449,19.50146109791339,19.600993217079935,1789200
2003-06-27,19.79673194885254,19.939393270131415,19.62752966335604,19.843180851038944,2045000
2003-06-30,19.93939208984375,20.055512440031396,19.6640234325705,19.81000189113437,1460600
2003-07-01,19.909542083740234,19.962625299613286,19.464969676202042,19.939401471769056,1462800
2003-07-02,20.18490982055664,20.27116956185318,19.873046121280158,19.873046121280158,1416200
2003-07-03,20.082056045532227,20.26784787092132,19.630848230732475,20.184905295130285,873200
2003-07-07,20.480175018310547,20.573070272602422,20.25788958393987,20.370691506552685,1286800
2003-07-08,20.25457763671875,20.519993637682795,20.105280740675436,20.48018155393902,1904800
2003-07-09,20.108604431152344,20.350796674708363,19.939400816019074,20.254582953601496,1482800
2003-07-10,20.0057430267334,20.055509063521452,19.906212218760174,20.025649694569196,953400
2003-07-11,20.301027297973633,20.430418797816934,20.088694476082246,20.088694476082246,1406800
2003-07-14,20.420467376708984,20.61289481157973,20.092015397331142,20.553176039764917,1326200
2003-07-15,20.433731079101562,20.652699407740222,20.354105657049708,20.503402532394965,1318000
2003-07-16,20.354106903076172,20.53658157611498,20.062149957420527,20.417144068527115,1183200
2003-07-17,20.30434799194336,20.6261644075855,20.247946367888318,20.33752452449085,1292000
2003-07-18,20.891582489013672,20.90153519601861,20.37070306236118,20.38397291649989,1747200
2003-07-21,21.392553329467773,21.392553329467773,20.85508445003395,20.85508445003395,3147800
2003-07-22,21.266477584838867,21.36269128400354,21.133770212587283,21.339467462219428,2292800
2003-07-23,20.73564338684082,21.266475351302653,20.6162058784361,21.266475351302653,3029000
2003-07-24,20.218082427978516,20.447004754040787,19.839864473479654,20.447004754040787,6072000
2003-07-25,21.150362014770508,21.210080785236972,20.211451219017253,20.228040750727388,3196000
2003-07-28,21.07404327392578,21.515296982190293,20.934699131692913,20.951288654189426,3201600
2003-07-29,21.223346710205078,21.349418514243204,20.967883424754238,21.001059948847793,2405000
2003-07-30,21.395870208740234,21.399188621140393,21.110548756898645,21.332835560379355,1495600
2003-07-31,21.45227813720703,21.734282508538865,21.432370189333618,21.48213626220573,2222600
2003-08-01,21.541839599609375,21.648005964393416,21.299646235242697,21.36932020603748,2089800
2003-08-04,21.316246032714844,21.541849983025323,20.894897515682146,21.541849983025323,2879800
2003-08-05,21.133771896362305,21.46222510514006,21.133771896362305,21.316245338748406,1852200
2003-08-06,21.127140045166016,21.352744027724988,20.981161518758785,21.1337756053123,2347000
2003-08-07,21.156991958618164,21.395865711476,20.493451365651385,21.12713258131053,2503800
2003-08-08,20.851764678955078,21.02428540196992,20.782093213584673,20.851764678955078,2471800
2003-08-11,20.79204559326172,20.898213261274698,20.656019811074174,20.702468719531314,1938200
2003-08-12,20.84844970703125,20.901532914602928,20.659340700956932,20.901532914602928,1806600
2003-08-13,20.90153694152832,21.220036248320994,20.828547042453593,20.931396330640368,1861600
2003-08-14,21.273115158081055,21.415776505838124,21.014333431710593,21.067416635601358,2698800
2003-08-15,21.206754684448242,21.273110256025358,20.987786360656237,21.273110256025358,608400
2003-08-18,21.51862335205078,21.555118290076933,21.200124145718924,21.266477197835556,1147800
2003-08-19,21.525253295898438,21.54516123247665,21.08731792487346,21.518619004509816,1523000
2003-08-20,21.37928581237793,21.525263070068377,21.366014692368378,21.525263070068377,1192200
2003-08-21,21.64801025390625,21.754176639726964,21.379277143498946,21.432359070806154,1658200
2003-08-22,21.41577911376953,21.827173677620152,21.41577911376953,21.813902558630502,1302400
2003-08-25,21.33283233642578,21.402503799057783,21.183534175465805,21.316242808139126,992600
2003-08-26,21.00105857849121,21.332830125794427,20.86835122517311,21.24988755536942,2425200
2003-08-27,20.90153694152832,21.08401042361139,20.841818163304225,21.08401042361139,1302200
2003-08-28,21.17026138305664,21.22334457562935,20.782089509066118,20.934703529512277,1109200
2003-08-29,21.173582077026367,21.216712573720216,21.034239147773963,21.17026493063608,795400
2003-09-02,21.3593692779541,21.362687689423957,21.06741234876455,21.173578734943142,1718800
2003-09-03,21.52747917175293,21.604043152207762,21.294462778522064,21.35771117369396,1696800
2003-09-04,21.364370346069336,21.524154849592605,21.29113588777486,21.487537620445366,1006400
2003-09-05,21.257837295532227,21.364359396725106,21.02481972298145,21.194588924931473,1261400
2003-09-08,21.397653579711914,21.547451996706542,21.237870379365912,21.304447030304413,1842400
2003-09-09,21.084754943847656,21.321102229959994,21.084754943847656,21.197934923022213,1274600
2003-09-10,20.871702194213867,21.02815587476957,20.818441123629015,20.988210389291954,1883200
2003-09-11,21.07142448425293,21.241194968137805,20.931614692671225,21.00484784880482,1317800
2003-09-12,21.31775665283203,21.384332015308363,20.958243600210345,21.15464396714027,2261400
2003-09-15,21.19792366027832,21.327747423621656,21.10804537723049,21.31776137100876,1272600
2003-09-16,21.19792366027832,21.354378590381273,21.091401532927687,21.281144151636244,1478000
2003-09-17,20.971567153930664,21.19792702797332,20.948265514236052,21.19792702797332,882000
2003-09-18,21.03813362121582,21.091394667554354,20.914967689653626,20.97155699583178,2139400
2003-09-19,20.904983520507812,21.071424474126257,20.881681888588727,21.071424474126257,2585000
2003-09-22,20.555458068847656,20.715241234248545,20.505525274103253,20.655322388492745,1785400
2003-09-23,20.622037887573242,20.67862721182884,20.52217355251731,20.57210508512332,2034800
2003-09-24,20.395679473876953,20.65532701710687,20.332432353559,20.65532701710687,2264800
2003-09-25,20.259197235107422,20.488885341092633,20.25586770423931,20.422308692013974,2020000
2003-09-26,20.142684936523438,20.262522633968675,20.00620339662054,20.259194373414655,2029200
2003-09-29,20.605392456054688,20.72855841747424,20.405662531484904,20.555459657451287,4966800
2003-09-30,20.622037887573242,20.771835025079106,20.372376415011445,20.608722304274075,2203800
2003-10-01,21.06144905090332,21.06144905090332,20.738553031599658,20.80512970061048,1859600
2003-10-02,21.137998580932617,21.184601839195928,20.93826996842028,21.061435903808103,1052200
2003-10-03,21.577404022216797,21.8037638091512,21.1380000287191,21.1380000287191,2123800
2003-10-06,21.680599212646484,21.770478756079452,21.52081730827966,21.587392678484573,1581400
2003-10-07,21.803770065307617,21.843716817882886,21.490860186021365,21.68060281629988,1372800
2003-10-08,21.980194091796875,22.08671621100911,21.80043753943479,21.870342442072104,1773400
2003-10-09,21.936927795410156,22.199904921980114,21.83706216365855,22.1533016377463,1354400
2003-10-10,22.02347183227539,22.216541440136687,21.98019555180083,22.08671767808865,1104600
2003-10-13,22.166595458984375,22.26313147536454,22.036771774121537,22.106679179527355,1131600
2003-10-14,22.296432495117188,22.303089016166957,22.113346420154233,22.16660620761502,1948200
2003-10-15,22.333051681518555,22.509481271069095,22.259819776428664,22.38631401942545,2092600
2003-10-16,22.379655838012695,22.53610822971815,22.183254156150483,22.186583686944857,1377000
2003-10-17,22.163280487060547,22.44955916266993,22.11334768741934,22.379654259047317,957000
2003-10-20,22.113351821899414,22.263147709142327,22.01015921245155,22.236519078750987,884200
2003-10-21,22.126670837402344,22.313083977483547,22.07340848898568,22.113355250298177,1439000
2003-10-22,21.85370635986328,22.12666953015052,21.760499795329356,22.12666953015052,1117800
2003-10-23,21.946908950805664,22.020143392448137,21.670616299041043,21.853702403147224,1606400
2003-10-24,21.876996994018555,21.946901882247737,21.677268379122733,21.946901882247737,1169200
2003-10-27,22.0201358795166,22.073395657283744,21.837049837876563,21.87699657596723,1588200
2003-10-28,21.953569412231445,22.07008015739896,21.624016905393844,22.020147343711223,2986400
2003-10-29,22.868989944458008,23.201871908946117,21.637327691727137,21.920276853604463,6524400
2003-10-30,23.33170509338379,23.50480520704151,23.05208534935205,23.135305874078952,4189600
2003-10-31,23.16193199157715,23.335029527731237,23.008806564293984,23.331699996356644,1623400
2003-11-03,23.23516082763672,23.318381314068528,23.161926393226693,23.161926393226693,1075000
2003-11-04,23.32170867919922,23.46152102881091,23.058731633092123,23.23516120049643,1429800
2003-11-05,23.404922485351562,23.488142949361134,23.161920152668344,23.32170202134199,1285600
2003-11-06,23.52144432067871,23.558059005693703,23.201875352416494,23.35167378248095,1031400
2003-11-07,23.42490577697754,23.627963987346565,23.364986919168846,23.52144185565199,952800
2003-11-10,23.208526611328125,23.47816013921957,23.09867497415481,23.424900355542643,903400
2003-11-11,23.012126922607422,23.208528582081474,22.99881134063566,23.208528582081474,1019400
2003-11-12,23.10533332824707,23.2418135832439,22.902275171079722,23.01212426520834,1345200
2003-11-13,23.17191505432129,23.201873213759825,22.978842894535223,23.105339673554774,1142400
2003-11-14,23.088701248168945,23.36832097603005,22.965533964408,23.171921768083138,932800
2003-11-17,22.89895248413086,23.07537953315314,22.785771286461745,23.005474619749297,1113400
2003-11-18,22.629318237304688,22.99215837836961,22.5594107862103,22.885636245794885,1555200
2003-11-19,22.5261173248291,22.752477116018497,22.5261173248291,22.635968960190276,1461000
2003-11-20,22.566064834594727,22.835698367213595,22.30308782266942,22.526118091371135,1557400
2003-11-21,22.552753448486328,22.685906744311648,22.53943786493501,22.649289524467488,1732600
2003-11-24,22.915599822998047,22.935574473613862,22.652625230160798,22.66261128562442,1809200
2003-11-25,24.017436981201172,24.19053450498714,23.318385284095786,23.401605784696144,3548400
2003-11-26,23.997461318969727,24.200519535020234,23.95418757477576,24.050723656151245,1857400
2003-11-28,23.894264221191406,24.03407402046505,23.890934690821783,24.017431447992024,600400
2003-12-01,24.49346160888672,24.666559155730233,23.944205723822815,23.954191778874954,1617600
2003-12-02,24.46683120727539,24.616627117158803,24.32702135275907,24.516764023799375,1734000
2003-12-03,24.663951873779297,24.944605050541057,24.49021613506165,24.496897200413397,1396200
2003-12-04,24.690675735473633,24.724086152896987,24.30644956247643,24.47350419864465,2333600
2003-12-05,24.32315444946289,24.690674115103548,24.31647083698597,24.690674115103548,1437400
2003-12-08,24.64055633544922,24.647237398635625,24.15609895932188,24.15609895932188,2022200
2003-12-09,24.74412727355957,24.854383924616904,24.59043734286646,24.72408153665859,2077400
2003-12-10,24.440092086791992,24.790905268992542,24.329835422792698,24.790905268992542,1295200
2003-12-11,24.724084854125977,24.724084854125973,24.4434343036508,24.523619811064947,907800
2003-12-12,24.857736587524414,24.90785350071732,24.69068190958279,24.80761967433151,1016200
2003-12-15,24.81429672241211,25.14172495974973,24.74413407492227,25.058197634302058,1359600
2003-12-16,25.02478790283203,25.111657037423473,24.697359656480753,24.978012803217812,1047600
2003-12-17,25.12501335144043,25.12501335144043,24.76417731636897,25.03814678600626,1310000
2003-12-18,25.11166000366211,25.332170849454638,24.89782767424371,25.191845534036478,1168500
2003-12-19,24.683988571166992,25.11165051943131,24.383292308567814,25.11165051943131,1752800
2003-12-22,25.365577697753906,25.42571747431706,24.61717357200815,24.623854636492194,1067400
2003-12-23,25.145061492919922,25.23861166995311,24.998052615267113,25.12501320566199,932700
2003-12-24,25.02478790283203,25.211888301288905,24.931237703603596,25.14506745871195,318400
2003-12-26,25.13838768005371,25.25866725428309,24.991381294147246,24.991381294147246,185900
2003-12-29,25.479185104370117,25.512595536587707,25.078252270601265,25.312130394229573,868200
2003-12-30,25.405675888061523,25.51259078065883,25.19184610286691,25.51259078065883,1256500
2003-12-31,25.52595329284668,25.566044781007978,25.218573321367913,25.49254286969497,905900
2004-01-02,25.158428192138672,25.592768698886793,25.084923747398637,25.492537450737853,947800
2004-01-05,25.46581268310547,25.619502663845047,25.118338685717447,25.445766939676943,902300
2004-01-06,25.44577407836914,25.55937005506868,25.178485528760483,25.41904471359777,1167500
2004-01-07,25.45245933532715,25.452459335327152,24.844380206458023,25.44577826756065,945800
2004-01-08,25.900157928466797,25.900157928466797,25.30544364192547,25.452452584325265,966500
2004-01-09,25.158428192138672,25.759823328186386,25.02478397888873,25.733093975726124,1390900
2004-01-12,25.10496711730957,25.345526168640422,25.004733329571344,25.345526168640422,1233000
2004-01-13,24.957971572875977,25.238624799021782,24.730777075158883,25.165120321958536,1274300
2004-01-14,25.131715774536133,25.185171966426434,24.79760629079926,24.95797741552324,947300
2004-01-15,25.12501335144043,25.372256019663983,24.891137907500486,25.12501335144043,1325400
2004-01-16,25.472496032714844,25.62618602724002,25.1250220041593,25.312124972798156,1270500
2004-01-20,25.499225616455078,25.646234546880557,25.365581365982102,25.579411147118037,1140800
2004-01-21,25.19183921813965,25.505900195472083,24.89782143206067,25.459125102059776,1404200
2004-01-22,24.329835891723633,25.165109030754316,24.329835891723636,25.158427967224654,2155700
2004-01-23,23.92890739440918,24.496892147065545,23.92890739440918,24.45679811606981,2625900
2004-01-26,23.989051818847656,24.109331386110558,23.58811907828732,23.928912035216207,2641900
2004-01-27,24.45680046081543,24.877778904950866,23.821994811356976,24.189514542372855,2713900
2004-01-28,24.06255340576172,24.62385719567074,24.06255340576172,24.577082092265986,2814800
2004-01-29,23.65494155883789,24.18951597646745,23.52129731716753,24.069236413869312,2230300
2004-01-30,23.661617279052734,23.721757046767156,23.414377144694036,23.554702419677245,2227600
2004-02-02,23.548030853271484,23.855410879313244,23.521301490384634,23.661626821962088,1821600
2004-02-03,23.621524810791016,23.708393936348727,23.47451846259891,23.588114392976966,965800
2004-02-04,23.521303176879883,23.755178746278027,23.4344340157952,23.668309585193345,1157600
2004-02-05,23.574758529663086,23.83536345471408,23.48120830518862,23.487891920681044,1394900
2004-02-06,23.95564079284668,24.055874623398385,23.434430991703085,23.614850357264835,1362300
2004-02-09,24.16278839111328,24.356572428300378,23.962323288425836,24.075919245296294,1253800
2004-02-10,24.16278839111328,24.256338602430617,23.995733714031733,24.256338602430617,1239800
2004-02-11,24.56371307373047,24.663946877064262,24.015774060022466,24.062549155164504,1736300
2004-02-12,24.002408981323242,24.36993122136278,23.968998563788226,24.323156127003468,1572100
2004-02-13,23.85541534423828,24.209570547091708,23.755181489178383,24.05588050530526,1303800
2004-02-17,24.042503356933594,24.189512255059768,23.92890742587355,24.089278451964375,594800
2004-02-18,24.222917556762695,24.476841268333374,23.93558343423426,24.389972160602436,1476300
2004-02-19,24.630542755126953,25.024791907140433,24.49021743383033,24.49021743383033,1412600
2004-02-20,24.383298873901367,24.784229031353586,24.162785502966408,24.784229031353586,957500
2004-02-23,24.196199417114258,24.383302393443707,23.84204430861017,24.383302393443707,1230900
2004-02-24,24.44344139099121,24.650587557627098,24.0892837448762,24.189517569995026,1263600
2004-02-25,24.61717414855957,24.690678604864033,24.222925059423435,24.263019094421804,1111800
2004-02-26,24.630542755126953,24.7240929693247,24.263022964042015,24.557038287099534,1138900
2004-02-27,24.26969337463379,24.824315899670662,24.189507876104123,24.737446789317087,2602900
2004-03-01,24.49690055847168,24.590450780532212,24.296435432763055,24.35657522538088,1290800
2004-03-02,24.289751052856445,24.463489358973433,24.20288444885024,24.389984887081805,1402000
2004-03-03,24.45749855041504,24.611825391377977,24.269620281735083,24.45749855041504,1150500
2004-03-04,24.819820404052734,24.833237897079805,24.36354885273272,24.61852217406019,1423700
2004-03-05,25.047964096069336,25.162030740143205,24.799696883177752,24.819828248307473,1636300
2004-03-08,24.960737228393555,25.07480388262275,24.75944147647392,24.75944147647392,1266700
2004-03-09,25.034549713134766,25.128487572983552,24.792993753743758,25.06138727336677,2219700
2004-03-10,23.974376678466797,25.00769776738516,23.91398771717641,25.00769776738516,2455600
2004-03-11,23.665727615356445,24.081739116727636,23.558369725982786,23.974381227353973,2232900
2004-03-12,23.880441665649414,24.088448681086557,23.679145957595228,23.719403563437787,1162400
2004-03-15,23.571788787841797,23.83347347217629,23.38391056965215,23.83347347217629,1262000
2004-03-16,23.746259689331055,24.05491348715896,23.524835029016437,23.987815725758296,961000
2004-03-17,24.001232147216797,24.13543020926598,23.752967396175645,23.752967396175645,918800
2004-03-18,23.967687606811523,24.054914187247906,23.739551627947904,24.021365305571177,560100
2004-03-19,23.86701774597168,24.14212243301092,23.826757587034212,23.833468893330483,696700
2004-03-22,23.511404037475586,23.853606556959196,23.16249020920179,23.632181999555527,972800
2004-03-23,23.357072830200195,23.84018202830949,23.21616352778837,23.61875751242895,1281900
2004-03-24,23.283266067504883,23.551659523731605,23.249717205428308,23.397332710488065,1025300
2004-03-25,24.383676528930664,24.45748553524698,23.61204017513139,23.68584918144771,1663500
2004-03-26,24.11528968811035,24.309876676284635,24.04819196234675,24.256199007596585,1686400
2004-03-29,24.980867385864258,25.16874308986162,24.316591112665304,24.323299862258995,1376700
2004-03-30,24.766149520874023,24.987576633413976,24.571562523723326,24.98086532475952,962800
2004-03-31,24.90706443786621,25.061391312435145,24.363566001257166,24.860095500371976,1295600
2004-04-01,25.000991821289062,25.329776805390537,24.913765293755528,25.061380795527537,994000
2004-04-02,25.430431365966797,25.79947403842822,25.316362141612046,25.463980234442452,1223700
2004-04-05,25.531068801879883,25.62500662371968,25.31635304921358,25.383453321680346,854200
2004-04-06,25.73236846923828,25.74578852580166,25.370037180483298,25.46397501681289,1183800
2004-04-07,25.490825653076172,25.82631952681723,25.390176467107807,25.73237909209303,1363000
2004-04-08,25.504226684570312,25.812882794385054,25.363319962906274,25.698813619980733,788000
2004-04-12,25.859859466552734,25.873279524018972,25.504234342733007,25.504234342733007,691500
2004-04-13,25.504226684570312,25.89340055539115,25.463969083874,25.89340055539115,1006800
2004-04-14,25.430431365966797,25.85315171606635,25.383462438177954,25.504237852767407,1471300
2004-04-15,25.69210433959961,25.82630231156561,25.510937461387527,25.53106626131773,826400
2004-04-16,25.833026885986328,26.000773813817407,25.591470900371174,25.833026885986328,839800
2004-04-19,25.81960105895996,25.893410100262106,25.578045127285456,25.71224315150623,536700
2004-04-20,25.289508819580078,26.014176286462526,25.289508819580078,25.900107121662177,877700
2004-04-21,25.390169143676758,25.53107591569783,25.068095424936715,25.363329027211492,1311600
2004-04-22,25.759206771850586,25.940373683301594,25.094930656144108,25.094930656144108,1363400
2004-04-23,25.510944366455078,25.799469188412516,25.33648618779452,25.799469188412516,830100
2004-04-26,25.32978057861328,25.752503461253042,25.316360520159623,25.497527469862376,708700
2004-04-27,25.229122161865234,25.531066967233937,25.094926745802244,25.329771283525965,1559600
2004-04-28,24.69234275817871,25.31636142058903,24.605113654934655,25.309652670930802,1547200
2004-04-29,24.363563537597656,24.927193290148995,24.31659460485295,24.82654411448756,1777100
2004-04-30,24.524585723876953,25.047957567394235,24.37697025588125,24.625234844449285,1252300
2004-05-03,24.833250045776367,24.90035034180452,24.041487029560766,24.591696658918742,2238600
2004-05-04,24.940601348876953,25.208997342617497,24.571558777194127,24.826534715286254,1030600
2004-05-05,24.96744155883789,25.054670641090354,24.504461155400474,24.860083672840204,1094500
2004-05-06,24.826555252075195,24.92720447288947,24.598419236563377,24.86010413914128,851400
2004-05-07,23.820053100585938,24.73930513735329,23.7865042419445,24.491040511870047,1920300
2004-05-10,23.84688949584961,24.028056375823045,23.451006882488425,23.65230256258776,1358500
2004-05-11,24.316579818725586,24.31657981872559,23.87372832240573,23.87372832240573,1328000
2004-05-12,24.209226608276367,24.256195521483324,23.56507675929817,24.1555463876891,1433400
2004-05-13,24.336713790893555,24.383682705061908,23.820053175427795,23.954251170029032,848200
2004-05-14,24.336713790893555,24.417231563808755,23.833473230849304,24.202515796292317,1231000
2004-05-17,23.437589645385742,24.121997087650442,23.404040787940303,24.054896813145817,1901400
2004-05-18,23.659019470214844,23.752959875636947,23.471143778599295,23.551661566489624,1830000
2004-05-19,23.497982025146484,24.24948729144002,23.3503639594121,23.820055710700856,1374700
2004-05-20,23.632183074951172,24.08845482810178,23.571794091163166,24.05490340185276,1653500
2004-05-21,23.752960205078125,24.195811884038562,23.685859914560265,23.853606801433376,1572300
2004-05-24,23.65232276916504,24.22266144329865,23.598642510151432,23.987816709153194,1303700
2004-05-25,24.30316162109375,24.37025932944608,23.56507403115063,23.685851953875623,1233200
2004-05-26,24.65879249572754,24.792990517831246,24.323298720275464,24.323298720275464,1414300
2004-05-27,24.786272048950195,25.141897088738087,24.65878537256654,24.860081067766806,1398100
2004-05-28,24.819820404052734,24.893626854154903,24.48432676688292,24.893626854154903,908600
2004-06-01,24.792991638183594,24.866800681656652,24.6386648016556,24.739311403070644,1061300
2004-06-02,25.115062713623047,25.14190282834067,24.658791001880342,24.974155950776858,1028300
2004-06-03,24.79842185974121,25.09484324403253,24.724315871190328,24.946631266930762,1065500
2004-06-04,25.0948486328125,25.229586589118878,24.886004672041974,24.886004672041974,912800
2004-06-07,25.58664321899414,25.60011727331704,25.19590592328253,25.22285146201523,859300
2004-06-08,25.472122192382812,25.59338613318083,25.296962024601875,25.59338613318083,1303600
2004-06-09,25.270009994506836,25.60011790882985,25.20264229113307,25.472118244454435,819700
2004-06-10,25.337379455566406,25.546220871278248,25.236325333832045,25.4990629664457,599400
2004-06-14,25.06117057800293,25.344118038715717,24.912958534821936,25.344118038715717,648700
2004-06-15,25.20264434814453,25.46538201062498,25.13527663927229,25.330644022967135,971800
2004-06-16,25.14875030517578,25.344117685842058,24.89274838958573,25.344117685842058,581900
2004-06-17,25.18916893005371,25.26327494775324,25.040956894654663,25.128536967382576,955100
2004-06-18,25.418209075927734,25.761790869862406,25.054417495259912,25.061155804112193,804900
2004-06-21,25.249797821044922,25.499061383963724,25.162217758971266,25.249797821044922,851500
2004-06-22,25.532747268676758,25.60011496430188,25.21611344543038,25.263271346350543,1238000
2004-06-23,25.775272369384766,25.856116687574016,25.40474490571233,25.559692660705792,1185900
2004-06-24,26.13906478881836,26.347908761509387,25.73485346674021,25.795485422043225,1766100
2004-06-25,26.091909408569336,26.4085432690766,26.004329338020124,26.13906731503895,1396700
2004-06-28,26.11887550354004,26.199717317454134,25.943715241825412,26.004347244739716,1324000
2004-06-29,26.839704513549805,26.84644025638502,26.078437077504415,26.118859244255674,1615800
2004-06-30,26.886857986450195,27.041805745224934,26.630856112429235,26.8397000846454,1604300
2004-07-01,26.320964813232422,26.839704386134322,26.0514888426633,26.765598365732146,1034300
2004-07-02,26.166027069091797,26.21992074193573,25.734867406683104,26.172762814479423,606600
2004-07-06,25.86284828186035,26.287271889599914,25.802216337897555,26.07169221549052,961200
2004-07-07,25.889795303344727,26.03126897671742,25.600109646488843,25.822427621713633,1094800
2004-07-08,25.579893112182617,25.89652421626796,25.57315480384858,25.889788477845567,729500
2004-07-09,25.93696403503418,26.085176080463803,25.68770042492259,25.755068134710566,981000
2004-07-12,26.07169532775879,26.1592753839181,25.674219774312977,25.984115271599478,496700
2004-07-13,26.624120712280273,26.630856454090416,25.97738156216325,26.10538121585945,1576900
2004-07-14,26.893590927124023,27.028328876781313,26.54327585589277,26.630853338744267,2304400
2004-07-15,27.03508186340332,27.142871767659148,26.85992166279133,26.880134036655196,1330000
2004-07-16,27.028335571289062,27.385391611805122,26.893597588259226,27.385391611805122,1354400
2004-07-19,26.960962295532227,27.156332202073187,26.88685629167788,27.035068299386573,1143900
2004-07-20,27.014854431152344,27.04854084551025,26.8127487945679,26.920538638740442,1577700
2004-07-21,26.678022384643555,27.035078485939493,26.583706551441736,27.01486611460074,1558800
2004-07-22,26.32770347595215,26.583702824491446,26.192965488876368,26.5095968031041,1565800
2004-07-23,26.031282424926758,26.40854831873499,25.86286056392706,26.273810315952502,1045900
2004-07-26,25.748336791992188,26.17275806203257,25.620334523641162,26.105390340731702,1838700
2004-07-27,26.10538101196289,26.132329118818856,25.586641519593687,25.70116968877508,1337200
2004-07-28,26.064966201782227,26.17275608968902,25.80222851062902,26.10538837346489,1517300
2004-07-29,26.624120712280273,26.758858677699557,26.071697366982864,26.071697366982864,813800
2004-07-30,26.576961517333984,26.806015276433147,26.314223910996407,26.6106453645724,944200
2004-08-02,26.738643646240234,26.785801543947766,26.38159025790817,26.583695900927967,650500
2004-08-03,26.61064910888672,26.77233519625947,26.240121597302576,26.738648774368315,830200
2004-08-04,26.9138126373291,27.129392403687728,25.977387545350023,26.307492938249503,1627500
2004-08-05,26.294004440307617,26.920533595280343,26.206426975139646,26.907059546044014,829500
2004-08-06,25.37106704711914,26.145808574882793,25.32390913533319,26.145808574882793,1087000
2004-08-09,25.654022216796875,25.86286370505624,25.49233607983785,25.53949400105216,721400
2004-08-10,25.997591018676758,26.064958715551917,25.56643159088476,25.56643159088476,706700
2004-08-11,26.024539947509766,26.18622345308291,25.68769631266723,25.7887478611722,1094400
2004-08-12,25.748336791992188,25.99760044470201,25.68770481485587,25.99760044470201,706700
2004-08-13,25.734851837158203,25.86285148139808,25.404743974764237,25.768535683546304,1453000
2004-08-16,26.745380401611328,26.745380401611328,25.734849675378502,25.734849675378502,1427100
2004-08-17,26.63758087158203,26.90705409194972,26.61063277857178,26.745370673711427,957500
2004-08-18,26.947484970092773,26.947484970092773,26.44895536738459,26.624115458841153,768700
2004-08-19,26.940746307373047,26.94748204712348,26.684744508349972,26.846427961481908,763400
2004-08-20,26.960962295532227,27.10917430324092,26.806014546524384,26.940752501722038,797100
2004-08-23,26.758861541748047,27.06875709644201,26.758861541748047,27.055283041466637,868100
2004-08-24,27.082225799560547,27.34496339487639,26.96769763985897,27.048541953735157,789500
2004-08-25,27.358440399169922,27.37865019486326,26.88685879699258,27.088964463664873,1112800
2004-08-26,27.776123046875,27.944544847476894,27.405595599533374,27.419069651971054,1266200
2004-08-27,27.419069290161133,27.776122680353556,27.318015183168367,27.776122680353556,940700
2004-08-30,27.210229873657227,27.607705486928065,27.210229873657227,27.42580960594855,682000
2004-08-31,27.338237762451172,27.432553593602222,27.13612947294046,27.318025391551906,723900
2004-09-01,27.53359031677246,27.789592127461482,27.33148470619156,27.452748586522553,782100
2004-09-02,28.412622451782227,28.480238321844215,27.58769542424939,27.58769542424939,1077200
2004-09-03,28.601940155029297,28.77098235757602,28.365282103215613,28.399090027849095,1494700
2004-09-07,28.358531951904297,28.595192691429787,28.311200319875294,28.39910302766365,2290900
2004-09-08,28.12861442565918,28.568125073932688,28.04747491098883,28.568125073932688,1589300
2004-09-09,27.905492782592773,28.196245636469666,27.88520853956224,28.02720339953565,1265800
2004-09-10,28.1353816986084,28.135381698608402,27.743202591104236,27.99338688218615,777700
2004-09-13,28.148914337158203,28.216530200950174,27.790543036797146,27.831114102700248,866600
2004-09-14,28.1353816986084,28.351755489169648,27.756726275436694,28.27737651503065,1275500
2004-09-15,28.054244995117188,28.196239825828506,27.7364448297715,28.169192454441788,961000
2004-09-16,28.405868530273438,28.676337257005112,27.93931268501128,27.93931268501128,777800
2004-09-17,28.574899673461914,28.71013398398243,28.459952186116432,28.534331185871714,965000
2004-09-20,28.541091918945312,28.710134163306815,28.345002296434778,28.453191809030894,479900
2004-09-21,28.628982543945312,28.73040887957299,28.4667009228168,28.4667009228168,619900
2004-09-22,28.38558006286621,28.669572441695426,28.243585163141883,28.635761921339633,1721500
2004-09-23,27.905492782592773,28.453190558835725,27.858161162601636,28.365287873403684,1019300
2004-09-24,28.09481430053711,28.19624065653584,27.92577209345881,27.92577209345881,1374900
2004-09-27,27.966352462768555,28.182726353517303,27.858165517394177,28.0948236543443,921100
2004-09-28,28.39909553527832,28.500521908227668,27.993395202240553,27.993395202240553,1288800
2004-09-29,28.39909553527832,28.500521908227668,28.16243743756959,28.39909553527832,1348500
2004-09-30,28.899463653564453,29.0955506995624,28.378813223791994,28.50052384786244,2263700
2004-10-01,28.879182815551758,29.27136214759189,28.710140533682154,29.21050682294361,1251000
2004-10-04,29.10907554626465,29.25107042019948,28.940033292709828,28.940033292709828,1016500
2004-10-05,29.075246810913086,29.149625761967105,28.825065176859045,29.075246810913086,1039100
2004-10-06,29.176700592041016,29.196984841652146,28.906231893449455,28.906231893449455,851900
2004-10-07,28.642515182495117,29.169926102146498,28.64251518249512,29.169926102146498,790400
2004-10-08,28.534337997436523,28.703380281095054,28.304440388485695,28.493766920781475,1086900
2004-10-11,28.66956901550293,28.879179772127937,28.487003060797754,28.683090126772722,966900
2004-10-12,28.39909553527832,28.656040455204803,28.17595854654168,28.656040455204803,1190700
2004-10-13,28.020423889160156,28.439650248894516,27.810813288671305,28.399079207165222,1248200
2004-10-14,28.148914337158203,28.304432887383626,27.824353548072995,27.824353548072995,1313400
2004-10-15,28.683082580566406,29.007645912017814,28.24357435728103,28.331477033689936,946600
2004-10-18,28.7371826171875,28.91974855745759,28.405858670909176,28.5343324322363,760700
2004-10-19,28.324708938598633,29.0211619358719,28.290901016480543,28.737172294825015,1000800
2004-10-20,28.50052261352539,28.54109110020522,28.142151311781003,28.297669862606735,858100
2004-10-21,28.36528205871582,28.703366463278872,28.148908246145815,28.500516336416904,1217000
2004-10-22,28.09481430053711,28.649272533403575,28.06776692835353,28.50051714515265,1140100
2004-10-25,28.26385498046875,28.351757645626154,27.89196266086638,28.027196935097944,589900
2004-10-26,28.7371826171875,28.83860899935312,27.966350366744923,28.331482247285106,1014600
2004-10-27,28.432903289794922,28.601945524073585,27.98663189447445,28.601945524073585,1626300
2004-10-28,28.290908813476562,28.38557205324812,27.540360870459477,28.263861436576168,1660800
2004-10-29,28.534337997436523,28.791282990824044,28.15568235346441,28.15568235346441,1187200
2004-11-01,28.514049530029297,28.66957069190848,28.270630822235805,28.66957069190848,868700
2004-11-02,28.39909553527832,28.892698552913533,28.317955984546728,28.46671139765801,902500
2004-11-03,28.750694274902344,29.027923346840183,28.65603106683269,28.818310115129538,754600
2004-11-04,29.575645446777344,29.575645446777344,28.568152084491267,28.568152084491267,927000
2004-11-05,29.575645446777344,29.879919559320296,29.338984651111474,29.575645446777344,1019700
2004-11-08,29.528282165527344,29.548568977945546,29.29162418213633,29.433618972170937,1027700
2004-11-09,29.541826248168945,29.731155345006105,29.474210371757326,29.528302557010555,855600
2004-11-10,29.751445770263672,29.900203824516876,29.541832382850608,29.650019355203604,1153700
2004-11-11,29.79875946044922,29.988085903182707,29.764951535586714,29.954277978320203,1155700
2004-11-12,30.06923484802246,30.143613847241983,29.61620029794895,29.886668917041785,795800
2004-11-15,29.933998107910156,30.123324578274353,29.710861128369746,30.069232406475884,500400
2004-11-16,29.62972640991211,29.879908226435493,29.616202719913527,29.81905291113195,880100
2004-11-17,30.008377075195312,30.359985219410916,29.95428232406382,29.95428232406382,1191900
2004-11-18,30.272085189819336,30.353224744243285,30.015140258200248,30.015140258200248,575400
2004-11-19,29.961048126220703,30.27208523479119,29.751434815985846,30.27208523479119,1086200
2004-11-22,30.15713119506836,30.29236548774616,29.724383522003063,30.02189948177015,1194900
2004-11-23,30.01514434814453,30.238281377440554,29.900196845329205,30.224757686630465,1295900
2004-11-24,30.245040893554688,30.2788488297277,30.048951252618952,30.08952232365468,817100
2004-11-26,30.562824249267578,30.562824249267578,30.211216233074786,30.24502415053243,925400
2004-11-29,30.312654495239258,30.589883654509443,30.109801751897358,30.4614099064756,1376400
2004-11-30,30.3599796295166,30.46816653248046,30.096271635374165,30.25855327950957,1381800
2004-12-01,30.840065002441406,30.840065002441406,30.33969886430432,30.495217407127804,1302400
2004-12-02,30.927963256835938,31.19166868645147,30.772442156898155,31.09700546344891,1687100
2004-12-03,31.185747146606445,31.375696480968834,30.670166684957685,31.375696480968834,1311000
2004-12-06,31.09756851196289,31.20611140463827,30.96867463561922,31.185760420969977,1021900
2004-12-07,30.276714324951172,30.77872425966369,30.18852241128179,30.62947939176185,1530100
2004-12-08,30.303848266601562,30.439527537292356,30.018924127231045,30.283497281751337,937200
2004-12-09,30.181732177734375,30.351330576470456,29.7475581031624,30.303840643987456,1329200
2004-12-10,29.985002517700195,30.724451765561884,29.9850025177002,30.724451765561884,826100
2004-12-13,29.978221893310547,30.154605735240352,29.876464373305236,29.95108810736269,1534300
2004-12-14,29.930727005004883,30.086757233395858,29.774696776613904,29.774696776613904,871300
2004-12-15,30.120670318603516,30.263132322505086,29.883231057568587,29.937503775930505,1071300
2004-12-16,29.808616638183594,30.1613816536958,29.693290957581414,30.127462488099066,1439700
2004-12-17,29.27267837524414,29.70684976877921,29.130213784099617,29.170918322693144,3125500
2004-12-20,29.75433921813965,30.120672327923383,29.611877204734583,29.611877204734583,1259100
2004-12-21,30.02570152282715,30.066406073069285,29.71364106790322,29.781481984973453,1317100
2004-12-22,29.92394256591797,30.168164679697025,29.57796037544222,29.61188212625195,1802900
2004-12-23,30.079984664916992,30.12747202936479,29.849330642798854,29.985009936021395,684800
2004-12-27,29.944297790527344,30.324199197795213,29.774699363904176,30.222439106674667,757500
2004-12-28,30.1613826751709,30.188519043713892,29.89680955154306,29.89680955154306,617000
2004-12-29,30.086746215820312,30.161369903781967,29.998556937197847,30.161369903781967,428400
2004-12-30,30.120670318603516,30.25634693877702,30.01891026560774,30.093533959422555,534200
2004-12-31,29.951068878173828,30.235992856702218,29.944283495142933,30.22242467850581,545200
2005-01-03,29.83575439453125,30.222438593638646,29.523693915929947,30.086759337069992,1382800
2005-01-04,29.408355712890625,29.82896152503012,29.231974550409905,29.78147418944432,1776800
2005-01-05,28.811378479003906,29.70685786931791,28.811378479003906,29.31338831921849,2078100
2005-01-06,29.096303939819336,29.177710455190272,28.65534960934918,28.696051573101414,2095900
2005-01-07,29.089519500732422,29.25911790777609,28.987759421359694,29.116653279081007,1226200
2005-01-10,28.987756729125977,29.21841064479807,28.85207749851897,28.919918407755514,797100
2005-01-11,28.913131713867188,29.082730097480923,28.628207671571772,28.987755416715785,828000
2005-01-12,29.0623779296875,29.082728906770825,28.59428734170998,28.85207501098498,1081600
2005-01-13,28.614648818969727,29.00811585153706,28.567161463105855,28.933494712227265,1093300
2005-01-14,28.621431350708008,28.66213590729716,28.404345557966106,28.560375809757677,1829100
2005-01-18,28.770671844482422,28.824944573473548,28.329714978961096,28.39077050514303,1025600
2005-01-19,28.37041664123535,28.68926242197521,28.343280279498792,28.662126060238652,1150800
2005-01-20,28.071931838989258,28.356855948868457,27.956603565085835,28.350073150576055,1970800
2005-01-21,27.915908813476562,28.160128433111545,27.854853261601008,28.119426457106005,2255800
2005-01-24,27.861621856689453,28.11262673626464,27.861621856689453,27.88197283431649,1107300
2005-01-25,27.956594467163086,28.41111944083502,27.875187974813535,27.94981167107801,1736900
2005-01-26,28.43825340270996,28.485743327085142,27.997299193998693,28.255089440668293,3124900
2005-01-27,28.88601303100586,29.075962491776817,28.438270579987492,28.438270579987492,2224600
2005-01-28,28.933475494384766,28.94025828877436,28.716389843806553,28.89277096445194,1466300
2005-01-31,29.27267837524414,29.340516685034384,29.10986280873567,29.30659753013926,1245800
2005-02-01,29.27267837524414,29.428708558054204,29.123430988266847,29.27267837524414,1171600
2005-02-02,29.27267837524414,29.469410508782094,29.238756632483383,29.408354994824624,1270800
2005-02-03,29.164142608642578,29.21841275207979,28.93348867633533,29.20484456925392,909900
2005-02-04,29.9375057220459,29.991775856070053,29.137001189229565,29.137001189229565,1256200
2005-02-07,30.337770462036133,30.500583518916113,29.856108914754568,29.869677100805713,1496800
2005-02-08,30.276714324951172,30.425959192853007,30.154603240752593,30.425959192853007,936500
2005-02-09,29.83575439453125,30.30384511243321,29.72042870856117,30.229223979793694,996600
2005-02-10,30.079984664916992,30.256365934599202,29.78149229012122,29.849330642798854,834000
2005-02-11,30.41918182373047,30.643050459477283,29.923954599578792,30.107121258571983,840000
2005-02-14,30.39203643798828,30.446309174727713,30.256357184006216,30.32419810493051,538600
2005-02-15,30.656612396240234,30.697316952560747,30.26314536994233,30.324200910489715,724500
2005-02-16,30.636249542236328,30.7244414194948,30.358108318143387,30.459868375585145,991700
2005-02-17,30.52771759033203,30.710884206418022,30.43952568157951,30.493798421693885,971800
2005-02-18,30.663389205932617,30.839770391585134,30.548060955883404,30.56162913752837,791300
2005-02-22,30.0189208984375,30.663395423999866,29.985001731379807,30.473443430316983,1190000
2005-02-23,30.202077865600586,30.269916178062235,29.917151259957038,30.12067137307346,1006200
2005-02-24,30.446313858032227,30.44631385803223,30.052844219746724,30.202091680871145,1299800
2005-02-25,30.81263542175293,30.83977178627007,30.236001909027543,30.337761982033744,1349700
2005-02-28,30.412389755249023,30.73123302340844,30.263142318323442,30.59555377055487,1333400
2005-03-01,30.79908561706543,30.927979532802397,30.41240128198704,30.41240128198704,1423800
2005-03-02,31.050071716308594,31.13826359849788,30.425948332311492,30.527708395442666,1626900
2005-03-03,31.261205673217773,31.35655533701805,31.0228289156336,31.261205673217773,1208900
2005-03-04,32.12617111206055,32.12617111206055,31.397424141101233,31.465532912924154,2096700
2005-03-07,32.52119064331055,32.93664501277189,32.37135395974516,32.55524372646167,2493300
2005-03-08,32.50757598876953,32.671034460904814,32.39179496115709,32.671034460904814,1526600
2005-03-09,32.786808013916016,33.038803944511486,32.623352177129,32.72551142559996,2548100
2005-03-10,32.52119064331055,32.82086141235762,32.16022328535797,32.69145865714987,1802000
2005-03-11,32.58930969238281,32.923036274589045,32.36455717627228,32.45309730593266,1304700
2005-03-14,32.902587890625,32.943450546156726,32.52799622769496,32.69145464407202,1063800
2005-03-15,32.52119064331055,32.9230232598947,32.466703631801785,32.90259192962077,1343700
2005-03-16,31.989948272705078,32.548427028066456,31.93546127311707,32.52799310417939,1652300
2005-03-17,32.66423034667969,32.74596090196359,31.92186135706947,32.044454591910416,1708500
2005-03-18,32.62335205078125,32.72551129885657,32.330490863081415,32.671026886166466,1586100
2005-03-21,32.28962707519531,32.59611002954321,32.207899153397136,32.589297853844485,929600
2005-03-22,32.384971618652344,32.78680418443854,32.132975717489835,32.214703626337574,1769300
2005-03-23,32.58930969238281,32.73233685509104,32.28282922478524,32.28282922478524,1641900
2005-03-24,32.562042236328125,32.895765948469396,32.52798656938575,32.67101361552891,1042600
2005-03-28,32.657405853271484,32.820861693028164,32.55524400486076,32.725512020156145,946700
2005-03-29,31.79245376586914,32.80044041352216,31.785641588243003,32.72552204814178,1307800
2005-03-30,32.35093307495117,32.391798346777335,31.79926359667841,31.92185681407236,1285400
2005-03-31,32.59611892700195,32.71189996464606,32.39179776769297,32.453094375294114,1040800
2005-04-01,32.44626998901367,32.96388616912049,32.35092032375282,32.89577740958879,1386900
2005-04-04,32.528011322021484,32.63017320442486,32.1806655984023,32.28282748080567,1137700
2005-04-05,32.528011322021484,32.643794961950945,32.35774325007227,32.52120174230074,964000
2005-04-06,32.827667236328125,33.05923179426975,32.71869583247813,32.752748909040655,1234900
2005-04-07,33.11372375488281,33.12053593060002,32.58929794226112,32.86172781310588,1220400
2005-04-08,32.98431396484375,33.23630985290985,32.96388263821449,33.1137166969678,1162200
2005-04-11,33.29080581665039,33.658582785399574,32.80724263888804,33.03199768464738,2097100
2005-04-12,33.16823196411133,33.30444698658055,32.52121255594661,33.290825224525086,1680800
2005-04-13,32.112552642822266,32.997945910791145,31.996769027288128,32.997945910791145,1906700
2005-04-14,31.55406951904297,32.044439631383675,31.18628998622466,32.044439631383675,2360700
2005-04-15,30.491592407226562,31.20671745607603,30.382620995955055,31.19309570490667,2153100
2005-04-18,30.593759536743164,30.750408416562905,30.178307710270627,30.321332237322682,1864900
2005-04-19,31.193117141723633,31.247604183846153,30.60739442933234,30.695934573738857,1419300
2005-04-20,30.491592407226562,31.18628612836368,30.47116107951421,31.124989547143247,1185200
2005-04-21,31.499591827392578,31.540457098046634,29.97398883140602,30.49841478008626,1744100
2005-04-22,31.152240753173828,31.547261242437074,30.84575777128095,31.50639597882335,1312200
2005-04-25,31.424673080444336,31.73115611140197,31.145433562923923,31.397429567007116,816700
2005-04-26,30.81171226501465,31.62218737380254,30.791278329138123,31.261219883028172,896500
2005-04-27,31.131807327270508,31.145429082029356,30.212360964762844,30.811705183731817,1854600
2005-04-28,30.68229866027832,31.513207482774447,30.68229866027832,31.227155839749564,1904800
2005-04-29,31.89459991455078,31.89459991455078,31.295255885200344,31.397415116444794,2142300
2005-05-02,31.846952438354492,32.0648980524189,31.656252948894533,31.874195964873252,1137600
2005-05-03,32.0784912109375,32.27600272094358,31.69028036607511,31.87417012386523,1219800
2005-05-04,32.303253173828125,32.32368450750507,32.01039193339923,32.303253173828125,1211100
2005-05-05,32.16703796386719,32.384980848296635,31.915041990886408,32.2487658960072,1152400
2005-05-06,32.146602630615234,32.54162308521291,31.97633461095952,32.24876188355838,980400
2005-05-09,32.0784912109375,32.241949639445465,31.87417012386523,32.14659997201731,1188500
2005-05-10,31.506383895874023,31.91502858104071,31.45870907231703,31.908216407342262,1490400
2005-05-11,31.887807846069336,31.921860944621855,31.247600759793364,31.46554370823135,1877200
2005-05-12,30.736791610717773,32.52800977162716,30.54608961252662,31.840127936896305,2431300
2005-05-13,29.87863540649414,31.009215106135166,29.613017675567054,30.83213748487849,2609800
2005-05-16,30.600570678710938,30.634623765226866,29.81733669842474,29.89906722376373,1196100
2005-05-17,31.14543342590332,31.247595301801226,30.341767969632013,30.580144814032327,1408200
2005-05-18,32.88216781616211,32.99795145113628,31.41105184140475,32.010396156479075,2501000
2005-05-19,32.4054069519043,32.82767086372194,32.241948529025876,32.75956210498781,1392300
2005-05-20,32.173851013183594,32.35092863730443,31.92185243528292,32.1534170810312,879700
2005-05-23,32.384971618652344,32.677832773280414,32.11254438979874,32.139785294025735,941000
2005-05-24,32.07168960571289,32.40541612274714,31.97633991458431,32.23514807485061,1075600
2005-05-25,31.812885284423828,32.241961544364855,31.48597090478265,31.92185674430422,1056000
2005-05-26,31.942283630371094,32.112551661240694,31.806068686058616,31.955902786526767,801200
2005-05-27,31.942283630371094,31.97633671692822,31.751581669100037,31.87417485917287,772900
2005-05-31,31.921852111816406,32.153416755218224,31.68347788982225,31.880989444094073,742300
2005-06-01,32.616546630859375,32.7459520092074,31.887799598367597,31.935474443627115,949400
2005-06-02,32.62335205078125,32.664214710777905,31.983142664607808,32.31686911038797,977700
2005-06-03,32.15847396850586,32.848950246122996,32.15847396850586,32.54131126782486,699000
2005-06-06,32.117469787597656,32.302053262041206,31.789322257881818,32.0969613819544,1011700
2005-06-07,32.09010314941406,32.69854574562905,32.09010314941406,32.288359637802664,1102400
2005-06-08,31.700424194335938,32.30886410881598,31.638896416024316,32.30202884806259,923300
2005-06-09,31.89868927001953,32.08327265478446,31.317595457446718,31.556868766651174,869700
2005-06-10,31.79616355895996,32.17900372023684,31.720965188033205,31.905546089626892,698800
2005-06-13,31.823501586914062,32.288377873606564,31.58422817812435,31.66626440286874,788200
2005-06-14,32.035438537597656,32.19267575703891,31.748307774528936,31.755145649396248,685000
2005-06-15,32.41825485229492,32.41825485229492,31.932870369922583,32.23367407789238,786400
2005-06-16,33.06771469116211,33.30699060771107,32.47294774684826,32.4797830094315,1241300
2005-06-17,32.81476593017578,33.36167817410205,32.81476593017578,33.36167817410205,1341900
2005-06-20,33.115562438964844,33.29331052362017,32.3567232722504,32.58915866192087,1524800
2005-06-21,33.3821907043457,33.3821907043457,32.9104767534599,32.98567767942045,1704300
2005-06-22,33.580448150634766,33.600959155804,33.279647022950684,33.279647022950684,1764400
2005-06-23,32.267887115478516,33.600988884049514,32.267887115478516,33.4505868831985,1269200
2005-06-24,31.768800735473633,32.57549739091134,31.51585166684943,32.178984326289836,2251700
2005-06-27,31.775644302368164,32.13113805765429,31.379133742011867,31.645753406505374,1525100
2005-06-28,32.24734878540039,32.582334065119,31.830329913426148,31.830329913426148,862600
2005-06-29,32.32938766479492,32.431932263224624,32.1448042581609,32.27469512599205,738300
2005-06-30,31.8576602935791,32.66435664764629,31.78929725661044,32.23366482055484,1715300
2005-07-01,31.645769119262695,32.0969724542565,31.522713427183874,31.89871577169777,1030400
2005-07-05,31.474838256835938,31.686765338128883,31.290254838756177,31.645748539367126,1157000
2005-07-06,31.488521575927734,31.700448725758967,31.310773364195637,31.33128437809383,1262200
2005-07-07,31.843997955322266,31.89868787737412,30.456204998874785,31.146683845948417,1599500
2005-07-08,32.37038803100586,32.45242679757033,31.912349986491943,31.987550885234818,1333900
2005-07-11,33.15658187866211,33.1907634002594,32.64385123105393,32.64385123105393,1431500
2005-07-12,32.855796813964844,33.01303397607657,32.45244840406636,32.99936083921239,1213400
2005-07-13,32.80110168457031,33.0130313774567,32.50713578484055,32.842121091934,591100
2005-07-14,32.753238677978516,33.18393321809704,32.746403415766046,32.80109333711576,745500
2005-07-15,32.73274230957031,32.90365261439155,32.671214495519294,32.76008597634965,655800
2005-07-18,32.67121124267578,32.869467802421624,32.479789946973156,32.64386497073483,475800
2005-07-19,32.82845687866211,33.12242285828951,32.712236496819216,32.81478373915796,1059700
2005-07-20,33.2796516418457,33.341179450125516,32.69855770311287,32.71222823127812,961000
2005-07-21,32.88996887207031,33.457389545018756,32.81476794493515,33.39586175080666,773300
2005-07-22,33.30015563964844,33.37535657403587,32.91731831241598,33.040373912707466,743000
2005-07-25,33.13609313964844,33.491586912439125,33.08823845945397,33.22496462693275,932100
2005-07-26,32.41825485229492,32.95833186625575,32.41141958978808,32.712220689874435,1850900
2005-07-27,32.917335510253906,33.29333777075176,32.561841657891456,32.64387789831816,1412000
2005-07-28,34.16838455200195,34.26409389626697,33.22495902960498,33.22495902960498,1840400
2005-07-29,33.76504135131836,34.462355748167134,33.74453294807954,34.2572638921256,1272000
2005-08-01,34.14786911010742,34.414488687831586,33.778702337312346,34.414488687831586,1142400
2005-08-02,34.872535705566406,34.899881978863455,34.216240793742195,34.216240793742195,1400900
2005-08-03,35.21437072753906,35.35109954216603,34.54440240454065,34.69480436141884,1347700
2005-08-04,34.69477462768555,35.00924880630073,34.646919974760756,35.00241354497561,1544200
2005-08-05,34.64693832397461,34.831521772105084,34.544391094607334,34.60591891065082,773100
2005-08-08,34.69477462768555,34.89986636991793,34.5580459302363,34.783648672210006,668900
2005-08-09,34.9955940246582,35.04344870267416,34.68795755395117,34.824683715205694,1100400
2005-08-10,34.70161437988281,35.37158482329935,34.48284947880598,35.11863578752406,1115000
2005-08-11,35.1254768371582,35.1254768371582,34.667435991147165,34.790491585127235,806200
2005-08-12,35.02977752685547,35.275886177305615,34.899884025020995,34.920395035138405,914100
2005-08-15,35.0912971496582,35.21435014221539,34.838348077705426,34.94089528070074,793900
2005-08-16,34.55123519897461,35.070801488694485,34.50338051207481,34.93407269417298,1127100
2005-08-17,34.48286056518555,34.66060873438431,34.16155098036099,34.42817062627497,767800
2005-08-18,34.503360748291016,34.5512154077793,34.12735612676396,34.298266370045944,777700
2005-08-19,34.45552062988281,34.742648707987684,34.35297339748281,34.72897556980872,746400
2005-08-22,34.43500518798828,35.02977488676531,34.291441167407946,34.592242344988286,935100
2005-08-23,33.477901458740234,34.011140617823585,32.95149756236257,33.49840985474082,3748800
2005-08-24,33.4915771484375,33.662487415843955,33.18393814552914,33.43688461108325,1804000
2005-08-25,33.32749557495117,33.559933597122566,32.93098258094217,33.49840580866887,1622000
2005-08-26,33.10190200805664,33.28648542468213,32.75324618190891,33.10873987971903,1101900
2005-08-29,33.28647994995117,33.35484561591107,32.57549527915272,32.71222139530552,1045100
2005-08-30,32.67803955078125,33.07455258587008,32.40458471323219,33.06771471539836,1411600
2005-08-31,33.019874572753906,33.019874572753906,32.527654605578846,32.64387237586537,1464100
2005-09-01,32.753238677978516,33.095059162035014,32.746403415766046,32.9173136577943,1231400
2005-09-02,32.869903564453125,32.9522491426001,32.389549559444745,32.73265918906234,1026500
2005-09-06,33.10321044921875,33.315936694322794,32.95910244912987,33.00713757658679,1004700
2005-09-07,33.185569763183594,33.30908946147587,32.97284081218706,32.97284081218706,822200
2005-09-08,33.02774429321289,33.24047065659412,32.95912077460639,33.007155928771155,867400
2005-09-09,33.59041976928711,33.611005501124545,33.007132062622134,33.28162070313714,673000
2005-09-12,33.67278289794922,33.87864817697745,33.453192917956564,33.5561268663302,863200
2005-09-13,33.247310638427734,33.734525493799175,33.24044698259563,33.59728117205178,1051100
2005-09-14,33.1512565612793,33.315947733496515,33.00028747198103,33.04146157389483,752500
2005-09-15,33.089500427246094,33.267916320105144,32.87677147008556,33.21302012911747,808500
2005-09-16,33.514957427978516,33.59044198492909,32.924808292967896,33.36398831407736,1573200
2005-09-19,33.11695098876953,33.240470704720494,32.82187902035286,33.07577949526559,1004400
2005-09-20,32.746395111083984,33.62475522626302,32.73267040706936,33.315955930233,1171200
2005-09-21,31.79939842224121,32.62972304138225,31.7376385883875,32.56110216719748,1881400
2005-09-22,31.566082000732422,31.75822253176264,31.099452753043252,31.66901592390913,3676500
2005-09-23,32.19739532470703,32.50619440881209,31.30531111773962,31.593524468810287,1797800
2005-09-26,32.35521697998047,32.82870700247398,32.25914415054458,32.629702925217906,1405500
2005-09-27,32.43757629394531,32.622855760061135,32.36895281517016,32.40326586341676,1241300
2005-09-28,32.6983528137207,32.82873354680166,32.327793739424436,32.327793739424436,1454300
2005-09-29,32.82872009277344,33.09634510862387,32.37581561570702,32.71892514735485,2055400
2005-09-30,32.89048385620117,33.144384207097964,32.773825240242125,32.86989811950417,1716800
2005-10-03,32.97969436645508,33.24731942484422,32.90420983865949,33.144385501901446,1139700
2005-10-04,33.37771224975586,33.8855157735663,33.137536499269444,33.247331502023144,1600000
2005-10-05,32.45817947387695,33.06891436577555,32.27976356860524,33.0483286199379,2680900
2005-10-06,31.94352149963379,32.46504985573132,31.806277057622857,32.38956528173931,2088500
2005-10-07,31.99155044555664,32.59542430243693,31.916065886231667,32.08075970818793,1190300
2005-10-10,32.00526428222656,32.21112952648556,31.81998477707789,31.95722914582342,1207400
2005-10-11,31.840572357177734,32.08074803333454,31.65529285654883,31.943503667936987,1342100
2005-10-12,31.85430908203125,32.06703807708047,31.648443748152516,31.669032113944212,1217900
2005-10-13,31.998395919799805,32.12877660052875,31.579801868883184,31.662147424200516,1080900
2005-10-14,31.929780960083008,32.20426970798934,31.70332996812118,31.70332996812118,1072900
2005-10-17,32.252296447753906,32.32091730800234,31.634698234645874,31.648422930239168,1668900
2005-10-18,31.950366973876953,32.13564647246418,31.895468181235472,32.046437243281034,1038100
2005-10-19,32.03958511352539,32.04644877393445,31.428850223091818,31.771959947400067,1334000
2005-10-20,31.82684898376465,32.52679292048294,31.76508914765072,31.916055599925812,1811400
2005-10-21,32.21113967895508,32.471903799988674,31.85430525483527,32.03958481838129,1161500
2005-10-24,32.664039611816406,32.80128400367494,32.355243002283515,32.396414487437745,836200
2005-10-25,32.82872009277344,33.178690663258315,32.26602067028843,32.801270701989296,1337300
2005-10-26,33.336524963378906,33.8649113640746,32.73265142551768,32.80127228807818,1341700
2005-10-27,33.21302032470703,33.58357681478406,32.93853151499437,33.3982972608859,1291400
2005-10-28,33.89923858642578,33.919824330257256,33.36398568733454,33.624749785983134,1149000
2005-10-31,33.90608596801758,34.235470825211145,33.8306014474219,34.043330312944434,1830000
2005-11-01,33.66590881347656,33.94725852994905,33.52180081803999,33.90608444300746,1452600
2005-11-02,33.89238357543945,34.057077421276,33.44634243304691,33.70024293673004,1365500
2005-11-03,33.02774429321289,33.95413954378431,32.911085620441625,33.85120819245391,2094300
2005-11-04,33.3090705871582,33.37083040130864,33.075756024558515,33.24731077300776,1655100
2005-11-07,33.185569763183594,33.33653886503398,32.88363155948281,33.33653886503398,928600
2005-11-08,33.12379455566406,33.23358950126912,32.96596448496417,33.10320882139999,867900
2005-11-09,32.81501770019531,33.29537189451988,32.59542766011319,33.2473367368594,1591100
2005-11-10,33.919830322265625,33.967865478170715,32.91795047378846,33.007157124629536,1138300
2005-11-11,34.12567138671875,34.14625711955026,33.72080206215284,33.96784132700225,762700
2005-11-14,33.99529266357422,34.28350341059877,33.81001320432217,34.2080188956015,816400
2005-11-15,34.256072998046875,34.304110766881955,33.98844783676829,34.214901507215956,866700
2005-11-16,34.44820022583008,34.48937169754496,34.11195170642211,34.31095587877135,1509800
2005-11-17,34.928550720214844,34.928550720214844,34.461921556421636,34.48250729026847,1471600
2005-11-18,35.402069091796875,35.594209741166296,35.14130491213837,35.35403392945452,1648600
2005-11-21,35.43635940551758,35.54615437385098,34.95600543741448,34.99717953218396,1332200
2005-11-22,35.62850570678711,35.69712920916596,35.36088059180696,35.43636513556422,1187000
2005-11-23,35.85496520996094,36.252973735782554,35.5804763909309,35.5804763909309,1300900
2005-11-25,36.11572265625,36.1706188392859,35.23736016820553,35.299120010195224,395000
2005-11-28,36.03336715698242,36.26668177749738,35.82750193128531,36.026506117137146,1437000
2005-11-29,36.22550964355469,36.548030864779044,36.10885102656163,36.191199209516135,972600
2005-11-30,35.68341064453125,36.49314978780547,35.621650790630014,36.25297403247812,1326200
2005-12-01,36.5343132019043,36.68527965346764,35.8824044054905,35.999060418867565,1361700
2005-12-02,36.45884323120117,36.48629002208297,36.102008772540934,36.34218455350471,1201200
2005-12-05,36.424400329589844,36.48637011206673,35.92175507915662,36.28668941001707,1605900
2005-12-06,36.837528228759766,37.0716359898577,36.5965361040783,36.65161889259814,1026100
2005-12-07,36.114559173583984,36.97524932249391,36.10767218148669,36.940822241861085,1521800
2005-12-08,36.34176254272461,36.761779553808914,36.16274023349384,36.32110682959476,785400
2005-12-09,36.47261047363281,36.6516328879531,36.27981407365154,36.451952121759504,751700
2005-12-12,36.748016357421875,36.76178771143658,36.40374038690591,36.50702422870758,523000
2005-12-13,36.82377243041992,36.975254759420096,36.54835311824119,36.68606146102142,744700
2005-12-14,37.064762115478516,37.31263867389177,36.85131001134215,36.87885272670515,937400
2005-12-15,36.52079772949219,37.078523153477335,36.36243108893978,37.03721171562206,1549600
2005-12-16,36.03193283081055,36.844421896314124,35.97684740176335,36.789339093884756,1337700
2005-12-19,35.62568664550781,36.29358039332928,35.61191528837715,35.89422154301125,985600
2005-12-20,35.99061965942383,36.224727485495585,35.60502952630038,35.60502952630038,788400
2005-12-21,36.568992614746094,36.892612855214786,36.13520417297572,36.25225936433088,914300
2005-12-22,37.009681701660156,37.05788014677007,36.63097850724589,36.672289959272526,796000
2005-12-23,37.23689651489258,37.3608334687028,37.00967307523559,37.00967307523559,813300
2005-12-27,36.96147155761719,37.39526005292322,36.927044482952326,37.195579342602635,1145200
2005-12-28,37.05785369873047,37.312617102004715,36.920142828149444,37.229991630302656,614200
2005-12-29,36.8857307434082,37.36083068186439,36.87884637906135,37.16803696074317,689200
2005-12-30,36.46571350097656,36.69293692306997,36.438170790428735,36.62408014670041,667400
2006-01-03,37.064762115478516,37.11296055405481,36.128330806079866,36.562116753266494,1327200
2006-01-04,36.7686882019043,36.89951217315207,36.582778794372295,36.80311528627285,1047000
2006-01-05,36.665401458740234,36.837539493757795,36.38309518637615,36.76868533039796,1065800
2006-01-06,37.45723342895508,37.45723342895508,36.97524645758713,37.16804019548724,1339400
2006-01-09,36.7686882019043,37.55363728262728,36.6722886884069,37.55363728262728,1253800
2006-01-10,35.942420959472656,36.44506368866412,35.818481368535814,36.42440796571394,1901700
2006-01-11,35.92864227294922,36.10766463077407,35.529280866591535,35.77027563386103,1302800
2006-01-12,35.804710388183594,36.28669739950195,35.74962495757902,35.928649980425966,1075500
2006-01-13,35.804710388183594,36.314240114804235,35.78405466501583,35.96996405337939,1044800
2006-01-17,36.03193283081055,36.07324427597812,35.59814427022625,35.59814427022625,1006200
2006-01-18,36.14897918701172,36.27980311848722,35.777160484985714,35.777160484985714,1131600
2006-01-19,37.044097900390625,37.278205690673595,35.804704798088,35.804704798088,1598900
2006-01-20,35.89423751831055,36.837553575347435,35.839152065271236,36.80312648050736,1589700
2006-01-23,36.1421012878418,36.451947635003584,35.77028251930624,35.94242054622628,803000
2006-01-24,36.77556610107422,36.90639004931634,36.36932027308081,36.37620726471433,1340600
2006-01-25,35.70142364501953,36.493259573198266,34.675482535471374,34.675482535471374,2194700
2006-01-26,36.05948257446289,36.47261552308915,36.05948257446289,36.21784928545314,1889200
2006-01-27,36.107669830322266,36.321121918935354,35.70831099307376,36.04570003857122,2304000
2006-01-30,35.88044357299805,36.36931484125593,35.83912950922037,36.0663529200716,1314400
2006-01-31,36.272918701171875,36.51391084475167,35.98372550225875,36.01815520272789,1336700
2006-02-01,36.40375900268555,36.56212571491277,35.96308595533701,36.045711495060225,1799100
2006-02-02,35.66012191772461,36.2729330044309,35.22633326161068,36.15587775523642,1566900
2006-02-03,35.15057373046875,35.59124652321114,35.08171959158414,35.32271170429731,1906400
2006-02-06,35.76338195800781,35.85289443349647,35.21942799555668,35.28828212955297,1839900
2006-02-07,35.09550476074219,36.23161425929303,35.081733402220486,35.976850693186684,1429100
2006-02-08,35.08173751831055,35.39158655485785,34.999111984104054,35.150591692379564,1530600
2006-02-09,35.20567321777344,35.84602694655256,35.15058778334947,35.164359141955465,1183500
2006-02-10,35.46733093261719,35.55684347493286,34.87517810896411,35.295192842497165,1029900
2006-02-13,35.246978759765625,35.426003765021775,35.01287095593518,35.28829282865958,1133800
2006-02-14,36.54835510253906,36.74803326105871,35.34338865146363,35.391587099377176,1760200
2006-02-15,36.63097381591797,36.79622485609732,36.1696425232966,36.38997899461435,1546400
2006-02-16,36.82377243041992,36.82377243041992,36.32801399123262,36.63097864923298,1255900
2006-02-17,37.188682556152344,37.31950908268334,36.66538432987859,36.823750932916916,1095400
2006-02-21,36.92704391479492,37.44345790667459,36.85130277572712,37.34706104844917,1086700
2006-02-22,37.66379165649414,37.8634723495521,37.19557612700103,37.38836982975094,2171800
2006-02-23,37.69822692871094,37.76708108706604,37.154270147205196,37.44346339085573,1212100
2006-02-24,37.291969299316406,37.65001658811233,37.09917561558666,37.63624523547207,1048900
2006-02-27,38.03562545776367,38.51760990627783,37.36772896965368,37.38838469555622,1679400
2006-02-28,37.16804122924805,37.86348030593181,37.14738550721787,37.801510513223526,1708800
2006-03-01,37.76708221435547,37.904793161793904,37.26443948883034,37.340180641252374,839800
2006-03-02,37.66379165649414,37.79461557955769,37.34705839437151,37.56050781481114,1034500
2006-03-03,37.92665481567383,38.37626703525616,37.48395593182303,37.51854371990286,1004300
2006-03-06,37.532371520996094,38.04424064708404,37.15884825458324,37.99582091553649,947300
2006-03-07,37.656890869140625,37.98891311078636,37.42170811814012,37.63614030362471,936600
2006-03-08,37.31793212890625,38.11340082079465,36.86831743968649,37.94047250012194,1548300
2006-03-09,36.97208786010742,37.746806257147774,36.97208786010742,37.179601386622814,819600
2006-03-10,38.085731506347656,38.25865981435903,37.442437989451236,37.52544283846725,1601100
2006-03-13,38.154911041259766,38.493851768302676,38.016567833514145,38.32092341828995,1223900
2006-03-14,38.908878326416016,39.04030292106145,38.244834102927705,38.27250327190902,1224000
2006-03-15,38.81203079223633,39.59366750180459,38.70135677803277,39.08179853694022,2093500
2006-03-16,39.17864990234375,39.39308202459469,38.943467220696,39.0818104402554,917900
2006-03-17,39.3100700378418,39.48299837134205,39.0264650377715,39.372321704772006,1334700
2006-03-20,39.15098190307617,39.48300669543222,38.83971294809334,39.185569688009835,951100
2006-03-21,38.908878326416016,39.732016313531076,38.83970804263993,39.42766337076823,1650400
2006-03-22,39.26857376098633,39.32390946612519,38.66678378470979,38.749788661756824,752100
2006-03-23,38.860450744628906,39.08179877438082,38.639102714876984,39.08179877438082,1075900
2006-03-24,38.666770935058594,38.70135606911182,38.22407224767694,38.63218316232878,1634300
2006-03-27,38.3001823425293,38.63220456298478,38.00966388913502,38.597619409772804,1346600
2006-03-28,38.11342239379883,38.48694841115795,37.981997745622074,38.39010891895631,825300
2006-03-29,38.64603805541992,38.73596156216192,38.02349739923482,38.11341826729884,1166900
2006-03-30,38.147987365722656,38.48692538565253,37.90588614138178,38.18257250100659,1460700
2006-03-31,38.147987365722656,38.37625136953795,37.92663933349348,38.016560157496365,1159000
2006-04-03,38.030399322509766,38.61143863680342,37.954310432509395,38.42467571735078,1092800
2006-04-04,38.12725830078125,38.182596663195355,37.76756686112465,38.182596663195355,1366200
2006-04-05,38.549190521240234,38.68753373994245,37.85056109287627,38.04424001585293,1372200
2006-04-06,38.45926284790039,38.53535174184001,38.051151848414655,38.41084312242557,863100
2006-04-07,38.04423904418945,38.72211789597191,37.80214039665192,38.52843897794188,825100
2006-04-10,37.871315002441406,38.18950258653088,37.539292831390085,38.18258661238878,674300
2006-04-11,37.73295974731445,38.11340153215979,37.46319198421824,38.04423125807039,2152100
2006-04-12,37.483951568603516,37.74680342308259,37.37327752019297,37.59462561701405,1269600
2006-04-13,37.41476821899414,37.49085709547115,37.172669647182325,37.311010180402484,1437500
2006-04-17,37.18650817871094,37.255681096254435,36.840651507024475,37.00666387045186,1136500
2006-04-18,38.23099899291992,38.279418718633046,37.26951781279187,37.28335239709235,1143100
2006-04-19,38.12032699584961,38.48001829086693,37.9404800290023,37.9404800290023,987000
2006-04-20,38.244850158691406,38.64604272263833,37.954329039776894,38.00966740097139,822100
2006-04-21,38.279422760009766,38.59761031648238,38.13416356753454,38.514605440593314,638200
2006-04-24,38.0926628112793,38.224087428347374,37.78830981659013,38.224087428347374,649600
2006-04-25,37.73295974731445,38.16873986237277,37.45627601228003,38.092650977668335,1112300
2006-04-26,38.88813018798828,39.22015232038531,37.98890061090099,38.25175245521931,2253500
2006-04-27,38.88813018798828,39.34466094986886,38.403930255405285,38.403930255405285,1498800
2006-04-28,38.82587432861328,39.13714588993866,38.57685707955298,38.94346434140439,1457200
2006-05-01,38.293251037597656,38.978045768559475,38.147991869051445,38.978045768559475,1617800
2006-05-02,38.320926666259766,38.52844017612782,38.25175373718545,38.52152156388168,1229900
2006-05-03,38.320926666259766,38.542274761942686,38.14799830159014,38.3555118114582,1681100
2006-05-04,38.6114501953125,38.79821317067346,38.217173682443054,38.25175883224817,924800
2006-05-05,39.206321716308594,39.29624521088423,38.59761309242966,38.90196872370793,944700
2006-05-08,39.02648162841797,39.261664367504515,38.83280265693896,38.978061885548215,1187300
2006-05-09,39.254737854003906,39.254737854003906,38.73595277223293,39.11639463779617,836400
2006-05-10,38.73595428466797,39.03339128759087,38.355512404250476,38.87429750627728,2399600
2006-05-11,39.49684143066406,39.85653278220539,38.86046625086781,39.18557245371199,2751100
2006-05-12,38.43852233886719,39.22015940091916,38.224090185227354,39.185574250636044,2407500
2006-05-15,38.73595428466797,38.99880614185791,38.293258086460156,38.43851728174507,1818900
2006-05-16,38.21025466918945,38.957303872544614,38.05115824311844,38.82587925826593,1434800
2006-05-17,37.60844802856445,38.08573185175746,37.11733226264048,38.04422810753476,1703000
2006-05-18,37.33180618286133,38.030436176036666,37.28338641297193,37.698413765932386,1143700
2006-05-19,37.719139099121094,37.99582557504699,37.41478608654484,37.435536648702055,1595500
2006-05-22,37.01359176635742,37.539295554329215,36.515559792994175,37.42170287596269,2057300
2006-05-23,36.97899627685547,37.850556604248546,36.97899627685547,37.33868754735515,1289500
2006-05-24,36.86140441894531,37.37327081145679,36.48096261074311,36.695392056791036,1819100
2006-05-25,37.07585144042969,37.21419470135899,36.85450327841409,37.00668112930415,1070600
2006-05-26,37.207271575927734,37.31102702267828,36.82682966048695,37.08967890319718,1397200
2006-05-30,36.32878494262695,36.861404531202865,36.32186633156609,36.83373536431339,1211900
2006-05-31,36.45330810546875,36.98592790664246,36.35646862137863,36.418722952390574,1418100
2006-06-01,37.871315002441406,37.905900150507186,36.40488308729534,36.50863853149269,2129900
2006-06-02,38.286346435546875,38.87430457462295,38.051163707652044,38.66679102381644,2535300
2006-06-05,37.5359001159668,38.45310441582177,37.49420804755533,38.14737053275333,1575700
2006-06-06,37.30660629272461,37.91807685009245,36.79241725068255,37.76520854808792,2046100
2006-06-07,36.93138122558594,37.29270189745384,36.71597617255144,37.2510124779728,2356400
2006-06-08,36.7437629699707,36.980012681848564,35.63199852851344,36.931373269166286,2090400
2006-06-09,36.61871337890625,37.00782893477267,36.19485309070811,36.639558097784544,2481500
2006-06-12,35.965538024902344,36.92443451831773,35.965538024902344,36.86884773716394,1136700
2006-06-13,35.52082061767578,36.00027002023949,35.388799739781646,35.81960708138535,1960300
2006-06-14,35.89604568481445,35.93773774914212,35.27762797585897,35.31932004018664,1815600
2006-06-15,36.98001480102539,37.07729363196461,35.993323835821876,36.014171192915526,2244000
2006-06-16,36.68122100830078,37.00085214655663,36.44497132988367,36.91747068671789,2032400
2006-06-19,35.92383575439453,36.73681102390871,35.715380760979286,36.72291367092782,1085000
2006-06-20,35.55556869506836,35.92384198632597,35.49998192415087,35.92384198632597,1667900
2006-06-21,35.826568603515625,35.89605274040321,35.270684905815216,35.38186111522531,3040400
2006-06-22,35.8543586730957,35.972484880012466,35.43744857366543,35.7223377600944,1303400
2006-06-23,36.41718292236328,36.58394852152081,35.64589699622711,35.85435200718706,1494300
2006-06-26,36.43107223510742,36.57699044550603,36.132285813444355,36.319896077092004,919600
2006-06-27,35.95856857299805,36.47970724796903,35.93077387417732,36.40327315153621,1405100
2006-06-28,36.1114501953125,36.27821314895743,35.958581945596855,36.13229490185577,1297200
2006-06-29,37.48725891113281,37.56369304092553,36.34075226554113,36.54920729638065,2230100
2006-06-30,37.52199935913086,37.70960967400444,37.452515235392234,37.535896714008466,1387400
2006-07-03,37.74435806274414,37.80689484485135,37.556747716422514,37.61928449852972,570000
2006-07-05,37.96670913696289,38.12652476323055,37.15373364890786,37.45252019169298,1696200
2006-07-06,38.02924346923828,38.154317020989076,37.57759133293782,37.973656696598816,1146600
2006-07-07,37.61234664916992,38.09874367172367,37.362199457533684,38.008412152377126,836700
2006-07-10,37.84857940673828,38.10567383743432,37.53589555824347,37.688763806540784,773300
2006-07-11,37.994503021240234,38.07788450907116,37.60538499361304,37.709613841388986,803800
2006-07-12,37.69572067260742,38.404470024529836,37.69572067260742,38.022301957979025,1189000
2006-07-13,36.709041595458984,37.459480564442195,36.64650479382283,37.417788479801196,1078400
2006-07-14,36.257362365722656,36.78544849795745,35.85434710243515,36.549198811014506,1064300
2006-07-17,36.33380126953125,36.50751421958564,36.09060154906555,36.18093302527563,736000
2006-07-18,36.722904205322266,36.81323565108991,36.16007613323919,36.55614131383408,1150900
2006-07-19,37.59843826293945,37.69571710879367,36.722923348951994,36.78546012852253,1272400
2006-07-20,36.6534309387207,37.8485768336507,36.618688880283024,37.59147976978375,1053400
2006-07-21,36.1044807434082,36.90356097199875,36.062791352779506,36.90356097199875,1391200
2006-07-24,36.451927185058594,36.66733221143453,35.99332507297551,36.16009068221001,1693300
2006-07-25,36.9244270324707,37.29269766623474,36.16009105467569,36.312956659845014,1691600
2006-07-26,38.59901428222656,39.24522662345026,37.9458545897705,38.08482547025983,2841900
2006-07-27,37.779090881347656,38.69629502726995,37.50115175719954,38.52258208068392,2094100
2006-07-28,37.834693908691406,38.0639937023446,37.244068087414675,37.695722971293925,1797200
2006-07-31,38.10567092895508,38.30022857510221,37.3552297498462,37.4525112235689,1346000
2006-08-01,37.640132904052734,38.09178778034817,37.4942146150281,37.904177415609304,893800
2006-08-02,38.244651794433594,38.73799604058827,37.6957181202137,37.779099611661714,1102000
2006-08-03,38.689334869384766,38.7449216155553,37.765181027133686,37.765181027133686,1179500
2006-08-04,38.341915130615234,39.14099560653889,37.973644595951534,38.72408301667269,1262500
2006-08-07,38.001461029052734,38.390579165781695,37.59844818266421,38.341939730021885,1196700
2006-08-08,37.945865631103516,38.328033675664074,37.8555341349038,38.27244689768337,1456800
2006-08-09,37.67488098144531,38.383630427813685,37.59149682258995,38.34888570296545,787900
2006-08-10,37.16762924194336,37.730457583689535,36.903584778154624,37.43167105508246,1473300
2006-08-11,37.15373611450195,37.695719809172395,36.966125762350664,37.01476518876211,1353400
2006-08-14,37.438621520996094,37.792994827560925,36.59784869836639,36.59784869836639,1230500
2006-08-15,38.022300720214844,38.14737428710896,37.79299829735898,37.93891657518548,1159000
2006-08-16,38.64767074584961,38.64767074584961,38.168223779789884,38.20991585752778,1306200
2006-08-17,38.939510345458984,39.04373656478323,38.599031667439135,38.66851846430557,1373800
2006-08-18,39.057621002197266,39.20353925136527,38.62681360675627,39.02982629264639,1292600
2006-08-21,39.19659423828125,39.3286151405519,38.89780771940333,38.91170507500807,1101900
2006-08-22,39.35641098022461,39.40505040091104,39.14795594147568,39.21744007084211,1748800
2006-08-23,39.905330657958984,40.0929409224132,39.18963430332338,39.32860251345358,2383100
2006-08-24,39.7802619934082,39.95397492787724,39.467578181234146,39.884490814349235,1418700
2006-08-25,39.23133850097656,39.8636536378622,39.12711230407326,39.64130123702218,1035500
2006-08-28,39.550960540771484,39.676034068465626,39.14100055078956,39.224382019035964,1087700
2006-08-29,39.66214370727539,39.780267245999845,39.147952187067574,39.57181222724238,845400
2006-08-30,39.488433837890625,39.8636518407366,39.34251292776486,39.773323004289196,1110600
2006-08-31,39.891456604003906,40.086014332329675,39.39116227328021,39.52318586091577,984400
2006-09-01,40.231937408447266,40.79476590964814,39.78028248590176,39.884511360535456,1071500
2006-09-05,40.15515899658203,40.32962527377037,39.959754955873095,40.210986820967356,713300
2006-09-06,40.03651428222656,40.27378848857971,39.876005651773504,39.980686466572486,934300
2006-09-07,39.45729064941406,39.91090133558766,39.4084403087822,39.88298875675795,702900
2006-09-08,39.694580078125,40.07142532704098,39.310754685219976,40.07142532704098,835100
2006-09-11,39.09440994262695,40.266823725161615,38.696626980211036,40.266823725161615,1180600
2006-09-12,39.72248077392578,39.84809670666744,39.136276637323526,39.268870049820116,961600
2006-09-13,39.76434326171875,39.9806823476819,39.541026697821565,39.60383464780161,837700
2006-09-14,39.827152252197266,40.03651120355253,39.513112494092624,39.513112494092624,669400
2006-09-15,40.462223052978516,40.60877410271876,40.02954738425494,40.057462630532434,2032500
2006-09-18,40.33660125732422,40.51106752804114,39.85507530851735,40.51106752804114,991000
2006-09-19,40.25981903076172,40.39939252207098,40.155140908886956,40.26679916950579,1394000
2006-09-20,41.10426330566406,41.38340780169348,40.34359009489172,40.43431065847536,1999900
2006-09-21,40.86000442504883,41.23685224888298,40.629710307468606,41.17404427824396,2208700
2006-09-22,41.132171630859375,41.47412673109198,40.68553835376365,40.97864310569792,1495200
2006-09-25,40.92979431152344,41.15311095855074,40.350564928072075,40.68553989861303,2616700
2006-09-26,41.83004379272461,41.93472464925193,41.09030830203342,41.16707390853416,1697100
2006-09-27,41.6834831237793,41.75327123277387,41.33455056523889,41.64859040035409,1226900
2006-09-28,41.606712341308594,41.83700907902716,41.45318384497337,41.690458061648336,1572900
2006-09-29,41.285709381103516,41.6974499980301,41.22988154366409,41.66255726686237,707100
2006-10-02,41.132171630859375,41.411318760116366,40.94374771793256,41.201959744245784,873400
2006-10-03,41.45318603515625,41.585779439484035,40.81114878934855,41.24382438538907,1026500
2006-10-04,41.509010314941406,41.64160370795728,41.174035430893085,41.38339440065532,977600
2006-10-05,41.278724670410156,41.557869133008985,41.08332061823228,41.390382987878546,1927600
2006-10-06,40.511070251464844,41.14612741308146,39.876013089848236,41.00655385469605,3094900
2006-10-09,40.65064239501953,40.73438546227845,40.23192439658084,40.47617611864606,1660700
2006-10-10,40.83207702636719,40.83207702636719,40.32263593265865,40.76926907442266,1068000
2006-10-11,40.67855453491211,40.81114793646893,40.37847234947055,40.68553201409135,1157700
2006-10-12,41.215911865234375,41.24382444471871,40.8390640896841,40.89489191079675,795500
2006-10-13,40.894893646240234,41.383399746890355,40.68553464943135,41.111232784824395,924700
2006-10-16,41.578800201416016,41.69045850090163,40.96467822317323,41.03446366204779,694900
2006-10-17,41.07632827758789,41.45317596101279,40.92977728808153,40.96467000051495,875200
2006-10-18,41.4322509765625,41.69046298488664,41.22987211720203,41.41131587507724,1029700
2006-10-19,41.6834831237793,41.76722619242863,41.28570022001477,41.327573085411515,828200
2006-10-20,41.4322509765625,41.79514115445707,41.04842569718268,41.79514115445707,863000
2006-10-23,41.627662658691406,41.68349049361353,41.139156457935854,41.139156457935854,692300
2006-10-24,41.52296829223633,41.683476925841504,41.104250349104895,41.41828747538159,1233500
2006-10-25,41.52995681762695,42.130121314659206,40.69252070861349,40.82511413804025,1168900
2006-10-26,41.89284896850586,41.969614569865335,41.125198279200255,41.59276670617949,1195500
2006-10-27,41.278724670410156,41.823058635300505,40.96468482061024,41.522976407952164,1277500
2006-10-30,42.2975959777832,42.346446312388494,41.25777600801993,41.39734953352517,1205400
2006-10-31,42.04638671875,42.26272593243859,41.871920383817425,42.234810679934576,1275200
2006-11-01,42.61163330078125,42.95358562340676,41.99053128101143,42.22082798420868,1490400
2006-11-02,43.05826950073242,43.148992692905395,42.38133962292662,42.395297241887356,2225500
2006-11-03,42.5907096862793,43.456063652433954,42.49300899022758,43.16295890213449,1386200
2006-11-06,42.486026763916016,42.82100168244966,42.3604108366979,42.68840561363942,1348900
2006-11-07,42.814022064208984,42.85589492784154,42.36738883403789,42.56977034837918,1874900
2006-11-08,42.953609466552734,43.155991046161326,42.68841990231198,42.744250405160514,2038200
2006-11-09,42.77912902832031,42.99546816228485,42.61164289930726,42.925680056742735,2483500
2006-11-10,43.10014724731445,43.10014724731445,42.695386875107,42.939638594357696,1698400
2006-11-13,43.65145492553711,43.7003052622388,43.03733298424543,43.100140940310986,1589900
2006-11-14,43.75613784790039,43.79103056691937,43.065250297891765,43.54677887164269,1768300
2006-11-15,43.92364501953125,44.098111360403124,43.58169248222362,43.65147795371434,1700400
2006-11-16,44.105064392089844,44.24463791141619,43.95153325461651,44.09808425194462,1874500
2006-11-17,44.13299560546875,44.454012952634066,43.81895573883119,43.85384846575883,1602300
2006-11-20,43.860816955566406,44.188814378170015,43.75613879624074,43.99341301771367,981900
2006-11-21,43.804988861083984,44.01434784056357,43.74218090102572,43.825923960388785,1036900
2006-11-22,44.2376594543457,44.447018410228814,43.874769355147976,43.90966207077123,634100
2006-11-24,44.34234619140625,44.42608925252624,43.811967259310514,43.811967259310514,631100
2006-11-27,43.31648635864258,44.17486010851162,43.274613494449916,44.16788262888488,1119400
2006-11-28,43.40720748901367,43.82592546232251,43.14201801944131,43.288569043885005,1060000
2006-11-29,43.714256286621094,43.76310661595294,43.30949603470816,43.47698211751928,534300
2006-11-30,43.54677963256836,43.895712153142966,43.49792929265942,43.49792929265942,1550400
2006-12-01,43.54677963256836,43.66541541173467,43.176909350501454,43.581672352197046,1159300
2006-12-04,43.89571762084961,44.15392697283742,43.470019466780066,43.470019466780066,1504200
2006-12-05,43.73455810546875,44.049851041892964,43.65748887458,43.930741861892045,1020400
2006-12-06,43.356201171875,43.692512683775234,43.18103875904573,43.59442216023346,1232200
2006-12-07,43.5313720703125,43.73455847749936,43.38423358355168,43.58041734164383,705600
2006-12-08,43.580421447753906,43.74857591594273,43.335192395225164,43.42627762460825,1056400
2006-12-11,43.39125061035156,43.74858090054141,43.286152051183585,43.73456758113452,1001700
2006-12-12,43.18106460571289,43.28616051265738,42.85175821719742,43.195077927859074,1049800
2006-12-13,43.3001594543457,43.608447093640144,43.15302362982809,43.608447093640144,760900
2006-12-14,43.61545944213867,43.67151272113726,43.23010250370941,43.37023302843844,926600
2006-12-15,43.59444046020508,43.769602946563644,43.36322469528341,43.622464426719205,1595500
2006-12-18,43.4052619934082,43.72055498407925,43.363222037062975,43.72055498407925,683000
2006-12-19,43.37023162841797,43.769601873704936,43.03391731081775,43.32118634726113,1050800
2006-12-20,43.468318939208984,43.860681159114094,43.286148474738326,43.335193752226466,1134200
2006-12-21,41.83580780029297,43.26513433727188,40.9950273272014,43.20207573497083,4801800
2006-12-22,41.247257232666016,41.835803232290715,41.15617467366214,41.61860348245533,2272900
2006-12-26,41.919864654541016,42.03897379737257,41.163161843260646,41.37335617769431,1084300
2006-12-27,42.053016662597656,42.24219249836318,41.88485947321679,42.06702998444338,969400
2006-12-28,41.8568115234375,42.05299257135411,41.646614488936756,41.82878489580189,986900
2006-12-29,41.56956100463867,41.82880072646495,41.40140384795005,41.82880072646495,781100
2007-01-03,41.884849548339844,42.28421977162229,41.47146600653222,41.66064179747136,1990900
2007-01-04,41.23323059082031,41.94088822990633,41.11412143394885,41.88483497530826,2381800
2007-01-05,41.33134078979492,41.54854055880119,40.86190394409504,41.0230531082107,3122200
2007-01-08,41.52751159667969,41.583562187642,40.616667443216635,41.331330519161504,1717900
2007-01-09,41.96893310546875,42.14409559309964,41.4644642858062,41.75873598209772,2452200
2007-01-10,42.19313049316406,42.291221034456996,41.44343544440603,41.70267511393261,1320400
2007-01-11,42.78167724609375,42.858746478061455,42.17211000288421,42.30523517388638,1491700
2007-01-12,43.139007568359375,43.216079473280615,42.17911809971952,42.55746962964186,1641900
2007-01-16,43.08295440673828,43.40525265104646,43.02690114367598,43.37022069801586,966700
2007-01-17,43.1950798034668,43.363234330986714,42.788701461885616,43.08297589419751,1126700
2007-01-18,43.412269592285156,43.51036015613244,43.08296593833603,43.41927758842705,1330700
2007-01-19,43.230098724365234,43.559402355006895,43.04092293343464,43.51035707655458,1500800
2007-01-22,43.04091262817383,43.22308037984222,42.90078214924691,43.05492594334318,1475000
2007-01-23,43.37724304199219,43.559410872899186,42.91481413132454,42.91481413132454,1881600
2007-01-24,44.267066955566406,44.267066955566406,42.9428388909348,42.99888950076863,2132900
2007-01-25,43.64347457885742,44.22501249497531,43.335186971153085,44.105903317647176,1858500
2007-01-26,43.68551254272461,43.89570961411446,43.30015569978788,43.70653385352367,1344300
2007-01-29,43.61545944213867,44.140946905296964,43.13901726172042,43.59444079889792,1661000
2007-01-30,43.706546783447266,43.7696053889658,43.4823390022186,43.68552546642937,1029200
2007-01-31,44.18299102783203,44.386177501429216,43.52437830137587,43.66450883930916,1625100
2007-02-01,44.49125671386719,44.98170937407454,43.979782744817705,44.16895848779763,1438200
2007-02-02,44.30208206176758,44.673425563001715,44.01481577967263,44.61036698045567,1067700
2007-02-05,44.211029052734375,44.414218263696995,44.077906469397774,44.23905570378478,985900
2007-02-06,44.232025146484375,44.42820624639409,44.07087600402039,44.2810704214618,1426100
2007-02-07,44.42119216918945,44.59635459466296,44.28106169425734,44.344120274338465,941500
2007-02-08,43.979793548583984,44.46324100644862,43.89571631086127,44.40018240996478,1409500
2007-02-09,44.58234405517578,44.84158371263981,44.049848751838844,44.14093396712981,2181500
2007-02-12,44.61038589477539,44.90465762291387,44.48427134897871,44.58236192502487,1023800
2007-02-13,44.88361740112305,45.04476918175087,44.428196706584345,44.48424996467514,1239700
2007-02-14,44.86262130737305,45.18491968503767,44.74351208323222,44.95370923392182,1401800
2007-02-15,44.77153396606445,44.89765117396179,44.561336837723886,44.69446204204191,1236800
2007-02-16,45.03076171875,45.184905534912545,44.54731697641663,44.638399528906355,1056300
2007-02-20,45.423152923583984,45.46519022424839,44.58937749016202,44.9116759348414,1123500
2007-02-21,45.35307693481445,45.41613286907261,45.05179722044314,45.26198901350562,897600
2007-02-22,45.14288330078125,45.32505381200602,44.79956359748402,45.0868300133989,1181700
2007-02-23,45.35307693481445,45.493204796856105,44.93969065438159,45.177914434494745,1221200
2007-02-26,45.00974655151367,45.54224195418919,44.918663991997654,45.52823130869993,1320800
2007-02-27,43.068939208984375,44.77151824498707,42.200132378849844,44.65240640256786,2922400
2007-02-28,43.223087310791016,44.35113397152677,42.64154933822786,42.91480234593066,2965300
2007-03-01,42.96384811401367,43.46130886055941,42.1651077214716,42.368296817193226,3199400
2007-03-02,42.43135070800781,42.99186998515607,42.31924685257816,42.725622326223125,1757700
2007-03-05,42.248268127441406,42.95240592956543,42.10744002980209,42.26235120581259,1694700
2007-03-06,42.90312957763672,43.10733024716217,42.2975704534293,42.389109147711984,1995400
2007-03-07,42.02295684814453,42.86792300130944,42.001833567289246,42.57922652330271,1978100
2007-03-08,42.93129348754883,43.18478359004618,42.26940206745614,42.42431328255413,2290300
2007-03-09,43.22703170776367,43.44531545635352,42.85383942456575,43.241114790195915,1142400
2007-03-12,43.30448532104492,43.53685214135103,43.12845082786994,43.170700073218285,884100
2007-03-13,42.29052734375,43.269278689930694,42.26236118035999,42.987622428176984,1433000
2007-03-14,42.79046630859375,42.83271555530987,41.83283820494807,42.445437508928684,2154000
2007-03-15,43.10029602050781,43.54390381229245,42.790476197873886,42.79751639758365,947700
2007-03-16,42.65666198730469,43.1988456377153,42.367962959580474,43.11434986812914,1557900
2007-03-19,43.360809326171875,43.39601568083526,42.896075774753434,42.980574249232795,856500
2007-03-20,44.36772537231445,44.36772537231445,43.91003737500365,44.21985706638663,1596600
2007-03-21,44.924007415771484,44.99442283298453,44.00158828190537,44.3818207905618,1116300
2007-03-22,44.84653091430664,45.05073150001556,44.466298582728975,45.02960822772577,787600
2007-03-23,45.11412811279297,45.19158373401231,44.74797597634842,44.8888041343769,845300
2007-03-26,45.38169479370117,45.402823447627746,44.43110950858896,45.11412427091421,1149100
2007-03-27,44.902889251708984,45.219751950100175,44.621232922900404,45.06484070064808,1060500
2007-03-28,44.248043060302734,44.75502340625727,44.050885230686625,44.607152347971216,1289500
2007-03-29,44.304351806640625,44.740919203414826,43.797374386045334,44.564884742607624,1226000
2007-03-30,44.33251953125,44.80429329963838,43.83258228955273,44.39589204682238,993700
2007-04-02,44.33251953125,44.46630744527659,43.89595480512512,44.33956241413182,1281500
2007-04-03,44.58600997924805,44.88878948003845,44.32547971789567,44.60713325593064,794100
2007-04-04,44.63532638549805,44.83248424985824,44.543787654441765,44.70574182710843,649700
2007-04-05,44.69866943359375,44.79020810422387,44.53671805390826,44.670503275542536,823000
2007-04-09,44.86769104003906,44.95922708038233,44.54378539719403,44.88881432841454,659400
2007-04-10,44.52265167236328,45.00850599363134,44.445196051710326,44.95921654159286,1089500
2007-04-11,44.142425537109375,44.60715667057729,44.03680641218326,44.473371371241186,1158800
2007-04-12,44.59305953979492,44.7268447889398,44.04383008914743,44.7268447889398,929400
2007-04-13,44.45926284790039,44.77612541354307,44.23393895368176,44.50855228188118,1013100
2007-04-16,45.043701171875,45.17748908854398,44.59305335715874,44.59305335715874,891600
2007-04-17,44.973297119140625,45.29720266800556,44.607145005782435,44.895841502804956,1389700
2007-04-18,44.94512176513672,45.58588443665306,44.677548621044906,45.58588443665306,730200
2007-04-19,44.79725646972656,44.99441692596571,44.43110440650891,44.43110440650891,1195600
2007-04-20,45.03666305541992,45.33944259161649,44.91696089212381,45.26902987039209,1936800
2007-04-23,45.283111572265625,45.416899506954366,45.029624156900404,45.18453268527806,1250800
2007-04-24,45.48731231689453,45.58589120406995,45.10003965217577,45.42394247748737,1590600
2007-04-25,46.43085479736328,46.45902095799183,45.75488305871557,45.76896345295693,1518500
2007-04-26,46.61393356323242,47.00121161302234,45.94500461048251,46.966002564079034,1618600
2007-04-27,46.21961212158203,46.367480438469066,45.79008756541904,46.24073539940218,1113900
2007-04-30,45.452110290527344,46.28299334983101,45.37465468034378,46.28299334983101,1154700
2007-05-01,45.923885345458984,46.07175369408625,45.0437127663821,46.07175369408625,1847600
2007-05-02,46.649147033691406,46.86039060308018,45.346492681519635,45.346492681519635,2050400
2007-05-03,46.5083122253418,46.98712623056842,46.31114909318703,46.649137661877724,1599400
2007-05-04,46.67026138305664,46.789963542462786,46.37452474023694,46.75475986906773,1266800
2007-05-07,46.761810302734375,47.177249172036696,46.62802235465202,47.015295057402945,814600
2007-05-08,46.61393356323242,46.75476438685904,46.360443452851136,46.60689605116106,1153900
2007-05-09,47.28287124633789,47.28287124633789,46.6139368739311,46.81110004101164,1507100
2007-05-10,46.5716667175293,47.09976998877931,46.5716667175293,46.965982107643136,1952400
2007-05-11,46.6209602355957,47.08569373373835,46.437882914617255,46.712496210012546,1156800
2007-05-14,46.36748123168945,46.93079371987808,45.97316571324503,46.571681874354184,1626200
2007-05-15,47.00120544433594,47.13499336618553,46.41676969031981,46.54351472887577,1558900
2007-05-16,47.670135498046875,47.72646782150893,46.90967061989327,47.106828379864425,2088700
2007-05-17,48.1137580871582,48.31795878261897,47.353287643127906,47.53636505494574,2287900
2007-05-18,48.73339080810547,48.93759147474402,48.33907524336713,48.40244508535151,2427600
2007-05-21,48.52919387817383,48.71931416305939,48.30386991352407,48.522156365509225,1801600
2007-05-22,48.84606170654297,49.05026239926242,48.40245126740688,48.61369484529524,1303500
2007-05-23,48.72635269165039,49.21925256794963,48.606650508091626,48.846060247356334,1324500
2007-05-24,48.0433349609375,49.0713757290295,47.8954612631218,48.937587798694466,2347000
2007-05-25,48.47285079956055,48.55030639887901,47.71942345612762,48.03628873665201,1040800
2007-05-29,47.7335319519043,48.35317166935993,47.620867254831396,48.20530328356308,1696400
2007-05-30,48.01517105102539,48.07854089122297,47.08570912310206,47.3251134600438,1608800
2007-05-31,47.94474411010742,48.5291798208007,47.87433139882829,48.19823416842871,1615300
2007-06-01,48.55735778808594,48.58552395387624,48.00108810105785,48.02221138236388,1465600
2007-06-04,48.83198165893555,48.87423360275323,48.33908708229574,48.37429076797117,1191400
2007-06-05,49.27750015258789,49.39772237933091,48.40764523950637,48.831967867635704,2282500
2007-06-06,48.9734001159668,49.242133076755344,48.86731946983144,49.07948076210215,2358500
2007-06-07,48.42887878417969,49.277513478966426,48.42887878417969,48.93098827473542,2362000
2007-06-08,49.11482620239258,49.15018820821821,48.138896350129016,48.16718487569261,2312800
2007-06-11,49.065338134765625,49.27749944578721,48.68345101221855,48.71173954672051,1231900
2007-06-12,48.62689208984375,49.25629730997038,48.58445657922007,48.68346377819587,1595400
2007-06-13,50.182701110839844,50.182701110839844,48.697588411858725,48.80366904653278,2259100
2007-06-14,50.17564392089844,50.6636117615427,50.055421680460185,50.17564392089844,1549100
2007-06-15,50.889896392822266,51.15862931530739,50.40900220830649,50.45850578338231,2099900
2007-06-18,51.095008850097656,51.36374190236622,50.88992096988442,50.925282995795804,1685600
2007-06-19,51.48396682739258,51.61833064866926,50.93942187191854,51.09500614491112,1424700
2007-06-20,51.58298110961914,52.205312891634655,51.51225705182058,51.61126965364095,2112700
2007-06-21,52.191158294677734,52.45989130259876,51.18693411668497,51.370806909202905,1944400
2007-06-22,51.90827178955078,52.52352985575979,51.83047967156108,52.02849400990357,1779800
2007-06-25,51.39201354980469,52.155787736317535,51.25057628362936,51.87290780848102,1768900
2007-06-26,51.031375885009766,52.18410590592555,51.03137588500977,51.71735295058622,2623700
2007-06-27,51.059635162353516,51.1657158203716,50.23221574168796,50.706036565950825,2192800
2007-06-28,51.02428436279297,52.16994049276634,50.932345264125075,52.16994049276634,1673900
2007-06-29,50.91112518310547,51.67489945801041,50.670680723683446,51.243508732118904,2295300
2007-07-02,51.561737060546875,52.04969933298027,51.05962243082744,51.073769392628435,1530900
2007-07-03,51.71731948852539,51.986057826686555,51.58295571493024,51.90826571779626,739300
2007-07-05,51.731483459472656,51.97900143482677,51.498107056072826,51.498107056072826,1215700
2007-07-06,51.88706970214844,51.971929928076605,51.48396744252742,51.809277564722684,1013200
2007-07-09,52.04265213012695,52.29017552726166,51.73148895469415,52.05679909907122,959500
2007-07-10,51.3495979309082,51.85170738156955,51.29302085028758,51.76684176063863,1471700
2007-07-11,52.33260726928711,52.403325929742614,51.476899068153266,51.476899068153266,1723300
2007-07-12,53.58434295654297,53.58434295654297,52.33260597150934,52.91250760564439,1651300
2007-07-13,53.86722183227539,54.04402117298431,53.2024599801415,53.676280918324345,1069900
2007-07-16,53.58434295654297,54.36226438872592,53.449979123655936,53.6762820687943,1433100
2007-07-17,53.64089584350586,54.42588501059742,53.56310373538072,53.88841373504703,1736900
2007-07-18,54.28444290161133,54.7441220279213,53.30850759441803,53.30850759441803,2304300
2007-07-19,55.35232925415039,55.47962498157164,54.31982186306125,54.34811040198676,1926700
2007-07-20,54.984588623046875,55.423052879843944,53.9167192175092,55.28868366983627,3556000
2007-07-23,55.09067916870117,55.514996534452884,54.984598478391234,55.07653219906622,2368900
2007-07-24,54.58858108520508,55.698881032529414,54.39763472357264,54.532003985796266,3386200
2007-07-25,54.03693771362305,55.35231947049622,52.7639806644088,55.06237143986118,3733500
2007-07-26,54.17837142944336,55.267455634356544,53.068072174350995,53.67626212508804,4551300
2007-07-27,53.01148223876953,54.85726669299439,53.01148223876953,54.29858046015579,4090900
2007-07-30,54.62389373779297,54.74412132609123,52.74982064408439,53.45701763073028,2550900
2007-07-31,54.185447692871094,55.30281509172458,54.07936704104385,55.30281509172458,2187000
2007-08-01,54.83607482910156,54.9704440317279,53.52776100961702,54.33396543440152,3013300
2007-08-02,53.88134002685547,54.82898139715404,53.124639468540174,54.291510177687115,3411500
2007-08-03,53.223663330078125,54.29860071111854,53.039790545451005,54.0510827676704,3293200
2007-08-06,54.95629119873047,54.95629119873047,52.799343076726394,53.75405817305516,2482700
2007-08-07,55.748355865478516,56.20096163611234,54.40468012338406,54.70170164870881,2708000
2007-08-08,56.886932373046875,57.431471727002,55.69884111438677,56.1514467943063,2587300
2007-08-09,56.5616340637207,57.35369146948001,55.557409945654356,55.79785979775016,3382600
2007-08-10,56.76670837402344,57.63656317385107,55.161373344299186,56.2221689855357,3259800
2007-08-13,54.928009033203125,56.97180865111055,54.53905378355733,56.766720801448514,2960400
2007-08-14,53.11051559448242,55.175530393931055,53.11051559448242,54.701709502812044,2373200
2007-08-15,50.564598083496094,53.36509825296984,50.331221720501716,53.11758032046956,4494200
2007-08-16,49.22092056274414,50.31000482124321,48.16012483770446,50.31000482124321,5146500
2007-08-17,51.41324234008789,52.41746662205524,48.90976860773265,51.201086384127386,3497900
2007-08-20,52.226524353027344,52.50233089388025,50.790914564616635,52.0002214119304,1634400
2007-08-21,52.86299514770508,53.11051310943307,51.844629367467725,52.16993945937979,1773500
2007-08-22,54.05110168457031,54.60978832130425,53.103454289512634,53.45705301690208,1875000
2007-08-23,53.17417526245117,54.517846032085444,52.66499226131106,54.171320810110466,1760900
2007-08-24,53.754058837890625,53.83891904586688,52.87713045523667,53.17415736961237,1040200
2007-08-27,53.563133239746094,54.21375899295051,53.43583748319396,53.704575966741984,1153400
2007-08-28,52.36084747314453,53.49236118228536,52.297196960655036,53.13876281096117,1266600
2007-08-29,53.09636306762695,53.16708170319771,52.106285983178196,52.53060319208879,1222100
2007-08-30,52.884212493896484,53.145877433626154,52.38210306535074,52.53768733246097,1352900
2007-08-31,53.50656509399414,54.100608400319935,53.04688564286754,53.20246995514011,1135100
2007-09-04,53.47117614746094,54.022789052974886,53.124651059853505,53.55604174657308,1608800
2007-09-05,53.0025749206543,53.41438456400622,52.59786693790634,53.05937737152626,1595100
2007-09-06,53.506683349609375,53.85458887410986,52.775369415321116,52.775369415321116,1196900
2007-09-07,51.81684112548828,52.782455499077294,51.66063712745839,52.626256918026115,2042900
2007-09-10,52.00856018066406,52.42746611985254,51.29854570720789,52.214465028004014,1184900
2007-09-11,52.60494613647461,52.68304812687198,51.923333197806905,52.28544193356035,1079400
2007-09-12,52.23575210571289,52.803765715455704,51.90204451626243,52.37775279965897,1385400
2007-09-13,52.69725799560547,53.03096555661711,52.40614955575147,52.48425155585967,955600
2007-09-14,53.11616897583008,53.329175436336264,52.420357983204575,52.53395745635638,1220000
2007-09-17,53.39305877685547,53.93267101591205,52.89605106784135,53.11615370797935,1310400
2007-09-18,56.56684875488281,56.56684875488282,53.32208300255037,53.78359346884742,2190400
2007-09-19,56.99283981323242,58.22116681362463,56.68753347789646,56.82243791492218,2296400
2007-09-20,56.65205001831055,57.085159238667906,56.31834238128308,57.085159238667906,1279400
2007-09-21,57.30526351928711,57.993978377383506,56.65205154918792,57.369167634286036,1890300
2007-09-24,57.283966064453125,58.22118492213015,56.95736006736662,57.30526563124436,1297700
2007-09-25,56.943145751953125,57.37625491636427,56.61653981791804,56.82954627867016,1643000
2007-09-26,59.01641082763672,59.11581243040496,57.18457200465449,57.25557237563451,2262100
2007-09-27,59.158390045166016,59.6411999759361,58.661382212158195,58.94538359274603,1451400
2007-09-28,59.470821380615234,59.73352330235312,58.93831045776548,59.44952181041824,1614700
2007-10-01,59.698028564453125,59.93233468133701,59.15841595444276,59.39982373404535,1208000
2007-10-02,58.43416213989258,59.811585799577635,57.64604606169667,59.61278271984851,1847700
2007-10-03,57.30526351928711,58.2424823424234,56.90055551422781,58.11467952940572,1780600
2007-10-04,57.908756256103516,58.00815781046637,56.865034518315134,57.553749157099496,1044100
2007-10-05,59.009307861328125,59.22231438654177,58.228292963846364,58.228292963846364,1313300
2007-10-08,58.931156158447266,59.165462055296146,58.661352815303225,58.796251778387045,553200
2007-10-09,60.3441162109375,60.3441162109375,59.10869279715658,59.20809436970335,1252800
2007-10-10,59.39978790283203,60.635211038560406,59.01637960202428,60.35120428792746,1122600
2007-10-11,59.13002014160156,60.706253556811326,58.90281566660623,60.06723927808007,1556100
2007-10-12,59.33591842651367,59.733524859170195,59.16551644351536,59.39272089317357,1081800
2007-10-15,58.39866638183594,60.053000723487365,58.093360067355114,59.66249075718224,1545600
2007-10-16,57.4188232421875,58.46964072942136,57.04251134328424,58.306340573893884,1616600
2007-10-17,57.71706008911133,58.611679577242384,57.19874729365235,58.2566724457436,1363000
2007-10-18,58.95961380004883,59.101614555101115,57.56798581600639,57.56798581600639,1151200
2007-10-19,58.16435623168945,59.06607721033064,57.95135524286828,58.75366925968608,1966500
2007-10-22,58.001060485839844,58.18566027365101,57.099339437696685,57.24844176645725,1744600
2007-10-23,58.94538879394531,58.966693774650494,58.10757164653436,58.59748328014148,1600900
2007-10-24,61.60796356201172,61.65766436660922,58.64720402317212,60.22343727895189,2740200
2007-10-25,60.37253189086914,60.84114405964281,59.655415731221886,60.351232322648656,2254300
2007-10-26,61.38783264160156,62.49545316048101,60.599716374866894,61.04702882824432,1245000
2007-10-29,61.11093521118164,62.09785472954544,60.94053328303427,61.34524124799655,1171800
2007-10-30,59.54182052612305,61.110952029734364,59.399819783083,60.99735251869855,1340700
2007-10-31,60.69200134277344,60.81980408416795,59.24357207929468,59.996185213630625,2047300
2007-11-01,59.215187072753906,60.53581395623457,59.09448595534447,59.99620163190367,1391300
2007-11-02,60.37253189086914,60.486136810686055,58.43419534507446,59.676720716423105,1605300
2007-11-05,60.28732681274414,60.7062327190762,59.36430590285502,60.20922479343136,1144200
2007-11-06,62.06943893432617,62.06943893432617,60.2873072249836,60.33700800139996,1146700
2007-11-07,59.7902946472168,61.54403057371505,59.64829397515943,61.29552668912547,1981700
2007-11-08,61.13935089111328,61.38075322831742,58.838905357779375,60.08143077063585,1987800
2007-11-09,58.931156158447266,60.63519067293017,58.931156158447266,60.18787843040478,2157200
2007-11-12,57.44723892211914,59.28617269663205,57.383334841306564,58.505158331329355,2088100
2007-11-13,58.27798843383789,58.36318670254607,57.15616428201618,57.81647794940689,2508900
2007-11-14,58.739498138427734,59.63411244986927,58.49098874604692,58.6045936587902,1425900
2007-11-15,58.02238082885742,59.47081093463131,57.58216992651095,58.6258920186848,1550000
2007-11-16,58.512264251708984,59.115775149915514,57.56084254623736,58.53356380787263,1963600
2007-11-19,56.25442886352539,58.505172634027,56.05562033226608,58.2566687411761,2150800
2007-11-20,57.26976013183594,57.78806757437659,56.16923572137794,56.23313441279544,1569000
2007-11-21,56.29705047607422,57.354970566594105,56.16214598735034,56.687555201725345,1388000
2007-11-23,57.27685546875,57.44016115030987,56.3538400775658,57.014153629995654,456900
2007-11-26,56.18341827392578,58.67556948089037,56.013016393058415,57.333643157981314,1629700
2007-11-27,56.105323791503906,57.2342492686494,55.68641798310863,56.360929355499906,2141500
2007-11-28,59.42111587524414,59.52051747295096,56.41775212458585,56.41775212458585,1928800
2007-11-29,60.180809020996094,60.67781682651426,59.1299855532135,59.34299199385203,1698600
2007-11-30,60.62101364135742,61.281327098843164,59.79739994277169,60.77721764030784,2563700
2007-12-03,59.81871032714844,60.897929779846685,59.4353019195244,59.86130945566898,1626200
2007-12-04,60.43644714355469,60.75595155966905,59.399826435716264,59.676731707543844,1743700
2007-12-05,61.47669219970703,61.61920054499986,60.621663872500164,61.09192782162268,1706400
2007-12-06,62.360225677490234,62.36735245418714,60.63591537421169,61.45532073794519,1661400
2007-12-07,62.381622314453125,62.66662822317735,61.954102579088286,62.35312063635285,1053800
2007-12-10,63.69977569580078,63.79240204638756,62.21772146958598,62.68086409479532,1292900
2007-12-11,61.1275749206543,62.8803873316124,61.106200021372,61.79022397910156,2617000
2007-12-12,62.36739730834961,63.329306280991915,61.70474793854859,62.588278619569365,2585400
2007-12-13,63.77104949951172,63.96342904464792,61.61922429936259,61.93985868663613,2258800
2007-12-14,62.730735778808594,63.37200971489821,62.58110609974389,63.29363148736852,1905900
2007-12-17,61.39124298095703,62.894667844888566,61.29861112150688,62.58116010038447,1800500
2007-12-18,62.93739700317383,63.165405011965305,61.733226818794606,62.20349639475563,2302700
2007-12-19,62.36739730834961,63.42193813625832,62.36739730834961,63.151174788423276,1455600
2007-12-20,63.122623443603516,63.165378664764155,61.56219649274546,62.944492091156995,1455100
2007-12-21,65.06782531738281,65.25308346060365,63.60002459744468,63.81377897549528,2386900
2007-12-24,65.3599624633789,65.63784695629641,64.60468178353072,65.63784695629641,433700
2007-12-26,65.37423706054688,65.54524171711465,64.5334564645569,65.3599889375579,587600
2007-12-27,64.50492095947266,65.37420278177521,64.32678961674301,65.19607143904557,976600
2007-12-28,64.50492095947266,65.50958434181362,64.50492095947266,65.03218821183395,1588700
2007-12-31,63.208152770996094,64.75433220049725,63.072771151480666,64.41944969539729,1115500
2008-01-02,62.509864807128906,63.16538696560415,61.989718797729914,63.04425893469554,2002200
2008-01-03,63.0513801574707,63.550151270613796,62.57398937574625,62.78062242368777,1297400
2008-01-04,61.38409423828125,63.022900195952104,61.35559255604262,62.58113771160346,2301200
2008-01-07,61.28432846069336,62.25336371289014,59.994653426381184,61.87572057802462,2282700
2008-01-08,61.13471221923828,62.91602661448252,60.97795568267437,61.4695947591865,2265200
2008-01-09,62.28185272216797,62.98725140153312,60.37940562306527,62.082341028119835,3353800
2008-01-10,62.00399398803711,62.6880235537845,61.46959962714359,62.03962245321956,2465800
2008-01-11,61.49097442626953,62.217748299684814,61.127584771491854,61.55509913445026,1930800
2008-01-14,63.44328689575195,63.692669795329934,61.74747774248221,61.86147902394379,2019100
2008-01-15,61.099056243896484,63.393389021612585,60.77129519509957,62.52410711838969,2396900
2008-01-16,58.09934997558594,60.885322815385024,57.757335225637235,60.63593989153703,4451400
2008-01-17,55.135223388671875,59.09686902013857,54.9642187841046,58.16345688207,4240800
2008-01-18,56.29664611816406,56.66715701812415,54.6435870334602,55.24210589558155,3695900
2008-01-22,55.01408767700195,55.71948632903243,52.24236419528725,53.09027119468696,4319200
2008-01-23,53.410888671875,54.37992338479319,49.848262649715764,53.439390332388584,5791200
2008-01-24,55.34186935424805,56.481909377542515,53.29692409137786,53.4536751777174,5201900
2008-01-25,57.158809661865234,57.607698873379256,55.854886391478594,56.3892806397217,4120600
2008-01-28,57.96397399902344,58.14923223315786,55.94752463664729,56.70280569759197,3065700
2008-01-29,57.55781173706055,58.740606732237126,57.258552317608064,58.36296906919398,2418200
2008-01-30,57.550689697265625,59.50301373415693,57.15167710514833,57.42243487320809,2664900
2008-01-31,57.50080108642578,58.199078412597295,55.78361759526543,57.18016681147075,3088500
2008-02-01,59.54579544067383,59.880683518298035,57.778728632926814,57.778728632926814,2369300
2008-02-04,58.234710693359375,59.78801647910515,57.93544585607513,59.560003103597886,2144100
2008-02-05,56.50326919555664,57.82856694014815,56.42489096278012,57.329795873739556,2278900
2008-02-06,55.869144439697266,57.443825632087865,55.73376281302926,56.61729318568927,2112500
2008-02-07,57.3155403137207,57.921185767866184,55.57697673774536,55.57697673774536,2485700
2008-02-08,56.65290069580078,57.37967427116407,56.082878154864126,56.809657166365255,2273600
2008-02-11,57.75730514526367,57.95681138043794,56.360756062906546,56.53176063075061,1291700
2008-02-12,58.67646408081055,59.58137435957574,57.8214357974434,57.835683913173376,2368000
2008-02-13,58.94010543823242,59.837889017365576,58.25608166617687,59.1253635752905,1685400
2008-02-14,58.270355224609375,59.453150584221845,58.077975663154625,59.0755128048232,1214900
2008-02-15,57.95684814453125,58.12785825699032,56.68143169831974,58.020978295738566,1654000
2008-02-19,58.02808380126953,59.48163660741116,57.70032269343446,58.505474625542014,1661200
2008-02-20,59.38187789916992,59.631266195500814,57.251427984758095,57.41531125639223,2634900
2008-02-21,58.20619583129883,59.70249793409036,57.86418128168001,59.474490046390095,2397400
2008-02-22,58.75486373901367,58.81186709500055,57.543572323058314,58.41285447537087,1212100
2008-02-25,59.85213088989258,59.85213088989258,58.16344381134695,58.6764629458994,1962800
2008-02-26,59.77376937866211,60.23691208442375,58.64797767816795,59.3462551257047,1827800
2008-02-27,60.01602554321289,60.350907963454425,59.14674355928379,59.531507983455924,1472100
2008-02-28,58.95437240600586,59.674024854731215,58.69074138726943,59.538643237884216,1393000
2008-02-29,57.20153045654297,58.96859559992897,56.96639580187407,58.32732173998499,1691200
2008-03-03,57.678951263427734,57.693204821177375,56.45341166779406,57.01630216769641,2538300
2008-03-04,56.88090515136719,57.600551906083766,55.883368483714136,57.187291297086254,2685300
2008-03-05,58.87466049194336,59.23976510527851,56.80574345270262,56.80574345270262,2620400
2008-03-06,59.16102981567383,59.51897409358173,58.04424541637598,58.70286157689542,2804700
2008-03-07,56.62678909301758,58.89615472134748,56.13282965624405,58.81025158197647,3361900
2008-03-10,55.653160095214844,57.94400614561891,55.381124482128364,57.94400614561891,2886300
2008-03-11,59.60487365722656,59.67646140960436,56.71984408821768,56.79143184059547,2603000
2008-03-12,59.04646301269531,60.127450296503014,58.81737899989837,59.61917031379084,1642300
2008-03-13,59.67646026611328,60.12746801306728,57.85094257558443,58.3520677562175,2433800
2008-03-14,59.218284606933594,60.24200515589688,57.44287911310138,60.22768433043187,2633100
2008-03-17,59.225467681884766,59.948511252491365,57.414264893140334,59.461706774506474,2495300
2008-03-18,61.8312873840332,62.010259496507985,59.44737753503824,59.991454286264286,2493900
2008-03-19,59.189659118652344,63.09840952268276,59.189659118652344,62.55433275433624,3088500
2008-03-20,58.502418518066406,59.63352384110763,57.72925750268658,58.896153979415935,3546700
2008-03-24,60.77177047729492,61.99593907931082,58.62410511338026,58.62410511338026,1764400
2008-03-25,60.886322021484375,61.702434513569656,60.3995175997321,60.91495275647328,1646900
2008-03-26,60.48542022705078,61.29437775958307,60.134636377485,60.277811898427274,1420900
2008-03-27,60.44245910644531,61.451858931620876,59.91270320856449,60.50688644214379,1599300
2008-03-28,59.225467681884766,60.0773714220108,58.91763535813261,59.81249612929625,1451600
2008-03-31,60.29928207397461,60.63574503260922,58.68137276768075,58.72432432372027,2139000
2008-04-01,62.28233337402344,62.28233337402344,60.141827124150886,60.463974939641844,1920200
2008-04-02,62.189266204833984,62.66891042226128,60.7861247178804,61.695301151836595,2118400
2008-04-03,63.198631286621094,63.89304395475047,62.081847056026874,62.46126705940591,1559500
2008-04-04,63.212955474853516,63.59237549840417,62.33241023421306,63.420558329335584,1690400
2008-04-07,63.08409118652344,64.6805193462705,62.76909852571078,63.714071046353425,1738100
2008-04-08,63.13423156738281,63.27740713483425,62.225049782493,62.83355413685832,1149300
2008-04-09,62.840694427490234,63.628170719860066,62.289462661370166,63.29170769792997,926000
2008-04-10,62.36106872558594,63.148545249085736,61.716767765705136,62.97673348038341,1361400
2008-04-11,61.68809509277344,62.43261959941017,61.272878557223144,61.78116406972454,1174300
2008-04-14,62.43263626098633,63.170000551918314,61.77402014304667,61.80981129144581,1007800
2008-04-15,62.4541130065918,63.821462702572504,61.6380005300678,62.71183331094632,1499200
2008-04-16,65.01698303222656,65.25322751056154,62.475577075872614,62.475577075872614,2428500
2008-04-17,64.42280578613281,65.7758346394011,64.05770657682265,64.30110604969609,1931400
2008-04-18,66.41299438476562,66.56333582287613,65.01701356057534,65.28904930888491,2299200
2008-04-21,67.10022735595703,67.63714369773209,65.39640933584178,66.18388554475275,1787900
2008-04-22,66.64921569824219,67.4581731677267,65.68276735271397,66.64205528421432,2216500
2008-04-23,65.41072082519531,68.00223316930301,65.14584016815562,67.1503297426629,2333100
2008-04-24,65.40357208251953,66.97852455651697,64.31541853243765,65.37493588785468,2165800
2008-04-25,68.33869934082031,68.4961956473407,64.71630613802937,64.71630613802937,2915200
2008-04-28,67.35078430175781,68.71812835270285,67.22908458039842,68.71812835270285,1902600
2008-04-29,64.80936431884766,67.7874621487467,64.60891647679563,67.12884078826907,1998600
2008-04-30,65.3677749633789,66.49171965166988,64.78790704588098,64.80938282626303,2409200
2008-05-01,64.91679382324219,65.56109480801787,63.59240069230197,65.56109480801787,1588800
2008-05-02,66.24117279052734,66.54184469853385,65.26756383544242,65.41789978944567,2180400
2008-05-05,66.44161224365234,66.63490520396789,65.80447189347858,66.1767369850069,1320600
2008-05-06,67.08589935302734,67.24339567032352,65.82593427645277,66.40580757757007,1476200
2008-05-07,65.38927459716797,67.20763264404229,65.16735083653683,67.20763264404229,2142900
2008-05-08,66.84252166748047,66.84967662110674,65.73289213418182,65.73289213418182,1281200
2008-05-09,66.19822692871094,67.83045224066741,65.57540181260242,66.71366765075975,1235100
2008-05-12,67.35794067382812,67.37942191492853,65.18879957529181,66.49887673085375,1693000
2008-05-13,68.24564361572266,68.33154672959984,67.29351071708624,67.43668621474497,2537200
2008-05-14,68.70380401611328,69.50559545147334,67.43667861134038,68.69664360349914,2363300
2008-05-15,68.20987701416016,68.80406596822289,67.60853310532381,68.80406596822289,1426800
2008-05-16,68.03804016113281,68.46041173253045,66.92841085905495,68.46041173253045,1880000
2008-05-19,67.59419250488281,68.49621356614712,67.2577240278035,68.03804535193578,1209700
2008-05-20,68.53913116455078,68.6035639393234,67.15746679212944,67.39371119664031,1232800
2008-05-21,66.5131607055664,68.66082483484978,66.22680439597016,68.66082483484978,2131600
2008-05-22,66.70649719238281,67.5297701405051,66.21969274615545,66.47741306838148,1338300
2008-05-23,65.72572326660156,66.5561565713774,65.44652718077423,66.47024798273978,1131300
2008-05-27,65.5109634399414,65.77583871072267,64.787914467411,65.77583871072267,1383100
2008-05-28,68.00940704345703,68.00940704345703,65.55390928646881,65.55390928646881,1546200
2008-05-29,67.91635131835938,68.2599747769771,66.84251845203525,67.57272239794524,1734600
2008-05-30,68.0523452758789,68.71096671341726,67.50827405859225,68.03086949911689,1333700
2008-06-02,66.99998474121094,67.55122180205335,66.30557766396184,66.30557766396184,1602700
2008-06-03,68.31722259521484,68.58925819056543,66.77090120237291,66.77090120237291,2016000
2008-06-04,69.1689224243164,70.23980850760952,67.86086527034834,68.31365787044672,2593700
2008-06-05,71.28911590576172,71.28911590576172,69.2479689452481,69.5570156318161,2165400
2008-06-06,69.08267211914062,70.98725653692523,68.99642461436912,70.57040730555423,2062000
2008-06-09,69.6360855102539,70.11762178931569,68.80238148058585,69.65046283749548,1166500
2008-06-10,68.38551330566406,69.00360665552155,67.60211362502683,69.00360665552155,1284000
2008-06-11,67.82493591308594,69.09705528776408,67.82493591308594,67.932738457542,1666300
2008-06-12,69.0467300415039,69.49951707618507,67.68836345411759,68.46457449929343,1826900
2008-06-13,70.1391830444336,70.61353614827433,69.38453785651937,69.44921937976468,1669000
2008-06-16,70.3763656616211,70.64948007222262,69.43485351983816,69.83733098807924,1071000
2008-06-17,70.1966552734375,70.77881618279429,70.0601036140481,70.30446325541777,1387900
2008-06-18,70.03138732910156,70.79322125494141,69.59297201768769,69.60734386313901,1353400
2008-06-19,70.36917877197266,70.90821341710569,70.03138285035425,70.29011991868562,970600
2008-06-20,69.88045501708984,70.36917998980225,69.1258043075058,69.74389781662278,1926400
2008-06-23,71.51191711425781,71.68440663527777,69.8732529562107,70.3188513424575,2367700
2008-06-24,69.51393127441406,71.54070197856826,69.140197395154,71.3897728869483,2082400
2008-06-25,70.45539855957031,71.12380152782087,68.99641279141983,69.63606659633957,1772100
2008-06-26,67.37931823730469,69.81575394609818,67.11339255399132,69.00361053761466,3197600
2008-06-27,68.03333282470703,68.57236723886852,67.09181565263265,67.32180345000789,2457100
2008-06-30,67.73145294189453,68.60109426094641,67.60927315368218,68.20580574319935,1783700
2008-07-01,67.8680648803711,67.96149559095807,65.70473734027208,66.89061481828924,2885100
2008-07-02,65.38130950927734,68.3711521444602,65.38130950927734,67.98304654349698,3370400
2008-07-03,67.69554138183594,67.98302203445387,64.08041789008001,65.79814056117938,2238400
2008-07-07,67.19245147705078,69.2192211528388,66.63185642594773,67.84648269223298,2260800
2008-07-08,66.56719970703125,67.72432807001513,65.38851083148847,65.8987964009806,3105100
2008-07-09,65.54659271240234,67.62367187107691,65.53940953377452,66.6390390315031,1911900
2008-07-10,66.37313842773438,67.13497786724642,65.36693922241182,66.66062469830432,2401000
2008-07-11,65.73347473144531,66.4234383897995,64.85664420207527,65.94909077364387,2453000
2008-07-14,65.76940155029297,66.64623193279935,65.4387943620819,66.64623193279935,1255800
2008-07-15,65.5825424194336,66.53124308770153,64.4972845657046,65.41005288429673,1777600
2008-07-16,65.64002227783203,65.64002227783203,64.58351389131207,65.4603441300114,2240400
2008-07-17,66.34437561035156,67.58056248127157,65.10100555956913,65.41005227729913,2948200
2008-07-18,65.43157958984375,67.14211318106285,64.75598815815441,66.53120871872322,2635100
2008-07-21,66.22935485839844,66.28685317169747,65.20878447237469,65.56814070548228,1140700
2008-07-22,66.08563995361328,66.64624054520772,64.6985240263555,65.87002940300944,2306500
2008-07-23,68.7520751953125,69.03237277357671,66.07127380019146,67.06309557840761,3650600
2008-07-24,66.61030578613281,69.50671763467395,66.50249776418332,68.91737332913961,2726100
2008-07-25,67.745849609375,68.14113824002257,66.48810258911648,66.81152105813193,1703500
2008-07-28,66.66781616210938,67.96149620897391,66.66781616210938,67.65963807970667,1721400
2008-07-29,67.73145294189453,67.91831969543948,66.46652310509558,66.46652310509558,1756600
2008-07-30,68.0046157836914,68.18429400660857,66.7396795590182,67.24277638984857,2009500
2008-07-31,67.36494445800781,68.52206687191553,67.19244946027433,67.54462263480643,1576900
2008-08-01,65.75501251220703,67.39367631984771,65.51784152777408,67.01994819033077,1516900
2008-08-04,63.73549270629883,65.99225192492774,63.46238363897488,65.54664772559671,2570900
2008-08-05,64.70573425292969,65.17289882660278,63.70672356385025,64.1666994717712,2551400
2008-08-06,65.79814910888672,66.22937562717536,64.0085505588077,64.41103339477408,2421100
2008-08-07,64.10199737548828,65.51786249066396,64.02293852760126,65.31661829755107,1686100
2008-08-08,64.89974975585938,65.54658670701826,63.42638673745979,63.8791736999394,1856400
2008-08-11,63.390438079833984,64.91411050031205,62.29799753088024,64.89973866348704,2032500
2008-08-12,63.217987060546875,63.785770918839845,62.88737977913787,63.22517572500091,1975300
2008-08-13,64.70573425292969,65.19445934051386,62.75083390259297,63.12456775486959,2312300
2008-08-14,64.28170776367188,64.70574590252107,63.46955837116641,64.14515050652217,1905000
2008-08-15,64.15947723388672,64.69132855434152,63.57013306753455,64.30322305698631,1546100
2008-08-18,63.677940368652344,64.87100601230944,63.55576053285876,64.50446102158628,1584700
2008-08-19,63.50544738769531,64.38227765930138,63.1604629182623,63.23233856676151,2402900
2008-08-20,64.43978881835938,64.6769598622777,63.246723002444874,63.25391166539489,1704600
2008-08-21,65.28068542480469,65.38130477888444,63.94387916820951,64.073247692504,1559900
2008-08-22,65.23757934570312,66.38752458082486,65.00040821305363,65.52506565448356,1390900
2008-08-25,63.979801177978516,65.01474920506486,63.598884330048854,64.74164035718049,961500
2008-08-26,64.54041290283203,64.64103225814371,63.642021885160894,63.821700088695124,1140100
2008-08-27,64.92132568359375,65.1585022131609,64.12355407202664,64.12355407202664,780000
2008-08-28,65.40284729003906,65.88438342111748,64.9284943370302,65.32378846453759,855100
2008-08-29,64.56914520263672,65.66159155813334,64.50446369277657,65.41004321421723,1113400
2008-09-02,63.88641357421875,65.59694895369218,63.88641357421876,65.59694895369218,1625200
2008-09-03,63.30534362792969,65.33348024743984,62.374275880919996,64.09206209133244,2142400
2008-09-04,61.464874267578125,63.15378425477948,60.642065612383,62.951693026215864,2116800
2008-09-05,62.16499710083008,62.4753531739408,59.58110837142041,61.190625175762676,3097600
2008-09-08,60.91633987426758,63.51466601919263,60.23788599786822,63.341445744617154,3479800
2008-09-09,59.11916732788086,61.30609196257466,59.054206280826655,60.779206494634735,3097600
2008-09-10,59.89144515991211,60.64206818164396,58.83767426934521,59.69656753370284,2485600
2008-09-11,61.41434860229492,61.493742375021974,58.808808857012224,58.87376439474897,2694200
2008-09-12,62.6485710144043,62.76404938381844,60.86582860149662,61.06070075900922,1702600
2008-09-15,60.67093276977539,63.2548259022513,60.32449225869873,61.08955343501794,2346200
2008-09-16,61.78242874145508,62.092784625647745,59.18410335405481,60.25952027559941,2665400
2008-09-17,59.63880157470703,61.508155777986204,58.95313436696125,60.64926285973056,3294700
2008-09-18,59.299617767333984,60.454429034552255,57.50243705407061,60.454429034552255,4793900
2008-09-19,63.26205062866211,63.47857459064184,57.71173328338356,61.84740648541665,3925000
2008-09-22,60.15850830078125,63.110500407806256,59.94198427634421,63.03110661354026,2979000
2008-09-23,57.74784469604492,59.90589903510713,57.6034898281598,59.90589903510713,4152300
2008-09-24,56.73014450073242,57.09102328954951,55.7629919898578,56.008386923098236,5104400
2008-09-25,56.23212432861328,56.99718544658444,55.73410993702787,56.97553360461502,3896400
2008-09-26,53.51830291748047,55.827923989453986,53.215166184266,55.09173399356586,5819400
2008-09-29,50.768436431884766,52.97701884524403,48.92073839256547,52.370739484483316,5985900
2008-09-30,51.778892517089844,52.79657345161822,51.20148969826942,51.92324735172538,3655700
2008-10-01,50.739559173583984,51.60566605153998,50.3858940009456,51.36748473280145,2523200
2008-10-02,50.342594146728516,51.20870109070944,49.80127593009703,50.523033552272345,4626500
2008-10-03,52.50785827636719,53.698759256114805,51.15816976511019,51.331395530341915,6043900
2008-10-06,49.93119812011719,51.48297828307828,47.93193170544704,51.48297828307828,5183600
2008-10-07,47.39060974121094,51.028263436001644,47.3039968412116,50.30650578906202,5018700
2008-10-08,46.57502746582031,49.26718633895081,45.90379252740156,46.8348607004711,5885700
2008-10-09,44.21487045288086,48.08349447791773,44.21487045288086,46.632760124368055,4480400
2008-10-10,44.171566009521484,47.31842685690191,40.39677406295741,42.482653102433446,6363400
2008-10-13,49.77962112426758,50.140499913909565,44.75618627995324,45.73777702830532,3388800
2008-10-14,48.84855270385742,53.756506397155206,47.68652257215858,51.38192332396946,3396300
2008-10-15,44.74174118041992,49.20219925407959,44.72008658679385,47.99686575152088,3383000
2008-10-16,46.098663330078125,46.149186148598154,42.50431032991093,44.42418569353326,5600700
2008-10-17,46.33683395385742,48.44437025064347,44.40974255677738,45.19645842096758,3511400
2008-10-20,51.25922775268555,51.331407925581495,46.06257468547341,46.94311993169289,3733800
2008-10-21,47.137977600097656,50.970513428677826,46.82040806452755,50.970513428677826,3536100
2008-10-22,42.75691223144531,45.824381371131295,41.501053066339736,44.04885596483911,5603900
2008-10-23,41.01748275756836,43.75294177086691,39.37909279388699,42.90848676163134,4503700
2008-10-24,38.81612014770508,40.71434327462439,36.83128688572886,38.41915404596715,4364500
2008-10-27,36.13117980957031,39.14812624359387,36.12396069305595,38.25314577256343,3252800
2008-10-28,41.50105285644531,41.85471521397223,36.08787204908288,37.78400093407532,4481600
2008-10-29,44.5396728515625,47.058606013304505,39.41519361034475,41.501073196567994,5321400
2008-10-30,46.12752151489258,50.00335850216954,43.54363110780339,47.26789692823982,4538200
2008-10-31,47.02250289916992,48.076268203459755,45.23254185066497,45.75220813915263,3072400
2008-11-03,45.514034271240234,47.93913744247865,45.14593636129267,46.87093930106484,2259400
2008-11-04,49.086734771728516,49.2960451316302,46.38014383492393,46.81319728349799,3075700
2008-11-05,45.62228775024414,49.27437868486344,45.60063590779736,48.2567035438584,2387200
2008-11-06,43.4570426940918,46.30798971588779,43.247732241359245,45.21813374013409,2581700
2008-11-07,45.802730560302734,45.85325336533885,43.637458047487186,43.89729118955088,2163400
2008-11-10,45.643951416015625,48.24949401531196,44.97271663392078,47.72982766703551,2467900
2008-11-11,43.18998718261719,45.463525370802685,42.129002327692284,44.74898393205402,2422700
2008-11-12,40.84425354003906,43.096135976422566,40.72155334382976,42.8435219743536,3390100
2008-11-13,44.95106506347656,45.145939957214324,39.393533422611085,42.04959901219254,4112600
2008-11-14,42.915679931640625,45.63670474628403,42.915679931640625,44.409717027663184,2295900
2008-11-17,41.768123626708984,44.10662013880039,41.75368814013766,42.129002531129494,1891600
2008-11-18,41.522727966308594,42.417708906083476,40.16582519927475,41.587686282528445,2768100
2008-11-19,38.85942459106445,42.41768934867877,38.59959144598558,41.29896575473267,3744600
2008-11-20,34.500003814697266,39.57396030384478,34.21130250126843,38.058268083520765,4988700
2008-11-21,39.21308517456055,39.58118027758213,35.38776833138651,35.38776833138651,5253400
2008-11-24,40.53390884399414,42.078469748942396,38.260371182752465,39.65336364449445,4567300
2008-11-25,42.482643127441406,43.29822980111746,40.36789361950161,41.50105257386423,2969900
2008-11-26,42.85076141357422,42.865196900507215,39.739986941634626,40.78653358804475,2908800
2008-11-28,42.619781494140625,43.139447795552236,41.39279314541125,42.60534601318069,1115400
2008-12-01,37.24991989135742,41.63820581211946,37.228268038762344,41.63820581211946,3494300
2008-12-02,39.82658386230469,40.75765181012202,37.668527466195535,38.39028505303935,3202300
2008-12-03,39.386940002441406,39.93196222727558,37.94808166153436,37.94808166153436,2395200
2008-12-04,37.93353271484375,38.94363973687807,37.1777681903989,38.19514372500738,2706100
2008-12-05,40.55690002441406,40.66590274841679,36.203990272723715,37.66465061463459,3074500
2008-12-08,43.10035705566406,43.45643667791964,41.101942299996026,41.82863857478441,3075200
2008-12-09,41.38534927368164,43.1948212649425,40.738590097201815,41.80683162949251,2224000
2008-12-10,42.57712173461914,43.28928353187123,41.26906939737805,41.26906939737805,3744000
2008-12-11,40.5278434753418,43.383759486080095,40.055489882311,42.47538932419452,2688200
2008-12-12,40.53511047363281,40.71678451164246,38.93638115684855,39.94648836464207,2458100
2008-12-15,40.280765533447266,41.755957747263764,39.4814009225998,41.7486920059109,1676100
2008-12-16,42.6352653503418,42.82420791751081,40.28803692248034,40.70952205529886,3238300
2008-12-17,42.729732513427734,43.05674633112728,41.821362337665555,41.821362337665555,2984400
2008-12-18,41.828636169433594,43.52910546553816,41.537956567383226,42.824209232448,2356200
2008-12-19,41.959449768066406,43.44190826115653,41.67603585420379,42.04665255657132,3008700
2008-12-22,40.760379791259766,42.213771828356386,40.12088651874216,42.213771828356386,1869300
2008-12-23,40.615055084228516,41.86497358640578,40.324378232365525,41.857705071136564,1530000
2008-12-24,40.3897705078125,40.96385831913272,40.0409539408671,40.96385831913272,700400
2008-12-26,40.85486602783203,40.96386880730104,39.86655863673895,40.7531289914771,801300
2008-12-29,41.036529541015625,41.49434608682379,40.171759410237854,40.81125275267109,1270900
2008-12-30,42.6207275390625,42.68613029920105,41.09466405987159,41.26180383086441,1857200
2008-12-31,43.136688232421875,43.52910485807574,42.0829781548518,42.17018092539952,1793200
2009-01-02,45.36764144897461,45.781858038024765,42.7588021260815,43.43462977603193,2010300
2009-01-05,46.41408920288086,46.966377138994666,44.16859765571359,44.69181984833547,2970300
2009-01-06,48.25990295410156,48.768588135963846,46.97364742470988,47.05358445961005,2570700
2009-01-07,45.476646423339844,47.860208909607614,45.280438130073776,47.24978126025153,2168400
2009-01-08,45.91265869140625,46.50854925699141,44.93888583045297,45.353102375503006,2189000
2009-01-09,45.24409866333008,46.25420858647813,44.902553376113396,45.89812627225678,1958300
2009-01-12,44.24852752685547,45.18596621288844,43.65990542753887,45.02609217498725,2762300
2009-01-13,44.611881256103516,44.86622660067705,43.1875573061458,43.928787795726116,2776500
2009-01-14,43.681697845458984,44.2703198426439,43.013136071068026,43.7325663446694,3979100
2009-01-15,44.29212188720703,44.48106162803834,42.911398374217704,43.68169713449205,3763500
2009-01-16,45.30223846435547,45.44757824994352,44.19039423303968,44.95342464221965,2813500
2009-01-20,43.027671813964844,45.47663946189912,42.90413481792608,44.764474904041855,3446100
2009-01-21,44.24852752685547,44.40113305096527,42.33731590220992,43.100349067010484,3575200
2009-01-22,43.58723831176758,44.24853175150648,42.6352652793875,42.729736562814786,3095800
2009-01-23,43.63084030151367,44.277599472833955,41.86496832231563,43.07854963980408,2378000
2009-01-26,43.507301330566406,45.05516503456197,43.056750456416076,43.681709640758235,1939800
2009-01-27,43.136688232421875,44.32846959436967,42.904145662877234,43.754378913001176,2625100
2009-01-28,46.50856018066406,47.95468417139091,44.626416774967765,44.626416774967765,3802100
2009-01-29,45.847267150878906,46.72657173222952,44.32847185670669,44.32847185670669,4501600
2009-01-30,45.24409866333008,46.18153731208313,44.83715061522072,45.96352903314945,4500300
2009-02-02,44.8807487487793,45.193228285420794,43.86337589851965,44.34299520115826,3187900
2009-02-03,45.229583740234375,45.56386340846236,44.69182720132818,45.425789322622386,4490000
2009-02-04,47.17710494995117,47.46051595818904,45.78184990258772,45.854518396757555,4373300
2009-02-05,48.79765319824219,48.96479022719971,46.3486848949212,46.3486848949212,4257300
2009-02-06,50.59983825683594,50.716112272958185,48.528755856848086,48.97930935294642,3849800
2009-02-09,50.96319580078125,51.29021237428083,50.2219682138345,50.51264776441704,4449500
2009-02-10,49.32088088989258,51.10128464375773,49.04473274189922,50.280119803823496,6473600
2009-02-11,49.364471435546875,50.01123058835976,48.76858079326134,49.55341399361355,3744600
2009-02-12,49.9167594909668,49.96035948508419,47.59859703669839,48.49243572586585,3624600
2009-02-13,49.022911071777344,49.989418074059564,48.93570555659947,49.81501258795427,4352700
2009-02-17,47.18438720703125,48.21629453988013,47.118981662250846,47.3442612673252,5018500
2009-02-18,46.530372619628906,47.96196550746258,46.1234243834238,47.511411714339864,4623800
2009-02-19,45.716468811035156,47.99102923952137,45.483926192954485,46.60303650292023,3221400
2009-02-20,46.079795837402344,46.617552127343046,44.19038724012496,44.3284584899153,2810400
2009-02-23,43.260223388671875,46.74836732523055,43.15122062323315,46.74836732523055,3928300
2009-02-24,44.27032470703125,44.56100425342352,42.44631873119026,43.667168390636846,3519600
2009-02-25,43.085811614990234,44.517401019721696,42.72972931302622,44.40839827006987,2645400
2009-02-26,42.5262565612793,44.83715040586249,42.51172230646816,43.53636370758519,3330700
2009-02-27,41.2400016784668,42.72246231600727,41.145530413845215,41.57428120297333,4633500
2009-03-02,39.19071578979492,40.89118455317721,38.9945075356979,40.29529405056785,4026100
2009-03-03,40.15724563598633,40.78220504253645,39.17620651220549,39.51048622245838,3794500
2009-03-04,41.569976806640625,42.19949265185408,40.80870170115747,41.240578655966374,3692800
2009-03-05,40.09134292602539,41.15273561078232,39.674106244595194,40.47198043743038,3040200
2009-03-06,40.43539047241211,41.35770261176238,39.28615616716941,40.26702922576138,2578100
2009-03-09,39.51307678222656,40.46466941109677,39.05191930189268,39.05191930189268,3542400
2009-03-10,42.433738708496094,42.53621753193226,39.937636595780944,40.296312477807525,4433500
2009-03-11,43.956295013427734,44.35889166669252,42.777782728672605,42.865624130807475,3266000
2009-03-12,45.595943450927734,45.79358232430987,43.22427976267986,43.8098748732541,3136400
2009-03-13,46.884273529052734,47.1697510807972,45.347082630856605,45.91803773434552,3549900
2009-03-16,45.91072463989258,47.68947261046747,45.81556451353786,47.06727801336626,3351100
2009-03-17,46.95014572143555,46.95014572143555,44.988399446741916,45.96195386476505,2433600
2009-03-18,47.096534729003906,47.26489596158345,45.874104961553215,46.51826105768346,3036800
2009-03-19,47.17705535888672,48.384847709771535,47.00137819765796,47.784612289620014,2069900
2009-03-20,46.27670669555664,47.513779548856746,45.720389149412455,46.964783513559276,2530200
2009-03-23,48.80208969116211,48.80208969116212,45.38367547550686,46.69394677633191,2137800
2009-03-24,48.58248519897461,49.00703783648519,47.27221415202582,48.21648788702274,2211800
2009-03-25,49.69511413574219,50.14895280907948,48.19452293598357,49.08024133768108,2020100
2009-03-26,51.13715744018555,51.23231475419567,49.70244829490039,50.11968510967885,2127000
2009-03-27,50.00986862182617,51.203017756215665,49.47551013036226,50.47834469819231,2204000
2009-03-30,48.25309371948242,48.97777256006759,47.66017974507353,48.9411705878323,2507600
2009-03-31,49.25592041015625,49.995236566485445,48.17256587658448,49.124161150460715,2255600
2009-04-01,50.49299240112305,50.96878444633557,47.923689667466455,48.43608367831495,2888700
2009-04-02,50.061119079589844,52.359582082337326,49.856161448976934,52.26442477803179,3695100
2009-04-03,51.481178283691406,51.48117828369141,49.91471038610583,49.91471038610583,1979700
2009-04-06,50.800437927246094,50.99807405700245,49.81956203581043,50.924875697265904,1545400
2009-04-07,48.977783203125,50.27341176551675,48.758182491346965,49.88545534809657,1677300
2009-04-08,49.81224060058594,50.302675699730194,48.56052477340245,48.99972605260604,1405700
2009-04-09,50.734554290771484,51.81058746587316,50.36855691609346,51.00539435851685,1869100
2009-04-13,50.93950271606445,51.312821534441305,49.519436956672905,50.229472628706546,1482000
2009-04-14,50.11235809326172,50.69795610584601,49.621922968911385,50.30999979599645,1509500
2009-04-15,50.76384735107422,50.85901026630414,49.45357575434128,49.863496713307924,1448400
2009-04-16,50.76384735107422,51.53244426254331,50.45641082035783,51.23964517318946,2877300
2009-04-17,50.346595764160156,51.12982988831232,50.03915932320543,50.807756010268726,2064300
2009-04-20,47.78460693359375,49.790270588119384,47.67480662587934,49.73171526405726,2029800
2009-04-21,49.160770416259766,49.35840654281103,47.21366168771831,47.272222608428606,2750000
2009-04-22,50.317325592041016,51.49583777464238,48.23846285048185,48.480022496905704,3138100
2009-04-23,51.2615852355957,51.43726239059259,49.98791608868512,51.17374945043529,2768800
2009-04-24,53.120853424072266,53.43561135819939,51.44458494555117,51.57634421064337,2826900
2009-04-27,52.7182731628418,53.12087261402847,51.72276518156583,52.32300080944894,1593300
2009-04-28,52.315670013427734,53.03302180048285,51.18839733480678,51.79595436800044,1836900
2009-04-29,52.44742202758789,53.113534308883345,51.97894586050551,52.97445911172467,3076200
2009-04-30,54.61412048339844,55.63159258522251,53.38436926602227,53.838207952858724,3901100
2009-05-01,53.75769805908203,54.61413060544561,53.047662233836746,54.211531245354905,1846000
2009-05-04,56.619789123535156,56.81010930990159,54.17492949773934,54.972801042849206,2461000
2009-05-05,54.47504806518555,56.6124713991991,54.05781128022621,56.5173140919897,2335600
2009-05-06,55.11920166015625,55.41931657504596,54.5262821715367,54.694643405262305,2260000
2009-05-07,53.46487808227539,56.34161664396481,52.97444311555849,56.158618021935396,2598100
2009-05-08,53.552730560302734,54.797119214833394,53.21600811127942,54.20420534333861,2287300
2009-05-11,52.53523635864258,53.4136330016176,51.971603120089775,52.6743170836653,1891100
2009-05-12,53.09890365600586,53.41366164454201,52.05215086479746,52.959822856401445,1922400
2009-05-13,51.122493743896484,52.49864699274672,50.77846101635882,52.293689424111555,2702600
2009-05-14,51.99357986450195,52.25709838917127,51.08590804879436,51.12982594134722,1879100
2009-05-15,51.60564422607422,52.54991838632974,51.20304476774417,51.76668400940624,1783800
2009-05-18,53.08426284790039,53.172104238370714,51.78863445035796,52.26443220888683,2281200
2009-05-19,53.274559020996094,53.794274447830524,52.981760102936946,53.26723751225903,1444200
2009-05-20,53.03300476074219,54.70195708399812,52.84269019207978,53.64056159872513,1816400
2009-05-21,51.54707336425781,52.3010271277063,50.976118303963894,52.27906817687611,1877100
2009-05-22,52.044822692871094,52.70361904790519,51.386026337836995,52.008226308227016,1201400
2009-05-26,53.21601104736328,53.53076898341788,51.28354553729478,51.58366603699446,1467000
2009-05-27,51.39335632324219,53.4502600076091,51.378718883906174,53.04034469007252,2146300
2009-05-28,52.242469787597656,52.352264537546496,51.034677276067356,52.09606747987086,1713700
2009-05-29,53.58201599121094,53.58933750276545,52.00823167228689,52.791465868310155,1915900
2009-06-01,55.86583709716797,56.1439930817291,53.58201154842273,53.94069298405273,1953100
2009-06-02,56.19525146484375,56.341653809846726,55.14118250421449,55.734096643610854,2572800
2009-06-03,54.885459899902344,55.88618737849286,54.208498844952125,55.88618737849286,2097400
2009-06-04,55.930328369140625,56.290882778436504,54.81922571233359,55.201854079392824,1887100
2009-06-05,55.819950103759766,56.71766176627301,55.334300602167005,56.12163686759772,1846700
2009-06-08,55.4962043762207,56.0333618473859,54.56906416988383,55.363754973325726,1128300
2009-06-09,55.989200592041016,56.23202539955728,55.18715003948555,55.65072007880343,1264200
2009-06-10,54.82660675048828,56.6514590736445,54.04662438665673,56.6514590736445,1958600
2009-06-11,55.85674285888672,56.621999541221534,55.1871362444365,55.28279192624691,1565000
2009-06-12,54.9958381652832,55.687518973687524,54.105486068256226,55.687518973687524,1644500
2009-06-15,53.3622932434082,54.34830659089279,52.81042173506358,54.20849734565542,1708400
2009-06-16,52.4425163269043,54.12756495967776,52.4425163269043,53.78172452399161,1941900
2009-06-17,52.58964538574219,53.50943068879792,51.41967556101484,52.1996573154744,2491600
2009-06-18,53.42116928100586,54.046622632644784,52.38365360149719,52.597044625266356,1493500
2009-06-19,53.08266830444336,53.965660271574215,52.501363107410576,53.21511766090559,1991800
2009-06-22,50.831024169921875,52.44248445177914,50.72064879375841,52.09664984022335,2131000
2009-06-23,51.33139419555664,51.64044079692346,50.01426059762601,50.661787612002996,2246100
2009-06-24,51.265174865722656,52.21439438990127,50.88254648138217,51.67724268031215,1857300
2009-06-25,52.24382400512695,52.45721494586127,50.85310857579469,51.221022829351924,2078000
2009-06-26,53.11211013793945,53.281353191055324,51.77290227102581,52.09666866102478,2301400
2009-06-29,53.215152740478516,53.553633404803584,52.788370575661375,53.21515274047852,1593200
2009-06-30,52.29534149169922,53.43587813519035,52.089310369658065,53.03852999385654,2257700
2009-07-01,52.170249938964844,53.17833154884669,52.06723438195395,52.751555218627345,1662900
2009-07-02,51.625732421875,51.74346206757567,50.661793228940276,51.30196607182735,1811500
2009-07-06,51.802330017089844,52.12609075520943,50.477836407744526,50.477836407744526,2480700
2009-07-07,49.550697326660156,51.6993211961898,49.44032752312987,51.58894577873257,2914100
2009-07-08,50.40425109863281,50.65443008823361,49.764078297242726,49.800871966972636,2753800
2009-07-09,51.1032829284668,51.55949858242314,50.29387276699789,51.132716739747096,1737600
2009-07-10,50.94143295288086,51.206326169892286,50.051075118154166,50.47785719177169,2090700
2009-07-13,52.2806282043457,52.36156980554242,50.30124732514301,50.99292805757785,2024700
2009-07-14,52.48664474487305,52.51607855657722,51.640440903636225,52.265893964054555,1488100
2009-07-15,53.178321838378906,53.68604528659756,52.63381033447496,53.2077556512826,2837400
2009-07-16,53.03852844238281,53.85529866224467,52.494011219857,53.22983984215223,2777100
2009-07-17,52.35420608520508,52.8840035761662,52.052513664102946,52.5455230933692,2113300
2009-07-20,52.670623779296875,53.200421382624626,52.01573663460782,52.619115990858226,1943800
2009-07-21,53.98038864135742,54.08340420024373,52.825137919052146,53.332861469225335,2058500
2009-07-22,54.4954833984375,54.81924989224484,53.391740112016464,53.391740112016464,1807200
2009-07-23,56.1290283203125,56.63675206434181,54.20116017027248,54.650010640267794,2675600
2009-07-24,56.14373016357422,56.23202601168514,55.25337252632236,55.91561945679069,1247500
2009-07-27,56.67350769042969,56.7691689868072,55.945039059018725,56.106922224649125,1644100
2009-07-28,56.2172966003418,56.65879256245892,55.51090193816924,56.305592424409774,1593600
2009-07-29,54.09075927734375,54.66470465867268,51.53743326364971,51.55214736479278,5341300
2009-07-30,55.650718688964844,55.92297731004063,54.44396015402024,55.30488393971991,4070300
2009-07-31,57.527076721191406,58.4983701903611,55.46675451923078,55.739013105910104,3382500
2009-08-03,57.56386184692383,58.402705826923274,55.47410613936474,56.42332550913791,3128300
2009-08-04,57.51239013671875,58.491038317649355,55.79054757297262,57.00466639380544,2772600
2009-08-05,57.438758850097656,57.600641984326664,56.55576708111639,57.600641984326664,1402300
2009-08-06,57.254817962646484,58.13045573794024,56.953131174893805,57.60801813852358,1431700
2009-08-07,57.578609466552734,58.27764465220454,56.5852416081264,57.828788589357366,1556900
2009-08-10,56.71031188964844,57.328410853731896,56.246741877031006,57.21067557907718,1006900
2009-08-11,56.49692153930664,56.835402036790214,55.90090214307762,56.408625696266455,1045900
2009-08-12,57.32105255126953,57.82877049869843,56.099574306247156,56.136367984057046,1236600
2009-08-13,57.15180587768555,58.09366558519998,56.798611294330975,57.79933863704673,1371200
2009-08-14,55.8493766784668,57.122356666570276,55.03260670541594,56.88689180314549,2881200
2009-08-17,55.09149932861328,55.49620176390537,54.44396644986159,54.44396644986159,1710100
2009-08-18,55.67279052734375,55.99655127035986,55.07676558716103,55.194500849295096,1241900
2009-08-19,56.739742279052734,57.085582610040305,54.43660084360529,54.97375256345388,1318900
2009-08-20,56.54841613769531,56.98255784917716,56.033338460268354,56.98255784917716,1294700
2009-08-21,57.76255416870117,58.27763202399754,56.997291630884014,57.24011645434984,1951200
2009-08-24,56.99727249145508,58.42478151667898,56.81331537434584,58.16724267551119,1717100
2009-08-25,57.012001037597656,57.83612545701772,56.71766848183624,57.33576179640129,1176500
2009-08-26,56.93108367919922,57.58597094723346,56.364492285731146,56.835422329847255,1058300
2009-08-27,56.48957443237305,57.063525611325986,56.00393034424759,56.276189020907516,1177000
2009-08-28,56.364471435546875,57.1591676962444,55.84939364468378,56.97521054037517,1297300
2009-08-31,56.37916946411133,56.49689907933792,55.56975379850786,55.91559401673394,1459600
2009-09-01,55.53300476074219,56.533732455822005,55.4888568257597,55.99657491984425,2728800
2009-09-02,55.48122024536133,55.60697632339551,54.78585381225683,55.533002491836676,2691400
2009-09-03,56.302330017089844,56.361511326482706,55.48860676637898,56.00642911396581,1817600
2009-09-04,56.657405853271484,56.66480492781001,55.81409195876697,56.24314798055775,1074500
2009-09-08,56.5908317565918,57.530311055404965,56.10259442062885,57.530311055404965,1951200
2009-09-09,56.95330810546875,57.10865481142658,56.36890536752811,56.70179600358664,1397700
2009-09-10,57.374961853027344,57.43414315975014,55.99902751284241,56.66480310387384,1527300
2009-09-11,57.153011322021484,57.700424020919904,56.86450965342386,57.61905117656291,1499100
2009-09-14,57.5894889831543,57.64127121479099,56.30232662258498,56.54644527623225,957200
2009-09-15,58.12208938598633,58.284835098909824,56.96808253992955,57.641251318849996,1590500
2009-09-16,59.09117889404297,59.35748912438463,57.7522343120429,58.44760054058389,2394900
2009-09-17,59.14296340942383,59.66819046009998,58.71391303849422,59.05419709177501,2133700
2009-09-18,59.95669174194336,60.32656644573366,58.94323302177551,59.431464695981866,2493900
2009-09-21,60.1786003112793,60.289563827459574,59.10596615716066,59.68296966869145,1767500
2009-09-22,60.54106140136719,60.84436123021942,60.00104773883949,60.6742164602081,1490800
2009-09-23,59.34270477294922,60.81480467236929,59.2391402962367,60.489313091935244,1779400
2009-09-24,58.83228302001953,59.89012514203798,58.588164304821106,59.60162325820035,1378500
2009-09-25,58.86923599243164,59.70515046154018,58.55854271830329,58.72868185439545,1779600
2009-09-28,59.586814880371094,60.119429693716185,58.95062996138236,59.04679534910303,1340900
2009-09-29,59.91969680786133,60.35614621136941,59.416667028659035,59.631195015478795,1450400
2009-09-30,60.43010711669922,60.83696574436234,59.47583007940972,60.11201477093605,2095800
2009-10-01,58.432796478271484,60.50409680599244,58.403205828579544,60.50409680599244,3187100
2009-10-02,58.59555435180664,59.032009470256654,57.034682531642254,57.55990397369256,1923100
2009-10-05,58.521568298339844,59.34269048300316,58.35142347394611,58.86185230328799,1919700
2009-10-06,59.845726013183594,60.08244558919777,58.943230865929564,59.1133757067397,1649600
2009-10-07,59.7199821472168,60.28958680304756,59.51284753761912,59.6460026790114,1603200
2009-10-08,60.25999069213867,60.659456080171395,59.74216832460025,60.3783533154849,2503500
2009-10-09,60.91835021972656,60.94794086728401,59.8900992034206,60.304356981547045,1366600
2009-10-12,61.25125503540039,61.58414002122225,60.8739812459861,61.08850925785539,1261200
2009-10-13,61.221675872802734,61.4509964330215,60.65946462043533,61.110712308753186,1195400
2009-10-14,62.09458541870117,62.13896859023626,61.38442645493091,61.9540311837177,1354000
2009-10-15,62.072364807128906,62.09455638251939,61.273434230036514,61.79865554168824,1574200
2009-10-16,62.20552062988281,63.056233517953466,61.606325457620045,62.020583290903964,1518300
2009-10-19,62.58278274536133,62.752927548875505,61.97618861205121,62.21290813617617,1212100
2009-10-20,61.84304428100586,62.57539455426756,61.39919580156967,62.56800112436202,1273900
2009-10-21,61.3326301574707,62.575403826506744,61.221666610209496,61.480577791258675,1865100
2009-10-22,62.5014533996582,62.80475349942075,60.65947814362171,61.332653110113654,1824100
2009-10-23,61.16249465942383,62.76035079546242,60.9183759468575,62.64199379908687,1429200
2009-10-26,60.77781295776367,62.220322019422,60.53369430307073,61.058915695875555,1397200
2009-10-27,60.311744689941406,61.41396929553095,60.26736154888775,60.785183673973336,1670600
2009-10-28,59.09858322143555,59.91230648921568,56.8423451371066,59.54983083830134,3513900
2009-10-29,60.91835021972656,61.413980867676266,59.39446855547089,60.104627165332914,2333700
2009-10-30,58.76569747924805,60.62246451512635,58.67692551442441,60.56328884908427,2060700
2009-11-02,59.2391357421875,60.23039726990082,58.255267645213344,59.290917976562966,1506700
2009-11-03,59.276092529296875,59.48322701524845,58.57333315157643,58.69169007113967,1494700
2009-11-04,58.66952896118164,59.95669710916178,58.52898039897093,59.719977503298864,1230600
2009-11-05,60.067630767822266,60.11941298433197,58.87663414426069,58.87663414426069,1024600
2009-11-06,60.44490432739258,60.56326690426931,59.35747213865039,59.60898979259429,1054500
2009-11-09,61.86524200439453,61.880040153354976,60.607670247085444,60.918363649172605,1371900
2009-11-10,61.709877014160156,61.798648950092606,61.155065113219,61.77645737706912,1237200
2009-11-11,61.4805793762207,61.98360924544449,60.984948582029205,61.93182700789971,1206300
2009-11-12,60.99974822998047,61.79867911178616,60.80741176350697,61.47318749834504,1420000
2009-11-13,61.78387451171875,62.05018477785966,60.7704213291987,60.99234278842234,1092400
2009-11-16,62.67156982421875,62.856507173490485,62.12415685064963,62.20552409199639,1102700
2009-11-17,62.79731750488281,62.82690815408669,61.865231808398,62.035376630360496,1075000
2009-11-18,62.05018997192383,62.85651991296872,61.75429466819032,62.70117318535629,1100900
2009-11-19,60.9257698059082,61.96142024376041,60.6298688745446,61.42879969607408,1511700
2009-11-20,61.11070251464844,61.28084172759402,60.467118461380196,60.51890069712543,1285700
2009-11-23,61.7394905090332,62.501431565303186,61.39920642777867,61.68770827153448,764900
2009-11-24,61.2364616394043,61.81346533633043,60.8665868958526,61.5841448013574,1179700
2009-11-25,61.473167419433594,61.54714122273334,60.955345152495944,61.073702109007655,1084100
2009-11-27,60.296966552734375,60.970135475684735,59.56461068788521,59.838319958531386,728200
2009-11-30,60.68162536621094,61.01451588918536,59.734747302693236,60.43750677813072,1261100
2009-12-01,61.39920425415039,61.59154069112545,61.0293295297278,61.369613598935736,891600
2009-12-02,61.19207000732422,61.79866427704371,60.77041308378554,61.34741670085532,1234000
2009-12-03,61.29615783691406,62.00233818111899,60.82041803532575,61.19209010977073,1744900
2009-12-04,61.310970306396484,63.9795705720872,60.69399388124008,62.23271459727105,2609700
2009-12-07,61.24409866333008,61.7495727025314,60.9095962030739,61.273833097549385,1168300
2009-12-08,60.32235336303711,60.96905887007725,60.240585087460914,60.89472562080709,1845100
2009-12-09,61.33329772949219,61.407630974274284,59.8614745292492,60.381818585249995,1646600
2009-12-10,61.013671875,62.158422221626275,60.72376819248745,61.75701581400946,1251200
2009-12-11,60.47101593017578,61.46709955368042,60.084479656342786,61.44480014747546,1391500
2009-12-14,60.96906661987305,60.99880105761335,60.210858306919896,60.81296507518458,1129800
2009-12-15,60.68658447265625,61.407628831535106,60.36694642710983,60.515618582749354,1675700
2009-12-16,60.82040786743164,61.39278027103133,60.448735855122415,61.035978315122776,1343300
2009-12-17,60.04730987548828,60.5825183065804,59.86147392976258,60.39668236085469,1387900
2009-12-18,59.67563247680664,60.55277828653414,59.30396061965536,60.49330942828695,2117200
2009-12-21,59.46007537841797,60.07705215997493,59.02894023814091,59.66078140194312,2051900
2009-12-22,59.21477127075195,60.04731271739718,59.118132944792585,59.62360696794001,1933100
2009-12-23,59.22965621948242,59.36345838005133,58.85054915265966,59.207356804598476,1751800
2009-12-24,59.34115219116211,59.534417545604526,59.24451384267632,59.31141775095607,722500
2009-12-28,59.99530029296875,60.091932982158966,59.341159541207105,59.4675266742863,1387800
2009-12-29,60.173683166503906,60.44872243621258,59.83918069818718,59.83918069818718,714900
2009-12-30,60.41156768798828,60.73864088067755,59.868929714224684,59.92096357021934,1141600
2009-12-31,59.69794845581055,60.60482894645461,59.69051909991376,60.54536007169604,1003400
2010-01-04,60.62712478637695,60.790661346700425,60.099351314318994,60.14395580339321,1233000
2010-01-05,59.49724578857422,60.50819393526521,59.192472070686804,60.4115555997088,2170900
2010-01-06,60.0250244140625,60.2034253754506,59.467516447368425,59.4898158586339,2359700
2010-01-07,60.18113327026367,60.381839338547564,59.90609393164926,60.03246672960264,2105100
2010-01-08,60.57508850097656,60.634557369836756,59.913512930881495,59.99528120774839,1424900
2010-01-11,61.1474723815918,61.229240666405246,60.515631184522064,61.206935584967376,1343000
2010-01-12,60.493316650390625,60.812954712551786,59.987842637467466,60.47101724370129,1171200
2010-01-13,61.563751220703125,61.65295454433993,60.39670134162931,60.790672762978495,1257800
2010-01-14,60.218292236328125,61.600912374092644,60.12165389761795,61.600912374092644,1401500
2010-01-15,60.18113327026367,60.54537026476871,59.735127977015566,60.03246672960264,1788900
2010-01-19,60.27033615112305,60.60483870076592,59.913528516407695,60.01759622835281,1598500
2010-01-20,60.0250244140625,60.233159814226006,59.52698532491923,59.77229019136806,1456100
2010-01-21,59.095848083496094,60.671739407377935,59.08098369883154,60.01759305684432,1672400
2010-01-22,58.15922927856445,59.683086650295664,57.90649505682171,58.887708847657805,2019200
2010-01-25,59.04378890991211,59.534392791156904,58.67955209355104,58.91742184502838,1885800
2010-01-26,58.47142791748047,59.3188394231312,58.315320723730274,58.67956328079632,1939100
2010-01-27,57.06650161743164,58.3747883068378,55.52778016246023,57.57197563347972,6430200
2010-01-28,56.60563659667969,57.58685027410234,56.39750122135725,57.35641549017588,2827800
2010-01-29,55.98866271972656,57.185446860947444,55.87715999968001,57.08881419491453,3075600
2010-02-01,57.09623336791992,57.09623336791992,56.330590189419034,56.50156175250062,2450400
2010-02-02,57.41586685180664,57.68347104240968,56.62792433017684,57.08879947427373,1888000
2010-02-03,57.155731201171875,57.77270820635871,56.98476522269627,57.259798928400286,1658200
2010-02-04,55.446022033691406,56.87324671563562,55.41629326665843,56.62794185313194,2506800
2010-02-05,55.01488494873047,56.19679905592024,54.345874288404175,55.73592945645636,4520300
2010-02-08,55.11151123046875,56.620498301470505,55.00000852145717,55.104076204197746,2498700
2010-02-09,55.89202880859375,56.32316395389806,54.895945048635156,55.780526091031135,2950700
2010-02-10,55.91434097290039,56.553617316741565,55.393996729329736,55.80283822990203,2379200
2010-02-11,56.66509246826172,56.73199067872747,55.765641604965055,55.780511654799,1680000
2010-02-12,57.185447692871094,57.30437977039074,55.46832506147114,55.86973145671996,3320000
2010-02-16,57.921363830566406,57.980832712400606,57.3935902646335,57.78756168207182,1770100
2010-02-17,58.01055908203125,58.56063198430153,57.53481943607902,58.0848923383493,1933200
2010-02-18,57.7652473449707,58.34505461489335,57.542247602603744,57.82471621144053,2129900
2010-02-19,57.40101623535156,57.80242261749727,57.14084700746003,57.59428723518405,2765400
2010-02-22,57.16315841674805,57.742965866697354,57.044220646878955,57.57942926875985,2019000
2010-02-23,56.61309814453125,57.12600179649196,56.41239203054404,56.96990019187207,1756300
2010-02-24,56.49413299560547,57.17057862604882,56.211664372282314,56.821206106700146,2892400
2010-02-25,55.758235931396484,56.09273846831052,55.02975630423659,55.77310031628089,3189800
2010-02-26,55.854854583740234,56.12245881457038,55.38655001541914,55.80282074281567,1571000
2010-03-01,56.53874206542969,56.590775917879874,55.68390101392873,56.10017183353021,1911500
2010-03-02,57.215187072753906,57.34898921606237,56.71714796704193,57.07394990168817,1983500
2010-03-03,57.274993896484375,58.05261853454871,57.245084598333975,57.57408117337302,1710700
2010-03-04,57.76846694946289,57.91800767914279,57.30488156007414,57.47685853335788,2547700
2010-03-05,59.062042236328125,59.084472787255926,57.888129199304714,58.17226472336677,2215000
2010-03-08,59.24149703979492,59.81723542068796,59.054568179105274,59.11438107901772,2471500
2010-03-09,59.24149703979492,59.443377699308655,58.882591117239706,59.07699872964945,1584900
2010-03-10,59.07698440551758,59.510654921659174,58.43394882428986,58.94986847556161,1712800
2010-03-11,59.45085906982422,59.45085906982422,58.381625711395316,58.76295649667613,1223700
2010-03-12,59.51065444946289,59.7947898975179,59.293822045419944,59.64524342364298,916500
2010-03-15,59.62284469604492,59.742481938988476,59.19664700113956,59.53312246845499,1280000
2010-03-16,60.25837326049805,60.265852010786745,59.49570616488667,59.66768319383655,1965300
2010-03-17,61.34257888793945,61.36500943968281,60.36307343103695,60.49766244611349,2223700
2010-03-18,61.40986633300781,61.57436464066988,61.006099315459835,61.006099315459835,2047800
2010-03-19,61.02853775024414,62.22488134240754,60.73692917792357,61.02853775024415,2463600
2010-03-22,61.36499786376953,61.43229521092101,60.63971306959821,60.98366144221872,990200
2010-03-23,61.81363296508789,61.81363296508788,60.976195338017455,61.46220580174969,1429600
2010-03-24,61.522010803222656,61.79118875373071,60.99113365211366,61.63416923337013,1313000
2010-03-25,60.834129333496094,61.87345335032255,60.75188017780915,61.79868294641155,1251100
2010-03-26,60.99861526489258,61.47715259834076,60.617278866339646,60.953748467958995,1523500
2010-03-29,61.19300842285156,61.529483681183116,60.57240915054205,61.178056629078995,1310300
2010-03-30,61.88093566894531,61.92579677295449,61.193033081311114,61.35005835457622,1691900
2010-03-31,62.06037521362305,62.277213353742574,61.73137862797748,61.73137862797748,1879400
2010-04-01,62.673465728759766,62.718326799459184,62.12015827322205,62.48653699469587,1639600
2010-04-05,62.77069854736328,63.00249417464994,62.43422893673591,62.748268000603474,2207300
2010-04-06,63.00996780395508,63.12212624340782,62.27720998147888,62.30711927897396,1399900
2010-04-07,63.1370849609375,63.36887489022129,62.38189087232812,62.725839243225636,2023700
2010-04-08,63.17449188232422,63.3763782966934,62.905313799576994,62.94270186286537,1212200
2010-04-09,63.5184211730957,63.7352593244175,63.15204222309064,63.22681262243227,2555800
2010-04-12,63.54834747314453,63.84743485513371,63.36141857247846,63.660505954467645,2661000
2010-04-13,63.51093673706055,63.66047750892687,63.27166807930557,63.36139026057945,1411100
2010-04-14,64.21378326416016,64.28855935244177,63.39877638434507,63.60065699070742,1635700
2010-04-15,65.52978515625,65.67932597256092,64.04183292687543,64.19885249538683,2284500
2010-04-16,64.90917205810547,65.79895520971388,64.64747280898999,65.34284835927728,2213600
2010-04-19,65.14842987060547,65.15590862064917,64.05676625343276,64.468011936614,1517200
2010-04-20,65.90362548828125,65.90362548828125,64.89421098335357,65.48490674955332,1763200
2010-04-21,65.46995544433594,65.90363172455024,65.07366721416669,65.90363172455024,1643500
2010-04-22,65.58211517333984,65.64941252381487,64.236230914611,64.91664894274608,1793700
2010-04-23,65.9634017944336,66.00826285779159,65.04371006331546,65.69422400506299,1277000
2010-04-26,66.00084686279297,66.54668170591782,65.843827287142,66.09805353196981,1304700
2010-04-27,64.61009979248047,65.92607497939915,64.61009979248047,65.82887401700911,1674600
2010-04-28,63.06229019165039,64.75212795234623,61.3201183055942,62.63609280340118,4587400
2010-04-29,63.03988265991211,64.25866239568627,62.770704663337185,62.770704663337185,3493500
2010-04-30,62.63610076904297,63.42120402311059,62.56880913821027,63.21184467658972,2218800
2010-05-03,62.81556701660156,63.10717554146708,62.54638903909258,62.98006530336986,1480500
2010-05-04,61.43980026245117,62.19499474824223,60.9388320916649,62.03049637464237,2177600
2010-05-05,61.237884521484375,61.596784672720084,60.57241835747874,61.073386241911734,2035100
2010-05-06,59.3237419128418,61.90336367498826,56.93853347238324,60.95376184532825,3363800
2010-05-07,58.97978591918945,60.168656315569656,58.32927720279576,59.21905460773039,3332700
2010-05-10,60.78926086425781,61.14816104137743,59.615347980826364,60.95375345107862,2978000
2010-05-11,60.10887145996094,60.707046369412154,59.95933058490749,60.161211336691515,1458500
2010-05-12,61.125728607177734,61.155637905117345,60.078925997752556,60.385492023172084,1243800
2010-05-13,60.19856643676758,61.01357345727806,60.04901993900263,60.893941963681705,1417100
2010-05-14,58.24701690673828,59.95928544884936,57.78343141565981,59.73496860051136,3078100
2010-05-17,58.381614685058594,59.00969282780379,57.03572480115418,58.508724922811986,3298200
2010-05-18,58.164791107177734,59.7499500665598,58.104972496344445,58.86016677041884,3089900
2010-05-19,57.23014450073242,57.81336167234993,56.32540943904162,57.76102181604109,3473800
2010-05-20,55.53281021118164,56.77402028906566,55.50290662064819,56.11603290964946,3900500
2010-05-21,57.64886474609375,57.67129529868078,54.358915357402914,55.09915782047458,5360900
2010-05-24,56.80393600463867,57.626421748026374,56.519800520922914,57.13293258383992,2913600
2010-05-25,57.04319381713867,57.1030124027962,55.18885759405541,55.18885759405541,2769400
2010-05-26,57.461917877197266,58.164772062817576,57.080581488763386,57.5740763096325,3165500
2010-05-27,59.00221633911133,59.009689384697054,57.79091551427453,58.53115205492288,2222000
2010-05-28,58.02268981933594,59.00220046597227,57.7609906788657,59.00220046597227,2809100
2010-06-01,57.01329040527344,58.24702176480234,57.01329040527344,57.60398616419006,1909000
2010-06-02,58.35170364379883,58.39656473705027,56.811411926271504,57.51426044054289,2122500
2010-06-03,57.494361877441406,58.44194881895337,56.99048851288595,58.329139893442374,3228900
2010-06-04,55.742095947265625,56.77992563502201,55.651847642273225,56.5543077413917,3909700
2010-06-07,55.832332611083984,56.71975410105558,55.72704580190945,55.96770218540849,3744200
2010-06-08,57.103302001953125,57.201066685102276,55.5315105196735,55.862415197564104,2843000
2010-06-09,57.231136322021484,58.17872312189727,56.98295787053269,57.62972282657653,2161600
2010-06-10,58.39683532714844,58.98343493274916,57.92303892439318,58.08097488377898,2333400
2010-06-11,58.49461364746094,58.53973493911447,57.735039390979495,57.735039390979495,1470200
2010-06-14,58.284034729003906,59.14137361954988,58.21635279760906,58.84055164760174,2204400
2010-06-15,59.63772964477539,59.660290288161654,58.344199205413034,58.66758181525362,2778100
2010-06-16,60.23183822631836,60.36720780751169,59.10376029560763,59.10376029560763,1927900
2010-06-17,60.720680236816406,60.75828513397994,59.53995876092324,60.54018935337525,2112400
2010-06-18,61.044063568115234,61.45017236394989,60.75828585446943,60.90869396950368,2069800
2010-06-21,61.5404167175293,62.62336769906833,61.14934646326961,61.65322566540042,2150200
2010-06-22,60.57779312133789,61.999170994557964,60.56274886767222,61.487775386255926,1776000
2010-06-23,60.31458282470703,60.946309642484835,59.487326570355236,60.54020077484971,2269200
2010-06-24,59.48727798461914,60.758246972810845,59.40455185297956,60.0813994128952,2435700
2010-06-25,59.75050735473633,60.16413809924839,59.00597775231394,59.75050735473633,2239200
2010-06-28,59.67530822753906,60.14158240164973,59.2917602091206,59.9535694546583,1151600
2010-06-29,58.186248779296875,59.19399541897623,57.862866281637125,59.028543107936386,1706000
2010-06-30,57.14841842651367,58.63748361283989,57.04313162661892,58.216336413260876,1917000
2010-07-01,57.73500442504883,58.088469629472854,56.93030936425965,56.945353610834545,2202400
2010-07-02,57.81772994995117,58.1711951505961,57.28377395622971,57.88541758341667,1478800
2010-07-06,58.253944396972656,58.65253101954612,57.55453584149621,58.38931397989394,1572700
2010-07-07,60.096473693847656,60.126550722478186,58.32163064419445,58.41187320548804,1672600
2010-07-08,60.97637939453125,60.97637939453126,60.20928311805092,60.60786977216057,1690800
2010-07-09,61.16436767578125,61.51783290169958,60.7131377919767,60.95379411251908,1476700
2010-07-12,61.29222869873047,61.48024167019897,60.72066765891008,60.96132403288174,1239700
2010-07-13,62.7888069152832,63.07459028843302,61.555442348837296,61.75849956004377,1926500
2010-07-14,62.29243469238281,62.56317372430126,60.96130016250075,61.16435730528873,2610400
2010-07-15,62.27742004394531,62.53312069014136,61.43512553341957,62.4127896242371,1602700
2010-07-16,60.88614273071289,61.954055430434465,60.68309117028238,61.954055430434465,2026900
2010-07-19,60.938777923583984,61.27720479553658,60.41986016254449,61.156873711010704,1396700
2010-07-20,62.006690979003906,62.096939293125914,60.23184763185142,60.34465659007844,1731300
2010-07-21,61.93899917602539,62.608324953752124,61.337355319827836,62.39022919932304,1976900
2010-07-22,63.4205322265625,64.19514469374333,62.47294531382375,62.67599678341771,2167000
2010-07-23,64.21768951416016,64.2477722684871,63.074573538229636,63.38291172910812,1373600
2010-07-26,64.41325378417969,64.66894870546493,63.97706225500935,64.03722779097104,1324100
2010-07-27,64.54859924316406,64.96974636206974,64.26281592302163,64.87198170595212,1358600
2010-07-28,64.88703918457031,65.21794386770395,63.93945215231543,63.93945215231543,1799100
2010-07-29,64.53355407714844,65.6165103534292,64.24025437527224,65.39089254997101,2140800
2010-07-30,65.29314422607422,65.73685782046856,63.78904046068417,63.80407897374984,2005100
2010-08-02,66.0827865600586,66.36856414747314,65.87220725924341,65.98501616454101,2507400
2010-08-03,66.03015899658203,66.33849729142435,65.6616494350989,65.69925432511167,1293600
2010-08-04,66.51895904541016,66.63176792840568,65.93988186132377,66.27078638805779,1213700
2010-08-05,66.60171508789062,66.66940274316568,66.03015976937156,66.21065062060387,1253700
2010-08-06,66.00007629394531,66.63931926085688,65.23298014349092,65.99255416839559,1203400
2010-08-09,66.76718139648438,66.84990758263048,66.18810383116357,66.18810383116357,1100900
2010-08-10,66.69947814941406,66.9326123789396,65.81957315411752,66.18808267925797,1546100
2010-08-11,65.32323455810547,65.94743907010937,64.99985198157223,65.45108201592761,1843700
2010-08-12,65.66165924072266,65.86471649679429,64.52606483532038,64.9848170210212,1871900
2010-08-13,65.64659118652344,65.8646868600905,65.18783920724427,65.39841275753,1514900
2010-08-16,66.16553497314453,66.6242813970466,64.66894741880546,65.26306916477857,1622500
2010-08-17,67.0378646850586,67.48909440005501,66.48887034875038,66.88745669262549,1823100
2010-08-18,67.00028228759766,67.35374749982185,66.63177856616562,66.94012251306725,1555800
2010-08-19,66.2633056640625,66.76717915351483,65.81207558787082,66.72205786720619,2283500
2010-08-20,66.44377899169922,66.53402727817348,65.63156162653144,65.63156162653144,1584500
2010-08-23,65.79701232910156,66.91005155073809,65.75189105582578,66.69195583373836,1251000
2010-08-24,64.81181335449219,65.97749574174773,64.26281310907339,64.26281310907339,2430800
2010-08-25,64.62382507324219,64.96224615974769,63.56342905684303,64.45837272421244,1834200
2010-08-26,64.36060333251953,65.4285156593364,64.23275588586554,64.90959800942227,1187100
2010-08-27,65.63909149169922,65.63909149169922,64.11994911862884,64.75166998534101,1766900
2010-08-30,64.63134765625,65.80454688464327,64.63134765625,65.48116431044498,1152600
2010-08-31,64.69902038574219,65.00736440142788,64.0146561789891,64.30043381928046,1631100
2010-09-01,65.50373077392578,66.74461777302086,65.08258347249294,65.5638963134738,2879300
2010-09-02,65.12574005126953,65.60955239189607,64.4378159549892,65.60955239189607,3778600
2010-09-03,65.9497299194336,66.02532451505635,65.29205059326789,65.70782375294202,1535000
2010-09-07,65.33740234375,65.9346094186949,65.20132977265499,65.6322252865396,1181000
2010-09-08,65.45079803466797,65.88169355461217,65.34496445204992,65.49615363650493,1420700
2010-09-09,65.4432601928711,66.16141772649026,65.38278219051375,66.070706490454,1500900
2010-09-10,65.35254669189453,65.69273114776186,65.30719107144557,65.48106389566667,1011600
2010-09-13,66.0404281616211,66.19161730998022,65.63977172772273,65.81363867158609,1256700
2010-09-14,66.43354034423828,66.87955825034801,65.93461141346053,66.04044499779211,1362400
2010-09-15,66.67546081542969,66.72082219523544,65.88170876256684,66.23700977230027,1327600
2010-09-16,67.31046295166016,67.37849636479005,66.38063259972832,66.58474437411513,1285600
2010-09-17,66.7964096069336,67.23486637031395,66.72837042830639,67.18950499539633,1716200
2010-09-20,66.99297332763672,67.16684036851862,66.66791128653192,67.02321232768129,1600000
2010-09-21,66.58474731445312,67.07612091180694,66.25968531320356,66.9551649264588,1852200
2010-09-22,66.56206512451172,66.73593213262318,66.18408634644521,66.46378695101542,1446800
2010-09-23,66.54695892333984,66.90225998390747,65.67005094411962,66.39576968235355,1486200
2010-09-24,68.10420227050781,68.10420227050781,66.84931593267028,67.0534219015815,1672400
2010-09-27,67.89253997802734,68.41415248901252,67.77158977935562,67.77158977935562,1250800
2010-09-28,68.36122131347656,68.58044963041311,66.95514022381226,68.0361594321564,1407900
2010-09-29,67.83212280273438,68.22521847675526,67.66581109805156,68.17230164049278,918800
2010-09-30,68.23272705078125,68.79213399806383,67.6279587306122,68.02861529153749,1523900
2010-10-01,67.77157592773438,68.78455598362457,67.62038100092461,68.68628360682077,1727500
2010-10-04,67.31046295166016,67.88499232169526,67.00807876914175,67.49945234479684,1040300
2010-10-05,68.9357681274414,68.95844593025258,67.96058223407421,67.96814342417731,1606800
2010-10-06,68.9281997680664,69.31373967825041,68.49730425697756,68.82992737694003,972000
2010-10-07,68.19493103027344,69.1550003645778,67.96814722199179,69.13987798352659,1027300
2010-10-08,68.5048828125,68.77702802191396,68.24029302682045,68.42172701142911,989300
2010-10-11,68.37635040283203,68.79212931558467,68.22516121682985,68.5124229772331,799800
2010-10-12,68.6863021850586,68.79213577870289,67.52968807773287,67.83962766840594,893200
2010-10-13,69.47250366210938,69.49518146700554,68.65606808085529,68.73922387714036,1860600
2010-10-14,68.57290649414062,69.44981999273533,68.22516672426632,69.25326942106786,1556200
2010-10-15,68.57290649414062,69.30618621719007,68.12689432218168,69.02647985625937,1446100
2010-10-18,68.62582397460938,68.89796914809413,68.22516740461744,68.57290717795946,680600
2010-10-19,67.59016418457031,67.99837616727208,66.9778346755214,67.65819759252123,1362100
2010-10-20,68.7996826171875,69.117183331889,66.97782256700101,67.77914130993437,1181000
2010-10-21,70.12263488769531,70.19822950098371,68.13446252996437,68.92065919666224,1938700
2010-10-22,69.68417358398438,70.26625841319772,69.38935057383101,69.94875759726317,830900
2010-10-25,70.88611602783203,71.28677825591127,70.07724191849651,70.07724191849651,1185600
2010-10-26,70.68203735351562,70.68203735351562,69.84292393529857,70.56864255720271,1612900
2010-10-27,68.42170715332031,69.66903803987022,67.73378313820892,69.66903803987022,2791700
2010-10-28,68.73165130615234,69.4346919790215,68.23272237855042,69.4346919790215,1277200
2010-10-29,69.0491714477539,69.33643905620923,68.24785815574562,68.58048137922047,1342300
2010-11-01,69.0491714477539,69.58590647381537,68.79214860597743,69.39691705456818,1091200
2010-11-02,69.78243255615234,69.97898311422642,69.19278664942793,69.57076538630233,1437400
2010-11-03,69.72952270507812,70.01679026489799,68.96600973318459,70.01679026489799,1184900
2010-11-04,69.76730346679688,70.45522164577824,69.15497986817107,70.45522164577824,1994000
2010-11-05,70.25868225097656,70.34939344732564,69.79754777787805,70.00165373716068,1452200
2010-11-08,70.77273559570312,71.02219716050811,69.92606121069083,69.94117782136186,1150800
2010-11-09,69.5632095336914,71.0524467940334,69.2230309514044,70.53084001902654,1272900
2010-11-10,70.3720932006836,70.41745458050693,69.01137292346307,69.5556633413509,1015700
2010-11-11,70.16798400878906,70.54596280775205,69.54809900918971,69.60101581034458,936400
2010-11-12,69.2305908203125,69.88071474660705,68.71653947783537,69.86559236646171,950500
2010-11-15,69.17768096923828,69.9941107866024,69.13988078257846,69.34399256254353,777100
2010-11-16,68.33858489990234,68.92823104925047,68.06643963597242,68.27054570016976,1708100
2010-11-17,68.27052307128906,68.92064701213222,68.14957286491034,68.53511282227042,1213500
2010-11-18,69.44983673095703,70.03948282057281,68.92822406668171,68.9811408755575,1116000
2010-11-19,69.91849517822266,70.06969011194633,69.39688851749271,69.53296107409552,1599900
2010-11-22,69.5480728149414,69.78241773643633,68.79211550173552,69.72950095521178,1091600
2010-11-23,68.91307067871094,69.21544898665454,68.3309803241768,68.84503152217606,1388400
2010-11-24,70.0394515991211,70.06969058607044,68.76188179612214,69.17009946869275,975600
2010-11-26,69.58585357666016,70.06966566075305,69.28346958222835,69.47245885781136,596100
2010-11-29,69.48760986328125,69.65392143092909,68.06641188360501,69.38933746762471,1155000
2010-11-30,69.58585357666016,69.90335417544081,68.65602380309399,68.89036865921851,1257500
2010-12-01,70.68961334228516,70.76520796648525,69.5556766767833,70.31163445378455,1873900
2010-12-02,71.38505554199219,71.40017215187608,70.41743101950469,70.59885917559683,1612900
2010-12-03,71.55216979980469,71.68889392737584,70.7090386456349,71.09642463960553,1090100
2010-12-06,71.24835205078125,71.60534850883775,70.57232872694765,70.9749037630379,913700
2010-12-07,71.46105194091797,72.0687104583217,70.96732541138493,71.8104568923263,1599900
2010-12-08,71.05847930908203,71.77247823715287,70.70147694748832,71.66613784796962,1149600
2010-12-09,71.18758392333984,71.55217777408645,70.86856285515789,71.45343481349148,1280000
2010-12-10,70.93693542480469,71.40027811875909,70.6558896906487,71.34710793068805,1234700
2010-12-13,70.9217300415039,71.47621818969957,70.70904354323956,71.18758092044118,1405900
2010-12-14,70.31407165527344,70.73184149560412,70.03302596313144,70.68626291613123,1553100
2010-12-15,70.70904541015625,71.02807226841871,69.88110896601825,69.9570655341323,1642800
2010-12-16,71.29391479492188,71.35468236033377,70.3520407114934,71.30151218937687,1297200
2010-12-17,71.03565979003906,71.42304579882745,70.66346857106987,71.22555409697846,1813300
2010-12-20,72.00032806396484,72.1294548053523,70.89134597682678,71.13441046448561,1391000
2010-12-21,72.89666748046875,73.17770750009934,71.96238442774637,72.15987623797795,1512700
2010-12-22,72.65355682373047,73.04853439876953,72.31934101746474,73.04853439876953,931000
2010-12-23,72.5472183227539,72.88902573683117,72.36491562647296,72.53202353384016,640100
2010-12-27,72.44845581054688,72.6991176239567,72.10664846143378,72.41807203360815,398400
2010-12-28,72.62317657470703,72.73711431375982,72.06868266871099,72.53962261907593,526000
2010-12-29,72.86624908447266,73.07133240129806,72.65356837217526,72.80548151092633,691200
2010-12-30,72.0458984375,72.7750918761154,71.93955808989656,72.72192170231368,2364300
2010-12-31,72.51685333251953,72.71434507377948,71.97755408860414,72.07629706167636,1069600
2011-01-03,72.32693481445312,72.9118066512149,72.23578347315586,72.9118066512149,1529600
2011-01-04,71.82564544677734,72.85107969218343,71.27874872792512,72.75992830733595,1475600
2011-01-05,71.77245330810547,71.85600726988778,71.3394945039219,71.45343225136274,1239000
2011-01-06,70.67866516113281,71.66611210530014,70.54953262483801,71.64332571510533,1746900
2011-01-07,71.6205062866211,71.74203557663726,70.671035165728,70.77737546765908,2237500
2011-01-10,70.77740478515625,71.02046926098285,70.64068065530915,70.91412891500335,2054400
2011-01-11,70.86859893798828,71.01291475462644,70.48121270360645,70.91417174375637,1414200
2011-01-12,71.18758392333984,71.48381860023949,70.96730581575284,71.44583741802579,1271500
2011-01-13,70.5647201538086,71.39265648630158,70.2988693037014,71.32429732275139,1774600
2011-01-14,70.63304901123047,70.73179770969638,70.025391013869,70.45075219153317,2014600
2011-01-18,70.97489929199219,71.28632294751166,70.54194049619181,70.69385362642846,1144200
2011-01-19,70.09379577636719,71.12682141896293,69.94188262691524,71.02807845133069,1439700
2011-01-20,69.25825500488281,70.26089675926448,69.17470104242479,70.10898362485787,1518900
2011-01-21,69.15191650390625,69.9950477512086,69.08355153501199,69.66083189242504,1578200
2011-01-24,69.45573425292969,69.53928820039522,68.39232511755209,68.60500578560489,1302800
2011-01-25,69.3038101196289,69.35698028262884,68.79489487447059,69.18228080210613,1876600
2011-01-26,69.49374389648438,69.86594104420448,68.76455019143543,69.31904431663867,2221200
2011-01-27,69.81275177001953,69.82794076602656,69.02279069001322,69.2278740092396,1363500
2011-01-28,69.02278137207031,70.34444406062296,68.82528967995103,69.82033394485464,1505000
2011-01-31,70.67108154296875,70.67108154296875,69.12914035797168,69.12914035797168,1834600
2011-02-01,72.37255096435547,72.37255096435547,70.96733359903575,70.99011999923881,1712200
2011-02-02,72.17501831054688,72.258572260734,71.53697628560568,71.96993502970541,1583500
2011-02-03,72.02313232421875,72.20542928641487,71.46104664362977,71.9927485313334,1393900
2011-02-04,72.34213256835938,72.34213256835938,71.68889569773373,72.08387909607747,1574900
2011-02-07,72.22821044921875,72.55482895517709,71.94717052684415,72.42570219110684,1234300
2011-02-08,72.29658508300781,72.47129045399552,71.84083975210963,72.38773646723396,1095100
2011-02-09,71.98513793945312,72.76750742383145,71.87120598091175,72.01552172676912,1002900
2011-02-10,72.56241607666016,72.5776108674083,71.73447962944232,71.85600897985393,1767500
2011-02-11,73.67898559570312,73.975220228819,72.17502024709535,72.44846849229675,1491600
2011-02-14,73.51950073242188,73.98284343203254,73.42075775197479,73.4739279406949,1116000
2011-02-15,73.57266235351562,73.75495929431075,72.91942537095824,73.45112719624204,1240600
2011-02-16,74.6132583618164,74.62084996005792,73.61061685818576,73.6789760130384,1940200
2011-02-17,74.68164825439453,74.68164825439453,73.40555801590953,73.83091949703268,1673800
2011-02-18,75.26651763916016,75.31209622132864,74.34742973119135,74.7651995962296,1959700
2011-02-22,74.31702423095703,74.79556153567957,73.26121247515147,73.67898221814517,1841400
2011-02-23,73.67898559570312,74.50692193053624,72.76749530844101,74.18030931027701,1742500
2011-02-24,74.02838897705078,74.11954032207171,73.09411231981983,73.53466266630319,2158200
2011-02-25,74.66646575927734,75.2589352439017,74.05880148036637,74.17273925705169,1403600
2011-02-28,75.48677062988281,75.48677062988281,74.48412908280545,74.50691546874371,1397000
2011-03-01,74.27143859863281,75.89693292521935,74.2562496083871,75.79059260816136,1606400
2011-03-02,74.42338562011719,75.06142776374298,73.96004300838733,74.45376361209617,1657700
2011-03-03,75.20211791992188,75.46169603864666,74.73639875412611,75.24792445267593,1654000
2011-03-04,75.01889038085938,75.28610487905526,74.29358722879721,75.20975871169061,1152500
2011-03-07,73.99583435058594,75.59149665224757,73.70571657975623,75.39299195386971,1418100
2011-03-08,74.62953186035156,74.80513332177625,73.46905474627124,74.02638711871417,1247400
2011-03-09,74.61425018310547,74.70586325367786,73.5606532728095,74.54553455533699,1283200
2011-03-10,73.78205871582031,74.4462825789893,73.13310758045142,73.85077434124281,1518000
2011-03-11,74.80512237548828,75.59149900431143,73.53011743741439,73.6217363375563,1954900
2011-03-14,74.93490600585938,75.28610302696845,73.9423883800179,73.9423883800179,1379200
2011-03-15,74.25540924072266,74.71349202152773,73.03385321696297,73.23235206624739,2482200
2011-03-16,72.6826400756836,74.0416271479801,72.1329443116981,73.98054789925801,2072800
2011-03-17,73.6598892211914,73.9271036483714,72.82770049101644,73.53009436384315,1501500
2011-03-18,74.16381072998047,75.19449872616701,73.81261364071602,74.31650309058581,1839500
2011-03-21,74.76695251464844,75.23267176846173,74.43102234472673,75.0265306824316,926600
2011-03-22,74.73640441894531,75.0417949184108,74.30122485027977,74.85092658434978,973300
2011-03-23,75.38536834716797,75.62967962311703,73.92713705708334,74.48446942494824,1315600
2011-03-24,76.00376892089844,76.24808014254182,75.43116394909309,75.72891806844476,967600
2011-03-25,76.24808502197266,76.93520637223962,75.87397888923516,76.01904068865743,1266500
2011-03-28,75.92738342285156,76.7672083374021,75.85867365248093,76.42364201103968,928300
2011-03-29,77.04974365234375,77.2329814848741,75.52279666363377,75.8052839534877,1481400
2011-03-30,77.12606811523438,77.91245048581143,76.50765662292353,77.52307748239701,1451600
2011-03-31,77.56886291503906,78.01931505623007,76.96571848945224,77.03443409481645,1164600
2011-04-01,77.8590316772461,78.44690372127859,77.5154651003507,77.86666221851617,901500
2011-04-04,78.17204284667969,78.17204284667969,77.66051705429565,77.80557886774542,768500
2011-04-05,78.65303802490234,79.3325348040932,77.6147194155995,78.02698998297826,1134700
2011-04-06,78.73700714111328,79.18745946170496,77.8284777848968,78.85916567715157,994800
2011-04-07,78.27130126953125,79.09585405394499,77.7063325060658,78.63777111532866,788500
2011-04-08,78.09567260742188,78.90495231765442,77.6146865989543,78.75226001095179,778500
2011-04-11,77.39327239990234,78.39342032481568,77.23294374341653,78.12620589733933,1138000
2011-04-12,76.7519760131836,77.52308573838523,76.50002840621086,76.89703781565386,1558200
2011-04-13,77.40093994140625,77.68342722826979,76.5916599099059,77.12608902036077,1408200
2011-04-14,77.75975036621094,78.03460120579867,76.33205909790443,76.72142626662145,1660700
2011-04-15,78.75227355957031,79.01185169059048,77.72158574991172,77.8513748154218,1557600
2011-04-18,78.5614013671875,78.71409369264985,77.56888377716561,77.95825677938512,1414800
2011-04-19,80.80599212646484,80.88997463554958,78.51557276925433,78.71407741116711,2089800
2011-04-20,81.10377502441406,81.55422149661014,80.39374458913129,81.55422149661014,2217600
2011-04-21,81.31758880615234,81.33285571785795,80.48539940956029,81.12672037319959,1078600
2011-04-25,81.54662322998047,81.98180300170114,81.18778966253952,81.98180300170114,1112300
2011-04-26,82.54669952392578,82.79864117687713,81.53891543761088,81.81376617250008,1696000
2011-04-27,81.00452423095703,82.31769937293129,78.78281973016448,82.31769937293129,2344300
2011-04-28,81.8290786743164,81.98177102331562,80.37847805946495,80.60752240780351,1677100
2011-04-29,81.24883270263672,82.0733853205629,80.80601676062014,82.0733853205629,1741300
2011-05-02,80.4853515625,81.87487269535771,80.08071165716589,81.62293094051495,1611600
2011-05-03,80.14181518554688,80.752590497948,79.7829817042804,80.294507557437,1093400
2011-05-04,78.86681365966797,80.16471625964994,78.66067255594679,80.03492716461983,1978000
2011-05-05,78.5614013671875,79.88220687446959,78.2636472551487,78.70645732892508,1530800
2011-05-06,79.0958480834961,79.92040080566953,78.5537826341525,79.3859717217646,1216100
2011-05-09,79.72189331054688,80.03492020942436,78.9660562538807,79.25617405723743,1351800
2011-05-10,80.28684997558594,80.6533138746333,79.70660867311587,79.97382314634595,1203000
2011-05-11,79.08057403564453,80.31739718236628,78.7064678858567,80.14943793176477,1526100
2011-05-12,79.51575469970703,79.6150041434226,78.23311917205803,78.79045148461117,1578100
2011-05-13,78.52323913574219,79.72189215770352,78.3247344179792,79.53866017006685,960200
2011-05-16,78.6606674194336,79.39360122125208,78.17204488488792,78.28656706560584,1152300
2011-05-17,78.03458404541016,78.56901870478845,77.652847499356,78.3705140698858,1323600
2011-05-18,79.7982406616211,79.83641666321064,77.8513869021948,78.22548725344424,1721300
2011-05-19,80.21050262451172,80.57697236956976,79.58445475470177,79.94328813584387,1404000
2011-05-20,79.76005554199219,80.24867798162785,79.13400767715656,80.09598565355631,1481600
2011-05-23,78.86681365966797,79.21037439941601,78.1949532621654,78.7980980168141,1067600
2011-05-24,78.64537048339844,79.73713731632394,78.4850418215498,79.14925973137444,921200
2011-05-25,79.84408569335938,80.27926549525166,78.19497960734076,78.37058113171663,1267100
2011-05-26,79.6150131225586,79.90513677125354,78.93552219509996,79.60737675684548,1065300
2011-05-27,80.1799545288086,80.53878787206742,79.84403027487899,79.84403027487899,936900
2011-05-31,80.80599212646484,81.10375200175284,79.73713441963672,80.76018560326868,1538400
2011-06-01,78.9355239868164,80.90528699700594,78.72175234071965,80.5159138845637,2110000
2011-06-02,78.75227355957031,79.42412797942173,78.04224314405633,78.83625609015662,1528600
2011-06-03,77.3790054321289,78.084820848365,77.26392543197451,77.82397831101287,1715400
2011-06-06,76.85733032226562,77.70891430417643,76.74992386087266,77.16420843476547,1803000
2011-06-07,76.78826141357422,77.53243875428853,76.7575788776294,77.07979818395567,1413800
2011-06-08,76.71922302246094,76.97239786320598,76.37398886014475,76.52742496490478,1415800
2011-06-09,77.98509979248047,78.50679079948502,76.88801455068615,77.06446550488916,1060100
2011-06-10,76.73457336425781,77.9467386361023,76.64251403180216,77.65520766130457,1483700
2011-06-13,77.0721206665039,78.04645794926438,76.74222781652215,77.11815032126974,1236000
2011-06-14,78.35334014892578,78.62186211133131,77.68588665653263,77.97741759605509,1280900
2011-06-15,77.07981872558594,78.16923049151725,76.63484574404893,77.58616264857957,1387700
2011-06-16,77.54779052734375,77.68588536022632,76.5350970372756,77.1795356885862,1878400
2011-06-17,77.53243255615234,78.52978463776867,77.18719844886046,78.16152985054089,1531500
2011-06-20,78.34566497802734,78.74460232322579,77.17952962459502,77.17952962459502,920200
2011-06-21,79.64220428466797,79.84934941452822,78.42237174317614,78.75226455651476,999500
2011-06-22,79.65756225585938,80.10253510716421,78.93639976258682,79.18190101620128,1366400
2011-06-23,79.4120864868164,79.48880455571377,77.8239984624657,78.62187925606794,1324100
2011-06-24,79.24327087402344,79.57316370350287,78.64486198641215,79.40438050890255,1061500
2011-06-27,79.65756225585938,79.8263454651965,78.39936759943379,79.458090658169,839100
2011-06-28,81.39910125732422,81.43746321332559,79.6268889304597,79.93376701883255,1457900
2011-06-29,82.84142303466797,82.85676430449607,81.1766113775158,81.70597591137806,3502200
2011-06-30,83.15596771240234,83.24803288978372,82.17396256651718,82.78004514788338,1763200
2011-07-01,83.6316146850586,83.74669467376273,82.23532526003642,83.05622059474926,1888500
2011-07-05,83.17130279541016,83.9768510313401,83.04854924333806,83.63928461635335,1627600
2011-07-06,83.96149444580078,84.12260406359354,82.71096773836432,83.11757856229993,1529400
2011-07-07,85.38849639892578,85.72605699542943,84.35278221970006,84.39114417197217,1615200
2011-07-08,84.75172424316406,85.07394356609113,84.05357652361005,84.47553457973743,1604700
2011-07-11,83.13294982910156,84.26839104238849,82.85676016031022,83.83109170900423,1088800
2011-07-12,82.64191436767578,83.7083106657513,82.51916085121911,82.75699432605145,1052800
2011-07-13,82.31971740722656,83.02553275791404,82.12791937585204,82.83373472653952,1387400
2011-07-14,81.57555389404297,82.68798032271422,81.10756615014922,82.3197313180449,1444600
2011-07-15,82.1125717163086,82.28902847942737,81.25332028744879,81.92077368619361,1101600
2011-07-18,81.2149429321289,82.08954131526839,80.8850501487896,82.06652649253476,922000
2011-07-19,81.88240814208984,82.85673944721383,81.5985449831241,81.682936574892,1589200
2011-07-20,81.51417541503906,82.09724315573078,81.33005091653041,81.97448958791682,1127800
2011-07-21,82.23534393310547,82.31206199192471,81.56788452963144,82.02819873575956,1768200
2011-07-22,80.63957214355469,82.25067458358802,80.394070875104,82.1969713640273,2152000
2011-07-25,80.63191223144531,81.25334199522375,79.86471990602108,80.08720638277966,1262300
2011-07-26,79.72660064697266,80.54749594975111,79.55781745053409,80.44008952532859,1258400
2011-07-27,78.01579284667969,79.75731692590438,77.9620896156872,79.19726978172751,2006300
2011-07-28,78.3840103149414,78.63718509611903,77.96205819952287,78.05411749943414,2073300
2011-07-29,79.51181030273438,80.12556649018693,77.3713430618399,77.68589471754285,2715500
2011-08-01,78.64490509033203,80.14092812930475,77.87003902370843,79.77267900581036,1330300
2011-08-02,77.15652465820312,78.72159755687335,77.14885109677284,78.13852980563252,2573900
2011-08-03,78.17684936523438,78.22287900242996,76.55040056354976,77.33293951512988,1734600
2011-08-04,74.95464324951172,77.45569038099985,74.83189559415783,77.30992205288325,3810900
2011-08-05,73.9112777709961,76.29724546579925,72.39224082096075,76.1975126085014,2855900
2011-08-08,70.0906753540039,73.58140198086373,69.64570250184111,72.34622215001866,3566000
2011-08-09,72.44596862792969,72.53803381045697,68.94757363687077,71.31819501812446,4194700
2011-08-10,70.87321472167969,73.50468425352312,70.82718506180292,71.51765922601486,3894300
2011-08-11,74.58642578125,75.62213406895357,70.81184160449338,70.9806189698962,2722100
2011-08-12,75.6451187133789,76.33559258073096,74.01867566273806,75.05438353716134,2036400
2011-08-15,76.45838928222656,76.51209251040075,75.16950595283305,76.06711956083579,1804400
2011-08-16,75.7525405883789,76.56576813308436,75.03138404908034,75.61444578669013,1750000
2011-08-17,75.49170684814453,76.49672666655516,75.25387330739139,76.14381898874083,1626800
2011-08-18,71.67875671386719,73.88060010430318,70.9499265746234,73.74250529491675,3442600
2011-08-19,69.17002868652344,71.60202575147392,68.97823069995239,70.48959391743581,4744200
2011-08-22,68.22639465332031,70.48194133228995,68.00390823878422,70.19807814411398,2931000
2011-08-23,70.40521240234375,70.65838718558946,68.43352905259037,68.87082829037347,2111800
2011-08-24,70.92689514160156,71.31049112582484,69.70706272131241,70.36684828243328,4511600
2011-08-25,70.94227600097656,71.74015673004149,70.0293152512672,71.12640052207986,1959600
2011-08-26,72.4152603149414,72.4536222604123,68.99358432389455,70.49728010561843,1831600
2011-08-29,74.6707763671875,74.68611762717327,73.12871927083033,73.12871927083033,2035600
2011-08-30,75.36128997802734,75.88298089151832,73.93431206327888,74.30256102973615,1632800
2011-08-31,75.56072998046875,76.52739343112913,74.98533604489634,76.06707945331316,2134200
2011-09-01,75.33059692382812,76.82661923219281,75.09276338395652,75.60678655817414,1541800
2011-09-02,74.49005126953125,75.26888265771495,73.76520382806255,74.50547693521202,1681600
2011-09-06,74.32042694091797,74.38983069133955,72.30009947420817,73.98113867351412,1885200
2011-09-07,75.870361328125,75.90891961278714,74.83706519066388,75.3151549747323,1587700
2011-09-08,74.82164764404297,76.17110538932137,74.57488989166168,75.51565566110564,1361800
2011-09-09,73.04036712646484,74.35897945022083,72.63167514042672,74.15848693291512,1633700
2011-09-12,72.78587341308594,73.27938877340611,71.3207471132498,72.39260133799209,1640600
2011-09-13,73.85775756835938,74.01198485793883,72.29238734893751,72.91699169301808,973700
2011-09-14,75.73159790039062,76.66465120432464,72.94785778032241,74.19707270492653,1909300
2011-09-15,77.0887680053711,77.27383491960539,75.57737545892026,76.49500307591151,1233800
2011-09-16,77.73649597167969,77.78276710715531,76.58753043512753,77.55142907928851,1824900
2011-09-19,77.18130493164062,77.45890826763558,75.44628702325801,76.25596440043854,1506000
2011-09-20,78.27626037597656,78.9008646363065,76.29448556517258,77.35862724632148,2626000
2011-09-21,74.84475708007812,78.15285603404855,74.77535924145306,78.15285603404855,2355900
2011-09-22,72.06875610351562,72.8244550506945,71.45186464681747,72.68565344338282,2972000
2011-09-23,71.6446762084961,72.39265677070074,70.84271166310147,71.59840506335779,2219000
2011-09-26,73.3179702758789,73.37966118625253,70.94292317501565,71.9993579532801,1821900
2011-09-27,74.42839050292969,75.65447256151012,73.94258773434315,74.9990227007654,2332400
2011-09-28,72.6471176147461,75.29205592288996,72.53144859236191,74.81396004251505,1195100
2011-09-29,73.57246398925781,74.17393584649321,72.27698388014663,73.85006140683726,1301000
2011-09-30,72.0842056274414,73.71126128052065,71.78346380943469,72.6933844511141,2214100
2011-10-03,70.74243927001953,73.11748666001935,70.6190633174216,71.55211638852802,2466700
2011-10-04,73.21774291992188,73.37197024186898,69.20792668002969,69.63204446142075,3200000
2011-10-05,75.79326629638672,76.06315669526043,72.63938739763547,73.95800570087603,2632600
2011-10-06,76.13257598876953,76.39475360601098,74.93733927137414,75.4308549252633,2432500
2011-10-07,75.63902282714844,76.56436870368289,74.60572669732841,76.34845643077531,1807800
2011-10-10,78.62329864501953,78.67727674388814,76.87286096756195,77.01166263367716,1443100
2011-10-11,77.77506256103516,78.42279969503413,77.32781213050954,77.88301875003498,1037300
2011-10-12,78.3611068725586,79.30957985084456,77.4666061002471,78.08350359033575,1659000
2011-10-13,77.91385650634766,78.19145978864155,76.5104203050487,77.6979441497125,1189100
2011-10-14,79.15532684326172,79.35581933003563,78.03720132391504,78.59240766687779,1548000
2011-10-17,77.8135986328125,79.02425487771522,77.55912802437048,79.02425487771522,1336100
2011-10-18,79.47920227050781,80.15007764138416,76.95764677048186,77.65164887732864,2096900
2011-10-19,77.6748046875,79.42524189603134,77.38948859381578,79.40210927173774,1698000
2011-10-20,78.30712127685547,78.78521119683228,76.84199429072058,77.65937838603828,1544900
2011-10-21,79.8108139038086,79.81852674084561,78.16061976814197,78.91631306898398,2105800
2011-10-24,79.88790130615234,80.11152644958446,79.1784734682658,79.8107906078028,1572300
2011-10-25,78.38423156738281,80.31202867487787,78.28398235256435,79.54090983187984,1573300
2011-10-26,80.44309997558594,80.67443793145378,77.19669105840721,77.8444279217674,2210000
2011-10-27,81.41474914550781,82.0856189408785,79.66430564108954,81.29136727595791,3248000
2011-10-28,81.1756820678711,81.75402122900294,80.25805459943095,80.89037184694163,2166700
2011-10-31,78.39964294433594,80.94433720648314,78.35337770133411,80.24261631071937,2158200
2011-11-01,75.97831726074219,77.52826734592759,75.46166919340314,76.73401610263986,2139100
2011-11-02,77.46659088134766,77.76732673081214,76.37160364057083,76.65691970323915,1715700
2011-11-03,78.56926727294922,78.80060518734177,77.26607506266176,78.41504591879921,1612700
2011-11-04,77.46659088134766,77.975532093161,76.64149403327366,77.81359785753929,1522800
2011-11-07,77.90614318847656,77.9832539034883,76.45644174347629,77.47431847787445,1638000
2011-11-08,78.80836486816406,79.12452650383575,77.38179579666088,78.07580412103773,1216000
2011-11-09,75.80094909667969,77.12726794320862,75.59274381206825,76.86509048337747,2398700
2011-11-10,76.98848724365234,77.4126048767392,76.01688192940219,76.78800061998285,1660600
2011-11-11,78.26084899902344,79.02426088235717,77.68250987216628,77.68250987216628,1082500
2011-11-14,78.18373107910156,78.26855461386866,77.06561122359972,77.96010593136734,1032700
2011-11-15,77.75192260742188,78.3071291746414,77.02706893542188,77.87529857615371,1219200
2011-11-16,75.91666412353516,77.36637162646292,75.78557530389585,76.84972330211664,1562900
2011-11-17,74.59030151367188,76.20193649346697,73.57242524138871,75.69300129890928,2035300
2011-11-18,74.79855346679688,75.30749490193676,73.87321289057948,74.80626630516406,1385700
2011-11-21,73.98114776611328,74.28188366083974,73.2871395924483,73.62643378472234,1528100
2011-11-22,73.51846313476562,74.72912529147284,73.27170535554679,73.73438133935545,1540500
2011-11-23,72.44660186767578,73.17145535186182,72.20755694551612,72.94783021560934,1555600
2011-11-25,72.1072998046875,73.23313222147289,72.06874152255853,72.1072998046875,686600
2011-11-28,74.95274353027344,75.77013344272736,73.6726894067368,73.83462364556658,1979100
2011-11-29,74.65199279785156,75.38455902733358,74.45150618963685,75.1455082511264,1769400
2011-11-30,78.65409851074219,78.82374554687618,76.94992708232294,77.09644150137832,1762900
2011-12-01,77.76731872558594,79.27871065231119,77.61309734082225,78.60784115710356,1612000
2011-12-02,77.46659088134766,78.70809257095001,77.25839140216813,78.70037973596727,1301600
2011-12-05,78.90031433105469,79.98528204645247,77.79209827882525,78.26483416973001,2642000
2011-12-06,79.3885498046875,79.77603783627993,78.55932565358363,78.96231060489657,1468200
2011-12-07,80.5199966430664,80.92298150677388,78.65230189876469,79.29553331039865,1766400
2011-12-08,79.68304443359375,80.56651673751557,79.03981283487568,79.9465393889837,2361400
2011-12-09,80.2332534790039,80.58199617938013,79.08629246523415,79.47378041280982,2138700
2011-12-12,79.31104278564453,79.52804103710682,78.38882534547044,79.28779445113732,2031900
2011-12-13,79.14054870605469,80.65174949246658,78.69881263674988,79.72178068738195,1932600
2011-12-14,78.95454406738281,79.47378242384684,78.58255893935154,78.93904715063026,2281900
2011-12-15,80.0395278930664,80.52776660323909,79.0320625454781,79.82253553858888,1296100
2011-12-16,80.41925048828125,81.3647220786987,79.5667781389629,80.93848886033813,2059300
2011-12-19,79.86902618408203,81.27948229435209,79.69078501175325,80.70600169899335,1365300
2011-12-20,81.77546691894531,81.90721733574257,81.03149065025701,81.05473898481011,1614700
2011-12-21,81.48869323730469,82.10867022844305,80.5509733820392,82.0234224313648,1356800
2011-12-22,81.9382095336914,82.18620160039652,81.22522716839161,81.5972182247479,1681900
2011-12-23,82.60472106933594,82.68996893543721,81.75999973945964,81.88399878564329,932100
2011-12-27,83.14718627929688,83.55792266529703,82.32571350729656,82.51170611532338,710900
2011-12-28,82.17845153808594,83.42616330715185,81.9769561328847,83.24791623474357,1066700
2011-12-29,83.03092193603516,83.14716950983103,82.17069816758182,82.30244265867178,930600
2011-12-30,82.84494018554688,83.2866762935867,82.79069209903665,83.1394289533741,987400
2012-01-03,83.58116149902344,84.51113625861593,83.29442415937554,84.10039400671889,1176100
2012-01-04,84.4646224975586,84.63511814321332,83.20916531155,83.32540696759008,1023300
2012-01-05,83.6276626586914,84.00739924162312,83.2401746602638,83.97639949223719,1744400
2012-01-06,83.66639709472656,84.06163645755419,82.98442043419391,83.52690119682251,801500
2012-01-09,82.86039733886719,83.84461975226353,82.77514954203458,83.81362001590666,1530200
2012-01-10,83.37191009521484,84.06938959906323,83.13166354174669,83.82914304559507,1149700
2012-01-11,83.48039245605469,83.65863357544382,82.81391280834747,83.30989683744177,1072500
2012-01-12,84.88314056396484,85.06913319276465,83.69742794739264,83.82142697499188,1074300
2012-01-13,84.11588287353516,84.38712324949572,83.4726514729739,84.25537876868584,1055200
2012-01-17,85.11560821533203,85.24735270503469,84.82111357647065,85.22410437303976,1362800
2012-01-18,86.0843505859375,86.09209609022464,84.61964616224512,84.94513472026594,1840900
2012-01-19,85.7665786743164,86.1850663563626,85.2085950982548,86.07657020686138,1198300
2012-01-20,84.72036743164062,85.80533490336057,84.46462395873435,85.72008707905847,1595500
2012-01-23,84.94511413574219,85.565097259199,84.557626161731,84.88311464087705,1036300
2012-01-24,84.54986572265625,84.75136110316356,83.49589807282872,84.15462637582176,1780800
2012-01-25,82.20170593261719,82.50394610640824,80.23326613882556,81.00049074055687,3680600
2012-01-26,82.49618530273438,83.37191188683958,82.06220067439013,82.26369607152014,2197100
2012-01-27,81.9847183227539,82.93019006457409,81.51198245184382,82.34120660182415,1251300
2012-01-30,82.44967651367188,82.49617317055734,81.10122025062732,81.42670867401803,967500
2012-01-31,82.30242919921875,82.90691530158227,81.82969347899639,82.75191659100332,1189000
2012-02-01,82.69769287109375,83.80590884951751,82.55044553083529,82.68219595177085,1455700
2012-02-02,81.90718841552734,82.96115590217825,81.89943700254729,82.93790166323808,1180300
2012-02-03,83.71292114257812,83.89116825866657,82.44196072926535,82.58145667280449,2298800
2012-02-06,83.9531478881836,83.97639622116805,83.22466858748436,83.22466858748436,1184700
2012-02-07,84.0771484375,84.41038836927538,83.24017881271817,83.86790750945401,1366800
2012-02-08,83.9531478881836,84.23213970919191,83.44166091213586,83.9686448059741,760800
2012-02-09,83.87565612792969,84.24764130151567,83.2634243707801,84.08489704899709,875600
2012-02-10,83.0464096069336,83.21689931643678,82.6976669492042,82.6976669492042,1437800
2012-02-13,83.0619125366211,83.51139995241668,82.80616908495153,83.4261521351935,559000
2012-02-14,83.13165283203125,83.13165283203125,82.37217984659122,82.87591530739725,1045000
2012-02-15,83.43392944335938,83.69741847829938,83.04644139484873,83.50367445404406,1110200
2012-02-16,84.44912719726562,84.57312027028054,82.99216867931024,83.34091139189611,1048100
2012-02-17,85.24736022949219,85.34810498122825,84.70487939307085,84.75912747671298,1374800
2012-02-21,85.24736022949219,85.55735181284624,84.85212081290082,85.54184898174981,938800
2012-02-22,84.9916000366211,85.5263352650648,84.69711134220384,85.26284040155757,1153600
2012-02-23,85.28610229492188,85.36359870434238,84.51887187764679,85.05360715406329,862100
2012-02-24,85.16207885742188,85.4100708439205,84.89858995852755,85.27057498197782,1034800
2012-02-27,85.17762756347656,85.47211635838448,84.30965218689741,84.47239646139379,897800
2012-02-28,84.99937438964844,85.55735809815742,84.77463062302131,85.23961507591277,1298700
2012-02-29,84.47238159179688,85.31710256966805,83.89114960836709,85.06136499053304,1357700
2012-03-01,85.09236907958984,85.24736191803807,84.33288998095884,85.01486674776794,1108700
2012-03-02,85.0148696899414,85.24736486825768,84.72813233762908,84.96837301931735,1118200
2012-03-05,84.44627380371094,84.85907976928931,83.99452141246319,84.85907976928931,807200
2012-03-06,83.69854736328125,83.8387461739691,82.95082235374278,83.18448901901924,1830400
2012-03-07,84.2437744140625,84.50859110989347,83.72971008583916,84.36060181375815,1038300
2012-03-08,85.63797760009766,85.70028951647774,84.85131193976704,85.07718817985125,726600
2012-03-09,85.42768096923828,86.0663632461293,85.22517021537783,85.84048700959096,1091400
2012-03-12,85.6846923828125,85.86383166815804,85.23294001929699,85.85604713741424,758100
2012-03-13,86.5570297241211,86.61155114781701,85.61458457601202,85.73141789604313,746200
2012-03-14,86.03520965576172,86.63495145882246,85.69250005401273,86.61158003311017,921000
2012-03-15,86.05078125,86.16760865390144,85.49777047370931,86.12087769234085,894400
2012-03-16,86.23767852783203,86.74395220931086,86.07411428164139,86.08189881070624,1209000
2012-03-19,86.59596252441406,87.09444573191108,86.15200073203738,86.3311399778377,849800
2012-03-20,86.28445434570312,86.37013174908338,85.57567557692931,85.77818040092657,780900
2012-03-21,87.0165786743164,87.21908938050674,86.20654179194503,86.21433226513425,1075100
2012-03-22,86.34674072265625,86.67386928839906,85.98845620650128,86.65829428438795,844100
2012-03-23,87.3670883178711,87.6708514602045,85.93394999941515,86.52589533492122,1223600
2012-03-26,88.78462982177734,88.79242029444417,88.02132988733517,88.09142631416803,1196500
2012-03-27,89.22860717773438,89.4856393388607,88.67560237016566,88.72233927189171,1217300
2012-03-28,88.58992004394531,89.06503791200197,87.71757715890246,88.97936052973665,1102100
2012-03-29,89.0884017944336,89.14292322377207,88.05249463700248,88.26278988091087,1100900
2012-03-30,89.2909164428711,89.48563669086101,88.8781104679149,89.47006168567358,1152700
2012-04-02,89.60246276855469,89.82054847785167,89.0883985031633,89.24417825436822,1468700
2012-04-03,89.39997100830078,89.60248175658711,88.94821854765863,89.59469128177848,1371100
2012-04-04,88.58210754394531,88.95596696452456,88.23160765196538,88.83913366719791,817800
2012-04-05,88.74568939208984,88.97156556043595,88.37182395494018,88.45750132715386,971200
2012-04-09,87.50727081298828,88.13037793049762,87.17235177724524,87.83439937560524,984800
2012-04-10,85.40428161621094,87.45273599792618,85.38091614279953,87.39042410723647,1825500
2012-04-11,86.74397277832031,87.11004182999508,86.18317754846703,86.28442993181665,1032100
2012-04-12,88.49642944335938,88.63662821049284,86.72836688326578,86.83740970854866,1045800
2012-04-13,87.25804138183594,88.20048672089997,87.18015446683053,88.09144385141427,956300
2012-04-16,87.97460174560547,88.39519817561289,87.36707554972477,87.82661840455127,983000
2012-04-17,88.98713684082031,89.4856201079073,88.02132625363797,88.52759999307015,804700
2012-04-18,88.77687072753906,89.15073032921028,88.37184922627216,88.37184922627216,859200
2012-04-19,88.6522445678711,89.36102920525715,88.26280402664122,88.88591126956544,976500
2012-04-20,88.55097961425781,89.0183070090115,88.30173794089649,88.85474271796721,1365600
2012-04-23,87.75651550292969,87.91229525888313,87.23466669086332,87.91229525888313,1036200
2012-04-24,87.56959533691406,87.95903585590018,86.44022020881062,87.06332147375397,1587900
2012-04-25,88.61329650878906,89.30650612644237,87.0555343724888,87.85778686429184,1413500
2012-04-26,89.82835388183594,90.18663845557471,88.55098942158786,88.79244064810095,1006400
2012-04-27,90.71627807617188,91.07456265095033,89.82056366803027,89.96076249662975,1355500
2012-04-30,90.11653900146484,90.54492597442932,89.85951276007722,90.49819501097541,741600
2012-05-01,90.49816131591797,91.02780049329645,89.8438983592086,90.24891969964509,982600
2012-05-02,90.69288635253906,90.82529466835007,89.8672686263998,90.12430072819002,711000
2012-05-03,90.49039459228516,90.98887795565221,90.17105053073323,90.83310413299641,852600
2012-05-04,89.35321044921875,90.33460196636553,89.05723192843446,90.18661270597339,734100
2012-05-07,89.36103820800781,89.71932282894804,88.98717263610968,89.2597798539564,1180600
2012-05-08,89.08065032958984,89.18190275240558,87.80328556031795,88.83140856832685,1365100
2012-05-09,87.44493865966797,88.87029184973186,87.429363659413,88.21603487603016,1511500
2012-05-10,87.0399169921875,88.20823802563967,86.86856228983243,88.05246426480129,2075600
2012-05-11,86.98541259765625,87.31254112484228,86.65828407047022,86.6738590726456,1458100
2012-05-14,85.98844909667969,86.86858233908859,85.62237413759253,86.307787162818,1013100
2012-05-15,85.6846923828125,86.55703521730881,85.35755787748651,85.88719714516921,1122500
2012-05-16,85.18621063232422,86.22211776734468,85.09274278017027,85.89498919839085,1189600
2012-05-17,82.46012115478516,85.40428993932619,82.46012115478516,85.37313399094502,2515800
2012-05-18,81.86817932128906,83.16111864285485,81.67345907857691,82.6860067176362,2002800
2012-05-21,84.41511535644531,84.62541654101933,81.93827369379727,82.05510702496173,1781500
2012-05-22,83.86988830566406,84.88243576516392,83.44929194290515,84.88243576516392,1151800
2012-05-23,84.3917465209961,84.60204769720286,82.78725372683849,83.33246799406005,1318700
2012-05-24,84.72666931152344,85.13169073575388,83.77643359589442,84.44627169240701,1683800
2012-05-25,84.01789855957031,85.05380580972972,83.62066757175212,84.6176343359784,878800
2012-05-29,85.2017593383789,85.35753310149819,84.16584658071007,84.69548569465903,1174400
2012-05-30,82.7638931274414,84.54753125302193,82.6159038423072,84.28270863448651,1447200
2012-05-31,82.7483139038086,83.34805558797706,81.67346028738956,82.95082462309577,1459300
2012-06-01,80.62199401855469,81.48655261889726,80.52852613605563,80.59083805772167,1448400
2012-06-04,80.98805236816406,81.16719167788736,79.85088083149222,80.6141868579391,1432800
2012-06-05,79.93879699707031,80.98805068458681,79.80568455114353,80.98805068458681,1725200
2012-06-06,81.58312225341797,81.58312225341797,80.56519053812679,80.95670181724061,1440000
2012-06-07,81.95899200439453,83.10220453314206,81.3873887270156,81.93550227710357,870000
2012-06-08,82.9299545288086,83.01608154791772,81.3560768968882,82.54626902355069,1437200
2012-06-11,82.17040252685547,83.78342734728561,82.08426955353261,83.6503149245099,840200
2012-06-12,83.43107604980469,83.49371332930819,82.0764440694693,82.41314408950716,927500
2012-06-13,81.95899200439453,83.07088290542421,81.66144550205959,83.07088290542421,908600
2012-06-14,81.84934997558594,82.5384136747602,81.42651706218032,82.14690238167964,1042200
2012-06-15,82.67155456542969,83.00825463244972,82.05296579234682,82.1312668831442,1160700
2012-06-18,82.93775939941406,83.37625615495321,82.06860376170624,82.38964592247618,798000
2012-06-19,84.68394470214844,85.04413459103345,83.572053396374,83.72865561797903,1216000
2012-06-20,84.06529998779297,85.17719055574995,83.68162061766458,84.7073782286965,1032700
2012-06-21,82.1234130859375,84.5429561722077,82.06077581439426,84.3472005104119,1101000
2012-06-22,82.49928283691406,82.92211586656674,82.115603336929,82.48361903545107,1261000
2012-06-25,81.46571350097656,81.94335800809905,80.7296699705272,81.12118146987406,1028100
2012-06-26,81.75543212890625,82.15476954703979,81.30127736719503,81.51269094303095,729800
2012-06-27,81.53617858886719,82.46797782196957,81.16816281620468,82.07646634237913,733000
2012-06-28,82.48361206054688,82.53842938704206,80.91756659010711,80.94888821639464,999400
2012-06-29,85.13807678222656,85.15373461061075,83.67382190771107,83.67382190771107,1161000
2012-07-02,84.83268737792969,85.27118420872581,83.64249534917421,85.27118420872581,903100
2012-07-03,85.8349380493164,86.01502989870781,84.30021449725307,84.62125065111907,648600
2012-07-05,85.96022033691406,86.3517316381199,85.20068745673662,85.63918417639924,930700
2012-07-06,85.3573226928711,85.56873623416624,84.58995767004191,84.88751017688948,763500
2012-07-09,85.38864135742188,85.81146842532324,84.88750722791872,85.20071157836564,851200
2012-07-10,84.30024719238281,86.14817571643678,83.90873574744103,85.7879859039692,882400
2012-07-11,84.06529998779297,84.45681125600214,83.25095583303934,84.19058048714622,994600
2012-07-12,82.89077758789062,83.56417753978077,82.45228681884167,83.39974350138742,1148600
2012-07-13,84.06529998779297,84.13576914855645,83.04736830085398,83.04736830085398,810700
2012-07-16,83.86174011230469,84.11230716763336,82.96126270365829,84.01051635496509,886400
2012-07-17,85.0519027709961,85.23982649092267,83.8460474513248,83.99481765818913,769800
2012-07-18,85.0754165649414,85.5139073601888,84.44116412297109,84.80918574354904,839400
2012-07-19,85.44345092773438,85.54524174210005,84.4724983449037,85.13024060985319,699200
2012-07-20,84.19845581054688,86.04639042748474,84.06534334446013,86.04639042748474,1252300
2012-07-23,83.21965026855469,83.49370701437165,82.41313785629804,82.89078217357432,838500
2012-07-24,82.06861114501953,83.8852236557168,81.43436463979008,83.32927822938159,1268100
2012-07-25,80.60433197021484,81.99811095904563,78.30224408251307,81.37169061679067,2344700
2012-07-26,81.81021881103516,82.78899723971145,81.38738581296826,81.96682097002758,1380400
2012-07-27,83.00041198730469,83.51720987285383,81.8806892092711,82.342675740958,1068100
2012-07-30,82.53842163085938,82.89861133833456,82.14691030003998,82.78115674429098,1123600
2012-07-31,81.24644470214844,82.63239238355919,81.20729117385295,82.58541292879634,1370000
2012-08-01,81.418701171875,81.80238061366306,80.85492388451927,81.39520547324437,1525200
2012-08-02,80.70614624023438,81.14463702311842,80.3851100524768,80.54171219665287,2304000
2012-08-03,82.82815551757812,82.8986306800429,81.52834070246227,82.24088838432928,1084900
2012-08-06,82.25654602050781,82.96126174838713,82.1939027638995,82.96126174838713,1270800
2012-08-07,83.81473541259766,83.8930364736817,82.06076655356533,82.47576755389998,1024900
2012-08-08,84.5508041381836,84.70740630778312,83.18834017191043,83.26664125671019,976100
2012-08-09,84.54298400878906,84.98147492391257,84.20628392067903,84.56647374010058,772100
2012-08-10,84.69174194335938,84.73088949574267,83.91654513390391,84.08097919148827,608900
2012-08-13,84.33155059814453,84.56645982057535,83.64249270579836,84.5038165647285,651300
2012-08-14,84.0183334350586,84.62909015131228,83.87738911792398,84.62909015131228,485700
2012-08-15,84.54298400878906,84.68392837064886,83.83826219949009,83.88524166211313,541000
2012-08-16,85.1146011352539,85.34951043430277,84.31592027167271,84.44903275327097,810600
2012-08-17,84.33936309814453,85.33380514049637,84.26106203334233,85.31814134314294,936800
2012-08-20,84.93447875976562,84.98929011337795,84.0418333015137,84.22975708904319,744200
2012-08-21,84.5899429321289,85.25551104497497,84.26107482563873,85.00494401517447,884100
2012-08-22,85.7801513671875,85.81146702252822,84.01051814093898,84.37853981808699,1268100
2012-08-23,84.26107788085938,85.56872442835746,84.14362327457147,85.41212226929987,1304400
2012-08-24,83.87738800048828,84.16710255619121,83.60332529516357,83.82257665422108,802200
2012-08-27,82.9299545288086,83.97920230076194,82.78901017409945,83.93222284052234,989600
2012-08-28,81.90416717529297,82.67153199316623,81.72407531302949,82.67153199316623,1556200
2012-08-29,82.3191909790039,82.35051261022866,81.75541953892937,82.1547568955667,1439300
2012-08-30,82.07644653320312,82.31918168028784,81.77890003116413,81.99814545098124,743800
2012-08-31,82.60891723632812,82.78118323284903,82.08429331891679,82.5697637011222,781000
2012-09-04,81.61446380615234,82.75767630350455,81.23861025784981,82.42097628227148,1110200
2012-09-05,82.20481872558594,82.4882026653405,81.63017740172855,81.63017740172855,811200
2012-09-06,83.88152313232422,84.08619069711726,82.82670954008294,82.9054259863326,848600
2012-09-07,84.2436294555664,84.89698741572424,83.74771040455038,84.22788856749237,1105100
2012-09-10,84.06259155273438,84.82615383124882,84.00748942983545,84.20428358385747,823400
2012-09-11,83.89727020263672,84.69231411882573,83.85790897658859,84.07831742882634,866400
2012-09-12,83.432861328125,84.18855028089658,83.27542838176164,84.07834601730585,1054100
2012-09-13,83.8579330444336,84.36172565290632,82.96842553384181,83.4879590338436,1317400
2012-09-14,84.96784973144531,84.98359062198422,83.73985007056689,84.16492618329235,1415900
2012-09-17,84.98357391357422,85.455878610739,84.5742447775461,84.6844490066952,914800
2012-09-18,85.22759246826172,85.25121280677358,84.40893423691013,84.92059413008494,960500
2012-09-19,85.32994079589844,85.5109880425586,84.61360723945188,85.3063264598715,801000
2012-09-20,85.44801330566406,85.46375419350164,84.6372164485436,84.81826968991696,679400
2012-09-21,84.86549377441406,86.1249809378669,84.81826510777255,85.91243992662028,1537600
2012-09-24,84.26724243164062,85.56607878588669,84.17277909441118,85.08590066490999,854100
2012-09-25,83.67686462402344,85.101652171833,83.66899117740745,84.49552290168367,978800
2012-09-26,81.74823760986328,83.81851461741503,81.66164775753421,83.77915340974651,1853900
2012-09-27,82.20481872558594,82.44097401060753,81.5514609752808,82.10248797177172,1136900
2012-09-28,81.77188873291016,82.18909730265544,81.30745750292925,81.96868284846406,1707100
2012-10-01,81.87423706054688,82.59056461920866,81.7246715898203,82.04741686756068,1189800
2012-10-02,81.70105743408203,82.33866853796857,81.1815180118925,81.9844414815162,1248400
2012-10-03,82.267822265625,82.60630841965123,81.26810469192131,81.68530729918331,999000
2012-10-04,82.93692016601562,83.11796740579285,82.11825584934894,82.65353613310484,768900
2012-10-05,83.13371276855469,83.74770949332635,83.07861065237468,83.5115541350233,818800
2012-10-08,83.16519927978516,83.43283640980589,82.40951055271,82.75586413240269,516900
2012-10-09,82.89757537841797,83.472217005147,82.88970793560144,83.14947167922267,941200
2012-10-10,81.74823760986328,82.95261609412421,81.60654567020453,82.95261609412421,1184200
2012-10-11,81.63019561767578,82.71650296437278,81.61445473114497,82.51183540539397,1167600
2012-10-12,81.7640380859375,82.4803656907271,81.54362358647505,81.8742423328282,1007300
2012-10-15,82.5590591430664,82.88180435164199,81.71678063046683,81.77975618419076,842200
2012-10-16,83.89727020263672,84.25149721435025,82.96052827494643,83.04711816770838,761400
2012-10-17,85.18824768066406,85.19612112779883,84.1176870861931,84.29086688907525,1015700
2012-10-18,84.99146270751953,85.32207545466746,84.45618235255954,84.95997492126527,919800
2012-10-19,82.5590591430664,84.47189804625525,82.55119170311043,84.07830984399976,1690500
2012-10-22,82.85822296142578,82.93693943203543,81.86637861583536,82.4016590239354,1211600
2012-10-23,82.61416625976562,83.29901193525455,81.323197358555,81.89783881118545,1514400
2012-10-24,82.3307876586914,83.04712115995396,80.913873555105,81.89784418496228,1736400
2012-10-25,82.48036193847656,83.12584650047778,81.98444285002905,82.81097466410824,976800
2012-10-26,82.88968658447266,83.1888114878527,81.8269935211825,82.37802066616257,812300
2012-10-31,83.60603332519531,84.34598131615114,82.44101521781951,83.19670409966145,1602300
2012-11-01,85.4007797241211,85.52673085115507,83.2911463917443,83.56666298071106,1691900
2012-11-02,86.35325622558594,86.69961579367748,85.2039793018129,85.73139210022862,2033100
2012-11-05,86.17221069335938,86.23518625346374,84.84975395956758,86.0934942460689,1662800
2012-11-06,86.58942413330078,87.31362514832502,85.95968046460449,86.41624432412527,1123100
2012-11-07,85.84949493408203,86.29818544397268,85.30634705727671,85.76290501062225,987100
2012-11-08,84.99932861328125,86.3847550514488,84.95996738253578,85.92032375819143,966300
2012-11-09,84.54275512695312,85.37716027367713,84.34596100701407,84.70806146702034,1144400
2012-11-12,84.56636810302734,84.94421544974452,84.27511064814787,84.66869888170832,532000
2012-11-13,84.408935546875,85.10164867864589,83.90513708069271,84.36957432109081,752800
2012-11-14,83.60603332519531,84.46405901768173,83.18095720309397,84.33023441958366,1384500
2012-11-15,83.07073974609375,83.69260993667525,82.53545945582614,83.52730358307973,1194700
2012-11-16,82.09463500976562,83.27539971811375,82.08676156345294,83.20455071265933,2414400
2012-11-19,83.16519927978516,83.3698668534764,82.39376365936752,82.71650891040679,1306000
2012-11-20,83.09435272216797,83.54304310478152,82.6535357864579,83.01563627017407,1010000
2012-11-21,82.79521179199219,83.31474507923264,82.65351980353039,83.1258244298433,1184400
2012-11-23,84.17278289794922,84.17278289794922,82.86606703278738,83.13371016419163,691300
2012-11-26,83.99960327148438,83.99960327148438,83.04712043082664,83.66111713755807,920900
2012-11-27,83.68473815917969,84.33022269805527,82.65353878755276,83.69261160636906,1209900
2012-11-28,83.88152313232422,83.91301091196006,82.77948087346911,82.97627499193322,767900
2012-11-29,83.52729797363281,84.40893780594772,83.3068895169741,84.11768034211725,922700
2012-11-30,84.39319610595703,84.56637590561097,83.50368877808403,83.66899513074996,1028000
2012-12-03,82.94479370117188,84.79465735831566,82.68502400311397,84.77104302316137,1033200
2012-12-04,83.21244812011719,83.53519344939366,82.63781249310134,82.95267836811635,1102900
2012-12-05,83.82173156738281,84.32815899009452,83.14913321257112,83.49729829250349,965100
2012-12-06,84.10661315917969,84.13035100567359,83.45775252761344,83.82966155493047,730100
2012-12-07,84.91370391845703,84.96118563388272,83.76633075335678,84.28067273798771,802900
2012-12-10,85.33312225341797,85.41225646472347,84.76339577683031,84.98495707946319,1051800
2012-12-11,85.44388580322266,86.1243927468423,85.02449512299171,85.49136148747515,737100
2012-12-12,84.3756103515625,85.85533113526438,84.1619637967618,85.66542241576494,1311100
2012-12-13,85.04823303222656,85.55466041900792,84.16198208681386,84.42311040605475,1284900
2012-12-14,84.6367416381836,85.56255347054876,84.5655281297353,84.89786991000645,855200
2012-12-17,85.2381362915039,85.4913499685515,84.74753215099719,84.81083707953165,870500
2012-12-18,86.66248321533203,86.7020503150992,85.05615797309055,85.37267665995249,1282300
2012-12-19,85.77620697021484,87.0264520086479,85.74455450932025,86.8444518677764,1122800
2012-12-20,86.614990234375,86.63872807465981,85.26187900432568,86.06899575946207,959800
2012-12-21,85.98196411132812,86.67830029494115,85.7445736202534,85.95822023254787,1858500
2012-12-24,86.8365478515625,87.04228585396628,85.09570454931932,85.26187546149878,459000
2012-12-26,87.11351013183594,87.58829112480961,86.44882640101856,87.04229660514456,1024900
2012-12-27,86.70996856689453,87.24013391822109,85.44389980361768,87.24013391822109,774300
2012-12-28,85.38056945800781,86.40133879268349,85.26187422614501,86.26681431012418,795900
2012-12-31,86.60708618164062,86.60708618164062,85.23023694321971,85.29354188310124,795900
2013-01-02,89.08382415771484,89.08382415771484,87.75445082908604,87.786103293707,1088100
2013-01-03,89.08382415771484,89.78016026810505,88.73565308397458,89.1629523007221,971200
2013-01-04,89.68521881103516,90.00173747639887,89.19462061495823,89.35287692909438,771700
2013-01-07,89.48736572265625,89.68518906826696,88.91763955845252,89.17085319935065,874500
2013-01-08,90.11250305175781,90.14415551671624,89.07591048200314,89.51112432881867,860900
2013-01-09,90.10459899902344,90.33407485370567,89.43199464970724,90.32616022779506,882500
2013-01-10,90.34989166259766,90.66641026858329,89.74850691493398,90.44484905552044,973300
2013-01-11,90.20745849609375,90.71388585029757,89.82763496189574,90.00172049685773,562300
2013-01-14,90.2865982055664,90.65850716207154,89.85139034949376,90.12042727465601,581000
2013-01-15,90.0571517944336,90.41323765179034,89.74063908179608,89.890980809171,645400
2013-01-16,89.0759048461914,89.41616127660367,88.59321535102306,89.41616127660367,862600
2013-01-17,89.59818267822266,90.27078107354761,89.5507009539833,89.62192052179661,1012900
2013-01-18,89.8276596069336,89.93844628083315,88.5062005556627,89.70897037970538,2631400
2013-01-22,90.22327423095703,90.40527437617386,89.35285266538776,89.35285266538776,1410100
2013-01-23,87.65159606933594,89.06010385541263,86.57544224576858,89.06010385541263,3016100
2013-01-24,87.92853546142578,88.90973770622058,87.43001669513683,88.08679174581226,1137600
2013-01-25,88.4112777709961,88.62492448620402,87.74658769806075,88.15806394251926,1067600
2013-01-28,87.02648162841797,88.55367867310356,86.82865820831408,88.55367867310356,1069700
2013-01-29,87.4775161743164,87.65159570765603,87.02647903142284,87.13725966040782,1532400
2013-01-30,86.99483489990234,87.60412841772578,86.71787726379962,87.43795745831939,1333800
2013-01-31,87.3350601196289,87.52496885696056,86.55167525859224,86.6545472706764,1523800
2013-02-01,88.30043029785156,88.47451581708859,87.11349016169706,87.83357007543385,1103900
2013-02-04,87.1847152709961,87.81775246549823,87.12141034412785,87.38253863964174,838500
2013-02-05,87.50125122070312,88.4745390066829,87.43794628128083,87.65950753216757,923700
2013-02-06,87.66739654541016,87.80191497456231,87.1688838765636,87.2875730569393,800400
2013-02-07,87.38255310058594,87.89689515160116,86.75743042776327,87.42212019569907,607900
2013-02-08,88.31626892089844,88.34792138567288,87.44584726941744,87.51706078734217,695600
2013-02-11,87.82567596435547,88.52992679333268,87.69115749973986,88.15010924181904,705800
2013-02-12,87.81777954101562,88.10263972556906,87.29552278896838,87.888993077881,893800
2013-02-13,88.44287872314453,88.56157396480192,87.82567071103502,88.07888440926176,744100
2013-02-14,87.99974060058594,88.2766920904413,87.67531343735244,88.07886873524609,1304000
2013-02-15,87.1610107421875,88.21343291447818,86.67040642710425,87.64370042911503,2092500
2013-02-19,87.62786102294922,87.81777585413421,87.1689152736481,87.81777585413421,1094700
2013-02-20,87.34298706054688,88.27671376783957,86.86029747237322,87.5962007758928,1960900
2013-02-21,87.0106430053711,87.714893822145,86.31430681493481,86.82864885924265,2355300
2013-02-22,87.96809387207031,88.05513663699584,87.00271486987084,87.26384316464744,1273000
2013-02-25,86.67828369140625,88.78312109157638,86.63871660477602,88.4349560850076,1701800
2013-02-26,87.50125122070312,87.8810687830543,87.07395193523958,87.07395193523958,1645800
2013-02-27,88.79898071289062,89.1867129387053,87.21639329982779,87.38256425374836,884200
2013-02-28,89.45574188232422,89.83555942100836,88.69609473077409,88.80688138640546,1164400
2013-03-01,89.81970977783203,90.09666124269512,88.46659887485313,89.31328251719978,1051000
2013-03-04,89.3370590209961,89.55862028878862,88.67236918052676,89.46366287240964,1126100
2013-03-05,90.22008514404297,91.11106523019676,89.81436752947128,89.81436752947128,945400
2013-03-06,89.81437683105469,90.76104327063416,89.73482589645896,90.60989831570646,1015600
2013-03-07,89.6313705444336,90.10073120009922,89.3927178303086,89.7825215119209,999900
2013-03-08,90.40301513671875,90.61780922736786,89.75864500345979,90.15640554386046,1098700
2013-03-11,90.2439193725586,90.37119959792447,89.67114318505068,90.1723193144478,953600
2013-03-12,89.83025360107422,90.68941796475156,89.45635766117695,90.25187887139407,1253900
2013-03-13,89.71094512939453,89.90187463430658,88.91542373363407,89.80640988185056,944400
2013-03-14,90.37123107910156,90.38714490615631,89.76663310730193,90.0132488718769,973700
2013-03-15,90.32347106933594,90.68145315501587,89.71887330281383,89.95753207283022,1391600
2013-03-18,89.88593292236328,90.1007270314174,89.39271369438435,89.51203701125364,1011900
2013-03-19,90.27574920654297,90.41098635503872,89.45635726539463,89.96549035213341,1390800
2013-03-20,90.40301513671875,90.78486792601484,90.27573491984951,90.6655385500258,877100
2013-03-21,88.51765441894531,89.6313854784624,88.485838907237,88.85972882859672,1567100
2013-03-22,88.7721939086914,89.13813894447283,88.28693163639512,88.51762740728529,773800
2013-03-25,89.20976257324219,89.41659982103869,88.3585549823001,89.41659982103869,1253000
2013-03-26,89.17794036865234,89.89391078345172,88.93928760994997,89.49615011626831,740700
2013-03-27,88.5733413696289,88.78813552610943,87.96874953284875,88.78017861344635,912600
2013-03-28,88.7324447631836,89.06656224588652,88.39037036822229,88.7324447631836,1914700
2013-04-01,88.36650085449219,89.07451427301447,88.13579896641762,88.95518487306619,1215800
2013-04-02,88.3028564453125,88.70857397164009,88.01646831723954,88.6528877283673,1074500
2013-04-03,87.75397491455078,88.97112184111465,87.53918677959432,88.19151416824576,1416400
2013-04-04,88.50967407226562,89.09040104222842,87.81756857106613,88.05622731474705,930600
2013-04-05,88.2869644165039,88.32673684344266,87.43575679238093,87.5948586388287,773700
2013-04-08,88.7324447631836,88.74835251835461,87.78577249284623,88.31081945367575,601500
2013-04-09,88.58928680419922,89.24957119586865,88.34267704776651,89.0109122855899,1007600
2013-04-10,89.87004852294922,89.8939131925244,88.64494490687115,88.88360374131547,1312800
2013-04-11,89.37683868408203,90.18827400722371,89.27342307477264,89.87802110994816,1677100
2013-04-12,88.3028564453125,89.63933235320457,88.14375462720322,89.08246992047675,1129600
2013-04-15,85.6697006225586,87.960800045909,85.6697006225586,87.48348842471265,1757800
2013-04-16,87.61077117919922,87.69032817611323,86.09132843381983,86.22656561761889,1167900
2013-04-17,87.6903076171875,87.8812310124565,86.87887256594,87.07775287290424,1529400
2013-04-18,87.33232116699219,88.103977744518,87.06979769991416,87.96078367787047,1664000
2013-04-19,87.30846405029297,87.94488352805627,86.86297405746623,87.76191095566188,1815200
2013-04-22,87.30846405029297,87.69031695082013,87.03798971731844,87.48347971014518,1465300
2013-04-23,87.19709777832031,88.10399165381412,86.15496672668274,87.41188587752826,1764700
2013-04-24,89.71094512939453,90.5860235202083,87.80964947907475,88.07217299631888,2089500
2013-04-25,89.7507095336914,90.1723348361427,89.23361949377457,89.8859466930917,1271200
2013-04-26,89.67911529541016,90.0291405265001,89.50409964519237,89.70297996237701,1058300
2013-04-29,90.9917221069336,91.08718684579758,89.5438736155646,89.8779971669157,839100
2013-04-30,90.9281005859375,91.22243962647713,90.43487512137439,90.7530849027265,1842000
2013-05-01,90.0370864868164,90.99966637658383,89.78251995455845,90.77692141952623,1423500
2013-05-02,90.25983428955078,90.61782246983262,89.62342097351375,90.11664023130706,1141000
2013-05-03,91.23832702636719,91.882697246686,90.99171133084485,91.17468387466175,1257800
2013-05-06,90.4189453125,91.48494084031006,90.3712099118633,91.48494084031006,941200
2013-05-07,90.75306701660156,91.15082764756211,90.27575547331801,90.76897477132793,1525700
2013-05-08,90.60193634033203,90.9201461302867,90.13258160389277,90.64966568455381,1118400
2013-05-09,90.87240600585938,90.92013534441901,90.27576499647908,90.38713749934904,1382600
2013-05-10,90.68941497802734,91.15081872140046,90.28369747476168,90.95193842539601,1123600
2013-05-13,89.98140716552734,90.71328524336931,89.90185625608284,90.68146366572245,660900
2013-05-14,90.91215515136719,90.92806897304277,90.02912619805682,90.02912619805682,884200
2013-05-15,91.58041381835938,91.59632157377379,90.53032594997893,90.93603744117772,880100
2013-05-16,90.68941497802734,91.48493616204513,90.64963649108847,91.48493616204513,1238600
2013-05-17,92.4395751953125,92.50321835772012,90.80876012670278,90.88831104503929,1292700
2013-05-20,92.09750366210938,92.43957808405769,91.59632739851608,92.24865466021446,1119300
2013-05-21,92.20885467529297,92.6384307332129,91.85882344507513,92.28044866183149,1129800
2013-05-22,92.04183959960938,92.99646908765547,91.731586685065,92.1611690442836,865100
2013-05-23,92.12135314941406,92.27249804330552,90.97580073192826,91.22241035039181,831100
2013-05-24,92.24862670898438,92.47137164753437,91.26218223711537,91.7951799214092,860800
2013-05-28,92.45547485351562,92.9964295123972,92.24863764205779,92.9964295123972,812000
2013-05-29,91.90654754638672,92.39181588094026,91.49287926364708,92.08156315154952,570000
2013-05-30,91.73152923583984,92.28044069596277,91.62015677571982,92.0974681861405,853000
2013-05-31,90.95194244384766,92.36796924286722,90.95194244384766,91.45311862695772,1076400
2013-06-03,91.89068603515625,91.89068603515625,90.92810579173307,91.11107232967663,805100
2013-06-04,92.80550384521484,92.90891941373216,91.64403758047608,91.72359455401472,1152900
2013-06-05,91.95787811279297,93.39722125397732,91.94988006736385,92.78949791650824,1895100
2013-06-06,91.28623962402344,92.64561527047721,90.77446814340631,91.8379830519149,1500300
2013-06-07,91.326171875,92.02984739430138,90.35061770231118,91.49409423412686,1855000
2013-06-10,91.82196807861328,92.4616715791266,91.238232609931,91.58207545296897,1158400
2013-06-11,91.2142333984375,92.23776375450709,90.60650996175039,90.94236081667246,1073500
2013-06-12,91.94192504882812,92.62960471389313,91.84596676730287,92.47767839404932,1238600
2013-06-13,93.30929565429688,93.46922001785028,91.0703179602087,91.67804152301379,1362200
2013-06-14,94.28483581542969,94.60468449396316,92.54962562070088,93.41323169447524,1800600
2013-06-17,94.71663665771484,95.37233623690555,94.23685751940602,94.94053928293353,1538700
2013-06-18,95.16443634033203,95.29237459759354,94.42876848336797,94.90055567753153,961600
2013-06-19,95.5722427368164,96.08401405454752,95.1324477444586,95.1324477444586,1743800
2013-06-20,93.04542541503906,95.30039335848076,92.76555469702262,94.62070558594826,1306400
2013-06-21,92.1657943725586,93.60513156581146,91.59805510124687,93.43720919830137,2331700
2013-06-24,91.23823547363281,91.7180146392574,90.18271886896949,90.39862345897056,1372700
2013-06-25,91.47013092041016,91.94991009055386,91.01433979366519,91.8699479123171,1106000
2013-06-26,92.70957946777344,92.79753970679488,91.73402489006227,92.42171070383493,1478300
2013-06-27,91.86994934082031,93.10938447529327,91.63005670165676,93.0694003351916,1363200
2013-06-28,92.0858383178711,92.57360936018765,91.11827597787983,91.9578939718245,1847000
2013-07-01,93.34127807617188,94.32482446471832,92.3017514517876,92.83750475941684,1071000
2013-07-02,91.7179946899414,93.19732210487736,91.59805450016542,93.14933992824521,1747000
2013-07-03,91.77398681640625,91.92591922089113,90.51856174444548,90.69448219159155,655600
2013-07-05,92.50962829589844,92.55760436752986,91.70199651934915,92.47764221457041,900600
2013-07-08,92.54962921142578,92.99742836004677,92.43768094945122,92.99742836004677,1186800
2013-07-09,94.02896881103516,94.18090123890659,92.95746206908096,93.15737058965964,1501500
2013-07-10,93.68512725830078,94.10093427568586,92.90148321307976,93.96499795276415,1394000
2013-07-11,93.86902618408203,94.84458055094655,93.84503814239237,94.46875162921454,1255500
2013-07-12,93.62913513183594,94.31682080848167,93.53318296347231,94.01296210745885,1249400
2013-07-15,93.13336181640625,93.90100963250087,93.12536376916039,93.62913093264426,1379000
2013-07-16,92.7815170288086,93.54916481249134,92.30173792659716,93.18933201101333,1404600
2013-07-17,93.1253662109375,93.493197084499,92.56562490350103,93.16535034749269,1486500
2013-07-18,93.31726837158203,93.6371231334981,92.80550319280522,93.29328033206471,1035900
2013-07-19,93.66910552978516,93.82902985408208,92.86947170685667,93.4052249040455,1252400
2013-07-22,93.56515502929688,94.18886843306731,93.25329832741166,93.69309326818014,1088900
2013-07-23,93.5571517944336,94.17286711765213,93.20531098075355,93.20531098075355,1179800
2013-07-24,94.40477752685547,95.48428818667094,93.62913165751002,94.11690883100103,1985500
2013-07-25,95.3163833618164,95.46831579477295,93.74110929154085,94.16491439323637,2371800
2013-07-26,95.15643310546875,95.3883276661318,94.26883899768768,94.9565246325581,1966100
2013-07-29,95.52427673339844,95.65222110151186,94.49274814319615,95.09247364210052,1491100
2013-07-30,96.49981689453125,96.78768557942514,95.08446761107159,95.2763780340934,1872200
2013-07-31,96.09200286865234,97.41140000415974,95.97205656529304,97.11553326930314,2009100
2013-08-01,95.9880599975586,97.4433935411268,95.73217737783416,97.2514831015142,1370800
2013-08-02,96.20394897460938,96.33189332219216,95.45229728508846,95.80413203949658,1232400
2013-08-05,96.03601837158203,96.28390899861932,95.59622344104548,96.20394073786564,759900
2013-08-06,96.33990478515625,96.81168590594174,95.57225079420247,96.06002801102453,1152200
2013-08-07,96.23592376708984,96.56377654375166,95.96405121146726,96.07599945210262,1326200
2013-08-08,97.00360107421875,97.3714319915604,96.69174429428293,96.71573233878208,913200
2013-08-09,96.80364227294922,97.44335159726296,96.53176977558404,96.80364227294922,648400
2013-08-12,95.81214141845703,96.57179124472903,95.65221706578598,96.1879703580293,959100
2013-08-13,96.17196655273438,96.48382938667164,95.89209590763427,96.06001829469433,919300
2013-08-14,95.34037780761719,96.37989849223253,95.23642146864877,96.12401582055692,703400
2013-08-15,94.5487289428711,95.0205162076369,94.0929377756085,94.74863745659546,883600
2013-08-16,94.26882934570312,94.64465821241042,93.94098265607286,94.32480346835814,1240800
2013-08-19,93.74906921386719,94.34879459079956,93.65311705802009,93.98896180492895,1004600
2013-08-20,93.93299865722656,94.21286931235561,93.30128712095086,93.79706235340998,748500
2013-08-21,93.97297668457031,94.7886067088398,93.74108821371536,93.87702451751936,1120200
2013-08-22,94.52474975585938,94.89258072349715,93.53320514306517,94.01298440082209,1131400
2013-08-23,94.9245376586914,95.03648591441853,93.90900531010311,94.6046828848757,608700
2013-08-26,94.30882263183594,95.70018388770448,94.23685240959455,95.15643260024561,763200
2013-08-27,93.42123413085938,93.96498545092481,93.17334346241007,93.757078919532,850200
2013-08-28,93.08537292480469,93.30926941109801,92.58959777606826,93.27728332723873,753000
2013-08-29,92.95745849609375,93.381263567315,92.66958974946732,92.85350826564897,848400
2013-08-30,93.87700653076172,94.0369308456871,93.10136079185838,93.15733491215441,1211700
2013-09-03,93.93299865722656,95.09246541449949,93.70910213312332,94.96452715817881,824800
2013-09-04,94.67244720458984,94.86534290804799,93.53917191618011,94.23038816328594,700700
2013-09-05,94.77690887451172,95.21896781215239,94.49560142875967,94.72064738536132,639300
2013-09-06,94.92961883544922,95.8137305561187,94.60008288452171,95.04214181087758,986600
2013-09-09,95.84589385986328,95.84589385986328,94.9858932126498,94.9858932126498,776500
2013-09-10,96.39242553710938,97.18009251258641,96.02270630602173,96.23168017821645,898500
2013-09-11,97.33282470703125,97.5257204155257,96.06291518435113,96.44067362368392,758000
2013-09-12,96.64161682128906,97.20423804024286,96.49694349436318,97.01133618297865,655200
2013-09-13,96.82646942138672,97.25245024712729,96.39244948609146,96.74609672197143,649300
2013-09-16,98.22496795654297,98.44198097683007,97.46141816111745,97.63824176815329,971900
2013-09-17,97.56588745117188,98.42588803048575,97.30869118816332,98.42588803048575,977900
2013-09-18,99.44667053222656,99.4788147093998,97.26049856177733,97.6141396990833,1574500
2013-09-19,98.68309020996094,99.99318892711769,98.44197214820834,99.55916905751143,1083800
2013-09-20,97.83921813964844,99.47080844535539,97.83921813964844,98.6831409880937,1730000
2013-09-23,97.13188171386719,98.10440541623242,96.93094691258403,97.41318920925491,1251900
2013-09-24,96.85858917236328,97.25241956769045,96.44868056299879,96.91485065741003,1189400
2013-09-25,96.06290435791016,97.25244104565859,95.89411986549429,97.04346714131562,2020800
2013-09-26,96.6014175415039,97.05954864558711,96.11916911022178,96.35225421679654,1368000
2013-09-27,96.336181640625,96.98720843468303,96.23169775146862,96.6335673541303,871900
2013-09-30,96.61750030517578,96.62553941513052,95.3395577643608,95.98254552372356,1270000
2013-10-01,97.11578369140625,97.22830665951011,95.86194669646875,96.35222797122499,905000
2013-10-02,97.59806060791016,97.63825002455987,96.3201119693866,96.80236044100698,895800
2013-10-03,96.52906799316406,97.30869592802102,96.22364933222792,97.20421204897409,797100
2013-10-04,97.58197021484375,97.73467647896923,96.33617211693338,96.45673421222195,659200
2013-10-07,96.27188110351562,97.00328672428026,96.25580901749645,96.6496395114232,627700
2013-10-08,94.6402816772461,96.16738723645099,94.60009226830273,96.16738723645099,781700
2013-10-09,95.66105651855469,95.86199135979282,94.47152569236992,95.24311474687902,1023100
2013-10-10,97.5016098022461,97.533760109195,96.42460211365601,96.44067420110844,704400
2013-10-11,97.82308959960938,97.94365169653246,96.62552000280417,97.57393242946651,590200
2013-10-14,98.25711059570312,98.34552239232406,97.25243666323172,97.4372993649054,445300
2013-10-15,97.33282470703125,98.59469512001127,97.23637991880602,98.08030247599673,525800
2013-10-16,98.99653625488281,99.02064744499741,97.7828947174719,97.7828947174719,769700
2013-10-17,99.98516082763672,100.0414223281113,98.46609418277963,98.47412715995911,700700
2013-10-18,100.4191665649414,100.46738894938342,99.67168894587628,100.17000327055784,763400
2013-10-21,100.29861450195312,100.4673989964219,99.67973189019087,100.4673989964219,595600
2013-10-22,101.11843872070312,101.2229287535397,100.2423658327162,100.46741185414241,963300
2013-10-23,99.5270004272461,100.99784424803302,99.38232716402047,100.99784424803302,822400
2013-10-24,99.67972564697266,99.94496103540119,99.22159458152473,99.49486907834162,865200
2013-10-25,100.6603012084961,100.67637942732172,99.43862025563152,99.8887122700484,642600
2013-10-28,99.69581604003906,100.65226769764934,99.29394642014148,100.41918258226347,590300
2013-10-29,100.19415283203125,100.20218581066099,99.06891648734772,99.67975399362454,939500
2013-10-30,100.06553649902344,102.97506865585245,99.90479110204335,100.23432100546569,1487600
2013-10-31,100.23429870605469,100.79691973440478,99.82439006329201,100.24233781372835,1262300
2013-11-01,99.73599243164062,100.78085582399804,99.51094644117431,100.60403222233356,1065400
2013-11-04,99.44667053222656,100.03339681232765,99.13320655036489,100.0253577020121,887100
2013-11-05,100.4754409790039,100.49955217432571,99.07693032990379,99.66366265492306,1323800
2013-11-06,101.18272399902344,101.42384820374221,100.4834687109736,100.60403081333298,784300
2013-11-07,99.80831146240234,101.45597890148989,99.64756611168056,101.22289385051386,1067300
2013-11-08,100.0574722290039,100.06551133644454,99.18139961128601,99.80831508672493,1047400
2013-11-11,100.210205078125,100.40310077180312,99.69581247362095,100.2262771642467,607700
2013-11-12,99.70384979248047,100.10571939078625,99.27786286735986,99.94496787223788,938300
2013-11-13,100.09768676757812,100.10572587703729,99.2537581036371,99.5350656142695,893100
2013-11-14,100.96572875976562,101.27918658280957,100.21825099741991,100.45936909789158,543300
2013-11-15,101.91410827636719,101.938219465388,100.57989858482384,101.17466373149111,827800
2013-11-18,101.50422668457031,102.34814918513797,101.17469066146036,102.31600501258228,688300
2013-11-19,101.46406555175781,102.07490924531665,101.03004551675906,101.25509771168254,693800
2013-11-20,100.06553649902344,101.56853110216704,99.94497438526645,101.20684476089608,812500
2013-11-21,100.804931640625,100.94156578230692,99.81633622487784,100.35483981765336,632300
2013-11-22,101.72927856445312,101.84180157103239,100.40310755029003,100.81301629256821,725600
2013-11-25,101.32740783691406,102.13114709353496,101.23095691858376,101.6810550720813,699700
2013-11-26,101.32740783691406,101.47208114838759,100.94964940517522,101.27918544377086,1604800
2013-11-27,101.73731231689453,101.96235831820282,101.03001787616145,101.12646879045514,512300
2013-11-29,101.48011016845703,102.14720902477397,101.23898596262653,101.67300585389546,568300
2013-12-02,100.29060363769531,102.38032489893607,100.18611972084906,101.35957853576083,1161700
2013-12-03,99.85655975341797,100.50759269647726,99.32609505274988,99.76814794796601,1154700
2013-12-04,99.84040069580078,100.13115141890111,98.84700136490791,99.17005840855278,822500
2013-12-05,98.92776489257812,99.77578886884037,98.80661772999771,99.33158465997907,1217400
2013-12-06,101.32645416259766,101.40721688281367,99.69502503175207,100.05846035362443,810100
2013-12-09,101.28608703613281,101.74644137003494,100.70458552766668,101.70605692457987,1095100
2013-12-10,101.71414184570312,103.87861024244373,101.47184748037758,103.53940306042931,2042000
2013-12-11,100.24420166015625,101.85140229458007,100.10689828314158,101.50411711610663,1307700
2013-12-12,100.69650268554688,101.00340350649365,99.22659890218962,99.86463490730087,1218500
2013-12-13,100.3492202758789,101.03571270335365,100.19576678013942,100.80149647999382,727200
2013-12-16,100.9710922241211,101.54452171788684,100.55112237599197,100.63188509734749,1017400
2013-12-17,101.14877319335938,101.5606710797025,100.79341598954626,100.9549414311158,930600
2013-12-18,102.29561614990234,102.35215066518194,99.95346050211923,101.25376051534985,1133900
2013-12-19,102.69137573242188,102.70752581312874,101.51222266318611,101.94834878388446,1108700
2013-12-20,103.0063705444336,103.28096509134525,102.42486896061824,102.5379380283821,1055800
2013-12-23,103.34555053710938,103.49092589478626,102.87711814439493,103.49092589478626,804800
2013-12-24,104.16128540039062,104.2824264170003,103.15173584996705,103.3051893534079,316900
2013-12-26,104.6458740234375,104.68624614653717,103.58785574368315,104.12090086351,326800
2013-12-27,105.00120544433594,105.31618435184976,104.7266109759599,104.99313348594862,486500
2013-12-30,105.00120544433594,105.30811239346244,104.60546998214713,104.73468293434723,453100
2013-12-31,105.01737976074219,105.461584020515,104.56510354119267,105.34851496562763,597600
2014-01-02,104.58934020996094,104.92854740207972,103.9755384799751,104.29858942763002,777700
2014-01-03,104.73470306396484,104.99315366523948,104.47626478629319,104.58933384345009,737600
2014-01-06,104.58126068115234,105.11429347384787,104.36319452928433,104.99315245814498,1160100
2014-01-07,105.18696594238281,105.4534884385439,104.36317025639394,104.64584899209207,1183600
2014-01-08,105.74423217773438,105.80077285718481,104.49240083105272,105.0254335268395,1262500
2014-01-09,105.80079650878906,105.97847822163865,105.42120487893797,105.80079650878906,1665000
2014-01-10,107.00415802001953,107.05261441653552,105.77654257267994,105.80077077093793,1311500
2014-01-13,105.63925170898438,107.29491519014758,105.52618266909816,106.30150970728901,1246000
2014-01-14,106.495361328125,106.68919927440842,105.35658650046487,105.8088627181902,709600
2014-01-15,107.3514633178711,107.6745265796127,106.3015292835167,106.5842080970902,924700
2014-01-16,107.06876373291016,107.34335817781079,106.71340041663898,106.8668538780833,865600
2014-01-17,106.96379089355469,107.70681784879095,106.81033739735112,106.81033739735112,1230000
2014-01-21,107.58566284179688,108.40944625592844,106.78609530309193,107.74718827651283,771600
2014-01-22,107.58566284179688,107.89255747067696,107.18991505168218,107.82794483207044,717800
2014-01-23,106.02690124511719,107.56949548295488,105.83306334933253,106.51956178042035,1602000
2014-01-24,102.54601287841797,105.38082376634985,102.52985663393753,105.38082376634985,2067100
2014-01-27,101.55259704589844,102.98212252470024,101.47183432186351,102.7155999897642,2671600
2014-01-28,101.5202865600586,102.23908524954933,101.31837667735219,101.722196442765,1915200
2014-01-29,102.83672332763672,104.5731430583317,100.9549221008451,102.16638116605525,2654800
2014-01-30,101.3507080078125,102.78023378073915,101.15687619788761,102.48140486234492,1806800
2014-01-31,100.72881317138672,101.48799637676132,99.83233271110856,100.09077713990399,1794200
2014-02-03,98.13627624511719,101.5848941593847,97.94243833084337,100.8499454269475,2278400
2014-02-04,98.83892822265625,99.63041771136201,98.49972108255416,99.19429160474466,1354100
2014-02-05,99.1054458618164,99.31543386465557,97.90206468893919,98.0716682506091,1384600
2014-02-06,100.37345123291016,100.40575755720523,98.75817198896425,99.10545727288468,1342400
2014-02-07,102.6186752319336,102.70751607189801,100.55919815717809,101.02762439486254,1688800
2014-02-10,103.11942291259766,103.44247998037807,102.02103257922492,102.61061219005923,1097700
2014-02-11,103.72511291503906,103.93510702729094,102.73171999282594,103.12746769979452,1225100
2014-02-12,103.4424819946289,104.34703440786637,103.2890284980399,103.91091444394185,1013500
2014-02-13,104.5166244506836,104.82351906242405,102.83673291153569,102.97403013955642,994300
2014-02-14,104.83967590332031,105.39694910022395,104.22587435271926,104.46816865445129,1241100
2014-02-18,104.76702880859375,105.28391775294939,104.54896262662363,105.15469243595935,1356300
2014-02-19,103.49900817871094,105.04968703103171,103.361717089509,104.77508020542363,1244900
2014-02-20,103.43439483642578,103.83821457922697,102.78827462142348,103.62014846750617,1101900
2014-02-21,103.43439483642578,104.08049656602725,103.18402240586485,103.58783598686577,1415300
2014-02-24,102.69137573242188,103.63631874150218,102.67521948991391,103.22441466096356,1602500
2014-02-25,104.02397918701172,104.3954864883743,102.73175094425059,103.09519244820251,1007000
2014-02-26,104.0481948852539,104.99313159073851,103.8543569750518,104.02396668692869,1222800
2014-02-27,104.87199401855469,104.99313501413069,103.55553768982526,103.65245048628606,965500
2014-02-28,105.29193878173828,105.9218964928338,104.83159075759859,104.96081601207935,1292200
2014-03-03,105.22734069824219,105.56656011903823,104.27433204282552,104.75892065230535,936700
2014-03-04,105.80079650878906,106.64882062491606,105.48581753121084,106.64882062491606,1462700
2014-03-05,105.15144348144531,106.22283728919793,105.14331888646588,106.20661286934572,1045700
2014-03-06,106.19037628173828,106.31212135614567,105.07839665197302,105.51669130489296,901200
2014-03-07,106.38520050048828,106.55564363624408,106.01994043947171,106.3933127119343,761200
2014-03-10,106.79914855957031,106.85595881105073,105.99559374677303,106.23909633111062,790600
2014-03-11,106.80724334716797,107.26989942043947,106.55562859225353,106.758545315256,1297900
2014-03-12,107.20498657226562,109.76985744952431,106.05242083540908,106.56376266042274,1652200
2014-03-13,107.18063354492188,107.69197535082166,106.89654513104512,107.36731349358193,1657600
2014-03-14,106.93710327148438,107.74877008948425,106.67736394489908,106.71794976280962,1426100
2014-03-17,107.48091888427734,108.43869217269368,107.00203843259557,107.25365316534183,983900
2014-03-18,107.82186889648438,107.91927738324652,106.98585266337335,107.68388695738494,1162100
2014-03-19,107.67574310302734,109.42082213272927,107.17250116030206,108.11403781695704,1629800
2014-03-20,107.55400085449219,107.70821958207888,107.15629190972318,107.2942738278121,952300
2014-03-21,107.88677978515625,108.77149387252153,107.32672755469656,108.40624618723876,2424800
2014-03-24,106.93710327148438,108.5847859212199,106.7260743574234,108.31693438507362,872100
2014-03-25,106.61244201660156,107.5945519355264,106.0361531235968,107.4484578524015,1110700
2014-03-26,105.24072265625,106.96145234820614,105.21637364249989,106.76664785315246,1269100
2014-03-27,104.5427017211914,105.42741569113983,104.42094425221916,105.25696018860043,1225700
2014-03-28,104.98099517822266,105.31378158377127,104.33978376867788,104.96477075725993,1243600
2014-03-31,106.30403900146484,106.43390870734191,105.37062680871917,105.65470285713633,1208000
2014-04-01,106.37706756591797,107.7082008570101,105.84136441113519,107.59456798039447,905000
2014-04-02,106.82350158691406,107.18063707266612,106.06053257372673,106.31214737912758,974200
2014-04-03,106.5150375366211,107.70007659014784,106.5150375366211,107.19684710504706,959900
2014-04-04,105.0783920288086,107.34293700852552,105.02156940654963,107.18060612144002,851800
2014-04-07,103.54434204101562,105.37059868544812,103.49564401057337,105.0946225378528,1107600
2014-04-08,104.0638198852539,104.68879448814275,103.30084481641666,103.48753093025766,1648800
2014-04-09,105.76832580566406,105.92254451875621,103.69857865127402,103.69857865127402,1259100
2014-04-10,104.00701141357422,106.3446163936319,103.97455018220936,105.81702539976996,1250800
2014-04-11,103.08170318603516,104.65633905883219,103.04111736131316,103.64175536605626,1474500
2014-04-14,103.29275512695312,104.08006699886789,102.65153738573164,104.04760576484388,1222200
2014-04-15,104.85926818847656,104.93231525057514,103.31709955471551,103.49566729654958,1610400
2014-04-16,106.77479553222656,106.88030381960344,105.33002927378521,105.64657890602673,941200
2014-04-17,107.02640533447266,107.38354077679121,106.40141831041518,106.7829027706141,876500
2014-04-21,107.8624267578125,108.008533257531,106.88842883822598,107.26991331769781,1208200
2014-04-22,107.11569213867188,108.14651266913637,106.97771023853966,108.03287978755364,1532100
2014-04-23,106.89651489257812,107.11566839600245,103.56056385511825,103.56056385511825,1286200
2014-04-24,106.04429626464844,107.22933561976986,105.91443894789992,107.22122340780321,1227800
2014-04-25,104.99724578857422,106.0280663677251,104.74563099497533,105.7520901693709,888500
2014-04-28,105.02970886230469,105.79267785308944,104.5183670545888,105.32190948888064,1217400
2014-04-29,104.2667236328125,105.60596891234736,104.24236223431762,105.0378046236069,1014100
2014-04-30,105.96311950683594,106.09298918721355,104.20991597690146,104.69692108579028,1860000
2014-05-01,105.75208282470703,106.26343697299409,105.15956941141016,106.19038991896878,902500
2014-05-02,106.32836151123047,106.42575757382508,105.5329314349157,105.5735172560147,787600
2014-05-05,106.04429626464844,106.22286400836613,105.4842563975954,105.94690018082294,806100
2014-05-06,105.86572265625,106.57999359155208,105.59788344056747,105.719628538605,847100
2014-05-07,105.51670837402344,106.39331020672196,105.4598857400724,106.15791984471815,1590300
2014-05-08,105.65467071533203,106.30400666212239,105.15144123946969,105.99556930076002,989500
2014-05-09,105.59786224365234,105.91441182006386,105.01346112026903,105.6627846928698,652900
2014-05-12,106.38520050048828,106.5637558476901,105.5978825132774,106.07676307476073,587500
2014-05-13,106.32836151123047,106.66926011536536,105.95498929619487,106.36894733232947,630700
2014-05-14,106.67737579345703,106.92087834291316,105.79266183598546,106.33647717824012,561300
2014-05-15,105.80891418457031,106.56375857520622,105.23262514570638,106.3446173950541,788100
2014-05-16,106.32836151123047,106.45823118472578,105.4923456138167,105.75207257575359,775700
2014-05-19,106.76666259765625,106.81537301693618,105.97935706925419,106.05240412059236,609200
2014-05-20,105.67091369628906,106.88841402328822,105.54915623255688,106.71795852808468,717900
2014-05-21,105.93064880371094,106.15791455808665,105.54105213693184,105.71150764524099,684200
2014-05-22,105.75208282470703,106.37706985205178,105.48424362661422,105.84136668575627,522800
2014-05-23,106.27153778076172,106.36082163223057,105.54915475889683,105.54915475889683,501600
2014-05-27,106.19037628173828,106.86406125858362,106.11732923709386,106.54751168007108,674100
2014-05-28,105.65467071533203,106.49068656686921,105.63843391077268,106.28776985756303,684900
2014-05-29,107.54591369628906,107.6433098058515,105.59791719468205,106.00375083127183,752900
2014-05-30,107.33483123779297,107.48903753949048,106.92087320808149,107.18872476111434,1097500
2014-06-02,108.78770446777344,108.9175741332651,106.96145409635062,107.14002179013842,1066100
2014-06-03,108.50362396240234,108.85264716549771,108.15461314436085,108.60103241108568,962400
2014-06-04,108.25894165039062,108.95223453161597,108.13660170455992,108.59335409642023,506300
2014-06-05,109.04195404052734,109.0908900185904,107.59828045982101,108.21000507674769,670700
2014-06-06,109.84130096435547,109.9147049516603,108.99304807138584,109.29482831624297,659100
2014-06-09,109.1153335571289,109.9799021640289,108.87064127607488,109.84124610873045,698500
2014-06-10,108.96041107177734,109.4905799968507,108.51181042612207,109.10723148561547,671800
2014-06-11,108.05504608154297,108.94409542564826,107.94902226461242,108.76465518706338,614700
2014-06-12,106.83975219726562,108.17738958214878,106.61952784157282,107.85112897268357,680000
2014-06-13,107.28016662597656,107.61457901551942,106.5624058768245,106.9457542364337,674200
2014-06-16,106.52978515625,107.30463371549052,106.31772513920991,107.20676177617464,872900
2014-06-17,106.71741485595703,106.83976726885504,106.19541025274464,106.35038250840591,947700
2014-06-18,107.94902038574219,108.35683683986956,106.39931039271589,106.39931039271589,1547400
2014-06-19,107.2557373046875,108.17740655840576,106.98657692672806,107.8266779038871,992100
2014-06-20,107.75325012207031,107.85928636906195,107.21492948505427,107.63906202745196,1029000
2014-06-23,107.54936218261719,108.07136677715191,107.44332591564927,107.5819820248382,514100
2014-06-24,107.01919555664062,107.88376441730753,106.97841142356631,107.58197178901375,556300
2014-06-25,107.166015625,107.81036019641816,106.97025923143896,107.18233176918962,589300
2014-06-26,106.87235260009766,107.28016895358824,106.26062806986178,107.19860070466315,1152800
2014-06-27,107.58199310302734,107.61462539417987,106.39932768298475,106.76636006222934,1005500
2014-06-30,108.34868621826172,109.08276339566729,107.45964922301242,108.01427369674047,1521200
2014-07-01,108.34868621826172,108.81360300850912,107.87561757830845,108.7075667344726,654700
2014-07-02,108.25894165039062,108.66675806391865,107.7451014323324,108.08766572622764,670400
2014-07-03,108.7238540649414,108.74832205314642,107.79403317644426,108.27525353856805,531200
2014-07-07,108.47916412353516,108.65045249030692,107.94084348004571,108.50363211227841,936400
2014-07-08,108.29972076416016,108.53626124256809,107.87558822897843,108.29156891667215,729600
2014-07-09,107.99796295166016,108.5770553822985,107.500426349476,108.5770553822985,694900
2014-07-10,107.55751037597656,107.9490231427488,107.24757832591207,107.26388202368281,583500
2014-07-11,107.32910919189453,107.5003975432203,107.14966899357911,107.41882929105223,508900
2014-07-14,107.99796295166016,108.1366190610464,107.33730224699637,107.93271082155405,706000
2014-07-15,108.20185089111328,108.95223157819561,108.0550305145271,108.55256702336712,941500
2014-07-16,108.927734375,109.00929016627981,108.24260598953481,108.5607022003269,845200
2014-07-17,107.39436340332031,108.65044481607578,107.28832716254314,108.23446414568421,812900
2014-07-18,108.29158020019531,108.60151222942635,107.18231899337958,107.8266634879938,1074000
2014-07-21,107.23939514160156,108.01424379863207,107.19045916576765,107.93268798743173,688300
2014-07-22,107.41068267822266,107.99793927485979,107.26386230627911,107.48408664141016,1007200
2014-07-23,106.97025299072266,107.36176575500365,104.94748682422056,106.4074767275139,1963500
2014-07-24,105.40424346923828,106.80713314987104,105.2982196478963,106.39931667167713,1695200
2014-07-25,106.47272491455078,106.55429319168448,105.07799947279524,105.29822386459887,1060900
2014-07-28,106.27696990966797,107.0599705282048,106.17093364953614,106.54613026153076,850700
2014-07-29,104.95565032958984,106.38300810493226,104.93118233480116,106.17909985131192,1090200
2014-07-30,105.39607238769531,105.8365086277238,104.80881577061135,105.50210863525932,869300
2014-07-31,104.51519012451172,105.68155154072107,104.42547001557253,105.32267110496434,1280200
2014-08-01,104.58858489990234,105.06981768495505,103.90345637125644,104.15630053452566,1322700
2014-08-04,105.14324951171875,105.36346145356565,104.09108223006112,105.20850164301203,801100
2014-08-05,103.62615966796875,105.13507302534833,103.24281121955603,105.0045812234651,1243700
2014-08-06,104.3031234741211,104.61306170757709,103.56905890947351,103.62615295834131,1094200
2014-08-07,103.61800384521484,104.76804299262268,103.5609097914114,104.44179481248028,692900
2014-08-08,105.13507080078125,105.20848721690156,103.27543509620054,103.6669353847065,653600
2014-08-11,104.85777282714844,105.86099789735638,104.71911671545884,105.19218533240824,791700
2014-08-12,105.110595703125,105.39607216338871,104.47440311023283,104.8577515246126,779800
2014-08-13,105.55921173095703,106.08938059990571,105.33083550744925,105.56736357980704,533700
2014-08-14,105.77941131591797,106.0404073192314,105.42868276842972,105.62443910509069,509100
2014-08-15,105.689697265625,106.40745809555605,104.98825257607473,106.16276577211879,858200
2014-08-18,106.60318756103516,106.63581983737744,106.04039902701605,106.20353551759372,788500
2014-08-19,106.51349639892578,106.71740462196327,106.11384424693726,106.52166069301225,842100
2014-08-20,106.38299560546875,106.48903186747567,105.5673626868201,106.48903186747567,1305600
2014-08-21,107.22309875488281,107.52487892347332,106.17907726846943,106.50533787221407,772800
2014-08-22,106.65214538574219,107.13337821865629,106.44823717630095,106.84790174721077,730800
2014-08-25,107.37806701660156,107.47595142823648,106.87237859784119,107.05997068132157,784800
2014-08-26,107.14155578613281,107.64724428435622,107.09261979541085,107.59015644370474,719800
2014-08-27,106.96208953857422,107.45147421805132,106.73371334030342,107.17414959537729,503900
2014-08-28,107.20677185058594,107.43514802749527,106.12197878748246,106.47269490003315,553300
2014-08-29,107.29649353027344,107.59827367300686,106.88867714471222,107.59827367300686,570000
2014-09-02,107.3862075805664,107.64720358092012,106.96207507872793,107.51671180352712,768800
2014-09-03,107.85113525390625,108.16107973955687,107.19047459392081,107.3046627024915,874700
2014-09-04,108.09703063964844,108.15440047708519,107.29375285913548,107.29375285913548,1160800
2014-09-05,108.65440368652344,108.65440368652344,107.76097501803203,107.94949379508736,748900
2014-09-08,108.62981414794922,109.11341177205966,108.20358636560658,108.39211764853839,900400
2014-09-09,108.28556823730469,108.49867589593187,108.04787171449175,108.40032043918886,1213700
2014-09-10,108.85111999511719,108.86751673767759,107.78555685559108,108.09703242898871,1139400
2014-09-11,107.50686645507812,108.97405587101865,107.3101430807136,108.28554282131635,1782600
2014-09-12,107.89212036132812,108.36752585433601,107.44949584743613,107.61342575711633,1014200
2014-09-15,107.8265380859375,108.11341228033633,107.31014702615028,107.80194922661902,810000
2014-09-16,108.35111999511719,108.76095098836171,107.30195365297513,107.87571454210762,866900
2014-09-17,108.59703826904297,109.08882803449217,108.07245501499969,108.74457144656233,1069200
2014-09-18,109.3921127319336,109.83472477643748,108.66261394079005,108.87572159080283,1250800
2014-09-19,109.4412841796875,109.88389619879881,109.10521972594422,109.88389619879881,1756900
2014-09-22,109.15440368652344,109.71997255390747,108.97407701845746,109.40849694414781,1402100
2014-09-23,108.22818756103516,109.06424647747069,108.20359869646813,109.03965761290367,1094700
2014-09-24,109.62979125976562,109.64618800155401,108.21177951778138,108.52324256946412,1233300
2014-09-25,107.99864959716797,109.43305795079945,107.99045748054175,109.416673717547,1403500
2014-09-26,108.65440368652344,108.70358141035955,107.95769842042726,107.98228728234531,1160800
2014-09-29,107.27738189697266,108.32654840638132,106.83475734975413,107.49868166353056,1587300
2014-09-30,105.73640441894531,107.44949510125011,105.72821230098585,106.94950075061494,1603800
2014-10-01,103.13807678222656,105.97410045835134,102.94135338858514,105.58066617811878,2243100
2014-10-02,102.70366668701172,103.08071051380632,101.97416789658999,102.82661100284909,1887900
2014-10-03,102.88397216796875,103.35117926091353,102.46594904774567,102.99053223092841,1179200
2014-10-06,102.9659652709961,103.7200529755164,102.63809914839236,103.27743464803027,1973800
2014-10-07,101.20362854003906,102.7527886135777,101.18723180448116,102.61344762894716,1083800
2014-10-08,102.40856170654297,102.51511550427144,100.1626835559118,101.51512696696508,1348800
2014-10-09,99.98237609863281,102.53971760254913,99.72827661966105,102.34300046844594,1413700
2014-10-10,98.9906005859375,100.21190175961046,98.68732957589928,99.79387228897319,2291200
2014-10-13,97.38406372070312,99.63813476468121,97.30209875162735,99.17912593503591,1448200
2014-10-14,98.51519775390625,99.40862651334635,97.50701053795744,97.78569892629106,1360200
2014-10-15,99.49877166748047,99.63811270941825,96.16274751097518,97.3922405355377,2352800
2014-10-16,100.29383850097656,100.94957057414639,98.44140070976765,98.4741879387786,1444000
2014-10-17,101.728271484375,102.17908817514365,100.67910491697818,100.71189215390008,1438400
2014-10-20,102.87577819824219,102.97413363486511,101.08071643757728,101.11350366762649,1003000
2014-10-21,104.56428527832031,105.03968450468422,102.8921739809187,103.62987106117309,1623500
2014-10-22,104.10526275634766,105.4658982988533,104.08067389918251,105.18721624628287,1366700
2014-10-23,103.7528305053711,105.19543130420702,103.55610709809982,105.05609024753404,1606800
2014-10-24,104.68724060058594,104.9167449796649,103.62167740797608,103.69545024612307,868100
2014-10-27,102.87577819824219,103.99871112318532,102.41676323107792,103.47412794944735,1802700
2014-10-28,103.0315170288086,104.08068970419359,102.65447323679803,103.55610023973851,2932700
2014-10-29,100.49874114990234,102.44953412533714,99.98235642939646,100.27742894574003,5268800
2014-10-30,100.54793548583984,101.36759748132926,99.71188300199154,100.28564389742422,1881700
2014-10-31,103.26922607421875,103.28562281816865,101.05614090892482,101.8184269109306,2752200
2014-11-03,101.98235321044922,103.52332190372965,101.47416672949531,103.44135069394004,1870400
2014-11-04,101.85938262939453,102.41675297737925,101.3102106514825,101.98233316638841,1076100
2014-11-05,103.08887481689453,103.17084601003614,101.97414038175242,102.44134741644896,1240600
2014-11-06,103.74462890625,103.81840174506333,102.65447684225309,102.91676845693031,894400
2014-11-07,103.82659149169922,104.07249261075961,103.24463218034987,104.02331488835763,868500
2014-11-10,103.58070373535156,103.86758422492836,102.8348082089262,103.84299536203974,1222700
2014-11-11,103.85115051269531,104.0970515610994,103.48230519361259,103.63804294117008,721600
2014-11-12,103.46592712402344,104.08886568195564,103.03969942278121,103.30199098757481,979200
2014-11-13,103.87577819824219,104.02331762285179,103.22824440431812,103.8020053591747,816200
2014-11-14,103.16266632080078,104.1134710488803,102.95775080788857,104.1134710488803,886100
2014-11-17,103.49053192138672,103.90855506328789,103.09709138683398,103.29380852734778,757400
2014-11-18,104.77739715576172,105.10525695981002,103.3347902545545,103.73642289198112,1291600
2014-11-19,105.12983703613281,105.30197154845867,104.5068984576678,104.89214057411486,1007600
2014-11-20,105.58887481689453,105.83476343448056,104.53150373307166,104.66265266715136,991800
2014-11-21,107.0068588256836,107.52323729511032,106.4248933992565,106.43309802240529,1342300
2014-11-24,106.12982177734375,107.19538477352567,106.02327423265939,107.14620705951008,974800
2014-11-25,105.44950866699219,106.49867500025925,105.3839467148311,106.13803423517622,1230600
2014-11-26,106.45770263671875,106.48229149571003,105.16263519929713,105.39213955458204,965500
2014-11-28,105.22821807861328,107.162621018685,105.03149468389316,106.92491202001689,633100
2014-12-01,104.55609893798828,105.17084553334998,104.04791242141243,104.842985685311,1093300
2014-12-02,105.28560638427734,105.31839987600743,104.49873142796433,104.7692214530012,889600
2014-12-03,106.85083770751953,107.02384768307,104.83245503627697,105.26084422844416,1240800
2014-12-04,106.69430541992188,106.98265118234379,106.1093926844832,106.80964121075895,729900
2014-12-05,106.7108383178711,106.96622394024261,106.39777848623395,106.55430840205251,749500
2014-12-08,105.50800323486328,106.53779160451413,105.33499325767205,106.5130651186364,1045100
2014-12-09,105.20321655273438,105.5162763564384,104.56062937614661,105.32679246023166,1137900
2014-12-10,103.47315216064453,105.21143573442137,103.24248053128977,105.19496188318053,1234000
2014-12-11,104.01688385009766,104.8407146919336,103.61320221216008,103.62968234878188,1169000
2014-12-12,101.92434692382812,103.44843263692556,101.92434692382812,102.95413541718182,1257500
2014-12-15,102.08087921142578,102.79760799721716,101.61128961338274,102.51750853732864,1540400
2014-12-16,101.55362701416016,103.96745167747034,100.4744106023994,100.8368981909184,1284300
2014-12-17,104.19813537597656,104.42880702316137,102.03969614741831,102.27860786352572,1119500
2014-12-18,107.46875762939453,107.48523777013007,104.66773709623442,104.83250079159723,1656900
2014-12-19,107.13922119140625,107.75709442483921,106.65316393139815,107.56761681970544,2038700
2014-12-22,108.20194244384766,108.2101887976944,106.76848478858513,107.02387034460725,932400
2014-12-23,108.8198013305664,109.1575749568251,108.27607001570993,108.49850783918025,1026300
2014-12-24,108.53147888183594,109.03401619472312,108.47380468938712,108.95162808284223,422900
2014-12-26,108.93515014648438,109.52830936615614,108.47380688021995,108.91043622655316,444000
2014-12-29,109.0093002319336,109.28115334059063,108.49851657503629,108.63856630607985,520500
2014-12-30,108.20194244384766,108.9598653287286,108.09485297979211,108.66328571545681,640700
2014-12-31,106.73555755615234,108.49855564451407,106.73555755615234,108.3585058630397,764900
2015-01-02,107.05681610107422,107.27925394964815,106.15060971136835,106.80143054969655,683700
2015-01-05,104.23106384277344,106.32359470438837,103.89329650326152,106.1258833693861,1165700
2015-01-06,102.89647674560547,104.64299416443258,102.83056876763783,103.96745310359118,1349800
2015-01-07,104.04985809326172,104.33819768696888,103.18483302680848,103.69561051089813,861300
2015-01-08,105.76342010498047,106.15885543641429,104.81601326686791,105.35973841892222,1089700
2015-01-09,104.33818817138672,106.15061998215513,104.21461227525892,106.15061998215513,989200
2015-01-12,104.10751342773438,104.881910202179,103.2754424561881,104.43704076052052,1026600
2015-01-13,103.39077758789062,105.03019931325615,102.64932852342123,104.54414210091734,1235000
2015-01-14,102.6410903930664,102.97886408422157,101.49596592727634,101.56187390876971,1231700
2015-01-15,102.54219818115234,103.98390176480402,102.48453028921942,102.97882740369138,787600
2015-01-16,101.76782989501953,102.71523668544421,100.93575892756856,102.54223295098367,1990600
2015-01-20,102.90471649169922,103.25895773017096,101.87492790917238,102.04793163679722,1563400
2015-01-21,103.53084564208984,103.76151732842494,102.22095730097328,102.62463275205968,1030200
2015-01-22,105.00548553466797,105.1949694068074,103.53082747258937,104.33818451840432,1170600
2015-01-23,104.0827865600586,105.07138735114312,104.04159878876168,104.98076545482711,1066700
2015-01-26,102.58344268798828,103.44846783082511,101.78433182495999,101.78433182495999,1408300
2015-01-27,101.49596405029297,102.67404248504329,100.91928493621839,101.24881855225998,1831900
2015-01-28,101.02639770507812,104.89840734636334,101.00168377964559,102.31157839555797,2334800
2015-01-29,100.05422973632812,101.52065357018994,98.99972751200475,101.35588366930875,1981000
2015-01-30,99.34575653076172,100.52383486620545,98.79379138448546,98.79379138448546,2048800
2015-02-02,100.68860626220703,100.94399181128036,98.76083882839303,99.74943960751038,2307000
2015-02-03,101.72664642333984,101.9737919321649,100.77099952362218,101.78431433726549,1520600
2015-02-04,101.09227752685547,101.92434840144035,100.88631982519894,101.01813577121764,1394400
2015-02-05,102.65755462646484,102.6987486798488,101.04284704202914,101.85843775932476,1330900
2015-02-06,103.184814453125,103.70382562837379,102.11383182890044,102.27860177088225,1440900
2015-02-09,103.01179504394531,103.54728627452619,102.64930751210663,102.97884106056637,1262800
2015-02-10,102.90471649169922,103.4402015263486,102.55870275111887,103.17657590063496,1188700
2015-02-11,102.44336700439453,103.02828616543943,102.07264562855772,102.90471656371429,1226800
2015-02-12,103.27543640136719,103.43196627499528,102.78937292894183,102.9788567909827,1289800
2015-02-13,104.535888671875,104.61003671151093,103.25894843041385,103.39076437406436,770200
2015-02-17,104.99725341796875,105.450362960447,103.94275079401731,104.35466627433156,759500
2015-02-18,105.14552307128906,105.26085888082464,104.22283659500447,104.98899949282233,728400
2015-02-19,106.1588363647461,106.47189608833155,104.5935566028093,105.13728794251234,1082400
2015-02-20,106.52958679199219,106.68611669652107,104.98078674282394,106.15063156376155,1075800
2015-02-23,105.77163696289062,106.64489560828453,105.56567926083883,106.24122655748576,872400
2015-02-24,105.76342010498047,106.16708922037617,105.4338864718981,105.92818377885601,830400
2015-02-25,105.93641662597656,106.27419032536501,105.664550909688,105.7222251088988,719500
2015-02-26,105.36796569824219,106.22475052612394,105.17024805652501,105.70573307428693,1462500
2015-02-27,105.36796569824219,105.9611186233937,105.22791596391463,105.43387367392475,1249000
2015-03-02,107.32868194580078,107.41107005892205,105.12905508860325,105.36796678892767,1376400
2015-03-03,106.31536102294922,106.99089570261246,106.20825900261518,106.94971422155444,1223800
2015-03-04,105.80589294433594,106.38578490690404,104.85320787410402,106.19525168506668,1996900
2015-03-05,105.82247161865234,106.10413797828885,105.20944199405405,105.97158761602482,2209100
2015-03-06,104.62126159667969,105.25086316237915,104.51356917005765,104.77037759065195,1849200
2015-03-09,104.58808135986328,105.05199478734468,104.33127304398556,104.64607053829846,1934500
2015-03-10,103.02240753173828,104.04136154012446,102.74074118316845,103.71827794523627,1703800
2015-03-11,102.90641021728516,103.81767163335273,102.81528344364362,103.02238859822025,1429000
2015-03-12,104.0744857788086,104.15733290151557,103.08038350980574,103.26263706720414,1544000
2015-03-13,102.55850982666016,103.88398200102017,101.97032542644897,103.80114117518828,1332300
2015-03-16,102.92298126220703,104.00821662710581,102.11113255296007,103.99993065078957,1437600
2015-03-17,101.74663543701172,102.71588618976732,101.0838963142471,102.64133135663936,1374400
2015-03-18,103.39517974853516,103.96679202200416,100.55369665400431,101.19158409664178,1277800
2015-03-19,101.07562255859375,102.90643174969256,101.06733658097954,102.59162780384315,1394400
2015-03-20,101.00104522705078,102.04485702707433,99.1536706969003,100.09806974251988,3025100
2015-03-23,101.05077362060547,101.39870884542238,100.76082127957548,101.0010640739536,1100400
2015-03-24,100.69453430175781,101.77147737343793,100.68624832541505,100.78566108048396,1301700
2015-03-25,99.65898895263672,101.19985159250857,99.65070297791678,100.87676178189957,1008100
2015-03-26,99.83296203613281,100.13947359395337,99.46016899722385,99.56786771351513,1040100
2015-03-27,99.54304504394531,100.18921224813502,99.45191825152378,99.64245149360586,1071700
2015-03-30,100.66969299316406,101.02591419053753,99.94897094105549,100.26376857022424,846900
2015-03-31,100.02351379394531,100.79394529965131,99.97381057433472,100.42115851187513,997500
2015-04-01,100.24718475341797,100.37972877100522,99.20337296339586,99.89096362065197,1231700
2015-04-02,101.29100799560547,101.53125078500508,99.66730399309164,99.94897035045119,1334700
2015-04-06,101.28272247314453,101.8874660801055,100.85194014456397,101.32413971835696,1085500
2015-04-07,101.70519256591797,102.17739204714103,101.13358665939374,101.13358665939374,922400
2015-04-08,101.36556243896484,102.0780047823066,101.08389610026408,101.68036004541987,1012400
2015-04-09,101.53955078125,101.89577202569855,101.20818115286879,101.57268837612312,1327300
2015-04-10,101.36556243896484,101.89575120791471,100.64483411851016,101.89575120791471,1690400
2015-04-13,100.42117309570312,101.66380432921798,100.3466119351106,101.47326475912536,1380000
2015-04-14,100.23890686035156,100.81051917818245,99.76670730398864,100.4874356038472,1566100
2015-04-15,100.65310668945312,101.3406973302234,100.40457797195732,100.71938185683172,1429400
2015-04-16,100.437744140625,100.96793298985192,99.95726484125348,100.62828372097981,1060100
2015-04-17,99.78325653076172,100.18090119090324,99.46017300954874,99.73355331837433,1048900
2015-04-20,101.06732177734375,101.22472372721332,100.17262593652961,100.66967707464364,1644200
2015-04-21,100.42945861816406,101.41527509444418,100.29690825342261,101.17503229861227,1703500
2015-04-22,100.45429992675781,100.72767396538285,99.66729643762298,100.49571717122895,965100
2015-04-23,100.95133209228516,101.41524559323145,100.2388898899191,100.6199625971746,979700
2015-04-24,101.44841766357422,101.48155525638559,100.61171082604818,101.05077919053679,1042500
2015-04-27,102.38452911376953,102.5005138466936,101.04249139102063,101.48155342724586,1804400
2015-04-28,101.72177124023438,102.67445624120487,101.2744233357696,102.02828915264948,1563300
2015-04-29,103.29578399658203,103.5443064261406,99.25308674413678,99.41048870710125,2635200
2015-04-30,101.00936889648438,102.97272886627044,100.43775640596493,102.87331607476912,3068600
2015-05-01,101.68861389160156,102.44247956195744,101.13357368703977,101.27440365171724,1204300
2015-05-04,101.29100799560547,102.1857039726077,101.10047475182758,101.90404393559723,826100
2015-05-05,100.16435241699219,101.75491868454152,99.84954849796678,101.46497269624064,796500
2015-05-06,99.28621673583984,101.03418486749865,98.94656754532484,100.86850326046911,1453000
2015-05-07,100.04834747314453,100.26373858676877,98.69802424615789,98.93826696513352,1039000
2015-05-08,100.25547790527344,101.26615224686472,100.16435743611167,101.12532223411152,1408700
2015-05-11,98.7063217163086,100.32173945574696,98.55720574648751,99.99865590785929,1696000
2015-05-12,97.62107849121094,98.44949907441679,97.3062809449178,98.44949907441679,1810800
2015-05-13,97.59622955322266,97.95245066655406,97.08261282261527,97.60451552897854,1509900
2015-05-14,99.91580963134766,99.99036445199846,98.01872568827865,98.38323277683182,1515300
2015-05-15,101.39869689941406,101.9537372622337,99.63415672936421,99.63415672936421,1920100
2015-05-18,100.94303894042969,101.25784278256057,100.35486113058906,101.08386891172667,938700
2015-05-19,100.51229095458984,100.96791857415624,100.02351942628555,100.96791857415624,887700
2015-05-20,100.6365737915039,101.35729593004253,100.23892897823958,100.88509626948796,1083900
2015-05-21,100.95133209228516,100.95961806775846,100.29687907753738,100.51227019741134,830200
2015-05-22,101.07562255859375,101.31586534661338,100.3714661497633,100.8188078153457,1430900
2015-05-26,100.79398345947266,100.80226943932756,100.13125043914852,100.42119653056224,1429900
2015-05-27,100.677978515625,100.769105308984,99.96553612409961,100.4294560685679,1229500
2015-05-28,101.68861389160156,101.69689986609632,100.36314238804107,100.47912074958094,1354800
2015-05-29,101.7797622680664,102.16912098751308,101.2661391861913,101.53123354320954,2269000
2015-06-01,101.44841766357422,101.97032052956692,100.90166318306036,101.90405166429373,1448400
2015-06-02,101.5146713256836,101.63064971575847,100.81879466488607,101.38212098254188,1212900
2015-06-03,102.34379577636719,102.34379577636719,101.57717710716734,101.57717710716734,1319600
2015-06-04,101.14384460449219,101.77714119128885,100.74387249726212,100.74387249726212,1691700
2015-06-05,101.14384460449219,101.44382686363576,100.46888770014017,100.74387249726212,1220600
2015-06-08,101.48552703857422,101.64385282689656,100.91055979251446,101.14387799165635,2319300
2015-06-09,101.62715911865234,101.91047854751137,101.32717683277458,101.60216165440296,1628700
2015-06-10,102.50210571289062,102.54376603302107,101.68548587753654,102.20212343520483,1007600
2015-06-11,102.69377136230469,102.82709966300747,102.21880041657677,102.64377642826278,1103100
2015-06-12,102.64376831054688,102.75209277821844,102.24378979751462,102.63543370305128,1253600
2015-06-15,101.01055145263672,102.11048459691007,100.93555268777244,101.86049719062092,1339600
2015-06-16,101.44384765625,101.51051180693295,100.86888683957866,100.89388430672395,800200
2015-06-17,102.21879577636719,102.38545614468015,101.20218978070865,101.75215945997691,1061900
2015-06-18,103.15205383300781,103.46869893237827,102.12711343757334,102.51042267074023,1032500
2015-06-19,102.4937744140625,103.16873138191981,102.38544994929609,103.15206852481829,1216400
2015-06-22,102.7854232788086,103.03541064031091,102.49377559535101,102.91041695955975,562500
2015-06-23,102.91041564941406,103.01874011404989,102.01046878839409,102.76875911317275,841000
2015-06-24,102.06880950927734,102.65211129012877,101.47717947769388,102.65211129012877,1598300
2015-06-25,101.83549499511719,102.22713894665284,101.51051519649047,102.16047479374389,1083800
2015-06-26,101.31053161621094,102.15214272721576,101.0938762925874,101.5521844084365,1541600
2015-06-29,99.41065216064453,101.06054873662829,99.14400188788736,100.64390728810497,2066800
2015-06-30,99.61898040771484,100.28560296122633,99.14400937482819,100.1772784651099,1511700
2015-07-01,99.39395141601562,100.41889185156006,99.16896790245033,100.2938981851607,1380100
2015-07-02,99.07732391357422,99.94393876854284,98.56068630077282,99.76895014745924,1179800
2015-07-06,98.2107162475586,98.77734883430581,97.82740690320658,98.27738040069204,892200
2015-07-07,98.74400329589844,98.88565983391221,97.27742391412012,97.91905517502931,1187300
2015-07-08,96.73576354980469,98.30233873761757,96.7274353020609,98.30233873761757,1171900
2015-07-09,96.66079711914062,98.04404950879739,96.66079711914062,97.84405707533006,1685900
2015-07-10,97.80242156982422,98.10240393870103,97.14412728020257,97.63576116631246,867600
2015-07-13,98.71902465820312,98.83568375380902,98.17738951006491,98.58569634468557,1280000
2015-07-14,99.38563537597656,99.46063413280359,98.32736903197521,98.65234881085831,875600
2015-07-15,98.90233612060547,99.61062521876289,98.6606833492448,99.28564544010898,1112400
2015-07-16,98.50233459472656,99.17729146094308,98.26901648578465,99.08563622452304,1579300
2015-07-17,97.50244140625,98.51071302988481,97.09412817649427,98.16073571076089,979900
2015-07-20,97.25241088867188,97.79404584684958,96.89409911856431,97.41907122211823,1086000
2015-07-21,96.16083526611328,97.7107417645701,95.79418880402233,97.44409152598845,995000
2015-07-22,95.95252990722656,96.64415625948006,95.67754501670011,96.07752361723351,1168400
2015-07-23,95.99417877197266,96.21916869459788,95.3525537948336,95.94418383691968,1339200
2015-07-24,94.14430236816406,96.18584287659985,93.85264827486424,95.80253351555429,1550300
2015-07-27,93.17770385742188,94.12764595915863,92.94438563698755,93.60267996318139,1312000
2015-07-28,96.14417266845703,96.30249844388472,93.10269536063873,93.61099204883217,2030300
2015-07-29,96.60247802734375,96.96912450423527,93.23601465595313,94.16929370738451,2795500
2015-07-30,95.21922302246094,97.14411061885384,94.65259046259376,96.8524629095347,2517300
2015-07-31,95.11088562011719,95.65252063949127,94.67758141908335,95.36087296981057,2223000
2015-08-03,94.68589782714844,95.22753277878537,94.31925781287735,95.07754165921578,876800
2015-08-04,94.4859390258789,95.6858683283589,94.31095039550782,94.97757919853969,1167600
2015-08-05,94.4859390258789,95.49421048131812,94.43594409075672,95.20256276403296,1110000
2015-08-06,94.44425201416016,95.07754860498997,94.11094404182641,94.5192507581447,981300
2015-08-07,94.28597259521484,94.66094740173475,93.69434242890057,94.25264051236611,1536000
2015-08-10,96.21916198730469,96.29415438465655,94.78591461289032,94.99423530434723,1467900
2015-08-11,94.97758483886719,95.6358727152138,94.51927671488532,95.16923633984592,958500
2015-08-12,94.53592681884766,95.03590156207036,93.7943056691617,94.50260110291289,1476900
2015-08-13,94.7192611694336,95.06923844484349,94.11929649304881,94.30261973943792,1163300
2015-08-14,94.98590087890625,95.11089456550889,94.53592742160258,94.73591986314399,850200
2015-08-17,94.9942398071289,95.29422212564162,94.15262239366585,94.88591533111615,1146100
2015-08-18,94.5859375,95.01924178205137,94.33595010356494,94.71925944930673,820600
2015-08-19,93.67766571044922,94.36929206994937,92.9193815480319,93.96931346522511,1073100
2015-08-20,93.03602600097656,94.10262696904086,93.02769139288264,93.25268130931563,1532800
2015-08-21,90.50283813476562,92.86102979481265,90.36118159594965,92.29439728210599,2431600
2015-08-24,87.7946548461914,88.47794632079302,84.16987682412865,86.30307823606704,3888500
2015-08-25,85.828125,89.82788482453059,85.64480177407125,89.81955021677665,3243100
2015-08-26,86.70307159423828,87.60301212130702,85.71979770725927,87.52801972631912,3876200
2015-08-27,87.65299987792969,88.34461961334442,86.57806454693916,88.15296817299831,3116500
2015-08-28,88.48628997802734,88.96958910161474,87.53634822976468,87.53634822976468,2824700
2015-08-31,88.1196517944336,88.47796363522404,87.46969225938183,88.15298386769817,1967400
2015-09-01,85.31147003173828,86.86971077752982,84.97816207873709,86.26141168416342,2145300
2015-09-02,85.78644561767578,86.46140888206837,85.32814397815015,86.16142662176989,1819000
2015-09-03,86.43678283691406,87.66188351829993,85.87457388157412,86.44516933336125,2336900
2015-09-04,85.11936950683594,85.89974251267704,84.74176594806481,85.42144979309087,2890000
2015-09-08,87.49405670166016,87.49405670166016,85.62284370740197,86.60460154216015,2592500
2015-09-09,87.51924133300781,88.44226174629362,87.05772792541188,88.13178850828308,2470200
2015-09-10,88.26600646972656,88.77786421827848,86.78077778887825,87.08285798152866,3322600
2015-09-11,87.91361236572266,88.1485687049643,87.33463042068914,88.0478731310036,2412500
2015-09-14,87.61151123046875,88.10658324435661,87.20873546165693,87.97232252078479,1783900
2015-09-15,88.6939926147461,88.87021148387156,87.40176785513796,88.01431504091367,1934500
2015-09-16,90.16241455078125,90.2043726336983,88.2240714758201,88.2240714758201,1922100
2015-09-17,89.82677459716797,90.80853226932923,89.46595685416366,90.01976641208621,2397300
2015-09-18,88.21566009521484,89.07994904811939,87.72058811042899,88.40865827352835,3108300
2015-09-21,88.31637573242188,89.05479063100962,87.88842760617325,88.26603115353548,1655300
2015-09-22,86.78919219970703,87.63669552818797,86.2018174583269,87.20874741552271,1725600
2015-09-23,84.44810485839844,86.94026479516913,84.26349947020698,86.62140501677922,2877200
2015-09-24,84.75016784667969,85.11098564903385,82.69434950423039,83.91105727394029,2723900
2015-09-25,84.68302917480469,85.67317980978783,84.41451407388917,85.35432012804597,2011400
2015-09-28,83.21458435058594,84.59911791606947,83.1390674806765,83.90265468468192,2025900
2015-09-29,84.37255859375,84.52359873133726,83.17263039011367,83.2984918365158,1497700
2015-09-30,85.47178649902344,85.68156410060128,84.775323325328,84.99349382350216,2388000
2015-10-01,85.0942153930664,86.05080103656888,84.37257971085837,85.67319739714024,2627200
2015-10-02,86.55423736572266,86.55423736572266,83.56700004622503,84.23829091399857,1874300
2015-10-05,89.23099517822266,89.37364880897633,86.96539970176345,87.28425934305717,1940900
2015-10-06,88.92054748535156,89.45757773412268,88.50099220338002,88.85341710377878,1739300
2015-10-07,89.98621368408203,89.98621368408203,88.32477837840217,89.14710313319975,1224600
2015-10-08,91.11901092529297,91.22809939326265,89.75965594085577,90.03656395690979,1339700
2015-10-09,91.16936492919922,91.89938702962779,90.8672846111234,91.54696212584119,1368100
2015-10-12,91.06867218017578,91.54696496497814,90.65750977967342,91.12740966596184,674200
2015-10-13,90.93437957763672,90.98472414374007,90.10365582551275,90.18757197155581,1461400
2015-10-14,91.43788146972656,91.71478949922779,90.57359859150064,90.8840654107241,1693800
2015-10-15,91.87420654296875,92.26019660343985,91.14418450764722,91.8825994404739,1588900
2015-10-16,91.82388305664062,92.50356066688514,91.23650813444249,92.49517416935838,1354800
2015-10-19,91.57213592529297,91.80709226692194,91.00154047086261,91.07706375257692,1424500
2015-10-20,91.76513671875,92.2434295098369,91.01832878884073,91.58892425907649,1101000
2015-10-21,90.52324676513672,91.89938759961487,90.38899240177345,91.8910011032148,964400
2015-10-22,92.52032470703125,92.79722630414271,90.88405540531079,91.31200354907214,1164100
2015-10-23,93.77059173583984,94.04749971769137,92.62100812754701,93.14125890539796,1442600
2015-10-26,92.41964721679688,93.93843545681406,92.24343474711861,93.58601051745752,1481900
2015-10-27,91.6895980834961,92.67136219716734,91.21130537248901,91.88259630810467,1236900
2015-10-28,92.22663116455078,92.89791567272393,91.1777431187447,91.7902901524289,1950900
2015-10-29,94.60971069335938,96.2627594344351,92.55389248960942,92.6881468431991,2939900
2015-10-30,93.21678161621094,96.06975857345778,93.20000222318522,95.37330172955305,2628300
2015-11-02,94.29924011230469,94.71040888597913,93.29231002579517,93.4349572810347,1663300
2015-11-03,95.2894058227539,95.60827197519694,93.81257565004125,94.05591211113905,1502600
2015-11-04,94.83625793457031,95.7676710235592,94.6852178011693,95.55789341616358,1696100
2015-11-05,95.13833618164062,95.52432620282566,94.32440445982475,94.56774084556179,1704200
2015-11-06,95.30619049072266,95.65861543217316,94.39994943964456,94.55938251397487,936600
2015-11-09,94.39994812011719,95.2810168633341,93.73704993842273,95.02088820855133,984000
2015-11-10,93.64472961425781,94.39153743988524,92.85597010517901,94.19854561181793,1324600
2015-11-11,93.17483520507812,93.97198765795977,92.54550229956986,93.79577521264609,917700
2015-11-12,92.4364013671875,93.14964390080571,92.17627279937544,92.26018255593569,1096900
2015-11-13,95.24745178222656,97.39557300005666,92.2602135115371,92.43643238191473,3184700
2015-11-16,97.3200454711914,97.58016769592919,95.15513869203508,95.23065556944714,2451700
2015-11-17,95.16353607177734,99.50173633061242,94.24890219020048,97.3536088446378,5891100
2015-11-18,96.98440551757812,97.09348759182907,94.71880303697253,95.24744681673344,1758700
2015-11-19,96.96761322021484,97.42073368596138,96.3970177894865,96.87531054745692,1408900
2015-11-20,96.5396499633789,98.15074032620943,96.40538923219103,97.05989429197191,1473800
2015-11-23,96.14529418945312,96.91727440583878,96.00264692375475,96.4893262068378,1085600
2015-11-24,95.68379211425781,95.98587247846578,95.03767969197811,95.78448770296266,1422800
2015-11-25,94.99568939208984,95.74249714990201,94.87821444604552,95.42363749662522,1566200
2015-11-27,95.58308410644531,95.87677151328869,94.76075296537854,94.88662082599865,889900
2015-11-30,94.65167999267578,95.80965033742262,94.458681734265,95.37331563418505,2564700
2015-12-01,94.00557708740234,94.28248517368475,92.44483056714681,94.19018247825727,2185900
2015-12-02,92.604248046875,94.08108452281853,92.48677307284716,93.6027917280177,1739200
2015-12-03,92.11016845703125,93.32636935952259,91.14734489044336,93.01387150439542,1619700
2015-12-04,93.14055633544922,93.2081244813938,92.06793940410441,92.5409035384104,1932200
2015-12-07,92.53245544433594,93.00542601991859,92.13550064347227,92.61691884816882,1149100
2015-12-08,90.13383483886719,92.19461795866235,90.02403500283238,91.37537199895189,2107300
2015-12-09,90.42097473144531,91.33312511910307,90.04936291857277,90.31118135731386,1865100
2015-12-10,90.10002136230469,90.84325131266945,89.7621872235388,89.91421226380093,1510600
2015-12-11,88.93453979492188,89.56797666969011,88.63048957954088,88.63048957954088,1939300
2015-12-14,88.44464111328125,89.14564582312923,87.86187738537748,88.81625931004889,1595400
2015-12-15,89.3652572631836,89.9480211523364,88.89229320453902,89.1034387940985,1446800
2015-12-16,89.51729583740234,90.43789409733269,88.30954262534426,90.04938692722594,1670200
2015-12-17,86.92440795898438,89.95646173841037,86.88218271056905,89.75375734887137,1730100
2015-12-18,85.74200439453125,86.71327546571051,85.69977913974671,86.42612053602669,2015100
2015-12-21,86.24876403808594,86.6457123857743,85.5562066713798,86.1811958941017,1703000
2015-12-22,86.83150482177734,87.44805274039166,86.1642840267693,86.61191806163669,1553800
2015-12-23,88.46154022216797,88.68113340434385,87.32135550998517,87.48182819430421,1655900
2015-12-24,88.26730346679688,88.55445837370303,87.95480567664725,88.15750363703113,493100
2015-12-28,87.65074157714844,87.92100762923668,87.17777759690674,87.85343950530189,644100
2015-12-29,88.17440032958984,88.5460121890748,87.86190253434714,88.40243473328171,637900
2015-12-30,87.14401245117188,88.10683587346323,87.14401245117188,87.97170603991212,1261600
2015-12-31,86.48523712158203,87.59163797895938,86.38388491612562,86.82307136278455,930900
2016-01-04,85.86870574951172,85.95316271522776,84.89743453464365,85.32817343654493,1853500
2016-01-05,85.57308197021484,86.59502582287311,84.42444947850845,86.5781370113709,1589200
2016-01-06,84.71160888671875,85.63220051836305,84.1541814651108,84.31465416714673,1885300
2016-01-07,82.59170532226562,84.51735196866946,82.43123262051475,83.47851288645072,2002700
2016-01-08,82.64237976074219,83.79945987338252,82.20319978403559,82.80285246552528,2541000
2016-01-11,83.14070892333984,83.68968243013877,82.45659267089447,83.08158840213133,2389200
2016-01-12,84.36532592773438,84.46667812404509,83.02244315578847,84.03593934428909,1736500
2016-01-13,82.77751922607422,86.4176671497007,82.3890121122188,84.95653682607626,2652800
2016-01-14,84.28084564208984,84.74536191497067,82.35519955110786,82.97174085452147,1928500
2016-01-15,82.25390625,84.2809059598951,81.51067581528872,83.95996686292636,1584700
2016-01-19,82.92111206054688,83.2758351724239,81.61200657725607,83.17448939397518,1822000
2016-01-20,82.6170654296875,83.45320035650683,81.07992543440636,81.561337233927,2844600
2016-01-21,82.73529052734375,83.43629546070764,82.08496491929384,82.98022019479568,1653200
2016-01-22,82.8450927734375,84.19642990293656,82.46503323304901,83.95150020930619,1746800
2016-01-25,81.189697265625,82.89575718492394,81.0799038821659,82.43123432480496,1400000
2016-01-26,82.8873062133789,83.09000416068417,81.02922773516889,81.51908057085232,1350100
2016-01-27,82.85354614257812,84.14575640180665,82.5494959117416,82.60861643197906,2132200
2016-01-28,82.93798828125,83.78257067288656,82.6930650580894,83.30960659553882,1815000
2016-01-29,84.45824432373047,84.47513313738804,80.7420802847558,81.7302401968668,3435200
2016-02-01,84.90585327148438,85.28591915335313,83.08155894692855,84.3146482690013,2402500
2016-02-02,82.895751953125,83.83323879808708,82.58325419025383,82.62548588165448,2462400
2016-02-03,87.23687744140625,87.2453250658109,83.57138813137222,83.89233342225434,2563200
2016-02-04,89.12877655029297,90.36186603829478,87.28758672439389,87.28758672439389,2169200
2016-02-05,88.7656021118164,89.12032514600818,87.5662967427003,88.65580872799092,2021200
2016-02-08,86.08831024169922,88.51226478013295,84.8552203392135,88.27577622417378,2926200
2016-02-09,87.68453979492188,88.00547876994818,85.71666136227012,85.95314339056867,1592800
2016-02-10,87.30447387695312,88.92607033173338,86.99197610907974,88.09837685005198,1107300
2016-02-11,86.19808197021484,87.12712781135491,85.5224198827934,85.92781584651574,1594100
2016-02-12,87.69298553466797,87.79433129109853,86.32475982998875,86.78928269246832,978100
2016-02-16,87.83656311035156,88.71492951469331,87.38048787480959,88.71492951469331,1878700
2016-02-17,88.25885772705078,89.01898314931562,88.10683264259781,88.57135552388525,1449200
2016-02-18,88.25885772705078,88.56290789595671,87.9041346778779,88.09838501466929,995300
2016-02-19,87.25381469726562,88.30954280634552,86.96665974454935,88.18286058817834,1354300
2016-02-22,88.02237701416016,88.72338193874104,87.47339717631185,87.7436632812084,1273100
2016-02-23,86.33319854736328,87.67608123068779,85.8095552331257,87.43959923188733,1294600
2016-02-24,86.05450439453125,86.26565000477275,85.13391262683162,85.23525839580984,1493800
2016-02-25,86.66260528564453,86.91598259686495,85.33661110338343,86.32477101856821,1758900
2016-02-26,87.19468688964844,88.02238049316233,86.51902482252825,87.2453662163305,1582100
2016-02-29,85.97006225585938,87.77746847553564,85.93627817915983,87.30450428904952,1325500
2016-03-01,88.96829986572266,89.12877257096206,86.47678456082063,86.8652916607644,1591500
2016-03-02,87.9548110961914,88.90074570902212,87.2707014104603,88.43622280904891,1582700
2016-03-03,90.03904724121094,90.15815248533309,87.38483902627524,88.1079404568726,1295700
2016-03-04,92.54863739013672,93.6545552496885,90.10710010484559,90.22619885140662,2152400
2016-03-07,92.37849426269531,93.34830856806099,91.56181433905665,92.88041598610366,1851700
2016-03-08,91.99569702148438,92.46358970130666,90.71112424720572,91.47676386400745,1315000
2016-03-09,92.77833557128906,93.0250419976515,91.74897830360855,92.23388224772906,1416000
2016-03-10,94.13946533203125,94.70092992253272,92.98250052024018,93.37382589917027,2592500
2016-03-11,94.52227783203125,95.45805643714807,94.0884144232391,94.49675760040724,2132100
2016-03-14,93.49291229248047,94.47122885574183,93.22918811187637,94.17347553924061,1279100
2016-03-15,93.10162353515625,93.27176279107772,92.36150414206506,92.68477132447448,1057300
2016-03-16,93.68858337402344,94.13946461299405,92.57415661883464,92.94847066990653,1331000
2016-03-17,96.23221588134766,96.59802105454432,94.07991640299797,94.13947227087208,2289100
2016-03-18,96.02804565429688,96.68309532854414,95.96849627394674,96.56399656784384,2287000
2016-03-21,96.09607696533203,96.47039095981684,95.91742887443533,96.02801869535409,1122600
2016-03-22,95.7728271484375,96.0110246458191,95.12628644811957,95.81535870702992,1246700
2016-03-23,95.95999908447266,96.43639415323258,94.99019112855648,95.61120520170482,1229500
2016-03-24,95.05823516845703,95.36449097062116,94.42871223751766,95.17733392592136,1106200
2016-03-28,95.6622314453125,95.89192652672074,95.23687691422549,95.33045543029624,852300
2016-03-29,95.67072296142578,95.96846978098078,94.93060387533714,95.23685960127769,960700
2016-03-30,97.83153533935547,98.0186923584678,96.06205905552285,96.28324521360058,1708100
2016-03-31,97.36365509033203,98.10377435293158,97.28709438578488,97.77199831910309,1751700
2016-04-01,98.03573608398438,98.24841340501287,95.89195154379172,96.93832032862973,1171100
2016-04-04,97.58484649658203,98.34197712611798,97.2360591176612,97.40619835268662,977500
2016-04-05,96.1216049194336,97.36363923958305,95.60267192733353,96.8276949238182,1285900
2016-04-06,96.36831665039062,96.41085469750581,95.04972156495124,96.21518876732856,976700
2016-04-07,94.9986801147461,95.91744746635366,94.675413005282,95.73029043283415,878400
2016-04-08,95.53463745117188,96.36832876007587,95.2453929733104,95.67925644490484,840200
2016-04-11,95.908935546875,96.51293818765305,95.8834153140864,95.9344557796636,919900
2016-04-12,97.0318603515625,97.33811609150469,95.5856577388088,96.11309962213015,774500
2016-04-13,98.31645202636719,98.35899007821716,96.84472240365756,97.54231010778241,908700
2016-04-14,98.28243255615234,98.60570620508032,97.72096786076581,98.50361876483,748100
2016-04-15,98.95448303222656,99.15014898254253,97.90810797520632,98.09526501714453,987700
2016-04-18,98.78433990478516,98.86090060597438,98.12929028387772,98.34196755215245,888300
2016-04-19,101.08124542236328,101.11527456198559,98.80134499082607,99.13312098915021,1226200
2016-04-20,101.4811019897461,101.83839829866663,100.86859032279878,101.23439554109252,1079300
2016-04-21,101.10676574707031,102.11911155797836,101.01318723562194,101.43003932858099,573500
2016-04-22,101.76183319091797,101.90645219203624,100.68993782004992,101.59168746278247,658300
2016-04-25,101.39599609375,101.84687077329114,101.10675169210101,101.24286823179321,654500
2016-04-26,101.59168243408203,101.72779900985277,100.65590369204261,101.40452538759503,903600
2016-04-27,100.7664794921875,101.68524677934961,100.06889836461508,101.65121764015161,1493700
2016-04-28,100.60484313964844,101.55763301827554,99.76263659856934,100.04337211226238,1193400
2016-04-29,99.92427062988281,100.68140106207109,95.39849935966336,96.70008299049502,1962600
2016-05-02,99.87322998046875,101.01317683470825,99.57548315215203,100.01784894130915,1290900
2016-05-03,97.90808868408203,99.2011699061143,97.15946715422776,99.08207117387371,1477300
2016-05-04,96.92976379394531,97.7719636977152,96.74260681746465,97.55928649542227,1248200
2016-05-05,96.52998352050781,97.70395999620806,96.36834667957636,97.53382073551994,1084100
2016-05-06,97.23604583740234,97.44872309733508,96.20668218778043,96.52144686902302,848400
2016-05-09,96.15562438964844,97.23602830997804,95.72176104028178,97.23602830997804,1132900
2016-05-10,96.99784851074219,97.1765031328932,96.41936606441149,96.78517123621465,979600
2016-05-11,96.49591827392578,97.5252753439484,96.39383086146285,97.08290953739763,1049700
2016-05-12,96.64051818847656,97.9931485527734,96.54693970143244,97.14243975447627,1156400
2016-05-13,95.2453842163086,97.09142129240702,94.90509929909722,96.61502630254806,799200
2016-05-16,96.08757781982422,96.4533829451228,94.97315111990287,95.38149429085725,735700
2016-05-17,95.51762390136719,96.21520515627452,95.40703404658285,95.91745824693527,1071100
2016-05-18,94.2415542602539,95.25390017907857,93.98634542123955,95.18584189251656,931000
2016-05-19,93.62903594970703,95.21135530166204,93.1611498665258,94.12244875631558,1429400
2016-05-20,93.64605712890625,94.47124597536434,93.49292923481717,94.25005979714784,1206600
2016-05-23,93.99484252929688,94.51377557682453,93.58650581378352,93.64605518856234,1093500
2016-05-24,94.23304748535156,94.87107933292621,94.06290825548989,94.40319320560883,1281000
2016-05-25,94.96463012695312,95.2879036558488,94.42868586802767,94.65837441031181,881900
2016-05-26,94.06289672851562,95.27090198752656,93.96931821644064,95.11777410325793,637000
2016-05-27,94.23304748535156,94.52229196459112,93.75665244942242,94.06290825548989,750400
2016-05-31,93.45890045166016,94.53929813215227,93.41636240131837,94.3181184434816,1726200
2016-06-01,94.29259490966797,94.4542317179619,92.74430458460674,93.21219719261786,2096700
2016-06-02,94.05439758300781,94.06290649146,93.52696208609065,94.06290649146,974500
2016-06-03,94.42272186279297,94.70537490807328,93.85742230695851,93.85742230695851,1168200
2016-06-06,95.6303939819336,96.16143183695569,94.65396237171123,94.71391846936612,1137600
2016-06-07,95.81024169921875,96.42693659107373,95.7417185924075,95.7417185924075,1101100
2016-06-08,97.36054992675781,97.4547675751138,95.59612221158909,96.13572703285385,1450200
2016-06-09,97.16354370117188,97.2406272953308,96.37554104189392,96.9665414026716,1765800
2016-06-10,97.41194915771484,97.70316260186175,96.25564280023112,96.74385857138404,1847200
2016-06-13,96.68390655517578,98.04577578564923,96.54686685059932,97.18068937055475,1283800
2016-06-14,96.31561279296875,96.8894858102499,95.8873530534985,96.27279073985675,1212800
2016-06-15,95.9301528930664,96.96654036783366,95.79310668083781,96.41836858836541,1454900
2016-06-16,96.03292846679688,96.15284062379077,94.3027561420751,95.26205993274868,1159100
2016-06-17,96.01581573486328,96.6239436759389,95.33916467894772,96.14429494150718,1579200
2016-06-20,96.46121978759766,97.90017267987781,96.32417354322594,97.08647530705102,1401500
2016-06-21,95.80171966552734,96.72676243770849,95.50193910085555,96.72676243770849,1393900
2016-06-22,96.66678619384766,96.7438698081136,95.68178751385882,96.13574177935784,1075300
2016-06-23,98.6710433959961,98.67961042068528,97.64322261394985,97.81452389938251,1383300
2016-06-24,94.46553039550781,96.43552119863782,94.0287036487318,96.05009006218677,1903400
2016-06-27,91.65613555908203,93.59186454465508,91.05656810576893,93.31777861976803,1761100
2016-06-28,92.91522216796875,93.57473919364307,91.67326518689832,92.50409000378446,1345600
2016-06-29,94.77386474609375,94.81668679156724,93.97730151137982,94.19143134291879,1315800
2016-06-30,96.26421356201172,96.26421356201172,94.39700103347404,95.07365213463522,1322200
2016-07-01,97.12073516845703,97.59182345683469,95.94730122677734,96.37556093085722,1436400
2016-07-05,95.48478698730469,96.76099908229403,95.03939323332851,96.27278327852466,1087400
2016-07-06,95.78457641601562,97.22352942482576,94.31992886798614,97.2149624001776,1389200
2016-07-07,95.79312896728516,96.7438660479618,95.35630876730639,96.0586544315723,716200
2016-07-08,98.27702331542969,98.47402563103742,95.83594460090254,96.23850972017475,1024000
2016-07-11,97.9515380859375,98.92796946961298,97.82305889656482,98.42262626872963,988300
2016-07-12,100.2042007446289,100.4954207327811,98.58537963422859,98.7052918250194,1344400
2016-07-13,100.68385314941406,100.78663129015332,99.64745897564984,100.60676300913552,880900
2016-07-14,101.36907196044922,101.68598649806994,100.93224522691247,101.15494210563851,940400
2016-07-15,101.917236328125,102.03714851517226,100.34981087322898,101.78019662923846,988100
2016-07-18,101.63459014892578,101.92580359395522,101.27484705220385,101.67741219598794,579500
2016-07-19,101.22345733642578,101.56606638435903,100.82945921845595,101.42902015129611,603400
2016-07-20,101.30055236816406,101.75451316534865,100.85516512991806,101.12925109223671,480900
2016-07-21,100.79519653320312,101.30053980884331,100.51254358171421,101.19776166991934,660900
2016-07-22,100.81233215332031,101.14637420113888,100.45259556870408,100.76951010356572,571900
2016-07-25,100.84658813476562,100.89798374024207,100.28984924096062,100.70098141115137,587800
2016-07-26,101.4033432006836,101.56608399698577,100.63247434283801,100.89799983176133,857700
2016-07-27,101.36048889160156,101.75449351264166,100.92366876193614,101.47184058070036,986400
2016-07-28,100.30697631835938,100.45258303185686,98.25132867968041,98.78237300121228,1575800
2016-07-29,99.81876373291016,100.07571561166928,98.94511035484697,99.77593515242168,1256300
2016-08-01,99.27059936523438,100.18707485813677,98.73098796319434,100.16138032179666,1506100
2016-08-02,99.39906311035156,99.52753577205557,98.49114824772846,99.21918831451917,1052900
2016-08-03,99.85303497314453,100.1785099983571,99.34768512021697,99.60464355861737,1156600
2016-08-04,99.93009948730469,100.14422930014355,99.56179594783292,99.74166420645078,1051400
2016-08-05,99.96439361572266,100.54682715782391,99.84448140423642,100.40978743100767,846000
2016-08-08,100.05003356933594,100.70099017263938,99.74168604854614,100.27273045317851,884000
2016-08-09,100.14424896240234,100.34125130417166,98.95368749204206,99.89585754657345,597200
2016-08-10,99.77594757080078,100.54681637247035,99.76738708141676,100.32411948871587,576300
2016-08-11,100.19564056396484,100.38406933955545,99.6217676094446,99.99863823007443,649700
2016-08-12,100.0157470703125,101.0264400176293,99.65601056399376,99.98149205185432,612200
2016-08-15,101.09500122070312,101.26630905116527,100.11000243340389,100.11000243340389,551400
2016-08-16,103.8701171875,107.06493780693813,103.715943415669,105.37759334154475,5935800
2016-08-17,103.1592025756836,103.63028434288029,101.98576860026787,103.6045898054527,2264800
2016-08-18,104.40116119384766,104.41829524327106,103.03929832732078,103.15921053438383,1073500
2016-08-19,104.97499084472656,105.13773158350278,103.30478102205498,103.93860339902741,2162200
2016-08-22,104.86369323730469,105.06925610834286,104.32408825030728,104.60673474746258,875400
2016-08-23,104.88081359863281,105.64311545583963,104.53821101518399,105.28337882238313,708000
2016-08-24,104.57244873046875,104.75232355213844,103.68167431932723,103.82728104665571,795700
2016-08-25,105.38616180419922,105.41185634406743,104.36690149125815,104.48681370046,967300
2016-08-26,104.34121704101562,105.8229988190463,103.94721881057835,105.67738552117038,1006600
2016-08-29,104.70948791503906,105.15487509060571,104.4097074569919,104.4097074569919,727700
2016-08-30,104.94075012207031,105.27479868763201,104.53819150816359,104.87223353900112,654000
2016-08-31,104.52964782714844,104.89795149912811,103.9814758318381,104.7951667994853,844600
2016-09-01,105.22339630126953,105.35187550517182,104.44396712445024,104.72661353136674,1224300
2016-09-02,105.728759765625,105.92575557365441,105.26623849260325,105.386150689158,489600
2016-09-06,105.27201080322266,106.30611433884958,104.97901063750408,105.82353356551302,787200
2016-09-07,105.34095764160156,105.5822480544375,104.61708640309378,105.01349302056289,731300
2016-09-08,103.9018325805664,105.49607851420627,103.74671636906966,105.36681390884716,1032100
2016-09-09,101.1786880493164,103.61745043395257,101.1786880493164,103.61745043395257,1373500
2016-09-12,102.14385223388672,102.807407480961,99.62752839550272,100.03255442884165,4768200
2016-09-13,101.68711853027344,103.4709516177753,99.98084025869,101.17006670013839,3575700
2016-09-14,100.68745422363281,102.0145577544999,100.29966709125496,101.89391257666372,1676300
2016-09-15,101.86808776855469,102.29896539547929,100.1704288665244,100.30831286298228,1438900
2016-09-16,101.41134643554688,101.84222401105912,100.86844305728266,101.47166903313179,1597700
2016-09-19,101.52336883544922,102.29894976030941,101.49751723373218,101.84222059752224,846800
2016-09-20,101.35102844238281,102.54886763075157,101.31655744581539,102.25587402193405,777900
2016-09-21,101.68711853027344,102.040441335246,101.10112470287486,101.8250025248005,1558300
2016-09-22,102.0059585571289,102.7384491131226,101.59231319598554,102.54886192987648,1247200
2016-09-23,100.68745422363281,101.91976417553303,100.48063485800922,101.63539001330152,1558200
2016-09-26,100.33415222167969,101.17005576782883,100.28244901665438,100.61853299865888,1477400
2016-09-27,100.82536315917969,101.109743966524,100.26522093780565,100.33416293498077,965400
2016-09-28,101.98872375488281,102.9797435221218,101.45443975360301,102.16107873486841,2086300
2016-09-29,102.42823791503906,103.27275444726725,102.04045065070366,102.19556029670076,1648500
2016-09-30,104.12586975097656,104.41886332755955,102.5402369566752,102.99696610527197,1698300
2016-10-03,104.47920989990234,104.76359072456103,103.26413835539792,103.720867608817,1708300
2016-10-04,103.72085571289062,105.1341337055822,103.57435890777914,104.5309076994347,1346300
2016-10-05,103.72085571289062,104.5481399104659,103.49679752146282,104.35855271577088,918100
2016-10-06,104.14310455322266,104.28960134516196,103.35891081574127,103.4967882156048,913200
2016-10-07,102.41961669921875,104.41027592483483,101.96288743944969,104.41027592483483,1126100
2016-10-10,102.35066223144531,103.47094662153567,102.29895902332959,103.47094662153567,733700
2016-10-11,100.9374008178711,102.04906599775057,100.2480004892359,101.9973627811376,1095800
2016-10-12,101.09249114990234,101.41996230370111,100.63576198767755,100.81672977414381,636700
2016-10-13,100.91152954101562,101.09249733856032,98.95534818926757,100.21350995410462,669500
2016-10-14,100.98048400878906,101.68712307564996,100.98048400878906,101.52338746849783,464300
2016-10-17,100.89429473876953,101.11834634444868,100.5926817506091,100.77364954350536,638300
2016-10-18,102.10939025878906,102.41962271282331,101.48892535072056,102.02321603815102,726200
2016-10-19,103.30721282958984,103.41924521535313,101.86808319815052,102.3248124102517,849800
2016-10-20,103.21244049072266,103.45373752340281,102.37654328252886,102.76433057937473,673000
2016-10-21,103.30721282958984,103.53127102644589,101.77328959850644,102.46269640052327,683400
2016-10-24,103.03146362304688,104.06557394851485,102.81602479374163,103.47096067573754,617300
2016-10-25,102.14385223388672,102.9797559070039,101.97150380784382,102.9797559070039,599000
2016-10-26,102.1783218383789,102.505786473256,101.29933435809257,101.7646764169865,920200
2016-10-27,100.4461898803711,101.89393896399594,98.84332458869106,101.89393896399594,2052800
2016-10-28,101.20455169677734,101.89395204075421,100.3514091556487,100.59270617944581,1123000
2016-10-31,100.87705993652344,101.78190551139787,100.65300832199878,101.5664667149678,1258000
2016-11-01,99.94637298583984,101.2217670255075,99.17079197540922,100.96324440514432,866200
2016-11-02,99.10184478759766,100.02392255872154,98.77438018909382,99.74816116664721,957200
2016-11-03,98.96397399902344,99.61890985802346,98.80886435905428,99.29144521585899,759300
2016-11-04,98.67097473144531,99.44655576042575,98.61065212778409,99.25696855615601,855400
2016-11-07,101.239013671875,101.25624588470224,99.66199992400497,99.92914195818902,1459300
2016-11-08,101.5578384399414,102.04042577251343,100.60990913348915,101.23899325690013,763900
2016-11-09,102.27310943603516,102.87633545818188,99.37761138038977,99.67061157305429,1798800
2016-11-10,103.60883331298828,104.8411435443756,102.45407789579829,102.45407789579829,1554600
2016-11-11,101.5578384399414,103.69499400646677,100.8511995124403,103.19517446454242,1379000
2016-11-14,100.64440155029297,102.27311852957588,99.6878526482162,102.04906031228346,1613400
2016-11-15,100.89429473876953,100.93737855155243,99.87742339677862,100.4117073830428,1075600
2016-11-16,100.95463562011719,101.1614550530739,100.47204817698989,100.96325501410283,605600
2016-11-17,100.2135238647461,101.52338901794114,99.98084625369764,101.2217759801664,1035300
2016-11-18,99.77403259277344,100.4117297058911,99.56721315129475,100.17905865606151,1041200
2016-11-21,100.60131072998047,100.92878194802299,100.28246548041834,100.36002030068877,1158200
2016-11-22,100.67888641357422,101.19593834610528,100.1790666964363,101.1873189510727,1112500
2016-11-23,102.29895782470703,102.29895782470703,100.04977625264064,100.2996860467225,1215500
2016-11-25,102.6178207397461,102.79016916658212,102.28173670514612,102.41099473793761,352000
2016-11-28,102.28173065185547,102.60919527333216,102.10076284198647,102.35066607370749,749900
2016-11-29,105.28926849365234,106.81457256403372,100.94602075852583,101.81639549935997,3835600
2016-11-30,103.66915130615234,105.69427467442084,103.45371251006696,105.61671328900155,2108200
2016-12-01,103.17794036865234,104.29821804682341,102.72120464579478,103.91043088412373,1840600
2016-12-02,103.04869842529297,103.76395688884138,102.62643360242451,103.07455003186226,934600
2016-12-05,103.85520935058594,104.08934894134613,102.6671505703656,103.64707791861176,1946900
2016-12-06,103.21343994140625,104.21938828359949,103.07469232437346,103.69907314143602,996000
2016-12-07,106.02315521240234,106.26596850798529,103.54297949409184,103.82048134849607,2813600
2016-12-08,106.63019561767578,107.19387315811427,105.74566046486706,106.35269374462142,1267300
2016-12-09,107.46272277832031,107.88765277549442,105.30341068901517,106.69092033242073,1376500
2016-12-12,107.08114624023438,107.94834046868532,106.70825245735381,107.80958621637305,872800
2016-12-13,107.29793548583984,107.67082923636003,106.53480039668244,107.66215544230153,830500
2016-12-14,106.30066680908203,107.70551718118296,106.10120923162118,107.23723813459378,995200
2016-12-15,107.03777313232422,107.61011782521331,106.10987566571903,106.17925278490748,908200
2016-12-16,106.22262573242188,107.50607618068729,105.901768082481,107.49740238534186,1735000
2016-12-19,106.66490173339844,106.68224270874539,105.91911408629427,106.07520932908741,793500
2016-12-20,102.66715240478516,105.74569540868131,101.00214061625353,105.6416296908348,4678100
2016-12-21,102.7885513305664,103.00534993089786,101.55713686856407,102.91863181399893,2194300
2016-12-22,101.62649536132812,102.23352868440573,100.7072649655959,102.23352868440573,1732100
2016-12-23,101.97335815429688,102.00804671465578,100.8460097153814,101.37499868256343,936000
2016-12-27,102.8058853149414,102.92729198576262,102.05142390383755,102.29423724547998,703600
2016-12-28,101.87797546386719,103.56900147315363,101.80859834139221,103.04868628692446,747300
2016-12-29,101.81726837158203,102.32890974454493,101.6785141317618,102.01671932111572,574800
2016-12-30,101.62649536132812,101.80860535825141,100.97609967967341,101.66118392495642,984800
2017-01-03,101.375,102.5196960420542,100.69858960462702,102.30289749911844,2364200
2017-01-04,101.3316650390625,101.8172984055185,100.98478595335628,101.78260983533104,1564800
2017-01-05,100.308349609375,100.93273048003067,99.72733109435741,100.80265002928297,1756500
2017-01-06,100.76798248291016,100.941425325467,99.84875857394671,100.35173289310963,1907500
2017-01-09,101.07148742675781,101.66117975189867,100.56851319904452,101.00211030234907,1143700
2017-01-10,100.4644546508789,101.43571461311349,100.32570700836952,101.2796193801859,928300
2017-01-11,101.3923568725586,101.46173400505764,99.81406349712663,100.40375589103348,995100
2017-01-12,101.67851257324219,101.93867346083424,101.05413173595423,101.46171403897088,1102600
2017-01-13,101.5311050415039,102.01673170750459,101.22758837525349,101.66118550308755,1088300
2017-01-17,101.3923568725586,101.65251781134626,100.9067301774003,101.13220254993844,1424300
2017-01-18,101.11485290527344,101.56579764119186,101.00212002937752,101.21024480648052,1386400
2017-01-19,100.68124389648438,101.37500189330221,100.43843058244812,101.03679668929934,1965400
2017-01-20,101.7999267578125,101.7999267578125,100.49046166136787,100.7506225682156,1295500
2017-01-23,101.1842269897461,101.97337032959149,101.01945796241003,101.64383889108653,1750400
2017-01-24,102.0600814819336,102.52836711619108,101.46171540213241,101.63515158541314,3539800
2017-01-25,103.69042205810547,104.22808490526074,101.70454631962157,102.23353537126069,3917600
2017-01-26,103.62971496582031,103.85518732789619,100.34304789806887,101.06282072797102,1980500
2017-01-27,104.23674774169922,104.93050579840346,103.62971440420839,104.4535463073984,1739300
2017-01-30,103.45628356933594,103.65573455508063,102.20752164890223,103.5083131106315,1649800
2017-01-31,102.71047973632812,103.0920406725969,102.3809417169826,102.98798160641745,1356800
2017-02-01,102.28555297851562,102.7278238718964,101.58312779550893,101.73922301575115,1324400
2017-02-02,101.1322021484375,101.75657648994758,101.06282501621389,101.35766790391303,1705100
2017-02-03,101.86931610107422,102.1208032435486,101.29696468382203,101.38368940728508,1120900
2017-02-06,100.97611236572266,101.55713099311657,100.65524807397469,101.51376862909166,1448000
2017-02-07,100.85467529296875,101.23623619349843,100.19560593217626,100.47310777627322,1582800
2017-02-08,100.85467529296875,101.14084431432454,100.18693213875159,100.55982586202244,891600
2017-02-09,100.38641357421875,101.23626027938664,100.24765931107527,100.8546992880769,1030400
2017-02-10,100.79400634765625,101.09752305937738,100.38642392784442,100.7679849585075,1247500
2017-02-13,101.84331512451172,102.28557951647115,101.11486836899718,101.43573268723397,1059300
2017-02-14,101.73921966552734,101.97335918009725,100.49045794471061,101.27960781443964,767600
2017-02-15,101.97335815429688,102.10343860160116,101.21022967490026,101.3923396546597,884700
2017-02-16,101.89531707763672,102.5283717459132,101.56578566805668,102.06875326874903,1810700
2017-02-17,101.8259506225586,102.25088058278493,101.69587015751314,102.03408201309826,906000
2017-02-21,102.59774017333984,103.15274391305108,101.49640648814719,101.72187882495689,1600600
2017-02-22,102.14680480957031,102.7972004544614,101.93868005573181,102.17281957677929,861700
2017-02-23,102.38094329833984,102.73649608972204,102.03407091749531,102.33758755881756,853800
2017-02-24,102.42430877685547,102.53704164245042,101.31430124551007,101.55711456597102,833400
2017-02-27,102.77986907958984,103.8118324494545,102.15549471957614,102.32893093910756,1737000
2017-02-28,102.94462585449219,103.3001786631885,101.76524117692264,102.3896220787144,1616100
2017-03-01,104.37548828125,104.60096061246972,103.47360557253741,103.87251408705457,1283100
2017-03-02,103.00531005859375,104.60095057978464,102.91859197526249,104.34946350680804,1064600
2017-03-03,102.66311645507812,103.06468907575157,102.46233347491756,103.03850057054386,1076300
2017-03-06,102.77660369873047,103.29166203623213,102.26153870087686,102.2877272047699,1203300
2017-03-07,103.70198822021484,103.920234679136,102.38377774343218,102.68932145385111,1676500
2017-03-08,103.50991821289062,104.4178241754835,103.15199752533769,103.18691109358706,2717000
2017-03-09,102.13058471679688,103.62338931164562,101.79885258250326,103.14325122203789,1728800
2017-03-10,102.0956802368164,102.73296276136644,102.03457150106662,102.60201356751614,1407300
2017-03-13,101.8948974609375,102.43614436148069,101.25761493503829,102.43614436148069,1580600
2017-03-14,101.83379364013672,102.30520676553729,101.45840948437439,101.63300397806957,1455800
2017-03-15,103.5535659790039,103.84164619771127,101.87742837560815,102.4012251231175,1606300
2017-03-16,102.24408721923828,104.0511673454175,102.17424676500133,103.61467449696501,1567400
2017-03-17,103.29166412353516,103.43134502758997,102.62819314997903,102.76787405403383,2297100
2017-03-20,103.22183227539062,103.63213663981172,102.99486077791087,103.37896997537418,643400
2017-03-21,102.0956802368164,103.57102827751463,101.79013655806749,103.25675287641498,1047100
2017-03-22,102.20045471191406,102.55838211270299,101.51079508092243,101.92109950217663,1103500
2017-03-23,102.69804382324219,103.14326842378867,101.67665208700565,102.09568152017066,781100
2017-03-24,101.62425994873047,103.11706457037575,101.39728182100697,102.61073130866632,850600
2017-03-27,102.91627502441406,103.20436187978109,100.9782458670021,101.09173826112644,1309200
2017-03-28,103.6932373046875,104.23449082036015,102.78533140437472,103.50117939072777,2120500
2017-03-29,103.34404754638672,104.41782291680717,103.26548202824382,103.61467764970142,1306000
2017-03-30,103.53608703613281,104.40907260416151,103.04721724934917,103.11705769327578,1732200
2017-03-31,103.53608703613281,104.29558687804426,103.09086253153981,103.21308663858704,1469700
2017-04-03,103.01231384277344,104.1035459809384,102.23535709322817,103.66705312567242,1825500
2017-04-04,104.12102508544922,104.39165524276987,103.07344467237766,103.41390863964361,1006400
2017-04-05,103.12580871582031,104.75829453674501,102.92502571442257,104.75829453674501,1440000
2017-04-06,104.20829772949219,104.54002987332598,103.18689947387287,103.34403715471032,1238600
2017-04-07,103.75437927246094,104.32182147447665,103.41391528332237,104.01627772273103,1076500
2017-04-10,104.38291931152344,104.69719475484816,103.01233177382818,103.59723070321166,686500
2017-04-11,104.04243469238281,104.35671007328406,103.57102162103094,104.08608664097831,1019400
2017-04-12,103.21308135986328,104.12971216320251,103.0559436992407,103.61465390137631,904000
2017-04-13,102.54962921142578,103.72815855098887,102.48852048005148,103.02104227932145,818600
2017-04-17,103.05596923828125,103.74562211155104,102.51471568192689,102.80280257451966,660900
2017-04-18,103.29166412353516,103.63212800172863,102.67184509758417,103.0559609233828,1498300
2017-04-19,103.1519775390625,104.23447777457204,102.88134748492165,104.05987666539224,1120300
2017-04-20,104.5225830078125,104.80193817132175,103.28293822565978,103.64959728930205,1034700
2017-04-21,104.39163208007812,104.8193932101283,103.94640750615109,104.50511782386832,853900
2017-04-24,107.38597106933594,107.48200002759691,105.71856521257925,106.01538380911832,1896700
2017-04-25,108.86133575439453,108.90498771220821,107.50821164676765,107.84867560458274,1672900
2017-04-26,109.21925354003906,109.91764484142566,108.34626774348234,108.704188456687,1536000
2017-04-27,109.54225158691406,109.97001272680987,104.77574367237925,107.55183854133735,1653700
2017-04-28,109.10576629638672,109.70812195875672,108.34626626601224,109.22798377340979,1521100
2017-05-01,109.08830261230469,109.55971573422819,108.69546167421159,109.46368676529823,939300
2017-05-02,109.62081909179688,109.66447104293252,108.69545633882443,109.50733334333789,1291900
2017-05-03,109.58589172363281,109.87397859751339,109.15813060385246,109.45494253910964,1000200
2017-05-04,110.27556610107422,110.31048633235189,109.49860927111696,109.81288469226294,1459700
2017-05-05,113.03421020507812,113.0778621640663,110.28430995802245,110.53747666737546,2035500
2017-05-08,112.69371032714844,112.86830478675726,112.02152099161931,112.08262305816585,1005500
2017-05-09,112.28343963623047,112.99055606780077,112.1961490406446,112.71120751293563,861300
2017-05-10,112.76358032226562,112.79850721576125,111.91678298454028,112.23979680619361,830400
2017-05-11,112.69371032714844,112.91195673183532,111.74215919968246,112.60641975769573,898500
2017-05-12,113.24368286132812,113.4532041818422,112.29213184030952,112.34450884026256,1110800
2017-05-15,113.63655853271484,113.87226842549497,112.99928263667111,113.4532389766572,2034700
2017-05-16,114.3873291015625,115.0071548849714,113.76751663885987,113.76751663885987,1764800
2017-05-17,112.45803833007812,114.38732950872873,112.44929994673447,114.38732950872873,1341600
2017-05-18,112.065185546875,112.26598187655586,107.28995870207675,108.65181445113156,2094600
2017-05-19,112.81595611572266,113.1302315502331,112.09137627169284,112.41439008983566,1080900
2017-05-22,113.33102416992188,113.66274971941262,112.79850229336114,113.44450326706324,689000
2017-05-23,113.46197509765625,113.90719309789539,112.90326467118255,113.61910616102043,801100
2017-05-24,115.46981048583984,116.70071007349887,112.973071105788,113.50559286127573,2260700
2017-05-25,115.17298889160156,116.28168438227661,114.91110385661854,116.22058231434846,1323900
2017-05-26,115.20793151855469,115.42617795799717,114.70159818056345,115.09443910741882,957200
2017-05-30,114.8761978149414,114.92857483144144,114.35241432923493,114.91984976892681,1721600
2017-05-31,115.48726654052734,115.56584537328155,114.58809238074194,114.9547447576803,1020100
2017-06-01,117.05866241455078,121.07440241218212,115.3126908191817,115.67061819320183,2287500
2017-06-02,119.26726531982422,120.34977204970942,117.11972861917043,117.47765584284625,2348600
2017-06-05,117.1494369506836,119.77481144334456,116.97382961894942,119.4148077046021,1766700
2017-06-06,117.03529357910156,117.7904172116359,116.28016994656723,116.60505759876156,1082800
2017-06-07,116.85092163085938,118.72117283472427,116.50848259051622,118.15043216883052,1729200
2017-06-08,116.76309967041016,117.06164688974944,115.70066654205375,116.85091004044784,1549700
2017-06-09,119.58167266845703,119.6167887853932,117.25483133140176,117.27239608886201,1837200
2017-06-12,118.51043701171875,120.29287785258633,118.28214878213366,119.63434020010867,1388400
2017-06-13,119.66065979003906,119.77481058393849,118.32601996207052,118.36114946695365,1013200
2017-06-14,118.70360565185547,119.81873312882784,118.32603710854157,119.65190145140885,870500
2017-06-15,118.41386413574219,118.65094146846174,117.4655682028483,117.75532640995347,1176800
2017-06-16,119.41483306884766,119.43239782514608,118.21190852308236,118.83531669285045,1816900
2017-06-19,119.81871032714844,120.25773533239553,119.43236617885421,119.85382643245705,1263200
2017-06-20,118.32605743408203,119.86264550881025,118.15923912599015,119.31825859254737,1461200
2017-06-21,116.65775299072266,118.7738572405309,116.58750736522883,118.62459031060021,1059200
2017-06-22,116.31532287597656,117.13190321385675,116.15726685697722,116.65776195282699,1975200
2017-06-23,116.60505676269531,117.49188254652992,116.15724263390305,116.33286337349762,1878800
2017-06-26,116.67532348632812,116.94751692476753,116.09580709598268,116.9123874113009,768600
2017-06-27,116.10456848144531,117.05286425854077,115.92896112968292,117.05286425854077,833800
2017-06-28,117.34261322021484,117.7552978333986,116.48212788544024,117.05285508342745,1133400
2017-06-29,115.61285400390625,117.48310498718826,115.112372418425,117.43919980299277,978300
2017-06-30,116.38554382324219,116.9562710309555,115.3230973035826,115.84993272453437,1502300
2017-07-03,117.81681060791016,118.37877579450432,116.15729568546325,116.15729568546325,903000
2017-07-05,116.48214721679688,118.13287254550494,116.06946253512403,117.85190343767553,1071600
2017-07-06,116.2801742553711,117.04408699204404,116.1923772796723,116.29773900970363,1598900
2017-07-07,116.83333587646484,117.01773227949914,115.74456240438903,116.36797042830722,1187700
2017-07-10,117.07921600341797,117.73775368464041,116.33288133682258,116.47335919301597,737700
2017-07-11,116.74555969238281,117.21970090204275,116.28018076340666,117.03530446618556,657000
2017-07-12,117.50068664550781,118.08018960712641,117.35140631816971,118.0011683029943,1252700
2017-07-13,117.28994750976562,117.84312342399738,117.03530544849143,117.46555487044756,870700
2017-07-14,117.93089294433594,118.2557671558475,117.26357976993988,117.7113804451028,1078300
2017-07-17,118.13286590576172,118.45775358459503,117.737746002406,118.09774979350051,1190900
2017-07-18,117.79922485351562,118.0889830440147,117.184592357601,117.89581091701531,848400
2017-07-19,119.08116912841797,119.15141475529751,117.61482683701405,117.79922328232075,726500
2017-07-20,118.72118377685547,119.32702721331444,118.22068868823429,119.03728241230465,925700
2017-07-21,118.30846405029297,118.80894559276449,118.03625729086602,118.62456259216235,813900
2017-07-24,118.72994995117188,119.03727288252718,118.00994235107447,118.36994615112317,917100
2017-07-25,119.29190063476562,119.93287352893738,118.82653510088963,119.73970141321722,1009800
2017-07-26,118.56309509277344,119.23919737080756,117.99236792951129,118.83528845980554,1141200
2017-07-27,116.52606201171875,119.03728642295643,115.72703301769212,118.53679131747236,1812900
2017-07-28,116.1308822631836,117.09674257319256,114.93673378807208,116.52601546144665,1486900
2017-07-31,114.28702545166016,116.30654373622872,113.67239294713505,116.30654373622872,2094700
2017-08-01,114.7699203491211,116.13967619296065,114.09381810384862,115.12991066337561,1783300
2017-08-02,114.67333984375,115.02455449829314,114.15528014102551,114.7172316270827,963400
2017-08-03,114.4275131225586,114.86653824031308,114.09384974571053,114.72604698711564,698700
2017-08-04,114.2781982421875,114.76991747971539,113.81283282990191,114.42747852731695,1143600
2017-08-07,114.33970642089844,114.62067553835557,114.04994822609393,114.4889733579825,521900
2017-08-08,112.89970397949219,114.2255550481244,112.61872146540702,114.2255550481244,1137200
2017-08-09,113.1455307006836,113.23334106543595,112.30260345118533,112.80309171491838,1357700
2017-08-10,112.05677795410156,113.20701496600539,112.02165513939588,112.82068410121855,1130500
2017-08-11,111.89871978759766,112.82067517847887,111.82847416374183,112.10944996017369,583000
2017-08-14,115.07722473144531,115.16503508596358,112.85575942151911,112.85575942151911,1648600
2017-08-15,115.43729400634766,115.62167709841123,114.72607528384349,114.86656657169253,1030100
2017-08-16,117.29874420166016,117.790450258848,115.55143256258087,115.58654868181492,1771000
2017-08-17,115.71821594238281,117.50066995856353,115.54260860325608,117.28115743515983,980200
2017-08-18,116.16602325439453,116.32406583094871,115.02455552001963,115.70943348104849,935100
2017-08-21,115.2089614868164,115.9465203679172,115.00700031381525,115.56895185150846,1034100
2017-08-22,116.5611572265625,116.94750143562332,115.95530048035182,115.97286523475877,910500
2017-08-23,116.23627471923828,117.14944091393745,115.63041801597527,116.45578724082742,826800
2017-08-24,116.03430938720703,116.76309254047747,115.7357755840786,116.54358002676881,624200
2017-08-25,116.27137756347656,116.76308341206604,115.97284378368717,116.22747238457117,527600
2017-08-28,115.9728775024414,116.66653129809794,115.48117151088994,116.4294673794464,479000
2017-08-29,114.91922760009766,115.1562915346495,113.91825079359246,114.27824123427708,576400
2017-08-30,114.70845794677734,115.0421212529877,114.09382559163762,114.91919478195975,1885800
2017-08-31,115.49869537353516,115.60407048805587,114.5679644828136,114.70845570352105,1149400
2017-09-01,115.05091857910156,115.89385268046382,114.74359564471315,115.15628031752821,901200
2017-09-05,114.40994262695312,114.94555377966358,113.99725796512789,114.81383821215485,819100
2017-09-06,115.70066833496094,115.71821969085534,114.78748870515138,114.94554469407217,1671900
2017-09-07,116.81190490722656,117.12990517428723,116.28189996926362,116.77656405611678,1376300
2017-09-08,117.00626373291016,117.13875825594222,116.28192439743275,116.50275758821172,807000
2017-09-11,119.25870513916016,119.29404598395698,117.03271714595125,117.03271714595125,2149700
2017-09-12,119.09088897705078,120.00954880680345,118.27821125099025,118.65805121845156,1418500
2017-09-13,118.49903106689453,119.02903587595691,118.05736488553661,118.76403347142572,858400
2017-09-14,118.44609069824219,118.85242971263976,117.51858857206908,118.10159144893089,1314400
2017-09-15,118.56090545654297,119.1085673683583,117.85423666409943,118.53440655620261,1840100
2017-09-18,119.02023315429688,119.23222434091974,118.22522576870581,118.9407229807282,1030800
2017-09-19,120.58374786376953,120.64558762548593,118.94959037679065,119.31176003618907,2031900
2017-09-20,121.89105224609375,122.53588117444173,120.71621844492749,120.83988445144058,1681400
2017-09-21,122.40340423583984,122.73023298304793,121.74090478917326,121.98823683764192,923200
2017-09-22,121.54662322998047,122.32394708559865,121.2374512960766,122.32394708559865,922000
2017-09-25,121.6348876953125,121.7408967652304,120.39822753447744,120.55722092147701,1645300
2017-09-26,122.27973175048828,124.23190282927602,121.82923695319259,122.34157150544722,1490300
2017-09-27,122.52708435058594,123.65774912463556,121.29925244070766,122.96875069915492,1480600
2017-09-28,124.60289764404297,124.61173959656813,121.97057020150208,122.00589757584424,1453000
2017-09-29,123.4369125366211,125.32724391707448,123.14541113719676,124.77074002012012,1304300
2017-10-02,124.71772766113281,124.77955393214178,122.9952318460921,123.30439015830767,920200
2017-10-03,125.8660888671875,126.01625381781456,124.10825183586816,124.55874668774933,1006300
2017-10-04,125.74238586425781,126.29004769718148,125.27422072090354,125.87488034687347,739200
2017-10-05,125.74238586425781,126.07804304641222,125.22120944927308,125.92787813991974,803300
2017-10-06,125.39793395996094,125.7689321295994,124.99159492925828,125.49510111000357,1190400
2017-10-09,124.43505096435547,125.31838350696569,124.22305978042337,125.25655723784715,579900
2017-10-10,124.21418762207031,125.36252234392646,123.97569759814314,124.7530208811715,879600
2017-10-11,124.7088851928711,124.77955341557833,123.595891012049,124.38205645661225,781700
2017-10-12,125.318359375,125.4155264751195,123.97570387336245,124.13469723069493,880800
2017-10-13,125.61872863769531,126.2017178805517,125.3183853251258,125.68055490771086,648700
2017-10-16,124.80608367919922,125.46858327016342,123.99341913171375,125.12408402200559,746600
2017-10-17,124.93854522705078,125.28304434710911,124.30254477793021,125.06221123223625,633000
2017-10-18,123.57821655273438,124.75305044454443,123.57821655273438,124.75305044454443,937300
2017-10-19,124.02874755859375,124.32024896682853,123.26023894467029,123.51641297550722,881000
2017-10-20,126.44021606445312,126.44021606445312,124.24071324274145,124.65588060441294,1185000
2017-10-23,125.82190704345703,127.16457646916074,125.82190704345703,126.90840244813052,1225500
2017-10-24,126.27240753173828,127.71224415458022,125.97207764678579,126.8995796831037,1076000
2017-10-25,126.8642578125,127.14693079023162,125.8219315339409,126.29892533562621,1424900
2017-10-26,132.14662170410156,132.420452776517,126.57277917263977,127.76528410967877,2803700
2017-10-27,130.85684204101562,132.29667795538774,130.5918396640922,131.83734140062583,2127100
2017-10-30,130.24737548828125,132.0582098237214,129.58487610789467,131.3603830736247,1727100
2017-10-31,129.07260131835938,130.64493282988929,129.0549443646321,130.60077696698042,1533000
2017-11-01,130.6625213623047,131.43101620405542,129.84102873541008,131.27202284862375,1317700
2017-11-02,130.64488220214844,130.74204932435674,129.4082219909388,130.353394314109,1233600
2017-11-03,130.29159545898438,130.70676297703915,129.3905921773985,130.3887626116906,1011800
2017-11-06,130.2650909423828,130.7420847305709,129.97358949681654,130.29158984847163,615900
2017-11-07,131.57240295410156,131.57240295410156,130.3445710403867,130.73323958491585,864000
2017-11-08,132.473388671875,132.54405689600986,131.34272404288842,131.6607243122025,1759900
2017-11-09,131.1395263671875,132.7206853401648,131.0423592697253,131.7578563153188,1908200
2017-11-10,130.98057556152344,131.30740435706656,130.37991577743472,131.13074050754562,1283200
2017-11-13,130.86572265625,131.23673421892474,128.73690127935504,129.31106209265224,1455900
2017-11-14,130.4064178466797,130.58308170048932,129.43474643284466,130.56541127153193,1056100
2017-11-15,129.11669921875,130.29153296392246,128.85169679497116,130.03537249070558,1943800
2017-11-16,131.65191650390625,131.6872573644321,129.6555891990463,130.29158990262079,1779900
2017-11-17,133.06521606445312,133.7718848069232,131.65187857951298,131.71371832832475,2930700
2017-11-20,133.2683868408203,133.54221779392861,132.8708898611926,133.06522411409256,1497800
2017-11-21,133.69239807128906,134.51389094211785,133.1977204796981,133.7012265452405,2127900
2017-11-22,134.0192413330078,134.69941130129217,133.55107606977754,134.09873804293272,2341000
2017-11-24,135.04391479492188,135.90074863856293,134.93790569974746,135.1940797446152,807800
2017-11-27,134.3372344970703,135.96256338016406,134.15172870520377,135.52089704376334,1253100
2017-11-28,138.1178741455078,138.15320151592988,134.0810380366142,134.5580451481125,2641100
2017-11-29,137.0667266845703,138.0383979981046,136.32473048800958,138.0383979981046,1301700
2017-11-30,135.96255493164062,137.7733894940782,135.36189522118156,137.62322456646342,3178300
2017-12-01,134.15170288085938,135.91836788637733,133.85137306478157,135.79470187513445,2270100
2017-12-04,135.46786499023438,136.3511974397068,135.14986476928095,135.42369567204406,2300600
2017-12-05,135.22056579589844,135.80356858888436,134.89373702343065,135.37073073131842,1308100
2017-12-06,133.53176879882812,134.99680373731485,133.3985887310851,134.7304436018288,1421200
2017-12-07,134.03785705566406,134.37525101858319,133.43407590650568,133.7448474087921,1647000
2017-12-08,134.43743896484375,135.24543420177426,134.2154631446977,135.04120669244313,1424900
2017-12-11,135.19215393066406,135.62723143262556,134.7659641327877,135.0500996969249,3109400
2017-12-12,134.375244140625,135.59168053022302,133.90465660867315,134.89022953467756,1508000
2017-12-13,134.31314086914062,135.2720780938141,133.86030149874142,135.2720780938141,1183600
2017-12-14,132.421875,134.5617248390737,132.0755933140844,134.43741894024058,2503200
2017-12-15,132.83035278320312,133.1411108412192,132.1022654989993,132.88362481895842,3631100
2017-12-18,136.14218139648438,136.2487254310226,133.62941404479315,133.64717589999148,2350000
2017-12-19,136.88804626464844,137.1899301265136,136.13333660998558,136.9324441380589,1811200
2017-12-20,136.74598693847656,137.42080214002283,136.5062627942395,137.2876085115615,987300
2017-12-21,136.82589721679688,137.35863104158614,136.4263299127943,137.1544170861667,1363300
2017-12-22,136.594970703125,137.27865968870628,136.15990697910965,137.109955980079,509500
2017-12-26,135.5028839111328,136.53285469243582,135.2542721430011,136.53285469243582,1960800
2017-12-27,136.90577697753906,137.02120871247973,135.62719438483697,135.91132987135998,1574900
2017-12-28,137.88253784179688,137.99796964003892,136.49741045622488,137.11006608022782,905800
2017-12-29,137.34085083007812,138.2909136905713,136.87915095329004,137.75816638864453,1924300
2018-01-02,138.6815643310547,138.82363205506508,136.12439949216338,137.4118560637382,1067600
2018-01-03,139.84475708007812,140.01346085952625,138.2287667172887,138.5395382634645,1427900
2018-01-04,142.03787231445312,143.2542953315289,141.06117340038168,141.52288684597247,1896800
2018-01-05,143.2809295654297,144.14219672033673,142.5617301686846,143.63609896083457,1699500
2018-01-08,143.2277069091797,143.52959083807818,142.47299708693347,143.0501289244354,936700
2018-01-09,144.6217041015625,146.0512290579322,143.8048346333984,144.14222869847546,3366400
2018-01-10,144.3908233642578,144.87917286543038,143.3963760515635,144.46185725064004,2416800
2018-01-11,145.4474334716797,147.462977701702,145.00348183368624,145.7138071641415,2007100
2018-01-12,145.74928283691406,146.61054989463668,144.95017549699594,145.66937481258736,2644400
2018-01-16,143.9291534423828,146.70828200442278,142.25989063508868,146.06011628495847,2754100
2018-01-17,145.13670349121094,145.82037939099484,143.36089659619142,145.2166115498873,1751900
2018-01-18,143.3963623046875,146.06894597550712,143.3075665681401,144.71045520596044,1746700
2018-01-19,143.73377990722656,144.15109551122333,143.20990670224822,144.0179018970784,1678800
2018-01-22,142.61500549316406,143.57394256047075,141.7182281521152,143.4585243590779,1523400
2018-01-23,141.380859375,142.78374842029532,140.74156782148995,141.7626648950582,1775300
2018-01-24,142.83702087402344,143.87586626441754,141.15888392825894,141.26544155304148,3701100
2018-01-25,145.03897094726562,148.23541384918897,143.6627184881772,147.62275856719748,3391800
2018-01-26,147.11666870117188,147.6050181221256,144.00012010911098,145.3408624783046,1870000
2018-01-29,144.57723999023438,147.50732245548863,142.69489005847083,146.6815656610577,2982800
2018-01-30,142.70379638671875,144.67494247787917,142.65052436506474,144.46184084293614,2007700
2018-01-31,143.38746643066406,144.1333017307085,142.09999618738297,143.33418086781074,3570500
2018-02-01,141.91360473632812,142.86365434719468,141.1144835321905,141.92247889309718,1520800
2018-02-02,137.6693572998047,139.71153682699494,137.58056158406092,139.1521536241221,2086200
2018-02-05,133.46963500976562,139.25875496400784,133.21213545711493,136.75487461964667,2593900
2018-02-06,137.9002685546875,138.85920580845834,131.42745902714682,133.3186839694479,3718100
2018-02-07,133.1943817138672,137.42968464772596,133.185507557429,137.23434481944196,2248000
2018-02-08,127.92019653320312,133.7359505636799,127.90243467900298,133.07891098985053,2054300
2018-02-09,132.72378540039062,133.7448823544687,128.47960858522734,129.00346829606076,3116200
2018-02-12,136.51515197753906,137.60726939982666,133.62946583817646,133.95798577088408,3099700
2018-02-13,136.5861358642578,137.1366314522664,135.03230543510028,135.60943703231405,1402800
2018-02-14,137.6871337890625,138.72597874174068,134.96126489618672,135.1832406608186,1622000
2018-02-15,138.33526611328125,138.78809168733483,135.95567944092844,138.75258153475744,1634200
2018-02-16,136.39077758789062,137.7403939138728,136.02673411372368,137.22540855858585,1589400
2018-02-20,136.3819580078125,136.96796391361053,134.64166150570483,135.1832830833084,2590500
2018-02-21,135.6183319091797,138.28204135723092,135.6183319091797,136.26649741467398,1834100
2018-02-22,136.44407653808594,137.58947919791154,135.97348894864658,136.6216544598566,1627100
2018-02-23,138.17552185058594,138.28207947073983,135.44966547590562,137.01237057207976,1593400
2018-02-26,138.36195373535156,138.49513379260688,136.43520546653664,138.01567203816046,1018600
2018-02-27,136.7371063232422,137.9091451663536,136.33755255339202,137.53621386294253,1239400
2018-02-28,132.96351623535156,137.1810568171073,132.88360819171723,136.87028524964637,1541700
2018-03-01,131.33863830566406,133.2565124486361,130.15772543656536,132.4840410084088,1918000
2018-03-02,132.6793212890625,133.16767058432393,130.21095235845684,130.73482535609517,1420600
2018-03-05,135.6183319091797,136.22209954754106,131.86249183263212,132.1288654871026,1852900
2018-03-06,137.1671905517578,138.07777386423433,135.48887681770404,136.6404860719724,1470000
2018-03-07,138.46163940429688,139.08654411878754,135.9709292696754,136.18518815260126,1821700
2018-03-08,140.94345092773438,141.13091558081703,138.76519938398025,139.03301965314597,2190900
2018-03-09,142.91635131835938,142.99669330435202,140.2917374673726,141.0059202384151,1340300
2018-03-12,143.82693481445312,145.9337664987756,142.94313210207133,145.2017254118103,1787800
2018-03-13,143.1663360595703,144.61256014742148,142.00580419632806,144.5143598304804,1678500
2018-03-14,140.63992309570312,143.94301725862414,140.5863617627962,143.6751969721838,1611600
2018-03-15,138.9705352783203,141.43445201559646,138.8634126094536,140.68456608971755,1491600
2018-03-16,137.76535034179688,138.67592017813746,136.72084993921598,138.05993765114525,2276000
2018-03-19,133.5338134765625,135.97094902817693,132.6143077726445,134.14085996687982,2058400
2018-03-20,134.1051788330078,134.92648437135077,133.79271956844124,134.42656044556855,837700
2018-03-21,135.43531799316406,136.47980462588427,133.89982987790802,134.4443926818291,826700
2018-03-22,130.41819763183594,134.5068799436291,130.2485776949818,133.9623171251568,1351300
2018-03-23,127.25797271728516,131.72159846238878,126.89195213692952,131.0966935824552,1232100
2018-03-26,130.43606567382812,130.74852490942934,128.25781423749888,129.4451402621178,1068200
2018-03-27,128.65060424804688,131.36448233780172,127.79358222807524,130.4985379714408,856500
2018-03-28,126.90975952148438,129.2844107341204,126.19557696450897,128.95409329865345,1236200
2018-03-29,128.8202362060547,129.76652264394832,125.21361913034579,125.57071734778953,1461000
2018-04-02,126.85625457763672,129.32017119096187,125.52608914453177,128.5702853028071,2028000
2018-04-03,128.2310333251953,128.76667383607085,126.2313241894179,126.74018403694006,1079000
2018-04-04,129.46298217773438,129.71294408578808,124.9814989029392,125.98134653515396,1132800
2018-04-05,130.97171020507812,131.97155799463943,129.7397451630083,130.3378693672569,988100
2018-04-06,127.82038116455078,130.80209353513558,127.0704953035483,129.79330975089582,1188600
2018-04-09,128.5077667236328,130.28429445628865,127.49006072338399,128.59704467635237,1231700
2018-04-10,130.953857421875,132.29294517743813,129.5254917005123,130.47177820160545,1089400
2018-04-11,129.0880584716797,130.04326727165403,128.64169590935978,129.659402006573,890700
2018-04-12,131.1591796875,131.82872356166007,129.25767072587584,129.81116959141022,1001200
2018-04-13,130.81101989746094,131.90906805776459,130.16825667633069,131.54306108560021,716500
2018-04-16,134.9800262451172,134.9800262451172,131.23950606705316,132.1233087796672,2211500
2018-04-17,138.3009490966797,138.51520799085299,134.5425846452984,135.6495548771058,2268500
2018-04-18,136.8101348876953,138.318842633009,136.62265660481447,138.20278399970633,971000
2018-04-19,135.3013916015625,136.45301441838367,134.28368570073775,136.45301441838367,839000
2018-04-20,134.5158233642578,135.12288356905736,133.59631752011154,135.03360560244104,974700
2018-04-23,134.2301483154297,134.5604522476887,133.0963836096458,133.49810718545618,865900
2018-04-24,131.0342254638672,135.01578650880205,129.35589745094742,134.5069265220266,1221000
2018-04-25,133.6855926513672,136.73871106259955,132.64110584925388,136.08702551021872,2062400
2018-04-26,139.25616455078125,139.8721333004245,133.9801570279628,135.19426345859935,3037100
2018-04-27,136.79226684570312,139.46151986857916,135.49781814114212,139.26511925167702,1734000
2018-04-30,136.15847778320312,137.34580416461193,135.64961778178156,137.34580416461193,1411300
2018-05-01,136.85472106933594,136.92614069135857,134.85501251840233,135.73881501629486,985100
2018-05-02,135.01576232910156,137.49753726184386,134.61402509700082,137.38147862840094,1591800
2018-05-03,136.44412231445312,137.67608750377923,134.3194455076736,135.08718975839903,1537900
2018-05-04,137.988525390625,138.55986891034968,135.09609115969783,135.35497544533231,1066500
2018-05-07,138.60446166992188,140.20244685304343,138.05989894154706,139.13117970824564,897100
2018-05-08,137.47964477539062,138.37236974146458,136.87259833697325,137.88136828574352,1041200
2018-05-09,138.82769775390625,139.52402235428994,136.80122125833367,138.35455446446366,1365000
2018-05-10,140.20248413085938,141.04164793100776,139.15799736532503,139.35439798331313,1250200
2018-05-11,140.72027587890625,141.93438268063116,139.72935037439618,140.09535734918046,1166100
2018-05-14,141.4522705078125,141.74687138615565,140.50598420750538,141.27372823600209,1150300
2018-05-15,141.56834411621094,141.63082778810994,140.27389548103628,140.98806464395773,1344600
2018-05-16,141.9432830810547,142.66638819271782,141.16661664584663,141.46121754724703,1273400
2018-05-17,142.71102905273438,142.98777164263703,141.514780738102,141.9522073007597,1520500
2018-05-18,142.42535400390625,143.15739511179441,142.0682694188266,142.18432803883417,1882500
2018-05-21,143.25559997558594,143.9608468212315,142.8360180827156,143.3270196192558,746800
2018-05-22,142.13076782226562,144.34472223522252,142.00578685432217,143.47877780664874,1044300
2018-05-23,141.6487579345703,141.91657831743078,140.24718593859376,141.2827371987247,1375900
2018-05-24,140.60418701171875,142.18431407036408,139.9346432640439,142.10395846799724,1282400
2018-05-25,140.22035217285156,140.5595784822552,138.86340606952095,140.041796237275,1094600
2018-05-29,136.8636932373047,139.7561276836239,136.81013190676444,139.19370646914112,1318000
2018-05-30,139.70254516601562,139.8543067868321,137.55107456957037,137.89923678718534,1223300
2018-05-31,139.4972686767578,140.29179375255708,138.78309924109328,139.98827038020877,2504700
2018-06-01,140.87203979492188,141.52372537915014,139.8096946235669,140.69349747865593,1025200
2018-06-04,140.63099670410156,141.87188416108822,140.39889306087642,141.4969412196144,641200
2018-06-05,142.39859008789062,143.0413533141491,141.67548486382617,141.82724651142811,1179300
2018-06-06,145.6156463623047,145.84895669179724,141.6403061774393,142.6812544648201,1555000
2018-06-07,143.37225341796875,144.71830320438679,142.9056189913804,144.3772995434884,1227000
2018-06-08,143.4261016845703,143.6594120652728,142.12492288610713,142.68128578232773,1079700
2018-06-11,144.09011840820312,144.70032094105966,142.8786683837002,143.55169313226324,1289000
2018-06-12,144.78109741210938,146.19893802327542,143.9824418322521,144.46702737533076,1179000
2018-06-13,144.0003662109375,145.60664580685858,143.76705591049253,145.3733355064136,1048700
2018-06-14,144.9695281982422,145.90278312347863,144.62852462328897,145.23874082621987,1169000
2018-06-15,143.81192016601562,144.5477671140265,142.70816343672257,144.5477671140265,2856700
2018-06-18,142.2056427001953,142.38511322675413,141.39801848431884,142.08001196233178,972900
2018-06-19,139.37001037597656,140.32121682154994,138.9213270569153,140.25840827710007,1141300
2018-06-20,139.1097412109375,139.7289262090893,138.3918453624611,139.5494419774269,1173600
2018-06-21,139.8724822998047,140.33911661477293,139.20843999402396,139.34303946337866,2217100
2018-06-22,141.90951538085938,142.66329983572106,140.62628806075367,140.72499890789442,1341000
2018-06-25,138.91233825683594,141.42496721922623,137.5752572297655,141.42496721922623,1434500
2018-06-26,138.36489868164062,139.37892688479553,137.76366496158647,139.10073185666144,1026100
2018-06-27,139.57640075683594,141.11987246858706,139.11874870114266,139.3700102641972,1399300
2018-06-28,140.599365234375,140.60834766199056,138.50851350869834,139.8814830468298,1349500
2018-06-29,141.91847229003906,143.3722149806843,141.02110600633924,141.1826390576211,1391000
2018-07-02,142.03514099121094,142.41203320502362,140.4827010811132,140.8865131892894,1291900
2018-07-03,141.04800415039062,143.10298029111885,140.93135586254786,142.4120045252533,640000
2018-07-05,145.2657012939453,146.42329811703794,144.538836580291,145.37338089812317,1547900
2018-07-06,147.20394897460938,148.51410968301548,144.94259595481205,145.36435917440514,1642500
2018-07-09,147.89492797851562,149.2230261811449,147.89492797851562,148.1372206975317,1293700
2018-07-10,149.3845672607422,149.5999400995336,147.73341657484337,148.16414855970328,2150100
2018-07-11,147.22189331054688,147.67955882572136,145.92968382041857,146.4322066904193,1518200
2018-07-12,148.86410522460938,149.11536671051792,146.3514766727998,147.76931716769752,1913100
2018-07-13,149.6807098388672,150.50628523730086,147.8949458739372,148.20004714652106,1501800
2018-07-16,149.89608764648438,151.24213733821645,149.62688866231838,150.78448537240874,1399500
2018-07-17,149.73452758789062,150.2998726865418,149.23200469696596,149.9050293600376,1854200
2018-07-18,148.09239196777344,149.90507612645132,147.39244719523242,149.16922902608835,1641300
2018-07-19,148.29879760742188,148.36161984117746,145.99257259330892,147.1232495663618,1553400
2018-07-20,148.5859375,149.27691349611908,146.4053299199918,146.43224981790453,1326500
2018-07-23,145.28363037109375,147.89497016332834,145.1490308736491,147.5449977772462,1745200
2018-07-24,146.57577514648438,147.16804005735827,145.741231247933,145.92967046057106,1685100
2018-07-25,148.7923126220703,148.96281441977214,146.23482673471457,147.91289743114518,1562100
2018-07-26,149.36663818359375,150.21016481099815,145.65154174471425,146.06433632357863,2223000
2018-07-27,149.3487091064453,150.69475893831716,148.57698701452335,149.42948250283013,1470800
2018-07-30,148.37054443359375,150.62294266576956,148.06544317028437,149.34867043858625,1268200
2018-07-31,150.3088836669922,150.72167826783217,148.5859416883842,148.7654122437698,1673600
2018-08-01,148.4961700439453,150.69471471899072,147.75135437907173,150.38961346621542,1447600
2018-08-02,147.0962677001953,147.6346929040165,146.1899327562421,147.25780073843038,1597600
2018-08-03,148.10198974609375,148.29138229864958,147.05577548723613,147.12792961839804,1050100
2018-08-06,142.4650115966797,143.22260898166545,138.46054861605933,139.12794993817138,3928400
2018-08-07,141.626220703125,144.16057297659077,141.12115582098053,143.37591958911534,2552900
2018-08-08,141.64431762695312,142.46505525989053,141.13925254883512,141.96900428602774,1740900
2018-08-09,141.73443603515625,142.72653753545737,140.91371253434534,141.59915572238108,1003300
2018-08-10,139.60595703125,140.54394653013256,139.01070981455985,140.54394653013256,1303700
2018-08-13,139.1820831298828,140.69727797929028,138.52368211275882,140.23731106328896,1337500
2018-08-14,140.10202026367188,140.53494488398053,139.35343692329138,140.0930061614943,1612000
2018-08-15,139.46168518066406,139.54285339217532,137.55866357062874,139.01073232294942,1352200
2018-08-16,139.3714599609375,140.6431500566523,139.19108160796762,140.42668777589674,1102400
2018-08-17,140.73336791992188,140.92277418370023,139.03779445909657,139.03779445909657,1662800
2018-08-20,142.7626190185547,143.13240358544215,141.27448041208615,141.27448041208615,1161100
2018-08-21,142.78968811035156,143.62845363572052,142.46500157363124,142.98809466313827,935200
2018-08-22,139.8134002685547,142.71753720009636,139.73221831107472,142.41990672130012,1229200
2018-08-23,139.70516967773438,140.4627808286026,138.974628355457,139.79536574107183,840400
2018-08-24,140.88670349121094,141.15726420705795,139.3624805693212,140.16517613764313,708000
2018-08-27,142.54620361328125,142.7175679041813,141.49097555888488,141.57214377184093,674200
2018-08-28,142.81671142578125,143.49314040867193,142.12224048332493,142.95199171756624,1078100
2018-08-29,143.8539276123047,143.99823579554473,142.31166314814666,142.9880922748503,685700
2018-08-30,142.4019012451172,143.7186897224687,141.83369620709698,143.46615720823522,805700
2018-08-31,142.6724395751953,143.4570929911634,142.0140523843484,142.63635564688278,1057800
2018-09-04,140.85960388183594,142.49206450697415,139.9035861892933,142.38382648152577,1577700
2018-09-05,140.8235626220703,141.56313193950385,140.28241366970482,140.5800442173069,1736100
2018-09-06,141.30154418945312,142.22149172543988,140.09299402691352,141.17527795996372,897600
2018-09-07,139.8223876953125,141.0309375820578,139.4075189339444,141.00388152205483,1225600
2018-09-10,140.5800323486328,141.12118125531103,140.10202344459535,140.51690610798045,645300
2018-09-11,141.67135620117188,141.99604282013826,139.39854986840731,140.3094834793352,1247500
2018-09-12,141.23841857910156,142.2214923531787,141.08508252077127,141.56310513664843,799700
2018-09-13,143.57435607910156,143.7006223138649,141.86072716504216,142.5642262009949,867900
2018-09-14,141.5901641845703,144.36803506608194,141.45487008825106,144.01627867284418,1675500
2018-09-17,142.51910400390625,143.47512158530455,141.5721005227529,141.7434647613026,1529500
2018-09-18,142.6544189453125,143.52926855091118,142.41992842415792,143.02420357489308,1104600
2018-09-19,148.24615478515625,150.29348346274298,146.78507275055162,146.78507275055162,2689100
2018-09-20,149.9056854248047,150.32956825324382,147.8493286872357,149.14807451644444,1624200
2018-09-21,150.16729736328125,151.4750578611944,149.49086809587908,150.59119413847904,2323000
2018-09-24,147.9125213623047,150.8437146210089,147.84036726142114,149.70731849656525,1609000
2018-09-25,147.0647430419922,148.64307803633073,146.90240661975778,147.67804608174086,1273900
2018-09-26,146.63180541992188,148.15602799561717,146.01850249199146,146.74905754481736,1309300
2018-09-27,146.40634155273438,147.72311605667792,146.0545989099563,147.01061666919992,1314300
2018-09-28,144.96331787109375,146.2350083738189,144.40414066932408,144.93626179758814,1302400
2018-10-01,152.3048095703125,152.5122577877858,149.07598554647228,149.3375459034643,2329700
2018-10-02,152.44912719726562,152.6565616655591,149.20226100576562,149.95084442663895,1652300
2018-10-03,151.1323699951172,153.09851814372564,150.78061350186167,153.09851814372564,950500
2018-10-04,149.56301879882812,150.61824678052253,147.3533526613319,150.45591036579495,1720100
2018-10-05,148.1289825439453,149.4818409608014,147.59684777420478,148.04780057982347,1538700
2018-10-08,148.1920623779297,148.7332110800202,146.89331650249903,147.4525071645214,1109000
2018-10-09,145.36915588378906,147.67804606386994,145.20681946157433,146.9204348075675,1510400
2018-10-10,142.5100860595703,145.74793733090584,142.44695982949224,145.39619472908217,2222200
2018-10-11,139.1279296875,142.6904672226628,138.68600482490922,142.43792103577306,1977000
2018-10-12,140.91371154785156,142.30263987656468,140.09297429080135,141.43681835689506,1840700
2018-10-15,141.40977478027344,143.6645388091584,140.68826130062024,141.24743837594772,2161500
2018-10-16,144.90916442871094,145.06248672221324,141.79759300437013,142.24854578360754,1297500
2018-10-17,144.11549377441406,146.33418766735704,143.4841625892637,145.83813682117187,1540700
2018-10-18,145.53147888183594,151.08722032626667,143.83589205817535,150.69037968566644,3739600
2018-10-19,144.16961669921875,147.0647259892784,143.66453799952544,145.6216852761169,3012000
2018-10-22,150.50997924804688,152.37691629080538,144.77386028907523,149.02182706412475,7591100
2018-10-23,148.06582641601562,149.66220302736278,145.74793640386582,148.67010145828016,4959200
2018-10-24,145.41421508789062,147.91249709337237,145.008360378751,145.87419568530282,5610900
2018-10-25,148.81439208984375,150.04098399330607,146.49648858911613,146.79411902473393,5105400
2018-10-26,148.76031494140625,150.7174484824298,147.4074565134371,147.65097488382807,35352000
2018-10-29,149.2563934326172,152.56638601475964,148.44466996827785,149.91478080283335,14032500
2018-10-30,148.3634796142578,151.22251887696635,146.77613062254864,149.81554826308965,57375600
2018-10-31,149.23829650878906,149.3555486215928,145.4863665189206,145.87419302020248,18032200
2018-11-01,146.1087188720703,149.24734675744693,146.05460673366548,148.50779126260005,11423500
2018-11-02,144.16058349609375,145.93733857599398,140.19220447939531,144.9001526717621,6835100
2018-11-05,146.0996856689453,146.28006402737537,142.00502674645148,142.1854051048815,4477400
2018-11-06,149.29246520996094,150.03203456793614,145.8111082892756,145.9554165194157,2510600
2018-11-07,150.48297119140625,150.48297119140625,148.11996890488155,148.39955746929746,7626300
2018-11-08,149.0850067138672,149.85161825925903,146.94748096497915,148.36347944138987,4010000
2018-11-09,145.67578125,147.85839092409338,144.80093180781563,147.0015834453934,3249100
2018-11-12,143.60142517089844,146.37929634962896,143.3218366087061,144.35902264819165,1990800
2018-11-13,141.5360565185547,144.60254419091822,141.17529973921262,144.5033340123008,2507100
2018-11-14,138.3162384033203,142.7175419772256,137.99155184849144,142.6724439464464,2338700
2018-11-15,139.95770263671875,140.96784625412744,137.59471439836312,140.77844002524233,2759400
2018-11-16,142.57321166992188,142.9159401363014,138.35228711182683,138.65894541636968,2726800
2018-11-19,143.8539276123047,145.61264058933696,142.89790998181462,143.05123226576248,2464700
2018-11-20,142.38380432128906,144.4762315024663,141.81561326456034,142.04108961967074,2151600
2018-11-21,143.45712280273438,145.4232844447612,142.99715583606238,143.61947298990577,2070900
2018-11-23,140.86862182617188,142.51008267503656,140.7152995430681,141.47289685792873,963600
2018-11-26,141.88775634765625,142.69946565831998,141.49091579151542,141.63521018848922,2678200
2018-11-27,137.5857391357422,141.28354483575316,136.65677721818398,140.39066685863875,2525900
2018-11-28,140.9588165283203,141.1301807898126,136.81907323411036,138.4695620909233,1808800
2018-11-29,143.6825714111328,144.16058025314618,140.11103312884472,140.25532755817937,2901300
2018-11-30,143.44810485839844,144.85507555359032,141.54508327400714,141.61723738170787,3944100
2018-12-03,148.22817993164062,148.29130616275108,144.2327312621073,146.37927083561675,3177200
2018-12-04,145.05345153808594,148.17403661013347,144.7107230718438,147.8673920676982,2746100
2018-12-06,140.67922973632812,143.42103043004334,137.99155493795186,142.97909173769142,4785400
2018-12-07,137.73902893066406,142.97008433767326,137.41434235334657,140.89569863603316,2518700
2018-12-10,141.51800537109375,142.08619651834698,138.99266703912207,140.72432407082033,2540400
2018-12-11,142.0140838623047,146.5236125618801,141.28352865290233,145.3511323475926,2552900
2018-12-12,144.8009490966797,146.2349757202269,143.81787528018413,145.79303701500078,2402600
2018-12-13,142.58226013183594,145.477383307899,141.8697607274774,144.66565997011134,2456700
2018-12-14,141.5360565185547,142.92499901919854,140.74238885160432,141.94192509780075,2360800
2018-12-17,142.64674377441406,144.55982273536063,141.06912911185287,142.51981021545305,3148600
2018-12-18,142.90057373046875,144.06111277765794,142.01203904880882,143.634975833096,2147000
2018-12-19,141.28672790527344,143.7075409731725,140.72459557905015,142.71019603820903,2618700
2018-12-20,139.67286682128906,141.80353836808845,138.2131239042034,140.06272925912586,3398900
2018-12-21,138.8205108642578,142.78266194664286,138.74797546478806,141.44985338015076,5452000
2018-12-24,134.30531311035156,139.09253964043063,134.30531311035156,138.44879650350288,2086800
2018-12-26,138.48509216308594,138.5122912174679,132.32878127324688,134.86746574839543,2591500
2018-12-27,141.81260681152344,141.81260681152344,136.5448433688942,137.8595153354213,2867000
2018-12-28,141.72189331054688,143.76190524151244,140.5704160357924,142.43817191374927,1586100
2018-12-31,141.4770965576172,142.34750778805537,139.5730936077792,141.6493664557562,1853900
2019-01-02,142.52883911132812,143.39925033984503,139.19229271056716,139.20135445029027,1716400
2019-01-03,138.0770721435547,139.94482807593553,137.7506696717006,139.68188544973034,1775500
2019-01-04,142.0120086669922,142.9096048960767,139.04718800297405,139.47332485636895,1801300
2019-01-07,141.8851318359375,143.29046262148134,140.67018062255227,141.24138851262447,1830200
2019-01-08,143.39019775390625,143.76193666290786,140.71551762676862,141.52245530244173,2207300
2019-01-09,143.67124938964844,144.64138122332227,141.74003362697144,142.10269688849655,2099900
2019-01-10,146.744873046875,146.86273100273155,143.5715209536068,143.8888478621033,2093900
2019-01-11,145.25796508789062,145.7566237501582,144.49634989489056,145.5752920698136,1380400
2019-01-14,143.27232360839844,144.61419439109642,142.98218190688655,143.58965053036954,2004800
2019-01-15,142.55609130859375,143.1363610656843,141.93048516655256,142.20248964153424,2110700
2019-01-16,142.5651397705078,143.6350063112988,142.4200689001471,142.8280686176569,1382100
2019-01-17,142.58323669433594,142.93683822827515,141.63124214238064,141.8034982047883,2176500
2019-01-18,145.78378295898438,146.38218979178936,143.2632359374664,143.94323992891296,2494800
2019-01-22,145.8291473388672,146.68142138542183,144.7864798855746,146.52728877791802,1699100
2019-01-23,144.097412109375,146.05582746330816,142.7646166477843,145.58436786066235,1569500
2019-01-24,142.6829833984375,143.17259407798747,141.8307094141765,142.90058968209507,2528000
2019-01-25,144.0158233642578,145.16730104740705,143.83449167302453,143.87982805451315,1242700
2019-01-28,143.444580078125,143.60777439390097,142.23870468426438,143.05470393257716,1422500
2019-01-29,146.1737060546875,146.88090932614682,144.47823331858902,144.67770232692072,1558300
2019-01-30,147.71498107910156,148.4675203999204,146.1192435502624,146.69043742724827,1113500
2019-01-31,147.79661560058594,148.16835448584226,144.73207327784627,146.13740397990574,1645900
2019-02-01,150.28997802734375,150.4169115812251,148.20464304711015,148.6126427678202,1324300
2019-02-04,148.2408905029297,150.22650464432206,147.9870234180202,150.03609741328066,2106500
2019-02-05,149.59182739257812,150.49849944792743,148.51288543315763,149.83661888652574,2358600
2019-02-06,148.16839599609375,149.2564000654454,147.82385607082216,148.64893124201342,1124800
2019-02-07,145.6931610107422,147.09850571642315,144.55074516116093,146.65423134883932,1361000
2019-02-08,146.1737060546875,146.52730769041716,144.23342792932354,145.13103846681625,1557900
2019-02-11,146.2915496826172,146.5363411899816,145.63874466020857,146.02860702471233,1128400
2019-02-12,151.894775390625,151.9129127062965,148.59448950904363,148.81209579294682,1772000
2019-02-13,151.75875854492188,152.76516498354636,151.22381156901574,151.49581592656327,1599300
2019-02-14,150.96090698242188,151.95825184171866,150.4440972367721,151.09690226563575,1104100
2019-02-15,152.8105010986328,154.77799162012516,152.11237358168268,154.62384519719586,2573600
2019-02-19,152.1939697265625,153.0281063461493,151.92196534665612,152.32090325922317,2221200
2019-02-20,154.4062957763672,155.05002536325492,151.94920775100675,151.94920775100675,2574800
2019-02-21,155.4036102294922,156.21962351391247,154.62387158067452,155.02280956398403,1736500
2019-02-22,157.30760192871094,157.52520820294353,155.53959418406376,156.16520011710455,1075700
2019-02-25,158.3230743408203,158.6766758989852,157.2078715550261,157.66120759547945,1526800
2019-02-26,157.67935180664062,158.56788661106663,157.26227654390757,157.57054174456493,1739200
2019-02-27,158.21424865722656,158.7763808156046,156.51877660875377,157.216904020057,1451800
2019-02-28,157.0718994140625,158.60416383534005,156.9449658574265,158.4953675967149,1698300
2019-03-01,152.66542053222656,160.23612267490446,152.19394726561717,159.90065849553463,3033500
2019-03-04,152.95559692382812,153.14600417254564,150.57105845244098,152.63826995559202,1738100
2019-03-05,152.71983337402344,154.0798413693969,152.63823621463305,152.63823621463305,1205900
2019-03-06,153.34547424316406,153.84413288743704,152.51133747590322,153.0825315566406,986800
2019-03-07,152.62997436523438,154.3524951527764,152.03757840754147,154.3524951527764,1450100
2019-03-08,154.4437255859375,154.49840660864584,152.89435577363244,153.7966343683275,1558400
2019-03-11,156.10240173339844,156.12974223743095,154.40722095005668,154.46190195812167,1188800
2019-03-12,157.05026245117188,157.57885483464997,156.20266505099806,156.5581055332216,1309200
2019-03-13,158.93679809570312,159.95754721223284,158.25325776088474,158.5904665425961,1538500
2019-03-14,158.7727813720703,158.98239654891287,157.8249308298269,158.80923074369537,1033200
2019-03-15,160.7960205078125,161.2790684683376,158.97324629500275,160.65931800451722,3661400
2019-03-18,159.0826416015625,159.4471909259092,158.06187846139414,159.26491626373587,1220400
2019-03-19,158.1986083984375,160.21276653346322,157.32367047595284,159.811767805102,1251600
2019-03-20,160.9783172607422,161.19704127716471,158.9094645298718,159.81174281760767,1536400
2019-03-21,159.58389282226562,160.24920153662075,158.30794248989804,158.8912296997431,1146300
2019-03-22,154.80821228027344,157.4512292891353,154.19758459634087,156.84972437640366,1384000
2019-03-25,154.9358673095703,156.68572955391343,154.5348546044079,155.81991425322315,1349700
2019-03-26,155.82896423339844,156.1206147839083,154.65328097998182,155.74694273106644,1408100
2019-03-27,154.46189880371094,154.98139618304998,153.74190903444975,154.44368107250486,1821400
2019-03-28,158.30796813964844,158.44468457598066,155.60114679893255,155.81077588664203,1892500
2019-03-29,160.34033203125,160.4952800821087,158.47199952929643,159.81173973066305,2158100
2019-04-01,160.93275451660156,162.39096570231413,160.40414826828126,161.16971018378027,1791900
2019-04-02,162.24517822265625,162.3909896280449,161.03303139119305,161.61631873274922,1179700
2019-04-03,166.54693603515625,168.17831333825077,164.62390809314653,165.09781952138184,2379600
2019-04-04,167.60409545898438,167.73168910686695,166.25524633755933,167.3033499299262,1471400
2019-04-05,168.26031494140625,168.99853641207764,167.67702763931203,168.23297443557888,1403400
2019-04-08,168.46083068847656,169.4451306733779,167.83197120590066,169.42689903291665,1138500
2019-04-09,166.69268798828125,168.6521785145345,166.55598549171927,168.6521785145345,1388200
2019-04-10,164.9793243408203,167.3215823482706,163.88566241915743,167.13930767910443,2443700
2019-04-11,163.91297912597656,165.69929009378606,163.84006648756298,165.580805318031,1916400
2019-04-12,164.3687286376953,165.07960972088415,164.17733115837436,164.77885020004757,1914500
2019-04-15,164.17727661132812,164.44157275940276,163.2658894837185,164.17727661132812,1448000
2019-04-16,164.61476135253906,164.6694423627076,162.9560437818745,164.12261835435632,1749700
2019-04-17,163.96768188476562,165.74488422358687,163.50286549153614,164.63299067690573,1663300
2019-04-18,164.4142608642578,164.76970134960146,163.74895203921278,164.15907353666063,1547300
2019-04-22,163.04718017578125,164.77882436608098,162.98339029712093,163.9130092242643,1002100
2019-04-23,163.4390869140625,163.79452740639704,162.72820592939343,162.819336315804,1796500
2019-04-24,161.88058471679688,163.6031059121658,161.78033157181076,163.14741232707703,1780200
2019-04-25,160.65939331054688,161.08774656387268,159.4199057085835,160.60471228359808,2229900
2019-04-26,162.4639129638672,162.4639129638672,159.8300039333838,159.89380772660266,1483900
2019-04-29,161.40667724609375,162.4638758196189,160.85073050277524,161.12413553500983,1195400
2019-04-30,164.2866973876953,164.56011640512267,161.67101984586745,162.10848192974987,1404200
2019-05-01,162.4912109375,165.14335091559653,162.23602364476196,163.94943595885832,1018300
2019-05-02,164.49627685546875,164.49627685546875,161.56160902813693,162.16311399688763,1691000
2019-05-03,164.9246063232422,165.38940871131862,163.35701948816597,163.758018107685,1248900
2019-05-06,162.80111694335938,163.43908526847662,162.05377268631742,162.0720043260826,1407000
2019-05-07,159.10086059570312,161.197039904107,157.58795459723393,160.9327437509596,2049600
2019-05-08,160.89630126953125,161.79857966618013,158.80012169024488,158.97327358859224,1264600
2019-05-09,157.9889678955078,159.2284549748356,156.3940403842158,157.8522514791128,1999500
2019-05-10,165.49879455566406,166.07297292877027,158.82744763448537,159.15554757530822,2511800
2019-05-13,164.66946411132812,164.9702236136436,162.0629095712627,163.81277166109737,2328500
2019-05-14,164.88818359375,166.20058349059457,163.8492026598591,164.33223680152184,2029300
2019-05-15,164.83351135253906,166.20970120018282,162.51859367725302,162.74644050739272,1184200
2019-05-16,171.02182006835938,172.22485797101973,168.15095565640442,168.68867082198756,1866600
2019-05-17,172.25218200683594,172.6623034683763,170.32915444509618,171.5139605947302,1737900
2019-05-20,168.84356689453125,170.58431956998416,168.28762021465698,169.51799834596238,1383700
2019-05-21,170.67550659179688,170.83044076674463,169.65474334116035,170.21069016028676,1051500
2019-05-22,171.5594940185547,172.9083428857284,170.5934121162144,171.22227137176475,1334800
2019-05-23,168.67953491210938,170.46584593330806,168.12358819592052,169.41775627644813,1318500
2019-05-24,171.21316528320312,171.4774613987592,169.38128238849887,170.7665806392225,1025300
2019-05-28,167.97772216796875,171.14023591488842,167.44911608189443,170.37467423436456,1483100
2019-05-29,166.79298400878906,166.9023599408254,165.15249800157574,165.38034482554053,1405400
2019-05-30,167.15756225585938,167.88667493924083,166.57427489048774,166.71097743445463,1042000
2019-05-31,165.3397674560547,166.12731826482886,164.7170460388864,165.1108284299381,1757200
2019-06-03,171.50279235839844,171.6218451166636,165.93499388356565,166.18225193022081,2882600
2019-06-04,175.22991943359375,175.22991943359375,170.03757052093263,171.98813530851086,3115200
2019-06-05,176.5120086669922,176.55779927194808,174.4424046722945,175.22995556821147,3708800
2019-06-06,180.72445678710938,181.374635738587,177.3727863882415,177.94055065122103,3468200
2019-06-07,183.19700622558594,184.16770543267648,180.98087819329854,183.28857344940215,3613300
2019-06-10,183.5358428955078,184.98273926557275,181.53033472417306,183.26111326034845,1197400
2019-06-11,183.87466430664062,184.81790596119004,182.89481252906083,184.250127667643,1720000
2019-06-12,184.69883728027344,185.23912998833504,184.0394918159742,184.59810355730195,1956300
2019-06-13,185.66036987304688,186.71348364629392,184.65303271951106,186.3380203460372,2855100
2019-06-14,185.63291931152344,186.10910240767458,184.46073868511252,185.58712871330502,1524000
2019-06-17,184.30503845214844,186.45707053548688,184.10357102420497,185.83434922002698,1757200
2019-06-18,186.8325653076172,187.51021588548028,185.6329270403229,186.97907566535585,2006900
2019-06-19,183.69151306152344,185.41313900395158,182.36366950890414,185.20251901312128,1944700
2019-06-20,185.29408264160156,186.54867797826518,184.5248508848122,186.49372087564115,1703300
2019-06-21,185.10182189941406,185.88937286149402,185.01024068180843,185.5688525732062,3770300
2019-06-24,186.2464599609375,186.69517145851248,185.010183770216,185.43143767895396,1092500
2019-06-25,185.71533203125,187.10728515699506,185.63291733932968,187.10728515699506,1118800
2019-06-26,183.70065307617188,185.26658795899746,183.6640150123276,185.02849643731858,1369900
2019-06-27,182.72080993652344,183.1054258141912,181.74095819484512,181.9607307116102,1532100
2019-06-28,183.8838348388672,184.72632880689164,182.3453572647962,182.78493027071917,6440600
2019-07-01,185.89846801757812,186.072463893327,184.53398654705114,185.9167870501116,1113300
2019-07-02,186.39300537109375,186.7867877917569,184.5523404931016,184.99189954376698,1722400
2019-07-03,186.45709228515625,186.45709228515625,184.71716135722517,184.98272446685854,939500
2019-07-05,185.37644958496094,186.0541139428105,183.24275075585996,184.15850660376864,1741300
2019-07-08,184.68057250976562,186.48461355001797,183.957131176466,184.11280807164863,1277100
2019-07-09,184.0394744873047,185.54131368717083,183.80138297057567,185.36731782084595,1160700
2019-07-10,184.7720947265625,185.5779505164493,184.48821259815583,185.05597685496917,1062000
2019-07-11,185.7244873046875,185.9534263234001,184.09444260932,184.4699059536076,1225200
2019-07-12,186.7958984375,187.47356288420832,185.88014246951278,186.59443100667664,1027600
2019-07-15,186.87835693359375,187.8215846133615,186.54868417354575,186.9882431958333,869000
2019-07-16,185.52304077148438,188.2336852069813,185.39483546548095,186.93331311085228,1073700
2019-07-17,184.81790161132812,186.67688536441307,184.76294450808783,186.3929892376566,986700
2019-07-18,186.48455810546875,186.52118219854484,184.81788939060738,185.71532639091734,1013800
2019-07-19,186.2464599609375,187.37283592967262,185.55964296016504,185.88931567946892,1228300
2019-07-22,186.42962646484375,187.72084590524466,186.0541631143733,187.35453508527507,653400
2019-07-23,189.39666748046875,189.39666748046875,186.9882246672878,187.574307963373,1064800
2019-07-24,185.66954040527344,186.98823136201014,185.16587177966863,186.86917860323214,1102800
2019-07-25,183.0504608154297,183.77390188556456,179.97352018836983,183.50833880175807,2084900
2019-07-26,184.0303497314453,184.20433165070008,182.52851030492656,182.62923006028666,1191200
2019-07-29,182.9405975341797,183.34353244846028,182.46440045609089,182.9405975341797,1468200
2019-07-30,179.9460906982422,181.12741003089653,179.25927355817257,179.31421669364525,2466300
2019-07-31,175.16583251953125,179.6621984994354,173.06875711703492,179.40578789930476,4160900
2019-08-01,174.37826538085938,177.19879569192824,173.22441778814738,173.63650521602105,3762800
2019-08-02,171.89657592773438,173.1236856927999,170.1749500659043,172.87642764441762,2556900
2019-08-05,174.570556640625,176.8233083934677,173.27933743139783,173.99362593579446,3074800
2019-08-06,172.85812377929688,174.29586762482543,170.23906066264104,174.2683960585199,2352000
2019-08-07,174.70791625976562,175.2848469706049,170.8983682144231,171.2921505328246,2078900
2019-08-08,176.38377380371094,177.13468650051416,173.99364994812203,174.43320894072215,1927100
2019-08-09,175.79769897460938,176.5577782115542,173.73724775734797,173.9295487125614,1600200
2019-08-12,176.00830078125,178.24274766175472,175.83430490514596,176.75922741005107,1891100
2019-08-13,176.6493377685547,179.1310428307636,175.36728487835762,175.94421566561056,1678700
2019-08-14,170.00096130371094,174.28670710419445,169.86360347848,172.89475392409486,2441100
2019-08-15,170.91671752929688,171.69511580173503,169.47898772192545,170.06507106556657,1508300
2019-08-16,172.88560485839844,173.19697258254337,170.84347246845277,170.95335873972127,1198900
2019-08-19,173.17860412597656,174.29582747615083,172.44599658881413,173.29765686809685,1232100
2019-08-20,171.87823486328125,173.07787291068655,170.60533466377066,172.37273692333375,1364200
2019-08-21,172.8397674560547,173.947824230627,172.72071472181983,173.36174103438137,1074700
2019-08-22,171.3654327392578,173.0778920676152,170.88923568452927,172.66580464307225,1446700
2019-08-23,168.73719787597656,171.57604710478324,166.30129750183318,170.00094564501447,2119700
2019-08-26,169.34161376953125,169.81781084684863,168.3434429892534,169.64381495475214,1226800
2019-08-27,169.17677307128906,170.69691745290154,168.83793384021126,170.42220182409255,1477100
2019-08-28,169.3874053955078,170.26652341845423,168.3709155748123,169.13099480770435,1122700
2019-08-29,171.8507843017578,172.56507290540685,171.31049158395405,172.29034329477375,1458900
2019-08-30,173.80589294433594,174.10950980849267,172.4258239465987,173.42867071564535,1686800
2019-09-03,172.26019287109375,173.09743802371597,171.31254670099574,172.29700256944338,1370200
2019-09-04,172.5637969970703,173.79665506402748,171.59774604895577,173.00541507323092,1210400
2019-09-05,172.14059448242188,174.34869903943846,172.14059448242188,173.61265950750413,1911200
2019-09-06,174.36712646484375,175.0847612407303,172.9410523193504,173.44708044049813,1066700
2019-09-09,170.4017333984375,173.37347817944448,170.23611781091884,173.0606658948729,2862300
2019-09-10,170.87095642089844,170.87095642089844,168.60763692252738,169.38968169377802,1788900
2019-09-11,172.60983276367188,172.72023379262987,170.309717735127,170.824941255315,1292100
2019-09-12,176.25320434570312,177.21924133458003,174.1831010173326,175.40674974174823,1640200
2019-09-13,176.79605102539062,178.22212520006613,176.6304354374495,177.09966790429226,1717100
2019-09-16,173.4470672607422,176.46481686818245,172.73862794496767,176.2808104850531,1263900
2019-09-17,176.86964416503906,177.75288044369796,174.5787246219652,175.121548380598,1186700
2019-09-18,177.2560577392578,178.1852991034074,175.72877807879289,177.98288786942834,1694800
2019-09-19,178.70973205566406,180.4394089114881,178.41531061028888,180.04379588790079,1601500
2019-09-20,178.59010314941406,180.5590007360159,177.6608618811177,179.85977093362527,2475500
2019-09-23,178.0473175048828,178.48893568292817,177.15487170336507,177.24686788611393,859600
2019-09-24,176.20718383789062,178.34168289415658,175.59075480754012,177.72525386380607,1539800
2019-09-25,176.8788299560547,177.44925393996414,175.11234345597242,175.39755544792715,852100
2019-09-26,176.9248809814453,177.76212636395343,176.17043638477898,177.60570616119838,1345600
2019-09-27,176.23484802246094,177.3389006271677,175.34240210761527,176.79607675201552,873900
2019-09-30,178.23130798339844,178.70973582282465,176.81442931554045,177.12725561754272,1027200
2019-10-01,173.47462463378906,178.50727588358706,173.38261444557548,178.42446109868138,1127500
2019-10-02,169.3896484375,171.1285345984815,167.50355156561972,171.0641246479185,1996200
2019-10-03,169.8772735595703,170.19008579468743,167.7059646849456,169.1596388842846,955600
2019-10-04,171.2941436767578,172.39821001842446,169.49086152443746,170.81572990340808,1498100
2019-10-07,173.50225830078125,175.12153403822967,170.97213206420076,171.1285381832623,2744100
2019-10-08,169.3896484375,172.4625983238845,169.01242625536673,172.4534029189981,1526600
2019-10-09,172.4074249267578,173.00544923048793,170.83414003906066,171.22976713196218,1266600
2019-10-10,175.9403839111328,176.7040237378615,173.5206725976825,175.02033795682652,1486200
2019-10-11,178.71893310546875,180.8258322401732,176.97085134440522,177.27445416620415,1609600
2019-10-14,177.136474609375,179.69420164570826,177.0720786825093,178.76496013815057,1213700
2019-10-15,179.57455444335938,182.19669090921025,179.3077473058298,180.13578301147402,1519300
2019-10-16,181.11106872558594,182.33471760557143,180.45782985962822,181.98510965648492,1570400
2019-10-17,180.91781616210938,183.07072009107873,180.8350154045611,181.94826302613868,958900
2019-10-18,180.13580322265625,181.4698811763467,179.35377253264565,181.13866404916925,1022800
2019-10-21,179.38133239746094,180.3749835552459,178.7925036416015,180.27377795476454,927900
2019-10-22,176.1612091064453,178.1945029089179,176.0967991476943,177.64248373105204,1429700
2019-10-23,178.21290588378906,179.28935801002308,177.7252826310195,178.2681063971158,1227900
2019-10-24,177.5596923828125,179.07776275098846,177.28367575983816,178.77414586959554,996600
2019-10-25,179.40896606445312,179.82298394761358,178.5257157467616,178.8477374552128,1025000
2019-10-28,181.03744506835938,181.14784608967676,180.03458431584076,180.61421775533105,1216700
2019-10-29,183.19036865234375,185.2144671443688,181.35027656163217,181.95751032087625,1080100
2019-10-30,183.26397705078125,183.6043896007791,180.60504449729078,182.04950951221267,1110400
2019-10-31,182.49111938476562,183.31915512237572,181.2030466344102,183.25474516740377,1303500
2019-11-01,182.9051513671875,184.05520889082575,182.5187337238996,182.9787567333549,812200
2019-11-04,184.70843505859375,185.3800787652569,184.1196061637195,185.1592626651335,1086100
2019-11-05,184.2943878173828,185.37083981139855,183.04312486011236,184.8740212136936,1132900
2019-11-06,185.03968811035156,185.4813203963306,184.11044649800368,185.0304927022736,1084500
2019-11-07,186.4013214111328,186.51172243646747,184.96603788784464,185.51807109209298,1098200
2019-11-08,186.76931762695312,188.1033813736741,186.1344837099956,187.32135078225173,966000
2019-11-11,186.1160430908203,187.06370310099885,185.46281848934174,186.55767514569484,881600
2019-11-12,189.30865478515625,191.10275566765532,187.85498045982422,188.82103154144968,1681200
2019-11-13,191.20394897460938,192.00438442900412,190.2194931060115,190.63351096039545,1388200
2019-11-14,191.95838928222656,192.2620061348663,190.21030756691718,190.53231523090193,1003000
2019-11-15,192.94285583496094,193.51327987141192,191.67318784282108,193.2096630020399,1772000
2019-11-18,192.3907928466797,193.1728374533583,190.89111358297674,191.7283586957671,1115900
2019-11-19,190.84515380859375,193.66970204497056,190.84515380859375,193.39368541007025,1463700
2019-11-20,189.695068359375,191.0935421425438,189.12464435939793,190.46791763144472,1234900
2019-11-21,189.76869201660156,191.19476619282324,189.55708535730318,190.66113780254983,1369500
2019-11-22,188.5266571044922,189.61230480639577,188.29664557048312,188.9866801725103,936700
2019-11-25,189.4742431640625,189.49264801178342,187.91016803863343,188.37019096015877,1418800
2019-11-26,188.7382354736328,189.5110707426661,188.2782124746195,188.71063521679503,1547400
2019-11-27,189.5294647216797,189.63067033720876,187.51456185537435,187.6525771704342,1074000
2019-11-29,189.72267150878906,190.28390007020644,188.75662050454127,188.9682271310076,847600
2019-12-02,185.3754425048828,188.10114143504967,184.63626632925804,187.4266496954005,1718600
2019-12-03,186.67819213867188,187.15865868348075,184.4329602306376,185.35692676371056,1230600
2019-12-04,187.334228515625,189.43163664932976,187.26030949564736,188.76637956814247,1384500
2019-12-05,188.2581787109375,188.54460607675685,186.87222892901647,187.72227643676146,868700
2019-12-06,189.90286254882812,190.32789340697,189.04358034024918,189.96754698101557,912300
2019-12-09,189.71803283691406,191.26105511630917,189.20984846978175,191.1317003772763,1038300
2019-12-10,188.4429931640625,190.09690134274183,188.33212167896204,189.13596814316443,1135900
2019-12-11,190.0044708251953,190.6697278342365,189.3114959489949,189.8289149341136,1159200
2019-12-12,193.95904541015625,194.26395604608078,191.1409447738324,191.34421853111542,1333000
2019-12-13,193.15521240234375,195.54828241173615,192.5361564982892,195.0585812622809,1527900
2019-12-16,194.05148315429688,195.11403918082507,193.86669264080663,195.0493688454791,1797200
2019-12-17,193.7188720703125,194.51348403877157,192.8411064780715,194.38412925779514,1433000
2019-12-18,192.48997497558594,193.41394163081443,191.20566188876282,193.40470703976257,1427300
2019-12-19,193.4785919189453,193.52479306664225,191.8708991285338,192.12960863730373,1205200
2019-12-20,195.98255920410156,197.67341980080266,194.97543897776518,196.92500909868826,3034100
2019-12-23,195.66839599609375,196.16733171888066,195.04934011285744,195.95482336460202,967400
2019-12-24,195.52981567382812,196.25975721401096,194.65205018632005,195.48362862075825,399900
2019-12-26,196.57386779785156,196.57386779785156,195.04932875167162,195.60370017818727,481000
2019-12-27,196.1211395263672,197.96907267064182,195.96406690093715,197.86743578376226,825500
2019-12-30,195.40972900390625,196.71251137959814,195.2064551952084,196.62935775747994,807500
2019-12-31,196.71250915527344,196.73099243729519,195.1972042975959,195.64071847443807,1040000
2020-01-02,194.71673583984375,198.1446441975189,194.45802630713663,197.34079772793697,2604100
2020-01-03,189.65338134765625,193.1552226957861,189.57022773639912,191.6306693296806,2899300
2020-01-06,188.8495330810547,190.66051382304246,188.66474258051178,189.04357227072217,2395300
2020-01-07,189.25613403320312,191.03014871638968,188.72023156141518,189.237650748351,2589200
2020-01-08,191.6214141845703,192.36059021321662,189.50553707741292,189.66260969247614,1327300
2020-01-09,192.9704132080078,193.79274284629477,192.00948013265057,192.25895504048893,1086100
2020-01-10,193.18295288085938,195.72386122106323,193.04434942131712,194.71674093534034,1217600
2020-01-13,195.6961669921875,195.81627308663323,193.41396791573374,193.83898473967565,1225700
2020-01-14,193.99606323242188,195.99182067894776,193.23840373712102,195.20645740790692,2107300
2020-01-15,195.36349487304688,195.95483291710022,194.35637468996728,194.94771273402063,1078200
2020-01-16,196.86032104492188,196.86956973400993,195.6776449277864,196.6940138246738,1302600
2020-01-17,197.82127380371094,198.11693581298607,196.65706675216822,196.98046073284405,1903700
2020-01-21,195.6314239501953,196.56463914237378,195.12323955325803,195.6037060829633,1384500
2020-01-22,195.03085327148438,195.8346996263035,194.44874985669253,195.141724741498,966900
2020-01-23,193.68185424804688,193.7095721153054,191.74153304689818,192.57309726187475,1400700
2020-01-24,194.0237579345703,196.1581185965716,192.94271866804806,194.03299252538076,1541600
2020-01-27,189.3022918701172,190.6143228220223,188.57235032098347,189.6164371476271,1947800
2020-01-28,192.07418823242188,193.04434191844913,189.57946704374618,189.81045870205972,1229400
2020-01-29,192.39756774902344,193.51557357664035,191.87091410029356,192.30517954503128,982700
2020-01-30,192.39756774902344,192.71172711871017,189.83819033051108,190.77139155291985,1381300
2020-01-31,187.68531799316406,190.65124253665653,187.53747997080794,189.99523422269206,1909700
2020-02-03,193.51556396484375,194.07918414606536,188.10111920869568,188.27667511575652,2911500
2020-02-04,197.2668914794922,198.5142521704471,194.60586285804874,194.78141878774298,2369400
2020-02-05,200.26052856445312,200.61162628996436,197.04511460362735,200.61162628996436,2970400
2020-02-06,200.26974487304688,200.88880075475433,198.7174878738898,200.30669733076525,2234200
2020-02-07,197.87669372558594,199.29036151917225,196.55541413436697,198.44954851554306,995300
2020-02-10,199.05938720703125,199.32733134543446,197.8397444011914,198.55120270459798,1435600
2020-02-11,199.7801055908203,202.20089413121477,199.55834848002578,201.03670102142655,1385500
2020-02-12,200.68557739257812,200.88885120760676,199.12407131286443,200.61165835996644,1238000
2020-02-13,204.4368438720703,210.52579445217128,204.3259723921512,205.39777702674073,2231800
2020-02-14,205.71192932128906,206.1369601732015,204.39989840246386,204.78796269406467,1280300
2020-02-18,206.55274963378906,207.51366875666503,205.92444497379864,207.00548427401375,1524700
2020-02-19,205.5640869140625,206.55273795154164,205.0004667194743,206.06303677739584,1590100
2020-02-20,204.38140869140625,205.45321332892883,201.45243626709913,203.68843374279257,1534700
2020-02-21,201.73883056640625,203.54981100512512,201.646442380912,203.26338366245741,1660100
2020-02-24,194.5411834716797,196.17660841076093,193.6634179626472,195.09555500962065,2020400
2020-02-25,186.31785583496094,193.7557896483304,185.57869384740047,193.27532307752716,2743100
2020-02-26,187.94403076171875,191.18714812905364,187.17713686830362,187.84239388190204,2711200
2020-02-27,180.12728881835938,187.9070860267191,180.0810876678758,184.67320287343216,3685500
2020-02-28,176.48681640625,178.16844201603416,171.8115486934516,176.30202594658132,5555300
2020-03-02,183.08395385742188,183.22255728971177,175.00849577983766,176.75479187725625,3489600
2020-03-03,180.53382873535156,186.49341033131316,177.71572785860056,182.9638653419844,4063300
2020-03-04,189.90286254882812,190.1061363376857,182.36329137650745,183.31497588860788,2755600
2020-03-05,182.42340087890625,185.1805009676568,181.08663752631287,183.5652399380722,3204300
2020-03-06,175.63742065429688,178.84940091049333,172.44401068813096,178.35739446204136,4466800
2020-03-09,160.71937561035156,167.44966753152232,159.96744181383133,162.51101893638318,4822700
2020-03-10,163.57858276367188,164.70183728859357,155.51151375841192,163.82921790660063,5604100
2020-03-11,161.4527587890625,163.996350386498,160.1716778448457,161.02574125097803,4315300
2020-03-12,146.69252014160156,157.76732487242379,145.7456337143331,151.68685133351133,6340400
2020-03-13,163.84780883789062,164.4512087001964,149.78382411354852,160.9514668348533,6386900
2020-03-16,146.9989013671875,151.9096886821749,136.1932994963893,138.05921028180356,7079300
2020-03-17,152.1324920654297,153.76632378601013,144.50173032984964,145.5228698433435,4956600
2020-03-18,146.21905517578125,148.6791011944765,138.91321243306422,142.39439760246233,4723900
2020-03-19,142.969970703125,147.42589122881702,138.14272936903402,140.61205382333168,4296100
2020-03-20,140.45423889160156,146.61825767350953,137.43721134903402,143.05352699204047,4699900
2020-03-23,139.24740600585938,144.2231805470679,136.27679751073012,139.04317534385248,4434000
2020-03-24,152.99581909179688,154.88030019485288,145.7456704886627,147.87150874918476,3423100
2020-03-25,153.45069885253906,162.88239657493338,149.77455979334377,151.38055731284473,3258400
2020-03-26,161.70335388183594,162.45528751766423,156.59761627413792,157.13604121256512,2726000
2020-03-27,155.3444366455078,158.7977742013655,154.29544892350054,155.33515858247475,2301600
2020-03-30,164.12628173828125,164.5811475407015,158.59351180503725,159.91171890640214,2480500
2020-03-31,160.59869384765625,164.54403748264204,158.38001881716934,160.32019616983766,3142300
2020-04-01,149.33819580078125,156.4305297312823,148.73479604489896,153.74769696062756,3822000
2020-04-02,152.327392578125,154.78743885723964,147.98287982599774,148.66982470655893,3369800
2020-04-03,150.50791931152344,153.8684196297685,149.70027453557765,151.54762898678555,2665700
2020-04-06,163.3093719482422,164.35837370831118,157.36815438010814,157.45169943224283,3604000
2020-04-07,167.04119873046875,172.1562152633816,165.83438498603965,168.52649596862972,3097600
2020-04-08,173.53941345214844,173.99427927412452,165.93650235077095,167.6446005697796,2495400
2020-04-09,175.89735412597656,176.42650117275335,170.11394801768208,170.16964472471514,3206800
2020-04-13,172.76890563964844,175.0154288459644,170.58735719292673,173.0845297062016,2087700
2020-04-14,176.2315216064453,177.22482661337062,174.27277410683547,175.21966047666515,2372800
2020-04-15,168.16445922851562,170.29958913442005,166.46565319655767,169.09277534717148,2025500
2020-04-16,170.00254821777344,170.53168107969285,166.0572044146764,168.75859375917616,1806700
2020-04-17,175.0339813232422,175.35888341811173,172.63892438873344,174.35631462225018,2634400
2020-04-20,171.7384796142578,176.00873936795554,171.19077651129933,171.61779398768132,1598100
2020-04-21,166.0572052001953,169.57551734042036,163.94064541254363,168.64720114706503,2010000
2020-04-22,168.58218383789062,169.77970519253486,167.1154429227211,167.91379521414305,1376400
2020-04-23,168.3037109375,171.9427083318539,167.42181347982145,167.77456396390517,1249900
2020-04-24,168.4615478515625,169.65906955894243,166.02936385511148,168.9906807383178,1187700
2020-04-27,171.34860229492188,172.31404489004152,168.89784814502352,169.54766663837142,1542000
2020-04-28,173.48374938964844,174.62557443765468,172.18409811026746,174.4863326628913,1896700
2020-04-29,175.1639862060547,176.56573856995516,174.21709971498612,174.53272382368195,1282300
2020-04-30,170.80088806152344,172.84318069304558,170.0118136933313,172.0912469020516,2104400
2020-05-01,167.40325927734375,171.83133144430863,166.89268254279128,171.0422570213656,1169200
2020-05-04,169.56625366210938,170.08610850809046,165.8065699270918,166.61420055102798,1828000
2020-05-05,168.96282958984375,171.78491882246558,168.82358782325903,169.8818677442469,1171900
2020-05-06,166.12216186523438,169.86327458358042,165.98292011739696,169.33414177681877,1336100
2020-05-07,171.54351806640625,172.57394945703206,164.7296816026177,165.26810661587052,2295100
2020-05-08,174.90402221679688,174.90402221679688,171.50638223278008,171.65491619344246,1841400
2020-05-11,173.4651641845703,173.9478925705517,171.22791876250184,171.33932633771659,1894700
2020-05-12,169.9654083251953,173.12169187942607,169.87258520491207,171.77562206799976,1741100
2020-05-13,165.96434020996094,169.60333738064782,164.97104941467373,169.53836262374946,1857300
2020-05-14,166.40066528320312,166.5027806234768,160.37588853701544,161.34134523869028,2442300
2020-05-15,169.5012664794922,169.60338183708058,165.16603114366194,165.2495762094209,2829400
2020-05-18,178.4687957763672,179.79628119023303,174.22638379279113,174.43990672514647,2105200
2020-05-19,176.61215209960938,178.46878444756848,176.25010935835658,177.72612867538868,1774400
2020-05-20,181.94070434570312,183.19392276636574,178.84940957743135,178.97937328398115,2300400
2020-05-21,179.78697204589844,181.78286010059017,178.71012200229555,181.37439876232847,1891600
2020-05-22,177.18771362304688,178.8958262452293,176.70499938404325,178.62660660714891,1676000
2020-05-26,179.16502380371094,181.02165617473386,178.5244833693111,180.0933399892224,2214300
2020-05-27,179.2856903076172,180.7895578348622,177.78180861539283,180.74313919754414,1603400
2020-05-28,185.70037841796875,187.454895582771,182.62765386376321,183.70450412495984,1740200
2020-05-29,187.8354949951172,188.55958049208513,184.71635202164717,187.09283920810412,2354700
2020-06-01,190.50904846191406,191.15886695788242,187.7519482615375,187.97474924514702,1658300
2020-06-02,192.37725830078125,193.1234155674747,190.67976439502564,191.23004986440267,1675100
2020-06-03,198.5609893798828,199.26983085497918,194.85819745690776,196.79820038175285,2155300
2020-06-04,198.2532196044922,199.82947303409566,196.48110861684938,198.95273934673523,1951500
2020-06-05,206.38629150390625,209.22168599589733,204.698119568756,205.2204253352373,3525600
2020-06-08,201.86270141601562,207.04848548110078,200.35174359268794,205.69606949855253,2970400
2020-06-09,199.810791015625,203.0005989465277,199.32580096655013,200.8367588728293,2499400
2020-06-10,198.99932861328125,202.00260045064914,197.7122080453344,201.95596296611618,1750200
2020-06-11,185.70849609375,195.7722468842023,185.31676675781574,195.27792075325442,2925000
2020-06-12,188.3479766845703,191.09009565353108,184.96229743941322,190.81960678556587,1711900
2020-06-15,189.56048583984375,190.74499542425724,183.98297276536152,184.98096087178243,2142100
2020-06-16,194.2612762451172,195.56704061356535,190.85695284981466,194.11204196536193,1878100
2020-06-17,193.51513671875,196.12667992547617,192.91821377707822,195.9401441746598,1577400
2020-06-18,194.1493377685547,196.05202482940754,193.06741069877424,194.90481666377218,1563800
2020-06-19,194.04673767089844,197.49769814514588,191.45385285504273,197.46971850000634,4635000
2020-06-22,195.83749389648438,196.51835560532498,193.74825705529148,194.75556691273653,1510800
2020-06-23,198.07594299316406,200.71546502662844,197.95470262046658,200.37969508731024,2044300
2020-06-24,192.20001220703125,196.01472234499175,191.01548836564598,194.9234734763503,2068500
2020-06-25,195.06341552734375,195.2965887798261,190.2880318706708,191.85494929610442,1163300
2020-06-26,192.89955139160156,195.03541185935754,190.81963598870396,194.80223863558766,2794600
2020-06-29,197.05934143066406,197.9453967793168,194.19598182205817,195.7908786032805,1406100
2020-06-30,197.83351135253906,199.19524938455777,195.3525445750583,195.52975852084487,1697400
2020-07-01,200.31442260742188,201.13518253632307,196.54633598961644,197.31115086328174,2126100
2020-07-02,206.36766052246094,207.08583816073778,203.81209065641863,203.81209065641863,2837900
2020-07-06,209.52944946289062,210.40618304576523,206.70339117956902,209.85589766307208,2860700
2020-07-07,209.41749572753906,210.67663659491612,207.41221206798753,207.74798201717064,2171600
2020-07-08,206.61013793945312,212.1783157650145,203.92397779758028,211.07773072786654,3063600
2020-07-09,207.01116943359375,211.09636855674268,205.4442523205719,210.47146607249493,2312400
2020-07-10,210.74195861816406,211.3388815069032,208.09311418886946,209.11908207502933,1448300
2020-07-13,210.62069702148438,215.3494421639865,210.58338133932622,212.5793433819019,1498000
2020-07-14,217.43870544433594,218.14754694156957,210.31293209004068,210.5367692829752,2554800
2020-07-15,221.63584899902344,224.94689786601654,219.7424832890058,224.52718884938872,2616100
2020-07-16,222.81103515625,228.9947944379475,221.48661277460553,228.6683461879807,3216400
2020-07-17,226.27134704589844,227.26932124162,224.76037457772736,225.07750104127373,1900900
2020-07-20,224.14480590820312,227.46519096764655,223.6971029867432,226.23402928128203,1966500
2020-07-21,227.57705688476562,229.43312079180987,226.6536858338065,227.29724618158738,1686900
2020-07-22,228.82688903808594,229.76891804279722,226.04746798217133,228.09006785635827,1390500
2020-07-23,229.423828125,231.5410452934439,228.13672141788825,229.01344091366116,1068900
2020-07-24,227.6423797607422,228.37920094422907,226.20602461878408,226.6350696464738,1304400
2020-07-27,230.2445831298828,232.12862688133472,228.7429469050885,229.48910411443464,1469200
2020-07-28,227.2972412109375,230.92541577249526,227.1853226248191,230.47772719625848,1677400
2020-07-29,228.23928833007812,229.08802806226774,227.24130008486011,228.23928833007812,1967900
2020-07-30,225.73031616210938,226.62569328318304,221.09483179275784,224.54579231743122,1855500
2020-07-31,228.61233520507812,230.46839902022364,225.19867610520285,230.22588978132015,3184700
2020-08-03,227.86619567871094,231.41043147595406,227.6610021061709,230.9347632296643,2577700
2020-08-04,227.43719482421875,228.9761325888304,225.73968672489917,226.13141607895002,2435500
2020-08-05,231.55967712402344,234.44169485473216,230.1513016949945,230.84149958486532,2166600
2020-08-06,230.0580291748047,231.3078342182639,228.2019652203441,230.81350813045148,1938800
2020-08-07,228.79888916015625,229.13465916775957,227.28793124182337,228.30456307004084,1750100
2020-08-10,226.9615020751953,227.5677610398689,225.43188618599243,226.5417930884306,1159100
2020-08-11,228.369873046875,231.53170155798273,228.03410301774122,230.91612079927665,1506500
2020-08-12,231.89540100097656,234.10587824538476,230.71087723372614,231.2238610881859,1323300
2020-08-13,232.4644012451172,233.0986256342307,230.57103565228698,230.57103565228698,1147700
2020-08-14,231.7742156982422,232.7535462165598,230.73892587575202,231.20527238621128,979300
2020-08-17,231.70887756347656,233.71417572717198,230.83215824040943,232.83744217234138,973500
2020-08-18,230.26321411132812,233.4063844445895,229.45176165863694,232.93071621710826,1013400
2020-08-19,230.59898376464844,232.53898658706012,230.00206091404203,231.55965625497183,1626100
2020-08-20,228.79888916015625,229.1626388157462,227.38119199119075,227.8848541184777,1905400
2020-08-21,227.8568572998047,228.44444409500852,224.0701267521589,224.2566624686008,1781100
2020-08-24,232.15660095214844,233.9940071654032,231.89544806991813,233.9007321795646,1363000
2020-08-25,233.2478485107422,234.46035216021335,232.48303348060523,233.583618533184,1064400
2020-08-26,235.85939025878906,237.1371750055392,232.27783862840508,232.90275540900961,844900
2020-08-27,234.04063415527344,236.91333013733896,233.30381298976286,236.68015690079238,1084000
2020-08-28,236.5029296875,236.97859791129358,233.87272905393226,234.58157048715145,959900
2020-08-31,232.93069458007812,236.21376284240856,232.39905287660406,234.72146296819346,2297600
2020-09-01,239.64608764648438,239.74867019085244,231.82079571069812,233.14521776417155,2285800
2020-09-02,243.62777709960938,243.87117011202028,239.34932850135434,241.01576637374447,2912700
2020-09-03,234.47174072265625,242.60735103171353,231.57888055495746,242.58860871030075,3305100
2020-09-04,231.8971710205078,235.8853996250265,227.9557696459364,235.0802655472166,2924700
2020-09-08,227.54383850097656,230.2588178655106,226.45784104104092,228.09619410574717,1849300
2020-09-09,235.12705993652344,237.40203758001658,230.1652021712637,230.1652021712637,1854800
2020-09-10,231.51333618164062,238.366340195204,231.2418439459431,237.15864616215444,1095400
2020-09-11,234.20956420898438,235.38917314095738,232.8427178047574,233.95678576452465,1382400
2020-09-14,235.22067260742188,237.45819405603652,234.59341919470523,235.69813032254243,1524900
2020-09-15,234.73385620117188,238.0480183313288,234.71514245195635,236.01646228767322,1401100
2020-09-16,232.96444702148438,235.8198653015979,232.58997202438655,234.33130790297173,1635000
2020-09-17,234.41552734375,234.5465950015328,230.21197685043145,231.1949914264542,1506400
2020-09-18,230.39927673339844,234.62154185601503,229.60349946150924,233.41384777740973,2460200
2020-09-21,223.22796630859375,225.25952256252424,219.88571892337168,224.02372929176124,2180300
2020-09-22,223.03134155273438,223.4526294881792,221.10276821046733,222.66622343730813,2209100
2020-09-23,218.27545166015625,223.162426371472,218.01331628972835,222.9377470741374,1753500
2020-09-24,219.53929138183594,220.45676501757646,216.91792385155924,218.51883499109266,1391200
2020-09-25,217.9009246826172,218.76222844940344,213.89398293546677,214.51187942641218,2227300
2020-09-28,221.92662048339844,223.6585850934379,221.31808079448896,222.73175453364905,1182300
2020-09-29,221.34620666503906,224.02374464994745,221.1964252190196,222.5913568967409,1178100
2020-09-30,222.9376983642578,224.70711887069683,220.8686864797556,220.9810261038777,2121000
2020-10-01,217.85414123535156,223.16240336728592,217.28305760465113,221.58959130684823,2480100
2020-10-02,217.33921813964844,219.98867065511763,214.5212561757465,214.64296696759516,2458600
2020-10-05,220.09164428710938,221.55211658751853,219.29588144922164,219.47374776453518,2728300
2020-10-06,217.27371215820312,222.63814439084052,216.99284876540784,221.06533224767577,1988400
2020-10-07,223.70538330078125,224.69775477251838,219.4082211194425,219.67035644083327,1791300
2020-10-08,222.5819854736328,225.04420086215754,221.9640888362735,223.63052695377738,1537800
2020-10-09,224.6322479248047,225.93356777282412,223.58370654663216,223.9020117099624,1849800
2020-10-12,224.9318084716797,227.33785362459233,224.6322313651313,226.31739723104042,1453300
2020-10-13,220.92489624023438,223.83648440274234,219.88571167328635,223.61180511387082,1668300
2020-10-14,219.87635803222656,221.51471120244042,219.16484979815814,221.40237155635225,1077000
2020-10-15,214.95193481445312,215.99111936365878,213.45400624945754,214.46510588803375,2389200
2020-10-16,218.20989990234375,219.47376366063557,215.85066755410583,216.35622448566627,1836100
2020-10-19,215.20468139648438,219.46440201207577,214.7927503605602,218.98694428514784,1130000
2020-10-20,218.3596954345703,219.20227127276655,216.2438703939321,216.7306992907123,1415100
2020-10-21,216.1783447265625,220.57848999691493,216.00046411235874,217.64817401310597,1360300
2020-10-22,218.3222198486328,219.1460818641023,213.8846332123891,215.01742919835633,1466600
2020-10-23,219.323974609375,221.81426025581462,218.8465026033713,221.31807450137072,1323700
2020-10-26,213.44461059570312,216.72131623667633,211.84369955415153,216.39363995845784,1252300
2020-10-27,211.0854034423828,213.96890646092876,210.8138969431805,211.9841490959035,1566400
2020-10-28,203.071533203125,206.43249419257154,202.35065382669396,203.9609220443992,2297200
2020-10-29,205.81459045410156,207.45294352585606,200.4782433060194,201.92935888377727,2239900
2020-10-30,206.28271484375,206.80698560081873,203.41793943169097,205.14991859050647,2480600
2020-11-02,213.9969940185547,215.5230074158914,209.7560013074174,210.75772973418893,2182600
2020-11-03,219.1554718017578,220.35380894034094,217.0583889518901,217.79798207441192,1595900
2020-11-04,220.27890014648438,223.2841140041498,217.2830574487727,218.70608808717503,2347200
2020-11-05,233.8257598876953,237.19609213172427,232.51508306240962,233.8632159600212,2917800
2020-11-06,234.34999084472656,237.4769007532593,233.61038358261146,237.35518997423466,1725000
2020-11-09,241.21240234375,252.5685354217122,240.7817574900126,251.5106227537504,3184300
2020-11-10,245.3223114013672,247.6159885168777,243.14094535249848,245.76232736100866,1935000
2020-11-11,243.0566864013672,246.08062824768976,240.50087398647472,245.8465778172793,1841200
2020-11-12,238.79698181152344,243.15968529601386,237.94503480987956,240.660014109159,1669700
2020-11-13,240.6599884033203,242.12046065853696,239.4897363673707,241.1561741237387,1196700
2020-11-16,239.16207885742188,242.551109960542,236.6811359234609,241.89578595047394,1720900
2020-11-17,236.0538787841797,238.4318246425473,234.99596636933614,237.5986057619626,1947400
2020-11-18,234.33128356933594,238.1603450154663,234.23765768713116,236.94327997332377,1180100
2020-11-19,236.92457580566406,237.13052704129552,232.93634734145246,234.05042967234152,1205300
2020-11-20,235.98838806152344,238.2914364261086,235.3611203017886,237.23352385004563,1345600
2020-11-23,236.0538787841797,238.92802464969853,235.08023537299772,237.7484014514685,1231300
2020-11-24,239.8174285888672,241.32469959744648,236.559436418852,237.289686880293,1982100
2020-11-25,237.17733764648438,239.6863513708949,236.89647427658508,239.57401173705694,1172000
2020-11-27,241.00640869140625,242.5979630883493,240.7911005749491,241.75538723080706,1082000
2020-11-30,240.0608673095703,244.83547341793022,239.01231162681185,244.65759279829686,3384300
2020-12-01,242.38259887695312,244.58267844502976,241.02512364134472,244.1520336904084,1802900
2020-12-02,235.8639373779297,241.51152529426483,235.62901313751343,241.06046042884645,2060200
2020-12-03,231.35337829589844,237.48959802207506,230.93990935788224,237.3768389803023,2463800
2020-12-04,235.50686645507812,235.50686645507812,230.00964740043628,230.0472289728562,3030900
2020-12-07,234.71751403808594,239.30323995763626,234.19128601557455,238.14740233107926,1771300
2020-12-08,234.21009826660156,234.9806423927025,231.7105006684574,233.04486876088706,1397500
2020-12-09,235.99549865722656,236.64389186671178,233.4771176368562,235.8451436993614,1450300
2020-12-10,235.81692504882812,237.18888877866158,234.36039204254476,235.7323557723782,1245900
2020-12-11,234.3603973388672,234.88663963882158,232.50919332867917,233.3549291281999,1328900
2020-12-14,232.6689910888672,236.3431955902571,232.6408013249704,235.8075757375793,1814300
2020-12-15,236.48416137695312,237.73396016527818,234.26647578104325,234.51079185041064,1365800
2020-12-16,235.04644775390625,236.8976522474018,234.445042164153,236.6157402406274,1355000
2020-12-17,241.1544189453125,241.6994305268486,239.7166838419022,240.44024012781315,1538600
2020-12-18,242.1317596435547,243.12783625590816,238.22260200402934,241.62431518983223,3525700
2020-12-21,238.8427734375,239.65091339270344,232.57499646551045,234.92423885405094,1716200
2020-12-22,238.1756134033203,239.33143672506748,236.52173746857846,237.74334646438408,1162300
2020-12-23,239.71669006347656,242.2350709269092,239.52873920853867,240.73155011922844,1036700
2020-12-24,241.14501953125,241.48332533534696,239.4065888287613,239.43477858932985,276400
2020-12-28,244.3400115966797,247.54438191261227,244.02051804751778,246.22881180509918,1257000
2020-12-29,243.77621459960938,247.4034313473873,243.03384592096444,247.26248252923378,881100
2020-12-30,245.98440551757812,246.60460880778385,244.7534050813007,245.26084935097245,924900
2020-12-31,247.61952209472656,247.9202032871117,244.89437833221103,246.6328232119039,909300
2021-01-04,243.20298767089844,251.17162886255153,241.84982164444267,250.62658852222137,1741300
2021-01-05,247.01815795898438,247.36584127773185,242.02836893758698,242.02836893758698,1620000
2021-01-06,255.12770080566406,258.0219545540782,245.6273791926877,245.63675666086436,2586600
2021-01-07,254.39476013183594,257.25144689711726,252.77848022641987,252.83485974938873,1757800
2021-01-08,254.09410095214844,255.95471161340097,251.77304786896852,255.6258118789039,1879300
2021-01-11,251.3971710205078,252.86309624317005,248.258586060332,248.30555944572893,1913200
2021-01-12,250.54197692871094,251.4534840471152,247.76988834602895,249.02907872079732,1785200
2021-01-13,251.58499145507812,252.3367372952876,250.1566342105083,250.57010302580318,1518800
2021-01-14,247.78866577148438,251.16217403669856,247.6477169788126,251.06819861582667,1903400
2021-01-15,242.5263671875,246.11601619411826,241.40812559288713,246.11601619411826,1955300
2021-01-19,243.41909790039062,247.71349102501586,242.70491906530214,247.20607533644952,1643100
2021-01-20,241.87802124023438,244.97903879244387,241.7746683271335,241.90621100537814,1773300
2021-01-21,237.93125915527344,242.19747689676447,237.74332263751668,241.62427553612937,1559800
2021-01-22,236.3150177001953,239.2092864276805,236.04251185595447,236.04251185595447,1582000
2021-01-25,237.8561248779297,238.26020208619727,231.1654861279568,233.55231044808136,1990700
2021-01-26,240.4214630126953,242.12231214580203,238.91794220339412,239.19044800152844,1544600
2021-01-27,228.26182556152344,235.63843917909605,226.27906411080636,235.4505026271869,2681600
2021-01-28,234.49195861816406,236.05185891677075,231.23122355974095,232.07694503609375,2110400
2021-01-29,230.60166931152344,234.2852946686636,229.38007451690558,232.65960831456033,1647300
2021-02-01,235.32827758789062,236.05184818435725,231.1090478664336,233.27974531719732,1629200
2021-02-02,237.03858947753906,238.34476785096584,235.1591953092335,235.6290438513099,1526000
2021-02-03,235.04644775390625,238.20383068477094,234.74573778970947,237.29232332142985,2365700
2021-02-04,234.1536865234375,237.1983098996316,232.3964577597301,234.86786540475106,2712300
2021-02-05,241.8498077392578,244.02050547412654,237.00098220809363,239.66971819647605,2806400
2021-02-08,241.82162475585938,244.30243862369738,240.21475090076424,243.49428428410403,1770400
2021-02-09,240.205322265625,242.5075911921026,239.5757270494327,242.33845262893323,1389500
2021-02-10,237.48019409179688,239.72606903715712,236.2022057752758,238.86154963754527,1585200
2021-02-11,237.84669494628906,239.8294560789847,236.60628809308992,238.82397346265168,1204000
2021-02-12,237.44265747070312,238.4105586798387,235.7699977718675,236.83186008826448,1478200
2021-02-16,235.0557861328125,239.1904468301872,234.78328033601267,237.3204591429761,2248900
2021-02-17,234.2476348876953,235.1967235656255,232.3306595795942,233.88115368150085,1653200
2021-02-18,234.8584442138672,236.0894592228976,231.61649270923985,232.89448109333676,2168500
2021-02-19,235.75119018554688,236.77545648399354,234.12550403630019,234.48259348805308,1962400
2021-02-22,235.9297332763672,236.80364460605742,234.1912880864626,235.01822603694328,2034700
2021-02-23,243.04324340820312,243.56947142874475,235.1215903215382,236.33379313038313,3013500
2021-02-24,239.25625610351562,243.71042508936034,239.14349705076765,242.44182839139185,2155900
2021-02-25,232.1051483154297,238.72060858189724,232.01117288430038,237.6963423403208,2104700
2021-02-26,229.53977966308594,233.24218796723306,229.45519603960537,231.89841386285465,2599300
2021-03-01,236.32443237304688,237.29231925342185,232.34950325681638,232.5092500455672,1517300
2021-03-02,238.69239807128906,241.49269074414036,237.7433093893907,237.89366433067255,1671200
2021-03-03,232.6220245361328,236.0613194308759,232.53745523674735,235.45050770070955,1782800
2021-03-04,231.61216735839844,235.62305367009816,228.82814326916068,233.57514403427788,2369400
2021-03-05,233.70729064941406,234.320714623168,228.27136465334735,232.4238063225275,2136300
2021-03-08,239.4074249267578,242.25753183341138,233.87713462546816,234.50943729404258,2450500
2021-03-09,247.58021545410156,249.99618235189126,243.5032605138575,246.51378694050746,2812100
2021-03-10,250.69464111328125,251.98755790025257,249.04309918527443,249.26014054913915,2192800
2021-03-11,252.32723999023438,254.809275691174,252.20454943458336,253.7145360876881,1567200
2021-03-12,253.39361572265625,253.4502376902786,250.47746918772935,251.40234265988434,1139100
2021-03-15,253.86546325683594,253.87490985084145,249.79795572208414,250.18489166862093,1680400
2021-03-16,255.55487060546875,256.4325402033996,253.01621258948094,253.01621258948094,1599500
2021-03-17,254.38458251953125,256.48912876127235,253.30873610758377,254.516719672202,1670400
2021-03-18,252.827392578125,255.27167042737645,251.55334057777932,252.50652512925072,1941900
2021-03-19,253.97877502441406,255.64920977646736,249.26008485585524,252.92179303475277,3845200
2021-03-22,255.14898681640625,256.36641687652894,252.57260055967382,253.41251238677415,1347400
2021-03-23,252.80857849121094,257.14033311384367,251.9497733245457,254.98861129866788,1539600
2021-03-24,254.5922088623047,255.91346520123443,251.67606168108455,251.78930564142703,1482100
2021-03-25,257.9991149902344,258.7257829269209,253.59184558563962,254.72434277585754,1847900
2021-03-26,265.56787109375,266.0208757081981,258.9900159912233,259.5279535707682,2235600
2021-03-29,265.1903381347656,267.31374831556,262.14205448478924,264.3692908062868,2449600
2021-03-30,263.5482482910156,265.01103047759585,263.019757384858,264.49198616638205,1364100
2021-03-31,264.3788146972656,267.31382646987436,262.4158232501028,262.4158232501028,2218400
2021-04-01,265.039306640625,265.5961084578665,261.5758052214024,263.42552314993577,1594900
2021-04-05,269.34283447265625,270.83395672421494,266.66262185913786,266.66262185913786,1400000
2021-04-06,268.1253662109375,269.17293027682206,266.4832714488757,268.49343782345244,1615800
2021-04-07,265.5207214355469,268.4180043282263,264.6713629016992,267.54030600266907,3015900
2021-04-08,266.3228759765625,268.1537300064972,266.05863048773676,267.14392343110677,2003800
2021-04-09,268.77655029296875,269.1823794903391,265.87929674333685,267.82339457038194,1599000
2021-04-12,269.37115478515625,270.25827088941963,267.0967425434257,267.0967425434257,1479900
2021-04-13,270.1827697753906,271.5983768261672,269.1257877855733,269.3994510789587,1543600
2021-04-14,269.01251220703125,270.39980825426335,268.1348427569004,268.8143352861692,1325400
2021-04-15,271.7682189941406,272.5515088214751,270.4847204040328,270.8527920293347,1449100
2021-04-16,273.6462707519531,274.28803449995786,272.2872856865063,272.58928876784984,1304400
2021-04-19,272.22125244140625,273.8067254555842,270.8811317361798,273.6745883041029,1675600
2021-04-20,269.7580871582031,271.65500989991546,269.6165322074635,270.99438172899664,1603200
2021-04-21,275.5431823730469,276.0339157601316,271.31522580532425,271.5039849237557,1176400
2021-04-22,272.45721435546875,275.39222616615547,271.95703428995677,274.3257974527462,930300
2021-04-23,275.1940612792969,275.967933505316,271.65504307560377,272.14577656496516,1290600
2021-04-26,273.23095703125,275.6186125092368,272.5231536824327,275.59974812148147,906300
2021-04-27,273.8822326660156,274.48623888914443,271.4568475778817,272.325070522877,1199800
2021-04-28,270.98492431640625,274.2124919238217,270.8056118048169,272.20232551539124,1366300
2021-04-29,273.0611572265625,273.0611572265625,269.8430070990045,272.13628359205467,1290400
2021-04-30,269.7580871582031,272.39112444436194,269.34284010229993,272.1079857422823,1932700
2021-05-03,272.45721435546875,273.28767973170176,270.95664535833015,271.1737155001949,974900
2021-05-04,267.0779113769531,269.7864354107358,266.0869977843122,268.2858951244431,2301700
2021-05-05,275.2034606933594,276.29820037397974,270.6074606346029,271.40964380064213,1763500
2021-05-06,279.72393798828125,279.8183175485859,275.1845605034296,278.38384615398894,2532800
2021-05-07,282.11163330078125,283.9802451731013,280.22415703401026,281.70583281557003,1883600
2021-05-10,284.0745849609375,286.773661820116,284.0745849609375,285.10325592618653,1695700
2021-05-11,281.8095397949219,284.00846506873717,279.62950771009963,281.2150091540919,1634800
2021-05-12,277.4400939941406,281.0168401021979,276.78891250204646,278.3460743655164,1776000
2021-05-13,281.186767578125,281.9795040955003,277.29854256347465,278.00634611119546,1569300
2021-05-14,284.2255859375,284.8578742687318,282.1587974148684,282.71559937841505,1210600
2021-05-17,283.951904296875,286.1508012439774,282.17767218474125,285.1881988174492,1143000
2021-05-18,281.23388671875,284.82952571805293,281.0545742184724,284.35765678060534,1305900
2021-05-19,279.4125671386719,279.8089210420668,275.1374343770061,278.1007572569807,1882400
2021-05-20,281.35662841796875,283.89528606716334,280.7715154372205,280.7715154372205,1272900
2021-05-21,281.7718811035156,285.0372067456883,281.55481098025376,282.87603851171673,1923500
2021-05-24,284.3199157714844,286.01866132565436,283.64042330993556,284.20667182799224,1058300
2021-05-25,284.3011169433594,285.6601021798505,283.3290678034278,285.3958566505663,1330300
2021-05-26,282.90435791015625,284.62196815240907,280.72432521829734,284.1595457028029,1411600
2021-05-27,283.85748291015625,284.73515224037607,282.90429842000214,283.8197253301891,1710900
2021-05-28,283.6876525878906,285.9431714636032,283.1214040197314,285.5656820183633,1430900
2021-06-01,285.2543029785156,288.51018232185544,284.3199826238262,288.0005844563188,1418200
2021-06-02,284.0041198730469,286.3622880519573,283.4737690288096,286.3054668116429,1562800
2021-06-03,282.5267333984375,282.8960714913036,280.37689031996877,281.8637803368394,1608200
2021-06-04,283.9851989746094,285.7656751528257,282.7445535550569,284.0799106887191,1362200
2021-06-07,276.1435546875,282.2142086360901,275.72687516008506,281.6744067679116,3591400
2021-06-08,277.0149230957031,278.7006879673522,275.9352613173616,277.9430518752267,1721800
2021-06-09,275.1017761230469,278.89946399013445,274.80819007327574,276.83488180079104,1720800
2021-06-10,274.959716796875,277.5925405229935,274.8366233641999,276.6833716778043,1311000
2021-06-11,275.8025817871094,277.1852801286031,274.59982700603746,276.143509226675,1437700
2021-06-14,275.509033203125,276.1151361454054,272.6962658364915,275.5942650746039,1489400
2021-06-15,275.509033203125,278.17026760869913,273.65280500857256,278.1513368268006,2011500
2021-06-16,274.2304992675781,279.3635735901934,274.0221450573917,279.13625969601725,2364000
2021-06-17,272.0332946777344,274.135767407119,270.2622984722801,273.4538835786171,2397800
2021-06-18,267.0895690917969,270.4421660483148,267.0611584778411,269.078398774543,3882300
2021-06-21,273.06561279296875,273.34974794239434,270.2718050196775,271.4935196877041,2282800
2021-06-22,274.9786682128906,276.058300764976,274.03160893122197,275.4048275484682,2406900
2021-06-23,269.6846618652344,274.9787207938484,269.23006291840176,274.39154855124866,2685000
2021-06-24,270.03497314453125,272.5067835897577,269.74138712771014,272.09955510216076,3124300
2021-06-25,270.01605224609375,271.6923656366517,268.01777107672865,270.0444917698232,23412000
2021-06-28,274.35357666015625,274.51456053595257,271.99540854633665,273.67169289325085,1969300
2021-06-29,274.9975891113281,277.58307126207404,274.37252653965476,276.3140153384783,1181800
2021-06-30,273.7948303222656,274.5335353686871,272.7057179835864,272.9424827920799,1546800
2021-07-01,275.4427185058594,275.49953975070486,273.66224242881884,274.35360611037987,1434800
2021-07-02,276.31402587890625,276.8727873880909,274.2115531128773,275.31014535027543,1066400
2021-07-06,273.22662353515625,276.456099399422,272.2511535569496,276.0204601892798,1288100
2021-07-07,277.0432434082031,277.27052838135114,274.01264222377335,274.91236007907577,1228600
2021-07-08,271.7965087890625,272.7151573631571,269.6372149832049,271.84387908992585,1587100
2021-07-09,277.2137451171875,278.2649960659314,274.722974304696,275.4995699386209,1405800
2021-07-12,277.0337829589844,279.06050378460486,276.28562690268393,276.87279905905416,1382800
2021-07-13,274.38201904296875,277.06218412059906,273.5391224007377,276.4844918258207,1343000
2021-07-14,275.6794738769531,276.65494374930444,274.1736531362528,275.4048186016441,1106200
2021-07-15,276.588623046875,277.96187042406115,273.69062425682466,273.90845827378496,1220900
2021-07-16,274.7135314941406,277.64942146155215,273.84222411532414,277.2705745739174,1306300
2021-07-19,269.599365234375,270.3191105998866,267.78099878570765,270.12971609399585,1718100
2021-07-20,274.9975891113281,276.08670146571694,269.56147827853135,270.15813022885385,1973600
2021-07-21,278.62481689453125,279.1172772538447,276.09615621628177,276.45604332199053,1370200
2021-07-22,279.5908508300781,281.323956651607,278.94685743534274,280.9546185494921,914600
2021-07-23,282.99078369140625,283.18965804944844,280.5000131382778,281.466032109823,1102700
2021-07-26,282.6687927246094,284.1462029324613,281.13456127045214,283.6726732786124,1398400
2021-07-27,283.0286560058594,284.71442027524995,279.93175383373085,281.89217337172806,1551300
2021-07-28,281.1440124511719,282.89607795230563,280.8788370008675,282.2710153404546,1063500
2021-07-29,283.5968933105469,284.66704594516915,281.58910349839425,281.958470464945,1295000
2021-07-30,291.1165466308594,292.45187469331336,286.011883577515,286.3907014839819,2516600
2021-08-02,284.32611083984375,293.7682921089961,284.23139914056577,292.38559378578674,1927600
2021-08-03,286.8831787109375,287.1578050629548,284.1650945943862,284.77122634080877,1133000
2021-08-04,289.44024658203125,291.429076809557,288.3606140540318,288.3606140540318,1476700
2021-08-05,288.6920471191406,292.6318169125982,288.3037782756142,291.1259962324901,1586500
2021-08-06,289.6770324707031,290.63357164206116,287.839735059438,288.8246848546009,858900
2021-08-09,287.2052001953125,289.97059704709807,285.7656516240688,289.90429596248447,910300
2021-08-10,285.8034973144531,288.5689226349761,285.01745096931074,285.973961017937,1448400
2021-08-11,290.0842590332031,291.5995597301808,287.5935172917082,291.078688663387,1803100
2021-08-12,290.4252014160156,292.33825075126634,288.64472535055677,291.6942573792361,784500
2021-08-13,293.0201416015625,293.039101284812,291.04079113305426,291.82686653704764,816500
2021-08-16,294.8669128417969,295.2078403099281,291.99732437720365,293.4652547015834,1262500
2021-08-17,295.0279235839844,295.7761085764141,291.4859308002609,295.084744833844,1408500
2021-08-18,293.503173828125,297.72705054021384,293.30429945229355,295.88030210357664,1278800
2021-08-19,294.6964416503906,295.4256668734107,291.4574862753286,291.9310159037207,1402500
2021-08-20,297.234619140625,297.4903147917012,294.2703183881687,294.41237152765547,1165200
2021-08-23,296.2685546875,297.71755429262964,296.2591037476201,296.31592499472663,988600
2021-08-24,295.93707275390625,297.67017839373847,295.38776222625427,297.1303477068247,689100
2021-08-25,296.2875061035156,296.959910110151,293.56945055225765,294.09980144509063,801400
2021-08-26,294.8384704589844,297.3008301040753,294.74375876072077,296.94094299184513,880100
2021-08-27,297.8880310058594,298.31419033636865,295.8044890501854,296.7042069178527,1268900
2021-08-30,298.8445739746094,299.5454175648645,297.9354050679057,298.8729845997577,747500
2021-08-31,297.9353942871094,298.7688111305799,296.87469245067683,298.4468144232313,1492900
2021-09-01,297.2630310058594,298.78778287929964,295.60567693370535,296.89366393969505,1050700
2021-09-02,299.8762512207031,299.97128387502835,298.19425733884054,298.79293116120556,893000
2021-09-03,297.8426208496094,300.4558589776646,297.75710017267807,298.7834062956348,1150800
2021-09-07,299.94268798828125,301.2635457918629,297.2344176429525,300.55084459571776,1382700
2021-09-08,296.0941467285156,300.11379276455483,294.9158231150681,298.43179902612314,1521800
2021-09-09,297.1489562988281,299.81920832678634,296.6547981442591,297.36749948267976,1211200
2021-09-10,295.00140380859375,298.56491126762694,294.68779891225597,297.5766237456836,971100
2021-09-13,297.9091796875,299.87624247507614,295.70454977098643,298.9164619942031,1354000
2021-09-14,296.42669677734375,300.07572358111776,295.5239302894794,299.92367717264125,1128600
2021-09-15,298.887939453125,299.38206861548736,296.06564094908913,297.8901691637747,1419000
2021-09-16,297.510009765625,299.22051023872217,294.50718722375166,298.46979010330915,1232300
2021-09-17,293.93701171875,295.79001759335335,290.76311892337674,293.96551860913195,6512400
2021-09-20,287.18060302734375,289.4137395516399,284.6719095489036,286.79098950609296,1885200
2021-09-21,289.79388427734375,290.87720432705737,287.9788678957337,290.3165493714649,1216200
2021-09-22,290.8391418457031,293.9085191929862,290.4875471805123,290.8486538095915,1334000
2021-09-23,294.9348449707031,296.3412528634597,293.2053492512109,293.509442146925,1066900
2021-09-24,294.83026123046875,295.64747807400295,292.502092222924,292.8917057180582,926200
2021-09-27,293.83251953125,296.75936279866613,293.1293301098095,295.0488620709844,1021600
2021-09-28,285.0139465332031,290.4685059558918,283.3985079236041,290.3449664445932,2278000
2021-09-29,284.2632751464844,285.5651380864996,283.48404817512625,284.76691618896956,1197700
2021-09-30,278.78973388671875,285.51762106223333,278.71369617858375,284.4058233297847,2084800
2021-10-01,283.0374450683594,283.6931325758449,278.0105171776005,280.8423274128261,1597400
2021-10-04,279.9965515136719,283.1514492602775,277.47834629419856,281.7355587594937,1495200
2021-10-05,283.0184020996094,284.7574093719912,279.61645426056987,280.1675971283886,1359900
2021-10-06,281.32696533203125,281.5075186590048,275.8344148059371,279.22688016026075,2050200
2021-10-07,284.28228759765625,287.3421528934283,282.6573368132221,282.72383355886683,1375800
2021-10-08,281.4599914550781,285.37509250818664,280.98485726902345,284.7479119026077,909400
2021-10-11,280.1770935058594,283.35098605060756,280.0440710278772,280.8612878208874,748800
2021-10-12,281.0989074707031,282.31524992496014,279.57847215290894,281.013386790313,1063900
2021-10-13,286.02130126953125,287.1046212595366,283.0564682440952,283.9117040783721,1430000
2021-10-14,293.41436767578125,293.76599134877944,288.53951507311604,289.2141975269141,1126400
2021-10-15,292.9107666015625,294.1461331081888,291.333317339187,293.167357668269,1230500
2021-10-18,292.6541442871094,293.18629224198656,290.56354232160004,291.99845680701276,1010600
2021-10-19,295.2293701171875,295.52395099178216,291.70388258582307,292.72067670130235,984800
2021-10-20,295.7425231933594,296.4837313617682,294.7827428599481,295.6759974475035,745300
2021-10-21,295.828125,296.10371102277804,293.07235177191103,295.69510247169495,856900
2021-10-22,298.52685546875,299.3250775608325,297.29151796907587,297.4720713113213,1214800
2021-10-25,300.9310607910156,301.97636207705693,298.3463289745757,299.401142226821,1225400
2021-10-26,301.0165100097656,303.2401345812116,300.9309893339281,302.0333041556508,1069800
2021-10-27,303.1071472167969,305.4353166618154,301.007061933671,303.61078836614087,1536000
2021-10-28,302.1473388671875,302.6129901131659,299.92371424316775,300.71245327213455,1565000
2021-10-29,303.3257141113281,306.67064876171764,301.09257735614364,301.8432975844595,1890800
2021-11-01,306.908203125,308.1910713352727,304.5420439593114,305.4352986242484,1367700
2021-11-02,311.27947998046875,312.39127795866096,309.80654630864547,310.861359492974,2012300
2021-11-03,312.0776062011719,313.7405756745804,309.1222567999166,313.4840136814992,1856300
2021-11-04,315.0139465332031,315.13748605417857,312.01109517676133,313.01837727102435,1628200
2021-11-05,315.47955322265625,316.0687149092253,314.2157091853277,314.9949361255773,1693200
2021-11-08,320.74407958984375,321.0956742443759,318.39691557187376,318.6534775900729,1448700
2021-11-09,321.7798767089844,323.243298145584,320.7440876466808,323.0722567958215,1813000
2021-11-10,319.8793640136719,321.79892486069315,318.8245799441792,320.87716329551046,1540100
2021-11-11,318.9671325683594,320.9816971760298,318.9481376380602,320.7916318734636,924900
2021-11-12,320.2594299316406,320.9816431599832,318.87204625604085,320.9816431599832,1044100
2021-11-15,317.3991394042969,319.98387046440973,316.21130397225767,319.98387046440973,1274900
2021-11-16,316.410888671875,318.64402534146,316.3158560263815,317.34216219788476,1604300
2021-11-17,314.99493408203125,317.79820805637297,314.60532061443405,317.7126873927374,1304600
2021-11-18,314.538818359375,315.26103157273235,312.7998400691818,314.97593367277585,1762900
2021-11-19,315.66961669921875,316.66738677570913,314.03515412638046,315.31802208178664,2067000
2021-11-22,313.34149169921875,317.74123901383456,313.34149169921875,316.220803779858,955500
2021-11-23,313.82611083984375,314.97592738033313,312.2011601421404,312.6192805204797,986800
2021-11-24,310.9753723144531,311.97314265775054,308.6852217075665,309.14136103587333,1327400
2021-11-26,304.62750244140625,308.333542847804,303.26862579237473,307.10768867495807,1319000
2021-11-29,304.7890625,306.6040785356384,302.7744982300442,305.5112757288101,1857200
2021-11-30,302.31842041015625,304.82711405320913,300.09476670395895,304.4279885418709,3243900
2021-12-01,302.4609680175781,309.6069766747608,302.4134371927942,305.70138707220116,2459500
2021-12-02,308.9158020019531,309.57368057470103,304.5299545492327,305.10202666859567,2183900
2021-12-03,305.76947021484375,311.77615514310145,303.4430647722706,310.04088026274303,2566700
2021-12-06,309.89776611328125,311.2325813079468,308.4008527071828,310.02171843435536,1672900
2021-12-07,315.2561340332031,317.03906898613724,314.62685773861625,315.26567778058484,1797500
2021-12-08,317.6778869628906,318.47877612439714,315.43728860206187,318.35482379640376,1370100
2021-12-09,316.6576232910156,318.4501015721166,315.1130496095345,315.6374318506552,1086500
2021-12-10,318.4501647949219,319.25105393333024,317.29650617734677,317.4681190434079,1116600
2021-12-13,318.63128662109375,319.8802952823819,315.9902585924132,318.1450211235527,1016800
2021-12-14,318.9268798828125,320.4142495509354,317.5157728990699,319.58475828565025,1631400
2021-12-15,325.46746826171875,325.5151578961194,319.0412682036436,320.5381815235794,1445100
2021-12-16,324.18035888671875,327.3267110420092,322.8169124624234,325.02890853719623,1449500
2021-12-17,318.2880859375,323.20785874133634,317.6111490823386,322.3879111557594,2791400
2021-12-20,314.9415283203125,315.27523943292596,311.78563201755895,314.97964511842247,1621800
2021-12-21,317.391845703125,318.4596978518236,314.23592070028326,315.01775141514787,1051900
2021-12-22,319.73724365234375,319.91840022248465,316.00927654084916,316.67669854629287,923400
2021-12-23,323.3794860839844,324.7810493722292,319.6133721382791,319.7373244646285,1151900
2021-12-27,327.43157958984375,327.8606117067945,324.80960996470554,325.91557881959176,1094400
2021-12-28,327.78436279296875,328.890360791082,326.9262694262497,327.3934474499193,926400
2021-12-29,329.31939697265625,330.3681906989948,327.93692128061787,328.1466800258856,802100
2021-12-30,328.29925537109375,330.1012779248055,327.75581457738974,329.18598012282735,925300
2021-12-31,330.30145263671875,330.81632031733227,327.6318222498134,327.71762868045084,817800
2022-01-03,322.8741760253906,330.45403568864964,322.6071838668138,330.2919665601325,1514700
2022-01-04,328.7569580078125,329.53878891574163,322.52142733933687,323.1793058963997,1919900
2022-01-05,330.2823791503906,335.7837378841471,330.19657272367346,331.50278571390356,1654900
2022-01-06,322.27349853515625,329.41478218678515,321.977933330402,328.6329514079166,1649400
2022-01-07,320.6240234375,322.445104266419,317.78275093900817,322.28300604637474,1441000
2022-01-10,319.8135681152344,319.9279766875806,315.25610903711606,317.8971663348582,1415600
2022-01-11,320.7669982910156,320.8051441791349,315.58980693093645,318.6312941049323,1571700
2022-01-12,325.4007873535156,326.00146150092996,321.482118871084,322.5595148374886,1274400
2022-01-13,317.8876647949219,324.1136509389011,317.296534361455,322.53093091879714,1446200
2022-01-14,313.3302307128906,315.34198310063033,310.0313234166112,313.8260109983216,1850700
2022-01-18,306.20794677734375,308.7250227239666,303.6336374462894,307.80018127803265,2207400
2022-01-19,307.1900329589844,311.6044820162921,306.87538023873253,310.2124332422688,1442400
2022-01-20,306.70379638671875,312.34819651817645,306.29382253356243,308.7441800970619,1611700
2022-01-21,301.4025573730469,307.0278682561074,300.81142705302443,305.769344937938,1921800
2022-01-24,301.44073486328125,302.0318652452773,289.97080941277676,299.1905928160821,2877700
2022-01-25,298.99041748046875,301.4979791599571,292.03980450257956,295.92032748873226,1941600
2022-01-26,294.54736328125,302.94720017931843,291.5249629641236,302.337011325029,2092900
2022-01-27,296.8547058105469,299.43853012522777,292.9932413154892,296.263575364076,2151600
2022-01-28,300.27752685546875,300.3061289993251,291.2007543446523,293.05040814201175,1898400
2022-01-31,303.8434753417969,304.0532341500503,295.13852844447587,295.62479411288075,2381400
2022-02-01,306.4463806152344,307.0851716782135,301.22149802490463,305.5215389491693,1875800
2022-02-02,307.285400390625,309.4020467212119,305.102006012992,305.41662965410325,1730400
2022-02-03,297.28375244140625,304.6443394253504,296.5019506725271,304.2153071918425,1556300
2022-02-04,284.107177734375,290.23781403417945,283.65905801015697,287.37748279792675,3291600
2022-02-07,282.66741943359375,285.6898483859263,281.7521217435478,282.896236581908,2533400
2022-02-08,284.8031921386719,285.6899169949162,281.18966105099395,282.71514786848957,1993000
2022-02-09,289.9898681640625,290.77169890749724,287.70160931940535,288.67411132676745,1880800
2022-02-10,294.4710693359375,302.09861833426237,292.9836996090074,295.27195848914675,2497900
2022-02-11,281.00848388671875,294.7094657712128,279.84528136037125,292.68816969846324,2209700
2022-02-14,279.84527587890625,282.07633069456836,276.8037880809856,280.5222127737558,1774400
2022-02-15,287.8446350097656,288.53111560853944,285.00339152614475,286.57656774510394,1697600
2022-02-16,289.68475341796875,291.05771451659564,285.18449850508944,287.2820860437664,1805400
2022-02-17,285.05108642578125,288.5597525327061,284.1262448006456,287.9114177492777,2055900
2022-02-18,288.7599182128906,291.0482061579262,284.7268703581847,285.85192683652696,2871400
2022-02-22,279.9215393066406,281.3326464923463,276.2507751515986,277.64282393767877,3590700
2022-02-23,277.53790283203125,283.28716675844646,277.11838530698685,282.0763038228989,3391600
2022-02-24,271.9697570800781,272.5894895327701,263.86548736866473,263.86548736866473,4444500
2022-02-25,283.63995361328125,283.79250809507374,274.21041066327143,274.28667335577154,2888900
2022-02-28,279.58782958984375,280.9989367826447,274.55364786803716,274.55364786803716,3233300
2022-03-01,269.40496826171875,279.4828721133309,267.488537691954,278.40547640190664,3439200
2022-03-02,276.6894226074219,278.4342120862668,269.29068886806226,270.89246758582124,2964500
2022-03-03,274.02923583984375,278.26252786393064,272.37025324279006,277.0516358378505,3092200
2022-03-04,268.32763671875,268.43253064951904,263.5032142263532,265.4005577596645,3849600
2022-03-07,258.3736877441406,268.12742684688254,257.30583550194933,267.7651136011124,3732000
2022-03-08,258.8027038574219,265.6102752615828,255.05567791620453,260.7667951236634,3117300
2022-03-09,279.13970947265625,282.5053646650187,268.81392671206794,271.0831274377638,4117600
2022-03-10,271.3665771484375,275.8657230998208,268.18843763677916,268.552204464605,2525900
2022-03-11,268.7629089355469,277.12943236393613,268.35126097879726,276.0285786307592,2007300
2022-03-14,273.16632080078125,280.13526851746695,272.438816084876,276.32532664162017,2541100
2022-03-15,281.53289794921875,281.9923685018261,275.06174834029434,277.77083673204737,3413500
2022-03-16,291.5172119140625,295.1356886145395,285.8214480274135,290.12915977624516,3535700
2022-03-17,296.15032958984375,296.8395644936215,289.22929286183984,289.94724466937777,2265300
2022-03-18,298.342529296875,299.21364779470275,291.6894965171608,291.6894965171608,3242700
2022-03-21,297.4236145019531,299.10838878208324,295.1453086539742,298.2181352506258,1556300
2022-03-22,298.79248046875,300.0082020002495,296.3801430619231,298.57229800610645,1721900
2022-03-23,294.1688537597656,297.44272772606536,293.833832864716,294.5900546025303,1854000
2022-03-24,304.4499206542969,304.53607138123004,296.4662986095588,296.4662986095588,2115900
2022-03-25,305.11993408203125,307.22593772184894,302.2577089105127,306.93876868620725,1813500
2022-03-28,308.8533935546875,308.91082737794363,305.40721809161005,305.72310411951884,1722500
2022-03-29,312.395263671875,314.9416035466001,307.0345496836928,313.72588203762626,2514200
2022-03-30,311.70599365234375,312.58669417431946,308.6810194609144,310.72958958076134,1526700
2022-03-31,305.7804870605469,310.9976157753305,305.5794687126001,309.7052965400272,2311300
2022-04-01,308.9394226074219,309.1021419713766,306.680252666181,307.1780512230551,1477700
2022-04-04,307.70458984375,308.2215233509839,305.54115227315305,306.6803048688625,1301800
2022-04-05,308.02044677734375,311.1507352174614,306.9674742100039,307.12061154764666,1376900
2022-04-06,301.587646484375,303.37776440821705,298.79243681045074,302.5161987667863,2257600
2022-04-07,304.4594421386719,305.8474940946253,300.9271166303553,303.24372083238313,1471400
2022-04-08,304.2393493652344,307.7237945799836,303.57883118199834,303.9330161644642,1357200
2022-04-11,303.59796142578125,305.770981496244,303.2246415790341,304.26806164056234,1235700
2022-04-12,300.58251953125,304.0382472141913,299.51996477451297,301.45363798201276,1827900
2022-04-13,305.6081848144531,305.7804862550965,300.13260395244674,300.58252163426243,1208900
2022-04-14,304.90936279296875,306.9962317672502,303.09055722889246,305.33056356109626,1785300
2022-04-18,303.9712829589844,306.2304243451867,302.2003290204729,304.8806712097873,915800
2022-04-19,304.55523681640625,305.5220882049274,301.11864336730486,301.62599495252505,1944600
2022-04-20,312.4239807128906,313.85988468102676,306.2496111780299,306.2496111780299,1957100
2022-04-21,310.5093688964844,318.11008777995227,309.7531181384021,317.0379510772977,1475000
2022-04-22,296.48541259765625,308.8724781656986,295.82489452414654,308.8724781656986,2339100
2022-04-25,300.5729064941406,300.74523712934337,293.422105359539,297.99785035401885,2293300
2022-04-26,290.5599365234375,300.151763965492,290.5599365234375,298.32340539181445,2500300
2022-04-27,293.9199523925781,296.81089494866745,290.50249423216377,291.3640306959683,2610900
2022-04-28,301.7216796875,302.99483486195834,290.07170073895117,292.44573885768074,3304900
2022-04-29,298.629638671875,305.2730880827829,297.68195167970293,300.1325580614954,2534900
2022-05-02,299.90289306640625,302.16203448561447,293.785928504709,301.1186145033321,2195400
2022-05-03,300.59210205078125,303.15757642051574,298.59141298690747,300.69738763720454,1771900
2022-05-04,308.4704284667969,309.1022296665563,298.8020325788989,301.35792507286243,1730100
2022-05-05,299.25189208984375,306.0197919267033,296.20778323327863,305.2539882994601,1769500
2022-05-06,295.470703125,296.5811388588317,290.8088069790195,292.42659420030105,2273000
2022-05-09,287.4391784667969,292.54143906417187,287.00842490542243,290.7417685050052,2027000
2022-05-10,286.5872802734375,293.54661738702174,285.3523947286819,293.1158637413209,2524900
2022-05-11,287.611572265625,293.62322228844204,284.69188337864017,285.3428194900216,1759200
2022-05-12,288.4634704589844,289.41115753072677,283.6579900377062,283.8398735059142,2455200
2022-05-13,295.57598876953125,297.8830109566345,289.6600723569047,290.33017245602684,1845400
2022-05-16,296.2174377441406,298.313860012524,291.90014351445404,294.2167482559681,1598800
2022-05-17,305.148681640625,305.2731313064164,301.47277154746405,303.37775705370615,1396600
2022-05-18,296.8204650878906,302.7746806249189,295.71002932061907,301.17602822186717,1737200
2022-05-19,297.4236145019531,300.67832462183276,294.7911236498595,295.2888932213797,1957800
2022-05-20,301.71209716796875,303.2150168118764,294.19752816196774,302.02801236116585,2372000
2022-05-23,306.7282409667969,309.7053344576578,305.1104535179519,306.24960631834665,1981100
2022-05-24,306.795166015625,307.89604885685293,302.20028599849906,307.283382607351,1707700
2022-05-25,302.35345458984375,306.36441450251783,299.9028480024603,305.1391112088261,2260100
2022-05-26,306.6419982910156,308.00133326848675,303.6266064653597,303.98079135858916,2651600
2022-05-27,315.54461669921875,315.7169181252017,309.54252077233775,310.06903630310916,1879000
2022-05-31,310.80615234375,313.840708517761,309.1022143609674,310.58599912760224,2510400
2022-06-01,305.9527893066406,311.23693388915535,304.2201344239065,309.7052973548969,1853800
2022-06-02,320.1147766113281,320.3261507729457,310.26671690667763,310.85281180424647,2282400
2022-06-03,318.88494873046875,320.4798574150686,316.88652624280866,317.3380969506223,1332800
2022-06-06,322.3534240722656,324.7361553543885,320.2877100502126,323.18930347016334,1728400
2022-06-07,322.59368896484375,322.9491752832883,318.2125048115425,318.53916870743416,1726100
2022-06-08,315.71435546875,320.6623986017266,314.45572787533854,317.9529744439485,1917000
2022-06-09,306.19305419921875,313.79287898654815,306.0969696843628,311.535024831382,1666100
2022-06-10,298.69891357421875,301.0047951905045,295.7877024820964,300.19773809084825,2007900
2022-06-13,289.5137634277344,292.55946932650573,287.99573376229915,290.7628033852002,2039600
2022-06-14,284.02764892578125,288.34157014570314,281.7217676081645,287.5249252255162,2420300
2022-06-15,288.2262878417969,290.96453480430716,282.5288318215672,287.8515964120362,1979500
2022-06-16,278.3590393066406,280.1749103709585,276.5431389214485,278.4743289842641,2986900
2022-06-17,279.2814025878906,281.03965823839707,272.54630940694994,273.86258217255937,5565600
2022-06-21,287.063720703125,288.82194667681,281.3566479111631,281.88509795241595,3779400
2022-06-22,286.6986083984375,289.1005740005036,281.8370323655252,282.07722892573184,2768900
2022-06-23,285.1902160644531,288.0341649379671,281.51041702972026,285.3151229886048,2812400
2022-06-24,291.3392639160156,292.6747417343961,285.79550775036614,285.8435646617835,23958800
2022-06-27,284.6425476074219,289.0044961296243,283.9027234196894,287.8707753764987,2714300
2022-06-28,281.894775390625,287.27518607766007,280.73223184410347,284.633022995006,2535500
2022-06-29,279.98272705078125,280.87625123399494,277.32135967079313,279.713708071291,1951200
2022-06-30,276.25494384765625,278.23416171115457,271.42218887868677,272.97865833242065,2926900
2022-07-01,274.24688720703125,274.9098322045873,269.9137309257918,272.4021643179893,3307600
2022-07-05,260.01763916015625,262.7462691334719,256.3666330926597,261.5068464150182,4332700
2022-07-06,263.5340576171875,264.67739555217753,258.97991104590506,259.0375558728064,3484100
2022-07-07,263.1402282714844,265.4269049802076,262.86159195867987,264.0433699853646,2338000
2022-07-08,262.947998046875,265.54213288881084,261.3050616181141,263.9856637119982,1711900
2022-07-11,265.91680908203125,267.2619333353912,260.1328862118915,260.315437951394,2251700
2022-07-12,262.8135070800781,266.7623249149452,262.4003466646284,264.1778072809778,2146600
2022-07-13,263.95684814453125,265.0521293518377,258.7397559079566,259.54684225549556,2423300
2022-07-14,258.4611511230469,258.5668235498695,254.7236780647148,257.3178129955435,2473800
2022-07-15,266.11865234375,266.11865234375,262.54452543096176,264.4660984094312,2370100
2022-07-18,266.2627258300781,269.58703839077486,265.4364343223385,268.78959862156887,2244100
2022-07-19,274.544677734375,275.1884174389946,269.30838081389277,269.8080084416184,2097500
2022-07-20,272.0370178222656,274.5926833032612,270.8744454131714,273.2475884919825,1997000
2022-07-21,275.7745056152344,275.976262539437,271.0282186876983,271.4221446107709,1544800
2022-07-22,274.34295654296875,277.3790450819004,273.39175806989385,275.9186309902598,1203700
2022-07-25,276.7929382324219,276.95628481439195,273.4109808093069,275.66883461375943,1460700
2022-07-26,275.380615234375,276.3702241324474,273.1996404879877,273.37257501676703,1448500
2022-07-27,279.0603942871094,279.32941327993626,273.929769611051,274.9674352411484,3179200
2022-07-28,285.2863464355469,285.6610672682469,275.2077047963471,275.2077047963471,1941300
2022-07-29,290.1574401855469,291.2623384810201,287.034884951762,287.3999884088974,1711400
2022-08-01,288.30316162109375,290.436108450531,286.785102797157,288.6490306265243,1247900
2022-08-02,285.968505859375,288.8316308432423,284.21986740505054,286.7275060778371,1428100
2022-08-03,288.2935485839844,289.513736687674,284.19100144280566,288.1206140787444,1297100
2022-08-04,290.3880920410156,292.1943752880617,289.6002694229246,289.6002694229246,1451100
2022-08-05,290.128662109375,290.2247466108105,287.659434094762,288.34158420946943,1113100
2022-08-08,289.1775207519531,293.8661340709807,288.89888446729566,293.6739943705324,1081700
2022-08-09,288.8796691894531,290.86847481830546,288.0149379446152,288.86043469546786,884200
2022-08-10,297.2673034667969,299.07358657294674,294.4137667131184,295.94141355607525,1246500
2022-08-11,293.8757019042969,297.8917816151538,293.6258880827557,297.1135470551365,1165400
2022-08-12,299.3329772949219,299.3522117873883,293.5874936550191,293.9814195792357,1149000
2022-08-15,299.96710205078125,300.1784762233834,296.1143686750351,297.69004306280993,1263500
2022-08-16,300.04400634765625,301.18734455993746,297.1232073525188,297.1616470200651,938400
2022-08-17,297.324951171875,297.99751338030995,294.9614248374199,296.3641647717531,912200
2022-08-18,298.0071716308594,298.90069606890614,296.0375416470767,297.39225417615313,1113600
2022-08-19,291.8388977050781,296.4314559759641,291.3392992834526,296.4026335539641,1154000
2022-08-22,284.1910095214844,285.86276842807183,282.903559299979,284.7866923814926,1966500
2022-08-23,282.6441650390625,284.91163642195613,280.751414464535,281.94280966064946,1461600
2022-08-24,281.63531494140625,283.4031583538199,280.5496216457525,282.6729513257611,1439300
2022-08-25,285.4688415527344,285.8723847293039,281.4335563914042,282.81706178895087,1332400
2022-08-26,275.025146484375,285.5649759783755,274.8137722731938,285.32477934389135,1782500
2022-08-29,276.2356872558594,277.50390292821595,274.5062542684918,275.12117159401055,1456100
2022-08-30,273.4878234863281,278.6568586428203,271.5662508227026,278.1476430597944,1674300
2022-08-31,271.76800537109375,274.54469191982184,271.2395846215565,273.7568400976009,2947800
2022-09-01,269.307861328125,269.75165049662644,263.6735378344979,268.0439763923949,3096300
2022-09-02,267.92822265625,275.74292254316697,266.76085068562077,273.08978569186337,2400600
2022-09-06,267.18536376953125,269.33682723215685,264.1366646992249,266.62577658177844,2738500
2022-09-07,275.76220703125,276.03234342341415,267.5809166156163,267.8317386237739,1313700
2022-09-08,273.9098205566406,274.1027582762213,269.6648079713472,269.80951862169655,1510300
2022-09-09,276.9198913574219,277.9136103110999,275.0385647685173,276.27347792884194,1679400
2022-09-12,284.1365051269531,284.78288927782825,280.50893391163817,282.5928559219685,1752700
2022-09-13,275.52099609375,281.3096579548436,274.9035541387482,278.4635835387333,1752500
2022-09-14,276.47613525390625,277.3347714218529,273.28272593223744,275.5499281911464,1325300
2022-09-15,272.9354248046875,277.537430231258,272.694230539317,274.9132354463209,1382600
2022-09-16,273.3792419433594,273.9098870469922,268.70972402176733,270.46562551932345,3278300
2022-09-19,275.0965270996094,275.2605227012366,270.25332773061945,270.6392326409477,1144000
2022-09-20,271.6136779785156,272.78104994903873,269.21139257865894,270.66818588314356,1589700
2022-09-21,266.789794921875,273.7072592852949,266.6354270616452,271.9610151902674,1428600
2022-09-22,264.41644287109375,267.6870216331504,263.6735457281987,266.8573275349107,1537400
2022-09-23,259.66973876953125,261.04936289356255,256.505271203123,260.3161523519101,1947200
2022-09-26,254.94232177734375,260.0749424740658,253.70740839733955,256.86221858213395,2174000
2022-09-27,255.85882568359375,259.67933366540484,253.22497435284822,258.58913114268614,1947400
2022-09-28,261.8887023925781,263.2779834898816,255.61765251598626,257.0551606814325,1880200
2022-09-29,260.113525390625,260.96253390242344,255.87816946640825,258.9365256587741,1463900
2022-09-30,260.0942077636719,264.4839604394671,259.8722984714926,260.61519554728767,2625100
2022-10-03,266.10479736328125,267.5615906021849,261.7247015696723,262.9306728113201,3081000
2022-10-04,276.3700256347656,277.05503853931646,272.89682236452836,273.6204051523836,2425100
2022-10-05,273.7940673828125,276.23495196436954,271.41106706463967,273.4371046110576,1861400
2022-10-06,268.9991760253906,272.30835463281164,267.5616380295249,270.5235109902643,2182300
2022-10-07,263.5771179199219,267.2432591565576,262.2939478772368,266.7415856593039,1587900
2022-10-10,262.2552490234375,265.1206371270724,260.6537455400257,264.252343947139,1207900
2022-10-11,261.4545593261719,265.36189428442657,259.46712111991684,260.7792036689309,1092900
2022-10-12,262.0237731933594,264.1752364312519,260.47049640742944,261.53172751805306,1437300
2022-10-13,272.51092529296875,273.05119810140457,256.8429549630109,257.57619496417084,2124500
2022-10-14,265.6416931152344,277.4602112526003,265.28473033946153,275.6271408586015,1640000
2022-10-17,271.0251770019531,273.7072559753616,270.6971269012701,271.34354046799916,1508200
2022-10-18,274.6334228515625,278.656526431678,272.8196373906542,278.0197995246979,1692800
2022-10-19,273.9098205566406,276.02268437970656,271.89344031469267,273.9966469468502,1186500
2022-10-20,272.2890319824219,278.0583797828888,271.5847341506316,274.3922388431763,1345100
2022-10-21,278.1645202636719,278.5600823789598,269.6937791207849,270.5813575002021,1610500
2022-10-24,268.32379150390625,284.4934644684844,266.8959402968781,282.99804235828634,4454300
2022-10-25,278.0294189453125,278.0873032078495,268.30448008456176,268.5360171347098,2999600
2022-10-26,284.4548034667969,286.1528201477046,280.0071963122346,281.435047209677,2597200
2022-10-27,282.9305419921875,286.2590053242327,281.8982234281297,283.6444676251027,2338500
2022-10-28,291.169677734375,292.3274218753002,284.29084267092304,285.6222101575335,2249300
2022-10-31,286.8764343261719,292.09588120164017,286.65452502649396,290.0891286412782,2016100
2022-11-01,287.6675720214844,293.3114939365212,286.0177821471695,293.3114939365212,1891500
2022-11-02,283.9725036621094,291.69072088559864,283.52871441570414,291.69072088559864,2587800
2022-11-03,287.1177062988281,287.71586346385664,279.7275092672445,279.77573635113487,2396100
2022-11-04,298.0486145019531,299.11953250835,292.3564348880991,295.3569073020847,2948000
2022-11-07,302.4479675292969,302.8917861996942,298.52134705845015,300.1325083481864,1575900
2022-11-08,303.6249694824219,307.2911398452943,302.64090751566755,303.6153417331735,1520000
2022-11-09,303.3645324707031,307.638488222206,302.29361451318385,304.58016111365407,1165500
2022-11-10,316.8038330078125,318.50185002572607,313.1087498866242,318.3764242992676,2683400
2022-11-11,318.5886535644531,322.4863607837542,317.8843557740049,321.4347574151058,2133700
2022-11-14,320.38311767578125,326.12355232459674,320.24806421250935,321.2707254275268,1908500
2022-11-15,320.8462219238281,327.30058211069394,318.3281682027764,327.0786728116017,1865500
2022-11-16,321.97503662109375,324.3097804573378,321.5698173290785,324.010701944783,1418500
2022-11-17,318.7044372558594,319.67887146771665,316.4468625621629,318.0966230224299,1520600
2022-11-18,323.1134338378906,323.8756158298281,319.3314954500371,322.3898511657441,1257400
2022-11-21,322.592529296875,324.08795153738,320.9234836791524,320.9234836791524,1065700
2022-11-22,327.79266357421875,328.2846798541811,322.47673254796257,324.30980307481184,1010400
2022-11-23,330.783447265625,331.40091871390024,328.36187687623476,328.73812461786684,954500
2022-11-25,332.2884826660156,332.4428210650377,330.4360980085425,331.1693378958462,458500
2022-11-28,325.80523681640625,332.780556371192,324.9369138766238,332.5683042325479,2881100
2022-11-29,320.2770080566406,323.68266954207456,319.3508304205236,322.968744014511,1888300
2022-11-30,324.628173828125,325.2070164709121,316.8327592218095,320.42173082037596,3115200
2022-12-01,326.5160827636719,327.3583628723779,322.30465267474716,326.54512588654467,1420000
2022-12-02,326.6031799316406,328.17156750293003,322.99199443505313,323.6890588606697,1200800
2022-12-05,323.6116027832031,325.5865939271755,321.98509951499227,324.4926167694119,2145000
2022-12-06,320.9395751953125,324.9573648731431,318.9935972758008,324.25063901630597,1242100
2022-12-07,320.8426818847656,323.29208323800873,319.0806539979014,321.49135089204464,1849300
2022-12-08,323.9698181152344,324.51197603459406,320.3683236249788,320.7362228299852,966900
2022-12-09,321.6269226074219,325.1412880074366,321.597879486157,324.0569720863573,1262900
2022-12-12,325.3445739746094,326.0803724045922,322.99199263081675,325.31553085476224,1246900
2022-12-13,331.5407409667969,336.5266738958419,329.6141153831395,335.0260337998499,1969400
2022-12-14,331.11474609375,334.454823221651,329.1687683323185,332.12159399478946,1824800
2022-12-15,320.2618103027344,326.07067043793796,318.1319126470607,325.6834190046692,1882800
2022-12-16,319.12908935546875,319.4292114229717,313.6977899316646,317.12502557926024,3857600
2022-12-19,316.6312561035156,319.9713623241472,315.80835793052114,318.5191473665489,1254700
2022-12-20,318.451416015625,320.37804156048554,315.9439280405484,317.58009282490775,1312900
2022-12-21,318.1997375488281,319.79716841677657,315.6728676470157,315.6728676470157,1723800
2022-12-22,317.2218322753906,317.3960909757792,312.7586763684052,315.93418516105777,1202200
2022-12-23,318.83868408203125,319.10976307870806,315.20814597721994,315.7890379830687,636600
2022-12-27,318.47076416015625,321.51071889034847,317.8317860090073,320.12628100222076,682800
2022-12-28,315.5276184082031,319.93265905123366,315.2081145414229,318.36427147363406,908900
2022-12-29,319.24530029296875,320.35865934321356,317.9286393924271,318.8870919463624,872300
2022-12-30,315.78900146484375,316.5344907785417,312.9136144365306,315.7696492335314,1238000
2023-01-03,308.2084655761719,311.7421831719933,304.4327121238505,307.5501351373861,2374200
2023-01-04,306.6787414550781,310.0478907638875,305.0329155779441,308.5666327017725,2088900
2023-01-05,295.75811767578125,298.1494330544998,292.54390404375374,295.5451249460633,3133700
2023-01-06,306.0882263183594,307.0370175035286,297.77187791030406,298.0139137645969,2538900
2023-01-09,311.66473388671875,314.71437966375265,309.9220580531339,312.0035604377513,2471300
2023-01-10,311.771240234375,312.94268555950833,309.1959750606103,312.11978724692506,1613400
2023-01-11,319.1194152832031,319.20654464170906,314.60786359975253,315.6921794550144,1928000
2023-01-12,318.4320373535156,319.1194108691487,315.4501392473998,317.7543251806555,1277500
2023-01-13,323.46636962890625,324.05695245270095,319.48731452973277,319.48731452973277,1882800
2023-01-17,319.4873046875,325.5962868468328,319.3130459758368,324.80240221095806,1714700
2023-01-18,314.00762939453125,323.31150290869687,313.8527229038095,322.87582655695496,2945700
2023-01-19,314.2012939453125,315.140394304741,311.21939547510084,313.67848819228163,2703600
2023-01-20,318.1512756347656,318.3545774736622,312.5263649106257,314.18188183242364,1792700
2023-01-23,316.089111328125,318.1028660316124,313.93983191990895,315.4695149507836,1931100
2023-01-24,318.16094970703125,318.37394242308153,313.42671460520916,315.18874257022617,1625900
2023-01-25,315.9632873535156,316.83464010915225,313.6687920665653,314.3852383222086,1887200
2023-01-26,319.012939453125,319.0322916846786,314.37552431964235,316.00199813190045,1587100
2023-01-27,314.3561706542969,317.16378057713973,313.7655878225995,313.9301851989258,1819800
2023-01-30,314.6756286621094,318.0738212405064,313.85270091391703,314.06569363056224,2163800
2023-01-31,320.3973693847656,320.7071823542077,316.05041510591036,316.3505371871227,2330300
2023-02-01,320.5328674316406,323.1178230157375,315.6147125187428,320.19404091647425,1879500
2023-02-02,321.4720153808594,323.8536695007327,316.68938445417075,321.16223193653644,2524000
2023-02-03,313.2912292480469,318.41271641897447,313.13632274915636,314.8112215696032,2663000
2023-02-06,312.5747375488281,313.3976652784196,309.65095536404937,312.1100476651167,2322900
2023-02-07,326.3805236816406,326.6709844514811,308.7215961458416,308.7409483790067,5990100
2023-02-08,323.6018981933594,335.62625098558635,322.82739537111195,329.7496140606356,3429500
2023-02-09,321.9754638671875,327.22278465143523,320.5716440918317,325.5091814365751,2655700
2023-02-10,321.46234130859375,322.0335423664812,317.73498332690923,320.6297226248754,2515900
2023-02-13,323.4179992675781,325.2478045739643,321.5494894957885,322.4498558154102,1782700
2023-02-14,323.35986328125,324.59908552757815,319.8551892507933,322.7693100480619,2175000
2023-02-15,321.9367370605469,322.1109957889279,318.6934506260663,321.4236222189408,2493000
2023-02-16,313.19439697265625,317.3186974043179,313.06853360055123,315.2952811980715,3209100
2023-02-17,311.2774353027344,313.0781972744694,309.0604083320695,310.6578389302056,3231600
2023-02-21,314.2206115722656,317.909235469097,311.86803026081714,312.65222403129997,3245700
2023-02-22,319.516357421875,321.29773768950804,314.6949927696981,317.4154732945205,3595100
2023-02-23,321.3171081542969,323.68904161641063,316.01167200055806,321.1622016740355,3836400
2023-02-24,336.5846862792969,337.1171532493362,312.33268010794393,312.79739950488926,14737800
2023-02-27,333.50604248046875,337.22370951758523,333.23496351563915,335.2196456282782,3708600
2023-02-28,337.2721252441406,339.96356282375814,333.23498364741084,333.49637173969774,3274400
2023-03-01,338.8985290527344,344.83325183609844,337.930385813566,338.94695394192496,3474000
2023-03-02,340.54443359375,343.09065540801066,338.41450634160276,339.2277727799799,2266600
2023-03-03,350.8358154296875,351.1843328772741,342.07409979733336,343.71026453219685,2940200
2023-03-06,346.6437072753906,349.18992895898873,345.0269244607021,348.5315985858867,3846400
2023-03-07,342.8583068847656,345.7433552153802,339.2955168322933,344.6590393693459,2218100
2023-03-08,343.59405517578125,344.38793978172,339.2374102761423,341.75458879390044,2222800
2023-03-09,334.900146484375,342.0450192874175,333.2446001531312,340.8735741561136,2489100
2023-03-10,330.65966796875,336.3233121316833,329.2752006077567,335.16152836401903,1534100
2023-03-13,325.3780822753906,331.0143720664204,324.6589812001603,329.1777105771775,2228900
2023-03-14,332.7733459472656,336.61185420942826,329.68312052014545,331.31568908661217,2580100
2023-03-15,321.5882263183594,323.29855306829785,314.96073981845035,319.80989812512763,3395300
2023-03-16,328.7404479980469,330.0134657443906,318.8575230344632,319.2948318842881,1750100
2023-03-17,321.1606140136719,327.399397381861,320.59699983722913,326.320716064326,5702300
2023-03-20,329.2457580566406,329.95516162299117,322.5794226662806,323.04585380593034,2305000
2023-03-21,331.66546630859375,334.43501988935225,329.44982937520706,333.5895837728903,1792600
2023-03-22,329.5762023925781,334.89179213707433,329.1291959363611,331.4128642280741,1434200
2023-03-23,331.69464111328125,336.34943333119566,329.96488961324434,330.4507751992783,2082100
2023-03-24,335.01812744140625,335.6983791565208,328.4100950207397,329.9260557484938,1793800
2023-03-27,337.3017883300781,340.11019166756955,335.32909398687923,338.011162323814,1475900
2023-03-28,337.5641174316406,338.19576270638197,334.83344305220334,337.0782318885934,1396600
2023-03-29,339.85748291015625,342.88940368878445,338.5455861273774,341.68438748120593,1132600
2023-03-30,341.61639404296875,341.77188096552334,338.58447319339905,340.5571671856574,1120700
2023-03-31,345.4063415527344,345.59098044459074,340.1684807946748,340.47945468160157,1513500
2023-04-03,347.9912109375,348.8560717309494,343.4724815900846,343.4724815900846,1878500
2023-04-04,347.69964599609375,351.2271794107911,346.44608277990466,347.17491101745054,2299100
2023-04-05,345.57147216796875,346.4655145394791,343.3169859794728,344.7454905402344,2199800
2023-04-06,346.5141906738281,347.12641132644205,342.0732184538959,342.3064340716132,1627700
2023-04-10,348.438232421875,348.61314409697854,344.6580583814502,345.11479197050915,1311500
2023-04-11,348.1369934082031,350.67330172120364,346.9611586916071,349.07961255287273,975100
2023-04-12,349.2059631347656,352.6071621057199,347.84548947760425,350.50813289634164,1613700
2023-04-13,351.74224853515625,353.8607320084497,347.1360631488339,348.13698616566217,1667600
2023-04-14,349.5169372558594,352.451675408049,347.57339498540495,350.7802278692142,1078300
2023-04-17,352.12127685546875,352.16985354979977,349.3614503895704,349.6626970690666,1421500
2023-04-18,354.57012939453125,355.5127485820232,351.56736014516446,353.7829971474206,1085000
2023-04-19,354.9976806640625,355.18231953644624,351.38269116406866,352.2864311250424,1163200
2023-04-20,356.9801330566406,357.1356199972704,352.52940464240623,352.7820746279422,1095500
2023-04-21,355.872314453125,356.7857817320642,354.0842590460383,354.57987183629973,1677800
2023-04-24,357.6215515136719,358.65162667860125,355.81404154570725,356.9996036712437,1237600
2023-04-25,356.6982727050781,359.21515611973183,354.70615395151736,356.4261780023074,1735800
2023-04-26,354.69647216796875,355.79457831993085,352.0532534357058,354.6673202195141,2055500
2023-04-27,355.3184509277344,357.5146337670687,349.67243273178565,355.26984457200325,1898600
2023-04-28,359.02081298828125,360.08003983481996,354.59923708087894,355.3086405973011,1878900
2023-05-01,361.8000793457031,363.0342179101459,359.62332167106416,360.33269556176396,1018000
2023-05-02,359.59423828125,361.22680684847376,356.9704440684153,359.98294084638354,1124600
2023-05-03,353.2387390136719,360.77969104762826,353.102676846251,359.0790918914414,1418900
2023-05-04,350.614990234375,354.9005042123058,347.3692784189291,352.40307510075075,1545800
2023-05-05,356.0278015136719,357.0870285382895,353.31655162505814,353.9384994135141,1113600
2023-05-08,355.3475646972656,358.26287810811624,354.74504168123116,357.6117783976749,1261700
2023-05-09,354.4049377441406,357.1258850055521,352.49054746004373,354.69645721639864,1015500
2023-05-10,358.4862976074219,359.7301632374683,353.72462588253006,359.39976467312266,1304300
2023-05-11,356.6788330078125,359.22486826045235,354.71583662516866,358.0295792647662,1336700
2023-05-12,359.8759460449219,360.29383011897124,356.1054994271828,356.5136266450571,1189400
2023-05-15,358.38922119140625,360.83810369434934,355.14350881087677,360.6145856331126,1378800
2023-05-16,355.5710754394531,357.66037758406446,354.26890559278326,356.92185163968816,1065300
2023-05-17,354.7061767578125,356.76632673355056,353.73440566313604,356.76632673355056,1296300
2023-05-18,357.7964172363281,358.31145475259586,351.9949423632997,353.501175762922,1116100
2023-05-19,361.0032653808594,361.88758071146293,358.52526073970535,359.13748132674647,1140900
2023-05-22,356.0472106933594,362.5386342163124,355.9791796021188,361.9847175980945,1207900
2023-05-23,343.9486999511719,353.73444302562757,343.7154843537687,353.7247158237013,2157000
2023-05-24,344.8426818847656,346.46555268726803,341.1402363278842,341.40263350750786,1801200
2023-05-25,346.52386474609375,348.9824445262571,344.9204483079179,346.0962830751,1994800
2023-05-26,346.1545715332031,350.44981279804944,344.78437073809357,347.03888678349796,1805800
2023-05-30,344.8912658691406,346.68904823741275,340.70293502882004,346.14485882354967,1801900
2023-05-31,343.6766052246094,347.3207472147893,342.49104317756,344.1138844697689,2958100
2023-06-01,346.7048034667969,348.49932816856807,344.50067484838894,346.50000150847853,1239500
2023-06-02,351.561767578125,352.70286666362864,348.2847872079266,348.7626981606362,1337700
2023-06-05,353.8439025878906,358.1449221759069,351.32767502112574,352.81986306077226,1724500
2023-06-06,350.8498229980469,355.7360216059437,348.9480307337275,353.35631835381304,1638000
2023-06-07,353.3367919921875,354.6144157851542,349.58193048985083,349.7574750346702,1441000
2023-06-08,353.2587585449219,353.72690710271564,350.47918414961356,353.15149124234136,1056300
2023-06-09,351.8446350097656,353.5318628901419,349.88429812871317,353.5318628901419,1121600
2023-06-12,353.063720703125,353.5123444710884,349.728225459686,353.5123444710884,1021400
2023-06-13,364.03570556640625,364.10395304942676,354.25357625460504,355.22886344327276,2065900
2023-06-14,365.0597229003906,367.1468516430288,362.7385347710645,365.96673278720766,1553200
2023-06-15,367.1371154785156,369.14620472686835,363.7723627374669,366.09355103263636,1228600
2023-06-16,366.0155334472656,367.68326618826603,364.08445411956865,367.4394443937115,4372200
2023-06-20,359.56884765625,365.6156396954844,358.74961004843,365.14749116384405,1721700
2023-06-21,361.49017333984375,362.86533178209123,356.47721290540403,358.0864307375144,1542700
2023-06-22,363.4310302734375,364.10395104758777,356.5552377730912,359.1787626772555,1197500
2023-06-23,361.43170166015625,361.96812751052903,358.11573093298085,360.48567182860216,2070500
2023-06-26,361.54864501953125,362.8067736166307,360.3295362372173,360.83670453923463,1089700
2023-06-27,366.4641418457031,367.1078349279385,362.280151692874,362.43620120645244,1320000
2023-06-28,365.70343017578125,366.56168764482754,363.14818256055855,364.9622024046227,1094000
2023-06-29,369.81915283203125,371.2138063738138,364.1917564472439,364.2600039305191,1350600
2023-06-30,371.6623840332031,374.1006017114406,370.6285821187024,371.0187207579399,1642800
2023-07-03,368.8146057128906,372.90106140201226,368.8146057128906,372.56946733048534,1118700
2023-07-05,358.1644592285156,364.79642999887386,356.6527759847459,361.9485782994524,2926700
2023-07-06,355.5213928222656,355.9017690642702,349.5136209267369,353.4245315839666,2129900
2023-07-07,355.50189208984375,360.74894118054556,353.05391207026236,354.05845654114177,1336800
2023-07-10,358.4667663574219,359.62736040257425,354.90697434884737,354.90697434884737,1292100
2023-07-11,357.7743225097656,362.52396600848806,354.29254035807026,360.6709264384482,1162000
2023-07-12,365.3425598144531,365.66439146702015,356.94532226393994,361.2170845965981,1557000
2023-07-13,367.8198547363281,368.7561221803545,364.4063492965057,366.8055476433131,1281100
2023-07-14,369.2242126464844,370.11172756424304,367.1956283797526,367.819826470072,886400
2023-07-17,372.6669616699219,374.08113995443193,369.14618931585227,369.1559517117213,1152100
2023-07-18,374.77362060546875,375.04669984475976,367.5760257062844,367.5760257062844,1099400
2023-07-19,365.4498596191406,374.3834939730834,365.0597506904967,372.9400879607604,1607100
2023-07-20,372.1695861816406,372.2768534827998,365.4888631834456,366.8152394345162,1085100
2023-07-21,375.0369873046875,375.8854824949654,369.4583427487959,370.97978855827483,1195700
2023-07-24,375.1831970214844,376.4608207418939,372.2865931428566,375.48553364152633,1467500
2023-07-25,381.3763427734375,381.9322338977016,375.37833200965974,376.0219954167024,1328400
2023-07-26,378.61627197265625,378.8796185905485,370.2093002626824,377.63125204508566,1825500
2023-07-27,375.1247253417969,379.123408866109,373.73980440401715,378.6162404669823,2336400
2023-07-28,379.1038818359375,379.53301058801816,375.6903766120073,377.09479257092516,1445400
2023-07-31,381.0154724121094,381.3080466735762,376.41211553013926,378.91858107244906,1615200
2023-08-01,379.0356140136719,383.9413072103013,378.90882192144176,380.205940741038,1468600
2023-08-02,374.2957458496094,377.5629641442168,373.8861121018874,376.0902708478946,1538900
2023-08-03,371.3405456542969,375.02712952633016,369.74106059997825,372.47188220806885,1926000
2023-08-04,368.4830322265625,374.9004091710234,368.20019059315814,374.82239928770736,1648900
2023-08-07,375.456298828125,376.43158598722204,371.25281355348886,371.58440761597365,1112000
2023-08-08,372.3451232910156,374.8418559894992,369.5655489880487,374.41272726662845,946800
2023-08-09,370.1800231933594,374.3835088253174,369.9167063528444,373.7398156739872,853400
2023-08-10,372.871826171875,377.0265295911143,371.330855659251,371.8770141346759,825000
2023-08-11,372.3841857910156,373.77883941849234,371.1358192986929,372.88156205053934,692600
2023-08-14,372.7254943847656,373.86656365573856,369.6533161242974,371.69166264791846,1060700
2023-08-15,370.00445556640625,371.3503566386089,368.4049703028023,369.6338416754052,709700
2023-08-16,368.4634704589844,372.159817062088,368.0441041310079,369.39976754525014,1143800
2023-08-17,367.05908203125,371.7794983446778,366.1130820053607,370.0629833216131,1229800
2023-08-18,365.8302307128906,368.53176551282365,364.5623395085724,365.30356729683837,1254700
2023-08-21,368.1611328125,369.16567737577697,364.2404892260347,366.9225288600016,947100
2023-08-22,368.2586669921875,370.9699640462219,368.0441026312178,369.24371652619396,913200
2023-08-23,368.9999084472656,370.3458095103021,366.4446608120641,368.25868067031155,929200
2023-08-24,368.60003662109375,371.34059119671963,367.8002939958514,368.0733732138119,820300
2023-08-25,372.1598205566406,373.7982958278885,368.5707709824589,370.0434641054625,1022100
2023-08-28,372.62799072265625,374.4712680688998,371.33084206844455,372.949822405415,772000
2023-08-29,377.28985595703125,377.42638068686176,369.97520202131295,371.65269718110716,1060100
2023-08-30,377.5239562988281,378.6065406756836,375.7781837030989,377.33864933128893,780100
2023-08-31,377.47515869140625,379.5525251481089,376.460851689888,378.07983198119894,1193100
2023-09-01,380.55255126953125,382.60742944918536,379.2511154823154,380.787384251741,970000
2023-09-05,373.399658203125,381.58978730671794,373.25288758262184,381.58978730671794,1092500
2023-09-06,375.0533447265625,375.5817189620479,371.35457576929275,372.1765211084889,775400
2023-09-07,378.311767578125,379.1141534458248,373.89867516755004,375.8165774652385,986400
2023-09-08,378.4976806640625,381.1200818904585,376.83420070872745,378.17478530706256,1064000
2023-09-11,380.9830627441406,383.08685431142794,379.1532529177777,380.2491798814751,862000
2023-09-12,379.5838928222656,381.2179890071531,378.6738551548842,379.0652833335236,1047900
2023-09-13,376.8733825683594,380.32752407555967,376.1297347572934,378.6444845108692,1207500
2023-09-14,381.4234313964844,382.52915318559343,377.35285345653057,378.95759536062826,1231500
2023-09-15,379.6523132324219,384.96564841671176,377.7148813809922,381.3255878372771,2820400
2023-09-18,379.2022399902344,381.01249070800725,376.82446622118766,379.33924581813466,652000
2023-09-19,381.40386962890625,382.000776637357,377.2647589413108,379.7110355000322,1458800
2023-09-20,370.6794128417969,380.35686767459833,370.5032880910328,380.2981594243437,1747300
2023-09-21,364.4365234375,369.37799047274655,364.3191069326922,369.0355356209825,1362200
2023-09-22,364.935546875,367.89063819069366,362.7045438607538,362.89043340531464,1017300
2023-09-25,368.4777526855469,368.8006480521451,361.0704200982767,363.20356609083905,1558100
2023-09-26,363.22314453125,367.20565995490995,361.0410551558284,365.6791858168179,1769500
2023-09-27,364.0157470703125,365.8847059470046,362.05872582080553,363.4481941853618,1254900
2023-09-28,365.4638977050781,368.57558396555424,363.4188142281273,364.68110120562875,1065500
2023-09-29,364.3484191894531,368.77127624569073,363.95702093114613,367.77320620774196,1474100
2023-10-02,362.25439453125,363.45797329844584,358.6241286300162,362.9687180069997,1298400
2023-10-03,364.8181457519531,369.0257598475245,359.8668838006085,360.67906443672945,1747600
2023-10-04,370.4739074707031,371.71663512319594,364.7496439864264,366.09019881571584,1897900
2023-10-05,361.91192626953125,372.812548991004,359.22102204453057,370.13143942804385,1821900
2023-10-06,365.5128479003906,366.990378560022,359.14273451263875,361.305234518268,1571300
2023-10-09,365.69879150390625,366.42287982028586,361.30525843311204,362.43056955627475,846100
2023-10-10,370.8163757324219,373.46816100979925,367.0295444156185,368.27224215123323,1335500
2023-10-11,370.5326232910156,373.38985753006,369.22139280423187,372.16671927593427,931400
2023-10-12,369.59326171875,373.20396852800235,367.2741961778984,372.5287937677827,888400
2023-10-13,369.7693786621094,374.24114933290593,368.05698514131024,371.54048042896557,1214200
2023-10-16,371.0903625488281,376.0612132823157,369.8868135829231,370.34671477446494,1182400
2023-10-17,372.900634765625,374.11397846381965,368.3897148244631,369.51499614408976,920300
2023-10-18,363.41888427734375,371.4915979137466,362.9492182318546,370.9827830772074,1486600
2023-10-19,362.1859130859375,365.5617566015627,360.9236261019837,362.47945430928837,1249200
2023-10-20,358.48712158203125,363.79066206225025,358.07616386122265,362.0489144251623,1334100
2023-10-23,357.5771484375,360.70839453904983,353.2619127816925,357.1563960145009,1648700
2023-10-24,359.36785888671875,361.4814456388813,357.195563879922,358.6535353062997,1590000
2023-10-25,356.54974365234375,361.55971379909084,354.54377874396965,359.9255877450387,1492900
2023-10-26,362.3620910644531,366.2467797537222,358.2523341630292,362.9198493325478,2168400
2023-10-27,362.56756591796875,368.4679842028597,359.9549292282238,359.9549292282238,1945300
2023-10-30,370.7283020019531,371.26650074285885,365.6596243187786,367.98848429801376,1478000
2023-10-31,373.9476623535156,375.81662142219926,368.605002154826,370.08253304397863,2020700
2023-11-01,378.781494140625,379.2022465705756,372.87128121064677,374.0552707844659,1564900
2023-11-02,381.2864685058594,383.2924034201827,379.11417363965444,379.1435277650717,1586700
2023-11-03,384.0752258300781,386.68783255007753,380.2785997198858,381.71701157376225,1339300
2023-11-06,384.5546569824219,385.07326639405954,381.8539582325795,384.1143152778091,1464000
2023-11-07,380.9341735839844,382.5585048015551,376.84400634672613,381.5799941785685,2647400
2023-11-08,383.83056640625,385.66037639742365,380.7776182004659,382.9988264479603,1631400
2023-11-09,382.578125,385.9148500770745,381.99101260647257,385.85611196212267,1305400
2023-11-10,391.2476501464844,391.7662595374398,383.09667049962445,383.09667049962445,1378100
2023-11-13,391.15960693359375,393.3123421684942,386.51168164795376,387.8424417118753,1420000
2023-11-14,395.0834655761719,398.03855695883766,390.98350360548454,390.98350360548454,1350500
2023-11-15,394.0951232910156,397.4024937218443,393.45909740703445,395.28890735430105,1139900
2023-11-16,399.6139221191406,400.1716504157413,393.67435614759967,394.515860853827,1228100
2023-11-17,399.11492919921875,402.2461453660711,397.7645797226453,402.2461453660711,1542500
2023-11-20,399.49652099609375,401.3067716196126,397.4710267029831,398.7919921536022,1678500
2023-11-21,403.0583190917969,406.0525592448074,400.6120425052344,402.2070196175571,1225300
2023-11-22,402.7745361328125,403.64542491719664,399.3399543050547,401.91344201038413,1111000
2023-11-24,405.3186340332031,407.24630097701566,403.01912830909606,403.80195465228763,711300
2023-11-27,403.9291687011719,405.1033933803172,401.1893509321982,404.93703343709154,1301200
2023-11-28,401.9036865234375,404.92728082218355,401.208922467512,403.15617895005505,1134300
2023-11-29,402.5495300292969,406.3657157757802,402.118982933614,403.7041654850935,1405900
2023-11-30,404.8783264160156,407.06041583769195,400.98387327987314,401.6394586693259,4023900
2023-12-01,404.0980529785156,407.38617192839354,402.3999863025907,404.8342043769797,2107300
2023-12-04,399.1314697265625,403.6465074753902,398.52289276916173,401.44787831393836,2092400
2023-12-05,396.51080322265625,399.10204075281683,394.72440184677083,398.503318617581,2207000
2023-12-06,392.9183654785156,396.70710704198825,391.08289939128514,396.51078801438024,2263700
2023-12-07,391.28900146484375,393.99804820197994,390.0424625443891,392.03497780210205,1914100
2023-12-08,393.8606262207031,394.1845496169902,390.12097943571524,390.65101684068105,1483700
2023-12-11,400.701904296875,400.7509990273406,392.4864597969692,392.6140641604735,1653400
2023-12-12,418.8406677246094,426.19235619021254,412.53919907261036,417.8296877488826,6829000
2023-12-13,401.1926574707031,406.5224159653937,397.19783227641767,398.444371101898,3359600
2023-12-14,402.1545715332031,403.528714713698,398.33638552925066,399.2688558771265,2220500
2023-12-15,399.8578186035156,403.3128117589113,397.4236004994848,399.8872634616497,4241100
2023-12-18,401.54608154296875,405.36423813477205,400.2406228706538,404.29436829403335,1717600
2023-12-19,404.4808349609375,406.60095457687765,402.53738449113973,404.3925003878663,1344600
2023-12-20,398.85662841796875,404.18638730468825,398.4444004093641,403.15575737502246,1578500
2023-12-21,401.5755310058594,401.84053474608146,399.10204294746893,400.48601127678756,1534000
2023-12-22,403.1557312011719,404.66730369410044,401.212310807196,403.0085069219427,838900
2023-12-26,402.36065673828125,404.12743780459226,402.06620820426576,403.0280933847648,619300
2023-12-27,403.6170349121094,403.75446420230395,400.46631566862186,400.46631566862186,850900
2023-12-28,402.2036437988281,403.31278330040954,401.65398651639265,402.9496200910228,814400
2023-12-29,403.12628173828125,404.51024985536975,400.427060151651,401.1730364299873,975900
2024-01-02,402.0171813964844,404.1275060783827,399.19038513015516,402.2135004217095,1571900
2024-01-03,401.1632080078125,402.2919673979626,397.8063746926158,398.4050967341284,1536300
2024-01-04,401.0454406738281,404.04893581650464,400.05408059362446,400.11300025998173,1517800
2024-01-05,401.5657043457031,402.9104028711956,398.748702917132,401.49698968791375,1400100
2024-01-08,400.7510070800781,402.41959891384346,396.8935510570916,400.3289241875265,1142300
2024-01-09,399.1805114746094,400.2503811371352,396.9622325674219,399.95593258931126,1256200
2024-01-10,398.385498046875,398.59161204463413,396.55003207874717,396.9622600742654,1170600
2024-01-11,398.46405029296875,399.48485536211734,394.22384068665787,399.268916404299,1110500
2024-01-12,401.3693542480469,401.9975211484117,398.01249095954466,401.1926551614391,849100
2024-01-16,399.1412353515625,403.02810589154797,398.5032435386823,399.955926244408,1464700
2024-01-17,399.23944091796875,399.80871815177636,396.4617094934655,397.0015418695603,1369100
2024-01-18,400.3191223144531,400.83933475280236,396.28499721745544,399.54370114835956,1232200
2024-01-19,399.8578186035156,400.466365641004,396.7954335412662,399.60260986363573,2265900
2024-01-22,398.9646301269531,399.798941071614,393.9980642098007,394.4593869706783,2105400
2024-01-23,400.3583984375,400.64302207240183,394.74401601689806,397.80640098193976,1293900
2024-01-24,393.8704528808594,400.8491838888525,393.59562421672655,399.5535502061928,1594800
2024-01-25,396.0199890136719,396.14759337609627,393.00666890776404,393.3207673454124,1550900
2024-01-26,396.5794677734375,397.83583155897526,394.2532342759561,396.94263098388643,1146600
2024-01-29,398.1204833984375,398.3756921391425,394.83236439788965,397.30582235137723,1400400
2024-01-30,400.3191223144531,402.9594542998698,397.91434918290753,398.55234104819226,1647600
2024-01-31,397.3548583984375,403.0281303216394,395.8825556852805,401.8993708990341,1782000
2024-02-01,401.1043701171875,402.42944868293483,397.82604600777205,400.7313819330727,1893600
2024-02-02,399.5731201171875,401.37914110603276,396.7757390924041,399.5044054712351,2218600
2024-02-05,393.232421875,394.5575002844086,388.75662410185413,389.512395364548,3487800
2024-02-06,407.8868103027344,413.22636477597604,403.764350026425,407.2291984204876,3227000
2024-02-07,409.13330078125,416.141476428026,407.63155313609474,411.33195997945575,1985600
2024-02-08,406.3555603027344,411.55768472111475,405.72736341609726,411.55768472111475,1488900
2024-02-09,411.67547607421875,412.0877040532048,404.67712582727927,406.1690484365917,1351500
2024-02-12,411.8619384765625,413.21646173860086,410.39946072897817,412.59808981862034,1272100
2024-02-13,408.56402587890625,411.9601292744458,406.5715106265368,411.184738035509,1313300
2024-02-14,410.67431640625,413.0790895969457,408.9271849708883,411.13563914247857,1345200
2024-02-15,420.77435302734375,421.31418543873986,411.9405356868899,412.49019303619184,1721600
2024-02-16,423.6600036621094,426.7420083265905,422.69808847234077,424.28817055541236,1460800
2024-02-20,427.9100646972656,431.28654808132075,426.17275822832596,427.54690147670277,1869200
2024-02-21,431.3454284667969,431.63008204732915,426.6046268739043,429.67683668488075,1230900
2024-02-22,438.7756652832031,439.56088143656376,430.62893536430045,433.61278071033195,1386900
2024-02-23,439.2958984375,440.2578137316864,437.08744420370766,440.0222249113091,1164900
2024-02-26,436.7242431640625,439.776803040585,436.30219024711585,439.2958604121609,1286000
2024-02-27,436.58685302734375,436.73410727332026,433.7011370898161,435.3697589422099,1086300
2024-02-28,442.86871337890625,443.3889258592461,435.33049995172536,435.9096021502865,1562400
2024-02-29,440.5325927734375,444.74335680464435,436.8812809866773,444.2918590437328,3684200
2024-03-01,440.9153747558594,442.6428861205796,438.74619056771013,439.7277256696513,1656100
2024-03-04,447.18743896484375,448.2278638708716,440.44429699601324,440.915414717036,2291800
2024-03-05,452.4484558105469,454.49006579363595,447.9432128529114,447.9432128529114,4102900
2024-03-06,455.04949951171875,456.5218022464193,450.50501689870015,450.50501689870015,2599800
2024-03-07,456.698486328125,459.1326742655436,453.10606417904853,456.4138327549648,2514000
2024-03-08,454.00909423828125,457.68005625068673,453.4496419400454,457.68005625068673,2469200
2024-03-11,460.8111267089844,465.22803482363213,458.13152500263095,465.22803482363213,4251500
2024-03-12,462.76434326171875,464.47220470785015,458.26892579555033,458.759693333319,3259400
2024-03-13,467.49957275390625,470.2756638731445,462.6462726939574,462.6462726939574,3240000
2024-03-14,466.5643615722656,469.5767382443835,465.7275835983103,468.523382795318,3551300
2024-03-15,460.9432067871094,466.4658870453242,459.1219913034331,465.2550180383865,33347400
2024-03-18,458.8561706542969,468.5725944799147,458.3147420204565,461.34682648938184,3026400
2024-03-19,459.466552734375,460.9432090728974,457.62562926319106,459.732340059955,1883100
2024-03-20,459.52557373046875,460.9923759429631,456.90696646257487,459.0333549968642,2146400
2024-03-21,459.0431823730469,461.32708452427534,456.12925586027296,457.41886654854255,2723800
2024-03-22,460.9530334472656,461.90793908210225,455.2925174776768,457.1334109079191,1687400
2024-03-25,459.6338806152344,460.9825552358565,457.22202667203373,459.9390538486898,1391000
2024-03-26,460.27374267578125,461.05145671537196,457.70437521250034,457.70437521250034,1265300
2024-03-27,458.9743347167969,459.958772277446,453.7765055982755,455.76505865543265,1590600
2024-03-28,457.0940246582031,458.65927666934624,455.4106149118951,456.4147603835837,1784900
2024-04-01,456.1883239746094,459.2892960399833,454.62307198051866,458.68880359534916,1027300
2024-04-02,454.160400390625,456.99558524580306,453.6681816322302,455.1743698312124,1451100
2024-04-03,455.2728271484375,457.1137205285671,453.0184567856275,453.64851122730255,1449200
2024-04-04,450.1439208984375,459.67326911232954,448.8739880549744,456.10961001054363,2258500
2024-04-05,457.4681396484375,458.5411729684717,449.46465759254295,450.3998552356637,1575900
2024-04-08,454.4852600097656,455.8831443933326,452.3391634926776,455.66656694821904,1744300
2024-04-09,450.8133239746094,454.63294639006375,446.5900785675581,453.5008492413964,1472300
2024-04-10,443.479248046875,446.76726575318725,442.34715090925374,446.37349675436013,1838200
2024-04-11,445.9501953125,448.87397594042693,441.30364902939226,444.55228081924497,1681800
2024-04-12,440.4471740722656,444.60150141637195,437.2477522801326,443.2035869838135,1976700
2024-04-15,437.82861328125,446.8460651104406,436.9229174897602,442.9181687836904,1712000
2024-04-16,438.84259033203125,439.9057697169177,435.9680193330177,439.7876420122249,1577300
2024-04-17,439.83685302734375,442.1207252675768,437.07058596776574,438.64566198374735,1216800
2024-04-18,439.482421875,444.1683539455739,438.58658015311687,443.9517764958588,1070300
2024-04-19,439.3544616699219,444.93623573521506,437.1788631205188,444.93623573521506,1831200
2024-04-22,440.0140380859375,441.99276710835375,434.8555951115515,436.4799110057423,1345900
2024-04-23,438.1337585449219,441.12645700603207,437.1788529525273,439.62026880799203,1509900
2024-04-24,437.4053039550781,437.6907692168259,426.63555464315743,430.4059372799296,1969100
2024-04-25,436.92291259765625,438.32082716301755,432.26654212819545,435.6333017869559,1442700
2024-04-26,436.28302001953125,438.7539678486823,432.620911183693,432.620911183693,1583800
2024-04-29,438.14361572265625,441.1559921406612,435.39702662059915,438.8327039634041,1260300
2024-04-30,434.0975341796875,437.78917465664375,433.3985919946583,436.74567335190255,2172700
2024-05-01,435.7317199707031,442.406204996442,435.1016955950093,435.8990875639028,1824100
2024-05-02,413.08966064453125,419.1931851867286,407.1731816315161,419.1931851867286,5267300
2024-05-03,417.00775146484375,419.14396412075257,411.5736369709783,411.5736369709783,2657400
2024-05-06,419.980712890625,421.9102019393911,416.86006290305744,420.3351260055848,1533500
2024-05-07,423.3081359863281,431.12457234260387,420.79783231323626,423.022640691977,1556400
2024-05-08,421.05377197265625,424.16459820529127,420.2859118928865,423.31799634105903,1344800
2024-05-09,423.1702575683594,424.23346681244294,421.6148596538655,423.1013697809425,1740100
2024-05-10,427.62982177734375,428.0629466398614,423.7708135429497,423.8003454663634,1234500
2024-05-13,428.0137023925781,430.35666827064307,426.9603471377093,428.2991976577375,1269800
2024-05-14,425.3852844238281,428.64380027017603,423.4361173520059,427.7381045285881,1288100
2024-05-15,424.11541748046875,428.58474258999183,422.84548455423123,427.5215631921394,1745200
2024-05-16,423.00299072265625,425.8972396425304,421.191629161009,425.0112518194906,1839700
2024-05-17,425.7889099121094,426.7241375832223,423.1112386272195,423.61331138146426,1150700
2024-05-20,425.87750244140625,426.2417695607729,424.32210437369724,425.99566018000166,1499200
2024-05-21,428.2696838378906,430.3665404483582,424.76508886056416,424.76508886056416,1228300
2024-05-22,428.0235595703125,429.9924344347683,425.57228993506556,428.4173285346744,1655000
2024-05-23,425.5723571777344,430.15983994188036,424.9620106801385,429.155724417705,1674800
2024-05-24,428.7914733886719,430.71110859688577,426.2319297350701,426.5371029739551,1157400
2024-05-28,423.2294006347656,426.5666282749163,420.4926654738542,424.2827259706975,1696500
2024-05-29,419.547607421875,421.69367417075927,417.253881042132,418.9569388557886,1465600
2024-05-30,423.4163818359375,423.8298587882301,418.63203019701365,419.2226986820115,1375900
2024-05-31,428.7421875,429.20487430330445,420.87654188647105,423.41637728924763,3621600
2024-06-03,427.57073974609375,429.7857241914946,423.36720230284243,427.38372425438615,1809000
2024-06-04,425.7930908203125,428.7163729737613,423.31420976129937,425.96096563184227,2157400
2024-06-05,429.6842041015625,430.15826207937334,424.00551455059275,426.3856297877787,2116800
2024-06-06,428.469482421875,430.61255362459184,426.6029073687619,430.61255362459184,1282600
2024-06-07,428.3213195800781,432.7556255241857,426.2374718605309,428.6274725882087,1492000
2024-06-10,426.6424255371094,428.7163878001803,425.85235902694205,427.3633830784885,1406100
2024-06-11,430.07928466796875,430.3755520789962,421.30940763228557,422.53401978334017,1582400
2024-06-12,428.7855224609375,435.0567469007239,428.5287372851989,432.17297704332736,1914800
2024-06-13,434.3456726074219,435.3826687920586,425.0326288940751,425.6548205770362,1650000
2024-06-14,431.53106689453125,432.7260523367006,428.7262613453581,432.00509476495523,1396100
2024-06-17,435.1653747558594,437.7825038080923,429.6150780121153,430.9483113944448,1939000
2024-06-18,434.56292724609375,435.283884745892,429.8323538062987,434.1580083877772,1384500
2024-06-20,437.1405944824219,439.6984701943329,433.04206799529885,433.634602801838,1626100
2024-06-21,437.25909423828125,438.4738508498791,434.5431992430124,437.90102702752387,4042800
2024-06-24,437.6442565917969,440.942830780533,436.656658446459,439.22438951305463,1440900
2024-06-25,435.6986999511719,439.5503268043059,434.86909096209274,438.47384841068026,1385500
2024-06-26,432.9828186035156,435.2049145663371,430.93848308433456,434.3259376964949,1634400
2024-06-27,434.760498046875,436.05424932904106,432.12359748712134,435.20492931013786,1236500
2024-06-28,433.3679504394531,436.7751761805954,432.68650529122465,434.66170163064527,2470200
2024-07-01,423.6203918457031,435.3135514007951,420.1242856341082,433.703761445936,2462900
2024-07-02,424.7560729980469,425.1609918450678,419.3637956867655,422.6919965381859,1886400
2024-07-03,427.57073974609375,428.29169723601603,424.1733997444627,424.2919066986191,865100
2024-07-05,430.3162841796875,430.54344261326855,423.8771548365419,427.047336584747,1499400
2024-07-08,430.3360290527344,432.49887151698385,428.9336564897968,431.2150059155221,1502200
2024-07-09,425.8523254394531,430.1977511808551,425.40789422559595,428.81511982755944,1052100
2024-07-10,429.55584716796875,430.6421810716831,424.9733770742959,427.7386399659226,1554000
2024-07-11,429.4966125488281,432.6865355712007,428.2226023817957,429.7039997400313,1368400
2024-07-12,435.2345275878906,438.9182494900035,431.23473689742633,432.1630815926489,1843900
2024-07-15,432.7457580566406,435.6690703343174,432.10382527520835,435.23452472923316,1271500
2024-07-16,440.2021484375,442.4439854601781,432.62725712165206,432.62725712165206,1173300
2024-07-17,443.7179870605469,446.1573557285414,441.18973817458135,441.5551446726078,1896500
2024-07-18,440.50830078125,445.7623001947419,440.0145016910986,440.0145016910986,1458700
2024-07-19,439.23431396484375,440.0737784904056,436.4394242276907,439.84662004682104,1503800
2024-07-22,440.5675354003906,443.14515207386404,438.93800450047144,442.3254588805094,1096700
2024-07-23,441.8612976074219,443.05628294538604,439.49106804467084,442.33535557561373,1060700
2024-07-24,438.256591796875,443.9945349921672,437.14060099608884,442.9081709321494,1700700
2024-07-25,437.5356140136719,442.8390113396383,436.49864799563863,439.46144249185267,1777300
2024-07-26,445.7919616699219,447.1350807422115,437.96028511365387,438.61210353606674,1307400
2024-07-29,444.37969970703125,447.5992796434733,443.4908673107007,445.87098270762243,1015200
2024-07-30,445.2586364746094,451.06571847780674,445.0512492999535,446.9573065154147,1755600
2024-07-31,447.87579345703125,452.4977459003358,446.90793634986846,447.9449325659227,1874000
2024-08-01,447.7177429199219,453.77172441811587,444.33028848960936,450.41389672681964,2244000
2024-08-02,448.3695983886719,452.11260413575616,438.2072041184018,444.0340276731646,2714600
2024-08-05,437.99981689453125,450.0189006666883,435.7579797528382,448.3597127274099,2281700
2024-08-06,440.1330261230469,445.62406981238814,438.09857620198693,438.5627485707204,1598200
2024-08-07,436.380126953125,445.4067889837797,435.8468456243424,443.74763123824533,1619300
2024-08-08,441.98968505859375,442.28595244833343,435.4616456063611,436.74554128647515,1491300
2024-08-09,441.4761047363281,442.6019810700577,436.6763922965835,441.4366225113258,1108500
2024-08-12,441.2391052246094,442.83900942338516,439.579947547294,441.47611913876756,853000
2024-08-13,444.1229248046875,444.6858328757674,440.2218998396419,442.94768052971347,1174800
2024-08-14,445.5845642089844,446.38451636780206,443.57974099851066,446.05862221162334,906700
2024-08-15,450.4830627441406,451.11510992728324,445.7919712386434,446.4437595359417,1105000
2024-08-16,451.15460205078125,451.72739572664926,446.70052467143483,450.48304253035553,1115400
2024-08-19,452.89276123046875,453.0606661826853,450.5027905069241,451.53975654281754,1013700
2024-08-20,452.3891296386719,455.2531584853793,450.9274734043514,452.9322966109572,1115600
2024-08-21,456.0234375,456.3987296124568,452.70512224289297,454.2457729178502,853700
2024-08-22,455.98394775390625,458.89737444377505,454.2062830835791,456.11234033970516,1179100
2024-08-23,459.9639587402344,460.65528950989955,455.81606453955555,458.7393466627631,1308000
2024-08-26,462.6502380371094,463.9341337631007,459.3022958570043,459.86523405672887,1216200
2024-08-27,466.4821472167969,466.9265784786787,462.80828057298777,466.8475537418922,1293400
2024-08-28,466.9759521484375,469.7412453273722,465.03038239355993,466.9759521484375,1327200
2024-08-29,466.8672790527344,470.6695077762204,464.4871639212906,467.8548771916353,944700
2024-08-30,472.31884765625,473.8397573505904,465.6229329452238,469.1486658161059,1385600
2024-09-03,468.1708984375,472.6842292885491,467.0154254614231,468.06227710603304,2104000
2024-09-04,467.64593505859375,473.0441553726132,467.09125609472636,471.68717182787566,1310300
2024-09-05,461.0987243652344,466.9922264776412,458.6918104851374,465.87295378841617,1882200
2024-09-06,452.51104736328125,463.22829105672054,451.83751295635074,459.9398156896094,2012100
2024-09-09,458.681884765625,461.1086279836554,455.1556982810316,455.7004927931086,2076200
2024-09-10,459.3158264160156,461.2076898426739,456.4631743428919,457.58244701872394,1247100
2024-09-11,460.6925964355469,461.4255888295411,449.1928770903534,459.47429772436107,1585400
2024-09-12,462.90142822265625,463.0004845168128,458.0182582208822,462.00006733298454,1916900
2024-09-13,464.35748291015625,467.2992765968692,460.5836707358941,461.08883669280317,1162700
2024-09-16,470.3995666503906,470.97404482552486,465.922506034905,469.9241145474342,1307200
2024-09-17,467.180419921875,472.44990055711764,466.04134807500276,471.00374512103076,1357100
2024-09-18,462.5943908691406,467.1804223747912,460.31624716343487,467.1804223747912,1149900
2024-09-19,464.714111328125,468.65629227256704,464.1594020707374,468.30961032210234,1897200
2024-09-20,467.42803955078125,467.6261219146255,462.31704301089525,465.0409248925877,3672700
2024-09-23,472.8262634277344,474.63889994766066,467.6162407826026,470.1915533528617,1148400
2024-09-24,474.79736328125,476.19397538610485,470.9740080427899,474.4011683402649,1588600
2024-09-25,472.4796142578125,477.02601717341776,471.182058381643,476.43170961898994,1283800
2024-09-26,477.1052551269531,477.53116396352675,471.97445923608484,474.45071558045044,1092800
2024-09-27,474.9559020996094,478.7693128527534,474.7280756240835,475.1441000081439,1252500
2024-09-30,472.3310241699219,475.0351069715368,469.64677076475283,474.7577674709408,1532600
2024-10-01,470.50848388671875,473.3215073427618,469.3892414596343,472.4300611435788,1342100
2024-10-02,471.3207092285156,472.9055192850109,468.17091851141413,469.55761597544586,1024600
2024-10-03,465.28857421875,468.26008187741155,463.7037640885827,467.47757639686375,1072300
2024-10-04,463.73345947265625,466.3582850876396,460.46481326950527,465.6946653311895,2131000
2024-10-07,458.84039306640625,461.91095702684004,456.3938505509198,460.0389229197371,2019600
2024-10-08,464.98150634765625,465.59561307486047,460.69261349984674,461.0888386908387,1272300
2024-10-09,465.1102600097656,466.17010492536326,462.59437522937344,463.05991260730735,1245500
2024-10-10,464.9617004394531,468.14120502523065,463.297633253527,467.4280420106159,1249500
2024-10-11,469.537841796875,470.10240528274153,466.36822151519215,467.6162644131124,1105300
2024-10-14,473.044189453125,473.6087831552244,468.923725489747,469.87459946377743,1076800
2024-10-15,476.14447021484375,478.75941144445034,472.6678268347726,473.0441924107867,1477100
2024-10-16,479.3834228515625,480.7106926075126,473.77717493366856,473.97525730199266,1210100
2024-10-17,481.4436340332031,482.8600453279549,479.77959711792545,482.2954818862357,1051700
2024-10-18,481.8299865722656,482.65209040397383,476.93690146530764,478.5514254885161,1255200
2024-10-21,478.7693176269531,480.87909298112214,476.4911737599364,480.34424334623384,1065700
2024-10-22,477.3727111816406,477.89767631866243,473.46021405805703,477.20431244965766,1429700
2024-10-23,472.8956298828125,477.65994477735387,472.3310361690546,474.6191248917715,1541400
2024-10-24,469.9538269042969,473.8861231992118,467.14080331659096,473.8068962961764,994300
2024-10-25,469.260498046875,474.10403980090274,468.4383640023401,470.6075670063813,2458400
2024-10-28,471.47918701171875,473.46019199916293,469.2109278373287,471.29098911969254,1440400
2024-10-29,470.15191650390625,471.79615426803815,468.26005311676175,470.1420018061098,2056600
2024-10-30,468.90386962890625,470.4886796480048,467.8539394146475,468.7750994696173,1794300
2024-10-31,451.81768798828125,458.60263583834825,450.1536511215374,450.6291031810653,3615600
2024-11-01,452.9667053222656,454.9675095320902,449.1928931366246,452.1743153968023,2347400
2024-11-04,453.9671325683594,457.41406207077307,451.95641361603845,453.630365331212,1616100
2024-11-05,450.5696716308594,456.482942207774,449.8565086614837,453.9670877619156,1749000
2024-11-06,458.2361755371094,461.26711076310727,453.96711218847383,459.41487592807937,2626900
2024-11-07,461.0491943359375,463.5353652538954,459.1870448219082,460.5836569574302,1925500
2024-11-08,455.1161193847656,461.1977892809647,454.8486643523763,460.91053507969934,1496700
2024-11-11,452.10498046875,457.9984826558069,451.0253363306,455.1161166454114,1981200
2024-11-12,451.2630310058594,455.91840485374445,449.27211130507953,453.91757045507416,1749000
2024-11-13,451.9068603515625,453.19453176505914,446.57795195399103,449.5296603475339,1538400
2024-11-14,449.1829528808594,453.5213585111082,448.79667263818953,451.322441831163,1666700
2024-11-15,444.8346862792969,447.4000841701278,442.65556865154116,446.78597744623426,2414000
2024-11-18,444.3097229003906,444.9931720577932,441.060875842077,442.28908929469003,1750700
2024-11-19,439.842529296875,440.4467515287112,435.58338071964806,439.5849889789379,2084600
2024-11-20,445.86480712890625,446.61756846943496,437.33656493770843,439.52556698553684,1928700
2024-11-21,450.7480163574219,450.81735879268285,445.33985050638324,447.5585968405555,2072800
2024-11-22,450.4607238769531,452.857753217239,449.2423949250089,449.52964911258675,1864800
2024-11-25,451.3620910644531,452.6596469339441,448.7174360633434,450.26261756025997,3835600
2024-11-26,452.2634582519531,452.32288598514094,446.993977572552,449.16318051712244,2600000
2024-11-27,452.77850341796875,455.234960529546,452.3426798944996,452.3426798944996,2069100
2024-11-29,456.61175537109375,457.27540537183336,451.75829897989564,452.64974521864815,1351500
2024-12-02,455.3240966796875,456.6612811003421,452.1148782523064,456.61173783869566,1801800
2024-12-03,455.1452941894531,458.90074838218874,453.6152853496219,458.90074838218874,1868300
2024-12-04,456.4666442871094,458.4139088394232,452.3535121864181,453.3172148535305,2188300
2024-12-05,445.667236328125,454.6783496605501,445.10096053386206,454.2908978013176,2303200
2024-12-06,446.5216369628906,447.93239944521986,444.047815074685,445.14064814825207,2191300
2024-12-09,439.7061767578125,447.87280294823955,439.06040347431497,444.9916396161151,2833900
2024-12-10,441.9217224121094,443.48153524169174,434.41081402231987,441.9217224121094,2326100
2024-12-11,437.66949462890625,442.75624395733183,437.3019020100078,440.4115827560241,1612500
2024-12-12,435.6526794433594,439.5074902151965,435.0565693711155,437.08333148897765,1719300
2024-12-13,432.47344970703125,434.9572164301808,429.9499645462923,434.768447733668,2254200
2024-12-16,425.5189208984375,432.9006989549358,424.6347156736569,432.8907541854084,3691400
2024-12-17,427.4066162109375,430.3771916928437,423.1742677514142,425.45932114989284,3320200
2024-12-18,419.528076171875,428.499440735484,419.30950347838893,426.13492018521384,3271900
2024-12-19,416.865478515625,422.8066595807162,416.3091171813029,419.3591900701387,3292000
2024-12-20,421.5548095703125,422.57812021998484,415.55402083894165,416.507809064991,6680900
2024-12-23,419.587646484375,422.8960405788142,414.9678466661617,419.6870032123894,2084300
2024-12-24,423.0053405761719,423.29346601121927,417.84903833090556,419.4386551291902,824200
2024-12-26,421.56475830078125,423.82995229995544,420.16391025506044,421.3660448386326,991500
2024-12-27,420.2334899902344,423.19412065825435,418.8028378652427,420.46197713502175,1444900
2024-12-30,414.947998046875,417.531121444145,412.71260804682896,416.4581172652492,1608000
2024-12-31,415.95147705078125,417.3820988517652,413.0504240512359,415.8918387529634,1386700
2025-01-02,411.4806823730469,419.97515251156614,411.08325543838777,418.01794310410116,2110900
2025-01-03,410.81500244140625,415.2758376266461,410.4176058427103,413.44778901711106,1995900
2025-01-06,410.2288513183594,415.663334129571,409.44397254322513,412.73247726407385,2630600
2025-01-07,412.255615234375,416.27930522151735,408.0232670112932,409.35456234431587,3209100
2025-01-08,417.2827453613281,417.69008673356984,411.51047404535285,414.0339591522885,2252300
2025-01-10,411.4608154296875,415.1765513007527,409.0466012980919,412.9113267987085,2642600
2025-01-13,418.6935119628906,419.935395310183,411.0137247476617,413.09015006600447,2824500
2025-01-14,424.5155029296875,425.0321155188949,417.9881563788279,419.53802446586957,2344300
2025-01-15,425.2010192871094,431.1024516620306,423.64120645144084,430.406984826425,2202300
2025-01-16,429.68170166015625,429.9400231035762,424.87313288526565,425.1413990978689,1511600
2025-01-17,433.1689147949219,437.1429415361597,430.7149520694308,437.1429415361597,2412200
2025-01-21,439.5869445800781,441.1865060552603,436.5865654072186,436.815082852078,2281900
2025-01-22,439.72607421875,445.77652642105045,439.5969134958398,442.7761470833803,2643900
2025-01-23,437.967529296875,440.26255758429744,437.5701326952072,439.845271444925,1811300
2025-01-24,436.3978271484375,440.49106998737386,436.1891992264891,439.9943166269317,1547800
2025-01-27,436.6362609863281,438.5338624699225,432.1654807226169,435.4937343161524,2833400
2025-01-28,432.6820983886719,437.5502749946781,432.4138321840672,437.142933622745,2158400
2025-01-29,435.473876953125,436.1693134721267,431.6687292002475,432.3940000277768,2631100
2025-01-30,443.48150634765625,446.75015173821686,436.1494223688007,436.1494223688007,2545900
2025-01-31,443.22320556640625,445.2599124995526,435.7917948311339,441.5342623626709,2816500
2025-02-03,451.2606506347656,451.8567606934411,437.59993408744657,442.1402667911065,2701200
2025-02-04,451.8468322753906,455.8506630391854,449.8896228755554,452.9794444598011,2503800
2025-02-05,450.7539978027344,452.1150971182017,447.9821056456024,450.4559276038045,2696500
2025-02-06,457.68865966796875,458.5132872085432,447.0780153796195,447.1078193678681,2423300
2025-02-07,452.09521484375,455.1850364682839,449.56178486894106,453.57556045422467,1668100
2025-02-10,457.86749267578125,458.1258141253363,450.45594102997336,451.8667339136877,1876700
2025-02-11,457.7482604980469,459.53659072329674,456.3374979837482,457.2614519244475,1587700
2025-02-12,455.5824279785156,457.15218553667813,451.59845642633604,454.3504893779969,1695200
2025-02-13,458.0562438964844,459.59619744620375,454.4100913501246,454.5889152763368,2265300
2025-02-14,454.0325622558594,461.0864658952717,453.73452237339313,458.05625226624574,1705500
2025-02-18,462.8052062988281,463.0039197638382,447.1276720031376,451.9163815073525,2808500
2025-02-19,459.06964111328125,462.6164672546086,457.1322909501917,457.82775775730533,1883800
2025-02-20,458.9007263183594,459.12924376820115,455.4234529619232,456.71502982882146,1335400
2025-02-21,455.02606201171875,462.149518288123,454.5491678876331,460.5698159769072,1939600
2025-02-24,455.5526123046875,461.18580846564424,453.0589008601041,456.02950642140587,2108300
2025-02-25,464.4544372558594,465.94469730513765,456.30770051145566,456.30770051145566,2342100
2025-02-26,458.5530090332031,464.4743308439437,458.27482836768917,463.33177387400053,1576100
2025-02-27,457.291259765625,465.18965010834467,456.89386315202677,460.5301012893161,2071000
2025-02-28,464.0173034667969,465.29893563060955,457.63900727552465,462.0501795570676,2332900
2025-03-03,459.24847412109375,469.16368194625966,457.9867315214629,466.05400111029815,3072900
2025-03-04,458.3543395996094,466.2328407545913,456.89388348210184,465.55726344947175,5027000
2025-03-05,465.2095031738281,467.3654260111946,457.55948960572255,458.9305336760069,2385700
2025-03-06,463.133056640625,467.0971384123245,460.34130542164326,463.65961394443326,3712100
2025-03-07,465.72613525390625,466.94815943721153,460.4108985456349,463.1430420317037,1824000
2025-03-10,459.0597229003906,468.1204995386412,455.04594717224643,462.96419712078864,3129200
2025-03-11,451.12158203125,458.90072593590736,448.19072521978654,458.6523492677975,2845700
2025-03-12,448.24041748046875,451.9958714789183,445.9056707429394,450.36650598739396,2652600
2025-03-13,451.8190002441406,453.9023520412425,446.0773027688948,448.01113753186144,2213400
2025-03-14,454.0518798828125,456.5439319129048,451.4103108150261,453.11486588585325,1911900
2025-03-17,458.8465881347656,460.810326362341,450.90192500134316,450.90192500134316,1890200
2025-03-18,459.24530029296875,463.3222936971261,456.2747937907851,462.63448491441295,2023000
2025-03-19,458.2883605957031,460.1025817439106,453.4537736548454,457.540744999299,4051400
2025-03-20,456.29473876953125,458.5475635988539,453.78276120820846,454.6599379927164,2298100
2025-03-21,456.87286376953125,457.1719282617936,447.951335864002,452.2974599490939,4969900
2025-03-24,457.6304626464844,460.4315266928207,453.57339464322956,455.6667244312413,2049500
2025-03-25,455.9956970214844,457.53077918398867,453.53354837524347,457.48095031113024,2002500
2025-03-26,459.9630126953125,461.6277168100319,455.5271784045016,455.99568539554366,1597900
2025-03-27,463.2525329589844,465.1664118248664,457.96936456217935,460.52122333039273,1493300
2025-03-28,457.650390625,465.11659922923207,457.33143108322946,465.04681447111847,1334700
2025-03-31,464.15966796875,466.55203188738847,456.9526423840648,457.41117145016904,2373300
2025-04-01,465.60504150390625,466.02371964085137,459.31510445067664,460.5312270896838,1544600
2025-04-02,468.24658203125,468.8147771750465,460.92992117888286,461.4283315673593,1527700
2025-04-03,465.734619140625,470.5093993288039,463.5116977873366,465.07671375686397,2445200
2025-04-04,436.567626953125,468.5057737494611,435.730301135614,462.8836898626005,4430700
2025-04-07,424.506103515625,440.15620269470753,416.5016334778485,427.72584574378214,4159300
2025-04-08,412.01593017578125,431.683215620819,407.35081610670863,429.3905399362609,3780800
2025-04-09,444.55218505859375,446.90466760645955,411.65709779537326,412.8433170121461,4103300
2025-04-10,430.5069885253906,443.1167660461577,425.742186134994,438.9699877082366,4239000
2025-04-11,440.4253234863281,448.20054402822313,431.33432259966906,435.9296823356504,3343000
2025-04-14,444.6119689941406,446.7052987054585,440.34557729456054,441.6813134824067,1897800
2025-04-15,449.5362854003906,453.06503961300405,446.51591953941124,447.9413660078691,2321000
2025-04-16,446.56573486328125,453.3839853994021,443.8344556400742,449.0777427169695,1828900
2025-04-17,450.6826171875,453.7129609504266,448.2603499339058,449.9250236416292,1730200
2025-04-21,442.4389343261719,451.0315250687656,438.87029869629976,449.1076681554217,1303400
2025-04-22,453.1647033691406,453.81266124572255,445.9278048222179,446.86481883698207,1458600
2025-04-23,446.7850341796875,456.35451977093925,444.08365837824,452.94540973203186,1973400
2025-04-24,448.1008605957031,449.69577998682416,440.66458581952674,445.65863742612174,2114500
2025-04-25,446.9744567871094,447.92144874955113,441.6913185244282,446.4960022549769,1866600
2025-04-28,446.5757141113281,449.45654079752944,442.75790386903725,447.22364154099444,1644900
2025-04-29,449.1474914550781,450.9118836961435,445.3496067356291,447.41303304099915,1214000
2025-04-30,451.7890930175781,453.82258550573823,443.50551477039846,447.94134898854225,2670400
2025-05-01,446.62554931640625,449.177408142444,431.772925412523,436.0492951818559,2540400
2025-05-02,453.5036315917969,455.68667156041806,450.6726337717832,452.2576056015134,1548600
2025-05-05,451.05145263671875,454.04191515989913,448.70894799667377,451.55984100023795,1462100
2025-05-06,445.62872314453125,452.08813283170304,444.8213007362043,451.4202495156448,1441300
2025-05-07,448.2304382324219,452.77593858242216,443.4855615570217,446.54580867062833,1573900
2025-05-08,451.7890930175781,456.5439171862178,448.1008439637902,448.499566191632,1626400
2025-05-09,451.2209167480469,453.5833772279085,449.12758693861196,453.5833772279085,1058900
2025-05-12,452.9753112792969,456.5439162791416,450.93181043226406,455.01878170577373,1944900
2025-05-13,449.23724365234375,454.5104037854317,448.65907055240564,452.85567760574463,1666300
2025-05-14,444.55218505859375,447.24361345744387,438.1725378552928,445.8081890341315,1941300
2025-05-15,452.77593994140625,453.55345893990955,444.55216843315515,444.55216843315515,2279500
2025-05-16,456.31463623046875,456.90275683855396,450.5231099485428,454.31104715426153,1850500
2025-05-19,458.86651611328125,460.18232690070903,453.85250858990287,456.3146572397859,1640500
2025-05-20,458.3880615234375,460.2421336522803,456.40436739976303,459.8932402801319,1329700
2025-05-21,454.0518798828125,457.63046294755816,452.34732481198535,455.2680024903198,1867600
2025-05-22,457.5407409667969,457.6503766514361,452.18781821101027,454.6300108854056,1654400
2025-05-23,457.4410705566406,459.0060865529895,452.12802894387545,452.12802894387545,1627000
2025-05-27,466.4623107910156,466.6417312361063,461.03960314419015,461.78721875262505,3330800
2025-05-28,461.03961181640625,465.5651564817903,460.63091162564064,464.62814246794875,2692900
2025-05-29,462.6045837402344,463.4817909120189,459.6739585734913,462.4750225894288,1306800
2025-05-30,466.09344482421875,467.6086318721377,459.15558074447995,465.0667206422739,4344700
2025-06-02,463.0930480957031,464.86738790954297,459.8533804835392,463.69114666206013,1865400
2025-06-03,470.32000732421875,470.7785363843753,460.5312195556731,460.84023157670873,2606600
2025-06-04,473.7699890136719,475.4800109863281,468.9700012207031,471.1400146484375,2092600
2025-06-05,470.260009765625,474.8800048828125,469.3299865722656,474.0,1679000
2025-06-06,472.7099914550781,475.2300109863281,471.25,473.3999938964844,1352700
2025-06-09,472.1700134277344,475.94000244140625,468.1000061035156,472.1700134277344,1616000
2025-06-10,475.55999755859375,476.0,471.739990234375,472.3900146484375,1859600
2025-06-11,468.5400085449219,474.5400085449219,467.3900146484375,473.75,2734200
2025-06-12,470.5299987792969,472.1499938964844,466.4599914550781,468.4200134277344,1572800
2025-06-13,465.9800109863281,472.8900146484375,465.1300048828125,470.6400146484375,1415800
2025-06-16,466.6000061035156,469.55999755859375,464.8800048828125,466.80999755859375,1586500
2025-06-17,460.8999938964844,465.57000732421875,460.20001220703125,465.07000732421875,1272700
2025-06-18,458.70001220703125,462.42999267578125,458.2699890136719,460.8999938964844,1223200
2025-06-20,455.8599853515625,463.239990234375,455.3800048828125,462.489990234375,4365000
2025-06-23,459.75,460.05999755859375,452.95001220703125,457.30999755859375,1611000
2025-06-24,463.1600036621094,463.92999267578125,458.8900146484375,460.8699951171875,1470600
2025-06-25,460.20001220703125,463.82000732421875,459.7300109863281,461.7300109863281,1608900
2025-06-26,464.4599914550781,466.44000244140625,458.510009765625,460.82000732421875,1983000
2025-06-27,463.7900085449219,467.3699951171875,461.8500061035156,464.5400085449219,2643200
2025-06-30,469.17999267578125,470.0400085449219,463.54998779296875,466.20001220703125,1856200
2025-07-01,476.75,477.8399963378906,468.9700012207031,469.7900085449219,1856300
2025-07-02,477.1700134277344,478.7200012207031,474.44000244140625,476.0299987792969,1423100
2025-07-03,475.5799865722656,477.2099914550781,474.0,476.6199951171875,952700
2025-07-07,469.5899963378906,473.70001220703125,467.7900085449219,472.3699951171875,2099500
2025-07-08,469.95001220703125,471.7900085449219,467.5299987792969,468.3800048828125,1627200
2025-07-09,471.2699890136719,476.4599914550781,467.55999755859375,472.4100036621094,1522500
2025-07-10,470.3399963378906,472.2200012207031,469.04998779296875,472.0400085449219,2238500
2025-07-11,468.80999755859375,469.6199951171875,464.4800109863281,469.010009765625,1326400
2025-07-14,468.7799987792969,470.0,466.29998779296875,468.42999267578125,1133000
2025-07-15,460.55999755859375,469.260009765625,460.07000732421875,468.1700134277344,1263700
2025-07-16,459.6700134277344,462.5400085449219,456.0,460.5,1438000
2025-07-17,461.2900085449219,462.1199951171875,457.07000732421875,458.8500061035156,1515000
2025-07-18,465.010009765625,465.4100036621094,461.0299987792969,463.4200134277344,2248216
