Price,Close,High,Low,Open,Volume
Ticker,MDLZ,MDLZ,MDLZ,MDLZ,MDLZ
Date,,,,,
2001-06-13,11.440526962280273,11.715099609375,11.381951520095347,11.532051177978516,69567200
2001-06-14,11.037829399108887,11.349012129408957,10.799866381211748,11.349012129408957,31979800
2001-06-15,11.202569961547852,11.257484379843364,10.96460701675082,10.982911590091087,14369300
2001-06-18,11.100061416625977,11.202568832514675,11.004876108645322,11.004876108645322,4019800
2001-06-19,11.129349708557129,11.242839593729222,11.059791076488892,11.202569394763131,5690300
2001-06-20,11.092741012573242,11.198909498723543,11.048809754926378,11.12935085946213,3791600
2001-06-21,10.982909202575684,11.111043282927312,10.982909202575684,11.111043282927312,6027200
2001-06-22,10.982909202575684,10.990231309629962,10.895046012748026,10.982909202575684,4847700
2001-06-25,11.037829399108887,11.037829399108887,10.928000528779416,10.98291496394415,2420300
2001-06-26,10.997550010681152,11.01219352197997,10.913347202184156,10.98290580110799,3333300
2001-06-27,10.960938453674316,10.98290406629011,10.913345478353486,10.964599505489321,3182300
2001-06-28,11.133016586303711,11.14399975446224,10.971933611353851,10.975594667406693,2778100
2001-06-29,11.349006652832031,11.349006652832031,11.103721642404356,11.165958158431515,5777800
2001-07-02,11.154979705810547,11.23918257946479,11.136675127954126,11.23918257946479,3167600
2001-07-03,11.187928199768066,11.217215942505357,11.136674824546525,11.151318346777735,608700
2001-07-05,11.323384284973145,11.359994137441726,11.213554727567406,11.257486690184672,2085500
2001-07-06,11.22087287902832,11.341684860760157,11.165958468836505,11.341684860760157,945300
2001-07-09,11.12201976776123,11.253814830807412,11.074427494035769,11.202561505522425,2295300
2001-07-10,11.111042976379395,11.294091458038777,11.085416300671008,11.147652812366179,3301300
2001-07-11,11.092741012573242,11.114707339671426,10.98291217018133,11.114707339671426,2023000
2001-07-12,11.312399864196777,11.312399864196777,11.05613232190934,11.220875592320954,1912500
2001-07-13,11.250162124633789,11.3416863866922,11.151315754024779,11.312398650764496,995400
2001-07-16,11.242843627929688,11.352673196648162,11.220877993495964,11.250165738832571,1198100
2001-07-17,11.513751029968262,11.513751029968262,11.294092688392988,11.308736205418208,3792700
2001-07-18,11.528389930725098,11.532050983084076,11.27578290415025,11.51374641956352,5645100
2001-07-19,11.466158866882324,11.619919647399986,11.052469530259032,11.619919647399986,3326000
2001-07-20,11.422225952148438,11.473479305437671,11.352667331059784,11.440530521673287,1390900
2001-07-23,11.349006652832031,11.418565276221113,11.319718921658932,11.385616491367053,1756000
2001-07-24,11.374632835388184,11.41856477937355,11.312396322069075,11.41490372585189,1146500
2001-07-25,11.239177703857422,11.349006519901474,11.169619081283077,11.349006519901474,860600
2001-07-26,11.392938613891602,11.418565291417845,11.20989011924747,11.330702097781613,1901900
2001-07-27,11.316061019897461,11.42222951139321,11.279451171165315,11.42222951139321,1541800
2001-07-30,11.202569961547852,11.38561848804937,11.165960116592606,11.381957433726374,1233900
2001-07-31,11.330700874328613,11.407580898606085,11.165956967627581,11.165956967627581,2020200
2001-08-01,11.268465042114258,11.352667178032885,11.195245368452678,11.31239628769156,2302200
2001-08-02,11.330700874328613,11.41124195189661,11.22087137043642,11.239176636889043,2700000
2001-08-03,11.239177703857422,11.341684412625314,11.165958027644997,11.297753165517527,456800
2001-08-06,11.111042976379395,11.290430404612644,11.07443314039261,11.24283740834746,847600
2001-08-07,11.165961265563965,11.18060548436283,11.085420156994557,11.147656690340167,991400
2001-08-08,10.98656940460205,11.239176492200162,10.982908351358656,11.239176492200162,1517200
2001-08-09,11.118367195129395,11.118367195129395,10.982910985731188,11.001215558064201,752900
2001-08-10,11.275789260864258,11.392940907572687,11.03782630957397,11.074436155528184,1119700
2001-08-13,11.385613441467285,11.418562217495253,11.319715889411347,11.334359401937997,1749200
2001-08-14,11.385613441467285,11.440527835422431,11.349003612739052,11.422223270195516,1365300
2001-08-15,11.34168815612793,11.422229966200604,11.338027101281462,11.385620116010735,2106500
2001-08-16,11.403919219970703,11.447851158773434,11.330700252998788,11.341682713993613,1351200
2001-08-17,11.477142333984375,11.477142333984375,11.31605944100319,11.403922646736195,1164200
2001-08-20,11.612600326538086,11.627244546423649,11.447857042474531,11.491788305581544,2020900
2001-08-21,11.744389533996582,11.751710243227866,11.623576883447212,11.696796544699962,2699600
2001-08-22,12.04459285736084,12.08486235759865,11.868865053826122,12.007982316395548,3184700
2001-08-23,12.040931701660156,12.059236274775188,11.923780757864664,12.040931701660156,2358900
2001-08-24,11.84323787689209,12.040930600168288,11.84323787689209,12.040930600168288,1173700
2001-08-27,11.824934005737305,11.887171228180064,11.715105174040547,11.715105174040547,866500
2001-08-28,11.678491592407227,11.927438307665856,11.623577194137061,11.898149883762345,965300
2001-08-29,11.82127857208252,11.82127857208252,11.56134920469937,11.678500193496012,1504200
2001-08-30,11.953068733215332,11.953068733215332,11.733409674619338,11.748053891168942,1569700
2001-08-31,11.806626319885254,12.073876918609956,11.784660000718526,11.953065654565446,1536500
2001-09-04,12.099504470825195,12.187368357319881,11.78832260773183,11.97137109109242,1841800
2001-09-05,12.209334373474121,12.209334373474121,12.033607981317749,12.081200982281732,1770400
2001-09-06,12.447306632995605,12.740184156814875,12.209342859332965,12.227648839268701,3816000
2001-09-07,12.447306632995605,12.52052636308797,12.24229166804702,12.264258006039787,2900700
2001-09-10,12.35577392578125,12.403366927492122,12.187369638557236,12.35577392578125,1463500
2001-09-17,12.04459285736084,12.54614539791594,11.99699985238063,12.136117114950059,3904000
2001-09-18,12.04459285736084,12.220319264346218,12.04459285736084,12.062897429568816,4516300
2001-09-19,11.861544609069824,12.09950684622639,11.68947855403478,12.062897700986726,3134900
2001-09-20,11.909132957458496,11.967708411731694,11.715102027031465,11.78832169401021,1987000
2001-09-21,11.715106010437012,11.715106010437012,11.349008947610855,11.532057479023933,2464200
2001-09-24,12.264251708984375,12.264251708984375,11.817612841641948,11.817612841641948,3665200
2001-09-25,12.191035270690918,12.264254982733625,11.967715777408092,12.264254982733625,2239500
2001-09-26,12.191035270690918,12.234966539296604,12.06656217918327,12.227645824987196,1247200
2001-09-27,12.267910957336426,12.300859746157625,12.172726343269268,12.172726343269268,1626200
2001-09-28,12.582756996154785,12.743840614717064,12.337472608325296,12.355777184102934,3542000
2001-10-01,12.418007850646973,12.674275994481937,12.344789578021865,12.666953887909619,1087400
2001-10-02,12.502215385437012,12.53150242456497,12.35577600014879,12.418011831139124,1101700
2001-10-03,12.703567504882812,12.787769656083107,12.502214413182164,12.520518985782338,1332200
2001-10-04,12.447306632995605,12.564457642523314,12.381409015567495,12.447306632995605,1311100
2001-10-05,12.348458290100098,12.41069553981058,12.264256102356484,12.392389562716337,915800
2001-10-08,12.410689353942871,12.447298496784288,12.264249989478637,12.348452135253323,625700
2001-10-09,12.428998947143555,12.447303525959997,12.300864102328765,12.337474656511496,2067500
2001-10-10,12.436318397521973,12.46560543805304,12.3814032762706,12.410691713351211,1416600
2001-10-11,12.081197738647461,12.443634285288379,11.861540156564319,12.436312179679094,3550200
2001-10-12,12.227640151977539,12.227640151977539,12.022625332684486,12.09950536621343,2580000
2001-10-15,12.209334373474121,12.363095839454212,12.128793983245714,12.136116090820883,1082200
2001-10-16,12.300858497619629,12.308180605119961,11.931101146422657,12.227640215714713,2040800
2001-10-17,12.447306632995605,12.469272970988373,12.245953422654244,12.447306632995605,1842900
2001-10-18,12.45096206665039,12.615706045063803,12.42899713389503,12.483910862333072,1197800
2001-10-19,12.637672424316406,12.703570015942217,12.432657539641701,12.447301759236247,1249500
2001-10-22,12.908583641052246,12.91590575092722,12.652316778176436,12.666959601376725,1885500
2001-10-23,12.956170082092285,13.022067640976337,12.908577090331812,12.923221302650258,1734000
2001-10-24,12.849998474121094,12.85366022457371,12.784100931460074,12.813389348886576,1493000
2001-10-25,12.776784896850586,12.813394035475152,12.670616439670574,12.721869792364616,1299300
2001-10-26,12.557129859924316,12.817058457663684,12.502216134562943,12.780449307422767,1698900
2001-10-29,12.27523422241211,12.590077923808277,12.27523422241211,12.575433705941133,1059300
2001-10-30,12.337470054626465,12.414350094909123,12.227641226144193,12.245945798133018,1203400
2001-10-31,12.35577392578125,12.516856105315188,12.311842676190038,12.392383067682385,1828000
2001-11-01,12.35577392578125,12.377740248851477,12.191029994127652,12.319164783880113,1166700
2001-11-02,12.630351066589355,12.76214625768868,12.282558511532747,12.392387371932273,1853900
2001-11-05,12.520520210266113,12.674280311004267,12.45096087241356,12.557129359046767,1252400
2001-11-06,12.696249008178711,12.696249008178711,12.476591281392828,12.483911995275891,735300
2001-11-07,12.575430870056152,12.813394468810877,12.557126300124827,12.623023869116931,874100
2001-11-08,12.824377059936523,12.850003737406945,12.582753103394571,12.648650673046848,1291800
2001-11-09,12.615700721740723,12.696242498657336,12.60105650838333,12.648649503520332,773700
2001-11-12,12.601062774658203,12.703570922586307,12.55713150928887,12.623029105617741,772000
2001-11-13,12.410689353942871,12.62668664842551,12.377740566765883,12.593737861248522,1366300
2001-11-14,12.428998947143555,12.524183594918965,12.289881634348868,12.374083814144381,1256800
2001-11-15,12.465598106384277,12.480242316311559,12.278889317731974,12.428988978114798,1264500
2001-11-16,12.447306632995605,12.502221779702428,12.355782319517695,12.483915799766692,720100
2001-11-19,12.191035270690918,12.538827855481394,12.191035270690918,12.538827855481394,1242200
2001-11-20,12.183710098266602,12.227642752382586,12.00066156243183,12.117812513642125,1880900
2001-11-21,12.410689353942871,12.46194271254057,12.158081520069533,12.172725735825813,1162200
2001-11-23,12.3411283493042,12.447296804277169,12.289874997675618,12.447296804277169,327500
2001-11-26,12.172725677490234,12.330147504742621,12.11415021129511,12.271572038547497,1736400
2001-11-27,12.02994441986084,12.11780689424933,11.964046865795048,12.081197762678935,2785400
2001-11-28,12.062891960144043,12.183703199179241,12.022621081616075,12.081196524052563,1108400
2001-11-29,12.377738952636719,12.436314411473974,12.044590768646865,12.114148689594513,1991600
2001-11-30,12.125131607055664,12.410688201591627,12.062895790694087,12.209333745012053,1680600
2001-12-03,12.300858497619629,12.33014692762096,12.103167181307466,12.136115966784361,1377700
2001-12-04,12.073877334594727,12.143435252862368,11.956726421433938,12.081199441235906,1633600
2001-12-05,12.081197738647461,12.169061609410027,11.989673513354678,12.169061609410027,1927500
2001-12-06,11.824934005737305,12.029948849040785,11.762698179843909,12.026287096606254,2151800
2001-12-07,11.715106010437012,11.824934849974966,11.532057479023933,11.824934849974966,2476900
2001-12-10,11.715106010437012,11.876188215322713,11.67117405565699,11.67849616449945,1507900
2001-12-11,11.795642852783203,11.84323444542957,11.649203530589629,11.751710218195806,1680900
2001-12-12,11.83226203918457,11.894499292793279,11.700466816530895,11.71511104050354,1652600
2001-12-13,11.898152351379395,12.062896278631413,11.828594425005969,11.898152351379395,1668800
2001-12-14,12.007980346679688,12.062895450845016,11.916456104103549,11.916456104103549,1317400
2001-12-17,12.183710098266602,12.187371851051017,11.971374522904005,11.971374522904005,1155600
2001-12-18,12.374078750610352,12.392383321936473,12.172725672924463,12.172725672924463,2071600
2001-12-19,12.439980506896973,12.46560719467899,12.267914406175068,12.355778333248947,1987200
2001-12-20,12.513474464416504,12.513474464416504,12.348097865820819,12.384848999904538,1366300
2001-12-21,12.855257034301758,12.855257034301758,12.381177744404535,12.403228432974036,2485800
2001-12-24,12.745013236999512,12.745013236999512,12.660487654977866,12.678862537693234,574000
2001-12-26,12.513474464416504,12.745001702450466,12.513474464416504,12.745001702450466,1066900
2001-12-27,12.370148658752441,12.52450061948274,12.366474246266868,12.520824805084734,1075100
2001-12-28,12.421599388122559,12.484075618408353,12.311348783873356,12.311348783873356,898100
2001-12-31,12.506126403808594,12.671503031049467,12.384851145107064,12.458352024093301,781300
2002-01-02,12.77072811126709,12.792778793989456,12.344424725355973,12.579626400077615,1637500
2002-01-03,12.524497985839844,12.844225077525167,12.421596233020278,12.844225077525167,961100
2002-01-04,12.131272315979004,12.421599996180165,11.943846419771806,12.403225128224568,2938400
2002-01-07,12.182726860046387,12.333403056841824,11.94384931302081,11.94384931302081,1192800
2002-01-08,12.307676315307617,12.344426055224723,12.237849846787315,12.311350728534242,785500
2002-01-09,12.348100662231445,12.495102428032212,12.285625823009397,12.421601545131828,1068000
2002-01-10,12.384851455688477,12.399551912236907,12.274600835400637,12.384851455688477,903900
2002-01-11,12.473054885864258,12.550231603410609,12.259903813841953,12.381179109563778,1788200
2002-01-14,12.491434097290039,12.59800895738247,12.348106674982125,12.384857835284187,2333700
2002-01-15,12.612707138061523,12.634757830250638,12.458356498477219,12.458356498477219,1149600
2002-01-16,12.572279930114746,12.616381308740525,12.476729746918188,12.48040416084718,762800
2002-01-17,12.715600967407227,12.770726968323238,12.49877418006999,12.572275047320524,1169300
2002-01-18,12.71192741394043,12.869953798538692,12.686202318951182,12.733978096179444,1745300
2002-01-22,12.73398494720459,12.803810042326008,12.623732878605223,12.803810042326008,996400
2002-01-23,12.642099380493164,12.803800139778039,12.601673840193893,12.730299284862294,1136800
2002-01-24,12.392204284667969,12.71560598512837,12.384854054851187,12.642106490786546,1714100
2002-01-25,12.495102882385254,12.495102882385254,12.329726240324067,12.487752653636669,1577200
2002-01-28,12.392204284667969,12.458354951106003,12.337078261998608,12.348102905767284,1007900
2002-01-29,12.509803771972656,12.509803771972656,12.315026208189488,12.484078671420455,886000
2002-01-30,13.046357154846191,13.366084388358962,12.928756301096373,13.046357154846191,6139100
2002-01-31,13.619659423828125,13.634358475934441,13.189680256209972,13.193356070670895,3459700
2002-02-01,13.542486190795898,13.854864609659376,13.542486190795898,13.597612206452046,1959600
2002-02-04,13.781360626220703,13.96511210123698,13.524108280815417,13.542483147934544,2120600
2002-02-05,13.634364128112793,13.781365925415777,13.52778929707682,13.671115278395058,1636900
2002-02-06,13.71521282196045,13.71521282196045,13.406510223958554,13.634361707605994,1655800
2002-02-07,13.68948745727539,13.825463181765102,13.627012616965681,13.781363212022205,1898500
2002-02-08,13.682143211364746,13.751968310815682,13.645393454161807,13.685819028233066,1924200
2002-02-11,13.487358093261719,13.652734695600493,13.487358093261719,13.59025846720031,1001400
2002-02-12,13.781360626220703,13.796061080681005,13.56085941696617,13.579234284085299,2274900
2002-02-13,13.876911163330078,13.946737623007296,13.799735878130294,13.799735878130294,1167800
2002-02-14,13.891613006591797,13.965113886376313,13.80341307238052,13.965113886376313,1159100
2002-02-15,14.020238876342773,14.056988612604158,13.836487391210692,13.957762642403326,1180800
2002-02-19,14.097411155700684,14.240737059216512,13.898959257642334,13.909983895785928,1759300
2002-02-20,13.965113639831543,14.185614873379611,13.913663445464504,14.185614873379611,1487000
2002-02-21,13.998197555541992,14.082723127004602,13.796071067095449,13.96144779470208,2215400
2002-02-22,14.167238235473633,14.273814425878108,13.98716257767122,14.034936951097384,1148600
2002-02-25,14.43552303314209,14.55312392695037,14.181946368726718,14.185620783321186,2206400
2002-02-26,14.376718521118164,14.446544995888246,14.240742788959182,14.439194766864404,1752900
2002-02-27,14.266463279724121,14.413465008875239,14.233387960760739,14.413465008875239,1322000
2002-02-28,14.369366645812988,14.406117786721667,14.303215994090051,14.314242037318994,968600
2002-03-01,14.325271606445312,14.41714738745272,14.259120931966926,14.41714738745272,911700
2002-03-04,13.395485877990723,14.336292748390026,13.358734733420237,14.295868592231722,3602500
2002-03-05,13.803418159484863,13.818117219328807,13.230112768175188,13.560866148144845,4477300
2002-03-06,13.909991264343262,13.909991264343262,13.744615996935796,13.803416434703855,1407000
2002-03-07,13.97245979309082,13.976134205082904,13.726232132253815,13.921009613728167,1548000
2002-03-08,13.968790054321289,14.038616529749172,13.810765035514947,13.98349051250746,1293800
2002-03-11,13.785033226013184,13.90998426866847,13.729908631905221,13.895285218053735,1603900
2002-03-12,13.71153450012207,13.788709777145838,13.634357821185914,13.788709777145838,2008300
2002-03-13,13.847989082336426,13.91437103470758,13.729977035190945,13.847989082336426,1198700
2002-03-14,13.700472831726074,13.910681849553203,13.652530004575247,13.79266981873146,2981500
2002-03-15,13.884873390197754,13.921751639762498,13.741044840539146,13.755796703091061,1142000
2002-03-18,13.847989082336426,13.932810153296328,13.829549963747676,13.903307844917245,1311800
2002-03-19,13.940185546875,14.1356441354921,13.829549432775698,13.940185546875,1433100
2002-03-20,14.286844253540039,14.305283367678665,13.984436873046777,14.013940581119966,1482900
2002-03-21,14.474923133850098,14.522865948328732,14.253650986249328,14.308968319742519,1129400
2002-03-22,14.471243858337402,14.604006376056462,14.419612349051635,14.511809362554049,878200
2002-03-25,14.345854759216309,14.600317990438564,14.345854759216309,14.563439750602761,1294400
2002-03-26,14.603999137878418,14.637190102561446,14.353223272898676,14.364287865669075,1579200
2002-03-27,14.511809349060059,14.640886011932283,14.489682966201514,14.633510082041175,1207400
2002-03-28,14.253657341003418,14.544998803644202,14.253657341003418,14.460177729020721,1290400
2002-04-01,14.367975234985352,14.397478940179363,14.16882944536806,14.198333150562071,860100
2002-04-02,14.626130104064941,14.677760192198221,14.375354184433823,14.38273011228349,769400
2002-04-03,14.696200370788574,14.766270987018551,14.570812401908846,14.71832815593717,1114600
2002-04-04,14.880589485168457,14.884278151558762,14.699884222836408,14.725699260312414,2289600
2002-04-05,15.157183647155762,15.194063284942372,14.865842246120389,14.880592694420699,2275200
2002-04-08,14.751523971557617,15.035490976827894,14.677766070336837,14.899039773999174,2107600
2002-04-09,14.401172637939453,14.751521556263661,14.38273351735707,14.751521556263661,2249000
2002-04-10,14.574503898620605,14.61138214087902,14.419612186142789,14.456491835215967,2257100
2002-04-11,14.751523971557617,14.876911981588455,14.604008169116058,14.604008169116058,1436000
2002-04-12,14.603999137878418,14.836335890659608,14.478611205388548,14.825272704703293,1233000
2002-04-15,14.91747760772705,14.972794973748279,14.604006906347436,14.640886557176419,1773900
2002-04-16,14.718328475952148,14.928537515583587,14.699889358001316,14.84371644755814,1580400
2002-04-17,14.286844253540039,14.5929374873211,14.21677365027333,14.438047240379554,4175900
2002-04-18,14.32741928100586,14.382738067066798,14.131962008736831,14.364298940651542,2843700
2002-04-19,14.766273498535156,14.781025357809952,14.297912517670873,14.35322987972926,1298200
2002-04-22,14.393794059753418,14.755206102560981,14.38273087080266,14.674073705564648,1658900
2002-04-23,14.792089462280273,14.887973739857904,14.452803712082499,14.467555572268232,1420800
2002-04-24,14.75521183013916,14.887975776341523,14.751524567995766,14.862160720892732,1708500
2002-04-25,14.862160682678223,14.93223132455764,14.73308540576615,14.751524530065732,1306900
2002-04-26,14.899030685424805,15.042857731321,14.696196229095197,14.718324008007725,1626100
2002-04-29,14.880589485168457,15.002290153395947,14.80683303913074,14.917469115001348,790600
2002-04-30,15.135059356689453,15.223567685943808,14.935913505645361,14.935913505645361,3152900
2002-05-01,15.212509155273438,15.278891125950736,15.079745213918839,15.135063991754908,1143300
2002-05-02,15.47065258026123,15.489091693771933,15.21987669743598,15.230939884179563,1136400
2002-05-03,14.880589485168457,15.415332159826095,14.862150373659029,15.396893048316665,3433700
2002-05-06,14.983860969543457,15.135064035003827,14.862160220682327,14.884288013242976,1658300
2002-05-07,14.718328475952148,14.939600704991182,14.703576618865675,14.891659279681923,2927000
2002-05-08,14.471243858337402,14.714643917711184,14.382734106376581,14.69989205791525,1828300
2002-05-09,14.67038631439209,14.714641887674377,14.419610359717474,14.43805088532572,1499600
2002-05-10,14.648258209228516,14.86215449430757,14.578187596525416,14.707264226506988,1216100
2002-05-13,14.972790718078613,15.028109475191595,14.758894431324913,14.806837260368535,1068200
2002-05-14,15.149806022644043,15.249377507232657,15.017042167440495,15.120302318459235,1222100
2002-05-15,15.197752952575684,15.253071714610696,15.07236497786894,15.186689762894504,1070700
2002-05-16,15.160877227783203,15.230946452064776,14.98017046109996,15.046552423815045,824000
2002-05-17,15.153495788574219,15.253068696445752,15.046546953436541,15.253068696445752,987100
2002-05-20,15.090799331665039,15.157181262422496,15.053921106494947,15.157181262422496,946100
2002-05-21,14.961729049682617,15.072365168336175,14.90641028694855,15.072365168336175,1153900
2002-05-22,15.304704666137695,15.3895257520961,14.862158707681592,14.869534637784255,1039100
2002-05-23,15.33420181274414,15.360016853629094,15.17931016062021,15.304698104981785,726800
2002-05-24,15.378461837768555,15.459594251456087,15.230946056276172,15.319455806534553,863300
2002-05-28,15.382149696350098,15.489098571742923,15.341582784524212,15.45222032834565,1345300
2002-05-29,15.581290245056152,15.688239083781916,15.419024060199849,15.437463175576696,1449800
2002-05-30,15.684556007385254,15.821008604804026,15.407964957698574,15.58498306068027,1631400
2002-05-31,15.861570358276367,16.134474081743086,15.765686102731815,15.765686102731815,3843200
2002-06-03,15.323140144348145,15.655049885970206,15.308388287650612,15.566540152599494,3245600
2002-06-04,15.330516815185547,15.415337885082693,15.083429534200109,15.201441579866968,2625000
2002-06-05,15.378461837768555,15.618173224175234,15.286264826039504,15.44484379875865,1902800
2002-06-06,15.371084213256836,15.489096262713293,15.212505258021984,15.396899261149523,1339300
2002-06-07,15.419031143188477,15.570234209639183,15.323145448279265,15.352649171886707,1081700
2002-06-10,15.525975227355957,15.673490999488777,15.315766166496223,15.39689998185074,868800
2002-06-11,16.071788787841797,16.079163313090213,15.673496897297989,15.710375150800848,2036400
2002-06-12,16.152908325195312,16.208227068080387,15.857878312374417,15.979578983995951,2212500
2002-06-13,16.023832321166992,16.116029283421334,15.905820322026559,16.11234061711532,1189800
2002-06-14,15.839441299438477,16.023835257739705,15.599728590921174,15.93163827858909,1048700
2002-06-17,16.023832321166992,16.068086469141157,15.909507581518573,15.931635358912654,1793600
2002-06-18,16.167665481567383,16.193480528232318,15.968519630025435,16.042277509131473,1620300
2002-06-19,15.629237174987793,15.942706439159455,15.367396603341268,15.894763601137598,2969400
2002-06-20,15.58867359161377,15.65136689509524,15.400590867539364,15.599736784742264,2070200
2002-06-21,15.463279724121094,15.636610520532122,15.3968977768494,15.618169996545403,1842300
2002-06-24,15.238313674926758,15.426396264088444,15.083423454971475,15.426396264088444,1980400
2002-06-25,14.980165481567383,15.31945111230919,14.958039105893874,15.304699257317303,2298400
2002-06-26,14.61019515991211,14.839577408804562,14.477005011738683,14.761883626147132,2592600
2002-06-27,14.606497764587402,14.739687941165919,14.41781262198884,14.687892075014608,2728800
2002-06-28,15.15035629272461,15.15035629272461,14.739687076151906,14.817380870819331,8603900
2002-07-01,15.216949462890625,15.42783339979203,14.98386669687756,14.98386669687756,2476600
2002-07-02,15.035666465759277,15.350143609010912,14.954272149168942,15.168856652422877,1895700
2002-07-03,14.632401466369629,15.068968812231706,14.514010465254358,15.035671254959782,1619100
2002-07-05,14.895068168640137,14.902467776047338,14.632388456673135,14.636088966042138,816800
2002-07-08,14.776678085327148,15.057857536939062,14.602792241354107,14.872871575579444,1653400
2002-07-09,14.314214706420898,14.717484201587117,14.262418857536785,14.5768958721391,2159500
2002-07-10,13.992342948913574,14.303119530272404,13.955346308100225,14.221725226885379,1898100
2002-07-11,13.681565284729004,13.825854148345277,13.566873449154683,13.725961532457564,2666600
2002-07-12,13.315291404724121,14.040436104518914,13.134004524109914,13.966441430567583,2730900
2002-07-15,13.378190040588379,13.400388872943765,13.023017190890892,13.30419534406854,2613700
2002-07-16,13.318988800048828,13.666761888415447,13.170999471071507,13.374485151248034,2275500
2002-07-17,14.036741256713867,14.040441768136201,13.677869271984727,13.688967983588556,2430400
2002-07-18,12.997122764587402,13.50398424376968,12.90092920976541,13.318998158238589,3686800
2002-07-19,12.878726959228516,13.041514145447026,12.53095234543123,12.949021137323289,2642100
2002-07-22,13.122912406921387,13.315298091272835,12.926826210782023,12.949025047514326,2108700
2002-07-23,12.986018180847168,13.171004202861123,12.760336419508471,13.097010923120617,2041800
2002-07-24,13.76296329498291,14.169932066847784,12.912027692054398,12.98602098778863,4118800
2002-07-25,13.67416000366211,13.829548923262946,13.318987346475462,13.670460905940256,3191300
2002-07-26,13.700061798095703,13.851750251563763,13.522475419254882,13.581670878868488,1620800
2002-07-29,13.759259223937988,13.873951060786418,13.688965046642599,13.707463365790725,1682800
2002-07-30,13.67416000366211,13.807350102939774,13.577967938256398,13.762953873624113,1398000
2002-07-31,13.688970565795898,13.770364896461958,13.41149143270544,13.670472239189571,2596100
2002-08-01,13.910950660705566,14.103336325733546,13.637172091831141,13.725964607178463,1292000
2002-08-02,13.76296329498291,14.366018252272116,13.59647555691759,13.910951297783024,1632300
2002-08-05,14.003443717956543,14.225427829471307,13.848056110094635,13.85545572161162,1529600
2002-08-06,13.892450332641602,14.218026135034599,13.851753180926053,14.058938039054576,1522000
2002-08-07,14.07003402709961,14.132929997946384,13.781456332698587,13.966442323741521,938500
2002-08-08,14.23652458190918,14.292020954983586,13.818455762387796,13.892450456043205,928700
2002-08-09,14.399306297302246,14.517698608879696,14.1773237121726,14.243918769977665,906400
2002-08-12,14.280921936035156,14.484407712129174,14.243925292017064,14.362316246472764,637200
2002-08-13,14.181028366088867,14.451107774415375,14.162528635812464,14.284620081246631,924500
2002-08-14,14.317914962768555,14.388209126247412,14.118129768042103,14.18472483295092,2084100
2002-08-15,14.613895416259766,14.66569127546641,14.506603187142392,14.595397096733294,1113400
2002-08-16,14.624992370605469,14.780381340908926,14.536199883001617,14.613893662487774,899600
2002-08-19,14.843278884887695,14.872877327591109,14.676791173009565,14.761885990116165,1022800
2002-08-20,14.858071327209473,15.024558963127228,14.710082003875737,14.843272112609942,1007300
2002-08-21,14.525102615356445,14.980169496164086,14.428910499677752,14.895074679450746,1365800
2002-08-22,14.684189796447754,14.724886946763108,14.432608695708584,14.576898977189755,1500500
2002-08-23,14.536205291748047,14.676793684653912,14.480708907847747,14.647196648216978,936000
2002-08-26,14.329018592834473,14.539902567055522,14.232826472323543,14.536203467214579,1048400
2002-08-27,14.35861587524414,14.521403070374134,14.206927390070557,14.303119502799332,1126200
2002-08-28,14.42890453338623,14.465901159965142,14.243918577829998,14.36230947647952,1028300
2002-08-29,14.673089981079102,14.876574305989932,14.42890850891986,14.42890850891986,1661000
2002-08-30,14.713790893554688,14.795185208880138,14.521405228178267,14.76188766273169,1013600
2002-09-03,14.280921936035156,14.68049246582177,14.243925292017064,14.68049246582177,872500
2002-09-04,14.273527145385742,14.536207050114571,14.2069320411824,14.428914780972315,993400
2002-09-05,14.525102615356445,14.613896531724903,14.20692782575374,14.273522910197228,850900
2002-09-06,14.203225135803223,14.650890925959889,14.12183084256339,14.61759338884643,1384400
2002-09-09,14.384519577026367,14.410417518202367,14.169935022903006,14.169935022903006,994700
2002-09-10,14.48071002960205,14.588002294077182,14.273526524498935,14.458512603387733,1549600
2002-09-11,14.613895416259766,14.761884795134161,14.610196316886995,14.761884795134161,771000
2002-09-12,14.591611862182617,14.725309725608293,14.521048313868434,14.617608511547484,1322000
2002-09-13,14.66589069366455,14.762449488348558,14.50248154106053,14.554474847175868,770900
2002-09-16,14.859009742736816,15.003850074058512,14.584187550069087,14.66589213439751,756200
2002-09-17,14.387351036071777,14.870147746444967,14.353926572146115,14.855292114319994,1317100
2002-09-18,14.662177085876465,14.695601558781735,14.361356829729035,14.376212465845029,1620900
2002-09-19,14.487627983093262,14.717886109918616,14.37621353734216,14.569332571109454,1389100
2002-09-20,14.409634590148926,14.554473476894245,14.379924739470729,14.502480175673998,1180200
2002-09-23,14.573046684265137,14.65103665191981,14.298223071995798,14.465345443192591,1199400
2002-09-24,13.908270835876465,14.561903221133871,13.908270835876465,14.561903221133871,2439500
2002-09-25,13.789429664611816,14.056824043906532,13.722580715610263,13.982548693203919,1850400
2002-09-26,13.989977836608887,13.989977836608887,13.722583404911205,13.826570049642983,1709700
2002-09-27,13.555458068847656,13.815426041181551,13.455184647374091,13.815426041181551,3970800
2002-09-30,13.540602684020996,13.61116625046858,13.291777142810997,13.61116625046858,2398600
2002-10-01,13.666871070861816,13.796855751703053,13.414330943371139,13.548028824596948,2351700
2002-10-02,13.711435317993164,13.744859785274324,13.559168615203705,13.689153284279858,2033900
2002-10-03,13.652017593383789,13.852564446915723,13.648304392412406,13.748577819178372,1803000
2002-10-04,13.726285934448242,14.02339141462253,13.666864838413384,13.741141562634626,3377400
2002-10-07,13.640871047973633,13.930548774588646,13.603733386457698,13.730003419007238,1466100
2002-10-08,13.804280281066895,13.919409311339491,13.692865867386617,13.852560379789097,2597500
2002-10-09,13.78199577331543,13.8711267215686,13.663153564503949,13.741143498403193,2795300
2002-10-10,13.562887191772461,13.856279666153345,13.499751438825566,13.837709410355568,3168600
2002-10-11,13.926834106445312,14.090241783278373,13.496030761421038,13.741142985026041,2573700
2002-10-14,14.353930473327637,14.443061456879821,13.796856867636444,13.926840142279813,1979700
2002-10-15,14.550763130187988,14.706743064435937,14.428206253240473,14.502483019568228,1966300
2002-10-16,14.075392723083496,14.517337243835613,14.019684799579437,14.476484955494149,1714700
2002-10-17,14.346502304077148,14.781019025858821,14.298222196086494,14.781019025858821,1860800
2002-10-18,14.688178062438965,14.688178062438965,14.368788875528104,14.372503494005777,1716700
2002-10-21,15.003847122192383,15.059553623238093,14.558188030270701,14.688171282755224,1490400
2002-10-22,15.245238304138184,15.338083849737943,14.970416282520834,15.01498174772975,2185600
2002-10-23,14.554466247558594,15.27494854005822,14.48390414762441,15.248951902360863,2284000
2002-10-24,14.56190299987793,14.79587429949335,14.539620963436422,14.762449828119719,2238400
2002-10-25,14.290793418884277,14.554474561412846,14.253655748591438,14.521050091464767,1455500
2002-10-28,14.075392723083496,14.550761714595778,14.075392723083496,14.465343937477874,1589300
2002-10-29,14.097674369812012,14.279652353750159,13.963976490463383,13.963976490463383,1810100
2002-10-30,14.417057037353516,14.480192748685452,14.11252374359181,14.11252374359181,1069200
2002-10-31,14.66960334777832,14.69931461685853,14.457915514071335,14.465343331341387,2032500
2002-11-01,14.703027725219727,14.83672560182226,14.558188831137405,14.632465586662288,1319200
2002-11-04,14.472764015197754,14.844146195383805,14.428197133543806,14.762441662395485,1698100
2002-11-05,14.554466247558594,14.725303116769016,14.469048521308633,14.472763136242827,1139600
2002-11-06,14.539624214172363,14.755025309296919,14.376215021272678,14.74388428858528,1218500
2002-11-07,14.766164779663086,15.040988400959623,14.543335888555706,14.543335888555706,1842400
2002-11-08,14.706737518310547,15.01127087037003,14.688168687909057,14.847863179441584,948100
2002-11-11,14.758734703063965,14.873862320895993,14.673315518805692,14.688171152303756,999200
2002-11-12,13.926834106445312,14.840434083817525,13.867413004259578,14.781012981631793,4642600
2002-11-13,14.220233917236328,14.450490632541415,14.134816126344306,14.242515956861986,3866200
2002-11-14,14.238805770874023,14.465349333115617,14.082824376907732,14.383644725956518,2154900
2002-11-15,14.272223472595215,14.331644590464402,14.112528952688423,14.112528952688423,1709700
2002-11-18,14.168234825134277,14.353925968757475,14.123667930632795,14.24251014921476,956200
2002-11-19,14.112524032592773,14.290787324051818,14.082812775660912,14.223938412665838,1560300
2002-11-20,13.889700889587402,14.064249636163956,13.885986272613335,14.038252984190612,1791200
2002-11-21,13.874846458435059,14.001116528989991,13.648302971553141,13.945408603237867,2314200
2002-11-22,13.778289794921875,13.833997735036258,13.499752927773493,13.499752927773493,3656400
2002-11-25,14.053109169006348,14.082819022405964,13.859990163419178,13.982547027559844,2579700
2002-11-26,14.097674369812012,14.097674369812012,13.878558715704271,13.975118924883306,2170500
2002-11-27,14.093969345092773,14.142249477688575,13.982554853243498,14.112538190948966,1477000
2002-11-29,13.949122428894043,14.157095650914762,13.908270141222452,14.112530162869083,1174300
2002-12-02,14.049397468566895,14.108818598421493,13.81542614995314,13.952837247108494,1683600
2002-12-03,14.008541107177734,14.27593540549919,13.975116642798667,13.982544458961913,1130300
2002-12-04,14.301935195922852,14.365070938826143,13.915698587553473,13.915698587553473,2014900
2002-12-05,14.116243362426758,14.483912534738486,14.0382534041735,14.305649165854755,1323000
2002-12-06,14.346502304077148,14.353930121976587,14.097675362935842,14.134814452433039,1038000
2002-12-09,14.558184623718262,14.606464713362838,14.298216762869373,14.309357777129327,1590000
2002-12-10,14.521050453186035,14.632466300262559,14.398495004797743,14.558189541115325,1274200
2002-12-11,14.469054222106934,14.576755430264768,14.342784182093522,14.48390985427582,1408300
2002-12-12,14.636176109313965,14.662172756485043,14.495050441305944,14.651031741043443,2071900
2002-12-13,14.710454940795898,14.781017076467393,14.55076041879774,14.636178188308882,1626700
2002-12-16,14.66589069366455,14.855295082614902,14.587899317780204,14.855295082614902,1356200
2002-12-17,14.677033424377441,14.781020048742922,14.632467930608163,14.665892405112997,1494000
2002-12-18,14.613900184631348,14.68074914511535,14.539624821170676,14.677035943627015,1315000
2002-12-19,14.520696640014648,14.796570434201586,14.520696640014648,14.669817187049278,1093000
2002-12-20,14.53933334350586,14.64371784576155,14.446132488739796,14.59525442521837,1822300
2002-12-23,14.565431594848633,14.669816112338916,14.502055686981643,14.57661524397048,1190100
2002-12-24,14.636265754699707,14.763019009989211,14.427496691022348,14.427496691022348,591900
2002-12-26,14.610160827636719,14.804018714459767,14.584064710384745,14.70709048211411,833100
2002-12-27,14.53933334350586,14.67354280191014,14.524420865431566,14.647446676346217,661500
2002-12-30,14.520696640014648,14.647449887166955,14.434952005489924,14.576616311852948,1592800
2002-12-31,14.51324462890625,14.595261878063527,14.289563032101018,14.595261878063527,1118700
2003-01-02,14.613899230957031,14.688460224294433,14.502058452017257,14.606442989410024,1098500
2003-01-03,14.490873336791992,14.613899188763401,14.405128692447976,14.539338195641275,1362600
2003-01-06,14.360389709472656,14.490870353978638,14.009954962704903,14.490870353978638,2574000
2003-01-07,14.412578582763672,14.561700503294178,14.323105146018964,14.539331788574993,1363700
2003-01-08,14.390209197998047,14.565427233142968,14.319377071216808,14.390209197998047,856000
2003-01-09,14.535606384277344,14.53933379284502,14.345475838284553,14.37157196465498,728300
2003-01-10,14.423757553100586,14.539327075152496,14.326829331670792,14.539327075152496,906800
2003-01-13,14.502055168151855,14.554247425029752,14.42376536070267,14.427494191698143,1003900
2003-01-14,14.311934471130371,14.513248819665154,14.203821051865399,14.513248819665154,1850600
2003-01-15,13.972674369812012,14.334294203342997,13.92420951883316,14.334294203342997,2250400
2003-01-16,14.21872615814209,14.29701455676193,13.913027382655741,13.972675889527892,1700800
2003-01-17,14.166533470153809,14.352935226340044,14.166533470153809,14.21872573434475,849300
2003-01-21,14.091968536376953,14.297010126327294,14.077056058746928,14.259730354384374,925300
2003-01-22,14.20380687713623,14.24108806491928,14.036046509574165,14.05468639239974,1745700
2003-01-23,13.801182746887207,14.207538530625335,13.737805426126194,14.207538530625335,2279100
2003-01-24,13.551398277282715,13.935386611911838,13.495478640137465,13.849642030583832,1780800
2003-01-27,13.719168663024902,13.7191686630249,13.24198063297856,13.495487129473805,2421600
2003-01-28,13.461931228637695,13.793726032693783,13.461931228637695,13.789998624369032,2130000
2003-01-29,11.631471633911133,12.298790363542784,11.541998151638225,11.743312420152703,25496000
2003-01-30,11.176651954650879,11.635200220089908,11.165468301535968,11.612832202793637,9942200
2003-01-31,11.873791694641113,11.914799596383475,11.497260071857838,11.538268684666448,7338100
2003-02-03,11.855149269104004,11.925982122767643,11.691116265236614,11.911070354718854,2852100
2003-02-04,11.799232482910156,11.929713870582928,11.74704021226759,11.929713870582928,2197500
2003-02-05,11.843969345092773,11.985635096965922,11.761952106303152,11.788048952960263,2658600
2003-02-06,11.653834342956543,11.788043794193978,11.575545259379354,11.750763312065128,1402400
2003-02-07,11.761947631835938,11.832780480826356,11.6314670035195,11.672474896247769,1522700
2003-02-10,11.769408226013184,11.788048830574734,11.650111201084693,11.780592588750114,1436600
2003-02-11,11.620285987854004,11.829055764285448,11.586733613472806,11.79550338990425,1653600
2003-02-12,11.713482856750488,11.896156437427363,11.65010625030618,11.702298498766414,2077800
2003-02-13,11.68739128112793,11.881249295236342,11.433884756688673,11.750767912237745,2630400
2003-02-14,11.68739128112793,11.81041642256859,11.594190394852694,11.594190394852694,1858700
2003-02-18,11.754488945007324,11.814137419369873,11.646375640809017,11.69856787810977,1161900
2003-02-19,11.735852241516113,11.858877349541599,11.624011492789723,11.743308481048844,2422800
2003-02-20,11.184104919433594,11.73958204510418,11.1132720558453,11.73958204510418,8131400
2003-02-21,11.225112915039062,11.322041904344072,11.150551935245609,11.16546441563078,2125800
2003-02-24,11.158015251159668,11.21020754347248,11.146830883778357,11.184111397316073,2356800
2003-02-25,11.240026473999023,11.254938956758567,10.811302549590591,10.997704317686981,2103500
2003-02-26,11.083446502685547,11.329496725127713,11.079718382822344,11.221384093359443,2136500
2003-02-27,11.079719543457031,11.13564063619683,10.975335020617365,11.053623412747115,1722400
2003-02-28,11.03870964050293,11.094630012033184,11.008885394949054,11.079717533723194,1718300
2003-03-03,10.923141479492188,11.169191714899942,10.923141479492188,11.057350957375034,1245000
2003-03-04,10.624894142150879,10.967873209568209,10.568973788879049,10.923136500311223,2500700
2003-03-05,10.386309623718262,10.624903725450245,10.326661098285264,10.624903725450245,3322800
2003-03-06,10.237183570861816,10.386305536833136,10.009773923781395,10.386305536833136,4666300
2003-03-07,10.177533149719238,10.341566854716064,10.136525256769605,10.233454231946544,3984300
2003-03-10,10.061967849731445,10.35648299907208,10.035871714689385,10.14025696592398,3526900
2003-03-11,10.326658248901367,10.367666154404873,10.114159635730188,10.177536265398858,2842700
2003-03-12,10.420363426208496,10.510324029847293,10.2816755325625,10.472840564154069,3020400
2003-03-13,10.682747840881348,10.701489217785007,10.517821007365887,10.532814680838975,2831900
2003-03-14,10.757713317871094,10.888904368261205,10.6077794632465,10.701487764918069,2917700
2003-03-17,11.132547378540039,11.226255687400014,10.51032426490482,10.551555434645602,3496500
2003-03-18,10.84393310546875,11.91970483384157,10.735231048941616,11.713546697933205,7229100
2003-03-19,11.241250991821289,11.248747829680196,11.027596117407073,11.15129108232782,4278300
2003-03-20,11.057580947875977,11.23750073747671,11.0200974796414,11.23750073747671,2659100
2003-03-21,11.544866561889648,11.601092134722393,11.222510376321297,11.245000176491681,4073800
2003-03-24,11.263741493225098,11.428668361722108,11.125053558871357,11.252496950672978,4800300
2003-03-25,11.155035018920898,11.357444555214185,11.095061770023811,11.271233099291813,3790400
2003-03-26,11.023844718933105,11.24124795351664,11.016347883100456,11.233751117683989,2227600
2003-03-27,10.922639846801758,11.04633478131139,10.858918170543,10.982613105052632,3138000
2003-03-28,10.720231056213379,11.001355992749021,10.532814431856284,11.001355992749021,5042200
2003-03-31,10.570295333862305,10.720228453965403,9.876853849080778,10.64151311907533,9449800
2003-04-01,10.5628023147583,10.712735489022247,10.439107356623323,10.439107356623323,5770700
2003-04-02,10.780202865600586,10.88515641846999,10.577792595410502,10.637765849925136,4124100
2003-04-03,11.042588233947754,11.241250132393658,10.79519832301997,10.945132208983994,6265300
2003-04-04,10.682747840881348,11.13254803594617,10.42036427460392,11.11380594410481,8670700
2003-04-07,10.776456832885742,11.095065264845566,10.664007134517686,10.664007134517686,3988000
2003-04-08,10.967623710632324,11.334960215477278,10.870166955582832,11.334960215477278,4678800
2003-04-09,10.982616424560547,11.162536968631986,10.982616424560547,11.151291711209444,3525400
2003-04-10,10.547806739807129,11.083818366815477,10.405370428648947,11.038838780107689,8112200
2003-04-11,10.634021759033203,10.727730090408429,10.551557969862793,10.589041445400449,3316100
2003-04-14,10.892651557922363,11.061326767887296,10.678996768591796,10.727725480331676,5661700
2003-04-15,10.813939094543457,11.076321933036287,10.746468997093462,11.046335302496031,3825900
2003-04-16,10.907648086547852,11.117554513457861,10.817688189300704,11.03883987146825,3142400
2003-04-17,11.151288986206055,11.170030362392675,10.888905429967313,10.888905429967313,1523000
2003-04-21,11.259993553161621,11.293727895049278,11.17378134408656,11.207516400912054,1714700
2003-04-22,11.484892845153809,11.526124739669317,11.244999746018847,11.259993422183696,2369800
2003-04-23,11.511130332946777,11.574852022727613,11.39493220979506,11.563607481255444,2263800
2003-04-24,11.56735610961914,11.608587287327035,11.469899363780652,11.60109116452238,2025900
2003-04-25,11.301222801208496,11.544864280566806,11.263739331706207,11.436163005441653,2021000
2003-04-28,11.361197471618652,11.451157380587986,11.24499934523382,11.278734400464547,1684700
2003-04-29,11.60108757019043,11.60108757019043,11.323710379161053,11.38368434758131,2757500
2003-04-30,11.582348823547363,11.638573675542986,11.417421971414125,11.567355863319495,2350300
2003-05-01,11.64232063293457,11.65356588789725,11.42491737488662,11.563605993008894,2069800
2003-05-02,11.661063194274902,11.698545949118346,11.559858040347079,11.619831306021851,1984700
2003-05-05,11.72477912902832,11.76975869875924,11.61982560809389,11.66480589276218,1467300
2003-05-06,11.70604133605957,11.788505102351062,11.623578284705712,11.739776383190156,1170900
2003-05-07,11.709787368774414,11.76226378031578,11.62732433421834,11.694794414735803,1176600
2003-05-08,11.664806365966797,11.777256009793195,11.664806365966797,11.709785937522396,1295700
2003-05-09,11.732283592224121,11.769767070285816,11.65731735103861,11.702296952762342,1682500
2003-05-12,11.687301635742188,11.818493425056651,11.657315002322116,11.796002913788296,2481900
2003-05-13,11.71353530883789,11.766011718241497,11.664807316525605,11.664807316525605,1795300
2003-05-14,11.653566360473633,11.747274677482949,11.604837635263664,11.732281003591352,1624700
2003-05-15,11.544866561889648,11.661065411801987,11.477397161378498,11.616085096523364,2047500
2003-05-16,11.582348823547363,11.5935940799216,11.488640498575398,11.55985902573667,1237600
2003-05-19,11.511130332946777,11.59734253554752,11.46989915598585,11.589845697940884,1547600
2003-05-20,11.72477912902832,11.81473898342753,11.518620503793263,11.578593740059404,2549600
2003-05-21,12.024654388427734,12.234560146411035,11.64607190942088,11.698548348916706,4776900
2003-05-22,12.335765838623047,12.646878214222895,12.12585864195776,12.189581056787281,5527300
2003-05-23,12.35075569152832,12.504437264569324,12.298279266081442,12.380741607551384,3056500
2003-05-27,12.167085647583008,12.706846384843766,12.080874180909465,12.257046247084874,3476000
2003-05-28,12.137102127075195,12.182081720755923,12.107114778037708,12.17458488349655,1252200
2003-05-29,12.167085647583008,12.223311201006078,12.047139134830667,12.118358359816584,1805400
2003-05-30,12.144596099853516,12.332012697506347,12.118357890572131,12.219561595014515,2062800
2003-06-02,12.182083129882812,12.234559566892969,12.088374798114483,12.182083129882812,2860800
2003-06-03,12.309524536132812,12.3320150468909,12.144598413533139,12.144598413533139,2034700
2003-06-04,12.403230667114258,12.425721173909068,12.219561769644592,12.350754247801548,1271700
2003-06-05,12.440717697143555,12.489446430366437,12.350758498752038,12.384493555617777,2648600
2003-06-06,12.52692699432373,12.725589596523877,12.463206025795209,12.534423831187457,2007300
2003-06-09,12.380738258361816,12.583148498794834,12.302023641485075,12.549413458722665,1233100
2003-06-10,12.489442825317383,12.523177872445578,12.376993144848493,12.376993144848493,1274100
2003-06-11,12.57565975189209,12.579408886463977,12.4144812823222,12.4144812823222,1597400
2003-06-12,12.646872520446777,12.684355267676628,12.466951330093076,12.594394672499776,2154100
2003-06-13,12.549416542053223,12.650621687135343,12.433217724394051,12.624383475063162,1296100
2003-06-16,12.598145484924316,12.631880533879311,12.44821161626315,12.493192634786705,1540300
2003-06-17,12.545670509338379,12.699352099028003,12.496941781912252,12.673113883462129,1745800
2003-06-18,12.680610656738281,12.72933795404293,12.48944488157989,12.545670446008947,1583100
2003-06-19,12.391988754272461,12.680610551520807,12.33201548665433,12.680610551520807,2453300
2003-06-20,12.335765838623047,12.489447459254981,12.302030778978194,12.3919914146564,1473000
2003-06-23,12.219563484191895,12.328265470806196,12.137101140790861,12.279536747517822,2171300
2003-06-24,12.365750312805176,12.444464957012107,12.219564135152424,12.219564135152424,937000
2003-06-25,12.26784610748291,12.505068603452866,12.196301583842148,12.369512070666449,1813400
2003-06-26,12.264077186584473,12.320559541780094,12.177471961982224,12.237719137201438,1372900
2003-06-27,12.26784610748291,12.45235249323732,12.166178707893097,12.188770505753318,1086200
2003-06-30,12.256549835205078,12.380810479838997,12.21889587790132,12.343155086128842,1959800
2003-07-01,12.162408828735352,12.26031137832895,12.105927914498286,12.256545122202972,1545900
2003-07-02,12.249021530151367,12.3469241395606,12.09840423042391,12.143589276701475,1704600
2003-07-03,12.07957935333252,12.2339629384006,11.985442267736131,12.192542706922607,2293200
2003-07-07,12.23019027709961,12.271610486895094,12.060744617211814,12.079573029959741,2034800
2003-07-08,12.23019027709961,12.275375307600948,12.132289138279006,12.136053958984858,1732600
2003-07-09,11.793399810791016,11.970376578393852,11.601361603211073,11.861178086196082,6637300
2003-07-10,11.767038345336914,11.767038345336914,11.616420398157207,11.672902038574218,3281000
2003-07-11,11.763274192810059,11.891299642547297,11.710558084637,11.763274192810059,2397400
2003-07-14,11.767038345336914,11.876236805919092,11.718087781829643,11.876236805919092,2160800
2003-07-15,11.590065002441406,11.703028309155142,11.480866516842031,11.672904712817934,3558300
2003-07-16,11.597599029541016,11.65031587845035,11.458277621760114,11.646550337942296,3041100
2003-07-17,10.848274230957031,11.296363518279067,10.475494321038235,10.535741535679447,14162800
2003-07-18,10.84074592590332,10.904757975184326,10.727781838352142,10.75413990998634,4435400
2003-07-21,10.810616493225098,10.821913112110517,10.407713089620723,10.821913112110517,3596100
2003-07-22,10.912284851074219,10.995125293649025,10.686357481275317,10.754135764035318,2893100
2003-07-23,10.80309009552002,10.8821643021183,10.76920094463404,10.874633220098412,1608000
2003-07-24,10.739072799682617,10.859567188302377,10.73154172084308,10.765430857417789,2117900
2003-07-25,10.750368118286133,10.806850488324505,10.671293949357485,10.720244522760481,1973700
2003-07-28,10.750368118286133,10.889690196469257,10.750368118286133,10.844504444079194,2072200
2003-07-29,10.629877090454102,10.859570027694065,10.618581187444528,10.844507866076771,3289600
2003-07-30,10.452897071838379,10.675058844767822,10.392649884420543,10.580922524652063,8146100
2003-07-31,10.471722602844238,10.531969781944293,10.449130090232476,10.467957064375106,4106100
2003-08-01,10.524436950683594,10.558326070741117,10.392646008037982,10.505609262761158,3290100
2003-08-04,10.62610912322998,10.656232721381464,10.479256672016906,10.524442428345745,1758200
2003-08-05,10.490556716918945,10.667532824084796,10.490556716918945,10.656236201762244,1763200
2003-08-06,10.595982551574707,10.626106141272741,10.471722654294943,10.543266449153908,1853600
2003-08-07,10.595982551574707,10.663760807946039,10.54703198764154,10.603513628549972,1390800
2003-08-08,10.57338809967041,10.637400805814044,10.554561128888182,10.637400805814044,1719800
2003-08-11,10.712713241577148,10.754132732987173,10.550798660220108,10.60351476830729,1215400
2003-08-12,10.818147659301758,10.818147659301758,10.65999858465293,10.663764124311623,1075000
2003-08-13,10.739072799682617,10.85203610946284,10.633639850538723,10.844505030623303,1597600
2003-08-14,10.829442977905273,10.84450441652825,10.6825905398662,10.731541113144836,1115800
2003-08-15,10.852038383483887,11.03278000428754,10.731543969614785,11.03278000428754,754900
2003-08-18,10.724010467529297,10.82191233624084,10.618578238303941,10.791788739575995,1391500
2003-08-19,10.73154354095459,10.844506869893833,10.588456609751328,10.693888858573732,1396500
2003-08-20,10.667532920837402,10.840744207003532,10.637409312574182,10.784261813081953,2039900
2003-08-21,10.739072799682617,10.8219125123079,10.588454813907918,10.686355966009065,2101600
2003-08-22,10.806851387023926,10.88216002299915,10.761665630876209,10.825678366466924,2529800
2003-08-25,11.04030704498291,11.145739977641437,10.810614203713984,10.810614203713984,2697400
2003-08-26,10.946170806884766,11.138208979416458,10.874627004991837,11.051603740295233,3233800
2003-08-27,10.983832359313965,11.029018135716749,10.927350677463147,11.017721512065165,1487500
2003-08-28,11.10056209564209,11.10809317864054,10.938647402193396,11.021487878769157,3380700
2003-08-29,11.183395385742188,11.213518980174898,11.100554962399872,11.100554962399872,1273900
2003-09-02,11.352840423583984,11.409322073810145,11.202222450246511,11.221049427587515,1900100
2003-09-03,11.239884376525879,11.578775214781192,11.190933054724653,11.435688227323567,3201800
2003-09-04,11.05913257598877,11.221046404832817,10.727772405705842,11.183392460294128,5808200
2003-09-05,11.017719268798828,11.108090085000867,10.923582912146278,10.9311139930473,1963200
2003-09-08,11.13444995880127,11.25870994104119,11.021486599748076,11.021486599748076,1202500
2003-09-09,11.104324340820312,11.21352285727145,11.062904114828035,11.085497357116582,1432700
2003-09-10,11.160804748535156,11.337781535439975,11.08549610402961,11.093026465737848,1817700
2003-09-11,11.244149208068848,11.2896103226594,11.175956813591633,11.266879765364124,1607700
2003-09-12,11.278242111206055,11.316126844027226,11.1001840837239,11.183530640448712,1810000
2003-09-15,11.225207328796387,11.327495928293894,11.134284370106862,11.308553916205367,1500400
2003-09-16,11.168384552001953,11.247942620841192,11.141865436586107,11.225211331120438,2068000
2003-09-17,11.335070610046387,11.64951271290572,11.31234005585896,11.479031750021802,4226300
2003-09-18,11.240360260009766,11.40326414708969,11.175956414480293,11.36537940455623,2023300
2003-09-19,11.119131088256836,11.316131196627476,11.085034887862246,11.240361701841397,2157400
2003-09-22,11.062300682067871,11.14564652078664,11.058512136318216,11.126704514629578,1874500
2003-09-23,11.13807201385498,11.225206418542772,11.031995598614674,11.062303249053532,1246400
2003-09-24,11.217629432678223,11.327494388522084,11.115340847085031,11.16459050537545,1571700
2003-09-25,11.126708984375,11.297189276046367,11.062305125941414,11.187324295537021,1777600
2003-09-26,10.990320205688477,11.14564697479537,10.986531659784498,11.126704967866724,1323800
2003-09-29,11.244149208068848,11.263091218716346,10.952437619512489,10.986533816751097,1705600
2003-09-30,11.17595386505127,11.206261507646065,10.956223275591197,11.17216531940302,2009100
2003-10-01,11.346435546875,11.365377553761437,11.13806985816796,11.13806985816796,1926200
2003-10-02,11.3388671875,11.365386306600714,11.274463302858925,11.331290089873567,1142800
2003-10-03,11.335070610046387,11.433570641646952,11.297185871339819,11.433570641646952,1328800
2003-10-06,11.365379333496094,11.395686982815095,11.213841086901084,11.365379333496094,1201900
2003-10-07,11.365379333496094,11.384321343348711,11.293398395391705,11.327494591199502,1307200
2003-10-08,11.240360260009766,11.350225218506301,11.202475517476305,11.34643739458518,1463500
2003-10-09,11.232784271240234,11.304765216870866,11.160803325609605,11.247938458779918,2347900
2003-10-10,11.164589881896973,11.217628806237824,11.153224965859959,11.168378428106413,2243400
2003-10-13,11.179743766784668,11.221417051379115,11.164589582353493,11.164589582353493,1176700
2003-10-14,11.119131088256836,11.157015835649876,11.081246340863798,11.107765447261489,2222700
2003-10-15,11.17216968536377,11.221420075446321,11.119131470743925,11.213842981188778,2188100
2003-10-16,11.130492210388184,11.130492210388184,10.990319632211435,11.081242561388809,3545200
2003-10-17,11.043360710144043,11.119130198869538,11.039572163448629,11.100187465392466,1835800
2003-10-20,11.062300682067871,11.111550331630957,10.990319758006851,11.016838855663222,2205700
2003-10-21,10.96759033203125,11.085032371962281,10.96759033203125,11.07366673354652,1958000
2003-10-22,10.986531257629395,11.050935090457077,10.89181978127052,10.89181978127052,2440800
2003-10-23,11.058514595031738,11.08124515199229,10.967591644598151,10.967591644598151,939800
2003-10-24,11.005476951599121,11.020631139738219,10.94865019126043,11.005476951599121,903400
2003-10-27,10.96759033203125,11.058513271583463,10.960013239754076,10.986532340132893,979000
2003-10-28,11.100186347961426,11.122917625845604,10.986532848905826,10.997898487847916,1101700
2003-10-29,11.107765197753906,11.126707932320652,11.00926514578114,11.103976650840558,1778600
2003-10-30,11.058514595031738,11.172168102425877,11.058514595031738,11.107764255544831,1176700
2003-10-31,11.02441692352295,11.081243669618118,11.020628377437767,11.039570385272397,1580000
2003-11-03,11.07366943359375,11.11155418162561,11.01305412577936,11.054727420873553,1040400
2003-11-04,11.043360710144043,11.100187465392466,11.043360710144043,11.077456907811376,1183500
2003-11-05,10.982748985290527,11.028210837851065,10.79711447230229,10.997903177007917,2256400
2003-11-06,11.119131088256836,11.134284553659178,10.963804274277686,11.00547684607772,1653200
2003-11-07,11.2896089553833,11.365378433979686,11.107763073861538,11.130493628403933,1664100
2003-11-10,11.259305953979492,11.28203724049197,11.187325714464778,11.270671597235731,965900
2003-11-11,11.122923851013184,11.225211768374178,11.047154327509299,11.194904103490972,1141000
2003-11-12,11.490402221679688,11.51313278542839,11.141863779636008,11.160805795661329,2030300
2003-11-13,11.467670440673828,11.497978096652234,11.335074174796485,11.460093346031348,1322700
2003-11-14,11.562383651733398,11.600268407910672,11.31234527259166,11.31234527259166,1471300
2003-11-17,11.81999683380127,12.032150415612456,11.520708112907228,11.543438673167698,3866400
2003-11-18,11.744231224060059,11.838942766189575,11.687404443300693,11.82000074680036,1608500
2003-11-19,11.622997283935547,11.72528589397572,11.58132398593588,11.668458406670167,1323100
2003-11-20,11.638148307800293,11.721494886305164,11.528283348759372,11.528283348759372,1101000
2003-11-21,11.72528076171875,11.774530410222845,11.592684553696833,11.600261645033218,1335900
2003-11-24,11.876825332641602,11.922286459810879,11.706344299277838,11.80105582390402,1336000
2003-11-25,11.975323677062988,12.00563133166666,11.785900655142177,11.888188537809889,1524400
2003-11-26,12.043513298034668,12.051089667991528,11.914705615080937,11.93743617013415,1470000
2003-11-28,11.998051643371582,12.066244032134417,11.986686004380665,12.039724930413609,926200
2003-12-01,12.051088333129883,12.07381960825654,11.941223393715992,11.990473044641274,1434700
2003-12-02,12.206417083740234,12.217781999886341,11.994262829522976,11.994262829522976,1940700
2003-12-03,12.236726760864258,12.312496257640172,12.16474653377776,12.179900722169533,1423700
2003-12-04,11.95258617401123,12.255662562326235,11.910913622237361,12.236720559028212,1655900
2003-12-05,11.937443733215332,12.085193518556471,11.876828399609133,11.895770420389155,1778500
2003-12-08,12.013202667236328,12.0169912127975,11.880607185551215,11.93364537822526,1303400
2003-12-09,11.89576530456543,12.047303573411261,11.823784355891862,12.03215010782241,1083400
2003-12-10,11.8843994140625,11.903341425147268,11.748014621959676,11.850303216036794,1247500
2003-12-11,11.880611419677734,11.880611419677734,11.804841926633197,11.831361032421354,1175300
2003-12-12,12.009417533874512,12.06624428483655,11.823782372758465,11.861667114263604,1111200
2003-12-15,12.058672904968262,12.142018797692678,12.035942338332816,12.104134760830835,1052700
2003-12-16,11.967742919921875,12.00941620321922,11.793473417344007,11.963954373932001,1860000
2003-12-17,11.929862976074219,12.104132548674198,11.732862840993043,11.778324688546988,3155000
2003-12-18,11.998442649841309,12.040355511840161,11.865084138091216,11.945099535839441,1772900
2003-12-19,11.952718734741211,12.070835927128886,11.838411141394298,12.070835927128886,1257800
2003-12-22,12.097515106201172,12.13561766133364,11.868900502152147,11.868900502152147,1897200
2003-12-23,12.036542892456055,12.11274794943664,12.002250689489319,12.09750664734241,1395200
2003-12-24,11.97939682006836,12.032739956667523,11.96034518075028,11.99844773264071,630000
2003-12-26,11.994636535644531,12.032739084774045,11.945103730498134,11.952724385673173,374000
2003-12-29,12.086077690124512,12.097508668605082,11.96796048614023,12.002252694836539,1084400
2003-12-30,12.288025856018066,12.371851613796533,12.097513827242594,12.116564739421854,1287800
2003-12-31,12.276591300964355,12.364226629098049,12.230867383553882,12.345175723589145,617300
2004-01-02,12.223252296447754,12.41376432261315,12.196579275572502,12.268974775749854,841800
2004-01-05,12.253729820251465,12.341365151803627,12.127991949449733,12.299452285954555,1192300
2004-01-06,12.379472732543945,12.39090298958088,12.230872123606389,12.23468317827969,1690500
2004-01-07,12.299450874328613,12.413759205703471,12.238487109224401,12.379466996989176,1334200
2004-01-08,12.307075500488281,12.432814124204082,12.272783280701361,12.280403935486374,1746300
2004-01-09,12.23087215423584,12.326128172426124,12.192770328356321,12.310888314169208,974500
2004-01-12,12.204197883605957,12.249921808728613,12.150854757787359,12.192767629070877,1321300
2004-01-13,11.92605209350586,12.196578811530074,11.796503862502647,12.19276921068793,2189200
2004-01-14,12.028928756713867,12.036549411888606,11.891759870551272,11.926052092091922,1006100
2004-01-15,11.941290855407715,12.040357171311808,11.868896100180585,12.028926190987885,952100
2004-01-16,12.047975540161133,12.105128977451493,11.86889384944052,11.903186057163811,1329800
2004-01-20,12.127995491027832,12.127995491027832,11.884140331413585,12.047980789309044,1146000
2004-01-21,12.120369911193848,12.135611215850169,11.983201803013992,12.067026798387538,1507800
2004-01-22,12.17752742767334,12.204198993007171,11.971774833136896,12.074651493777942,1611500
2004-01-23,11.880331039428711,12.139427532479733,11.83079750159767,12.135617204435363,2296100
2004-01-26,12.37565803527832,12.497585586089649,11.926049646602399,11.926049646602399,1971700
2004-01-27,12.242298126220703,12.3756559077791,12.181333634549917,12.19657421240856,1642300
2004-01-28,12.215627670288086,12.65380431594418,12.173714805596864,12.246108828751105,5396300
2004-01-29,12.246116638183594,12.554746740323715,12.215635460282519,12.234686378157173,3190000
2004-01-30,12.272783279418945,12.425193468120726,12.215630548774238,12.322316808770717,1200900
2004-02-02,12.402328491210938,12.459482661464033,12.20419587542205,12.238488086875721,1520400
2004-02-03,12.630950927734375,12.707154593576492,12.383284653272229,12.425197541580447,2530900
2004-02-04,12.756686210632324,12.897664715317447,12.596656792366758,12.634758619527645,2841800
2004-02-05,12.840508460998535,12.84431806127558,12.68809828707626,12.703339595166716,1822100
2004-02-06,12.6461820602417,12.859555956404641,12.604270654353058,12.840505053093302,2510300
2004-02-09,12.611892700195312,12.66904687652343,12.554739977358278,12.577600485096658,1489700
2004-02-10,12.581416130065918,12.630949670727219,12.554744558977129,12.611897302670986,1142900
2004-02-11,12.642377853393555,12.665239819213044,12.482346999639885,12.562363153262408,1268300
2004-02-12,12.611892700195312,12.64237531516793,12.581411538713777,12.64237531516793,918900
2004-02-13,12.550935745239258,12.646191788564215,12.539505485157662,12.630951926286043,778300
2004-02-17,12.836697578430176,12.897661358113917,12.6499966390511,12.669047547672678,1111500
2004-02-18,12.810027122497559,12.859560651986474,12.691910606743365,12.848130396524141,1036000
2004-02-19,12.66523551940918,12.848126823399996,12.66523551940918,12.848126823399996,889300
2004-02-20,12.649998664855957,12.688100488200838,12.592844476347242,12.669049576528398,1197900
2004-02-23,12.65380859375,12.730013695906209,12.615706769417612,12.649998992713334,1386500
2004-02-24,12.669044494628906,12.707146302690113,12.581409173295484,12.592839425015683,1160200
2004-02-25,12.6271333694458,12.707148049467975,12.61570311615435,12.707148049467975,993500
2004-02-26,12.672860145568848,12.688101457467669,12.58141518115893,12.642378975262709,850100
2004-02-27,12.874796867370605,12.924328923769673,12.611889467832388,12.634751423202449,1528300
2004-03-01,13.038639068603516,13.137704648731642,12.844316054538199,12.844316054538199,1339400
2004-03-02,12.954816818237305,13.221533925781628,12.947196163337033,13.08436504455933,1348200
2004-03-03,12.817648887634277,12.954817779029687,12.802407576703361,12.954817779029687,1088200
2004-03-04,12.771924018859863,12.890041976238889,12.73382074866124,12.802405181527623,1133200
2004-03-05,13.000540733337402,13.015782044825196,12.76049661811625,12.771926874986361,1026400
2004-03-08,13.034834861755371,13.194865748773884,12.893856343625774,12.954820144991952,1063000
2004-03-09,13.145331382751465,13.221536493059935,12.954819333726082,12.992921162134524,1048800
2004-03-10,13.011969566345215,13.22153246574133,12.98148695011029,13.175809994880083,1419400
2004-03-11,12.63275146484375,12.96599829424727,12.59444776902903,12.93535562983396,1695500
2004-03-12,12.563809394836426,12.736179027294044,12.448896793595683,12.70936613571097,1789300
2004-03-15,12.456558227539062,12.544657940018931,12.410593477808925,12.525506082730795,1248600
2004-03-16,12.410595893859863,12.594456389766775,12.372290710633424,12.456560652538258,1737100
2004-03-17,12.594449996948242,12.594449996948242,12.372284430583939,12.402928561610432,689400
2004-03-18,12.536991119384766,12.628922037614473,12.483365359247593,12.628922037614473,645200
2004-03-19,12.43740177154541,12.632752981562547,12.395266824374996,12.621262163676981,969600
2004-03-22,12.299509048461914,12.46038638203677,12.226730685228222,12.37228668109918,1327100
2004-03-23,12.318659782409668,12.422081542237605,12.30716896282636,12.330150601992974,1150800
2004-03-24,12.11181354522705,12.383774310616904,12.104152513954963,12.364621001840533,1651100
2004-03-25,12.065853118896484,12.150122306235955,11.977753414323882,12.11564838173425,2708800
2004-03-26,12.035204887390137,12.111813740151621,11.912631307448693,12.069678798073188,1615800
2004-03-29,12.203751564025879,12.234394978192434,12.016060560931148,12.065855834978068,1002200
2004-03-30,12.146286964416504,12.16543954297462,11.828361466313476,11.828361466313476,1829200
2004-03-31,12.261205673217773,12.330153529472973,12.065854387956758,12.157784619431512,1126600
2004-04-01,12.238225936889648,12.31483484036243,12.180768893986738,12.27652965802939,677600
2004-04-02,12.203751564025879,12.318664184501307,12.111821321526213,12.314834397002532,1456100
2004-04-05,12.333986282348633,12.35313814226854,12.104160310326638,12.150125066373061,963000
2004-04-06,12.180768013000488,12.345476632136599,12.012229606504718,12.345476632136599,2190300
2004-04-07,12.065853118896484,12.288018734839241,12.065853118896484,12.238222741405018,1486400
2004-04-08,12.046700477600098,12.161613064713153,12.027547892683648,12.161613064713153,1214700
2004-04-12,11.904975891113281,12.104158417761957,11.866671446665997,12.077345525827809,1528400
2004-04-13,11.813045501708984,12.00073647328507,11.793893645044761,12.00073647328507,1631900
2004-04-14,11.870495796203613,11.920291767289811,11.736430675597253,11.855174464743644,1568400
2004-04-15,11.985411643981934,12.039037411503408,11.809211545474357,11.908802778440155,1266400
2004-04-16,12.012228012084961,12.104158239043182,11.958601498411957,11.985415120546708,1224400
2004-04-19,12.023714065551758,12.134796835696662,11.981579851528009,11.981579851528009,952600
2004-04-20,11.977757453918457,12.019891696500075,11.855183783505197,11.8666746084835,1707300
2004-04-21,12.295677185058594,12.364625027764497,12.012226241661244,12.027547578597893,2163600
2004-04-22,12.621264457702637,12.682551266219242,12.303338133952709,12.333982268807398,2222500
2004-04-23,12.674894332885742,12.69787744146189,12.487202599163657,12.57147253608295,1461100
2004-04-26,12.556145668029785,12.736176296799284,12.525502996158435,12.628924753460531,1434300
2004-04-27,12.663399696350098,12.828108271903655,12.563807717033022,12.64041659469397,2099900
2004-04-28,12.60211181640625,12.640415521387927,12.54465479774105,12.628924702131961,1818700
2004-04-29,12.60594654083252,12.74001102198111,12.563811572130604,12.602116753311098,1239900
2004-04-30,12.60594654083252,12.640420473298336,12.556150535894506,12.625098400826138,1177500
2004-05-03,12.671060562133789,12.690212415996745,12.571468584137959,12.609772291863871,1391400
2004-05-04,12.586790084838867,12.674889777594982,12.559977198399734,12.671059991471987,1511600
2004-05-05,12.498688697814941,12.579127346228429,12.475705600614292,12.563805281427996,1157800
2004-05-06,12.468043327331543,12.487195175829735,12.345469743512266,12.402926750199217,1071400
2004-05-07,12.288022994995117,12.410596666564704,12.272700920750564,12.372291480953319,925000
2004-05-10,12.104156494140625,12.28035661835739,12.069682572676397,12.249712483192392,1299700
2004-05-11,12.10032844543457,12.19225867789204,12.02755007076537,12.11948030322284,1418600
2004-05-12,11.939449310302734,12.100327385662402,11.72111493601386,12.100327385662402,3412600
2004-05-13,11.72111701965332,11.874334087567123,11.717286501630898,11.855182228051625,2410600
2004-05-14,11.866662979125977,11.912628425783057,11.732597884521816,11.747919943606172,1645700
2004-05-17,11.839858055114746,11.885823532631145,11.76324916945291,11.855180124485706,1232000
2004-05-18,11.724939346313477,11.85517394570392,11.67897389275375,11.81686952283683,1476700
2004-05-19,11.675146102905273,11.79388991457294,11.66365528477995,11.79005939833241,1473100
2004-05-20,11.472135543823242,11.636843382816156,11.36871378190489,11.606199978980687,3079900
2004-05-21,11.460647583007812,11.663660653626385,11.426173651570762,11.594712790752281,3509600
2004-05-24,11.472135543823242,11.502778947658712,11.403187702544342,11.491287397246769,1904400
2004-05-25,11.445323944091797,11.491289423247249,11.368715786294718,11.472137566447106,1885800
2004-05-26,11.495119094848633,11.506610646441008,11.41467969489492,11.452984136273047,2392300
2004-05-27,11.50278091430664,11.54108462770254,11.472137505232022,11.533424323381261,1726800
2004-05-28,11.437660217285156,11.529590417491654,11.422338151952596,11.521929384825373,1630400
2004-06-01,11.452981948852539,11.483625349983127,11.395525663057228,11.445320915920814,1618400
2004-06-02,11.510440826416016,11.548745269103213,11.468306596996928,11.49895000502739,1103500
2004-06-03,11.755590438842773,11.801555191915046,11.502782105155537,11.510442410269864,2573200
2004-06-04,11.594709396362305,11.855178699590502,11.54874392437058,11.793891890665796,2019400
2004-06-07,11.736434936523438,11.736434936523438,11.537253171653871,11.590878947126862,1085400
2004-06-08,11.705791473388672,11.732604360991184,11.67897858578616,11.698131170213948,653700
2004-06-09,11.686639785766602,11.770908966658187,11.667487201066422,11.701961122930344,982400
2004-06-10,11.866662979125977,11.924119239500335,11.636837207032556,11.636837207032556,2377700
2004-06-14,11.767080307006836,11.87433260646709,11.736436897246266,11.87433260646709,1417100
2004-06-15,11.774739265441895,11.836026074154175,11.747926377954819,11.790061332918158,1275400
2004-06-16,11.79006576538086,11.816878662948215,11.721117897009568,11.809217626329923,944900
2004-06-17,11.820707321166992,11.836028661395966,11.682811606123492,11.73643739281972,1096100
2004-06-18,11.950942993164062,11.970094852689721,11.759421475521027,11.816877784694615,2247400
2004-06-21,11.81687068939209,11.970087665389846,11.81687068939209,11.970087665389846,1250300
2004-06-22,11.85134506225586,11.912631855043788,11.744092809578884,11.847514546382088,1255000
2004-06-23,11.859054565429688,11.874465559905728,11.635589633989339,11.832084039071137,2149100
2004-06-24,11.847497940063477,11.886026535623417,11.770440748943598,11.85905673919301,1839100
2004-06-25,11.812816619873047,11.905284764006769,11.758877052846248,11.79740562995317,1360100
2004-06-28,11.943814277648926,12.07481100916125,11.762730906380261,11.805111683136689,1674100
2004-06-29,12.0208740234375,12.051696747195168,11.909141190521142,11.955375643593493,2643700
2004-06-30,12.205811500549316,12.213517365922941,11.990052414190208,12.013169275439312,1754100
2004-07-01,12.013166427612305,12.17883881951229,11.96693198120261,12.174985887738849,1994300
2004-07-02,11.951519966125488,12.020871262368898,11.909138455116398,11.951519966125488,820200
2004-07-06,12.155722618103027,12.174987279171917,11.889876909197461,11.89372984141124,1831700
2004-07-07,12.067106246948242,12.163427338619123,12.028577663305569,12.105634830590917,835100
2004-07-08,12.163436889648438,12.217376508179928,12.059409852590118,12.08638039672805,1233800
2004-07-09,12.082525253295898,12.213522075675156,12.082525253295898,12.15572879795862,1127300
2004-07-12,12.082525253295898,12.128758993622665,11.959234299261785,12.082525253295898,638100
2004-07-13,11.974639892578125,12.059402201474564,11.866759989087612,12.059402201474564,1089200
2004-07-14,12.043989181518555,12.082517764492023,11.905286576762707,11.936109296167162,958800
2004-07-15,11.793558120727539,12.05940388175515,11.566240219648167,12.05940388175515,2868200
2004-07-16,11.674114227294922,11.82822853824484,11.616321728124452,11.770435304202872,1079800
2004-07-19,11.993905067443848,12.059403455863258,11.558533945506687,11.604768404632305,2746200
2004-07-20,12.25203800201416,12.440827918041242,11.905282348159295,11.93610505661592,3270700
2004-07-21,12.13260269165039,12.309833854308309,12.051693340236108,12.305980923068843,1642100
2004-07-22,11.997756004333496,12.101782968906388,11.924552497297762,12.063254381856613,1460100
2004-07-23,11.755030632019043,11.986201487820056,11.755030632019043,11.970789754493106,1092200
2004-07-26,11.758874893188477,11.905282577459477,11.693376544597708,11.886018659879808,1419500
2004-07-27,11.789700508117676,11.86675693230027,11.71649628050341,11.789700508117676,1132400
2004-07-28,11.68952751159668,11.766584677350242,11.654851860494736,11.731909026248298,1102700
2004-07-29,11.758874893188477,11.80125565883802,11.697229475087912,11.758874893188477,1793300
2004-07-30,11.770439147949219,11.778145012987437,11.577796931224213,11.712646629906065,1822100
2004-08-02,11.651001930236816,11.762734775876801,11.631738001271474,11.693383455806712,2251100
2004-08-03,11.616321563720703,11.704936776852703,11.577792986528513,11.701084580517822,1869500
2004-08-04,11.577795028686523,11.627882408332518,11.55082524035635,11.616323612674607,2175700
2004-08-05,11.496891021728516,11.674121561850292,11.496891021728516,11.674121561850292,1081700
2004-08-06,11.435242652893066,11.516152035074287,11.423683854779275,11.477624177771862,2673900
2004-08-09,11.423681259155273,11.458356910746069,11.412123198539412,11.442945918301053,1411900
2004-08-10,11.38901138305664,11.43909878736393,11.350482780098414,11.350482780098414,1880700
2004-08-11,11.454509735107422,11.454509735107422,11.346630529165362,11.365894463120165,1852800
2004-08-12,11.466063499450684,11.543119936291577,11.415976117376033,11.44294664188558,2064500
2004-08-13,11.504592895507812,11.539268551733295,11.462211374594066,11.512298025324373,1281500
2004-08-16,11.72420883178711,11.751178632380274,11.485332090342606,11.523860691849391,1394900
2004-08-17,11.74346923828125,11.847496210646385,11.697235518255678,11.820526418152845,803200
2004-08-18,11.820525169372559,11.832083230722036,11.751173861789093,11.770437787285989,568900
2004-08-19,11.87832260131836,11.882175534988143,11.762737530712684,11.782001464189644,919100
2004-08-20,12.094069480895996,12.094069480895996,11.886016417770358,11.897574472189374,2157700
2004-08-23,12.040138244628906,12.128753485740162,12.036285312206019,12.128753485740162,1150000
2004-08-24,12.055546760559082,12.132603183860013,12.03242917218443,12.09792753616956,654000
2004-08-25,12.082525253295898,12.13646486196781,11.978498235252596,11.978498235252596,1038800
2004-08-26,12.155722618103027,12.16728141474436,12.005461936124084,12.043990523390184,798600
2004-08-27,12.121047973632812,12.221222014927926,12.070961320421125,12.178841226786266,861100
2004-08-30,12.017021179199219,12.09793055407931,11.963080861074117,12.09793055407931,811800
2004-08-31,12.051697731018066,12.067108726719104,11.990052278470396,12.063255794075905,535600
2004-09-01,12.059401512145996,12.186545335658836,12.009314863131953,12.09022423497118,666900
2004-09-02,12.140311241149902,12.174986895108372,12.013167421592737,12.028578415090024,735500
2004-09-03,12.136458396911621,12.1711340511211,12.051696094883813,12.097929810582013,515900
2004-09-07,12.25203800201416,12.263596793262145,12.159569876644285,12.205804306764891,714700
2004-09-08,12.117197036743164,12.201959356717602,12.05940377757642,12.15572489635857,992200
2004-09-09,12.167280197143555,12.21351464421045,12.10948768946364,12.10948768946364,1655500
2004-09-10,12.173091888427734,12.211872196047308,12.0606298099711,12.173091888427734,894800
2004-09-13,12.332093238830566,12.429043659700847,12.173094607777147,12.173094607777147,2078400
2004-09-14,12.339855194091797,12.425172077562465,12.27392884762508,12.27392884762508,1494400
2004-09-15,12.382514953613281,12.436806983655558,12.324344815757494,12.36312441454573,878100
2004-09-16,12.444563865661621,12.444563865661621,12.332100952067982,12.363125076563906,902500
2004-09-17,12.61131477355957,12.622948354224086,12.42129123974249,12.42129123974249,2747800
2004-09-20,12.564780235290527,12.611316041975517,12.35536688618814,12.611316041975517,2450000
2004-09-21,12.409652709960938,12.599676167994403,12.262288409486246,12.591919957529171,2413800
2004-09-22,12.176973342895508,12.429044302255152,12.083901022809163,12.40965451294789,2270700
2004-09-23,12.173091888427734,12.204115986588825,12.130434215751764,12.169213783698492,1317900
2004-09-24,12.20024585723877,12.235148082944912,12.107173501913502,12.235148082944912,1178500
2004-09-27,12.254539489746094,12.281685502851731,12.091662671438879,12.161467127809598,1267200
2004-09-28,12.390265464782715,12.409655255249806,12.215754391886527,12.215754391886527,1143300
2004-09-29,12.370878219604492,12.370878219604492,12.208001421542123,12.324342414257124,1244300
2004-09-30,12.301074028015137,12.367000370024218,12.242903900283196,12.332098145450392,1449300
2004-10-01,12.289436340332031,12.335972131100503,12.25841223326203,12.312704235716268,1987000
2004-10-04,12.293318748474121,12.359245091529282,12.192490180291328,12.289440641274016,2662000
2004-10-05,12.176973342895508,12.293314297758224,12.080022917013101,12.293314297758224,1963400
2004-10-06,12.398024559020996,12.413536247991505,12.118807500492052,12.14983161810638,1668800
2004-10-07,12.246780395507812,12.378633062171605,12.235146075623405,12.332096522307182,771800
2004-10-08,12.142078399658203,12.293321657559174,12.087786365355722,12.262297532290114,1406000
2004-10-11,12.103294372558594,12.19248935276053,12.076148363673632,12.19248935276053,650400
2004-10-12,12.08778190612793,12.12656223332642,12.01797746510529,12.041245365555097,607300
2004-10-13,12.145949363708496,12.145949363708496,12.045120830971529,12.083901149666218,1009800
2004-10-14,12.242908477783203,12.266176389640956,12.099422158374546,12.107177635878077,1367500
2004-10-15,12.463953018188477,12.47170923382764,12.20800381948359,12.242906050186386,1828900
2004-10-18,12.537632942199707,12.537632942199707,12.281683072922265,12.502730720919748,1748100
2004-10-19,12.580288887023926,12.677239329530003,12.448436226041807,12.537631934972188,2105300
2004-10-20,12.76255989074707,12.778072321086464,12.491098277194801,12.491098277194801,2313600
2004-10-21,12.696634292602539,12.781949700854785,12.564781593288943,12.762559902585945,1735900
2004-10-22,12.622946739196777,12.71989717725412,12.619069372586848,12.692751172945767,1534400
2004-10-25,12.545387268066406,12.665606355083654,12.436803240661423,12.642337715205548,1126500
2004-10-26,12.727653503417969,12.73928708269787,12.487216829106757,12.5492650508434,1243700
2004-10-27,12.894410133361816,12.90216634705384,12.681119434543929,12.688875648235951,1291400
2004-10-28,12.93319034576416,12.999117425650327,12.832362521601667,12.855631163799119,1501400
2004-10-29,12.917679786682129,12.991361603510393,12.86726513340668,12.875021347706488,1086400
2004-11-01,13.061166763305664,13.080556560436559,12.847876036172424,12.898289212843412,1891400
2004-11-02,12.971969604492188,13.142601852070818,12.964213391509565,13.061163834772815,1727200
2004-11-03,12.964214324951172,13.096066996456624,12.898287249525211,13.010750126851194,2101700
2004-11-04,13.386916160583496,13.398549739321668,12.944822416378239,13.002991789415324,4327300
2004-11-05,13.472236633300781,13.530406021955276,13.301602876149026,13.301602876149026,2069500
2004-11-08,13.371407508850098,13.491626614001177,13.359773926829448,13.417943316279342,1496100
2004-11-09,13.328750610351562,13.410190131953934,13.262824998815205,13.29384838090678,1427000
2004-11-10,13.514894485473633,13.52652954744996,13.282213956801206,13.301603754299453,3223500
2004-11-11,13.573065757751465,13.607967986016696,13.483871503150711,13.534286161610883,1510800
2004-11-12,13.526530265808105,13.569188710177762,13.452846960316226,13.534286481088662,2879700
2004-11-15,13.448968887329102,13.611844961642102,13.41794402783326,13.526529556721984,2059700
2004-11-16,13.410181045532227,13.445081771982286,13.317108003627961,13.410181045532227,1118800
2004-11-17,13.479990005493164,13.51489222689592,13.367528607058924,13.429576836291995,2353900
2004-11-18,13.445087432861328,13.650623388795626,13.402430478346941,13.441210065849635,3366700
2004-11-19,13.200775146484375,13.383041007508021,12.995239162871089,13.379163639974172,3938100
2004-11-22,13.410181045532227,13.441204406603106,13.21240138624034,13.243426226657034,1882500
2004-11-23,13.487749099731445,13.54979734221656,13.320994170675172,13.320994170675172,1438700
2004-11-24,13.394672393798828,13.534281256260064,13.359770178183519,13.452841766926856,1485100
2004-11-26,13.49937629699707,13.553668292620612,13.363644828592289,13.363644828592289,471300
2004-11-29,13.476112365722656,13.55755038756589,13.429576564576013,13.47998973275719,1094500
2004-11-30,13.26282024383545,13.49162333719936,13.189136964009569,13.49162333719936,2375000
2004-12-01,13.410181045532227,13.47998397777816,13.270572222348735,13.352010209423833,1829800
2004-12-02,13.487749099731445,13.565309772674537,13.379165045219189,13.495505314960432,1786900
2004-12-03,13.286090850830078,13.650625539924793,13.286090850830078,13.487747992184318,3029400
2004-12-06,13.460598945617676,13.487744950895618,13.119334456596029,13.332625132071142,1300400
2004-12-07,13.38304328918457,13.456726599009711,13.324873890179704,13.410190783936441,981300
2004-12-08,13.301603317260742,13.44896843622969,13.247311294310782,13.324871961102158,1189400
2004-12-09,13.398558616638184,13.4412170727368,13.239559858037017,13.313243183788158,1066300
2004-12-10,13.584693908691406,13.786350982549878,13.328744830206839,13.414061682817087,947100
2004-12-13,13.619601249694824,13.646747262226182,13.545919427016388,13.56530922463211,2082800
2004-12-14,13.759210586547852,13.759210586547852,13.557553430522402,13.689406129487244,2043600
2004-12-15,13.933720588684082,13.984135243400555,13.650625415709007,13.728186081577427,2596000
2004-12-16,13.925955772399902,13.984126605707013,13.739811176901192,13.875541148823457,1412300
2004-12-17,13.925955772399902,13.953101766784355,13.805736740593222,13.829005369785214,2928000
2004-12-20,13.885005950927734,13.947410415216677,13.779699626309975,13.927909299096342,1293300
2004-12-21,13.768001556396484,13.920112386983588,13.717297450254051,13.787502677885051,1423000
2004-12-22,13.670494079589844,13.779703034990314,13.643192212699764,13.70949780931864,1679000
2004-12-23,13.744595527648926,13.822599983648503,13.662688468305966,13.72899404131316,1333900
2004-12-27,13.63538932800293,13.795300875208001,13.631489699561797,13.666592306891687,766800
2004-12-28,13.939614295959473,13.939614295959473,13.643191908001363,13.66659414531599,1232900
2004-12-29,13.865508079528809,13.924012929420547,13.795302854794778,13.873308825370383,1132900
2004-12-30,13.85380744934082,13.912310810314118,13.814803720851843,13.82650558331859,1241100
2004-12-31,13.888904571533203,13.963009394612492,13.83430086107062,13.916206426764495,854800
2005-01-03,13.604190826416016,13.904512868935115,13.600289709277707,13.904512868935115,1174300
2005-01-04,13.549588203430176,13.748502046474078,13.545687085971062,13.631493815987055,1183200
2005-01-05,13.440372467041016,13.588583611238159,13.440372467041016,13.471575439646571,881900
2005-01-06,13.448176383972168,13.514481972487332,13.40917414685029,13.42867526541123,847600
2005-01-07,13.440372467041016,13.494976181261114,13.377968009669528,13.452074325687912,891000
2005-01-10,13.428678512573242,13.526185616795912,13.358473278505693,13.452080753209204,1650200
2005-01-11,13.354567527770996,13.444273843997117,13.319464926826893,13.432571985122646,1510800
2005-01-12,13.350668907165527,13.377970769908693,13.264862202635616,13.315566299661466,1140000
2005-01-13,13.319469451904297,13.413075427663276,13.280465722137922,13.280465722137922,972000
2005-01-14,13.350668907165527,13.377970769908693,13.280463692157406,13.311666671200985,1094500
2005-01-18,13.428678512573242,13.428678512573242,13.299968420835958,13.299968420835958,943300
2005-01-19,13.389677047729492,13.459880798055304,13.362373688140025,13.45598116830848,1251100
2005-01-20,13.30776596069336,13.389673039260376,13.268763723539525,13.31166707711273,1115700
2005-01-21,13.249265670776367,13.397475396527911,13.237563806650483,13.397475396527911,1019200
2005-01-24,13.02694320678711,13.221957317739973,13.02694320678711,13.186854718254873,1586100
2005-01-25,12.882634162902832,13.104950172977567,12.882634162902832,13.030845332232614,2064400
2005-01-26,12.956742286682129,13.085450868739457,12.558913190417513,12.558913190417513,2008800
2005-01-27,13.0464506149292,13.097154724835605,12.882637909016314,12.890438655758862,1766700
2005-01-28,12.972341537475586,13.073749735968224,12.964542280213072,13.050347500660694,1436600
2005-01-31,13.253169059753418,13.264869439358,12.987949544550757,13.011351791600665,2026100
2005-02-01,13.14395523071289,13.237561198233298,13.132253368892817,13.143955230712889,1122200
2005-02-02,13.260963439941406,13.260963439941406,13.12835374602839,13.143955236568752,760400
2005-02-03,13.260963439941406,13.272663813926663,13.210259339605246,13.221961201430531,619900
2005-02-04,13.253169059753418,13.377978068338113,13.143961549201997,13.221967551527616,3085800
2005-02-07,13.0464506149292,13.319470799557136,13.04254949763777,13.233664073229418,1617500
2005-02-08,13.151755332946777,13.19855831441863,12.917737449907609,13.085449745341696,1600500
2005-02-09,13.0464506149292,13.143957717450583,12.933342018922719,13.089353978093056,1556500
2005-02-10,13.073747634887695,13.140051725843316,12.90993498974128,12.97624056853666,1195700
2005-02-11,13.058147430419922,13.085449292653998,12.964541470714494,13.02694593979808,1607000
2005-02-14,13.132255554199219,13.20246078544222,12.976245086423877,13.026949195174995,1716900
2005-02-15,13.10885238647461,13.26096319685472,13.019146049271981,13.12445387672898,1615400
2005-02-16,13.1673583984375,13.229762884199184,13.089353907115623,13.12445652334659,1534300
2005-02-17,13.112751007080078,13.20635845357026,13.054247654883614,13.14785361353391,1028100
2005-02-18,13.0464506149292,13.12055547722294,12.980145011537697,13.112754730480392,1304200
2005-02-22,12.882634162902832,13.089350171869071,12.878734534585677,12.995742726018715,1325300
2005-02-23,12.925535202026367,12.984040031199994,12.820227402217606,12.870931488312108,1822200
2005-02-24,13.073747634887695,13.097149866434258,12.824129783083405,12.863132014487915,1412200
2005-02-25,13.2063627243042,13.2063627243042,12.960644399665856,13.015248141176517,1460700
2005-02-28,13.0464506149292,13.186861080614442,12.960643888601481,13.186861080614442,1706000
2005-03-01,13.062047004699707,13.143952581733148,13.019143658299411,13.034743657848832,2293900
2005-03-02,13.085451126098633,13.159557466408605,12.964543287218342,13.023046648271354,1300000
2005-03-03,13.155659675598145,13.182961548559929,13.011349563108649,13.101055929674578,1437700
2005-03-04,13.14395523071289,13.241462314786665,13.081550756419276,13.167355978672978,1334900
2005-03-07,13.034746170043945,13.136154369778154,12.991844303214872,13.124453995901137,1358800
2005-03-08,12.987945556640625,13.07375228163618,12.945042194142847,12.987945556640625,1191500
2005-03-09,12.859234809875488,12.952840778022768,12.855333693295997,12.929440029905967,2606600
2005-03-10,12.987945556640625,13.046450412381283,12.851436210366138,12.851436210366138,1589700
2005-03-11,13.068398475646973,13.103718532218585,12.978136441532103,12.98990929470377,1643700
2005-03-14,13.025229454040527,13.076247646614618,12.974212758523056,13.04877665762625,1077900
2005-03-15,12.923186302185059,13.029146404979432,12.87609342218389,13.029146404979432,996600
2005-03-16,12.868244171142578,12.978128055223467,12.836847920230529,12.923186113183021,1147000
2005-03-17,12.77405834197998,12.860396544574122,12.762285495101073,12.860396544574122,732200
2005-03-18,12.746588706970215,12.805455941660599,12.734815858854525,12.75443777139933,1539000
2005-03-21,12.613158226013184,12.738740268942337,12.573914398993837,12.72696742024774,1815100
2005-03-22,12.636710166931152,12.81331044896309,12.526825463830356,12.558220986355112,1679400
2005-03-23,12.577845573425293,12.668107626251238,12.499357124739955,12.550374578959001,2014300
2005-03-24,12.4287109375,12.617084769268256,12.416937339099455,12.581764722594714,1510700
2005-03-28,12.59746265411377,12.605311720522486,12.460107734602111,12.460107734602111,1783100
2005-03-29,12.648481369018555,12.77013965788397,12.299206132956138,12.58961561406283,1406700
2005-03-30,12.856471061706543,12.864320125187433,12.628854208983903,12.628854208983903,1520200
2005-03-31,12.97028636932373,12.978135436515887,12.801535167333611,12.821157086785755,1599800
2005-04-01,12.864319801330566,12.989901819751715,12.80545407228951,12.911414181030308,1544100
2005-04-04,12.887868881225586,12.91533985821793,12.711268674091965,12.832926927240896,1443500
2005-04-05,12.958513259887695,12.997757098013144,12.805460195319396,12.829005899372081,1489100
2005-04-06,12.887868881225586,12.98597994107138,12.840775991675276,12.93888705152107,1058900
2005-04-07,12.85255241394043,12.907494383203824,12.80938329607451,12.872174331955016,1158300
2005-04-08,12.821158409118652,12.985985843040709,12.793687419641083,12.817234623646133,834700
2005-04-11,12.907492637634277,12.934963618550883,12.770137733051241,12.832928760440083,952500
2005-04-12,12.903565406799316,12.958507353957355,12.766209041848443,12.82115098900648,944800
2005-04-13,12.726967811584473,12.946737141996115,12.699496832415027,12.92318994682684,1470600
2005-04-14,12.738744735717773,12.81723391433433,12.660255557101214,12.668104624668526,1654900
2005-04-15,12.538596153259277,12.754440226918963,12.49542703911609,12.672027280130834,1882500
2005-04-18,12.34237289428711,12.613158908302848,12.31097738185653,12.569989798012777,1734800
2005-04-19,12.369844436645508,12.440484529958853,12.307053408928777,12.432635464362239,1411200
2005-04-20,12.263883590698242,12.460105728149413,12.220714480930008,12.361994659423829,2297300
2005-04-21,12.263883590698242,12.432634748670738,12.244261676364346,12.283505505032139,1927900
2005-04-22,11.883214950561523,12.358072245301042,11.816499382450464,12.275659292737593,4453300
2005-04-25,12.248186111450195,12.28743069073205,11.961701955190405,11.961701955190405,2269000
2005-04-26,12.212872505187988,12.377699216165466,12.067667718732032,12.24819181962104,2172000
2005-04-27,12.440481185913086,12.526818638683752,12.169694483843056,12.212863584492336,2383000
2005-04-28,12.644554138183594,12.734816135495251,12.342371887850135,12.440482949761414,2724700
2005-04-29,12.71911907196045,12.750515332989456,12.5189723990689,12.648478981701308,1862700
2005-05-02,12.6798734664917,12.762286394563983,12.672024402333971,12.707344442515794,1227500
2005-05-03,12.872173309326172,12.93496434021825,12.675951150656395,12.675951150656395,1378700
2005-05-04,12.95458698272705,13.009530447761213,12.83685398033797,12.872174030760329,1505300
2005-05-05,12.809381484985352,12.923190689257666,12.738741392475374,12.911417839524727,1152900
2005-05-06,12.825080871582031,12.872173772180378,12.754440772156352,12.754440772156352,746600
2005-05-09,12.793682098388672,12.868247464862506,12.777985465970623,12.785834530707659,911500
2005-05-10,12.7701416015625,12.860403637211398,12.715199623085487,12.715199623085487,1124800
2005-05-11,12.903565406799316,12.911414470258434,12.785832449024126,12.832925332723045,1823500
2005-05-12,12.84862995147705,12.954588619071833,12.836855601811434,12.86432658927031,1184800
2005-05-13,12.746588706970215,12.852548831179325,12.723041513682869,12.813305006089713,920400
2005-05-16,12.872173309326172,12.931040555749611,12.699498348637023,12.730893115554931,1113600
2005-05-17,12.821158409118652,12.876101885130435,12.762292644690996,12.781914566166881,842100
2005-05-18,12.85255241394043,12.89572153180635,12.797610444677034,12.821156147471983,1328200
2005-05-19,12.864319801330566,12.90748890086079,12.7936797288367,12.828999765083633,947400
2005-05-20,12.825080871582031,12.891795689341663,12.797609888144969,12.8643247059046,736800
2005-05-23,12.89571762084961,12.907490468676666,12.793681282828679,12.829001323365782,865100
2005-05-24,12.85255241394043,12.89572153180635,12.825081429308732,12.825081429308732,875300
2005-05-25,12.825080871582031,12.872173772180378,12.793684606478921,12.83292993785781,778600
2005-05-26,12.856471061706543,12.92711113597876,12.829000088051325,12.832925368319662,1026300
2005-05-27,12.856471061706543,12.90748922580443,12.781907204221776,12.891791098842653,624300
2005-05-31,12.730892181396484,12.872172364800969,12.711270266380563,12.817230403933925,1531500
2005-06-01,12.864319801330566,12.864319801330566,12.726964936512354,12.734813999795644,885100
2005-06-02,12.84862995147705,12.876100938935926,12.742669786825731,12.872175656695209,695000
2005-06-03,12.703420639038086,12.864322730341128,12.69949685503093,12.848626097256409,658600
2005-06-06,12.656325340270996,12.726965415423019,12.648476276692348,12.664174403849643,828500
2005-06-07,12.589612007141113,12.664175874211724,12.589612007141113,12.644553961514823,1068000
2005-06-08,12.49150276184082,12.597462160090476,12.467956312066246,12.577840243366355,1831000
2005-06-09,12.503278732299805,12.534674254129598,12.420865019666419,12.491505130915526,1277600
2005-06-10,12.479726791381836,12.558215940420665,12.381615729347299,12.49150038829606,1267800
2005-06-13,12.34237289428711,12.515047838391276,12.3070528492367,12.491501391200355,1413400
2005-06-14,12.479726791381836,12.479726791381836,12.283504667312762,12.314900177222695,1317700
2005-06-15,12.361990928649902,12.511119378754387,12.361990928649902,12.495422001730253,1259900
2005-06-16,12.307058334350586,12.397320379251251,12.185400014498324,12.362000318459096,5233300
2005-06-17,12.330594062805176,12.479722496422045,12.310972156562448,12.3148959389888,2515400
2005-06-20,12.569987297058105,12.58568542441409,12.2874277414016,12.346294221930716,2088000
2005-06-21,12.511124610900879,12.597462091959473,12.420862596813057,12.518973676959334,855600
2005-06-22,12.550366401672363,12.605308354807097,12.503273512850582,12.511121828635565,1249600
2005-06-23,12.511124610900879,12.62100929013484,12.460107178577196,12.503276293370561,817700
2005-06-24,12.398555755615234,12.52495059904318,12.386706709901798,12.497301821214904,1358700
2005-06-27,12.4380521774292,12.442002109773517,12.323507152934223,12.36300496963228,1010100
2005-06-28,12.607894897460938,12.615794761771173,12.453851310273944,12.469650285521892,1013500
2005-06-29,12.524947166442871,12.607894230567833,12.481499421779782,12.599994366675459,914300
2005-06-30,12.564444541931152,12.596043241133886,12.505197075097577,12.524945979584631,830100
2005-07-01,12.62369441986084,12.62369441986084,12.536798168799443,12.564446941711136,788200
2005-07-05,12.564444541931152,12.706638311657247,12.363002551999067,12.58419419979062,945200
2005-07-06,12.536797523498535,12.619744591336671,12.517048616256014,12.580246023479107,601300
2005-07-07,12.359053611755371,12.536796015678268,12.359053611755371,12.536796015678268,1293900
2005-07-08,12.430157661437988,12.493355099395815,12.378810025612088,12.378810025612088,864500
2005-07-11,12.418302536010742,12.50519878233845,12.370904104049481,12.434101511082817,1119000
2005-07-12,12.441999435424805,12.477548065510097,12.347203339654827,12.402500873844215,1238000
2005-07-13,12.449905395507812,12.540751604272607,12.37090823365935,12.442005528648414,538100
2005-07-14,12.497300148010254,12.599996132889153,12.453852397256846,12.517049810509615,909800
2005-07-15,12.599997520446777,12.639496096422633,12.449903835785735,12.485452478826739,627200
2005-07-18,12.599997520446777,12.627646297618073,12.544699966104185,12.58419854208004,588500
2005-07-19,12.544694900512695,12.607892295205668,12.505196340486496,12.599992432525953,1059300
2005-07-20,12.1062650680542,12.42225286673296,12.082566227999369,12.323506820903198,3095200
2005-07-21,12.08651351928711,12.244507007418028,12.007516398535461,12.047014958911285,2262100
2005-07-22,12.181312561035156,12.22081113097285,12.043067942939507,12.050967807601557,1484900
2005-07-25,12.090466499328613,12.169462886627185,12.062817726105484,12.153663910516498,1276800
2005-07-26,12.133917808532715,12.189216124575058,12.09441997998177,12.09441997998177,1067300
2005-07-27,12.16945743560791,12.173407366209448,12.05491246165228,12.114159913930864,1464700
2005-07-28,12.157617568969727,12.181316417085295,12.094420138413012,12.11811898652858,1228300
2005-07-29,12.066766738891602,12.256359723216299,12.05491769531494,12.133914081525388,1180300
2005-08-01,12.08651351928711,12.1892094749153,12.007516398535461,12.007516398535461,1351400
2005-08-02,12.129968643188477,12.181317028953035,11.89692857716298,11.908777625129543,1437400
2005-08-03,12.295855522155762,12.339304017134728,12.078614554005801,12.078614554005801,1092600
2005-08-04,12.08651351928711,12.145760983164656,12.0154162612851,12.0154162612851,2225800
2005-08-05,12.1615629196167,12.224760326358256,11.999618717297386,12.066766056131852,2746100
2005-08-08,12.1615629196167,12.208960597986609,12.094415580782233,12.1615629196167,1878600
2005-08-09,12.280059814453125,12.284009747171828,12.149715048226485,12.161564846382591,1929500
2005-08-10,12.276111602783203,12.378807607749023,12.228713156886387,12.347208894942058,1108400
2005-08-11,12.264259338378906,12.343256481207671,12.205011857943628,12.24451042935801,997800
2005-08-12,12.287959098815918,12.311657940634825,12.185263113103861,12.20501202239085,814200
2005-08-15,12.315603256225586,12.343252020211288,12.224757102166187,12.25240586615189,652600
2005-08-16,12.31955623626709,12.359054803181804,12.232659238380217,12.264257941237489,896300
2005-08-17,12.2445068359375,12.276105533121154,12.165509716292181,12.256356629896008,1315200
2005-08-18,12.303753852844238,12.35905213593976,12.181308999869044,12.19710797120181,1329200
2005-08-19,12.25240707397461,12.327453511227384,12.20500865006072,12.327453511227384,1305600
2005-08-22,12.284006118774414,12.323504680921888,12.228707830418989,12.228707830418989,1043600
2005-08-23,12.232657432556152,12.370902019663294,12.232657432556152,12.264256130748723,1136500
2005-08-24,12.299808502197266,12.299808502197266,12.205012378780966,12.216862176722735,1147500
2005-08-25,12.260310173034668,12.31560772105332,12.22081160157595,12.299807991120797,1079500
2005-08-26,12.284006118774414,12.31560481781791,12.208958926031459,12.232657761970977,3406600
2005-08-29,12.386707305908203,12.386707305908203,12.232662923867194,12.232662923867194,1502500
2005-08-30,12.335359573364258,12.398557001428339,12.299810925906616,12.378808087673102,1242900
2005-08-31,12.2445068359375,12.343252858807963,12.22080800139285,12.307704230304807,2170400
2005-09-01,12.232657432556152,12.295854828941293,12.205008665809203,12.208958597254822,1987700
2005-09-02,12.252558708190918,12.39183693892924,12.240620248837876,12.252558708190918,1297000
2005-09-06,12.200822830200195,12.260513592737494,12.184905647727888,12.252555381005953,1843500
2005-09-07,12.14511489868164,12.192867218262252,12.073485660301289,12.180929517871817,2968000
2005-09-08,12.200822830200195,12.292348716691334,12.109296943709056,12.137152582292513,1731800
2005-09-09,12.19286823272705,12.256538503471617,12.161033097354768,12.204806693120219,1158100
2005-09-12,12.312250137329102,12.332146811625776,12.157053193579051,12.157053193579051,1699400
2005-09-13,12.232658386230469,12.348061189020115,12.220719929697635,12.312246578430862,1121800
2005-09-14,12.208785057067871,12.28439378125182,12.19684659777269,12.216744029931323,1166400
2005-09-15,12.375920295715332,12.375920295715332,12.236641299850104,12.236641299850104,1304800
2005-09-16,12.264492988586426,12.399792454154973,12.256534017903753,12.336122206712036,1449000
2005-09-19,12.244600296020508,12.280414916710301,12.236641322754005,12.256537996910794,1369800
2005-09-20,12.137151718139648,12.236636568288334,12.113275566626532,12.224698113027191,2192000
2005-09-21,11.930227279663086,12.081444730575406,11.918289579176468,12.077465244076718,2107600
2005-09-22,11.723295211791992,11.858594678347067,11.68350187610692,11.830739039763827,2391000
2005-09-23,11.751152992248535,11.755132478087189,11.699420435355345,11.723296591377956,1451300
2005-09-26,11.790947914123535,11.826762532465885,11.743195595673347,11.767071754898442,1884500
2005-09-27,12.017777442932129,12.069509262216657,11.767075044450419,11.767075044450419,2025800
2005-09-28,12.053585052490234,12.121234023312798,11.97399686715552,12.057563778648701,1965600
2005-09-29,12.141135215759277,12.176949834369937,11.985939041119368,12.057567519331265,1421700
2005-09-30,12.172974586486816,12.260521040790518,12.109304299900543,12.145118930981532,1261300
2005-10-03,12.04961109161377,12.25653910213616,12.025734169661177,12.153075476379732,1537100
2005-10-04,11.989914894104004,12.184905886019967,11.977977196768622,12.029708989576838,1317300
2005-10-05,11.970025062561035,12.069509978559385,11.946148895244141,11.989921742156836,1138400
2005-10-06,11.918292045593262,12.03767362922137,11.854621766456992,11.970023862762883,1091100
2005-10-07,11.854618072509766,11.958081674609327,11.834720642098802,11.918288331806124,1270200
2005-10-10,11.814825057983398,11.918289428613866,11.771051466060277,11.874515836690744,828500
2005-10-11,11.802885055541992,11.846658641742204,11.771049927126201,11.838699669885923,896100
2005-10-12,11.731255531311035,11.934204754477342,11.731255531311035,11.74717347462258,985000
2005-10-13,11.763091087341309,11.794926216114531,11.6795241589401,11.747173902459366,1511900
2005-10-14,11.854618072509766,11.894411415312968,11.68350396602229,11.76707089672025,780400
2005-10-17,11.779008865356445,12.12521579101367,11.59595630823122,11.858596306664055,3820700
2005-10-18,11.695446014404297,11.854622480846954,11.691466526842266,11.842684018160861,1737100
2005-10-19,11.297502517700195,11.38504969622169,11.182100453752842,11.381070210015315,6498500
2005-10-20,11.317397117614746,11.393005059593932,11.281582509725997,11.301479176771215,1725000
2005-10-21,11.221890449523926,11.400962709212934,11.154240726794537,11.305457352243641,1997000
2005-10-24,11.301485061645508,11.3293407136174,11.18608296647487,11.18608296647487,2030900
2005-10-25,11.321375846862793,11.373107633131589,11.269643301584853,11.277602271475175,1217900
2005-10-26,11.2099609375,11.341281002963399,11.18608476896385,11.257714033582015,1076200
2005-10-27,11.170162200927734,11.229852977104315,11.154245014818365,11.198017845876178,927900
2005-10-28,11.26964282989502,11.3213753730077,11.182096441793172,11.194034137119859,1656900
2005-10-31,11.261686325073242,11.357192462643898,11.19403658704944,11.269645296372344,2033100
2005-11-01,11.297502517700195,11.341276106960942,11.221894556807213,11.2616879008522,1631200
2005-11-02,11.213936805725098,11.333318368880894,11.170163211696888,11.313421694691417,1392200
2005-11-03,11.221890449523926,11.333312986483547,11.182096361034443,11.285560687503454,1260200
2005-11-04,11.245774269104004,11.361176369522559,11.205980153473265,11.205980153473265,2042700
2005-11-07,11.27363109588623,11.480559911498903,11.202001832096482,11.23383697611307,1757200
2005-11-08,11.428825378417969,11.4367843528168,11.269649685489222,11.273629172688638,2537800
2005-11-09,11.488521575927734,11.52831494600408,11.36913918866905,11.385057143907495,1670400
2005-11-10,11.60789966583252,11.619838128622245,11.440764981824609,11.480559098780711,1424600
2005-11-11,11.659631729125977,11.691466871551201,11.560146814170945,11.58004425256775,1049900
2005-11-14,11.651665687561035,11.707376959637275,11.603912626489146,11.707376959637275,807900
2005-11-15,11.544222831726074,11.691459994203786,11.524325405033666,11.667583841182118,1023100
2005-11-16,11.560140609741211,11.599934706167314,11.520347272324367,11.556161883206935,698400
2005-11-17,11.548206329345703,11.651670707065975,11.532288382461283,11.556165302787912,1385300
2005-11-18,11.651665687561035,11.679521323599154,11.5402423843994,11.584015960464534,968200
2005-11-21,11.691463470458984,11.719319876110976,11.623813717608751,11.627793204130466,1019900
2005-11-22,11.735237121582031,11.775031227987728,11.655649667780082,11.655649667780082,1104300
2005-11-23,11.962063789367676,11.98991943905497,11.7073826962158,11.7073826962158,1624500
2005-11-25,11.98195743560791,12.137153582800085,11.946142823331362,11.96206000711578,752800
2005-11-28,11.846657752990723,12.017771840016898,11.838698781731535,11.98593671398942,1458800
2005-11-29,11.846657752990723,11.914307490675274,11.834719296101941,11.882472364647796,1780400
2005-11-30,11.516369819641113,11.834721129226534,11.508410847149129,11.830741642980541,2712600
2005-12-01,11.794922828674316,11.842675887624392,11.448715997570478,11.516365721661096,2525600
2005-12-02,11.830744743347168,11.842683205213739,11.695445211564403,11.695445211564403,1352400
2005-12-05,11.763091087341309,11.834720316833394,11.695441343822042,11.767070573314129,1501700
2005-12-06,11.711362838745117,11.810847741202675,11.707383351565667,11.747177464350603,1321300
2005-12-07,11.552189826965332,11.735241725634523,11.548210338862557,11.69942709171929,1211600
2005-12-08,11.675546646118164,11.68350561940886,11.540247136214205,11.556165082795598,1206200
2005-12-09,11.627793312072754,11.763092819029222,11.603917151730274,11.659628445532542,830200
2005-12-12,11.751152992248535,11.767070176593837,11.56412095287836,11.607894538094241,1622600
2005-12-13,11.687485694885254,11.77901161531105,11.647691585436363,11.715341343796627,2283900
2005-12-14,11.516369819641113,11.691462660408398,11.516369819641113,11.639730857229289,2330200
2005-12-15,11.40892505645752,11.842679155491691,11.20597582818388,11.520348385414419,6121700
2005-12-16,11.325356483459473,11.532285181463148,11.317398271235696,11.440759289310886,3287500
2005-12-19,11.27363109588623,11.365157040057706,11.241795951869642,11.317404703537678,2559600
2005-12-20,11.178120613098145,11.257708816683216,11.154244455626369,11.22985241412189,2758100
2005-12-21,11.2099609375,11.277610714193855,11.146290648730456,11.150270136654767,3296300
2005-12-22,11.402538299560547,11.438647736017083,11.250076829722047,11.250076829722047,3250300
2005-12-23,11.26612663269043,11.394515418093109,11.23402943633976,11.370442712144488,2002600
2005-12-27,11.193910598754883,11.354396621356479,11.185886106310374,11.254092761573267,1752000
2005-12-28,11.318282127380371,11.394513241120489,11.193905610941405,11.197917855375874,1555400
2005-12-29,11.362411499023438,11.394508676383394,11.28618041582214,11.338338807317738,1386000
2005-12-30,11.302239418029785,11.334336623876471,11.24205725272447,11.334336623876471,1100900
2006-01-03,11.254085540771484,11.326304395919855,11.217976113197299,11.294207211993605,2016300
2006-01-04,11.213971138000488,11.370444904725904,11.173849443511038,11.270141051131114,2301800
2006-01-05,11.169836044311523,11.282176624231894,11.12168986284348,11.258103150869077,2939400
2006-01-06,11.101628303527832,11.221992597420318,11.081567842964924,11.169834940802245,2094600
2006-01-09,11.04144287109375,11.157794885200486,11.033418383153343,11.14977116251737,2622900
2006-01-10,11.025400161743164,11.11767952973499,11.009351941998279,11.057497366490656,2182800
2006-01-11,11.161809921264648,11.185882625850295,11.029408898157374,11.029408898157374,1699400
2006-01-12,11.595122337341309,11.715487389821671,11.314272078735415,11.655304480952752,8209800
2006-01-13,11.514885902404785,11.647286995375639,11.434642491100924,11.635250254102694,2241200
2006-01-17,11.550989151000977,11.595122314759431,11.434636343688975,11.518891191529413,1573000
2006-01-18,11.659319877624512,11.75160000571506,11.522906573759546,11.522906573759546,2147900
2006-01-19,11.663329124450684,11.847888567915028,11.575062030341858,11.715487544123047,2497500
2006-01-20,11.538947105407715,11.695420759527348,11.534934862320402,11.68739627335272,2019700
2006-01-23,11.506855010986328,11.575061643097765,11.434636134014516,11.563024908516644,1536900
2006-01-24,11.490804672241211,11.815789580170305,11.454695238026869,11.51086589416994,1794300
2006-01-25,11.538947105407715,11.554995312499848,11.438643323996233,11.51086216905364,1282900
2006-01-26,11.67135238647461,11.896032725730974,11.591109025540064,11.61518249297487,2329100
2006-01-27,11.751595497131348,11.791716411486748,11.599133267654231,11.695424839570489,1428300
2006-01-30,12.036459922790527,12.056520383225507,11.635244592030842,11.691414493454795,4496200
2006-01-31,11.811779975891113,12.060533061348378,11.450686318295302,12.060533061348378,4353400
2006-02-01,11.735552787780762,11.795734956717821,11.555005515711784,11.735552787780762,2132200
2006-02-02,11.735552787780762,11.775674488824734,11.64728565769026,11.751601774301468,1884100
2006-02-03,11.667342185974121,11.735548825140796,11.595123301532048,11.735548825140796,1703700
2006-02-06,11.542966842651367,11.607161243211722,11.40655355014621,11.514881888063414,1830600
2006-02-07,11.639256477355957,11.699438622057949,11.546977137795736,11.555000862567177,1908300
2006-02-08,11.555000305175781,11.675365354031072,11.446672756040707,11.635243671079309,1748200
2006-02-09,11.651291847229004,11.6954250067021,11.530926806670584,11.534939051214938,2045700
2006-02-10,11.643268585205078,11.675365779685182,11.474758122870169,11.615183635692174,1322700
2006-02-13,11.5870943069458,11.675362138178752,11.514876215833262,11.63524046627807,1031100
2006-02-14,11.691413879394531,11.735547808342485,11.55500061288038,11.57506183751921,1236500
2006-02-15,11.803754806518555,11.855912461677047,11.647281075785582,11.671353780838926,1216300
2006-02-16,11.731532096862793,11.815787684934238,11.65931324001791,11.783690500253984,1596100
2006-02-17,11.855907440185547,12.01639411325475,11.707458262430858,11.707458262430858,1674200
2006-02-21,11.851902961730957,11.900048379880285,11.767647332083197,11.79172004115786,1113000
2006-02-22,11.97226619720459,12.048497328562394,11.811780209023071,11.831840670574177,1768500
2006-02-23,12.104668617248535,12.168863019861604,11.944182610715865,11.9762798120224,1726500
2006-02-24,12.152806282043457,12.253110061465048,12.056513980372475,12.076575195411056,960800
2006-02-27,12.116706848144531,12.196949478672282,12.09664561656929,12.120718329201843,791200
2006-02-28,12.072564125061035,12.092624576791065,11.992320787626555,12.092624576791065,1039500
2006-03-01,11.892021179199219,12.040471176064662,11.835851282402404,12.040471176064662,1767600
2006-03-02,11.851902961730957,11.956218289473709,11.767647332083197,11.956218289473709,1572300
2006-03-03,11.912083625793457,12.052509147455016,11.799743055412705,11.81177979107199,1570400
2006-03-06,11.827832221984863,11.97628228699169,11.76363780610564,11.916100117762145,1438900
2006-03-07,11.879982948303223,11.968250021502001,11.839861273119304,11.851898005251671,2506000
2006-03-08,11.888004302978516,12.008369304552904,11.855907122276776,11.879980581745944,1694500
2006-03-09,12.072564125061035,12.128734002110864,11.888004755064603,11.888004755064603,1864200
2006-03-10,12.265151977539062,12.277188712403667,12.060532076385629,12.0926292707671,1680600
2006-03-13,12.034724235534668,12.285363001299729,12.014510934386776,12.265150471210436,2579300
2006-03-14,12.180262565612793,12.192390552691093,11.9094103560028,12.034730575968219,1432000
2006-03-15,12.184298515319824,12.208554476113173,12.075149775984071,12.1802558551876,986500
2006-03-16,12.236858367919922,12.289411433469724,12.14387945214622,12.188347193439448,1135700
2006-03-17,12.232810974121094,12.329832514494997,12.228768313556515,12.29749200103703,1662000
2006-03-20,12.313658714294434,12.325786692877847,12.200467331749767,12.24897770396649,1389400
2006-03-21,12.309619903564453,12.426853974948626,12.265151408698737,12.293449261410135,1313000
2006-03-22,12.588557243347168,12.633025740693192,12.24898144975264,12.269194753572968,2734500
2006-03-23,12.350042343139648,12.552170700775704,12.232808296661151,12.548128812154458,2355200
2006-03-24,12.410683631896973,12.45110869362816,12.285363473142683,12.313661324777964,1630500
2006-03-27,12.410683631896973,12.43493882314741,12.333874626702187,12.378343119876845,1402500
2006-03-28,12.15600299835205,12.434940432538744,12.15600299835205,12.38238661179262,1598400
2006-03-29,12.273236274719238,12.293448805604056,12.095363072910063,12.176214738566586,2472800
2006-03-30,12.204509735107422,12.329829093605074,12.160041252293421,12.293445929676974,1253000
2006-03-31,12.253024101257324,12.273237405062378,12.127704701900784,12.156002556169161,1969300
2006-04-03,12.240896224975586,12.366215617523425,12.188342408996434,12.253023435541039,2184300
2006-04-04,12.426854133605957,12.438982115376536,12.19642787737561,12.220683069858103,1640000
2006-04-05,12.244935035705566,12.531956904375152,12.21663642081307,12.410680210498112,2116100
2006-04-06,12.244935035705566,12.309616041914442,12.196423895519702,12.236849717164853,1053800
2006-04-07,12.127706527709961,12.269196591411673,12.119621204970704,12.240898732883094,1179900
2006-04-10,12.026640892028809,12.164088278193836,12.00238569772284,12.127705101205521,1048200
2006-04-11,11.828557968139648,12.1317506683006,11.828557968139648,12.018558449325969,2040200
2006-04-12,11.763872146606445,11.885148869032438,11.731531635888942,11.7800420164359,2408000
2006-04-13,11.771958351135254,11.840682037953487,11.739617837988948,11.784085561653459,1032700
2006-04-17,11.74366283416748,11.808343877571053,11.711322312465693,11.808343877571053,1454900
2006-04-18,11.844725608825684,11.89727943206031,11.723448860075989,11.743661394514683,1300700
2006-04-19,11.937704086303711,11.974087261526673,11.78408606401594,11.84472443236798,1767100
2006-04-20,12.301538467407227,12.329836329055306,11.92557940023382,12.0953673411812,3425300
2006-04-21,12.55217456817627,12.608771050071859,12.289407776501065,12.305578420202298,4351100
2006-04-24,12.596641540527344,12.65323724450455,12.51174798456153,12.531960515679495,2178900
2006-04-25,12.637066841125488,12.665364691921239,12.57238581900417,12.60068366979992,1931900
2006-04-26,12.65323543548584,12.713874562287497,12.588554419885362,12.612810379029437,1577100
2006-04-27,12.657283782958984,12.701752290313413,12.507709156317699,12.604730723315555,1411900
2006-04-28,12.628982543945312,12.681536360589043,12.544088984678979,12.616854562167836,1720900
2006-05-01,12.596641540527344,12.73408891109368,12.57642900940938,12.73408891109368,1744200
2006-05-02,12.548137664794922,12.669414456513252,12.51983902707221,12.588562747995008,1448400
2006-05-03,12.536004066467285,12.62494028918499,12.491535569579087,12.548132048634619,1354200
2006-05-04,12.564302444458008,12.624940815706207,12.495578751427724,12.59664296052763,936500
2006-05-05,12.709834098815918,12.746217272760877,12.536003550203041,12.552173421368211,1156600
2006-05-08,12.847282409667969,12.855366960310347,12.665366526686928,12.681537170089117,1959900
2006-05-09,12.85132884979248,12.932179777403633,12.766434489082984,12.88366937504873,1730800
2006-05-10,12.818982124328613,12.891748468101607,12.76238642186456,12.810897574732762,1745100
2006-05-11,12.633028030395508,12.823028494391474,12.572389650061378,12.818985832894688,1792400
2006-05-12,12.447064399719238,12.641107434353847,12.447064399719238,12.572383763205114,1234300
2006-05-15,12.604727745056152,12.673451435157215,12.4147265465692,12.447067832319057,1722300
2006-05-16,12.79068660736084,12.831112446952174,12.495579289143995,12.592600841527942,1770800
2006-05-17,12.73813533782959,12.867497425773937,12.693666830951644,12.709837477474121,1279500
2006-05-18,12.734086036682129,12.867490716700269,12.608766675709564,12.709830850603867,1512700
2006-05-19,12.730049133300781,12.83515601524401,12.693665952202787,12.794730172795258,1439900
2006-05-22,12.843238830566406,12.911962517994748,12.653237639468756,12.653237639468756,1974400
2006-05-23,12.895795822143555,13.00494460647158,12.855369975215929,12.883668607806495,2119300
2006-05-24,13.122176170349121,13.158559346286472,12.847282177018377,12.847282177018377,1596300
2006-05-25,13.336434364318848,13.336434364318848,13.08175211312473,13.162603792786715,3145000
2006-05-26,13.291964530944824,13.340474917032077,13.259623245475076,13.328347706039606,1359100
2006-05-30,13.271754264831543,13.352604408076914,13.251540186902568,13.291966800642886,2590800
2006-05-31,13.380904197692871,13.405160169437547,13.23132956056201,13.320266581507964,2824200
2006-06-01,13.32026195526123,13.46579465094876,13.275793460232562,13.287920670834081,1947600
2006-06-02,13.421327590942383,13.421327590942383,13.267709557723066,13.31621994743325,1810200
2006-06-05,13.348563194274902,13.437500206893349,13.300052797445616,13.401117023741959,2010900
2006-06-06,13.118134498596191,13.409198368813792,13.114091066692966,13.348560769322281,1904600
2006-06-07,12.843238830566406,13.008984058294997,12.689620813463682,12.88770655462569,4199900
2006-06-08,12.685578346252441,12.903877393549255,12.576429593662708,12.855366237130406,2618000
2006-06-09,12.677496910095215,12.774518475706083,12.665368925246781,12.70579477034936,1370100
2006-06-12,12.61685562133789,12.774516313445844,12.612813731464755,12.673452103325321,1465200
2006-06-13,12.410683631896973,12.604726704017732,12.358129817952625,12.544088340362324,3505600
2006-06-14,12.422807693481445,12.451105537944752,12.325786182010784,12.378339982635579,1690200
2006-06-15,12.487493515014648,12.519834031305361,12.337918916317127,12.410685270735913,1609100
2006-06-16,12.475367546081543,12.580474427261521,12.426856381283551,12.487494758986937,1719800
2006-06-19,12.568340301513672,12.689616997656035,12.475361449733965,12.479404109079834,2539800
2006-06-20,12.592599868774414,12.685578752910914,12.576429996822226,12.596642529527136,1276500
2006-06-21,12.519837379455566,12.64515758827255,12.451113667576843,12.491539516515903,1631900
2006-06-22,12.673452377319336,12.70175023339547,12.479409274746908,12.491536486745966,1821100
2006-06-23,12.600686073303223,12.67345242983409,12.572388217109829,12.67345242983409,1082600
2006-06-26,12.625120162963867,12.69028201133915,12.515159252534138,12.527377390400943,3997900
2006-06-27,12.564027786254883,12.67806060310102,12.564027786254883,12.629189617821334,2489900
2006-06-28,12.531451225280762,12.63733943257107,12.47850673324032,12.568104865373199,2084400
2006-06-29,12.612905502319336,12.706576364874397,12.458146263960456,12.519235416554995,2798600
2006-06-30,12.584393501281738,12.70657254654671,12.502941581228912,12.625119849703395,3615600
2006-07-03,12.645483016967773,12.714717578335893,12.625120230537949,12.641411081114217,1190900
2006-07-05,12.682138442993164,12.747300300909343,12.60068650899325,12.649557514035076,2189900
2006-07-06,12.368546485900879,12.832824887452652,12.014228226912557,12.584394834865547,13134600
2006-07-07,12.299318313598633,12.405205798259312,12.217865565777062,12.368552916209675,4060900
2006-07-10,12.303380966186523,12.360398157345609,12.266728111799779,12.340034597363655,2718200
2006-07-11,12.352256774902344,12.433709487899998,12.278949488562583,12.291167628549424,2248500
2006-07-12,12.470362663269043,12.519233667801824,12.384837240150759,12.405200029240982,3279800
2006-07-13,12.344108581542969,12.474432271697081,12.299310298546535,12.474432271697081,1728100
2006-07-14,12.368546485900879,12.458143840490877,12.319674707257791,12.319674707257791,1606100
2006-07-17,12.368546485900879,12.466289266396485,12.303383855446572,12.33596555906901,1215700
2006-07-18,12.352256774902344,12.41741863458421,12.323748558390356,12.364474914889184,1599700
2006-07-19,12.315598487854004,12.413341240520662,12.291162993884926,12.364470252582507,2302200
2006-07-20,12.315598487854004,12.421486664107137,12.295235705678165,12.39705117013806,2115000
2006-07-21,12.213788032531738,12.315603538748364,12.12826338016929,12.31153082528482,3174800
2006-07-24,12.421492576599121,12.441855368467424,12.213788837021431,12.217861550753234,3158100
2006-07-25,13.260446548461914,13.260446548461914,12.67806119515793,12.7269329595102,10401000
2006-07-26,13.146414756774902,13.439643846945076,13.044599273085925,13.3174655772345,3201200
2006-07-27,13.1586332321167,13.195286867164748,13.016090627560533,13.146414318046725,2371400
2006-07-28,13.309322357177734,13.317467783652093,13.158635851355216,13.178998640750489,2586900
2006-07-31,13.195287704467773,13.268594979215562,13.158634067093878,13.248230639000372,1361400
2006-08-01,13.219722747802734,13.301175449897027,13.03238262049261,13.199359960674428,2486500
2006-08-02,13.211578369140625,13.337830145070216,13.187143644082845,13.256377436521486,1547300
2006-08-03,13.231941223144531,13.32561128368621,13.199359521957327,13.244158584299221,1855300
2006-08-04,13.227866172790527,13.313390797943326,13.219720748454902,13.248228956839169,1438300
2006-08-07,13.329682350158691,13.345973199689775,13.199358661071859,13.236012295726338,2057700
2006-08-08,13.46001148223877,13.488519703655932,13.345978596570117,13.345978596570117,2762700
2006-08-09,13.582189559936523,13.643279492529713,13.443720392495946,13.472230166999218,2474900
2006-08-10,13.74509334564209,13.826546061369568,13.541462333114058,13.586261404443238,3568900
2006-08-11,13.741020202636719,13.777673843817178,13.663639430377307,13.696221135240469,997300
2006-08-14,13.895780563354492,13.948725064294758,13.74102210457743,13.74102210457743,3067800
2006-08-15,13.647348403930664,13.87948916416771,13.61069476321757,13.724729175203406,2880200
2006-08-16,13.586258888244629,13.647347248540568,13.496660762179996,13.614767100432276,1931900
2006-08-17,13.402995109558105,13.569972501696144,13.325615872961011,13.545536217390007,3753700
2006-08-18,13.260446548461914,13.435569270271229,13.199356648823992,13.402987576176155,5232100
2006-08-21,13.451865196228027,13.480373415826953,13.22379943943661,13.260453086575437,3291000
2006-08-22,13.337828636169434,13.468152333671476,13.321537785586422,13.468152333671476,1256900
2006-08-23,13.378555297851562,13.541460709777587,13.280813293560865,13.354120573569462,1212000
2006-08-24,13.512951850891113,13.561822850704342,13.386700084994107,13.386700084994107,1837400
2006-08-25,13.386698722839355,13.525167836204567,13.382626787261371,13.468151416627288,1213000
2006-08-28,13.451865196228027,13.484446906387628,13.272670451094562,13.419285039649875,1560200
2006-08-29,13.618839263916016,13.684001114802463,13.398918988162427,13.439644562373553,2710600
2006-08-30,13.741020202636719,13.928360344856308,13.606623000447971,13.659567494060012,3627400
2006-08-31,13.810248374938965,13.863192847004946,13.712504853707966,13.806176440278765,1382700
2006-09-01,13.855050086975098,13.887630231260127,13.769525460448422,13.777670884914896,1028300
2006-09-05,13.785821914672852,13.903928300397167,13.769532610861857,13.84691185310451,1207100
2006-09-06,13.643272399902344,13.802104277776055,13.574038628964866,13.785813430409336,2553300
2006-09-07,13.749959945678711,13.811509186977846,13.618656358485302,13.64737892035497,1832600
2006-09-08,13.803302764892578,13.848438667287178,13.713030960103376,13.7335484177462,1342700
2006-09-11,13.856644630432129,13.893573860938206,13.72123693015579,13.836128739098125,2012800
2006-09-12,13.90178108215332,13.934606196537805,13.737650814444175,13.860747732594914,2799700
2006-09-13,13.766372680664062,13.930502940077021,13.725340898441901,13.92639882269751,2037000
2006-09-14,13.967432022094727,13.987947912988291,13.80330176442193,13.827921772651491,2869200
2006-09-15,13.942815780639648,13.97974502032968,13.745860357380334,13.92640243738573,1591800
2006-09-18,13.98795223236084,14.147978422112502,13.918196303468054,13.975643007076135,2126600
2006-09-19,13.955123901367188,13.963330572344862,13.78689105948095,13.942814677531894,2035500
2006-09-20,13.98795223236084,14.111049180995762,13.930507094015384,14.000261457645545,1506400
2006-09-21,13.938714027404785,14.057706859668313,13.83202885539419,14.016675064441255,1556500
2006-09-22,14.053594589233398,14.053594589233398,13.893568507126314,13.99204537368687,1537000
2006-09-25,14.484441757202148,14.632158697312446,13.889471444096722,14.016672490361117,9748800
2006-09-26,14.648567199707031,14.771664087382852,14.258759084348725,14.394166756475423,10680200
2006-09-27,14.771666526794434,14.964519340667014,14.615742941849325,14.648569618790235,4875000
2006-09-28,14.710115432739258,14.771664661600692,14.632154432741764,14.771664661600692,3174100
2006-09-29,14.632159233093262,14.656779245767268,14.463926392976933,14.488546405650942,4579300
2006-10-02,14.484441757202148,14.648572038494116,14.476235086611313,14.628056144648212,2201200
2006-10-03,14.496752738952637,14.615745550949931,14.455719385451511,14.537784527191375,2115500
2006-10-04,14.611639022827148,14.669084136837183,14.39006366999247,14.455715452469935,3529200
2006-10-05,14.541885375976562,14.673188961269997,14.48444025306846,14.591125394408254,2206500
2006-10-06,14.63626480102539,14.755259205569356,14.472136045174892,14.56240787831345,2399000
2006-10-09,14.656782150268555,14.701918066484174,14.463929259261,14.562407764209869,1973300
2006-10-10,14.783976554870605,14.783976554870605,14.550091947319444,14.67729297951447,2648800
2006-10-11,14.726532936096191,14.779875511852236,14.67729447823188,14.779875511852236,2210800
2006-10-12,14.800392150878906,15.046586017861262,14.689604441158117,14.730637795830132,2549800
2006-10-13,14.677289009094238,14.853728446396337,14.611637234651255,14.812695109080867,1913800
2006-10-16,14.706015586853027,14.730635595979521,14.60753711560925,14.628054572512427,2227900
2006-10-17,14.6280517578125,14.706012757152003,14.521366637388025,14.591122533859703,1342100
2006-10-18,14.623948097229004,14.697806547438196,14.603432208895772,14.64856810238605,2180500
2006-10-19,14.64036750793457,14.681399301624133,14.447514634015917,14.525477233393719,2734700
2006-10-20,14.562399864196777,14.607534190664564,14.496748084934133,14.578811635066025,2045100
2006-10-23,14.894761085510254,14.939896976553856,14.591122198009062,14.595224749348544,4988400
2006-10-24,14.509056091308594,14.60753296933803,13.848434237252588,14.381855094820338,10117900
2006-10-25,14.500853538513184,14.61164123167837,14.135665345447682,14.455717637750086,9263900
2006-10-26,14.152079582214355,14.484441117521989,14.115150348817696,14.480338565038938,3711000
2006-10-27,14.19721508026123,14.287486894885108,14.065911476406006,14.094634041920434,2788400
2006-10-30,14.242349624633789,14.254660412435037,14.102839363230416,14.123355255882796,1362300
2006-10-31,14.115145683288574,14.254655900534003,14.082319013225284,14.197209227923242,2062000
2006-11-01,14.09873104095459,14.250550462765432,14.074111040690006,14.135660258720646,2523700
2006-11-02,14.119253158569336,14.119253158569336,14.000258785982746,14.098737265255657,2208700
2006-11-03,13.93460464477539,14.184902570790564,13.918191306779823,14.164386680927137,3663400
2006-11-06,14.008464813232422,14.028980705604216,13.918193008481824,13.992051473230084,2379200
2006-11-07,14.106939315795898,14.180797759747328,13.98384243096412,14.008460868773389,2154800
2006-11-08,14.09873104095459,14.168485360478456,13.737645530048875,13.737645530048875,3116600
2006-11-09,14.012568473815918,14.19721306440176,13.987948464615442,14.098736158124272,1334800
2006-11-10,14.053594589233398,14.135659688208243,14.00435615595312,14.049492038652364,1277800
2006-11-13,14.279276847839355,14.299792737604317,14.033083040135699,14.119250716305773,2599600
2006-11-14,14.459821701049805,14.459821701049805,14.230039645872463,14.279278098673966,2689000
2006-11-15,14.488543510437012,14.545988629934806,14.394169161938903,14.459820950688114,2812800
2006-11-16,14.607536315917969,14.656776331475307,14.447510178511903,14.562401982883578,2411800
2006-11-17,14.545989990234375,14.587021775066514,14.451615632910645,14.525474097818304,2254100
2006-11-20,14.587020874023438,14.648570112732,14.46392396186848,14.46392396186848,1464300
2006-11-21,14.37775707244873,14.582919125770445,14.37775707244873,14.513163213704694,1764200
2006-11-22,14.492648124694824,14.537784029369266,14.303899400840196,14.336724517254666,1773300
2006-11-24,14.435201644897461,14.697808812664519,14.414685753402319,14.496750884645072,1133400
2006-11-27,14.176700592041016,14.468030394167183,14.127462127026226,14.463927840942025,3603800
2006-11-28,14.106939315795898,14.525469976433397,14.074112645034457,14.074112645034457,2306700
2006-11-29,14.287485122680664,14.34903436415561,14.13566564304129,14.197213319254006,2271900
2006-11-30,14.381857872009277,14.426993768681072,14.213625071399353,14.213625071399353,1951700
2006-12-01,14.398272514343262,14.509060207502962,14.27927815147593,14.42289252346615,1776600
2006-12-04,14.455721855163574,14.484444424890324,14.328520785471786,14.43110183885665,1556400
2006-12-05,14.459821701049805,14.554196054445269,14.410581682986107,14.48444014481946,1888400
2006-12-06,14.357239723205566,14.504955071786855,14.349033054074035,14.435200732061976,1639500
2006-12-07,14.17259693145752,14.459824157916387,14.11515179921824,14.39006823643836,2737600
2006-12-08,14.36134147644043,14.402373254554028,14.147972786673302,14.197211233462022,1479100
2006-12-11,14.340827941894531,14.447511521662655,14.283382816999215,14.365446386699805,1588300
2006-12-12,14.582917213439941,14.607535654842371,14.36134184924583,14.390064407723358,1809900
2006-12-13,14.459821701049805,14.664983747195299,14.443408361695239,14.582918615684664,1765800
2006-12-14,14.595223426818848,14.689597751693912,14.447506547792932,14.447506547792932,2075900
2006-12-15,14.652673721313477,14.747048079612068,14.574712703222191,14.632157828685484,2156400
2006-12-18,14.669085502624512,14.75115062967763,14.595227044802916,14.615742935250669,1421600
2006-12-19,14.6280517578125,14.779871205057594,14.541882525081379,14.775767088361784,1189800
2006-12-20,14.808592796325684,14.845522017873101,14.623946688588598,14.632153356183778,2044500
2006-12-21,14.77987003326416,14.939896135951614,14.755250030826947,14.808592586810022,1640000
2006-12-22,14.763343811035156,14.850113716542923,14.70549720736331,14.812926389010775,855500
2006-12-26,14.771615028381348,14.812933600776939,14.606337586393982,14.70963559358546,986000
2006-12-27,14.655917167663574,14.895567649552536,14.655917167663574,14.763346367916832,2568800
2006-12-28,14.705500602722168,14.800534555868587,14.626994704784368,14.660049238999509,1437500
2006-12-29,14.750948905944824,14.775739407412168,14.651782171470131,14.676574249139247,7407100
2007-01-03,14.713762283325195,14.87490685539973,14.577408213907145,14.750949613511768,2335600
2007-01-04,14.701371192932129,14.738556957441556,14.461719091411634,14.482378374873193,2715700
2007-01-05,14.536093711853027,14.705502357450767,14.395608378220588,14.705502357450767,2437100
2007-01-08,14.441059112548828,14.540224298869978,14.39560774540071,14.540224298869978,1767000
2007-01-09,14.515436172485352,14.552623517509065,14.399741334521307,14.457589541604568,1591300
2007-01-10,14.833584785461426,14.912090652275312,14.420393026269759,14.503030117146913,5463800
2007-01-11,14.784005165100098,14.949282549851253,14.647652662452058,14.833589326246619,4418100
2007-01-12,14.792266845703125,14.957544204239042,14.750948294169998,14.788135621030495,2294500
2007-01-16,14.775744438171387,14.841855091596226,14.67657924613528,14.779877240624238,1639700
2007-01-17,14.565019607543945,14.817067007554847,14.552624350560645,14.796407720515157,1890800
2007-01-18,14.606329917907715,14.771607273122624,14.432790113513569,14.569142591794444,2186100
2007-01-19,14.722029685974121,14.784007533031229,14.560885076942544,14.651786234533413,1991200
2007-01-22,14.837716102600098,14.907959521728078,14.660043518937043,14.680702791785924,3657100
2007-01-23,14.589803695678711,14.982334662750025,14.531955517011834,14.800530829830661,5816000
2007-01-24,14.47824478149414,14.668312680188375,14.457585501410339,14.589806785389113,2543500
2007-01-25,14.362546920776367,14.614594182310586,14.34188764508704,14.511296227662248,3115700
2007-01-26,14.271653175354004,14.469985161733483,14.184883226850955,14.312971748107119,4329700
2007-01-29,14.531960487365723,14.589808685818369,14.048526650385417,14.135296583761026,3578600
2007-01-30,14.391472816467285,14.498902003374075,14.22206264570358,14.482373951172473,5135600
2007-01-31,14.428659439086914,14.544354235268067,14.102239057545196,14.288175715513203,7517700
2007-02-01,14.02372932434082,14.453449180750734,13.94522344865506,14.428657104964975,7770600
2007-02-02,14.06091594696045,14.08570802150676,13.924563477459676,14.07331277233439,4037400
2007-02-05,13.866724967956543,14.15182689862738,13.850196908618454,14.143562868958336,3706700
2007-02-06,13.912177085876465,13.998948623764283,13.726241904037831,13.813011865722896,3163200
2007-02-07,13.887374877929688,13.932826222321593,13.813000237325014,13.85018755762735,2905200
2007-02-08,13.622934341430664,13.837794269588025,13.57335018987013,13.821266219067848,5863100
2007-02-09,13.870855331420898,14.027868732955856,13.655995302005271,13.676654586790884,5324500
2007-02-12,14.176617622375488,14.358421528978633,13.88738291662322,13.941098316197781,5600700
2007-02-13,14.275784492492676,14.366687244567826,14.056793218350752,14.127035107716075,4269300
2007-02-14,14.226198196411133,14.259252731001112,14.093976905646983,14.122900214489007,3003100
2007-02-15,14.139430046081543,14.275782579722264,14.081583421130794,14.18488141602922,3081800
2007-02-16,14.441059112548828,14.453454366788417,14.118768316499544,14.139429175168484,3624000
2007-02-20,13.990677833557129,14.408000954475343,13.82126921945342,14.33775908881863,7947300
2007-02-21,13.817139625549316,13.97002179723928,13.722105656667706,13.96588899465179,4062700
2007-02-22,13.746895790100098,13.94522772865223,13.742762988099894,13.89564513806473,2706000
2007-02-23,13.74276065826416,13.895642782310606,13.61053938831179,13.895642782310606,1930000
2007-02-26,13.746895790100098,13.837798519678959,13.684916369714122,13.742762988099894,2384200
2007-02-27,13.255199432373047,13.862590569203231,13.222143317502182,13.850195314227813,3796500
2007-02-28,13.193220138549805,13.622940179004093,12.953568820019886,13.308913389363525,5436700
2007-03-01,13.375021934509277,13.461793435139187,13.052732743090427,13.13950266751826,4355900
2007-03-02,13.16015911102295,13.428733625921208,13.127103798237021,13.387415076014417,3276300
2007-03-05,13.065129280090332,13.2138778401967,12.883324608736917,13.05686525227857,4203200
2007-03-06,13.31717300415039,13.341965082336923,13.065126514061184,13.160160449473523,4375300
2007-03-07,12.937044143676758,13.34610421904077,12.89572477697202,13.329576157118327,5891100
2007-03-08,12.945300102233887,13.143631993019577,12.912244787102939,12.974223404460856,3223800
2007-03-09,13.015543937683105,13.073390547436059,12.899849930076247,12.949433301365172,5499700
2007-03-12,13.189082145690918,13.27998405699708,12.994882285495603,13.027937597616098,7992500
2007-03-13,12.880914688110352,13.226571270810311,12.83093988832322,13.18076110386565,12053600
2007-03-14,12.576899528503418,12.918391366737527,12.472786124440715,12.880910477729175,20493600
2007-03-15,12.743478775024414,12.889237676230536,12.493606486431366,12.510265009687886,11873200
2007-03-16,12.66851806640625,12.743479838673144,12.64353107375801,12.710163583701434,9656500
2007-03-19,12.868412971496582,12.93504546784913,12.597718355774102,12.772628857280045,11819400
2007-03-20,13.109955787658691,13.143272035373222,12.847590436197015,12.926716822389775,9052300
2007-03-21,13.055816650390625,13.122449143101461,12.997512623527166,13.114119882932114,7665100
2007-03-22,13.264045715332031,13.293197336716247,13.039160417244469,13.118286814088846,8707000
2007-03-23,13.32651424407959,13.451449997388977,13.222400851547718,13.33900734281724,10133500
2007-03-26,13.280706405639648,13.393149079756212,13.243225514267461,13.36816128929323,6746600
2007-03-27,13.201580047607422,13.280705663350831,13.13078290056389,13.280705663350831,5709000
2007-03-28,13.101630210876465,13.180756619316844,12.972529813974328,13.139111099383896,8982700
2007-03-29,13.12662124633789,13.234899307217562,13.035000920958403,13.105798084059634,7387700
2007-03-30,13.184921264648438,13.234896047485128,12.947542833399163,13.08497249329728,32441500
2007-04-02,12.847590446472168,13.17242366336813,12.61021208202604,13.17242366336813,50140700
2007-04-03,12.631030082702637,12.810105150421363,12.610207732916532,12.768459656527424,58552300
2007-04-04,12.793452262878418,12.980856670678065,12.56856776784092,12.576897029148032,52994600
2007-04-05,13.151605606079102,13.201580391190213,12.714329612226479,12.722658081143113,59724900
2007-04-09,13.039161682128906,13.222401484162154,12.935048284615819,13.026668582793535,28330900
2007-04-10,13.010009765625,13.101629267422144,12.80178297527699,13.034996758056554,36468900
2007-04-11,13.334843635559082,13.355665996538718,12.868415282986991,12.985022569710553,40665000
2007-04-12,13.513916015625,13.634687908529445,13.447283521030132,13.493093658934852,32890800
2007-04-13,13.659680366516113,13.705490525433015,13.476441319493215,13.572225475117325,22699400
2007-04-16,13.643022537231445,13.751301389064873,13.588884699959525,13.742972124412702,27618000
2007-04-17,13.70132064819336,13.722143005255948,13.447283761555338,13.526409353850783,18776200
2007-04-18,13.447283744812012,13.742965345207056,13.39314434560148,13.742965345207056,23121000
2007-04-19,13.680502891540527,13.701326846667877,13.409808949977016,13.555567104000081,28426400
2007-04-20,13.780454635620117,13.863745703255878,13.71798593773205,13.838757906371656,30370100
2007-04-23,13.830419540405273,13.888722772793614,13.676332199286957,13.709647651232894,16931600
2007-04-24,13.90954875946045,13.972015836770968,13.84291625714273,13.847080093505765,20525300
2007-04-25,13.93869686126709,14.034480959878934,13.876228211081912,13.909545248152344,14244200
2007-04-26,13.97618579864502,14.021994368085172,13.75546427229487,13.75546427229487,18431700
2007-04-27,13.97618579864502,13.980349636359694,13.784615902231641,13.784615902231641,16034500
2007-04-30,13.93869686126709,14.026151700611326,13.917872918776185,13.959519215114227,18112200
2007-05-01,13.947030067443848,13.976181688808293,13.867902876331028,13.942864642309376,19802600
2007-05-02,13.859574317932129,13.988675496699619,13.834588120434374,13.97618239795074,21247100
2007-05-03,13.672171592712402,13.938701625806328,13.66384233059768,13.859574430038606,16819900
2007-05-04,13.826252937316895,13.876226899555434,13.64301242803622,13.805430585437804,12883000
2007-05-07,13.74296760559082,13.847080996542266,13.713815983215957,13.78461232651369,12864000
2007-05-08,13.601373672485352,13.742967951286806,13.497260278914997,13.643018394455769,12943600
2007-05-09,13.651345252990723,13.668003774303553,13.538902617095161,13.555561138407992,14300500
2007-05-10,13.534743309020996,13.692996137146949,13.518084782135197,13.651349819932454,12224200
2007-05-11,13.538899421691895,13.563887197763613,13.447280753382902,13.51391323426383,27157000
2007-05-14,13.534743309020996,13.576388037590927,13.509755518692298,13.538907146420163,20068200
2007-05-15,13.576385498046875,13.597209447081159,13.430627386672477,13.443120485177635,17060300
2007-05-16,13.647186279296875,13.66384480654492,13.53057976584976,13.563895231701252,17622200
2007-05-17,13.70132064819336,13.759623883426213,13.605534946146227,13.626358891852828,14509200
2007-05-18,13.788783073425293,13.801276176794879,13.692998907420405,13.742972909543631,13618000
2007-05-21,13.822092056274414,13.85540910114523,13.70132174022805,13.73880262138565,17568800
2007-05-22,13.884563446044922,13.967854485924377,13.82209476897422,13.84708255753139,18425000
2007-05-23,13.876238822937012,13.94287135939135,13.847087187528551,13.930378255257718,16457600
2007-05-24,13.926206588745117,13.959523636367708,13.784612313637641,13.82625862316588,16787100
2007-05-25,13.955362319946289,13.992843215235006,13.897059058084894,13.92621068901559,13861600
2007-05-29,13.955362319946289,14.017831008309063,13.897059058084894,13.955362319946289,13012000
2007-05-30,14.030319213867188,14.03448463891481,13.84291639147293,13.847080227876368,17008700
2007-05-31,14.092791557312012,14.392638693205225,14.02615903696292,14.05531066532536,24910700
2007-06-01,14.334334373474121,14.342663637403765,14.159424596885557,14.19690549024663,15338600
2007-06-04,14.371816635131836,14.396804429299781,14.201070679929568,14.271868635749673,11054300
2007-06-05,14.346826553344727,14.396800539533704,14.234383892936247,14.313509503455824,15634800
2007-06-06,14.305174827575684,14.36764347815561,14.22604924699905,14.26353011961825,18385500
2007-06-07,14.417622566223145,14.546723748574838,14.205231938374192,14.309345333890105,19761500
2007-06-08,14.371816635131836,14.509247120088318,14.267703209065946,14.409297532061348,22185600
2007-06-11,14.375981330871582,14.471765487344697,14.313512642950334,14.367652066572434,14933100
2007-06-12,14.371816635131836,14.438449164268214,14.296856429917616,14.367652797092916,14028400
2007-06-13,14.6799898147583,14.729963803349797,14.313510191583605,14.313510191583605,27776300
2007-06-14,14.750786781311035,14.788267671478708,14.4551050859019,14.679990426907942,20571600
2007-06-15,14.704976081848145,14.821582572711147,14.65916593511074,14.75078463994126,15183000
2007-06-18,14.621684074401855,14.854897040561134,14.592532453631947,14.704975100306248,16214200
2007-06-19,14.430122375488281,14.609197606424406,14.392641476254093,14.559222015015553,18991600
2007-06-20,14.350988388061523,14.475924130425577,14.280192049891417,14.430115576185944,17227600
2007-06-21,15.300507545471191,15.492075840009642,14.263537275218143,14.31351126756631,57834100
2007-06-22,15.096439361572266,15.28384375413438,15.033970701170217,15.28384375413438,26934000
2007-06-25,14.829910278320312,15.158908944320215,14.80075865866403,15.079781757843914,19130800
2007-06-26,14.653759956359863,14.938950615602769,14.603432663515761,14.93056246681612,20142300
2007-06-27,14.98928451538086,15.068969555658528,14.515364349818345,14.519557625674505,22071800
2007-06-28,14.834105491638184,15.014446743575967,14.804747762241453,14.850881794115248,13380100
2007-06-29,14.783781051635742,14.993480073644761,14.708289275722372,14.846691398189076,14336800
2007-07-02,14.90121078491211,14.930568517625092,14.645377742804879,14.922181965315476,10179800
2007-07-03,14.536331176757812,14.762806427144865,14.469227576629354,14.691507952078116,14020900
2007-07-05,14.452452659606934,14.678927931665775,14.364379475987223,14.481810387480172,15584800
2007-07-06,14.360180854797363,14.511162713422515,14.280494251768873,14.490193144158653,17917300
2007-07-09,14.683122634887695,14.897016501478396,14.242755074092468,14.360187596880507,37447600
2007-07-10,14.427284240722656,14.863456715073141,14.376955355321186,14.561491402042122,16711400
2007-07-11,14.376961708068848,14.561497836330759,14.326634400304812,14.393738010615616,11106700
2007-07-12,14.595046997070312,14.628599597923571,14.360185190601756,14.465034668454095,10761500
2007-07-13,15.052193641662598,15.45481532906973,14.490200269703168,14.653765230220044,20420300
2007-07-16,14.897013664245605,15.11090589022281,14.766999738729401,14.989281714603944,13373200
2007-07-17,15.043805122375488,15.0983273078414,14.897016469055341,14.943150502920624,11305100
2007-07-18,14.972504615783691,15.245112277490492,14.884431445072691,15.039608212498159,15530300
2007-07-19,15.23672866821289,15.295444126684608,14.951537927170627,15.08574514649919,13064500
2007-07-20,14.90121078491211,15.224147444631363,14.834107167300084,15.224147444631363,14182300
2007-07-23,14.934760093688965,15.081548724819633,14.792164737786566,14.917983793023721,9728500
2007-07-24,14.611824035644531,15.173817329318403,14.523750853769616,15.14026472677016,18176200
2007-07-25,14.611824035644531,14.720866794174022,14.473421949947253,14.636988487555712,15105400
2007-07-26,14.024665832519531,14.678927161980335,13.81916174818242,14.678927161980335,29078800
2007-07-27,13.793999671936035,14.280501277639456,13.743672360967093,14.12532446889067,22904200
2007-07-30,13.831745147705078,14.263724553873246,13.722702377171597,13.882072457191581,26154300
2007-07-31,13.735278129577637,13.940783758209738,13.659786396600591,13.940783758209738,21629200
2007-08-01,13.60107707977295,13.92401372728919,13.31588631572942,13.88207296794374,31952800
2007-08-02,13.651398658752441,13.819158425937474,13.46266932063821,13.693339400486554,16138400
2007-08-03,13.403959274291992,13.806580957653702,13.399765998369546,13.710119612673898,11441600
2007-08-06,13.714310646057129,13.76883281703127,13.215226957608524,13.496223562036466,16878100
2007-08-07,13.6597900390625,13.768834393495831,13.508806532847787,13.617850887281119,11057200
2007-08-08,13.747862815856934,13.764639116029525,13.479448412599668,13.705923665301503,13128100
2007-08-09,13.190062522888184,13.62204179054638,13.190062522888184,13.55074492495751,15952600
2007-08-10,13.479451179504395,13.55913782174332,12.79583280590657,13.131350878849394,17982900
2007-08-13,13.504615783691406,13.701731753786225,13.483646203878305,13.53816679141709,25740800
2007-08-14,13.62204647064209,13.806581009574408,13.53816655299054,13.62204647064209,11965300
2007-08-15,13.315882682800293,13.693341414546584,13.278136809625662,13.630431092630221,10509000
2007-08-16,13.064245223999023,13.471060923901483,12.804218958061554,13.278138262072913,18587000
2007-08-17,13.131351470947266,13.374602284783636,12.938428770290725,13.374602284783636,17115300
2007-08-20,13.294917106628418,13.357826647523991,13.076829951581429,13.169097224899057,10630800
2007-08-21,13.269745826721191,13.412341139392524,13.177478600849422,13.227806687648988,8193300
2007-08-22,13.445902824401855,13.462677531450591,13.278142954901009,13.328471075738932,7841000
2007-08-23,13.462677001953125,13.580109545935679,13.315888321820712,13.45429044869695,6266300
2007-08-24,13.62624454498291,13.643019252549706,13.41235062476973,13.52558830019846,4484000
2007-08-27,13.592686653137207,13.777221163745773,13.52977632458541,13.546552625516037,11188200
2007-08-28,13.32846736907959,13.571718152281534,13.311691066819675,13.508807818744968,8929500
2007-08-29,13.387187004089355,13.416544742266085,13.27814340519124,13.341052958418285,13389600
2007-08-30,13.357823371887207,13.609462273700235,13.211033945834773,13.211033945834773,7625000
2007-08-31,13.445902824401855,13.57591520338216,13.357828812920076,13.387186550101221,9380200
2007-09-04,13.483646392822266,13.533973705054215,13.353632436356953,13.475258240804207,10799900
2007-09-05,13.672371864318848,13.84851982667754,13.588493558303993,13.84851982667754,17133700
2007-09-06,14.120648384094238,14.230603424882949,13.723122468193681,13.786556579506408,14352500
2007-09-07,13.909194946289062,14.09950046328076,13.752722238201278,13.790783341599617,9948300
2007-09-10,14.06989860534668,14.209454919330168,13.879593074244433,13.913425885656938,10108600
2007-09-11,14.289810180664062,14.35747420512414,14.107962812445558,14.162940336456119,11230100
2007-09-12,14.336322784423828,14.43358967319528,14.205223092651782,14.260200590909328,10369300
2007-09-13,14.391305923461914,14.484344565373354,14.33210010160469,14.37861942256041,8038700
2007-09-14,14.420903205871582,14.425133113346241,14.230599313674547,14.272888708998995,7023600
2007-09-17,14.332094192504883,14.446277493253787,14.277116689202746,14.382841788425399,6133800
2007-09-18,14.543543815612793,14.547773722827078,14.294032526788431,14.34478012070139,7836800
2007-09-19,14.539319038391113,14.653502362241511,14.454738619253337,14.48856981896606,7795100
2007-09-20,14.632354736328125,14.636584644186497,14.463195526448196,14.497026723129315,7560400
2007-09-21,14.738082885742188,14.759229202919043,14.632357752807918,14.649274161254402,12534600
2007-09-24,14.678879737854004,14.755001976463749,14.547781581655503,14.68310964735332,10761700
2007-09-25,14.55623722076416,14.602756542782918,14.4547419847575,14.590070041591508,9116500
2007-09-26,14.475884437561035,14.590067770220822,14.361701104901249,14.543548455444157,10321300
2007-09-27,14.552008628845215,14.594298040781698,14.40399407382987,14.54778033294663,9027700
2007-09-28,14.59429931640625,14.619673933728619,14.458971250495877,14.509720485140615,8658400
2007-10-01,14.674646377563477,14.721165686575983,14.552004856210008,14.594294257182883,6534400
2007-10-02,14.661956787109375,14.763453597734127,14.573148086085892,14.674644896710642,6492900
2007-10-03,14.501259803771973,14.649274346456206,14.412451078161432,14.649274346456206,7474400
2007-10-04,14.513948440551758,14.53932305727821,14.437826203610163,14.501261938807412,6079600
2007-10-05,14.505483627319336,14.58160582958512,14.344781021065232,14.547774635932008,6080100
2007-10-08,14.40821647644043,14.568919079895828,14.353238972819925,14.568919079895828,5084200
2007-10-09,14.425132751464844,14.450505742728176,14.32786585406912,14.39552985283297,7660600
2007-10-10,14.395530700683594,14.463194703432638,14.32786669793455,14.378614296687063,5812200
2007-10-11,14.17985725402832,14.408223975710108,14.154484249333347,14.365934559059927,7949400
2007-10-12,14.315177917480469,14.374385328693746,14.209452817312261,14.24328562371985,4586200
2007-10-15,14.209457397460938,14.395534666207135,14.175626193385506,14.28557962317756,7529500
2007-10-16,14.213682174682617,14.357468369876539,14.171391168309734,14.209452267426858,6406900
2007-10-17,14.264435768127441,14.395535523163128,14.188313537879317,14.349016203207317,20316400
2007-10-18,14.129107475280762,14.34901595742663,14.074129951434896,14.251749023384003,6166600
2007-10-19,13.786552429199219,14.188308132851814,13.786552429199219,14.1291023348216,9846600
2007-10-22,13.820390701293945,13.87959652273874,13.66814623858582,13.769643084803784,5009600
2007-10-23,13.930346488952637,13.964179314477978,13.748499084848707,13.930346488952637,5900800
2007-10-24,13.900737762451172,14.057212095239613,13.727348637208692,14.057212095239613,7243200
2007-10-25,13.854220390319824,13.976861928871719,13.752725168457022,13.883824911037062,5298800
2007-10-26,14.082587242126465,14.20100048681975,13.765411846523449,13.934572702806719,9869400
2007-10-29,13.947256088256836,14.1375616057748,13.80769978423508,14.103728796777329,8938200
2007-10-30,13.786552429199219,13.909193932682948,13.727346631169006,13.888049235277444,9414500
2007-10-31,14.129107475280762,14.1333357710054,13.909198993134892,13.913428902097122,18147600
2007-11-01,13.871136665344238,14.124877944042654,13.824617350254323,14.031839313862823,10356100
2007-11-02,13.879593849182129,13.955716065873151,13.74426582245083,13.91342666248362,6891800
2007-11-05,14.019147872924805,14.150245954799061,13.7442619878726,13.833070678155847,8324900
2007-11-06,14.120648384094238,14.141793087865146,13.959945731607847,13.959945731607847,8399500
2007-11-07,14.09527587890625,14.167168196894679,13.892282198525585,13.972634334203882,10293200
2007-11-08,14.002237319946289,14.167168274577087,13.83730636531549,14.10796245632373,21277700
2007-11-09,13.824620246887207,14.057216871072086,13.78655912776948,13.845766567804224,14434600
2007-11-12,13.8330717086792,13.993774312523295,13.752721213375652,13.752721213375652,8467400
2007-11-13,14.09527587890625,14.120648879025675,13.833076380596868,13.833076380596868,10384200
2007-11-14,13.947256088256836,14.099500502271209,13.799241581985711,13.799241581985711,9914700
2007-11-15,13.689285278320312,14.057209781992523,13.587790087349132,14.002232279161564,9476100
2007-11-16,13.748493194580078,13.799242411125597,13.579333979140012,13.769639508092656,10085400
2007-11-19,13.659687042236328,13.748495767957948,13.570878316514708,13.634314042451594,8895700
2007-11-20,13.976861000061035,14.04875492290393,13.575105208228296,13.575105208228296,11976700
2007-11-21,13.87536907196045,13.972636015006325,13.795016926616395,13.833078044611542,8397900
2007-11-23,14.141797065734863,14.146026975621348,13.879599116100868,13.938804948608098,4274100
2007-11-26,13.964177131652832,14.213688534566892,13.964177131652832,14.112191687094368,11741200
2007-11-27,14.040294647216797,14.11218694621168,13.938797833841361,14.065667640632817,9302600
2007-11-28,14.29403305053711,14.336324058044934,14.006460652431835,14.006460652431835,8368000
2007-11-29,14.51817798614502,14.560467399724942,14.179856224554765,14.234833752798838,7698600
2007-11-30,14.611218452453613,14.67888249802586,14.268669927535779,14.378623396626393,12200900
2007-12-03,14.55623722076416,14.695795186820432,14.408222662738744,14.49280310156942,5910500
2007-12-04,14.547772407531738,14.729619683618644,14.399756319915749,14.442047322050364,7290800
2007-12-05,14.729621887207031,14.797285887508345,14.47165238192171,14.47165238192171,31165500
2007-12-06,14.88609504699707,14.907239745264926,14.615439037399554,14.725392436334644,8160900
2007-12-07,14.666193008422852,14.924162633796142,14.661963098989123,14.793062866392631,7151900
2007-12-10,14.725396156311035,14.78460197171262,14.657732136818156,14.678876840427654,4437900
2007-12-11,14.4927978515625,14.839576073234163,14.437820344252474,14.776140363781279,7203900
2007-12-12,14.446282386779785,14.793060700638629,14.272893229850364,14.526632908641579,9668800
2007-12-13,14.446282386779785,14.509718113096357,14.2982678430245,14.344785547320779,6106600
2007-12-14,14.086812973022461,14.399758367126106,14.061438368134189,14.336324274760939,6998400
2007-12-17,13.773865699768066,14.082582793715513,13.761179204187355,13.998002392291163,9453000
2007-12-18,13.976861000061035,14.040296719437862,13.685060240049815,13.89651048698943,9476800
2007-12-19,13.968405723571777,14.103733780911144,13.833077666232413,13.95149092633263,8843100
2007-12-20,13.917657852172852,14.057215816211276,13.837307323726213,14.040299406042193,7549300
2007-12-21,14.182022094726562,14.263038900440916,13.968822713932473,14.169230652385217,11515600
2007-12-24,14.233190536499023,14.31847061065341,14.147910462344635,14.147910462344635,1437100
2007-12-26,14.292884826660156,14.33552404664631,14.143644303544662,14.254508878039827,5950300
2007-12-27,14.041305541992188,14.29288077234548,14.019985938046624,14.28435260545095,3660600
2007-12-28,14.049835205078125,14.199074075171296,13.968818424243242,14.07115481129405,4443200
2007-12-31,13.913385391235352,14.019985030645346,13.892065788669635,13.981609095394491,7418700
2008-01-02,13.666077613830566,13.892070024360175,13.619174311227036,13.879276957655012,5991800
2008-01-03,13.559476852416992,13.759884740015446,13.55094949745031,13.683132852279092,9466500
2008-01-04,13.410237312316895,13.72577138936057,13.380388724888988,13.538156576701674,7642500
2008-01-07,13.61917495727539,13.695926041528606,13.380391095295414,13.38465517996909,8410500
2008-01-08,13.474205017089844,13.77268375057397,13.43156496565173,13.640500323078019,7997000
2008-01-09,13.555214881896973,13.572270406757319,13.252471386038916,13.46140664864669,9246300
2008-01-10,13.94324016571045,14.007199005542736,13.478465439300694,13.478465439300694,9782700
2008-01-11,13.614911079406738,13.86222148790863,13.52536692648136,13.8409018775074,9798800
2008-01-14,13.559476852416992,13.695924291374558,13.465669441456386,13.695924291374558,8430900
2008-01-15,13.243947982788086,13.555219759732715,13.243947982788086,13.491259281940133,9273700
2008-01-16,13.29511833190918,13.43156585491182,13.158670808906539,13.158670808906539,7741200
2008-01-17,13.069120407104492,13.333487967342514,13.013688932193345,13.307903458961057,8166000
2008-01-18,12.855923652648926,13.214098709581474,12.770644380654756,13.15440313785644,11745500
2008-01-22,12.74079418182373,12.838866511575693,12.207795748939201,12.212059833997206,12921700
2008-01-23,13.026481628417969,13.06059349625617,12.450843960309706,12.472163572724426,13656400
2008-01-24,12.791963577270508,13.047803011474146,12.668307538977144,13.026482584204011,16373200
2008-01-25,12.698153495788574,12.855920558314448,12.578761567784177,12.783432747256596,11766100
2008-01-28,12.979574203491211,13.043533833749125,12.642718903753595,12.642718903753595,10489500
2008-01-29,12.872980117797852,13.0776513484853,12.728004459404781,13.035011305435955,10241200
2008-01-30,12.557446479797363,12.885772976770713,12.519070518166888,12.68536580970477,12324700
2008-01-31,12.48068618774414,12.681093220429265,12.36555838005045,12.591549912194651,13010500
2008-02-01,12.54465103149414,12.766378572688769,12.318659405281414,12.523331419694719,11918400
2008-02-04,12.565971374511719,12.64698736798777,12.49774763683434,12.536123590939253,7698300
2008-02-05,12.344246864318848,12.480694364329752,12.305870903279374,12.429526145180036,10549300
2008-02-06,12.476425170898438,12.608608530761535,12.36556141920035,12.403937364530108,7509600
2008-02-07,12.54465103149414,12.693890753963258,12.4167317341155,12.42952317587873,9284200
2008-02-08,12.284550666809082,12.502014178364833,12.237647346247755,12.502014178364833,9163600
2008-02-11,12.5020112991333,12.514803554499187,12.301604178147551,12.344244216076094,9266500
2008-02-12,12.467902183532715,12.659781989919924,12.403942519167398,12.489222613848659,9822400
2008-02-13,12.604348182678223,12.642724139383462,12.467900698077882,12.536124440378051,9227400
2008-02-14,12.497746467590332,12.791961817105241,12.467898686810317,12.62140248886871,7647600
2008-02-15,13.359071731567383,13.384655426790234,12.796225556918627,12.915617490110275,23086000
2008-02-19,13.29511833190918,13.495525529657884,13.201310049876323,13.465677735662481,9964100
2008-02-20,13.337753295898438,13.384656605723116,13.171457229074878,13.205569096806954,10137900
2008-02-21,13.15013599395752,13.418766817536316,13.077648182310705,13.41023946162391,9718700
2008-02-22,13.376129150390625,13.376129150390625,13.05206600267353,13.214097169886541,7091900
2008-02-25,13.444354057312012,13.465673671362074,13.307905762201726,13.410242186857227,6496400
2008-02-26,13.593592643737793,13.640496769429298,13.427297381073183,13.431561466435241,8941600
2008-02-27,13.66181755065918,13.72577639287591,13.529633340879611,13.631968952350437,6207600
2008-02-28,13.486994743347168,13.649025942200076,13.435827338779399,13.589331179065168,6922700
2008-02-29,13.29084587097168,13.678869388303568,13.252469927645349,13.486988858381036,9556600
2008-03-03,13.303643226623535,13.39745067224536,13.218363139119194,13.39745067224536,7876000
2008-03-04,13.222626686096191,13.333490470018454,13.107498816643323,13.218362600565586,11521700
2008-03-05,13.222626686096191,13.33775455554906,13.111762902173927,13.20557034397377,10823600
2008-03-06,13.124553680419922,13.286584845875991,13.111761425269021,13.286584845875991,8413500
2008-03-07,13.0520658493042,13.21409701461325,13.009425812130955,13.047801764257768,9037600
2008-03-10,13.094711303710938,13.209839214869772,13.005167915003922,13.069127594550569,8086900
2008-03-11,13.367598533630371,13.38038997328779,13.175718805859855,13.359070364998143,9430800
2008-03-12,13.311686515808105,13.552543936030572,13.290180876279862,13.488028658158374,8473000
2008-03-13,13.023519515991211,13.191259428380024,12.928896328197405,13.122443011997106,19519800
2008-03-14,12.847171783447266,13.139641016252902,12.76115089003876,13.092330263198658,10936400
2008-03-17,12.847171783447266,12.933191856499734,12.713839316628478,12.718140443334507,11947700
2008-03-18,13.143942832946777,13.148243959878593,12.90308546725767,13.062223882310525,11757900
2008-03-19,12.976210594177246,13.264379704754624,12.976210594177246,13.010618809454103,13269400
2008-03-20,13.397706031799316,13.440716488634193,12.993409050121455,12.993409050121455,13235600
2008-03-24,13.255775451660156,13.440719888584104,13.21706611275252,13.427816502162745,11053200
2008-03-25,13.186958312988281,13.33749453160998,13.139646719044103,13.23426990693246,10131100
2008-03-26,13.255775451660156,13.315989614246954,13.100938096029607,13.122443740065204,8005100
2008-03-27,13.30738353729248,13.397704749681658,13.247168575343542,13.285877900754947,8250200
2008-03-28,13.255775451660156,13.397709420869347,13.148249692551484,13.34609751589679,7694100
2008-03-31,13.337496757507324,13.419216573315579,13.186960513762603,13.186960513762603,11299700
2008-04-01,13.638568878173828,13.647171137041077,13.359002027840718,13.359002027840718,11677100
2008-04-02,13.582656860351562,13.698784902745535,13.531044123613146,13.62136620781622,6135800
2008-04-03,13.419214248657227,13.569749645967633,13.337494447005586,13.526740001225454,8763000
2008-04-04,13.565448760986328,13.629964045712848,13.410611421357599,13.414912549720214,8520300
2008-04-07,13.586950302124023,13.668670080571266,13.496628269028406,13.629960755009739,5132600
2008-04-08,13.617060661315918,13.629964046404417,13.518137170039813,13.522438298402646,7276900
2008-04-09,13.548243522644043,13.642865880489792,13.509534189807983,13.561146907041499,6130700
2008-04-10,13.324591636657715,13.56975023184096,13.30738794208935,13.5482454085414,8651600
2008-04-11,13.217065811157227,13.33749495393923,13.182657601841857,13.195560987968777,7075900
2008-04-14,13.242874145507812,13.311690572255968,13.161154331110685,13.186960286052114,4944700
2008-04-15,13.290180206298828,13.39770593745069,13.242869442434243,13.242869442434243,6879300
2008-04-16,13.419214248657227,13.462223893399408,13.260075773899441,13.371902655013164,10491400
2008-04-17,13.453619003295898,13.513833146763874,13.35039440576958,13.354694712854853,5601000
2008-04-18,13.526735305786133,13.668669217093427,13.462219220355095,13.617056512819818,6403300
2008-04-21,13.483723640441895,13.556841153032309,13.384800188218401,13.556841153032309,4018300
2008-04-22,13.298785209655762,13.496632202086085,13.225667664549686,13.453622557023072,5352400
2008-04-23,13.470827102661133,13.488031618059198,13.298786050462715,13.333194260902399,5103200
2008-04-24,13.440720558166504,13.561149709696009,13.255776112029096,13.346098180765344,5257300
2008-04-25,13.161154747009277,13.483732065218542,13.105240885786674,13.4794309358663,7196000
2008-04-28,13.06222915649414,13.225667944115001,13.036422384483153,13.182657477786433,11459400
2008-04-29,13.234267234802246,13.30738476506355,13.053623973001157,13.070827663462284,12747900
2008-04-30,13.604157447814941,13.81490781811382,13.41921384801856,13.457923183415943,18970700
2008-05-01,13.741791725158691,13.802005885041584,13.556847296539635,13.56974986202517,9569500
2008-05-02,13.780501365661621,13.883725173243633,13.728888641514194,13.840715526869936,9793100
2008-05-05,13.754692077636719,13.836411047085246,13.707381311207643,13.802003664422065,6393000
2008-05-06,13.746094703674316,13.776201789464237,13.621365231065134,13.715987617884394,5917400
2008-05-07,13.561150550842285,13.75899757595908,13.531042645825071,13.724589362010223,5734100
2008-05-08,13.67297077178955,13.758990854461175,13.457919334576298,13.457919334576298,5014400
2008-05-09,13.479429244995117,13.672975939784628,13.393408309453903,13.591256133056119,6445900
2008-05-12,13.488030433654785,13.531040077660313,13.320289704679004,13.518137512601205,6543100
2008-05-13,13.39340877532959,13.54394500758474,13.328893481607803,13.496633409355745,7116300
2008-05-14,13.638568878173828,13.651472266474702,13.393410242953154,13.4192170195549,9749700
2008-05-15,13.73318862915039,13.758994578901712,13.591254674983597,13.621361753086198,7582300
2008-05-16,13.982647895812988,14.008454666631485,13.733189007418517,13.896628607843498,12594600
2008-05-19,14.111681938171387,14.171896103839332,13.99985422417695,14.060068389844895,9273800
2008-05-20,14.004156112670898,14.085875102763088,13.948242255916792,14.072972536094047,7527300
2008-05-21,13.913833618164062,14.072972934919347,13.866523658799169,14.060068727171648,7141700
2008-05-22,13.943941116333008,14.008457234850841,13.840717295560136,13.905233414077967,5943400
2008-05-23,13.758992195129395,13.879421307031565,13.664369848863823,13.875119359069256,9656400
2008-05-27,13.883724212646484,13.900928726290742,13.75469364174001,13.75469364174001,9028700
2008-05-28,13.956844329833984,13.96114463842929,13.836414359897308,13.913833040316268,6135800
2008-05-29,14.115978240966797,14.167590133933748,13.888024209709647,13.935335795226223,5425100
2008-05-30,13.969743728637695,14.189097153656459,13.939636653158658,14.180494897703511,6239500
2008-06-02,13.819209098815918,13.96544417650174,13.703081098237824,13.892325817302504,6169100
2008-06-03,13.784797668457031,14.008451374179698,13.733185779663296,13.845011812168448,9186300
2008-06-04,13.715983390808105,13.823509132837913,13.660070365909382,13.763294979815239,7819000
2008-06-05,13.789102554321289,13.823509940610853,13.664372292507107,13.763295784069582,6991400
2008-06-06,13.427812576293945,13.74178832456556,13.427812576293945,13.664369669385058,7869000
2008-06-09,13.49663257598877,13.625663975821602,13.393407948336353,13.453622929734243,6628300
2008-06-10,13.436418533325195,13.522439467304949,13.333193904763347,13.427816275855935,7389600
2008-06-11,13.238571166992188,13.526740221379374,13.208463266683697,13.436418161166708,8298800
2008-06-12,13.247170448303223,13.354696185125022,13.195558554028269,13.324589110071921,8116500
2008-06-13,13.333196640014648,13.37620711582795,13.18696151446338,13.32029325116368,7306100
2008-06-16,13.019221305847168,13.298788162615795,12.924598096842363,13.26868107624393,11066800
2008-06-17,13.040719985961914,13.217062111892119,13.036418858456765,13.062225623487665,6073800
2008-06-18,12.90308952331543,13.0837328094561,12.88158470225244,12.984809319996202,7300700
2008-06-19,12.748252868652344,12.877284263003485,12.692339838682983,12.868682005975465,11878100
2008-06-20,12.563308715820312,12.786962481243593,12.477288604750406,12.718146064245108,15802700
2008-06-23,12.597713470458984,12.748248818846017,12.563304453277809,12.67943242519591,6866600
2008-06-24,12.57190990447998,12.70524241889375,12.417073389571975,12.602016981813305,7284400
2008-06-25,12.697803497314453,12.806331732334234,12.624004264380812,12.706485954837168,14340900
2008-06-26,12.51547622680664,12.788967019049036,12.489429681832302,12.788967019049036,10141600
2008-06-27,12.324461936950684,12.524154252433021,12.311439083074395,12.515471797845866,9617400
2008-06-30,12.35051155090332,12.454698540918107,12.29841764189363,12.324464182396179,9126200
2008-07-01,12.328812599182129,12.367882846719384,12.172532437038189,12.307107274108134,10612600
2008-07-02,12.467720031738281,12.554542927910973,12.298416295006485,12.328804060265576,10495100
2008-07-03,12.506794929504395,12.589276628914494,12.432995688559531,12.545865164593135,6874800
2008-07-07,12.459041595458984,12.589275145068148,12.354853762165996,12.532840827705435,9283500
2008-07-08,12.584939002990723,12.619668018790428,12.411293923992197,12.411293923992197,9830100
2008-07-09,12.589272499084473,12.706483165900487,12.554543504620973,12.593613726892977,7546900
2008-07-10,12.567567825317383,12.6109784495946,12.459039608615177,12.602296821541906,8134300
2008-07-11,12.558892250061035,12.693467080661723,12.415634958646102,12.44602274349093,9394400
2008-07-14,12.7064847946167,12.801989334631953,12.55454511386157,12.68043742442692,9289900
2008-07-15,12.771604537963867,12.871450329593285,12.554548037201739,12.624006051205233,8826300
2008-07-16,12.97563362121582,12.97563362121582,12.632684879142547,12.719506957690587,7979400
2008-07-17,12.984317779541016,13.019046781113657,12.806331542980645,12.958271235362714,11635700
2008-07-18,12.854084968566895,13.02338875745225,12.758579587755866,12.906178059914039,23388500
2008-07-21,12.558892250061035,12.854089293705151,12.498116680371378,12.82804191126241,14967600
2008-07-22,12.693466186523438,12.697807416624762,12.30710581556038,12.450363096884153,12321300
2008-07-23,12.936565399169922,12.988659316768668,12.663074608789511,12.715168526388258,16518900
2008-07-24,12.75423526763916,12.971291694323318,12.732529956172566,12.841058169514646,18025900
2008-07-25,12.75423526763916,12.832375713726186,12.663071965874002,12.732529956172566,18200700
2008-07-28,13.383702278137207,13.513935832545986,12.945248097220686,13.153622115476633,33427100
2008-07-29,13.65719223022461,13.674557144675976,13.25346790528669,13.40974799532551,64494200
2008-07-30,13.895955085754395,13.895955085754395,13.674558205359428,13.730992525694374,60255900
2008-07-31,13.813477516174316,13.891617999904573,13.757043182371886,13.835183666102141,70927000
2008-08-01,13.908982276916504,14.000145618384556,13.748360086895046,13.748360086895046,101679900
2008-08-04,13.93502140045166,14.00882144384071,13.579049834720669,13.670213133016802,20368700
2008-08-05,14.039210319519043,14.130373625020207,13.9393645578736,14.026187463307215,29854800
2008-08-06,14.013162612915039,14.09998551625341,13.930681765548615,14.004480156980287,11695900
2008-08-07,13.86990737915039,14.065258513844478,13.791766925272755,13.948047833028026,13858600
2008-08-08,14.238903045654297,14.256267959409774,13.739673367249603,13.739673367249603,17296400
2008-08-11,14.243247985839844,14.290999024321277,14.086967042417967,14.18681283271313,15715500
2008-08-12,14.182473182678223,14.317048830358315,14.056581651117424,14.06526411122678,19334400
2008-08-13,14.264955520629883,14.264955520629883,14.065263909015433,14.173792174807188,27973200
2008-08-14,14.191150665283203,14.304020951105956,14.043552207213773,14.173787407164545,18943100
2008-08-15,14.308363914489746,14.343093748966448,14.065261697191447,14.191153207145357,28541700
2008-08-18,14.182473182678223,14.369141935004507,14.143404596201034,14.317048830358315,15029300
2008-08-19,14.178120613098145,14.243238180030051,14.09129774252511,14.09129774252511,17982300
2008-08-20,14.238903045654297,14.269290816721721,13.974093906915908,14.178127503519452,14794300
2008-08-21,14.182473182678223,14.25627326560277,14.08262737543555,14.113015157813322,11478400
2008-08-22,14.143403053283691,14.238906792048123,13.926346542258537,14.238906792048123,13749500
2008-08-25,13.9871187210083,14.152080437204607,13.943706435686098,14.091304893762878,9654200
2008-08-26,13.922002792358398,14.026190633630025,13.856886012567214,13.987120400154359,11475900
2008-08-27,13.926346778869629,14.039215437876074,13.852546702742126,13.961074960098617,11333200
2008-08-28,13.926346778869629,13.982780280367958,13.778747454619516,13.982780280367958,15854700
2008-08-29,13.678900718688965,13.948051142801114,13.644171711836252,13.900298447876821,11785600
2008-09-02,13.76137924194336,13.995800605057527,13.704944101339736,13.822154782896819,14112100
2008-09-03,13.726651191711426,13.822155738096072,13.58773435878189,13.704945048438981,16253600
2008-09-04,13.774402618408203,13.887272075866893,13.587733932149781,13.704944618126651,18213600
2008-09-05,14.186812400817871,14.21720017711261,13.665876490607243,13.774404736234057,21553800
2008-09-08,14.403865814208984,14.412548270724988,14.134716286249878,14.26494982197143,18314100
2008-09-09,14.308363914489746,14.529762469254587,14.277976137327459,14.36913946881432,16884800
2008-09-10,14.234563827514648,14.351774521085419,14.156423365134135,14.22153931311159,12421200
2008-09-11,14.525421142578125,14.538445659166856,14.160766142278643,14.308364634209617,15225600
2008-09-12,14.473325729370117,14.508053904029547,14.286657029548454,14.438595898701216,13696300
2008-09-15,14.386505126953125,14.677361709640738,14.195495995523316,14.247589093911493,13482100
2008-09-16,14.560148239135742,14.62092378508172,14.113010789944255,14.178128392606046,16398900
2008-09-17,14.173789978027344,14.495032667616341,14.143402200796212,14.412551794561795,22708000
2008-09-18,14.646968841552734,14.759837458177117,14.33006499178028,14.646968841552734,28348200
2008-09-19,15.180933952331543,15.180933952331545,14.117356644152144,15.150546171184407,30598900
2008-09-22,14.484920501708984,14.997079171584135,14.42363672957256,14.997079171584135,13287300
2008-09-23,14.266044616699219,14.642503868623761,14.226647679408115,14.484916119459344,9477900
2008-09-24,14.270419120788574,14.441140269407088,14.143474937771389,14.331704534830926,8249700
2008-09-25,14.449895858764648,14.690655847374487,14.21789260049376,14.349215168008282,11072200
2008-09-26,14.414878845214844,14.432388968071834,14.23540426057376,14.296688020716001,7837700
2008-09-29,13.94649600982666,14.611865749720767,13.937740947081773,14.266048285656383,16848300
2008-09-30,14.336085319519043,14.35797213870716,13.990267898832077,14.077816845441813,12604600
2008-10-01,14.642502784729004,14.66438959941346,14.165362877237394,14.23977838113593,10823300
2008-10-02,14.681901931762695,14.883263328977254,14.489293925855575,14.56808780647991,14059000
2008-10-03,14.480545997619629,14.905155770224098,14.441149042444183,14.760701381152664,14682300
2008-10-06,13.8895845413208,14.445518325755435,13.613806831561272,14.182873205957206,21207000
2008-10-07,13.456221580505371,14.160987340207445,13.408069576669893,14.051551575074907,17408000
2008-10-08,13.119161605834961,13.622566884801365,13.075387959775952,13.491243441837998,22752000
2008-10-09,12.12548542022705,13.211088216736336,12.112352825335444,13.141049380505335,21094000
2008-10-10,11.928498268127441,12.558848502131438,11.188712270195671,11.68336239070924,34995500
2008-10-13,12.401263236999512,12.646399163876781,12.318091805853573,12.423150060229545,23149900
2008-10-14,12.217409133911133,12.97470445188083,12.1823897213729,12.882778807066215,24479000
2008-10-15,11.54328441619873,12.243672617354385,11.481999822401164,12.239295086731088,23664100
2008-10-16,12.037935256958008,12.072954671581101,11.346301191955387,11.62207897774616,26888000
2008-10-17,12.528207778930664,12.895911211554898,11.55204003998991,11.897857486707256,20519000
2008-10-20,12.9528226852417,13.040371668205838,12.677043973354946,12.843386874001014,14485500
2008-10-21,12.795231819152832,13.097274820414233,12.760212401247799,12.808364413965512,9723500
2008-10-22,12.335601806640625,12.677040921149962,12.0423138697323,12.50194383230815,14558500
2008-10-23,12.436283111572266,12.554473965181474,11.775290839633763,12.554473965181474,17326100
2008-10-24,11.862834930419922,12.169254515603205,11.683360375331985,11.73151153540268,15143000
2008-10-27,11.78404426574707,12.208654771464692,11.604569661840644,11.709627905474013,11899400
2008-10-28,12.64201831817627,12.672661031565717,11.54328404942596,11.976649548219621,18866500
2008-10-29,12.462549209594727,13.057880257728431,12.339981641987624,12.869650538984455,15621200
2008-10-30,12.672659873962402,12.878398778355184,12.414391443486094,12.808359966862811,15952100
2008-10-31,12.77334213256836,12.944061652217876,12.611376839236017,12.760209540699707,12346300
2008-11-03,12.830245018005371,12.944058279761574,12.606996023975327,12.747074462625683,8425500
2008-11-04,13.355539321899414,13.355539321899414,12.887154435257644,13.106025940038174,12049100
2008-11-05,12.795231819152832,13.364298403770603,12.694551097041957,13.158558593015847,10726700
2008-11-06,12.265559196472168,12.8652666455661,12.173632731289397,12.847757359534656,14725600
2008-11-07,12.471301078796387,12.607001208845276,12.226165171466102,12.374997895363098,12077900
2008-11-10,12.344354629516602,12.716435562680557,12.169256737523414,12.716435562680557,10322400
2008-11-11,12.274313926696777,12.431900836453785,12.08608430608431,12.186764994109605,10285300
2008-11-12,11.840950965881348,12.261184791832044,11.810309081318755,12.037935702253352,14966800
2008-11-13,12.304963111877441,12.322472407838449,11.49951545937525,11.884729154736345,22936900
2008-11-14,12.01167106628418,12.480056056266264,11.398830884672773,12.099219186555114,13373800
2008-11-17,11.744644165039062,12.112348336443345,11.722757349926525,11.832193095346168,12628200
2008-11-18,11.87159252166748,11.941631346638964,11.495133211249271,11.565172036220753,18009500
2008-11-19,11.376938819885254,12.007288882249673,11.359429536587337,11.849701157926471,17774500
2008-11-20,10.886672973632812,11.569552083068341,10.834143426016771,11.22811211088616,20477700
2008-11-21,11.626455307006836,11.626455307006836,10.877915083723419,11.1011641419646,19215600
2008-11-24,11.801554679870605,11.981030135804081,11.503890045349033,11.714006552633244,14471600
2008-11-25,11.762154579162598,12.033554767029223,11.403204623871371,12.033554767029223,15865200
2008-11-26,11.805927276611328,11.819059865925482,11.486375117656166,11.552036394370067,12096800
2008-11-28,11.910984992980957,11.910984992980957,11.591432847261787,11.770907385812466,6124900
2008-12-01,11.188713073730469,11.797176532618105,11.162448722281601,11.788421470492256,14361600
2008-12-02,11.446978569030762,11.464488688704286,11.140558989100208,11.337542825856607,11829700
2008-12-03,11.657097816467285,11.709627353271133,11.223732268818036,11.258751681711047,12380800
2008-12-04,11.429474830627441,11.770913980665581,11.35068092371745,11.569552516276818,10178200
2008-12-05,12.103595733642578,12.142992676786113,11.293770886144648,11.433849370059795,16901300
2008-12-08,12.116726875305176,12.41001473084647,12.051065589572046,12.261182037889482,15621800
2008-12-09,11.797176361083984,12.147370491739235,11.683363059888862,12.077331665608185,16469600
2008-12-10,11.762154579162598,11.928496548990998,11.60456683464101,11.867212797200823,11687000
2008-12-11,11.73588752746582,11.849700787594706,11.700868127036038,11.749020115725127,15338700
2008-12-12,11.801554679870605,11.880348578834381,11.482002387343107,11.657099476746614,11848200
2008-12-15,11.70525074005127,11.884725349565855,11.565173077496349,11.75778028097373,10080900
2008-12-16,11.954757690429688,12.03792907051498,11.713999442990698,11.766528120465837,15825000
2008-12-17,11.8278226852417,12.011674881615937,11.722764406589132,11.819067619955074,13127600
2008-12-18,11.700871467590332,12.11235016631216,11.600190766976795,11.871591823987856,12807000
2008-12-19,11.674605369567871,11.932873795879987,11.587056439149755,11.779663585112523,19801300
2008-12-22,11.757780075073242,11.884725141442324,11.58268216501715,11.740269950096147,9258300
2008-12-23,11.625021934509277,11.93036068709779,11.571919065687839,11.899384365302561,6444900
2008-12-24,11.713529586791992,11.762207162815507,11.638300989320085,11.6869785653436,2191400
2008-12-26,11.788752555847168,11.850706035036715,11.664847285550776,11.7445011559078,2736300
2008-12-29,11.735647201538086,11.881678974324688,11.571914198575598,11.877253666780717,5978300
2008-12-30,11.7710542678833,11.877259165988471,11.647148131406519,11.762203648697495,8454900
2008-12-31,11.88168716430664,11.925939426208082,11.660426698841123,11.788757329909442,9757600
2009-01-02,12.09852123260498,12.14277349053211,11.753354633623308,11.917087734741203,7794200
2009-01-05,12.22242546081543,12.284378105730164,12.045416456987931,12.049841766487768,10196400
2009-01-06,12.293228149414062,12.417133433444837,12.129495081748681,12.226849354064496,10244500
2009-01-07,12.28437614440918,12.377305096944264,12.142769639189234,12.142769639189234,11029200
2009-01-08,12.386157989501953,12.443686170339626,12.248976767879164,12.253402077485255,13669700
2009-01-09,12.293228149414062,12.501212621923894,12.266676293657659,12.425984052030305,8161500
2009-01-12,12.625121116638184,12.660522753574826,12.195875319234604,12.29323045384157,13798000
2009-01-13,12.753454208374023,12.855233828808398,12.642823965977938,12.642823965977938,12474700
2009-01-14,12.386157989501953,12.629544953587907,12.279953091080294,12.580867391962416,13733700
2009-01-15,12.421558380126953,12.461385318557486,12.116218800173348,12.443684925944705,13851500
2009-01-16,12.673800468444824,12.74017929000439,12.465815913811284,12.56759553560801,12432800
2009-01-20,12.487936019897461,12.802126210388789,12.465810318669668,12.673794779951676,11162800
2009-01-21,12.536617279052734,12.642822195596027,12.319782135604973,12.585294848984027,23904500
2009-01-22,12.793278694152832,12.793278694152832,12.337481879591301,12.390584757071341,16888500
2009-01-23,12.68707275390625,12.731325007542408,12.43926131520192,12.611844175937245,11483400
2009-01-26,12.766724586486816,12.917181718204606,12.651669083170777,12.806551523943961,9172100
2009-01-27,12.89948558807373,12.965863562096681,12.713626754384428,12.749028396799451,10557200
2009-01-28,13.085342407226562,13.2048232484984,12.926034618864113,13.072067320890762,10587700
2009-01-29,12.957008361816406,13.195969137098604,12.917181425262475,13.005685072239025,9651800
2009-01-30,12.412710189819336,12.957011506825566,12.337481607406545,12.926034336621347,17533200
2009-02-02,12.496786117553711,12.567589371383596,12.222423719973248,12.244549420279577,11927800
2009-02-03,12.71805191040039,12.775580106150711,12.390586511036574,12.59857105218824,8647000
2009-02-04,11.554222106933594,11.855136483613794,11.46129226988037,11.545371485492009,26372300
2009-02-05,11.505539894104004,11.602894158583835,11.337382374722228,11.509965203040549,14236300
2009-02-06,11.655997276306152,11.713524605654658,11.470138517119715,11.540941773567749,11156800
2009-02-09,11.452436447143555,11.655996427641648,11.42588543891905,11.642720501508729,8687400
2009-02-10,11.054168701171875,11.452437227854695,10.987790754064969,11.381633971735145,13997600
2009-02-11,11.111699104309082,11.191352994439717,10.996643579013895,11.14267542957287,10631600
2009-02-12,11.27100944519043,11.284285378903016,10.89044196322292,10.96124525493975,18134100
2009-02-13,11.15152645111084,11.271006446569526,11.133825210870093,11.257731360430556,10227800
2009-02-17,10.939114570617676,11.076296635086717,10.757681098556295,10.837334982688901,13847400
2009-02-18,10.762104988098145,11.018767000858857,10.704577659393754,10.992215990998474,11156800
2009-02-19,10.76653003692627,11.018766734608468,10.735553718830753,10.828482673117303,9212300
2009-02-20,10.403666496276855,10.620501636742008,10.301886891494737,10.554123670320697,15247800
2009-02-23,10.160277366638184,10.660326353330548,10.14257697318473,10.452341877014058,11432000
2009-02-24,10.496591567993164,10.509867493945656,10.138150007689115,10.24435488318508,15885500
2009-02-25,10.549697875976562,10.709005663311618,10.434642345572534,10.46119336211451,17610800
2009-02-26,10.120452880859375,10.660328049744537,10.116027570781432,10.660328049744537,11645400
2009-02-27,10.080626487731934,10.177980782667678,9.934594623307497,9.952295020549615,14641100
2009-03-02,9.788559913635254,10.014244766111696,9.748732976364964,9.92574111754325,12795600
2009-03-03,9.708909034729004,9.850515591363614,9.624829825211584,9.806263331404883,14104700
2009-03-04,9.713335990905762,9.881493594390689,9.527477142821475,9.832816015784248,12724600
2009-03-05,9.292938232421875,9.55845092215653,9.208859031130228,9.447820705103886,13954200
2009-03-06,9.567301750183105,9.59827807658494,9.35046577728708,9.381442947730507,14208500
2009-03-09,9.3947172164917,9.567300917780207,9.363740892784959,9.487647031653436,10011900
2009-03-10,9.646954536437988,9.646954536437988,9.425694103546826,9.447820653260884,12391600
2009-03-11,9.434542655944824,9.691204668091942,9.332763081688864,9.691204668091942,14382200
2009-03-12,9.85051441192627,9.872640117235616,9.350465369136105,9.43011925871624,12476100
2009-03-13,9.96999740600586,9.992123116108097,9.846091234924813,9.912469209273263,8384300
2009-03-16,10.120452880859375,10.328437390273141,10.06735000396565,10.06735000396565,8528900
2009-03-17,10.315162658691406,10.315162658691406,10.027524222533422,10.147005076397132,7721900
2009-03-18,9.863786697387695,10.284180851242695,9.779707529000198,10.262055154107626,19882200
2009-03-19,9.806260108947754,10.049646192678635,9.766433172476683,9.952291927994558,9746400
2009-03-20,9.797409057617188,9.912464552994502,9.779708666658323,9.815110292617394,15551100
2009-03-23,10.380326271057129,10.380326271057129,9.931932040296614,9.99022376923219,13592100
2009-03-24,10.389293670654297,10.48345604234057,10.223387439988493,10.259258941856224,10858400
2009-03-25,10.335488319396973,10.573137607353981,10.187518233941093,10.456554986200217,11340200
2009-03-26,10.34445571899414,10.47000642305168,10.214421824831154,10.438618960848347,11717900
2009-03-27,10.263739585876465,10.447581078943085,10.227868095893802,10.24132022535372,10604600
2009-03-30,9.792924880981445,10.187511218733503,9.734633182922598,10.147155690921585,15357500
2009-03-31,9.99470329284668,10.088865628192819,9.797409681093773,9.86466861423298,14567100
2009-04-01,10.227864265441895,10.26373574199028,9.837762064883636,9.922956287158888,10373300
2009-04-02,10.299610137939453,10.514839913479612,10.263738651223377,10.46551629852862,10912300
2009-04-03,10.313063621520996,10.492421078672598,10.156125525796913,10.322031708189531,8333900
2009-04-06,10.133709907531738,10.366875115576663,10.11128968257888,10.29513125097165,9432100
2009-04-07,10.070931434631348,10.133707192435883,9.967800993212052,10.003672488281541,12938100
2009-04-08,9.887090682983398,10.133707979068308,9.851219185129372,10.124739890793808,15250500
2009-04-09,10.021614074707031,10.093357103584363,9.878128016952367,10.079904964953226,11460100
2009-04-13,10.070931434631348,10.106803784944741,9.967800993212052,9.967800993212052,6925700
2009-04-14,10.04851245880127,10.111287363785008,9.891574341097984,10.003672874422625,7991300
2009-04-15,10.254770278930664,10.259253465932652,10.021605213621292,10.021605213621292,7130100
2009-04-16,10.156126022338867,10.236837095814078,10.021608136709421,10.214417733290457,12310700
2009-04-17,10.165095329284668,10.232354280170645,9.990221885932334,10.187514694498672,13609900
2009-04-20,10.075416564941406,10.281678325266926,10.066449331639946,10.070932520668679,10906800
2009-04-21,10.200970649719238,10.25029429796748,10.04851651444675,10.04851651444675,9887300
2009-04-22,10.061964988708496,10.21890311261977,10.03954476801033,10.156127349908878,8564500
2009-04-23,9.985737800598145,10.088868248546962,9.896058629624587,10.057480795279405,11580500
2009-04-24,9.981252670288086,10.039543526406465,9.936413089681096,10.03057629448016,9030000
2009-04-27,10.03506088256836,10.178547731573854,9.864671478787564,9.913995109859577,10118700
2009-04-28,10.223384857177734,10.313064016812778,9.936412914735758,10.008155900346253,7935400
2009-04-29,10.434128761291504,10.559678536053683,10.232351115789863,10.27270664489019,9467400
2009-04-30,10.492424011230469,10.631425972467541,10.362390139168447,10.483455922055416,11743400
2009-05-01,10.532777786254883,10.537261830088445,10.384807760722971,10.514842466164545,5939100
2009-05-04,10.878039360046387,10.878039360046387,10.559679151396878,10.62245489767979,11020600
2009-05-05,11.30849838256836,11.855539707178833,11.272626890400772,11.469920524944412,28944400
2009-05-06,11.209855079650879,11.510279229995286,11.178467622266908,11.478891772611314,15545500
2009-05-07,11.227785110473633,11.443014004894849,11.129137892431206,11.281591906457136,15644100
2009-05-08,11.447504043579102,11.519247045966887,11.254694403945411,11.357824862972345,13016700
2009-05-11,11.299535751342773,11.411634316910682,11.209856556790774,11.353342583878627,7661800
2009-05-12,11.393691062927246,11.519241686311894,11.308495966514675,11.308495966514675,8205800
2009-05-13,11.160530090332031,11.299532892240396,11.061883685480517,11.299532892240396,12130200
2009-05-14,11.254690170288086,11.290561657988263,11.111204219487377,11.191914425379979,8177800
2009-05-15,11.1201753616333,11.254694129260335,11.066368538777711,11.223306673387235,8430400
2009-05-18,11.236754417419434,11.250206546524531,11.07981633216834,11.165011439346436,8658600
2009-05-19,11.236754417419434,11.277109949490965,11.124655907274905,11.178463568451534,7295500
2009-05-20,11.142590522766113,11.35781942691707,11.115687123558155,11.26814028923235,8923000
2009-05-21,11.178462028503418,11.178462028503418,10.940812911847871,11.04842736413237,8898000
2009-05-22,11.41611385345459,11.555116646049969,11.165013386409761,11.20088488170188,9739300
2009-05-26,11.59546947479248,11.617888833393206,11.286077365688936,11.384723740873326,9067000
2009-05-27,11.41611385345459,11.599956228976096,11.371275125772373,11.577536009891077,8475300
2009-05-28,11.57753849029541,11.61340999327274,11.308501790343389,11.447504612719124,9944700
2009-05-29,11.707573890686035,11.712057935719395,11.501312095372194,11.568571060384308,9636700
2009-06-01,11.945219039916992,11.958671171356146,11.74344219979315,11.783797738866701,11968100
2009-06-02,12.106643676757812,12.169418592514747,11.909349984779341,11.909349984779341,11696500
2009-06-03,12.021444320678711,12.066283897024547,11.851054956857075,12.061799853865585,10994400
2009-06-04,12.1245756149292,12.20976986930302,11.945217309367127,12.06179986588496,11081900
2009-06-05,11.940733909606934,12.214254570607816,11.864506882208843,12.214254570607816,10510500
2009-06-08,11.92280101776123,12.043867648605435,11.851058019167036,11.95418847274069,7818300
2009-06-09,11.752405166625977,12.01695766886898,11.707566455257549,11.98557022881364,9309800
2009-06-10,11.590988159179688,11.877960121958262,11.492340905541619,11.801733087439715,13487100
2009-06-11,11.63582992553711,11.846574893341597,11.622377791541222,11.64479715962363,10828000
2009-06-12,11.631342887878418,11.7389573664218,11.528211597602638,11.613406713832594,6588500
2009-06-15,11.326433181762695,11.590985725110489,11.312981053115886,11.590985725110489,9899900
2009-06-16,11.124656677246094,11.384725204571785,11.124656677246094,11.384725204571785,11823300
2009-06-17,11.15604305267334,11.362304750508246,11.120171564603408,11.15604305267334,13226000
2009-06-18,11.590988159179688,11.649279018402618,11.151562127364018,11.187433622711339,11606000
2009-06-19,11.393691062927246,11.698599108830212,11.339884263793577,11.698599108830212,12740300
2009-06-22,11.321946144104004,11.438528662474493,11.286074665777969,11.34436549734146,10227700
2009-06-23,11.492337226867676,11.53269275312118,11.299528535620938,11.36230341857366,11278800
2009-06-24,11.541662216186523,11.658244766480578,11.501306685113821,11.577533704335176,10982100
2009-06-25,11.644792556762695,11.747923832811452,11.43404767225977,11.573049580964094,11882700
2009-06-26,11.59038257598877,11.685609175652397,11.454345564928985,11.667470446229906,11061500
2009-06-29,11.599452018737793,11.681074571883686,11.5178294655919,11.594917336351662,6782400
2009-06-30,11.490618705749512,11.71281288498863,11.37271959464064,11.658397577976087,10316400
2009-07-01,12.066513061523438,12.134531562639705,11.558639914377784,11.56770927850053,16294200
2009-07-02,11.771764755249023,11.966751758936638,11.730954346593213,11.907802622076325,10720000
2009-07-06,11.989422798156738,12.007560657872125,11.6992092585926,11.771762427258135,11413000
2009-07-07,11.676535606384277,11.984886976315819,11.662931564216034,11.971282934147576,11953400
2009-07-08,11.6538667678833,11.767231227240522,11.522363579875874,11.740023134265215,12384400
2009-07-09,11.699207305908203,11.767226646968457,11.54049781650588,11.6311888297498,8532900
2009-07-10,11.826177597045898,11.871523543153756,11.567706828603685,11.74455506703215,8514400
2009-07-13,12.188944816589355,12.243360131062104,11.93047401887349,11.980354651731668,11298800
2009-07-14,12.24336051940918,12.284171790332712,12.111857343121773,12.247895201167585,7946000
2009-07-15,12.483692169189453,12.501830029440875,12.243359250318473,12.3159124211282,8660800
2009-07-16,12.574383735656738,12.597057143063953,12.429277387858788,12.461019293326832,8567900
2009-07-17,12.438346862792969,12.669610431016084,12.365793688240862,12.610660436128708,7977700
2009-07-20,12.515433311462402,12.53357117060973,12.338584211589644,12.515433311462402,6041000
2009-07-21,12.506363868713379,12.660539562529365,12.34765349391434,12.60612425563468,6511100
2009-07-22,12.660540580749512,12.719489708466254,12.574383364946243,12.660540580749512,10155900
2009-07-23,12.864595413208008,13.059581498958275,12.624262519280567,12.674143143373527,13309300
2009-07-24,12.751235961914062,12.90087702766818,12.67868190542812,12.878203614734364,12195200
2009-07-27,12.814722061157227,12.828326111330345,12.60159713119289,12.760306725367172,7648500
2009-07-28,12.909945487976074,12.93715358341243,12.755769740112454,12.787512518121535,7325300
2009-07-29,12.941688537597656,12.99156831713996,12.814720017603385,12.860065979380074,6515500
2009-07-30,12.955290794372559,13.20015845151683,12.928083565212823,13.09132866997567,9795200
2009-07-31,12.850993156433105,13.041445452731416,12.846458474985281,12.959822916474705,9371700
2009-08-03,12.787510871887207,12.96435914494516,12.719491506955238,12.946220416989393,10950000
2009-08-04,12.850993156433105,12.855527837880928,12.714956172606618,12.746698077839328,8912500
2009-08-05,12.84645938873291,12.905408521943462,12.556246674646289,12.769371528440887,11607800
2009-08-06,12.860060691833496,13.050512961067346,12.823784110308091,12.98249361391803,6375500
2009-08-07,13.014243125915527,13.095864827982613,12.968897159276674,13.059588227652005,8123700
2009-08-10,12.98249626159668,13.000634988509596,12.923547128933906,12.973427763042325,5701100
2009-08-11,12.905412673950195,13.027846526433933,12.86460225469134,12.987035242272688,6021700
2009-08-12,12.923544883728027,13.0233052697114,12.823784497744654,12.83738767566396,7377800
2009-08-13,12.855525016784668,12.955285392038585,12.75576377662889,12.882732234599034,7914700
2009-08-14,12.742170333862305,12.905414630351988,12.619736462818153,12.851000153156267,6728900
2009-08-17,12.601593971252441,12.696819703878473,12.560782695869229,12.660543110749193,6557100
2009-08-18,12.669609069824219,12.701350972167734,12.524502736309875,12.6424009836138,5916100
2009-08-19,12.98249626159668,12.987030943324909,12.610661008902918,12.624265054087605,10220800
2009-08-20,12.855525016784668,13.005166012116474,12.778437178892412,12.982492609852951,7912100
2009-08-21,13.064122200012207,13.159348811262937,12.87820452532047,12.964361770756403,11596600
2009-08-24,12.878199577331543,13.07318654292129,12.84192299291266,13.07318654292129,9924000
2009-08-25,12.968890190124512,13.077719932633995,12.900871709168824,12.973424870841813,7665500
2009-08-26,12.905412673950195,13.050519942580397,12.83285947208629,12.95982800779932,8262600
2009-08-27,12.887266159057617,13.000630569019453,12.737625172504066,12.964353992427737,6987000
2009-08-28,12.850993156433105,12.941685055585463,12.737628714943682,12.941685055585463,5990800
2009-08-31,12.855525016784668,12.91900881331881,12.760298457081594,12.805644396706779,5493100
2009-09-01,12.728556632995605,12.937147610526361,12.696814734543546,12.896336351116037,9695400
2009-09-02,12.701351165771484,12.728558387494644,12.628797997908402,12.719489025286263,7126800
2009-09-03,12.692280769348145,12.737626711793109,12.506363183735512,12.719487988854357,6759400
2009-09-04,12.742170333862305,12.778446940293625,12.633340514568342,12.724031598195385,4227300
2009-09-08,11.993956565856934,12.207081374467709,11.853384055484149,11.953145303477987,43171900
2009-09-09,12.175341606140137,12.175341606140137,11.971285258506237,12.06197716076621,18191600
2009-09-10,11.876059532165527,12.216152868075978,11.839782944264496,12.198014141674424,23755500
2009-09-11,11.835247993469238,11.971284978778401,11.812574585983006,11.948612436194226,17350500
2009-09-14,11.839787483215332,11.912340686831698,11.798976198068326,11.835252799876507,12747800
2009-09-15,11.826177597045898,11.880592905355725,11.794435694240992,11.866988862052771,15060300
2009-09-16,11.912335395812988,11.993957929853291,11.81257413647394,11.86698944746815,17300200
2009-09-17,12.0256986618042,12.143597770045647,11.980352717880267,11.99395676052803,13075100
2009-09-18,12.120926856994629,12.143600266067908,11.993959225792743,12.125461538809285,12899200
2009-09-21,12.12999439239502,12.225220101444044,12.039302499575195,12.043837180706385,10658000
2009-09-22,12.01209831237793,12.19801596121626,11.962217672235184,12.19801596121626,10591400
2009-09-23,11.916868209838867,12.075577706823974,11.903264167996477,12.039301126812823,11285700
2009-09-24,11.9622163772583,12.025701057358916,11.87152533624646,11.93954383323087,10815300
2009-09-25,12.030235290527344,12.148134417858085,11.93047402476175,11.984889339261354,11697000
2009-09-28,11.998143196105957,12.131098855896296,11.970635279332251,12.048575105575177,10171500
2009-09-29,11.929368019104004,12.053154904935067,11.87435133391446,11.988968626470509,10428600
2009-09-30,12.043985366821289,12.062323678994762,11.805581187342291,11.933952870398802,12953100
2009-10-01,11.915616989135742,12.025649516081058,11.82392365391171,12.025649516081058,12950900
2009-10-02,11.89727783203125,11.924785743210562,11.805583628819235,11.856015528031916,10994300
2009-10-05,11.929368019104004,11.947706331193487,11.791826743360419,11.897275317101997,8853000
2009-10-06,11.961468696594238,12.021069343700367,11.92937597319393,11.970638295983221,12956800
2009-10-07,11.94312572479248,12.007312025776752,11.915617809776851,11.966049716022882,7773200
2009-10-08,11.970638275146484,12.0439933212084,11.943129477027421,12.03482372183538,11039300
2009-10-09,11.906449317932129,12.002728341110613,11.851433482796653,11.988973945096276,8690500
2009-10-12,12.007311820983887,12.07149724641258,11.915617606547892,11.961464713765888,6055300
2009-10-13,11.915616989135742,12.025649516081058,11.883524278084291,11.998141602959928,8203900
2009-10-14,12.053154945373535,12.103585959634223,11.929368059127167,11.961460761236845,11489800
2009-10-15,12.209035873413086,12.209035873413086,12.04857233376417,12.04857233376417,10000200
2009-10-16,12.392423629760742,12.479532154046272,11.94770791599914,11.993555013995064,18995800
2009-10-19,12.474947929382324,12.525379826938657,12.39700899601083,12.406177716462318,11226900
2009-10-20,12.484116554260254,12.548302839197499,12.415346346683794,12.493286148459951,8363500
2009-10-21,12.57122802734375,12.71335326307946,12.442856310719407,12.497873010547204,15785200
2009-10-22,12.429099082946777,12.529961982330821,12.369497603045808,12.47953009540854,11112000
2009-10-23,12.401591300964355,12.511624676633097,12.31906758090368,12.374083394277463,10450700
2009-10-26,12.241127967834473,12.493285677598085,12.167772965922856,12.378668377803606,11128200
2009-10-27,12.2548828125,12.319069101975469,12.190697397485227,12.277806799620059,9106400
2009-10-28,12.35574722290039,12.378670336702582,12.21820591670503,12.250298625812393,12980500
2009-10-29,12.630827903747559,12.649167094092746,12.36950056255372,12.424517259128557,13196600
2009-10-30,12.61707592010498,12.667506950766883,12.488704195456581,12.49328899360054,16916200
2009-11-02,12.672090530395508,12.676675328098606,12.525380501739352,12.667505732692408,12116000
2009-11-03,12.626245498657227,12.699600519935892,12.552889602917729,12.67667652924829,10624800
2009-11-04,12.227376937866211,12.406179694863873,12.181529830454778,12.401594896676645,28850500
2009-11-05,12.392423629760742,12.392423629760742,12.222789629514022,12.305314231014554,12784600
2009-11-06,12.277803421020508,12.433682992699264,12.17235485820691,12.323649633723297,11859000
2009-11-09,12.16319465637207,12.337412660218138,12.062330819101287,12.328243061473328,17061700
2009-11-10,12.28697395324707,12.364913750595468,12.080663342238193,12.140263952229047,10212200
2009-11-11,12.296142578125,12.387836758767063,12.268634673716587,12.337404871967877,7371900
2009-11-12,12.305315971374512,12.387840584546627,12.264053664788454,12.319070365056794,7855000
2009-11-13,12.337409973144531,12.43368899007345,12.28697806549315,12.305317258988516,6973200
2009-11-16,12.667509078979492,12.690433073550654,12.323657030560861,12.351165824046257,17474100
2009-11-17,12.672090530395508,12.704183239856448,12.589565920661233,12.667505732692408,10575300
2009-11-18,12.497873306274414,12.66292253520246,12.465780594974138,12.635413747407252,10904500
2009-11-19,12.364913940429688,12.47036252043332,12.337406033431636,12.46119292661377,8895700
2009-11-20,12.4566068649292,12.763781231010565,12.429098960724145,12.649163943285584,11395300
2009-11-23,12.53454875946045,12.65833566085134,12.47953206735539,12.516209570605211,9027300
2009-11-24,12.479532241821289,12.566641641180164,12.314483912120018,12.566641641180164,8812900
2009-11-25,12.28697395324707,12.484115845037758,12.259466046671337,12.484115845037758,9785500
2009-11-27,12.213623046875,12.264054954552979,12.080667391806978,12.186115131078319,4468600
2009-11-30,12.186118125915527,12.231965246484547,12.131101406340484,12.222795647478526,7565100
2009-12-01,12.14943790435791,12.314487151942712,12.14485310587379,12.296147958006225,10528600
2009-12-02,12.199864387512207,12.332819986578109,12.181525201731802,12.222787495277204,8758400
2009-12-03,12.112759590148926,12.259469634097968,12.103589993786901,12.241131315834757,6764200
2009-12-04,12.181524276733398,12.231956159339482,12.103584492006016,12.181524276733398,12821900
2009-12-07,12.231961250305176,12.286977077445467,12.181529346709237,12.181529346709237,9010400
2009-12-08,12.222795486450195,12.305320127494998,12.14944044429061,12.236549884778022,8395700
2009-12-09,12.245711326599121,12.273220106895128,12.140263625512777,12.254880920031123,6770500
2009-12-10,12.231961250305176,12.254884365870163,12.149436635133933,12.154021433139091,8410000
2009-12-11,12.282393455505371,12.332824485878879,12.227376752553294,12.24113114690652,6218200
2009-12-14,12.364913940429688,12.415345831976616,12.296143735704257,12.346575627251186,7178200
2009-12-15,12.300729751586914,12.38325435521966,12.286975359494562,12.38325435521966,6602000
2009-12-16,12.447441101074219,12.539135309245022,12.31448546113341,12.374086084321888,9948000
2009-12-17,12.32365894317627,12.397014862727753,12.268643096589052,12.34199814167942,9557000
2009-12-18,12.383252143859863,12.511623823748915,12.286973165327943,12.511623823748915,12950100
2009-12-21,12.374088287353516,12.470367310520057,12.346580369789189,12.410765802259595,6472000
2009-12-22,12.511629104614258,12.557475340497621,12.397011765984054,12.456612397308966,6365100
2009-12-23,12.543724060058594,12.584986379292554,12.50704654012408,12.580401579993108,4583600
2009-12-24,12.635412216186523,12.635412216186523,12.543718891363406,12.543718891363406,2225100
2009-12-28,12.73271369934082,12.741980806575272,12.663212162602408,12.73271369934082,4368500
2009-12-29,12.718812942504883,12.765146707588025,12.695645176203392,12.72807916526556,5233400
2009-12-30,12.737353324890137,12.769787331912113,12.653951087541966,12.653951087541966,5063600
2009-12-31,12.593714714050293,12.741984942893225,12.589081158928916,12.709550940803869,5215900
2010-01-04,12.709552764892578,12.732719660064122,12.589082965727673,12.649317423429924,7953300
2010-01-05,13.330435752868652,13.34896909316135,12.978293449702965,13.121930151073034,37152800
2010-01-06,13.423100471496582,13.5111362436313,13.019990932332714,13.112659375425924,40848800
2010-01-07,13.390665054321289,13.478700817134115,13.237761299835908,13.460166600221896,18359900
2010-01-08,13.404568672180176,13.409202227429747,13.2192308809989,13.325800000458097,11000000
2010-01-11,13.344330787658691,13.483334767301882,13.265562130988922,13.427732998692578,11819700
2010-01-12,13.571371078491211,13.594537967483365,13.270196219032204,13.321164435327143,19561000
2010-01-13,13.543567657470703,13.946678003442072,13.511133664391634,13.765972938950066,18000100
2010-01-14,13.492600440979004,13.710372170369984,13.311895375038366,13.645504183691827,10023700
2010-01-15,13.705737113952637,13.900341936412813,13.019987123858657,13.16362374308214,25979600
2010-01-19,13.626972198486328,13.63623930774565,13.260930220344994,13.43700087747117,53008900
2010-01-20,13.335062980651855,13.367496973592672,13.158991470744526,13.223860340386185,29477300
2010-01-21,13.084855079650879,13.297994115177115,12.996819333427439,13.251659465387938,29094200
2010-01-22,12.913422584533691,13.061692809210893,12.894888364568915,12.927322365747022,28024500
2010-01-25,12.8300199508667,12.908788615671076,12.751251286062324,12.788318841043193,23989200
2010-01-26,12.86245059967041,12.89488459135791,12.552009576181506,12.62151111319186,33282200
2010-01-27,13.135826110839844,13.191426995549358,12.857819036011884,12.857819036011884,24109300
2010-01-28,12.992185592651367,13.182156845740275,12.96901782778695,13.0987546597481,21415500
2010-01-29,12.816117286682129,13.019989249147551,12.81148373256245,12.941220596633189,15402500
2010-02-01,13.001456260681152,13.02925758802511,12.806851388074286,12.89488715714315,16347600
2010-02-02,13.205326080322266,13.274827619782483,13.006087685778958,13.04315523240841,22109600
2010-02-03,13.196060180664062,13.399932147668059,13.098758193264946,13.149725522195867,27546500
2010-02-04,13.154359817504883,13.168260480956503,12.91342117066453,13.00608960906154,58782300
2010-02-05,13.177528381347656,13.260930599546091,12.894887727177448,13.112659498437647,53305800
2010-02-08,13.14045524597168,13.279458294757964,13.135821693177492,13.186789006393887,20271300
2010-02-09,13.390665054321289,13.441633267069783,13.163626199707243,13.196060195543522,24555300
2010-02-10,13.404568672180176,13.46016956765441,13.321166445208528,13.423102009418155,19987800
2010-02-11,13.432371139526367,13.506506267145381,13.321168448097845,13.446271807365095,21738800
2010-02-12,13.478700637817383,13.478700637817383,13.233127569558153,13.436999534079776,74196600
2010-02-16,13.423100471496582,13.423100471496582,13.121926484863303,13.28873091969536,54149700
2010-02-17,13.26556396484375,13.413835073712438,13.182162626040446,13.37213396243066,24839500
2010-02-18,13.348966598510742,13.348966598510742,13.196062813688714,13.274831483673411,20606500
2010-02-19,13.399933815002441,13.460168259873907,13.27483048669992,13.325798705732845,15497300
2010-02-22,13.413832664489746,13.478700655383857,13.274828690596532,13.386031339455048,27353400
2010-02-23,13.497233390808105,13.608436918503875,13.399931408774377,13.469432950764192,27848300
2010-02-24,13.460165023803711,13.576001214658337,13.432364585451399,13.529667445324488,22312000
2010-02-25,13.348966598510742,13.427735268495441,13.219230589425553,13.339700371976285,22799300
2010-02-26,13.172894477844238,13.330431800546126,13.112659151291068,13.321164691267148,26546400
2010-03-01,13.30726432800293,13.325798546979634,13.149727001741764,13.172894775462643,13289700
2010-03-02,13.39530086517334,13.497236424082683,13.32116575255559,13.353599753855825,13813800
2010-03-03,13.423100471496582,13.469435134923286,13.381399362788569,13.432367580933963,13534300
2010-03-04,13.474068641662598,13.538936639972878,13.432367533103076,13.437001087805267,11131100
2010-03-05,13.594539642333984,13.613072979058986,13.446269413492868,13.525038083034746,12133500
2010-03-08,13.51577091217041,13.636240693503549,13.478703355126388,13.603806691560063,7578600
2010-03-09,13.543567657470703,13.640870520467942,13.511133664391634,13.617702751297157,14592500
2010-03-10,13.61307430267334,13.673309641346965,13.515772286945678,13.562106958903767,13906700
2010-03-11,13.631601333618164,13.631601333618164,13.487964721707813,13.585266686103889,8597100
2010-03-12,13.645501136779785,13.715002661810209,13.594532939336219,13.613066266923072,8989700
2010-03-15,13.69647216796875,13.793775036429219,13.622337069979858,13.626970624074174,9896900
2010-03-16,13.756707191467285,13.793774739664245,13.668671433089486,13.78450763167499,11378600
2010-03-17,13.761344909667969,13.803046024478382,13.68720979084064,13.779878247494638,15558100
2010-03-18,13.821578979492188,13.895714096266214,13.752077417986575,13.789144976373588,10776900
2010-03-19,13.72890853881836,13.895712980040878,13.668674092688134,13.72890853881836,16581600
2010-03-22,13.775240898132324,13.821575555578034,13.673305358759832,13.696472245602644,8633800
2010-03-23,14.261751174926758,14.27101739791298,13.789139335991731,13.821573325843362,28224800
2010-03-24,14.233954429626465,14.312723094766021,14.169086429073968,14.252488649075877,17918800
2010-03-25,14.27101993560791,14.354422143634206,14.238585939988816,14.26638726517098,14827800
2010-03-26,14.192251205444336,14.289554075538362,14.05324811532155,14.243219417577402,17103100
2010-03-29,14.285807609558105,14.313873778563796,14.154830667185843,14.220318692268261,10126800
2010-03-30,14.267095565795898,14.40275034533678,14.192251857155199,14.327905744488698,9197700
2010-03-31,14.14547348022461,14.276450408708966,14.12676300027389,14.276450408708966,8654100
2010-04-01,14.192255020141602,14.267098745462503,14.12676698353771,14.220321194085045,9584100
2010-04-05,14.131442070007324,14.281130393094347,14.108053743510194,14.25774117438975,10098800
2010-04-06,14.07062816619873,14.15014970435779,14.042562003380011,14.126761384043396,10026400
2010-04-07,14.06595516204834,14.182898588260525,14.033211145462134,14.061277317934948,8486300
2010-04-08,14.094022750854492,14.168867371982493,13.991112846640885,14.033212555684548,7826900
2010-04-09,14.14547348022461,14.168862695422172,14.023852237819277,14.112729471155353,11309700
2010-04-12,14.192255020141602,14.22499903844355,14.145477468764144,14.182899331424593,5293300
2010-04-13,14.337263107299805,14.374684965995169,14.131442438371554,14.154831657685838,10297400
2010-04-14,14.44484806060791,14.449525903570839,14.290482811660546,14.346616035008369,9356100
2010-04-15,14.533726692199707,14.543082379026588,14.341939573285643,14.444849451759135,15277900
2010-04-16,14.341943740844727,14.482275515196704,14.285811387987,14.440176696657241,11718000
2010-04-19,14.402745246887207,14.42145572132034,14.168858517127093,14.34193419751362,10369100
2010-04-20,14.2437105178833,14.47291953984598,14.196932966170845,14.412108454957512,9387900
2010-04-21,14.150152206420898,14.295161780866978,14.117408195307982,14.276451299748478,14100500
2010-04-22,14.12208366394043,14.196927360243864,14.037884282547257,14.150149827002407,11029400
2010-04-23,14.075309753417969,14.220319340802698,13.939654961323491,14.196931014265875,11843800
2010-04-26,14.075309753417969,14.220319340802698,14.01917652063914,14.131442093989332,9148000
2010-04-27,13.799320220947266,14.056595325810832,13.789964535481285,14.028529161620162,10743100
2010-04-28,13.916266441345215,14.00046584323932,13.729157155029123,13.818034400607063,10251200
2010-04-29,13.99111270904541,14.075312126304679,13.930302514473503,14.028534573137572,11464700
2010-04-30,13.846099853515625,14.047242660467523,13.818033685073415,14.009820805142105,12490200
2010-05-03,13.986435890197754,14.042569136556315,13.822714888210273,13.906914311644273,11894800
2010-05-04,13.832067489624023,14.000466298892874,13.822711801951868,13.902233362750216,14595300
2010-05-05,13.916266441345215,13.981754468503983,13.785289494820223,13.864811053030495,14565400
2010-05-06,13.663670539855957,13.949012807236766,12.85910002691311,13.86013554667088,20860400
2010-05-07,14.06595516204834,14.23903182541369,13.691736555052364,13.986433596535754,34280700
2010-05-10,14.27645206451416,14.309196077381118,14.103375420807822,14.201608351616132,21019000
2010-05-11,14.206281661987305,14.398068726615362,14.15014844912212,14.187570293629859,12701000
2010-05-12,14.220319747924805,14.309196997282692,14.094020639712149,14.309196997282692,10452000
2010-05-13,14.17821979522705,14.327907228007158,14.126765297838562,14.22031949722239,11088500
2010-05-14,14.047245025634766,14.20161031636888,13.841424340586759,14.159510610513435,16105400
2010-05-17,14.290483474731445,14.332583171143886,14.07530804169662,14.215639768266518,13596300
2010-05-18,14.047245025634766,14.332586385956883,14.047245025634766,14.192254627910435,15063900
2010-05-19,14.168863296508789,14.243707003901426,13.925620801379033,14.023852832754105,14037000
2010-05-20,13.626248359680176,14.065955915612836,13.62157140752376,14.051923274728416,26854200
2010-05-21,13.888199806213379,13.906910288114483,13.387682147506716,13.54204741507239,17770700
2010-05-24,13.53268814086914,13.813352432648621,13.51865461400765,13.813352432648621,14092300
2010-05-25,13.270739555358887,13.34090542818345,13.06491888849368,13.34090542818345,29024300
2010-05-26,13.284769058227539,13.556077690048687,13.275413372804366,13.322190907712965,13963300
2010-05-27,13.59350299835205,13.602858686155745,13.36429400040651,13.471881733526509,14550400
2010-05-28,13.378324508666992,13.640277462517702,13.364290980132969,13.6028556119676,10890100
2010-06-01,13.518655776977539,13.677698859594344,13.35493485167115,13.397034543670143,13060800
2010-06-02,13.813355445861816,13.813355445861816,13.565435103804523,13.574790790419678,13476200
2010-06-03,13.696414947509766,13.846102396300981,13.593504157310127,13.81335837840385,13756000
2010-06-04,13.336224555969238,13.598177504726664,13.284769177885588,13.598177504726664,11820400
2010-06-07,13.247347831726074,13.504623839718667,13.23799214586293,13.38300260011973,11341600
2010-06-08,13.397045135498047,13.406400828273913,13.209935741020583,13.284779498811568,13230600
2010-06-09,13.509300231933594,13.710443008638872,13.39235684010097,13.415746053791858,11465200
2010-06-10,13.74318790435791,13.799321128638853,13.60285618196655,13.621567554129308,11677000
2010-06-11,13.705764770507812,13.715120455714269,13.53736689782783,13.64027675847711,6120800
2010-06-14,13.74786376953125,13.874162836837574,13.710441922796843,13.79464130100106,8373900
2010-06-15,13.897557258605957,13.902235103027605,13.701093146142295,13.74319196152194,9425100
2010-06-16,13.906907081604004,13.920940608949696,13.766575376975956,13.850774756635673,7395300
2010-06-17,14.023850440979004,14.037883968299463,13.878840894163146,13.939651061470693,10024200
2010-06-18,14.037882804870605,14.112726493295732,13.822706531493013,14.033204962818143,12964300
2010-06-21,14.005144119262695,14.14547586527995,13.958366573187783,14.112731850689755,7515100
2010-06-22,13.733834266662598,14.019175578507381,13.724478579793612,13.949009711404809,15472400
2010-06-23,13.818037033081055,13.88352507271595,13.640282508061166,13.771259479538577,12129200
2010-06-24,13.78528881072998,13.91158790730359,13.752544798775507,13.752544798775507,7824600
2010-06-25,13.719801902770996,13.846101009617602,13.696413575817543,13.83206747812104,19455900
2010-06-28,13.67255687713623,13.88515656041789,13.663107762025788,13.880432002862669,12533600
2010-06-29,13.436336517333984,13.606416110460525,13.39381639377301,13.582794220089921,12794500
2010-06-30,13.228464126586914,13.431615684138315,13.157597534703719,13.356024532647227,17784400
2010-07-01,13.228464126586914,13.247362365018489,13.091454601310813,13.228464126586914,9408400
2010-07-02,13.143417358398438,13.299324143915594,13.034755244487089,13.299324143915594,6974300
2010-07-06,13.34657096862793,13.417437536910459,13.157593152835421,13.190664157959446,10744500
2010-07-07,13.601688385009766,13.625310268315056,13.327669492412712,13.38436327390933,10063500
2010-07-08,13.715081214904785,13.73397854982421,13.61586727794596,13.663111966920757,8608500
2010-07-09,13.696179389953613,13.762321396516143,13.592241822338602,13.733974951006095,6014700
2010-07-12,13.700907707214355,13.729254160502588,13.630041123435024,13.648938458588011,5357900
2010-07-13,13.88987922668457,13.951297565422319,13.757595237619432,13.781217121061895,7802000
2010-07-14,13.85208511352539,13.92295167234205,13.790667669515535,13.899329786442225,6171200
2010-07-15,13.85208511352539,13.88515611423202,13.66783188037864,13.842635998718587,6594600
2010-07-16,13.611139297485352,13.837913567336317,13.540272732395728,13.790668890237479,12130600
2010-07-19,13.620591163635254,13.663111291498884,13.554449143010693,13.606417487308228,5005200
2010-07-20,13.800115585327148,13.814289257231414,13.493026569672073,13.544995798870545,8830000
2010-07-21,13.625311851501465,13.828463315553558,13.56861806341734,13.819014200686672,7271200
2010-07-22,13.833189964294434,13.880433743536816,13.686731365067603,13.686731365067603,6404000
2010-07-23,13.993819236755371,14.078858567299964,13.819014215993123,13.828463330870475,7248500
2010-07-26,14.04106330871582,14.078858867915057,13.946574861276336,13.984370420475573,6161300
2010-07-27,14.11665153503418,14.163896199633507,13.965469329209952,14.064683214980244,7463100
2010-07-28,14.04106330871582,14.201694660591878,14.017441422135253,14.173348216471753,7256500
2010-07-29,13.752870559692383,14.022163993482076,13.639483898155516,14.022163993482076,10015900
2010-07-30,13.800115585327148,13.85208481452562,13.587515913466174,13.696178028047372,6954500
2010-08-02,13.932400703430176,13.99381904818816,13.880431473422219,13.932400703430176,7719500
2010-08-03,13.833189964294434,13.894607417979927,13.75759883616583,13.856811853915625,7739900
2010-08-04,14.055237770080566,14.121379777111658,13.819015286549801,13.833188959963861,10223300
2010-08-05,14.012713432312012,14.059958095018219,13.847357563398779,13.984366995135083,15964900
2010-08-06,14.343429565429688,14.442642576509511,14.15445085669566,14.159175414525738,15450100
2010-08-09,14.357600212097168,14.40956943941648,14.282009100242059,14.362324769227753,7402700
2010-08-10,14.300909996032715,14.433194015892933,14.225318870079075,14.258389875044129,7565100
2010-08-11,13.974920272827148,14.244213724863988,13.951298387991937,14.16862261205074,9005300
2010-08-12,13.93712043762207,13.998537860008303,13.842631125055851,13.908774004298952,7061400
2010-08-13,13.93712043762207,14.012711527228298,13.880426669858965,13.927671326142073,4829500
2010-08-16,13.913498878479004,13.979640858119035,13.78121401808205,13.852080553570211,5439800
2010-08-17,13.823741912841797,13.984373297767847,13.710355211914713,13.956026847815425,13854000
2010-08-18,13.86153507232666,13.899330632737968,13.72925016032846,13.842636841562385,10030100
2010-08-19,13.762321472167969,13.837913495805719,13.63003745831574,13.819015264616965,9415800
2010-08-20,13.748143196105957,13.800111508836055,13.663102992035196,13.705623094070576,9789100
2010-08-23,13.771768569946289,13.837911468298518,13.733973014223784,13.790666798366106,6858300
2010-08-24,13.837907791137695,13.951294428174865,13.644204605776027,13.644204605776027,14272500
2010-08-25,13.979646682739258,14.01271768633831,13.710353195012969,13.776495202211072,10493400
2010-08-26,13.899332046508789,14.007994181104216,13.74814978948605,13.974923175020159,8017500
2010-08-27,14.173351287841797,14.196973179541237,13.86153763159867,13.956027000631245,11784400
2010-08-30,14.03161334991455,14.282008560553745,14.026888792962495,14.159172783151625,7587900
2010-08-31,14.130828857421875,14.211144537666396,13.989095728104374,14.022166731537306,9189300
2010-09-01,14.35287857055664,14.367052244827585,14.234767321650713,14.244216437831343,10831600
2010-09-02,14.338703155517578,14.371774154939184,14.126102586211333,14.371774154939184,9270300
2010-09-03,14.447365760803223,14.48988587611419,14.329254529632133,14.385948317085816,7534200
2010-09-07,14.338703155517578,14.442640711002216,14.324529483858113,14.400120597140967,4932500
2010-09-08,14.447365760803223,14.522956876663347,14.367050087562193,14.371774644943098,5820600
2010-09-09,14.52295970916748,14.551306157864317,14.352879214751741,14.504062377075373,7479000
2010-09-10,14.541852951049805,14.57492394669776,14.456812733031033,14.522954724326945,3835100
2010-09-13,14.622170448303223,14.678863333355892,14.537130219607057,14.617445891029307,6097500
2010-09-14,14.669413566589355,14.726107350238516,14.546578687397561,14.574925128663581,6255200
2010-09-15,14.924539566040039,14.924539566040039,14.66469514264172,14.693041594021052,10928300
2010-09-16,14.834772109985352,14.91981235009525,14.763905543599531,14.886741345856352,9910400
2010-09-17,14.811147689819336,14.929258913978792,14.759178462831693,14.886738801192017,8167000
2010-09-20,14.915088653564453,14.938711444468845,14.754457279883914,14.811151076937124,7774300
2010-09-21,14.938708305358887,14.957605632994124,14.782801522620328,14.905636405042221,8068200
2010-09-22,14.792253494262695,15.019027791323852,14.754457928272064,14.943435758225217,9030400
2010-09-23,14.77335262298584,14.929259407990621,14.622170395237829,14.693036951855063,12740600
2010-09-24,15.09461498260498,15.09461498260498,14.87728985905716,14.896188087677466,15759000
2010-09-27,15.023751258850098,15.108791506534331,15.009578484980967,15.075720499349876,6404700
2010-09-28,15.009449005126953,15.085735840752161,14.87594749748825,15.085735840752161,7905200
2010-09-29,14.88071060180664,14.995141733686713,14.828263984889723,14.971301535623962,7292400
2010-09-30,14.713833808898926,14.999908911271069,14.69952969001609,14.91885496583338,11105800
2010-10-01,14.88071060180664,14.899782760256842,14.656618196480181,14.775816458562238,8491000
2010-10-04,14.751972198486328,14.909313815033995,14.732900046463453,14.833027025763021,6106500
2010-10-05,14.914084434509277,14.96653104282961,14.7805820754721,14.809189399047774,7924500
2010-10-06,14.923619270324707,15.018978225999977,14.895011947386285,14.933155347774314,6644300
2010-10-07,14.871179580688477,15.02375325321215,14.761516457827618,14.957002498835747,5790000
2010-10-08,14.747212409973145,14.942697530509376,14.670925578027823,14.942697530509376,10323600
2010-10-11,14.79965877532959,14.818730027099443,14.661388335002671,14.723371040018074,4901400
2010-10-12,14.85209846496582,14.885473822037364,14.685220770197835,14.809187031756617,8055400
2010-10-13,15.014211654663086,15.090498462894901,14.852101959817855,14.923620728858872,6736500
2010-10-14,15.16202163696289,15.16678967753895,15.014216016748046,15.057127472521831,7620300
2010-10-15,15.090502738952637,15.257380520275296,15.02375199018787,15.209701024267286,7917700
2010-10-18,15.095264434814453,15.181087309674568,15.052352997384395,15.109568550427927,10117900
2010-10-19,14.995141983032227,15.176322944269053,14.942694455832621,15.023749311772654,7583900
2010-10-20,15.16202163696289,15.219237214464856,15.023752097900164,15.023752097900164,7348800
2010-10-21,15.171553611755371,15.343199388392566,15.100034841293375,15.162017533184304,7781000
2010-10-22,15.209697723388672,15.25737720904906,15.147715028617553,15.185858435263754,6142600
2010-10-25,15.481472969055176,15.548223713897913,15.243075503022489,15.243075503022489,10754100
2010-10-26,15.414722442626953,15.576830357358322,15.324130585781294,15.471937107756931,8841700
2010-10-27,15.257378578186035,15.34796860871836,15.138180308043957,15.34796860871836,6967700
2010-10-28,15.324128150939941,15.433790332857162,15.228770087737795,15.362272467513474,7089100
2010-10-29,15.386115074157715,15.386115074157715,15.252612665590675,15.276452868590551,6613200
2010-11-01,15.152477264404297,15.47669564200921,15.13340511368096,15.424248136930235,9165600
2010-11-02,15.181086540222168,15.376571563313012,15.16201438703754,15.333660128057918,9465300
2010-11-03,15.052355766296387,15.25737691408509,14.990373072723548,15.166785984022761,12054200
2010-11-04,15.157249450683594,15.352734502051812,15.138177294740133,15.214464099693075,12912100
2010-11-05,14.818727493286133,15.047587931856368,14.589867054715898,14.918854503542201,20031300
2010-11-08,14.837799072265625,14.89024568567669,14.64231309886081,14.828262993677974,9705400
2010-11-09,14.599408149719238,14.91885962934249,14.54219256571336,14.91885962934249,13387700
2010-11-10,14.542189598083496,14.628012501872975,14.489742065898666,14.618476421582884,10176000
2010-11-11,14.523115158081055,14.546955355064531,14.43729317717212,14.499275870508106,8091500
2010-11-12,14.599408149719238,14.666158906550383,14.413458183758276,14.42776230711246,8077700
2010-11-15,14.680458068847656,14.732904684601012,14.618474464670214,14.623242504176982,8001600
2010-11-16,14.465896606445312,14.642309469537658,14.422985172847653,14.608934112163986,10834100
2010-11-17,14.537416458129883,14.575559856498653,14.446825545975166,14.489736982816328,6794500
2010-11-18,14.647085189819336,14.699532727148904,14.551727105796475,14.618477855553554,8216000
2010-11-19,14.513580322265625,14.680458067343224,14.475436915625934,14.647081790799266,8807900
2010-11-22,14.566027641296387,14.585099800242356,14.446829376115858,14.499276903806681,7115800
2010-11-23,14.41345500946045,14.470670580865653,14.36100838753389,14.465902540797664,7526800
2010-11-24,14.561259269714355,14.570794438963935,14.470668341264497,14.508811746494356,5481600
2010-11-26,14.446829795837402,14.508813404802009,14.413454426122899,14.48974124530194,3166400
2010-11-29,14.394384384155273,14.408687595570177,14.208434451065278,14.389616343880073,10226100
2010-11-30,14.422991752624512,14.470671246085574,14.279954181652018,14.31809759453873,9512000
2010-12-01,14.604170799255371,14.6470822467371,14.470669326566064,14.523115943946616,8651500
2010-12-02,14.508813858032227,14.666155541180407,14.437295076494081,14.637548210447278,10450000
2010-12-03,14.45637035369873,14.546961320564945,14.399155676296521,14.408690849589622,7376400
2010-12-06,14.442060470581055,14.456363678621797,14.351469545544266,14.418220274829014,7117800
2010-12-07,14.608939170837402,14.632779369652575,14.489740904993335,14.54695647273915,9008200
2010-12-08,14.794892311096191,14.804427483291526,14.589871103618353,14.628014520632082,10122900
2010-12-09,14.823493003845215,14.852100326433385,14.747206204003167,14.828261042511642,7647900
2010-12-10,14.661389350891113,14.885481803825801,14.604173772795681,14.847338388232433,8904000
2010-12-13,14.723369598388672,14.780585166917408,14.637547609711483,14.723369598388672,6556300
2010-12-14,14.966536521911621,15.01898405884283,14.747212111855204,14.766283364750619,9021600
2010-12-15,15.009449005126953,15.061896545648338,14.895018751689145,14.909322874397926,8873000
2010-12-16,15.085733413696289,15.090501453832115,14.923623686720912,15.009446590344426,7204400
2010-12-17,15.224003791809082,15.233539872044656,15.033286734150927,15.100037476978615,11699500
2010-12-20,15.128643989562988,15.247842257825056,15.114340779394336,15.233539047656402,9979700
2010-12-21,15.181086540222168,15.24783725754773,15.166782425333697,15.19539065511064,7235900
2010-12-22,15.200161933898926,15.243073380869573,15.133411198349279,15.15248335674093,5854300
2010-12-23,15.200161933898926,15.243073380869573,15.171554605722015,15.20969801309475,4491200
2010-12-27,15.071432113647461,15.181094322443801,15.057127991426327,15.166790200222668,4520700
2010-12-28,15.190621376037598,15.204924580347459,15.071423156600794,15.11910171684732,4900000
2010-12-29,15.185813903808594,15.310918946823818,15.185813903808594,15.262801481392684,5259600
2010-12-30,15.16175651550293,15.209873983744384,15.065521579020023,15.079957094821772,4033200
2010-12-31,15.16175651550293,15.219496743181177,15.094392610623519,15.156944676902349,3398900
2011-01-03,15.238747596740723,15.282053236325536,15.147324477865606,15.282053236325536,8525800
2011-01-04,15.205063819885254,15.277239571314949,15.089582434044846,15.209875659015829,11578300
2011-01-05,15.171380043029785,15.277237737905137,15.137697173158008,15.137697173158008,10456100
2011-01-06,15.046280860900879,15.205067924011534,15.002975214801179,15.205067924011534,7661500
2011-01-07,15.007786750793457,15.123268165461841,14.983727549134604,15.104020804134759,6747800
2011-01-10,15.017404556274414,15.031840072504396,14.863429387545542,14.873053065032195,5462800
2011-01-11,15.055900573730469,15.132888164780788,15.002971260721694,15.055900573730469,6619200
2011-01-12,15.156944274902344,15.262801968014434,15.07033301791775,15.079956694863672,6225800
2011-01-13,15.12807559967041,15.257991579730763,15.099204566088613,15.185815831305137,6647000
2011-01-14,15.079960823059082,15.166572103753838,15.051090702082364,15.161760263963618,6005400
2011-01-18,14.940415382385254,15.166567190439133,14.863427806211599,15.113637887658133,11693500
2011-01-19,15.002973556518555,15.036655518036618,14.863432952784159,14.95966791520544,8479500
2011-01-20,15.027029037475586,15.099204786956985,14.978911565233169,15.055900071479703,10411400
2011-01-21,15.084768295288086,15.084768295288086,14.930793137640578,14.959663250258401,10612400
2011-01-24,15.123265266418457,15.286864135278877,15.046277671397617,15.104017908780984,12116800
2011-01-25,15.002973556518555,15.137701402590807,14.921174113789851,15.08477299924726,9323800
2011-01-26,14.930797576904297,15.051090819302853,14.906738377765821,15.051090819302853,10967900
2011-01-27,14.695015907287598,14.930790439549899,14.675768557177614,14.906731251912419,11887300
2011-01-28,14.690210342407227,14.786444380756103,14.675774823660845,14.675774823660845,11356900
2011-01-31,14.709453582763672,14.916358050957966,14.536231066551823,14.690207146387,10801100
2011-02-01,14.757570266723633,14.81049957003656,14.646900739582339,14.757570266723633,6914300
2011-02-02,14.704645156860352,14.78644459541491,14.661339517757082,14.752762635615603,5522200
2011-02-03,14.791255950927734,14.82493790962458,14.670962716859261,14.704644675556107,4926800
2011-02-04,15.007786750793457,15.022221354024065,14.781634844023756,14.86343429413445,6594900
2011-02-07,14.853805541992188,15.002968861073715,14.743135094514605,15.002968861073715,10193000
2011-02-08,14.978910446166992,14.978910446166992,14.786441489341028,14.8826764266362,9267100
2011-02-09,15.031835556030273,15.036647393327833,14.892295945457535,14.90191870228853,6390100
2011-02-10,14.96928596496582,15.031838024578231,14.800875302951107,15.012591589991441,16277900
2011-02-11,14.75275707244873,14.786439019546796,14.550664472096107,14.675769502577657,23766300
2011-02-14,14.670955657958984,14.791248834148641,14.6228382039303,14.757566891657794,11068800
2011-02-15,14.757570266723633,14.757570266723633,14.56028948607548,14.622841548183594,7831300
2011-02-16,14.820120811462402,14.820120811462402,14.642087402161332,14.762380593545814,12013600
2011-02-17,14.839367866516113,14.882673487971573,14.728698352914027,14.767192136678412,7257600
2011-02-18,14.873050689697266,14.906732637756903,14.752757493618986,14.853804255562151,7860600
2011-02-22,15.142509460449219,15.17138049262346,14.752759703740885,14.781629818150735,14453400
2011-02-23,15.24355697631836,15.493767094035343,15.132887434246612,15.147322033268923,18315200
2011-02-24,15.291672706604004,15.383094882549988,15.224307887034353,15.224307887034353,9432400
2011-02-25,15.257993698120117,15.378286934785578,15.219499899097752,15.277241056513581,8249900
2011-02-28,15.32054328918457,15.32054328918457,15.161756288797093,15.310919612127302,9314400
2011-03-01,15.181004524230957,15.339791543436103,15.14732256830327,15.282051309778486,8171500
2011-03-02,15.15213394165039,15.272427162131354,15.055899915924284,15.190627735493722,6816200
2011-03-03,15.30610466003418,15.334975685333042,15.20987066233048,15.233928932315361,11585400
2011-03-04,15.19543743133545,15.334977987940004,15.113638016234509,15.330166149667678,19309400
2011-03-07,15.07514762878418,15.195440859437664,15.002971873944992,15.185817180721902,12234400
2011-03-08,15.13288688659668,15.142509646341834,15.041463785784705,15.123263209087124,8472200
2011-03-09,15.238747596740723,15.257994037798094,15.070336878106955,15.079960557517932,5943800
2011-03-10,15.156944274902344,15.214685418813524,15.099203130991166,15.152132436429383,8637300
2011-03-11,15.253180503845215,15.296486136014211,15.11363992957525,15.171381078388718,6473000
2011-03-14,15.089581489562988,15.205062868175226,15.041464019033453,15.161757236475085,6791200
2011-03-15,14.978910446166992,15.017404237532185,14.83937079662981,14.901922863436607,10119400
2011-03-16,14.844184875488281,14.940418909542279,14.776820042109513,14.925984309204665,11389000
2011-03-17,14.800874710083008,15.007779150747751,14.651711406394286,14.945226175876707,12837400
2011-03-18,14.911542892456055,14.954848511867278,14.810497059005971,14.897107380064263,10564700
2011-03-21,14.86342716217041,14.921168300680845,14.642088119702976,14.810498779447128,14984300
2011-03-22,14.930797576904297,14.954855858278165,14.86343273708117,14.86343273708117,6296500
2011-03-23,14.96928596496582,14.983720561464844,14.800875302951107,14.95966228879029,7489900
2011-03-24,15.051081657409668,15.084763597936059,14.950034918066446,15.031834309815132,6051100
2011-03-25,15.041463851928711,15.152133390482058,15.031840174376836,15.084769483147744,7123400
2011-03-28,15.142509460449219,15.205062445729014,15.05589911721967,15.08476923162952,6950800
2011-03-29,15.186220169067383,15.21535880310924,15.08423356047017,15.161937202115439,8764800
2011-03-30,15.288206100463867,15.302775880872428,15.166794042627338,15.234785424900128,6577200
2011-03-31,15.229923248291016,15.395043660521223,15.225066656601873,15.288200495960412,10200300
2011-04-01,15.351336479187012,15.370761921184126,15.259063082375102,15.268776266523771,6243100
2011-04-04,15.302776336669922,15.39990543005187,15.283349962213222,15.39990543005187,5546500
2011-04-05,15.293060302734375,15.322198932694935,15.225069857392954,15.259065080063664,6699200
2011-04-06,15.419327735900879,15.443609771264077,15.327054334180229,15.341624111178312,6033000
2011-04-07,15.433897972106934,15.453323415715408,15.351337752595242,15.438754564584126,8158500
2011-04-08,15.380477905273438,15.482463578499786,15.346482680864655,15.467894725924818,7839900
2011-04-11,15.555313110351562,15.584452672766911,15.390193554833964,15.409619003476989,8593400
2011-04-12,15.608729362487793,15.62329821239887,15.42904008738286,15.433896679453294,9804800
2011-04-13,15.73499870300293,15.764136402453405,15.62329801310803,15.657295083467623,10537300
2011-04-14,16.002103805541992,16.00695947095477,15.633010245760579,15.676718644876791,21267500
2011-04-15,16.201223373413086,16.28864019289991,15.919546543377603,15.997250177076916,21306600
2011-04-18,16.13323402404785,16.18179810369147,15.88069673417909,15.89040992062799,14206700
2011-04-19,16.220653533935547,16.225509201663147,16.079815086019657,16.123523505972823,9920400
2011-04-20,16.29835319519043,16.351772937519154,16.2109363766878,16.26921363815597,9250700
2011-04-21,16.2109317779541,16.35662581659427,16.123514984249958,16.30320423681949,7073600
2011-04-25,16.060386657714844,16.244933502002553,16.026391430161972,16.244933502002553,7283200
2011-04-26,16.215791702270508,16.24007373965496,16.074953291799705,16.128374885605922,6300000
2011-04-27,16.303207397460938,16.346915802786594,16.206077402003864,16.206077402003864,8400800
2011-04-28,16.317777633666992,16.400338785224736,16.259500372485526,16.27406922463071,10124600
2011-04-29,16.312923431396484,16.463475043279537,16.249788645432506,16.293497058392045,10400000
2011-05-02,16.410053253173828,16.448904146130456,16.254645976145557,16.317778908775193,7821500
2011-05-03,16.448904037475586,16.487756782776444,16.376057918937768,16.453761556938623,8226400
2011-05-04,16.43918800354004,16.512035962059933,16.410050302212515,16.453758706804344,9109800
2011-05-05,16.215791702270508,16.48289781870088,16.13323240464323,16.434333743931976,17216900
2011-05-06,16.55088996887207,16.750005637803422,16.478042004770074,16.48289767116322,16559400
2011-05-09,16.531457901000977,16.56059559451975,16.414901569125742,16.41975908644557,10637800
2011-05-10,16.618879318237305,16.643161353803407,16.55574454368499,16.565457728431543,6585500
2011-05-11,16.643163681030273,16.750006875581764,16.58488641700256,16.643163681030273,8148200
2011-05-12,16.876279830932617,16.95398349130192,16.657737707206017,16.657737707206017,9416200
2011-05-13,16.944263458251953,17.046249123931045,16.83256460737476,16.900555051160822,12749700
2011-05-16,16.77428436279297,16.94911796003533,16.759713661289226,16.919978409628165,8787900
2011-05-17,16.91512680053711,16.958833357728462,16.745148827967434,16.759717680364552,11620400
2011-05-18,16.93940544128418,16.973400658459717,16.842275455382474,16.915123407958852,7096100
2011-05-19,16.992830276489258,17.046250018982768,16.92969549568689,16.98797275733483,8682100
2011-05-20,17.10938835144043,17.211374043645225,16.85199536084705,17.02197151452171,11797600
2011-05-23,16.987974166870117,17.026826912926282,16.934552567343335,16.983118499913544,7815500
2011-05-24,16.93456268310547,17.012266369032744,16.91513815107515,16.92970701324839,7662700
2011-05-25,16.72086524963379,16.905412057602202,16.70629639857859,16.822850912221362,10336100
2011-05-26,16.813140869140625,16.876275656511954,16.64802040012395,16.72086837421402,5823100
2011-05-27,16.876279830932617,16.95883915956189,16.827715737927328,16.827715737927328,4367300
2011-05-31,16.983121871948242,16.997690728311532,16.871422983760063,16.895705028565967,12874400
2011-06-01,16.86655616760254,16.992825695164573,16.83256095308974,16.953972962806947,8141600
2011-06-02,16.716007232666016,16.88112766590574,16.62859227633961,16.832563595435452,9933900
2011-06-03,16.56060028076172,16.657730276043132,16.536318245091508,16.55088894857409,7964100
2011-06-06,16.54117774963379,16.599455012758877,16.492611819862223,16.54603341631055,11748300
2011-06-07,16.531457901000977,16.638299198236556,16.52174471896137,16.570308776559358,10644000
2011-06-08,16.54117774963379,16.599455012758877,16.429478890060373,16.473185447953597,6618300
2011-06-09,16.618879318237305,16.701438609682164,16.478040918313127,16.54117569286544,6567600
2011-06-10,16.410053253173828,16.609168942653852,16.390626880395075,16.53146530413972,7942800
2011-06-13,16.5703182220459,16.682017100272397,16.395484550873604,16.473188198883392,5932100
2011-06-14,16.6383056640625,16.73058000299755,16.55089069693573,16.691727259740524,7587100
2011-06-15,16.52175521850586,16.6334541040457,16.42462518898389,16.580032495178553,10936300
2011-06-16,16.657730102539062,16.686869656600145,16.45861444795637,16.497467186704483,8211100
2011-06-17,16.745153427124023,16.861709836116166,16.711158193793246,16.745153427124023,11973400
2011-06-20,16.900554656982422,16.987971469125828,16.70143899656702,16.70143899656702,6981000
2011-06-21,16.905414581298828,16.97340503317372,16.871419355361382,16.97340503317372,5254700
2011-06-22,16.832563400268555,16.919980208181933,16.817994549816497,16.87141613827473,4934700
2011-06-23,16.6383056640625,16.735435669604293,16.448903172186427,16.73058000299755,11113400
2011-06-24,16.803421020507812,16.837416234245126,16.66258450042475,16.672297683292584,11485100
2011-06-27,16.754858016967773,16.905409582027367,16.730575984564695,16.808279599814735,9548400
2011-06-28,16.911588668823242,17.141778868631235,16.83812502322677,16.896896313365072,11392000
2011-06-29,17.058515548706055,17.117286824553627,16.965459004616793,16.98994688052785,8743300
2011-06-30,17.25441551208496,17.371959898621192,17.10258773537246,17.10258773537246,8871600
2011-07-01,17.371965408325195,17.386657760687818,17.131979732672665,17.161366305703147,5831400
2011-07-05,17.445430755615234,17.484612856845946,17.332785017035064,17.332785017035064,9660000
2011-07-06,17.558073043823242,17.56786856720598,17.416042625536136,17.440530499840463,9081500
2011-07-07,17.59725570678711,17.64133462928327,17.543381260591232,17.62174358188384,11192400
2011-07-08,17.4895076751709,17.5972565728657,17.445428750505318,17.509098723534535,9296800
2011-07-11,17.391557693481445,17.504205309389086,17.313195353049327,17.396456390680335,7001600
2011-07-12,17.337684631347656,17.47971508506166,17.337684631347656,17.35237698593398,7076000
2011-07-13,17.31809425354004,17.435636831415227,17.26911662250405,17.376865542477635,6319400
2011-07-14,17.322988510131836,17.455225291834253,17.225035130910936,17.322988510131836,9833100
2011-07-15,17.322988510131836,17.367067437365975,17.220138302687282,17.332784034884458,12177800
2011-07-18,17.229928970336914,17.313188104805544,17.117283269894468,17.278904711988485,8494000
2011-07-19,17.26422119140625,17.367071422451037,17.244630137405604,17.26911802075354,9586600
2011-07-20,17.26911163330078,17.36216817123148,17.239726931474287,17.33278160109994,8300200
2011-07-21,17.371965408325195,17.42094116173743,17.28870438555811,17.337682007275582,11803100
2011-07-22,17.352375030517578,17.4258405317815,17.32298845635095,17.4258405317815,5697600
2011-07-25,17.156471252441406,17.308299109547356,17.141778896958957,17.264220174794378,6456500
2011-07-26,17.097702026367188,17.190756736166335,17.05852178424865,17.185859906516214,8275900
2011-07-27,16.911588668823242,17.092803104900252,16.887100786957753,17.04872417022012,9316000
2011-07-28,16.94097137451172,17.053617099981164,16.921380326176546,16.936074546580528,6965000
2011-07-29,16.838123321533203,16.965461415348095,16.779350169029,16.81853227069847,8084600
2011-08-01,16.818531036376953,16.965460170243365,16.6226242790182,16.950767817348314,8035600
2011-08-02,16.7205810546875,16.891999969278576,16.715684225496066,16.73037658137605,11035900
2011-08-03,16.798933029174805,16.808728549816152,16.554050618054752,16.69118603872906,10799100
2011-08-04,16.54426383972168,17.77847206814274,16.514879130574723,17.646235272064892,60754400
2011-08-05,17.07811164855957,17.28871082967947,16.72548198228224,17.087907176554207,32604500
2011-08-08,16.509977340698242,17.02912890193945,16.441410541125947,16.62262306403918,31334700
2011-08-09,16.75975799560547,16.774450346956847,16.064290761526852,16.632418056209826,28544300
2011-08-10,16.06429672241211,16.652015282514974,15.990833070090375,16.642219755210917,23874400
2011-08-11,16.70098114013672,16.86750126887876,15.98102805942367,16.015311450490735,22893800
2011-08-12,16.84792137145996,16.93118054752506,16.60303880424866,16.754864800204004,14456700
2011-08-15,16.985057830810547,17.063420190594318,16.8332299413456,16.940978886663046,10505500
2011-08-16,16.754858016967773,16.916481342680466,16.666700178998116,16.87729925100286,12692900
2011-08-17,16.911588668823242,17.024234420049,16.808738444004806,16.862612905092263,11355000
2011-08-18,16.558956146240234,16.828326535977805,16.407128316098373,16.622624254227368,15868200
2011-08-19,16.38263702392578,16.7891409378996,16.37773832845223,16.441408291474,15545100
2011-08-22,16.43161392211914,16.75975741459671,16.39243369710535,16.75975741459671,9804500
2011-08-23,16.696086883544922,16.696086883544922,16.328763178452242,16.485487809827386,11476300
2011-08-24,16.75975799560547,16.784245870626137,16.554055735160627,16.666701454899783,8550600
2011-08-25,16.461000442504883,16.847915205489734,16.412022826003934,16.803836284791398,9086400
2011-08-26,16.627521514892578,16.69608831345337,16.113268657381496,16.416922423138637,9229600
2011-08-29,16.93117904663086,16.985053505570466,16.735272262906033,16.769557538117596,7700300
2011-08-30,16.999744415283203,17.078106748450388,16.79404399133386,16.93117760730009,8939100
2011-08-31,17.151575088500977,17.234834263871058,17.034030635166253,17.05852038632753,11402400
2011-09-01,17.048721313476562,17.19075175181954,17.0144379109484,17.097697069000994,9704300
2011-09-02,16.78425407409668,17.034033510677833,16.759766187107314,16.87241196190321,8571800
2011-09-06,16.69118881225586,16.730369033027177,16.426715315906314,16.49528210348475,10705400
2011-09-07,17.03402328491211,17.122181119796238,16.82342422027834,16.9164807506032,13528500
2011-09-08,17.171159744262695,17.396451171881175,16.916481747183326,16.931174097761268,14627000
2011-09-09,16.90178680419922,17.024228035916497,16.656904340764658,17.024228035916497,13032200
2011-09-12,16.774452209472656,16.794043258986484,16.495286292969215,16.70098670794846,12112400
2011-09-13,16.764657974243164,16.789145853866383,16.578546726156866,16.764657974243164,9473700
2011-09-14,16.911588668823242,17.06341652567829,16.63242270528427,16.84302185227762,9167400
2011-09-15,17.117286682128906,17.17116112966807,16.916483112040744,17.063412234589737,8533300
2011-09-16,17.171159744262695,17.22013549172584,17.063410857877766,17.161364221109064,14711000
2011-09-19,17.07811164855957,17.166269532205384,16.96056904923577,17.01934034889767,8857200
2011-09-20,16.906688690185547,17.131980150666987,16.896893165603057,17.07810569961593,9361600
2011-09-21,16.715681076049805,17.0487214474887,16.70588555120686,16.945869370790415,11457400
2011-09-22,16.509977340698242,16.56875048459321,16.015315523565853,16.020212351404517,13359900
2011-09-23,16.51488494873047,16.583451785303325,16.343465988992158,16.387544936547016,10821300
2011-09-26,16.77935028076172,16.808736857209503,16.48059516091711,16.573649850543585,9705700
2011-09-27,17.107494354248047,17.259322201286437,16.906690746645275,17.092801999739834,10828900
2011-09-28,16.905006408691406,17.295160388196525,16.86549817038319,17.14206149037967,10046600
2011-09-29,17.02847671508789,17.186513473338845,16.865502132368302,17.142065517334093,7932000
2011-09-30,16.58399200439453,17.181568360797872,16.57411447570035,16.9395736176553,12893400
2011-10-03,16.33706283569336,16.64819657649447,16.33212312834622,16.46052914412292,11764800
2011-10-04,16.228412628173828,16.248167690578725,15.744423960959281,16.238290159376277,20500000
2011-10-05,16.24323081970215,16.277801242974835,16.055561461974165,16.208660396429465,13360000
2011-10-06,16.574115753173828,16.583993282629336,16.124698524651834,16.213594405805292,10060300
2011-10-07,16.672889709472656,16.806233550634207,16.554363106626642,16.687706947788197,10070900
2011-10-10,16.939579010009766,16.939579010009766,16.658075946425914,16.860560639248448,7004500
2011-10-11,16.98896598815918,17.092677242385914,16.865499671047402,16.90007008912298,5839100
2011-10-12,17.087736129760742,17.201326790037218,17.028472829924656,17.072920775788305,8164800
2011-10-13,17.211204528808594,17.30997796317258,16.998842304307317,17.008719836138372,7154800
2011-10-14,17.39887046813965,17.44331841072654,17.23589593461851,17.408747998041868,7960500
2011-10-17,17.17169189453125,17.50258064850192,17.156876542546318,17.408746946020553,6767600
2011-10-18,17.403810501098633,17.53221462434056,17.161815723826322,17.191448314088106,10094700
2011-10-19,17.211204528808594,17.472954412465146,17.12230862627566,17.31491767106139,8062900
2011-10-20,17.31492042541504,17.43344705834908,17.25071740027343,17.270472467078058,8171600
2011-10-21,17.38405990600586,17.458138574768014,17.2951639963339,17.458138574768014,10737700
2011-10-24,17.423566818237305,17.463076945708757,17.285285139980363,17.40381363844815,5931400
2011-10-25,17.250715255737305,17.522340796719575,17.186512238577144,17.458137779559415,9273500
2011-10-26,17.2951602935791,17.47788989814087,17.21120222622068,17.463074544349627,9004500
2011-10-27,17.517404556274414,17.630993360628896,17.33961272895547,17.61123829449417,15826300
2011-10-28,17.482833862304688,17.61617584678622,17.369243175759017,17.482833862304688,7823000
2011-10-31,17.374176025390625,17.512457663713484,17.324790264259896,17.324790264259896,9504000
2011-11-01,17.06798553466797,17.245775461074135,17.023537582079772,17.06798553466797,10529700
2011-11-02,17.107492446899414,17.30997712982145,17.01859654864618,17.280346419701356,8235900
2011-11-03,17.670499801635742,17.927309983280583,17.46801510433166,17.73964064208885,14217000
2011-11-04,17.374176025390625,17.660616831051694,17.309973028763856,17.65074118598237,9785400
2011-11-07,17.448261260986328,17.482831679898922,17.211204268519204,17.438383729304654,12348700
2011-11-08,17.5223388671875,17.551971460447547,17.34454707552005,17.542093929360863,7523400
2011-11-09,17.166757583618164,17.364304463923585,17.122309629746777,17.34454939910371,9116700
2011-11-10,17.349485397338867,17.408748695179202,17.226019094536177,17.319852806445564,6955400
2011-11-11,17.566791534423828,17.630994561762204,17.50752821592906,17.50752821592906,8418300
2011-11-14,17.497644424438477,17.611233195908145,17.418626066722783,17.6013556657004,4833800
2011-11-15,17.5223388671875,17.581602169761176,17.433442971353777,17.48283062678719,5189000
2011-11-16,17.374176025390625,17.606293247386304,17.309973028763856,17.369236318909937,6956900
2011-11-17,17.265535354614258,17.41863431945125,17.151946529327642,17.285290424389448,7221600
2011-11-18,17.17169189453125,17.30997353691349,17.15193683592062,17.250710245027683,7735900
2011-11-21,16.939579010009766,17.112432991263407,16.860560639248448,16.984026961309667,12548700
2011-11-22,17.063037872314453,17.156873441782988,16.914878727403714,16.964264481058713,7628000
2011-11-23,16.905006408691406,17.03835024538099,16.90006858538275,16.98896447650914,7267400
2011-11-25,16.9494571685791,17.04823060666968,16.840806198284803,16.88525415122823,3364700
2011-11-28,17.23095703125,17.30503756699825,17.028472368677228,17.072920313336926,5972400
2011-11-29,17.448261260986328,17.507524567129842,17.260591926927578,17.290222638026066,7402800
2011-11-30,17.853227615356445,17.853227615356445,17.705066549180568,17.764331729229408,12589100
2011-12-01,18.02608299255371,18.090286007429487,17.838413655811127,17.863106543395176,11229500
2011-12-02,18.02608299255371,18.090286007429487,17.961879977677935,18.090286007429487,9674500
2011-12-05,18.03101921081543,18.22362823829077,17.91249260738826,18.203873176404112,7598000
2011-12-06,18.03101921081543,18.129792636302337,17.922370138331587,18.05077427270209,8309600
2011-12-07,17.951995849609375,18.050769247599032,17.892732564393928,17.956935555679085,8526800
2011-12-08,17.853227615356445,18.045834740649628,17.818657202301065,17.897675558419966,7631900
2011-12-09,18.124853134155273,18.223626550494195,17.9075512414204,17.9075512414204,7018700
2011-12-12,17.986574172973633,18.105102679519856,17.863107842130223,18.095225146978777,5789900
2011-12-13,17.917428970336914,18.198931985462558,17.882858556826484,18.060650331420835,6916400
2011-12-14,17.85816764831543,17.98657178641868,17.78408710606011,17.78408710606011,7480500
2011-12-15,18.006328582763672,18.085346956269927,17.892739788595097,17.892739788595097,6424800
2011-12-16,18.021137237548828,18.174234203560196,17.91742414102525,18.100155573409907,14249100
2011-12-19,17.887805938720703,18.17424689984122,17.848295801216054,18.12979893712201,7449600
2011-12-20,18.228567123413086,18.258199717968864,18.016204905629593,18.03102026093423,8357500
2011-12-21,18.445865631103516,18.53476152343215,18.238443138300937,18.238443138300937,12053200
2011-12-22,18.42610740661621,18.539696152601973,18.302641132638755,18.539696152601973,8643700
2011-12-23,18.638479232788086,18.638479232788086,18.381669023407557,18.426116980491628,4739000
2011-12-27,18.618724822998047,18.732313632007394,18.574276864346835,18.618724822998047,4950900
2011-12-28,18.544065475463867,18.65853669131704,18.52913527276593,18.63365048875288,4320300
2011-12-29,18.753097534179688,18.753097534179688,18.55899730771703,18.573927510198565,4104700
2011-12-30,18.59383773803711,18.69835296389444,18.573929533525938,18.61374594254828,4405700
2012-01-03,18.54904556274414,18.93724606498075,18.51420715349475,18.88747745135331,8773000
2012-01-04,18.6087646484375,18.668487352849358,18.499271441556978,18.588856447450034,7333300
2012-01-05,18.782962799072266,18.857615721800624,18.608768848937483,18.62867705441877,8508400
2012-01-06,18.688400268554688,18.89245463377879,18.663515960317802,18.87254642776887,7954400
2012-01-09,18.77300453186035,18.79788883391631,18.63364902295598,18.74811833125384,5238800
2012-01-10,18.92230987548828,18.987010571579898,18.86258717831542,18.942218074062673,6825700
2012-01-11,18.87751579284668,18.947192583456054,18.77797670688322,18.892445991248643,5576500
2012-01-12,19.021852493286133,19.046736796838363,18.892451077133476,18.96710588634083,6206800
2012-01-13,18.79789161682129,19.036784369316017,18.77300731108137,19.001945961569962,10413800
2012-01-17,18.977062225341797,19.17613857578638,18.917337611512625,18.982038327218785,8495000
2012-01-18,19.270702362060547,19.320470977006185,18.98203907943315,18.98203907943315,11589500
2012-01-19,19.2607479095459,19.330424728624703,19.13632447589063,19.305540421603833,6959300
2012-01-20,19.24580955505371,19.315488250050354,19.091525762508354,19.315488250050354,7219000
2012-01-23,19.146272659301758,19.24083375616768,19.021849264112223,19.220925557285273,8766800
2012-01-24,19.06166648864746,19.210974204511942,19.01189788287617,19.096504892397487,7433400
2012-01-25,19.096500396728516,19.41004785521449,18.96212291452024,18.972077013041243,10357500
2012-01-26,19.21098518371582,19.360294883462387,19.101493808733824,19.191078869161085,6497200
2012-01-27,19.146272659301758,19.23087965672648,19.04673356344006,19.220925557285273,6794500
2012-01-30,19.001949310302734,19.076604139229822,18.927294481375647,19.066650035469465,6203300
2012-01-31,19.06166648864746,19.091528791240602,18.927288974804245,19.036782185761815,6687500
2012-02-01,19.146272659301758,19.305534453260336,19.131340560864782,19.171156958629595,5254800
2012-02-02,19.20102310180664,19.260745811862524,19.15125259463447,19.18609100037963,4903700
2012-02-03,19.3503360748291,19.439921113487436,19.295589451365537,19.31549765963433,5970500
2012-02-06,19.2607479095459,19.380193342666438,19.215955397487964,19.345354933127037,5310700
2012-02-07,19.166175842285156,19.220922431032157,19.091522956443818,19.17612994010734,5800100
2012-02-08,19.181114196777344,19.23586080338727,19.111437387837675,19.14129779249716,6015500
2012-02-09,19.23088264465332,19.30055945301718,19.186090139483603,19.191068139252817,4800900
2012-02-10,19.20102310180664,19.225907406117365,19.08655188458601,19.15125259463447,6107000
2012-02-13,19.11143684387207,19.300559063168027,19.091528642298623,19.265720659689794,7430800
2012-02-14,19.161203384399414,19.215949983551475,19.076596384655605,19.131341085257272,8029500
2012-02-15,19.05670166015625,19.270710208956988,19.02186323579815,19.076609873661372,7808600
2012-02-16,19.03180503845215,19.196042947309955,19.006918838383854,19.17115864579217,8225300
2012-02-17,18.91733169555664,19.096501683911132,18.80784040154579,19.006916689733885,11184200
2012-02-21,19.196046829223633,19.31549415863492,19.066647296033057,19.23088523810382,16394500
2012-02-22,18.90738296508789,19.210974502685783,18.847658358974623,19.1313435930854,12134000
2012-02-23,18.902400970458984,18.977055763047662,18.842678275518185,18.857608474615827,7668900
2012-02-24,18.852632522583008,18.95217161396671,18.79788592739446,18.907379117771555,7730700
2012-02-27,18.867565155029297,19.01189676122169,18.67346494600184,18.678441046865146,8254100
2012-02-28,18.9123592376709,19.011898350210878,18.81779812496078,18.92231333877996,7107400
2012-02-29,18.94719696044922,18.99696556565292,18.832727649640233,18.932266758598228,8322800
2012-03-01,18.91733169555664,18.996962590541937,18.87253919846802,18.95217199200361,6536500
2012-03-02,19.036788940429688,19.081581460937457,18.89245727451007,18.91734158622521,7349000
2012-03-05,19.0865535736084,19.156232289815502,19.01190065406998,19.016876755952186,7836900
2012-03-06,19.04672622680664,19.171149574069382,18.987003551714416,19.00690984437875,11427300
2012-03-07,18.8277530670166,18.907383980895187,18.703329645421885,18.857613473126854,10982200
2012-03-08,18.867565155029297,18.96710425924993,18.837702854197957,18.93724195841859,7471100
2012-03-09,18.887474060058594,18.902404261755887,18.81281925447098,18.86756585876182,5986400
2012-03-12,18.972078323364258,19.0318029186152,18.827748631216892,18.887471327917538,5409900
2012-03-13,19.17116355895996,19.19107176469645,19.04176212022377,19.08157853169675,6907600
2012-03-14,18.99696922302246,19.21595568460028,18.957154710904376,19.19107137720761,8008900
2012-03-15,19.06166648864746,19.06166648864746,18.907382671626095,18.977059479126147,8144100
2012-03-16,19.101486206054688,19.19107123082576,18.96710866889808,19.13632461584889,13560700
2012-03-19,19.0865535736084,19.161208391697706,19.041761062464992,19.08157747172619,6736500
2012-03-20,19.0865535736084,19.166184493579912,18.996968551321586,19.006922653636884,6165300
2012-03-21,19.066648483276367,19.151255510524887,18.99696976262634,19.066648483276367,5101600
2012-03-22,19.01687240600586,19.0865492077241,18.94221950354365,19.026826506044245,5664500
2012-03-23,19.036788940429688,19.081581460937457,18.97208821112929,19.0417650433522,5424500
2012-03-26,19.225914001464844,19.225914001464844,19.09153643382856,19.101490538677695,5980100
2012-03-27,19.091533660888672,19.24581751726298,19.071625454081957,19.23586531241072,8586100
2012-03-28,19.0413761138916,19.171761304045212,19.00627233527284,19.09653974115321,9181600
2012-03-29,18.961145401000977,19.06144085399335,18.90096583358978,19.016307134941524,8310100
2012-03-30,19.061443328857422,19.186814574388748,18.976191800142544,18.991235737442018,8396300
2012-04-02,19.246992111206055,19.302155759479717,19.071471238243195,19.08150116638506,8850300
2012-04-03,19.20186424255371,19.292131710324963,19.16676043986642,19.277085857020573,9606900
2012-04-04,19.166751861572266,19.24197344237287,19.116602228025616,19.126632154734946,6919700
2012-04-05,19.07648277282715,19.136660414829333,18.96615550164585,19.106570637321866,7630700
2012-04-09,18.850820541381836,18.986221716022254,18.835776604092917,18.926044053853197,5726500
2012-04-10,18.564971923828125,18.84078824656981,18.554941995890392,18.805684455294315,11253100
2012-04-11,18.489749908447266,18.71541852267024,18.42957224899224,18.670284799825644,16925900
2012-04-12,18.625152587890625,18.635182517448992,18.479721478814454,18.509811267489564,10981000
2012-04-13,18.73046112060547,18.810698631815324,18.60508988977675,18.60508988977675,8400600
2012-04-16,18.84580421447754,18.916011797205236,18.70538713600899,18.775594718736688,7513700
2012-04-17,19.297138214111328,19.32722799600341,18.926040469174144,18.96114425820839,11345400
2012-04-18,19.176780700683594,19.267046209922388,19.141675002685474,19.216898492232744,8007500
2012-04-19,19.156728744506836,19.24198028232114,19.081505223953606,19.226936343415932,8440300
2012-04-20,19.32722282409668,19.437548168818857,19.176777780920975,19.176777780920975,7208600
2012-04-23,19.051416397094727,19.201861517693146,18.99625273983882,19.156727790212273,6264900
2012-04-24,19.236963272094727,19.322214796607003,19.101562104034084,19.131651890163102,7131100
2012-04-25,19.427528381347656,19.49773597034934,19.312185155972518,19.34227494255038,10149700
2012-04-26,19.55790901184082,19.603042724542508,19.377374161034076,19.392418094263682,6396200
2012-04-27,19.758512496948242,19.828720100572745,19.63314122961485,19.638155238582147,9271500
2012-04-30,19.994197845458984,20.024287621248277,19.84375279253779,19.934020206893035,13825600
2012-05-01,19.939041137695312,20.054384361772446,19.893907414843095,19.944057058575172,9522200
2012-05-02,19.90894889831543,20.019274264304375,19.86381518536131,19.923992831629178,12610800
2012-05-03,19.853782653808594,19.918976211302283,19.73342546405199,19.823692878116287,9932500
2012-05-04,19.68328094482422,19.94906731102331,19.67826693790155,19.703340798540776,13304400
2012-05-07,19.68830680847168,19.798634157341326,19.633145047050956,19.683292798529468,12434500
2012-05-08,19.643157958984375,19.74345529781478,19.587996239989643,19.633129946812694,12279300
2012-05-09,19.49271583557129,19.628116976381307,19.477671902041145,19.48770182873221,10485200
2012-05-10,19.588001251220703,19.663222839828105,19.492717894099638,19.572955403088734,8234200
2012-05-11,19.577970504760742,19.688295879373978,19.522806860947608,19.53785079543736,8036600
2012-05-14,19.577970504760742,19.688295879373978,19.45761328980363,19.487703071796165,10892500
2012-05-15,19.467641830444336,19.658206610130307,19.437552050595112,19.60304297024651,7439900
2012-05-16,19.362327575683594,19.517786632463434,19.362327575683594,19.492712776177584,8115700
2012-05-17,19.23194122314453,19.417491975629424,19.22191321064349,19.332238565269098,7248900
2012-05-18,19.302156448364258,19.452601549835173,19.23194694886546,19.267050742108232,13789000
2012-05-21,19.352304458618164,19.43254197476764,19.241977156532652,19.372364315908854,7679400
2012-05-22,19.46262550354004,19.50274329221041,19.317194454458015,19.352298236924344,9781600
2012-05-23,19.257017135620117,19.507759536276566,19.201853501393668,19.392416348523422,11000000
2012-05-24,19.402450561523438,19.42251041713168,19.236961535288227,19.241975542683726,8102700
2012-05-25,19.342275619506836,19.4124832109657,19.277082036146435,19.382395336348125,6783400
2012-05-29,19.38239860534668,19.47266607045053,19.292131140242827,19.42251641594077,6341100
2012-05-30,19.262033462524414,19.29713724980447,19.171766034372002,19.211885741556596,6122500
2012-05-31,19.191822052001953,19.302149311695022,19.161732277627692,19.241969762946503,9231400
2012-06-01,18.840784072875977,19.101556402450196,18.835770066524407,19.051408686883615,8601300
2012-06-04,18.880910873413086,18.916014670108385,18.755539624354604,18.790643421049904,6483200
2012-06-05,18.8558349609375,18.905984608017217,18.695359916309275,18.820731164488414,7592000
2012-06-06,19.046388626098633,19.046388626098633,18.890927680825087,18.900957604360055,7809000
2012-06-07,19.13165283203125,19.2820979440563,19.05642931951203,19.20687443153708,9315200
2012-06-08,19.176780700683594,19.221914411809394,19.141675002685474,19.171764781106944,8430300
2012-06-11,19.126628875732422,19.3422674804824,19.116598950742585,19.267043999564933,6874900
2012-06-12,19.25200080871582,19.307164441774344,19.156719387168245,19.20185309485134,8035500
2012-06-13,19.27707862854004,19.342272200376183,19.14669339788081,19.231944911578566,6975200
2012-06-14,19.417497634887695,19.497735149370158,19.302156327382487,19.342274128117097,9675400
2012-06-15,19.377376556396484,19.628119010621102,19.377376556396484,19.53283756670047,12630400
2012-06-18,19.547883987426758,19.66322530147489,19.40746880737049,19.412482815366776,9345200
2012-06-19,19.55790901184082,19.63313250401459,19.462627579698538,19.572952945070426,7649100
2012-06-20,19.567943572998047,19.633137154122217,19.427528394896747,19.527823857532915,10588600
2012-06-21,19.457618713378906,19.718391157628947,19.43254484456927,19.603049830693777,27166700
2012-06-22,19.482688903808594,19.542868473205942,19.43254117565734,19.492718832041486,13035100
2012-06-25,19.362327575683594,19.40746128220317,19.23695638124173,19.38238742591732,6875500
2012-06-26,18.936059951782227,19.40244083940906,18.92603194201603,19.362323061307787,11668700
2012-06-27,18.90574836730957,19.057357832944035,18.860265334837337,19.057357832944035,9174900
2012-06-28,19.052305221557617,19.077573144794876,18.7490843592536,18.845105166501742,7302100
2012-06-29,19.517236709594727,19.517236709594727,19.163480081810185,19.254446126892454,10282700
2012-07-02,19.648635864257812,19.65874341829384,19.33530747259734,19.365630134705427,8676100
2012-07-03,19.815406799316406,19.860889831123867,19.59304638149044,19.63347467208656,8443900
2012-07-05,19.74465560913086,19.956910397637376,19.74465560913086,19.800246194878255,7290100
2012-07-06,19.699176788330078,19.810357983588517,19.648640932932228,19.734552272672435,6091000
2012-07-09,19.724437713623047,19.73454526667818,19.60315093259871,19.66884713572913,7043700
2012-07-10,19.916479110717773,20.083250859008732,19.815405499131025,19.86088852795412,13837600
2012-07-11,19.896263122558594,20.00744428316687,19.820459363086442,19.911425416707992,8365200
2012-07-12,19.764873504638672,19.80530180045179,19.68906779923772,19.724443281006387,8213400
2012-07-13,20.068086624145508,20.088301730072363,19.724437534663437,19.74465264059029,7095300
2012-07-16,20.002389907836914,20.184320073049776,19.921529486206452,20.174212520345968,7759500
2012-07-17,20.113571166992188,20.20959196348427,19.926586242599384,20.08830324658539,6843300
2012-07-18,20.199485778808594,20.219698959812757,20.057981944866135,20.08830460810071,9725000
2012-07-19,20.315717697143555,20.36120072346133,20.154000698640054,20.26012711744197,14520300
2012-07-20,20.29550552368164,20.346041370085914,20.002394144462723,20.23486212243272,48384700
2012-07-23,19.810344696044922,20.022597459733145,19.72443148611063,20.017544648710196,15557800
2012-07-24,19.719388961791992,19.8861588019978,19.64863800365504,19.865945619543687,10375800
2012-07-25,19.628429412841797,19.805306866932913,18.77436096222809,19.805306866932913,8508700
2012-07-26,19.90131378173828,20.113566578112728,19.850776024636044,19.931634508181308,11258400
2012-07-27,19.92152976989746,20.13883733657748,19.90131659202056,20.123676971215158,13683400
2012-07-30,19.961963653564453,20.057982531554124,19.93669573070601,20.00239387239312,12186900
2012-07-31,20.068086624145508,20.09840928303579,19.815403583515668,19.911424372758916,10699300
2012-08-01,19.9063720703125,20.18432306348242,19.835621118722216,20.113572111892132,7220600
2012-08-02,19.67894744873047,19.855826670391963,19.582928621760804,19.71937764607638,10499700
2012-08-03,20.472379684448242,20.664419340564834,20.184321164182684,20.189375904717117,19362100
2012-08-06,20.51786231994629,20.972692568462072,20.492594401210663,20.740224631584507,15182600
2012-08-07,20.654312133789062,20.709902713688393,20.51786305435035,20.608829107309493,14036000
2012-08-08,20.770538330078125,20.851396799344794,20.63914404045153,20.64419685136033,8174900
2012-08-09,20.75539207458496,20.841305340963768,20.543139171447827,20.755392074584964,7382200
2012-08-10,20.67957878112793,20.70484862703196,20.52291653230696,20.61893539215912,8036600
2012-08-13,20.720006942749023,20.770542773921058,20.654308819970673,20.69979183915286,7321400
2012-08-14,20.669464111328125,20.79075083619147,20.608818821078717,20.735160284038383,7012500
2012-08-15,20.56839942932129,20.68968620651198,20.492593747713183,20.66441828858213,8592600
2012-08-16,20.56839942932129,20.603774899986785,20.426895618840728,20.47743338251899,7857700
2012-08-17,20.46732521057129,20.588613911911114,20.376359166521045,20.588613911911114,10181200
2012-08-20,20.60377311706543,20.613880668926438,20.34098255213443,20.37130520771745,6388900
2012-08-21,20.775602340698242,20.922158984093606,20.558294746096518,20.573455113406787,10521400
2012-08-22,20.72506332397461,21.023229406003395,20.593668983607774,20.810976565144962,9655300
2012-08-23,20.861509323120117,20.91709989546163,20.623988597413337,20.684631981868428,14286500
2012-08-24,21.1596736907959,21.174835981576614,20.770541642941094,20.770541642941094,12104900
2012-08-27,21.088926315307617,21.174839551488358,21.053550843885724,21.144516892633046,8057900
2012-08-28,21.154624938964844,21.22537588345872,21.078819253967886,21.1091419135304,9452100
2012-08-29,21.058605194091797,21.20010901793018,21.043444827466477,21.159678803171,7606300
2012-08-30,20.896894454956055,21.02323602222379,20.83625104245695,20.942377496285214,8132700
2012-08-31,20.977741241455078,21.189995958150195,20.932258225578856,21.09397711477517,9800000
2012-09-04,21.144515991210938,21.20010656616646,20.851402751561274,20.871617856603017,12288700
2012-09-05,21.058605194091797,21.225376938245294,20.91710329807216,21.149571249481205,8790500
2012-09-06,21.382038116455078,21.447734314455488,21.073764519710842,21.114192800955827,13803700
2012-09-07,20.2095890045166,20.674524840948543,20.063032388668873,20.63914937199474,46355400
2012-09-10,20.320770263671875,20.59872123099279,20.305609897689234,20.401628761943755,21248200
2012-09-11,20.098411560058594,20.361202183424375,20.022605868153892,20.300556858773085,16840600
2012-09-12,20.002389907836914,20.174212520345968,19.961959697021683,20.11356913194168,11657400
2012-09-13,20.28034782409668,20.34099123332591,19.977126922312088,19.977126922312088,13060000
2012-09-14,20.179271697998047,20.3005585014774,20.078198076552592,20.179271697998047,23143700
2012-09-17,20.209814071655273,20.214903850378985,20.02146118811874,20.09781952050912,17594400
2012-09-18,20.581430435180664,20.581430435180664,20.077456887758554,20.108001386424963,22574300
2012-09-19,20.790138244628906,20.830862285107674,20.60178543083094,20.61705670327026,22678000
2012-09-20,21.177030563354492,21.253390828128627,20.66287753189823,20.693422026192323,35456700
2012-09-21,21.268659591674805,21.47737542322164,21.202482774738908,21.258478094779594,57608700
2012-09-24,21.192310333251953,21.24830761914208,21.100678763963167,21.166857551099024,16956800
2012-09-25,21.054861068725586,21.355208531490273,21.029408288882333,21.126129629055743,20446100
2012-09-26,21.009050369262695,21.283945118667226,20.96323457769527,21.136316241180747,15227300
2012-09-27,20.973405838012695,21.04467438077476,20.871592801814536,20.953042842388633,14123700
2012-09-28,21.049774169921875,21.095589960904775,20.82069715693044,20.97850559326471,13988800
2012-10-01,21.645374298095703,21.655555798325413,20.912323758860147,20.912323758860147,24527600
2012-10-02,21.388042449951172,21.74692731904548,20.914618524204254,21.701112570239196,31590300
2012-10-03,21.25060272216797,21.601853112243273,21.17424381507116,21.517858168794284,37901300
2012-10-04,21.426218032836914,21.54075561632379,21.28113777341826,21.28113777341826,16878000
2012-10-05,21.235326766967773,21.662935985959265,21.181875978700024,21.571305022911158,17568000
2012-10-08,21.03679656982422,21.304051997346516,20.983345775604743,21.265873274739718,17364000
2012-10-09,20.89171600341797,21.09024856268143,20.830629174138817,21.03679631269039,16782600
2012-10-10,20.80771827697754,21.021522878998823,20.693180669490125,21.021522878998823,24674800
2012-10-11,20.800086975097656,20.929896681499947,20.73136410368321,20.84590173723228,13761100
2012-10-12,20.78481101989746,20.922256737053193,20.73899626632047,20.891714053476782,12058100
2012-10-15,20.78481101989746,20.99861563063135,20.761904371321346,20.983343560630765,12916300
2012-10-16,20.746631622314453,20.998614943378,20.578643227080324,20.9680708043765,16349300
2012-10-17,20.960433959960938,20.9986126731605,20.647363851165963,20.647363851165963,11405200
2012-10-18,20.937532424926758,21.044434020553243,20.884081627113517,20.99861925905975,8754000
2012-10-19,20.62445640563965,20.952798592731767,20.55573355455411,20.922254456060593,16446900
2012-10-22,20.6168270111084,20.71609257440893,20.50228937455392,20.63209908436235,14178300
2012-10-23,20.372474670410156,20.571007204765806,20.265573096689696,20.44119752678037,11255400
2012-10-24,20.257938385009766,20.433562826570725,20.196851559404873,20.433562826570725,10768000
2012-10-25,20.212121963500977,20.45647071980677,20.143399103356344,20.372475789313377,11890100
2012-10-26,20.311386108398438,20.34192878837662,19.990679958292294,20.181576441535842,17172200
2012-10-31,20.273210525512695,20.45647247255042,20.08231399907124,20.425928329235827,11829900
2012-11-01,20.464107513427734,20.502287693431953,20.235032259102216,20.372477994267506,10718900
2012-11-02,20.067041397094727,20.464105025898604,20.036497256804168,20.464105025898604,27262900
2012-11-05,20.166305541992188,20.204484258283557,19.891414124135373,20.005953185858825,12723700
2012-11-06,20.227392196655273,20.334293766537463,19.853235245642963,19.868507314604607,14611800
2012-11-07,20.044130325317383,20.173939989490705,19.906684627201564,20.044130325317383,13178500
2012-11-08,19.937223434448242,20.30374422718252,19.669968143587102,19.70051081476954,33180400
2012-11-09,19.868507385253906,20.028859740647377,19.669974857320568,19.85323531623796,19361700
2012-11-12,19.822696685791016,19.983050542162243,19.77688192243855,19.91432766892101,9070100
2012-11-13,19.654701232910156,19.891412458226323,19.654701232910156,19.7310601155225,13056200
2012-11-14,19.204177856445312,19.708144244007016,19.165999158403114,19.669965545964818,18479200
2012-11-15,19.173641204833984,19.2270919814323,18.70785336917822,19.112554394946706,19003700
2012-11-16,19.51725959777832,19.547803739750478,19.112559911621215,19.173646739140676,18817800
2012-11-19,19.723424911499023,19.784511728874268,19.486713676223026,19.71578887727404,10612900
2012-11-20,19.501991271972656,19.88378435288277,19.471447126415836,19.860876243715154,11552900
2012-11-21,19.402719497680664,19.776876450456157,19.295817927294713,19.63179470748618,14172400
2012-11-23,19.563064575195312,19.585971212093742,19.31108137434448,19.41034686589371,6080800
2012-11-26,19.47907829284668,19.540165112263,19.387447335509872,19.471442258366558,10869300
2012-11-27,19.295820236206055,19.55543961514449,19.280548165345007,19.50962340256135,9704600
2012-11-28,19.593616485595703,19.624160624433433,19.211823488672287,19.211823488672287,14792600
2012-11-29,19.68524932861328,19.70051994306811,19.494352811891982,19.67761329317345,13019600
2012-11-30,19.769241333007812,19.845600225293392,19.631795618178717,19.631795618178717,12208500
2012-12-03,19.60124969482422,19.868505045431228,19.53252684877029,19.868505045431228,8887200
2012-12-04,19.662334442138672,19.76159995577713,19.54779686288681,19.63179031091186,9934900
2012-12-05,19.463808059692383,19.776878220782557,19.440899954091346,19.63179646482559,13243700
2012-12-06,19.486717224121094,19.58598277426967,19.395086253162898,19.509623874541987,7797000
2012-12-07,19.53253173828125,19.65470539375499,19.318727112989777,19.59361856601812,10690300
2012-12-10,19.807422637939453,19.929596289999967,19.555439298511544,19.56307533381843,11433500
2012-12-11,19.952505111694336,20.028864016651436,19.83796748247117,19.868511627024002,11868700
2012-12-12,19.88378143310547,20.00595508454246,19.708155534793086,19.9066880824844,10581600
2012-12-13,19.929594039916992,19.983044824605685,19.662338660048874,19.85323515189401,10704200
2012-12-14,19.88378143310547,19.944868258823966,19.837965221497992,19.929596188288137,8553300
2012-12-17,19.89141845703125,19.97541339887827,19.78451686298958,19.860875768630052,12684300
2012-12-18,19.769241333007812,19.975409905251457,19.65470372279181,19.876144364777517,19277200
2012-12-19,19.807422637939453,19.9143242193862,19.692885021185823,19.76160642609815,13070700
2012-12-20,19.906688690185547,19.91432472568657,19.74633631393864,19.815059177022988,10786400
2012-12-21,19.669973373413086,19.708152086648084,19.448532758661358,19.662337339481176,24628600
2012-12-24,19.60124969482422,19.700515218888512,19.547798915987716,19.616521762041646,2637100
2012-12-26,19.387441635131836,19.654696937657945,19.35689896261629,19.55543143145214,5194700
2012-12-27,19.46419906616211,19.517924932165165,19.233943472537508,19.35674587023594,9139400
2012-12-28,19.387439727783203,19.471866892624313,19.303012562942094,19.326038552604075,8685500
2012-12-31,19.533275604248047,19.56397547172267,19.187892945658177,19.21859427705286,10730100
2013-01-02,20.46964454650879,20.484995212426252,19.78655601630265,19.832606550134955,17862400
2013-01-03,20.446622848510742,20.5464007340421,20.33149575775335,20.492674855950007,9075500
2013-01-04,20.52337074279785,20.592447276615356,20.377542342080893,20.49267087439013,7696000
2013-01-07,20.46196937561035,20.52337057584642,20.37754217631573,20.431269507452363,7576200
2013-01-08,20.47731590270996,20.66151946618636,20.30846153825009,20.35451352705903,14360800
2013-01-09,20.761302947998047,20.784328950277633,20.477322906151286,20.56175011725614,11671400
2013-01-10,20.960853576660156,20.983879574912553,20.792000647902686,20.822700514985847,16348500
2013-01-11,21.0452823638916,21.137384899943534,20.914804625104782,20.991556494494702,10162600
2013-01-14,21.091339111328125,21.122040453693653,20.85340956367758,21.07598844014536,8688200
2013-01-15,21.26786231994629,21.29088832117911,20.983882291009305,21.168085909111188,9863200
2013-01-16,21.352283477783203,21.42903532956073,21.168079911869018,21.298557620714874,9219400
2013-01-17,21.536495208740234,21.551845877699538,21.313916364511787,21.367642241948985,23916700
2013-01-18,21.55183982849121,21.567190493141865,21.352285579792596,21.467412636832577,15906900
2013-01-22,21.15273666381836,21.521145388712164,20.953182364810978,21.283214418403176,18213200
2013-01-23,21.329259872436523,21.406010263624317,20.991552588314697,21.106679639016264,15212300
2013-01-24,21.359960556030273,21.51346427213786,21.214132172120063,21.436712414084067,14444500
2013-01-25,21.321584701538086,21.406010425266157,21.252508177811556,21.359959897421763,12066800
2013-01-28,21.344614028930664,21.43671656923173,21.198787080674276,21.398339900806196,6456100
2013-01-29,21.359960556030273,21.436712414084067,21.1373817779862,21.1373817779862,6258900
2013-01-30,21.283203125,21.475081987931308,21.23715260779396,21.359954962956433,5800400
2013-01-31,21.329259872436523,21.452062255040843,21.221806689717834,21.221806689717834,7541300
2013-02-01,21.659286499023438,21.736038340446743,21.43670776920742,21.49043361902785,9623100
2013-02-04,21.398334503173828,21.605564068638355,21.359959308348476,21.498112351991495,8954300
2013-02-05,21.45206642150879,21.574868827964067,21.3753145514942,21.45206642150879,10961400
2013-02-06,21.490442276000977,21.59021868530038,21.3369385313186,21.41369040365979,10908300
2013-02-07,21.52113914489746,21.551839009111635,21.168081190955146,21.214131719236352,14464700
2013-02-08,21.30624008178711,21.56719558679986,21.298564747649053,21.336939954419037,11159200
2013-02-11,21.29856300354004,21.336938207167535,21.2064604653458,21.283212336520968,9811900
2013-02-12,21.244834899902344,21.35996196260429,20.930153578687666,21.260185565307943,14931000
2013-02-13,21.29856300354004,21.34461354067707,21.07598272352406,21.290887670030504,13902600
2013-02-14,20.392894744873047,20.73827744337283,20.300793667886587,20.48499728577973,37728900
2013-02-15,20.508024215698242,20.776655072103143,20.415923127966526,20.600126767350353,21794500
2013-02-19,20.69222068786621,20.868750395394358,20.531043108202983,20.531043108202983,18297500
2013-02-20,20.745954513549805,20.83805559824515,20.684553302446126,20.77665438714147,17057200
2013-02-21,20.584775924682617,20.761304227948337,20.446622830328444,20.715253684470404,16936600
2013-02-22,20.54639434814453,20.822698987301667,20.51569301939378,20.638495406556935,16664800
2013-02-25,20.33149528503418,20.784329766882262,20.323819950639425,20.561750925115774,15527100
2013-02-26,20.68455696105957,20.707581504345733,20.346849508296636,20.362200179767814,13702900
2013-02-27,21.16040802001953,21.237159884273424,20.615472565264984,20.615472565264984,13810200
2013-02-28,21.21413230895996,21.382986690551473,21.129706582084147,21.13738191433103,15016700
2013-03-01,21.344614028930664,21.382990697356195,20.67687610144872,20.67687610144872,17228100
2013-03-04,21.70534896850586,21.828151388543546,21.191113285627925,21.260189829889164,21335500
2013-03-05,21.881866455078125,22.004668814453694,21.743713434800714,21.76673942615348,17493500
2013-03-06,21.889543533325195,22.004670571442293,21.83581767979853,21.874192871197657,9613000
2013-03-07,21.91257095336914,22.01234880644141,21.82814522836942,22.004673474365088,14008800
2013-03-08,21.93560028076172,22.066078018033856,21.789771877005773,21.966301613729343,8026400
2013-03-11,21.82048225402832,21.935609372534014,21.812806917605176,21.904909490762172,8411800
2013-03-12,21.65161895751953,21.91257443388406,21.613243754962454,21.866523898031538,12486200
2013-03-13,21.85116958618164,21.881870914241755,21.65161534555059,21.720691869765947,8432100
2013-03-14,21.897226333618164,21.91257553706166,21.751397921503354,21.874200332572602,8321100
2013-03-15,21.80512046813965,22.012350054187184,21.766745269502692,21.835821798185204,20243300
2013-03-18,21.72837257385254,21.85117498861458,21.544168951709473,21.689997368209497,7873300
2013-03-19,21.751399993896484,21.904903754318422,21.620922236713945,21.713024785751177,7797700
2013-03-20,22.020030975341797,22.04305551479956,21.81280133669976,21.94327909466841,10066500
2013-03-21,21.920249938964844,22.058403011525236,21.805122866471237,21.935600605676033,11615300
2013-03-22,22.8182430267334,23.117575166411964,22.465186482394735,22.503561684546288,34327300
2013-03-25,22.93337059020996,23.255727272542558,22.79521898114184,22.987097923865527,18993700
2013-03-26,23.248058319091797,23.255732190173713,22.902675563586847,23.01012732577929,11424400
2013-03-27,23.495777130126953,23.519001005701124,23.124180354996977,23.155146014627313,13734400
2013-03-28,23.70480728149414,23.735772949500014,23.395141741867054,23.565458083980896,14551800
2013-04-01,23.75125503540039,23.85189529586462,23.51900589521468,23.549973037877294,8209400
2013-04-02,23.84415626525879,23.9602815870666,23.720290633485615,23.743515993166135,9528100
2013-04-03,23.4493408203125,23.86738705348122,23.302249795403533,23.81319601182927,12408800
2013-04-04,23.441591262817383,23.54223152444538,23.39514054828632,23.5344897386902,8063200
2013-04-05,23.248046875,23.387394563792142,23.10095592524818,23.13192158611497,10431900
2013-04-08,23.340953826904297,23.379662762815187,23.162897151498974,23.340953826904297,15375800
2013-04-09,23.325464248657227,23.410622409146885,23.170632974651397,23.317723940062297,8422000
2013-04-10,23.402881622314453,23.503523357476393,23.340948814751187,23.356432385790654,13486400
2013-04-11,23.495777130126953,23.72802474543461,23.480293562014623,23.635126289949277,12583400
2013-04-12,23.65060806274414,23.673833414599645,23.43384401847,23.642867755386614,7786100
2013-04-15,23.37191390991211,23.80544352488635,23.340946770545283,23.75125250758888,10772100
2013-04-16,23.712553024291992,23.789969426937134,23.379665003129485,23.379665003129485,8798700
2013-04-17,23.085479736328125,23.62739300237882,23.031288705042027,23.526751250051905,15300700
2013-04-18,23.30224609375,23.348695339702292,23.015805877755234,23.062256600302433,13003900
2013-04-19,24.53316879272461,24.618325520470684,23.263543423161238,23.33321804915049,24336900
2013-04-22,24.40929412841797,24.502192611122787,24.200270327439988,24.308652382793863,12892700
2013-04-23,24.66476821899414,24.788633852261327,24.386069805845562,24.43251904917205,13459600
2013-04-24,24.3551025390625,24.850565069686613,24.3241368691959,24.79637403997395,10562800
2013-04-25,24.525413513183594,24.641537333759242,24.37058076801973,24.509929943348308,10815500
2013-04-26,24.432518005371094,24.61831644733423,24.339619522686906,24.60283435128337,9889900
2013-04-29,24.478961944580078,24.509927604701527,24.269938201531488,24.401545579384933,7146200
2013-04-30,24.347354888916016,24.53315328188643,24.23122960128943,24.393804118010028,10107900
2013-05-01,24.3551025390625,24.533160678026004,24.231236906406473,24.231236906406473,11243800
2013-05-02,24.324129104614258,24.571860290847262,24.23897095562378,24.35509476459621,7464300
2013-05-03,24.56412124633789,24.641537619818536,24.393806405956084,24.525413797894824,8364300
2013-05-06,24.1151123046875,24.61831660615841,24.08414663579125,24.49445097738387,9768400
2013-05-07,24.31639289855957,24.331876470399592,24.02995420249257,24.04543629773791,7524200
2013-05-08,23.937055587768555,24.386068860097026,23.720289999660245,24.122854030463635,22959000
2013-05-09,23.673839569091797,24.037694649853652,23.63513211586415,23.96802005276813,10968900
2013-05-10,23.712553024291992,23.828678366557238,23.55772169559677,23.789969426937134,14250200
2013-05-13,23.86738395690918,23.929316778846932,23.573203421853588,23.627394456474754,11166700
2013-05-14,24.138336181640625,24.208010778122425,23.86737958161082,23.875121367508207,13649400
2013-05-15,24.386072158813477,24.409297521015105,24.084149833167125,24.153824443177047,6828800
2013-05-16,24.3551025390625,24.525418891410652,24.153821993442566,24.308653295965193,11020400
2013-05-17,24.386072158813477,24.478972131025024,24.115115506174334,24.316397548803554,11930700
2013-05-20,23.84415626525879,24.39381129827272,23.79770702249255,24.378327725152374,10092700
2013-05-21,24.006729125976562,24.006729125976562,23.681581496500332,23.937054528474892,7138100
2013-05-22,24.595090866088867,24.76540572364212,23.921570268474586,23.952537411626807,18373100
2013-05-23,24.177043914794922,24.58734971254462,23.98350369490077,24.331876681348124,14956500
2013-05-24,23.960281372070312,24.254461875743218,23.81319038193646,23.998988827929054,10606700
2013-05-28,24.215747833251953,24.711210221134138,24.084140451896452,24.177038911327166,10189800
2013-05-29,23.441591262817383,24.161559618913024,23.433849477062203,24.060919357285023,14112200
2013-05-30,22.915164947509766,23.356436463002858,22.89968137376741,23.263536497143587,17736000
2013-05-31,22.82225799560547,23.100956331277,22.613234243851817,22.752583411687585,18751500
2013-06-03,23.02353858947754,23.0312803735171,22.613232894946808,22.814514850192392,8879200
2013-06-04,22.891937255859375,23.271275914350667,22.7293641779037,23.162893862380216,9680000
2013-06-05,22.814517974853516,22.907417919457426,22.706135936644394,22.799035881248304,7614100
2013-06-06,22.675180435180664,22.89968639731567,22.512605828411353,22.845495353924296,10668300
2013-06-07,23.116439819335938,23.193854710889703,22.690650532818204,22.868708622537316,8802400
2013-06-10,22.899681091308594,23.364177961685826,22.806781126595208,23.10096311769189,10261800
2013-06-11,23.069992065429688,23.201599465148888,22.613237059145078,23.178375585347887,11656600
2013-06-12,22.860971450805664,23.263533988532746,22.806778948551237,23.22482653494572,8441000
2013-06-13,23.201601028442383,23.224826386402874,22.59775648741651,22.822262374655832,7881100
2013-06-14,23.07773208618164,23.40287966788359,22.930642603374306,23.085473871054838,8726500
2013-06-17,23.488037109375,23.72028474211805,23.155147752940707,23.155147752940707,11431800
2013-06-18,23.611906051635742,23.69706421810275,23.410624052364867,23.48029864736612,6105900
2013-06-19,22.860971450805664,23.666098002854536,22.860971450805664,23.5422323794624,8724600
2013-06-20,21.939722061157227,22.791299425542277,21.86230566865043,22.613241279798178,15787400
2013-06-21,22.334537506103516,22.45840310560943,21.846815416028864,22.156480891388068,19734200
2013-06-24,22.171968460083008,22.34228480891549,22.00939537430086,22.133261004400055,9793400
2013-06-25,22.156484603881836,22.427439725330178,22.086810007910927,22.357765129359272,8635500
2013-06-26,22.334537506103516,22.481628459239698,22.20293012205418,22.31131215247325,8515100
2013-06-27,22.6689395904541,22.80891955950011,22.46674646664082,22.598949605931097,7100200
2013-06-28,22.186782836914062,22.707818442791485,22.186782836914062,22.466741226429118,12446300
2013-07-01,22.591169357299805,22.902236567338846,22.326763118733652,22.38897774736417,9324400
2013-07-02,22.381202697753906,22.684491620042646,22.31121271825981,22.396754872869312,6864000
2013-07-03,22.22566795349121,22.38897839179014,22.194562121559013,22.22566795349121,4534100
2013-07-05,22.381202697753906,22.544511661054457,22.163455930074665,22.47452168156036,6723600
2013-07-08,22.35787010192871,22.59116902272445,22.31121061442524,22.51340370464478,9245600
2013-07-09,22.583385467529297,22.684481234247325,22.35008514826967,22.583385467529297,9269000
2013-07-10,22.6689395904541,22.723375915465635,22.474523296396555,22.5756205999425,7964200
2013-07-11,23.462154388427734,23.485484873679834,22.902236091882603,23.018885551586376,8894500
2013-07-12,23.609912872314453,23.656572362920723,23.353283449062275,23.454379259255603,8961800
2013-07-15,23.46993637084961,23.718789001739996,23.39994638300185,23.695458511364517,7715500
2013-07-16,23.228857040405273,23.469932804538477,23.1355365763623,23.40771965626931,7700800
2013-07-17,23.718780517578125,24.247592910704373,23.21329860648209,23.43104383898479,19516300
2013-07-18,23.781002044677734,24.037631504454595,23.62546840948262,23.788778874765356,13132100
2013-07-19,23.866533279418945,23.88208544822686,23.477700876940922,23.78876650226776,9527500
2013-07-22,23.874319076538086,24.395354750975475,23.67990280224471,23.866542247572934,8208600
2013-07-23,24.169828414916992,24.356467839041343,23.87431636420634,23.928752677499492,12141400
2013-07-24,23.952085494995117,24.1853859247834,23.796553358414787,24.146501778179424,10060000
2013-07-25,24.21648597717285,24.255370114493356,23.742111368088093,23.773217194666323,6268300
2013-07-26,24.558656692504883,24.57421034599119,23.95207755604119,23.975408036270654,9685100
2013-07-29,24.581995010375977,24.6519849901017,24.309811920695775,24.457568709369912,7954300
2013-07-30,24.14650535583496,24.776415274642957,24.099845856275433,24.737531122277726,11787000
2013-07-31,24.317590713500977,24.496453350230073,24.10762075736928,24.138728076771883,8444200
2013-08-01,24.659757614135742,24.714195412685818,24.348691895955593,24.550884983592276,6605800
2013-08-02,24.838626861572266,24.885286358175822,24.480900098868588,24.62865690193828,6220000
2013-08-05,24.7064208984375,24.776410876993406,24.48089730458436,24.69864406934479,5371100
2013-08-06,24.776409149169922,24.82306863719382,24.496449254469756,24.519779740120896,6827700
2013-08-07,24.309803009033203,24.81528485697697,24.21648257584948,24.81528485697697,10792800
2013-08-08,25.42965316772461,25.59296215118285,24.550890642621056,24.846404255467426,19188100
2013-08-09,25.00971031188965,25.429650191540514,24.861953522759325,25.274116573163486,6993600
2013-08-12,24.791959762573242,24.955270185295618,24.566437681920217,24.854172903782175,8394400
2013-08-13,24.947492599487305,25.134130523070187,24.79973436288152,24.885277980588803,6966700
2013-08-14,24.574222564697266,24.877511542090343,24.566445734087342,24.854181050260575,7555600
2013-08-15,24.239822387695312,24.37202552036049,24.037629274014538,24.309812368710908,13454700
2013-08-16,24.076507568359375,24.24759481680712,23.89764497523516,24.154274364628506,10810400
2013-08-19,23.843210220336914,24.123170111882263,23.79655073283881,24.099839626494028,8302300
2013-08-20,23.9132080078125,24.130954826091667,23.788781678304076,23.874325336070687,6760000
2013-08-21,23.73434066772461,24.11539641216734,23.687679690894313,23.874320631658378,9606400
2013-08-22,24.185388565063477,25.320780554113583,23.641022319408417,23.773225465737294,8775600
2013-08-23,24.356473922729492,24.457571229764234,24.068738628230804,24.26315492899752,7501800
2013-08-26,23.882095336914062,24.340917880481708,23.827659015351546,24.27870472965619,7370300
2013-08-27,23.874319076538086,23.95986122859782,23.641018657418957,23.718785463792,6663800
2013-08-28,23.757667541503906,24.029850615481532,23.469932293256626,23.796551685374094,8394600
2013-08-29,23.874319076538086,24.00652220238872,23.44660238312558,23.594359166906514,7978800
2013-08-30,23.850984573364258,24.092060297575223,23.757664124775186,23.827654090397438,7485000
2013-09-03,23.944307327270508,24.29425570579598,23.74211423859256,24.216488905030868,8840400
2013-09-04,24.014297485351562,24.25537473280616,23.843211698400502,23.866542185235016,10788200
2013-09-05,23.905426025390625,24.068736474727686,23.874320191355988,24.014298669429646,6467100
2013-09-06,24.060958862304688,24.270927314220746,23.66434947914116,24.02985154600395,7509400
2013-09-09,24.193159103393555,24.224264932704386,23.944306535793675,24.037625507004478,6229200
2013-09-10,24.138723373413086,24.46534126382814,23.866540314788868,24.36424546202515,7407500
2013-09-11,24.333145141601562,24.372027808804038,23.913205216077177,24.333145141601562,7854700
2013-09-12,24.317590713500977,24.403132875300884,24.16983391289586,24.37202703917691,8277200
2013-09-13,24.535337448120117,24.55089110872915,24.270931150881378,24.364251631256874,6425300
2013-09-16,24.776409149169922,24.854174468116963,24.605321887618317,24.67531186129336,9330400
2013-09-17,24.869726181030273,24.955269805118714,24.62865044792807,24.71419407201651,7051400
2013-09-18,25.452980041503906,25.60851366504748,24.760858531619995,24.807518025371643,9640400
2013-09-19,25.616289138793945,25.725164752406428,25.27411753854043,25.48408748638593,10976700
2013-09-20,25.11858367919922,25.585184547786934,25.08747636131528,25.585184547786934,14970600
2013-09-23,24.846397399902344,25.149686275944077,24.651981149459534,24.706417462258997,9370900
2013-09-24,24.92416000366211,25.157458885517542,24.807510562734393,24.846394698562378,6518300
2013-09-25,24.963043212890625,25.157459446531693,23.368830690345128,23.368830690345128,9291800
2013-09-26,24.970863342285156,25.08802380697587,24.853702877594444,25.025539616265217,4838200
2013-09-27,24.83807373046875,25.08020697421346,24.72872419443933,24.77558806848398,6160900
2013-09-30,24.541276931762695,24.838083571341503,24.11949742892429,24.59595172143961,9520100
2013-10-01,24.096057891845703,24.533457547725625,23.947653878506244,24.455350093874554,13363200
2013-10-02,23.93984031677246,24.096055207069178,23.4868189226427,23.99451508144363,13226600
2013-10-03,23.853927612304688,23.97108805549496,23.697712694867086,23.853927612304688,7714700
2013-10-04,24.1038761138916,24.31476436669194,23.807067996981726,23.807067996981726,7617600
2013-10-07,24.02577018737793,24.14293066644772,23.689909054875226,23.814880431186513,5559100
2013-10-08,23.971088409423828,24.260084074241743,23.963277514459033,24.049195869295872,7471400
2013-10-09,23.908605575561523,24.20541217055194,23.861740200213514,24.088251711734042,6397700
2013-10-10,24.36943817138672,24.48659863100591,24.02576619869783,24.150737554261777,6873200
2013-10-11,24.096057891845703,24.385053534386167,23.971086561594298,24.346000552348517,11706300
2013-10-14,23.963285446166992,24.142931620491414,23.760206579192108,24.02577113679185,13245400
2013-10-15,23.869550704956055,24.088251317001415,23.760201143821394,24.00233295338073,7339500
2013-10-16,24.5568904876709,24.603754364561414,23.994518005881563,24.096058143882765,9253300
2013-10-17,25.220806121826172,25.26766851730998,24.346005154911214,24.4709765087882,10013800
2013-10-18,25.34577178955078,25.37701536589877,25.056776157210486,25.212988079847552,9721200
2013-10-21,25.377017974853516,25.38482737996766,25.212990671939014,25.275477831059156,6230900
2013-10-22,25.978435516357422,26.22838112539643,25.36920072942472,25.44730966335915,10333300
2013-10-23,25.861276626586914,26.048732109230222,25.814411266150497,25.853464243405256,9415500
2013-10-24,25.970630645751953,25.994061840246466,25.634769620089372,25.845659309195064,6237200
2013-10-25,26.15028190612793,26.165903698718214,25.783177229136946,26.0565541301385,5990000
2013-10-28,26.220579147338867,26.470521876011468,26.025311204341374,26.04093299732746,8765200
2013-10-29,26.478328704833984,26.50175989961904,26.20495185428423,26.33773557702022,6175100
2013-10-30,26.431455612182617,26.63453285993261,26.283053122655733,26.556426913771272,8517900
2013-10-31,26.28305435180664,26.53299696667274,26.001868165194526,26.36116030162067,11928600
2013-11-01,26.23619842529297,26.392413360626488,26.10341468741625,26.361169777649373,8102700
2013-11-04,26.25181770324707,26.454895014050145,26.03311860245118,26.26743949323989,7165300
2013-11-05,26.119037628173828,26.29087436255693,25.96282566551886,26.095606429686022,5198900
2013-11-06,26.119037628173828,26.15809359838977,25.76755773264795,25.900338496815113,9292500
2013-11-07,25.064584732055664,25.955005771646427,24.830263876303043,25.955005771646427,20974500
2013-11-08,25.52541732788086,25.634766863164035,24.806831475072105,25.0177196517217,13468200
2013-11-11,25.28329086303711,25.68944851692573,25.220806674505415,25.556667754075768,11415200
2013-11-12,25.330156326293945,25.39264051504073,25.048970028052963,25.25205034547242,6893000
2013-11-13,26.017499923706055,26.033121715566974,25.525423908519645,25.962825141968914,12789600
2013-11-14,26.681407928466797,26.751704497423123,26.017498205752986,26.10341358598677,12977700
2013-11-15,26.595489501953125,26.790757417502782,26.431465167983873,26.548627109134443,12755400
2013-11-18,26.525190353393555,26.7204582499519,26.423653192460396,26.540812142664418,7313700
2013-11-19,26.33774185180664,26.61111578793414,26.181526897068455,26.290876471519454,5377600
2013-11-20,26.158092498779297,26.564247160071282,26.11122712422157,26.37679162094453,6382200
2013-11-21,26.439273834228516,26.517382785995224,26.072172189356476,26.189331147678757,5877200
2013-11-22,26.470521926879883,26.681411663268722,26.228391584011195,26.259632190491043,7165200
2013-11-25,26.25181770324707,26.66578470962552,26.1971429280481,26.626731724419365,6465400
2013-11-26,26.470521926879883,26.712655249300926,26.24401039747494,26.30649756953935,7694700
2013-11-27,26.54081153869629,26.587676905442404,26.165897543382076,26.400218418009512,5732800
2013-11-29,26.189329147338867,26.540811954563175,25.884711707595006,26.34554405938874,4302900
2013-12-02,26.119037628173828,26.29087436255693,25.947203873342925,26.244008986029122,5877000
2013-12-03,26.478328704833984,26.86105212423123,26.31430140268344,26.556434673818643,10507400
2013-12-04,26.76732635498047,26.798569936717154,26.103413651059654,26.220575592796255,9212100
2013-12-05,26.868865966796875,26.907918953408267,26.43927417541592,26.626732682523237,8722700
2013-12-06,27.407798767089844,27.439042341854886,27.048506595945685,27.228152681517763,10192800
2013-12-09,27.09537124633789,27.493719409054464,27.040696475698603,27.3999916564659,10238800
2013-12-10,26.60330581665039,27.079757098143688,26.556440437357374,27.025082312078027,9193700
2013-12-11,26.61892318725586,26.946971849147534,26.572057815749098,26.697029160215244,7306900
2013-12-12,26.54081153869629,26.736079430811078,26.31430006875075,26.415840206924884,11828700
2013-12-13,26.439273834228516,26.7360818918383,26.32992428130698,26.728272486437554,6474100
2013-12-16,26.439273834228516,26.657975919623443,26.368977267414408,26.439273834228516,6876700
2013-12-17,26.525190353393555,26.657974072420085,26.329922456835206,26.3767878246478,7667800
2013-12-18,27.056318283081055,27.0797494763565,26.165897183995714,26.525189385459708,9706800
2013-12-19,26.892297744750977,27.048512674128617,26.517383701975813,27.017269092342698,10438800
2013-12-20,27.07975959777832,27.290649354734796,26.68141426545119,26.837629231295168,18869600
2013-12-23,27.10318374633789,27.23596448144343,26.962590627078175,27.087561957581084,7278600
2013-12-24,27.118812561035156,27.212540338307438,27.009462990958777,27.032894190388767,2648500
2013-12-26,27.267210006713867,27.321884781492457,27.05632031275998,27.11099508753857,4236000
2013-12-27,27.377002716064453,27.408372099559834,27.251528173631993,27.392687407812144,3429800
2013-12-30,27.549531936645508,27.565216628736447,27.079000148564674,27.079000148564674,3981800
2013-12-31,27.682859420776367,27.78480846811251,27.408384668198803,27.612279771320647,5234300
2014-01-02,27.298583984375,27.604428014026247,27.25152990614048,27.471109621469733,6213100
2014-01-03,27.251529693603516,27.455424714597736,27.157424529417664,27.27505523676267,5300700
2014-01-06,27.07900047302246,27.400529185866443,26.96136976825466,27.329949566386098,7413700
2014-01-07,27.298583984375,27.392689149294785,27.055475734153855,27.071160426898697,6846400
2014-01-08,27.306425094604492,27.337794480392436,27.126055613647743,27.212319928789945,9278100
2014-01-09,27.729902267456055,27.76127165260978,27.094685680064664,27.11821421470457,10606400
2014-01-10,28.074953079223633,28.10632246052221,27.6122651754906,27.83184785303179,12548600
2014-01-13,27.60442352294922,28.067111413223024,27.52600007198405,27.902426653519324,11635200
2014-01-14,27.761260986328125,27.94163039433764,26.8437262681819,26.851570107231225,8904100
2014-01-15,27.99652671813965,28.18473698317402,27.604418509178444,27.75341855162634,12169900
2014-01-16,27.99652671813965,28.2710012677932,27.690682793797624,27.97299819134918,14005000
2014-01-17,27.643634796142578,27.98084816914993,27.439739799034097,27.824004252847857,17191700
2014-01-21,27.01626205444336,27.369160117347043,26.63199461004849,27.369160117347043,27921700
2014-01-22,27.01626205444336,27.345631585454214,26.97705182335381,27.118211048515285,10833100
2014-01-23,27.01626205444336,27.188787669547146,26.7653129856116,26.906472210773074,9557100
2014-01-24,26.388883590698242,27.039781660266588,26.365355063969304,27.031940812389085,22597800
2014-01-27,26.357521057128906,26.55357521198223,26.19283628502387,26.381046598415626,8846100
2014-01-28,26.45162582397461,26.64767997593844,26.302625745439716,26.318310436582696,7511100
2014-01-29,25.871309280395508,26.27125846613563,25.80072966037676,26.13009922609813,14317400
2014-01-30,25.824256896972656,26.09089070213723,25.808572203545403,25.871310977254424,8166000
2014-01-31,25.69093132019043,25.918354824016074,25.31450775776275,25.338036287104106,11070200
2014-02-03,25.15766716003418,25.722301014850515,25.11061309232091,25.722301014850515,13054300
2014-02-04,25.10276985168457,25.322352514710868,24.99298151172008,25.298823984517796,9187900
2014-02-05,25.16551399230957,25.314514088172114,24.969459817546035,24.969459817546035,8234100
2014-02-06,25.64388656616211,25.722307039168854,25.204724139296193,25.251778218029813,7092200
2014-02-07,25.824256896972656,25.926205908475126,25.636043567394974,25.824256896972656,7182600
2014-02-10,25.97325325012207,25.98893794128654,25.68309394245174,25.71446332478068,4559900
2014-02-11,26.098726272583008,26.20067526345838,25.800726132406968,25.87130574277472,6556100
2014-02-12,26.043832778930664,26.24773077184922,25.91835824157653,26.24773077184922,7560300
2014-02-13,26.67119598388672,26.694724507965947,25.706610259979012,25.777189849120937,11350400
2014-02-14,26.757463455200195,26.882937962937252,26.482988904384207,26.530042966616193,9097000
2014-02-18,26.812368392944336,26.9064765526039,26.61631421431095,26.859422472774117,9416100
2014-02-19,26.867267608642578,26.93784724386917,26.64768785084866,26.679057242404884,8617300
2014-02-20,27.039793014526367,27.275057439767913,26.812369440454766,26.828054134344136,7998000
2014-02-21,26.898632049560547,27.40837409810783,26.898632049560547,27.40837409810783,8145900
2014-02-24,26.97705841064453,27.188794308539794,26.843740002527568,26.86726554861602,7195600
2014-02-25,26.624155044555664,27.055473590441302,26.624155044555664,26.992734824432983,12648000
2014-02-26,26.600624084472656,26.835891443988917,26.51436277640527,26.631993464614656,6744000
2014-02-27,26.545724868774414,26.616304466896768,26.4045656725297,26.475145270652057,9536700
2014-02-28,26.686893463134766,26.851581244449253,26.067364540939685,26.145785014670917,11922800
2014-03-03,26.50652313232422,26.569261902541534,26.33399749732504,26.428102661101793,7875400
2014-03-04,26.906471252441406,26.96136617232135,26.60062428111903,26.663363041866827,6428300
2014-03-05,26.922155380249023,27.04762990757481,26.530047108412354,26.56925733728628,8783000
2014-03-06,27.353473663330078,27.40052474098496,26.74962657052009,27.024101162002502,12001000
2014-03-07,27.510324478149414,27.51816532921151,27.13389781308139,27.424060158719218,10259700
2014-03-10,27.510324478149414,27.604429648641705,27.329951996677494,27.57306026129446,9061600
2014-03-11,27.424049377441406,27.66715455493646,27.376995314919014,27.47110044841554,7663100
2014-03-12,27.369163513183594,27.392689056446486,27.024106257065196,27.188791043003935,12576000
2014-03-13,27.07900047302246,27.541688424827136,26.95352592634064,27.447583262703063,10693500
2014-03-14,26.859418869018555,27.275052714659527,26.83589332803479,26.87510356019072,12683000
2014-03-17,26.859418869018555,27.071157712519323,26.718259640018047,27.047632171535554,11461900
2014-03-18,26.97705841064453,27.07900443806089,26.71826543747316,26.820214456439118,6520400
2014-03-19,26.781002044677734,27.126056322716906,26.514368241609034,27.118215471839605,11521700
2014-03-20,26.867267608642578,26.9692166354254,26.63984699873452,26.765321573409594,7388100
2014-03-21,26.765316009521484,27.228003968369325,26.686892546933336,27.228003968369325,23115100
2014-03-24,26.537885665893555,26.80451938737933,26.21635703041498,26.21635703041498,11923300
2014-03-25,26.890789031982422,27.02410442349242,26.624155257413385,26.702575724001733,7576700
2014-03-26,26.79668617248535,27.13389963017703,26.79668617248535,27.00842506393475,8864600
2014-03-27,26.93842124938965,27.07228810619042,26.725811303075236,26.765185851688376,8150800
2014-03-28,27.088037490844727,27.214028237152345,26.985669070764683,27.048662941990322,7953900
2014-03-31,27.20615005493164,27.473880745937954,27.119530860215466,27.18252773050218,8305400
2014-04-01,27.41876792907715,27.44239026034957,27.088043275835393,27.34789793140292,6521200
2014-04-02,27.49749755859375,27.6707359133011,27.34788452743636,27.371506847130814,6503600
2014-04-03,27.37939453125,27.576255288877174,27.284902208668854,27.49750918351224,7241600
2014-04-04,27.19827651977539,27.717988676032295,27.119530433157035,27.576248723975315,10105100
2014-04-07,26.954164505004883,27.237644370709965,26.87542143291154,27.127402868237024,11244700
2014-04-08,27.245525360107422,27.442386101159805,26.9069246451888,26.92267386493577,10366900
2014-04-09,27.521127700805664,27.568372348466617,27.174650930726497,27.174650930726497,8352900
2014-04-10,27.332141876220703,27.82823173591762,27.277021114460624,27.54475181609081,9400500
2014-04-11,27.017162322998047,27.332137626386835,26.93054313831301,27.21402301406195,11017700
2014-04-14,27.127408981323242,27.363641254693214,26.91479903413337,27.30852049103543,8644300
2014-04-15,26.977794647216797,27.253401487158257,26.79668312581005,27.253401487158257,10145100
2014-04-16,27.37939453125,27.403016860931093,27.01717145814163,27.245527654057998,11786700
2014-04-17,27.28489875793457,27.473883379195886,27.158908009141562,27.308521084628136,7494000
2014-04-21,27.38726806640625,27.4423888390918,27.253404190986135,27.30852496367169,3440300
2014-04-22,27.58412742614746,27.88335660828371,27.300647464529614,27.308523576717146,11675800
2014-04-23,27.647117614746094,27.75735912782832,27.505377668252965,27.51325077467772,6467400
2014-04-24,27.7967472076416,27.93061412736519,27.61563561354546,27.670756402885253,5371500
2014-04-25,27.82823944091797,27.9542302175187,27.607756332830952,27.686499441760013,6490500
2014-04-28,28.30069923400879,28.355820001548842,27.875482313536466,27.930603081076516,13080100
2014-04-29,28.032962799072266,28.442433420218112,27.92272128642837,28.442433420218112,8644200
2014-04-30,28.07234001159668,28.11958466216105,27.82823163620797,27.883352397770548,9946000
2014-05-01,28.056591033935547,28.18258177628079,27.82823187472972,28.17470566521508,5180700
2014-05-02,27.9384708404541,28.30856992639012,27.83610243296746,28.30856992639012,10001300
2014-05-05,28.040843963623047,28.095964729880393,27.773113240148877,27.788862459630472,6117000
2014-05-06,27.73373794555664,28.072338609012736,27.702239510850013,27.78098259376052,6523700
2014-05-07,30.00157928466797,30.292935378675836,29.5291146517822,29.56848620387987,25917300
2014-05-08,29.757469177246094,30.017323783290134,29.607853097416232,29.72597073898124,14504700
2014-05-09,29.891326904296875,29.89920301417614,29.544853166003772,29.615723135638248,8734600
2014-05-12,29.599979400634766,29.93070398426395,29.49761098023968,29.92283087678264,10125300
2014-05-13,29.804710388183594,29.90707879879207,29.655097329491245,29.8204596054969,7351000
2014-05-14,29.607852935791016,29.907082089960877,29.568481390103074,29.678722919571868,5770400
2014-05-15,29.324378967285156,29.607855927193004,29.222010535068698,29.53698593625187,7618500
2014-05-16,29.536975860595703,29.592099615952048,29.198378245886836,29.355864390828387,7529500
2014-05-19,29.434612274169922,29.607847645011823,29.387364625473484,29.434612274169922,4773500
2014-05-20,29.46611213684082,29.51335979264709,29.285000628701248,29.45823902946793,4964900
2014-05-21,29.631481170654297,29.907085021339924,29.450369639652784,29.458242748019508,4766500
2014-05-22,29.36374855041504,29.615730056028664,29.35587243869534,29.615730056028664,5401500
2014-05-23,29.324378967285156,29.53698593625187,29.285004413762653,29.529112827861383,4536600
2014-05-27,29.47397804260254,29.52909878669595,29.332238128117975,29.34011123276478,7453100
2014-05-28,29.45037078857422,29.52911389074014,29.34012624014241,29.458243897248092,7596900
2014-05-29,29.51335906982422,29.521235180860522,29.395244438985795,29.51335906982422,6706900
2014-05-30,29.62360191345215,29.662973458819273,29.38736963739302,29.62360191345215,12917000
2014-06-02,29.741718292236328,29.859832923329154,29.481860696890887,29.56060678814234,5895100
2014-06-03,29.859832763671875,29.867708874683025,29.56060663008499,29.81258811302985,4993600
2014-06-04,30.048816680908203,30.056689787094506,29.69446682540752,29.765336796507658,6114700
2014-06-05,30.103923797607422,30.245663675594372,29.859815562440005,30.245663675594372,7494200
2014-06-06,30.103923797607422,30.23779057297487,30.033053858613943,30.23779057297487,4569900
2014-06-09,29.977951049804688,30.12756411985119,29.89920796111838,29.99370026831321,4101100
2014-06-10,29.725963592529297,29.922824278572538,29.631471304308135,29.851954311442746,4562200
2014-06-11,29.607852935791016,29.773218233850596,29.505487517773645,29.694472138618323,5404600
2014-06-12,29.37949562072754,29.63935021519459,29.245628765994116,29.607851778333046,5980800
2014-06-13,29.48973274230957,29.5763519288162,29.371615123644922,29.497605848421163,6699700
2014-06-16,29.33225440979004,29.505492846733084,29.253511304192436,29.442495959169456,6710700
2014-06-17,29.426738739013672,29.481859498721413,29.135385722864736,29.222004917792937,7997400
2014-06-18,29.57635498046875,29.63147574050466,29.253503527177227,29.316497394137066,8232600
2014-06-19,29.529115676879883,29.773224114530606,29.426747234786745,29.765348001523527,7086000
2014-06-20,29.5212345123291,29.710219118933367,29.418866098169026,29.631476033490948,11212500
2014-06-23,29.31649398803711,29.521230790545793,29.19050326489937,29.434611605165642,5863600
2014-06-24,29.245637893676758,29.473997126410385,29.190517113893772,29.285009450113574,6102400
2014-06-25,29.222009658813477,29.269254315453086,29.103892009501248,29.23775887897888,8466800
2014-06-26,29.743690490722656,29.854349496739044,29.364286892138573,29.55398718381473,10695600
2014-06-27,29.48284912109375,29.704170150613823,29.3563812536102,29.58560520568408,10622800
2014-06-30,29.727876663208008,29.88596222334424,29.26942884033605,29.380087827862035,7748100
2014-07-01,29.933385848999023,30.09147140949584,29.680450158296626,29.88596229151187,5801500
2014-07-02,29.965009689331055,29.988721472921586,29.712073946925734,29.949200828526735,4771400
2014-07-03,30.012439727783203,30.265375499314978,29.830642330446757,30.19423712511965,3084900
2014-07-07,29.996633529663086,30.02825125772112,29.854356768634446,30.0124423936921,3930700
2014-07-08,30.09939193725586,30.34442181033996,29.885976779412044,29.885976779412044,7012400
2014-07-09,30.044048309326172,30.39183718566353,30.020336527841945,30.154710325126363,7640700
2014-07-10,30.028242111206055,30.075665673615518,29.791112238232387,29.86225059707817,4420800
2014-07-11,30.36811637878418,31.253394238590356,29.846436182755664,29.846436182755664,13163000
2014-07-14,30.478778839111328,30.628958453140314,30.304884432696973,30.54991718580528,7135700
2014-07-15,30.11518096923828,30.51829926956344,30.099375128061382,30.383925497711367,7359900
2014-07-16,30.14680290222168,30.281176692884365,30.03614390710622,30.13099404360069,5971700
2014-07-17,30.028242111206055,30.170515813666032,29.90967717471922,29.957103752360272,6388100
2014-07-18,30.415552139282227,30.43136100033101,30.004530797709663,30.11518980981921,6069600
2014-07-21,30.24955940246582,30.41554789748112,30.051953189762408,30.051953189762408,5076300
2014-07-22,30.439250946044922,30.534104071898803,30.28907135295559,30.28907135295559,5438800
2014-07-23,30.265371322631836,30.518307059257957,30.249562462188724,30.462977555322983,4353100
2014-07-24,30.28116798400879,30.40763580137305,30.194220794215124,30.304879757505024,4430300
2014-07-25,30.178417205810547,30.281173267607926,30.067758223212355,30.265364410775163,4398400
2014-07-28,30.21002960205078,30.296976791711366,30.028232303319825,30.289070857070985,4912600
2014-07-29,30.044048309326172,30.34441060746345,30.020336527841945,30.273272247779136,4310200
2014-07-30,29.22199058532715,30.178403371024153,29.214084652919542,30.17049743861655,9331900
2014-07-31,28.471105575561523,29.079733117138773,28.439487855555285,28.945359314728133,8907300
2014-08-01,28.716135025024414,28.795176300566084,28.39205795570197,28.637090734251363,6496200
2014-08-04,28.81098747253418,28.85841103557522,28.558051752209884,28.62919011200307,7111900
2014-08-05,28.423667907714844,28.795168434789513,28.289297172952853,28.6212740578217,15630600
2014-08-06,28.186546325683594,29.056012340312463,27.759716239128572,27.8940900138875,15206400
2014-08-07,27.720205307006836,28.89793991762276,27.601640347499828,28.89793991762276,9249800
2014-08-08,28.044269561767578,28.075887275190347,27.743907314713514,27.775525028136283,5140400
2014-08-11,28.265586853027344,28.376248847375166,28.044268894793777,28.091695463799986,6642200
2014-08-12,28.194448471069336,28.28930160896043,28.115407204724466,28.17864262998519,5447100
2014-08-13,28.297208786010742,28.392058922938297,28.202358649083187,28.202358649083187,4901700
2014-08-14,28.218162536621094,28.376248080471626,28.170735968896647,28.289300880592286,4682800
2014-08-15,28.28139877319336,28.455293196490395,28.131219144584062,28.455293196490395,7733900
2014-08-18,28.48690414428711,28.518521852871025,28.344627470890142,28.518521852871025,6205400
2014-08-19,28.58966636657715,28.73194308571937,28.305115943524328,28.471104444113045,5423100
2014-08-20,28.613380432128906,28.684518789882297,28.502721434563977,28.652901071940448,3863100
2014-08-21,28.58176040649414,28.7319400317451,28.558048627568013,28.644995837272205,3025200
2014-08-22,28.336727142333984,28.605471688005018,28.30511244272599,28.502718637624362,4137100
2014-08-25,28.573856353759766,28.629185845883917,28.45529143336162,28.581759274678422,3616200
2014-08-26,28.5106143951416,28.660793980046996,28.399955436239683,28.565943874592563,2845100
2014-08-27,28.645002365112305,28.645002365112305,28.455299044778375,28.534340336032187,3703000
2014-08-28,28.684505462646484,28.80306732699555,28.502708191793804,28.597558286319085,3642000
2014-08-29,28.605472564697266,28.731940412698922,28.510622432503855,28.708228633458404,5086900
2014-09-02,28.249792098999023,28.731948837919152,28.09960941248665,28.684525265531853,7838100
2014-09-03,28.31302833557129,28.447402177586458,28.241889952206233,28.423687372976353,5485400
2014-09-04,28.060081481933594,28.471102755609408,27.98104020497847,28.35253782494528,6551700
2014-09-05,28.210254669189453,28.249778313868692,27.838757134096767,28.2181606042176,7349800
2014-09-08,27.91780662536621,28.210262987801134,27.87828598426392,28.06008334551977,5391500
2014-09-09,28.083799362182617,28.218173180472,27.783440032325586,27.838769541258834,6641900
2014-09-10,28.13912010192871,28.20235552970713,27.94941984905577,28.19444959361925,3785800
2014-09-11,28.257694244384766,28.265597167820914,27.79924628905255,27.822961089825274,4768900
2014-09-12,27.91780662536621,28.202360065673332,27.862477124776674,28.131221705596552,5546900
2014-09-15,28.00475311279297,28.08379439293115,27.830858678211097,27.89409411450689,4355000
2014-09-16,28.09169578552246,28.210257686549266,27.886183666039614,27.94151315623167,7424300
2014-09-17,27.996841430664062,28.24187417318199,27.925706102275665,28.24187417318199,5927400
2014-09-18,28.305110931396484,28.320919787972002,27.917801483374017,28.028460464171555,8640800
2014-09-19,28.194448471069336,28.463192997965354,28.154927837896903,28.45529007742328,8567700
2014-09-22,27.688583374023438,28.14703126485623,27.554212587888685,28.083795825335137,7658700
2014-09-23,27.372411727905273,27.688579839455365,27.340794012180865,27.656965138962285,5535000
2014-09-24,27.878284454345703,27.878284454345703,27.277559887723825,27.31708354188876,8603100
2014-09-25,27.45935821533203,27.87037644799899,27.419834564101794,27.81504695455416,10510900
2014-09-26,27.348220825195312,27.53080654744411,27.09418825264854,27.36409823951788,8856600
2014-09-29,27.149755477905273,27.30058635922726,27.06243122039527,27.20532490935584,7704400
2014-09-30,27.2053279876709,27.260897425409215,26.93541799223884,27.149758549932585,11576700
2014-10-01,26.792522430419922,27.205326102374347,26.609936715031683,27.078309820873525,10905600
2014-10-02,26.863969802856445,27.125939563685492,26.49879836494586,26.72901329770257,11709800
2014-10-03,27.189449310302734,27.71339186201132,26.927476520294896,27.610190184586376,11029300
2014-10-06,27.324403762817383,27.37997622826583,27.02274196928126,27.34822139895449,5672500
2014-10-07,26.927474975585938,27.260894595713932,26.919537783150307,27.13387831859539,8192100
2014-10-08,27.300594329833984,27.308534552820497,26.71314501775878,26.871913137795683,9728900
2014-10-09,26.7131290435791,27.34821022887795,26.7131290435791,27.22119399181818,9103300
2014-10-10,26.58612060546875,26.983046841255756,26.58612060546875,26.79252091562298,9733300
2014-10-13,26.18126106262207,26.69726651672598,26.18126106262207,26.5146807634466,8376900
2014-10-14,26.038360595703125,26.474978851649997,26.00660576988342,26.379717402497757,7750400
2014-10-15,25.935155868530273,26.141559183719245,25.26832126061528,25.84783465028041,13085700
2014-10-16,25.482667922973633,25.736700519430997,25.323898307264635,25.538237364179466,11855600
2014-10-17,25.89546775817871,26.062179085053195,25.371525228175823,25.435034881900766,9832400
2014-10-20,26.149499893188477,26.181254719536938,25.657312198014992,25.768451061927692,6908100
2014-10-21,26.379718780517578,26.38765900154072,26.07805397608582,26.18919587226059,6239000
2014-10-22,26.903657913208008,27.11799842908014,26.594055955272704,26.705194809064185,10236400
2014-10-23,27.078306198120117,27.245014477478804,26.9830447568161,27.117998212971237,8177700
2014-10-24,27.284706115722656,27.316460938487896,26.94334934176279,27.157689852968282,6261500
2014-10-27,27.57048797607422,27.62605739069897,27.197376453617192,27.197376453617192,7262600
2014-10-28,28.015045166015625,28.02298235564641,27.570486839045568,27.70544328921567,8664200
2014-10-29,27.729267120361328,28.17382559537098,27.45141996617208,28.054746513114527,8609400
2014-10-30,27.91185760498047,27.99124165453952,27.54668613171702,27.594315350129502,7240000
2014-10-31,27.991241455078125,28.539001689377418,27.832473357091374,28.539001689377418,10910100
2014-11-03,28.110319137573242,28.150011160065866,27.880101167485964,27.95154801929556,8322200
2014-11-04,27.80865478515625,28.205581073397965,27.74514815375735,28.181766465161786,8409600
2014-11-05,29.491615295410156,29.729770388947447,28.721577565610144,28.777146986491967,17787100
2014-11-06,30.039379119873047,30.221964833899843,29.578943210173907,29.769469145158002,12576600
2014-11-07,29.975862503051758,30.142573793056503,29.721830000947563,30.039372142730954,8803300
2014-11-10,30.087005615234375,30.102879997503567,29.713894037473455,29.944111948360256,8769900
2014-11-11,29.983802795410156,30.27752730887822,29.944110784666847,30.118756237598674,4715000
2014-11-12,30.10287857055664,30.158451019090247,29.745647448611354,29.928233119116314,5610600
2014-11-13,30.34897232055664,30.42835936559146,30.00761559767222,30.277525494178366,6757900
2014-11-14,30.293418884277344,30.515696671023765,30.18227999090413,30.372802942884572,6427300
2014-11-17,30.460111618041992,30.47598902729016,30.15844992724527,30.293403363395463,5473100
2014-11-18,30.72210693359375,30.857060469043148,30.24579339059426,30.28548845707552,8284800
2014-11-19,31.039630889892578,31.150772781347356,30.642704648189056,30.769720924401906,7761800
2014-11-20,30.904682159423828,30.97612901501655,30.68240439904975,30.80148047283271,6215500
2014-11-21,30.960250854492188,31.285730293625072,30.89674119402368,31.285730293625072,8871000
2014-11-24,30.95230484008789,31.142827710582328,30.769716132429952,31.103135698254857,6284500
2014-11-25,30.76972198486328,30.999939939779313,30.706215358721582,30.936433313637615,8107200
2014-11-26,30.960250854492188,30.99994287813136,30.753850514584116,30.753850514584116,4996400
2014-11-28,31.1190185546875,31.29366404515269,30.98406205518894,31.29366404515269,5607600
2014-12-01,30.94437026977539,31.174588222931813,30.83323140364663,31.119018789867432,8035400
2014-12-02,30.8729305267334,31.007887058303854,30.714159383600727,30.714159383600727,6878200
2014-12-03,30.69827651977539,30.93643470637271,30.285475860502878,30.81735561307405,9641400
2014-12-04,30.491872787475586,30.69033590195494,30.412488753006567,30.57919704237559,7161000
2014-12-05,30.56332015991211,30.64270419575797,30.356919849728758,30.595074985573195,7054100
2014-12-08,30.356924057006836,30.63477124928207,30.29341439688263,30.483940348947982,7372200
2014-12-09,30.61095428466797,30.71415293196538,30.079071521143852,30.214028024366137,6365200
2014-12-10,30.253719329833984,30.674460186753493,30.21402731040314,30.50775188815976,5921100
2014-12-11,30.269596099853516,30.59507549755917,30.214026668170128,30.59507549755917,5796800
2014-12-12,29.55512046813965,30.166387096384174,29.555120468139652,29.936169204907763,7082300
2014-12-15,29.110565185546875,29.721831878699128,29.03118115923889,29.721831878699128,8118300
2014-12-16,28.59457015991211,29.32491307647438,28.57075555168294,29.023251277880703,11494400
2014-12-17,28.578685760498047,28.71363921189105,28.332590431814523,28.63425518499005,11232800
2014-12-18,29.03912353515625,29.166139803664525,28.713641129527915,28.91210423834126,15582900
2014-12-19,29.610694885253906,29.83297562379082,28.959736138173923,28.991490962008722,14635000
2014-12-22,29.76947021484375,29.91236391413957,29.523374837543816,29.682145951017738,12316000
2014-12-23,29.832983016967773,29.999691340953923,29.674211886753973,29.832983016967773,6467100
2014-12-24,29.872669219970703,30.015562906481012,29.761530358975314,29.95205325545117,1883400
2014-12-26,29.975862503051758,30.047309333537704,29.825031651273108,29.88060107183926,3424900
2014-12-29,29.760677337646484,29.943991267382163,29.601272995150474,29.88023135461473,4834600
2014-12-30,29.505632400512695,29.784587727105396,29.481722812629044,29.665036747302107,3654000
2014-12-31,28.955684661865234,29.60126772548823,28.93974392641493,29.513595200703772,5024200
2015-01-02,29.322315216064453,29.441866182617975,28.907865176499246,29.035388031720487,7707700
2015-01-05,28.883962631225586,29.306381622031047,28.78831818620948,29.258559399522994,9621100
2015-01-06,28.684694290161133,29.210726326050047,28.525289997992132,28.987559100859848,7669500
2015-01-07,29.585325241088867,29.649088179120703,28.668755809762942,28.844097808582035,10418800
2015-01-08,29.959928512573242,30.19106463022452,29.561419222988807,29.561419222988807,8122100
2015-01-09,29.6650390625,30.07948918034408,29.537516183192995,29.73677087213427,5642500
2015-01-12,29.38606834411621,29.68096734909469,29.25057667186988,29.465772010482283,8106500
2015-01-13,29.194795608520508,29.80052847810795,28.963659457599825,29.529542000569744,7869900
2015-01-14,29.131031036376953,29.210734725572177,28.748462449394466,28.84410383604387,7061900
2015-01-15,29.123065948486328,29.481724995218475,28.987571179549622,29.314348746486637,10607000
2015-01-16,29.44186782836914,29.457808566210943,28.90786679240065,29.09914956573255,7882400
2015-01-20,29.505632400512695,29.848350681975173,29.25058666180365,29.728796661786856,6190000
2015-01-21,29.609235763549805,29.6411141899211,29.24260497663178,29.386068536646658,9350800
2015-01-22,29.959928512573242,29.96789736059571,29.4498371083667,29.840374509544077,6091700
2015-01-23,29.44186782836914,29.975871904722496,29.42592709052734,29.975871904722496,7501900
2015-01-26,29.154949188232422,29.473754884272864,28.987572929396844,29.33029125691976,7362600
2015-01-27,28.75644302368164,28.931785112099167,28.676739310413875,28.844112547697513,8421800
2015-01-28,28.429656982421875,29.067274406416203,28.42168813279529,28.75643758443083,8297300
2015-01-29,28.485443115234375,28.53326228037462,28.023170916316314,28.2622758631706,12999700
2015-01-30,28.086931228637695,28.509350029896417,28.063018607920963,28.262273218383996,11748600
2015-02-02,28.50137710571289,28.517317838815945,27.807971937841728,28.08693020656927,7538500
2015-02-03,28.7404842376709,28.812216014385587,28.493407442235,28.557170372818668,5381100
2015-02-04,28.70861053466797,29.02741615263395,28.620938001602298,28.620938001602298,7244800
2015-02-05,28.899890899658203,28.907862787667156,28.628904474658235,28.70063626481659,7104500
2015-02-06,28.620935440063477,28.91583144639497,28.541234802801267,28.899890710865645,7486800
2015-02-09,28.46153450012207,28.820193491100635,28.23039836811535,28.23039836811535,7487700
2015-02-10,28.54123878479004,28.700640081553658,28.302130758874917,28.31807149662825,10507100
2015-02-11,29.282459259033203,29.84834163016022,28.891918879853755,29.02741055728525,18260800
2015-02-12,29.473745346069336,29.672999981756973,29.083207962736857,29.473745346069332,11406800
2015-02-13,29.314346313476562,29.617214265622643,29.13900426992673,29.60127352704811,7604100
2015-02-17,29.609235763549805,29.617204610046624,29.17884508350518,29.330277490016876,11537000
2015-02-18,29.44186782836914,29.688944704339782,29.362167179544993,29.457808566210943,17922000
2015-02-19,29.48171615600586,29.601267108815954,29.266520792486478,29.44983468576943,7370300
2015-02-20,29.46576690673828,29.545467518915473,29.25854045046403,29.52155794333901,9729400
2015-02-23,29.48171615600586,29.569385638579526,29.290430374971628,29.290430374971628,7011900
2015-02-24,29.497648239135742,29.57735189956407,29.37012542283419,29.481710547433845,13505100
2015-02-25,29.218706130981445,29.569393272971514,29.218706130981445,29.417960810827307,8248500
2015-02-26,29.26652717590332,29.42592848108431,29.13900430752752,29.274496025008364,8769000
2015-02-27,29.44186782836914,29.49765889062302,29.210734730625166,29.40201750395707,16403600
2015-03-02,29.402021408081055,29.49766280744667,29.322320748673917,29.441871737784624,7019000
2015-03-03,29.202760696411133,29.39404649607692,29.170879223069395,29.330283549393442,6212000
2015-03-04,29.043354034423828,29.131026558870673,28.91583119169689,29.091176240590578,7404700
2015-03-05,29.099140167236328,29.162903098009263,28.99552996530613,29.154934251854588,6417300
2015-03-06,28.071001052856445,28.995542671522763,27.903624806423025,28.947720452486756,13454500
2015-03-09,28.23040008544922,28.405745167346534,28.07099878232617,28.078967631328336,8080400
2015-03-10,27.497142791748047,28.190548149971345,27.48917394320091,27.943474320007702,12835900
2015-03-11,27.369619369506836,27.552933286169548,27.25803724983255,27.385560106658122,11490000
2015-03-12,27.895658493041992,28.02318138168048,27.489180235627284,27.536999418625783,9737600
2015-03-13,27.505107879638672,27.935498611573756,27.313825136812664,27.720303245606214,9940000
2015-03-16,27.664508819580078,27.863763425956282,27.521045259758488,27.680449552936253,11929000
2015-03-17,27.38555908203125,27.60872331303016,27.32179613581178,27.497141197530706,9022600
2015-03-18,27.911596298217773,28.023178433991212,27.07472723953181,27.409473646852128,12694900
2015-03-19,27.624658584594727,27.95143601836154,27.544957957972194,27.887676125140317,7751500
2015-03-20,27.688432693481445,28.110851657763906,27.672491953646322,27.792042941831895,19649900
2015-03-23,28.134765625,28.37387067896034,27.6007644391681,27.776106523866634,13589900
2015-03-24,27.903608322143555,28.397761839101523,27.855789171742305,28.270239037392496,8390700
2015-03-25,28.54123878479004,29.067270969110584,28.294161910190674,28.373862558572483,23701300
2015-03-26,27.959421157836914,28.716586590794492,27.847835971137094,28.589063703523014,18564000
2015-03-27,28.455686569213867,28.56774785858695,27.82333723239017,28.06347205640807,16697900
2015-03-30,29.216110229492188,29.256131687611404,28.583760809507346,28.69582211361777,14393100
2015-03-31,28.88792610168457,29.208103837104236,28.83989852533927,29.13606399930687,10292200
2015-04-01,29.056018829345703,29.06402495234169,28.7598564007607,28.99198511258412,11030700
2015-04-02,29.320161819458008,29.35217714663385,28.895925909889137,29.05601475953168,11212700
2015-04-06,29.6163330078125,29.72039124901985,29.112054050283355,29.128063245349235,7198200
2015-04-07,29.6163330078125,29.73640044408573,29.472253305661315,29.520280890858956,6642300
2015-04-08,29.928497314453125,29.960515696707155,29.576304269981755,29.656347172175842,10971300
2015-04-09,29.92049217224121,29.952507498835715,29.720381877181836,29.83244315386456,8107100
2015-04-10,29.936498641967773,30.12860279784168,29.752394500214567,29.95250477709018,7331500
2015-04-13,29.81644058227539,29.952514147468772,29.800431388704148,29.920498813767747,8947300
2015-04-14,29.99252700805664,30.056560704027415,29.656340180529206,29.69636162219097,6829900
2015-04-15,30.05656623840332,30.208652019538274,29.896477388838502,29.97652334034133,6645000
2015-04-16,29.864458084106445,30.02454385890901,29.832439707769762,29.944500971507725,6393900
2015-04-17,29.59230613708496,29.656339832303846,29.36017750335599,29.57629694992018,7962700
2015-04-20,29.60831642150879,29.736386870132982,29.552282737635377,29.656340931342644,8323000
2015-04-21,29.2401065826416,29.72837604495171,29.152057590626356,29.69635767450255,19475100
2015-04-22,29.480249404907227,29.520270852241424,29.16807478744278,29.320160562129722,6069800
2015-04-23,29.46424102783203,29.544283924707802,29.31215524895096,29.416213457642094,20404500
2015-04-24,29.472248077392578,29.504266461844395,29.16007646259036,29.16007646259036,5066600
2015-04-27,29.45623779296875,29.632335847483063,29.32816731335136,29.46424391550545,8815700
2015-04-28,29.45623779296875,29.472246984601057,29.200096833733976,29.35217957407928,8316100
2015-04-29,30.97708511352539,31.097149500463523,30.216665115816472,30.328726431668805,25065400
2015-04-30,30.71293067932129,31.28124630171768,30.6729092265038,31.057120669745718,15768800
2015-05-01,30.93705940246582,30.96107166586735,30.744952134929303,30.841004241976847,8565100
2015-05-04,30.91304588317871,31.04912250839673,30.80098457620011,30.816993770545853,5774800
2015-05-05,30.67290496826172,30.961064274049008,30.54483450496078,30.857006068416776,8718800
2015-05-06,30.776981353759766,30.784984426563156,30.48081880495419,30.752966028464577,10249200
2015-05-07,31.20119857788086,31.313259860808017,30.584858468340542,30.75295039273128,12138600
2015-05-08,31.569398880004883,31.68146320952733,31.393303897636855,31.457337603923204,10479600
2015-05-11,31.481353759765625,31.72148550830029,31.465344569404532,31.48135375976562,7198600
2015-05-12,31.465347290039062,31.55339326447664,31.145169562014946,31.305258426027002,6415500
2015-05-13,31.465347290039062,31.68946986759128,31.23321858989363,31.5053687426818,9561900
2015-05-14,32.05765914916992,32.12969895616113,31.63342642657718,31.649435611846325,12284500
2015-05-15,32.37785339355469,32.42587792061229,31.96962659291643,32.16173386147116,9836700
2015-05-18,32.017662048339844,32.26580002845367,31.969634456028146,32.11371417952105,6962300
2015-05-19,32.21775436401367,32.25777580843615,31.905582822701653,32.01764408846079,8082700
2015-05-20,32.54594421386719,32.68202082716384,32.097695971781214,32.28980323365844,10110200
2015-05-21,32.26578903198242,32.58596371128209,32.18574307207664,32.537939188779774,8225600
2015-05-22,32.15371322631836,32.30579896920494,32.12970097362682,32.19373771872434,5994600
2015-05-26,31.96961784362793,32.15371893832821,31.801525938046016,32.137712802650455,7265300
2015-05-27,32.12970733642578,32.17773490476005,31.929597048527324,31.993633806306352,6041000
2015-05-28,32.39384841918945,32.54593111075894,31.985621797094343,32.121698355606085,10271800
2015-05-29,33.29034423828125,33.29834730547106,32.39385109444482,32.45788479228438,26361000
2015-06-01,32.569969177246094,33.466466011007675,32.3538495683987,33.298370946275796,13766700
2015-06-02,32.65800476074219,32.674013953317605,32.025655394498884,32.37785152427554,9509600
2015-06-03,32.842098236083984,32.91413805915231,32.61797569917834,32.83409516838331,10828100
2015-06-04,32.353824615478516,32.754045126130784,32.305800108401954,32.64998999183812,7098000
2015-06-05,32.033660888671875,32.35383557357125,31.841553634979277,32.29780492737783,10627900
2015-06-08,32.05765914916992,32.185729577883194,31.969610156909567,32.07366833443906,6477000
2015-06-09,32.19374465942383,32.265784486469684,32.001637436154624,32.08168338478376,5773100
2015-06-10,32.313812255859375,32.521928689809485,32.2257632302221,32.27379080423544,6769300
2015-06-11,32.30581283569336,32.51392623970782,32.2417760631096,32.30581283569336,5249800
2015-06-12,32.39384841918945,32.64998929627497,32.16171979513067,32.64998929627497,8530100
2015-06-15,32.105709075927734,32.3618501118309,32.00965695082455,32.13772746877613,6904600
2015-06-16,32.6099853515625,32.65000681255806,32.04967573729944,32.17774624455028,6080400
2015-06-17,32.64999771118164,32.73804673289274,32.337826127617475,32.56194868947054,5743000
2015-06-18,32.69801712036133,32.86611206892623,32.67400486489795,32.76205387285089,10692400
2015-06-19,32.850120544433594,33.170295318719305,32.71404389894457,32.71404389894457,12396700
2015-06-22,32.85810852050781,33.17828620114055,32.81808707378888,32.95416060332137,5133700
2015-06-23,32.89812469482422,33.0101890024942,32.722029746794576,32.818081814214395,3397400
2015-06-24,32.88212966918945,33.05022160731641,32.802083708099566,32.962172576838135,6045600
2015-06-25,32.88212966918945,33.19430128383701,32.84210516192391,32.97017564622653,6529600
2015-06-26,33.026729583740234,33.21953776738681,32.930325491916946,32.94639028669514,9259800
2015-06-29,32.809814453125,32.97852236133095,32.69734251432103,32.817846849626505,9415700
2015-06-30,33.05083084106445,33.21150637538784,32.858022651581116,33.17937065559698,11869100
2015-07-01,33.42843246459961,33.45253273263701,33.099048854681996,33.099048854681996,6014400
2015-07-02,33.38020706176758,33.613186382733986,33.14722774080118,33.52481470480671,5568900
2015-07-06,33.147239685058594,33.323983104600764,32.922295743555004,33.099039163097174,9044900
2015-07-07,33.56499481201172,33.653366521529286,32.93033111249995,33.32398300900194,6288600
2015-07-08,33.26774597167969,33.540893490354044,33.18740972809421,33.48465750691796,5909200
2015-07-09,33.13920211791992,33.62122565014641,33.13116972038953,33.52482155662728,5367000
2015-07-10,33.26774597167969,33.492689905424015,33.211509988243606,33.34808221526516,4902900
2015-07-13,33.420387268066406,33.524826840206686,33.38021914482211,33.508758977982694,5675400
2015-07-14,33.64533233642578,33.7337040412514,33.32398123972012,33.49268918640656,7566100
2015-07-15,33.21151351928711,33.66140449923936,33.08297367710526,33.621233308544376,9288200
2015-07-16,33.7176399230957,33.74174018540319,33.31595253993614,33.42038905302293,5027100
2015-07-17,33.653358459472656,33.709594431215244,33.275771450946216,33.709594431215244,4658700
2015-07-20,33.58909606933594,33.637296588191184,33.412352661183625,33.46055624467002,3885900
2015-07-21,33.79798126220703,33.934556586651276,33.573037274454144,33.621237806325766,5908200
2015-07-22,33.94257736206055,34.54510832115038,33.83813780438831,34.063084779730886,6694500
2015-07-23,33.83814239501953,34.063089400879406,33.741738286583214,33.757806148761155,5404800
2015-07-24,33.765838623046875,33.9265141805543,33.60516613017081,33.84617793411626,5261500
2015-07-27,33.765838623046875,33.81404220968851,33.155275182076295,33.637298789967204,7911800
2015-07-28,34.38444137573242,34.44067736745922,33.78994573044002,34.006857297656985,8613900
2015-07-29,34.62544250488281,34.77808563350496,34.23179068446211,34.247858543508165,12208300
2015-07-30,36.36878204345703,36.400917774926924,35.38866368604946,35.51720354729701,17981400
2015-07-31,36.25629806518555,36.32056644225251,35.87871100678743,36.16792636516632,10824200
2015-08-03,36.54551315307617,36.561577948750745,36.151858237167154,36.37680215218317,7283600
2015-08-04,36.63389205932617,36.730299248190526,36.36074448680755,36.465184075761336,7557200
2015-08-05,37.18821716308594,37.429228970299484,36.77046193375448,36.77046193375448,11656200
2015-08-06,37.60597229003906,39.0279459327486,37.04360936498418,39.00384260685089,24387000
2015-08-07,37.04361343383789,37.694345076555834,36.810634000568434,37.60597642066248,15729600
2015-08-10,37.28462219238281,37.316757918038704,36.63388753869264,36.69815899000442,10550900
2015-08-11,37.035579681396484,37.123951406006505,36.714231577379515,37.123951406006505,9707800
2015-08-12,37.381019592285156,37.4131553121705,36.433037308083925,36.58568044522386,10157000
2015-08-13,36.963279724121094,37.614014530252696,36.963279724121094,37.46137439457687,14852900
2015-08-14,37.348880767822266,37.3890488787286,36.91505781492082,37.05966546588797,9531200
2015-08-17,37.115909576416016,37.35692135935662,37.051638133161944,37.23641393557077,9314600
2015-08-18,37.07574462890625,37.308720969058044,36.91506907165472,37.08377702768472,10319200
2015-08-19,36.32057189941406,36.955238690700696,36.25630351269078,36.89096723934593,12630900
2015-08-20,35.34849166870117,36.26433846250372,35.28422021282577,36.111698351747194,17131700
2015-08-21,34.705780029296875,35.40471500666889,34.68971217107066,35.027127999929355,18153100
2015-08-24,33.7096061706543,34.376408731575445,31.259313621907467,33.034771210100025,27576300
2015-08-25,33.187408447265625,34.633482228413406,33.16330512341522,34.175558915460456,30474000
2015-08-26,33.90241241455078,34.006851981989016,32.986565761435564,33.86224429311491,17749600
2015-08-27,34.35230255126953,34.4969102497129,33.677467646744276,34.0871904805443,15441300
2015-08-28,34.38444137573242,34.64955653498595,34.055057825061844,34.09522595277646,8975500
2015-08-31,34.030967712402344,34.368383763410456,33.93456356420469,34.288047484017845,9426900
2015-09-01,32.94639205932617,33.74173428739527,32.72144814475878,33.4926870501021,12395600
2015-09-02,33.958648681640625,33.982748941777565,33.18740971094608,33.29184621462698,13792500
2015-09-03,34.73793411254883,35.276193856880454,34.13540290133044,34.17557103581856,15210700
2015-09-04,34.19965744018555,34.56920903108388,33.98274592431975,34.255893418599165,11496300
2015-09-08,34.4888801574707,34.79416343733961,34.03095676998316,34.77809557370107,9975900
2015-09-09,33.73371124267578,34.91467018622148,33.589103524750705,34.91467018622148,8492500
2015-09-10,34.04702377319336,34.328203718182735,33.54892920688139,33.56499707011386,12386900
2015-09-11,34.28804397583008,34.31214424425552,33.886356490700514,34.20770770465709,8590800
2015-09-14,33.966678619384766,34.34426567887538,33.806006143936955,34.320165420484415,6910700
2015-09-15,34.537071228027344,34.5852717368377,33.87026891959926,34.13538397657829,19709200
2015-09-16,34.57724380493164,34.850391293771594,34.51297236537828,34.625444319965744,10158300
2015-09-17,35.12355041503906,35.58147384730638,34.68972724827048,34.745963244188786,13481400
2015-09-18,34.424598693847656,35.131569165230985,34.3603303226114,34.74594974392119,14948000
2015-09-21,34.424598693847656,34.62544233398593,34.3281946046779,34.529038244816164,6328700
2015-09-22,33.73371124267578,34.087195072808285,33.500731801059615,34.0229236138941,8463900
2015-09-23,33.966678619384766,34.047017921739695,33.637295141307106,33.789938283465965,7650400
2015-09-24,33.84617614746094,33.98274837212255,33.356117102016405,33.7899401649966,12052300
2015-09-25,34.38444137573242,34.72186039072494,34.10326141709841,34.15146194450326,9682800
2015-09-28,33.44881057739258,34.66674272936777,33.42461113071305,34.198928810550775,14602900
2015-09-29,32.916465759277344,33.48913568740085,32.49704462017421,33.48913568740085,16543400
2015-09-30,33.77143859863281,33.876294657902186,33.198768641670036,33.26329639409814,14090700
2015-10-01,34.04566955566406,34.303774367419585,33.62624846734832,34.09406536168775,10225200
2015-10-02,35.13456344604492,35.14262787789036,33.513338805189505,33.76337926834093,11100800
2015-10-05,35.723358154296875,35.860475005714214,35.19101653218103,35.38459362557638,10663500
2015-10-06,35.40879440307617,35.82014804966859,35.35233415897236,35.731423929833305,7109200
2015-10-07,35.75562286376953,35.83627947509233,35.328134208571726,35.57817462663638,7653600
2015-10-08,36.54607391357422,36.55413834497323,35.553982701440006,35.77982370284695,7535900
2015-10-09,36.2960205078125,36.55412529638658,36.11050788332812,36.45733676988424,6205800
2015-10-12,36.33634948730469,36.47346938954189,36.09437662807345,36.11857299094102,4697400
2015-10-13,36.16697692871094,36.51380589980169,36.04598893345508,36.21537274218378,6393000
2015-10-14,36.08632278442383,36.2798998978491,35.87661065521825,35.87661065521825,4642500
2015-10-15,36.2798957824707,36.28796328944573,35.58623787153368,36.2476319082754,9133900
2015-10-16,36.98162078857422,36.989688296130616,36.35249058069015,36.38475445721052,9106300
2015-10-19,37.44137191772461,37.47363579567346,36.69932118601753,36.94129411692842,8092600
2015-10-20,36.89289474487305,37.62688091357558,36.8364314301862,37.5462212332031,7456700
2015-10-21,36.65898895263672,37.11873839520671,36.33635636139176,37.0058179113267,12220200
2015-10-22,37.86078643798828,38.247943674686645,36.77190690207739,36.77190690207739,11052100
2015-10-23,37.53008270263672,37.90917544164571,37.42522975185472,37.81238691905784,9352000
2015-10-26,37.74788284301758,37.90113476641528,37.36072543317962,37.53010622307368,6745200
2015-10-27,37.5865592956543,37.884995575253825,37.46557435895581,37.75594312999697,9294500
2015-10-28,37.42523956298828,37.90918537964704,36.63479001127185,37.231659390213295,8534800
2015-10-29,37.32844924926758,37.45750167669947,36.6751226815166,37.36071312533869,6002100
2015-10-30,37.231658935546875,37.60268426224453,37.118738451495624,37.32844748232617,6352300
2015-11-02,37.45750045776367,37.6107523256881,36.36055639871541,37.392975784573764,7222200
2015-11-03,37.42523956298828,37.505896173480586,37.00581841935287,37.35264738280422,6926300
2015-11-04,37.00580978393555,37.72366391110202,36.88482181957753,37.69140004369299,6504700
2015-11-05,37.00580978393555,37.04613807977097,36.610585100304206,36.98967785023103,5491000
2015-11-06,36.1992301940918,36.884820427983215,35.82013745846742,36.81222826747752,6990300
2015-11-09,35.80399703979492,36.11856196848358,35.40070803853235,36.04596982518229,9393300
2015-11-10,35.965335845947266,36.11858465501821,35.7314273398499,35.77175564993669,6648200
2015-11-11,35.8685417175293,36.26376340261293,35.84434227375208,36.16697485806115,5341500
2015-11-12,35.19907760620117,35.8443396507482,35.16681373476079,35.73141917755899,6861200
2015-11-13,34.90065383911133,35.39266724142934,34.77966582721731,35.086166534323326,7839100
2015-11-16,35.537845611572266,35.5539775488853,35.02163284811247,35.09422502759491,6136400
2015-11-17,35.34427261352539,35.75562940635849,35.23941653813712,35.55398476430192,6062500
2015-11-18,35.87660217285156,35.92499797819195,35.32006425727119,35.457181090457595,6210400
2015-11-19,35.9572639465332,36.1427765958847,35.83627596454857,35.96532837613449,5161500
2015-11-20,35.449127197265625,36.29603404289595,35.28781087503772,36.23957379164412,8815600
2015-11-23,35.55397415161133,35.70722292616318,35.28780182665836,35.392657870747605,10208200
2015-11-24,35.47332000732422,35.61850437506812,35.287807332285375,35.32007120886238,4521400
2015-11-25,35.432987213134766,35.61043543498532,35.36845946815193,35.44911914938047,5048800
2015-11-27,35.828208923339844,35.94919690689556,35.320066776851206,35.54590773084615,3258300
2015-11-30,35.21521759033203,35.95727141879605,35.18295371151776,35.82821590353897,11531800
2015-12-01,35.7475471496582,35.924995346053066,35.29586223013119,35.55397009618362,10622100
2015-12-02,35.376529693603516,35.771751393015755,35.29587000617578,35.76368696269922,5420200
2015-12-03,34.36830520629883,35.59430471105933,34.206988915199645,35.416856483165,13964900
2015-12-04,35.89273452758789,35.92499839819202,34.537682730735284,34.545750236812346,11278000
2015-12-07,35.51364517211914,35.89273799622256,35.27167227290833,35.836277755635116,9224600
2015-12-08,35.489463806152344,35.65884459950956,34.80387312245677,35.07811001130573,6576100
2015-12-09,35.207149505615234,35.691095330198955,34.97324102376368,35.29587054786865,7023600
2015-12-10,35.47332000732422,35.763688742812015,35.10229465724653,35.15069047211204,8901600
2015-12-11,34.465087890625,35.14261373656993,34.336035495057004,34.811916780623704,9971200
2015-12-14,34.94098663330078,34.99744689226704,34.38444847626762,34.739341972177456,9638700
2015-12-15,35.505577087402344,35.9007987308329,35.287800577473405,35.683025297756004,8237400
2015-12-16,36.175045013427734,36.24763720254366,35.46525813857519,35.4733225698757,9952200
2015-12-17,35.77982711791992,36.215380299507984,35.66690660643854,36.17504890810477,6994100
2015-12-18,34.92483901977539,35.69915343259512,34.642537851617774,35.43298419931107,21561100
2015-12-21,35.84433364868164,35.908861380757365,34.973230803620716,35.207139217117785,8812600
2015-12-22,36.0621223449707,36.1427820373883,35.489452374642696,35.87660966768921,6225600
2015-12-23,36.76384353637695,36.79610433272962,36.14277782301677,36.24763079565445,6618100
2015-12-24,36.578330993652344,36.83643584809523,36.570266563074,36.75577923490154,2290100
2015-12-28,36.352481842041016,36.68317880474812,36.2637577413644,36.489601745864476,3668600
2015-12-29,37.04067611694336,37.089255164695146,36.35248992722062,36.55489799343342,5895900
2015-12-30,36.84635925292969,37.20259938973826,36.77349223299172,37.0325773727169,5596400
2015-12-31,36.30391311645508,36.79778932260646,36.23914104879488,36.60347620812805,4648400
2016-01-04,35.453792572021484,35.988149667214365,35.01659046999961,35.696681599199785,11588700
2016-01-05,35.745262145996094,35.98815118340739,35.34044605414337,35.453794065701864,15463500
2016-01-06,35.615726470947266,35.7614574444869,35.04088518689263,35.08136927296145,19644700
2016-01-07,33.67259979248047,34.846566977143084,33.478286725904695,34.846566977143084,19806400
2016-01-08,33.18682098388672,34.0531270797852,33.17062797134172,33.72117804386617,14529700
2016-01-11,33.7454719543457,33.842626958204136,33.22730781576488,33.462101906216155,10232000
2016-01-12,34.101707458496094,34.239346538756244,33.60783132147735,33.7454704017375,10948500
2016-01-13,32.86296463012695,34.27172573879549,32.80629063440189,34.09360570165894,14091400
2016-01-14,33.48638916015625,33.94787927912102,32.86297197926483,33.64021817031057,12285700
2016-01-15,32.63628005981445,33.08157721987076,32.215270881133264,32.83868814061297,19074400
2016-01-19,33.567359924316406,33.729287028584984,32.91155963035748,33.235410750392006,14058400
2016-01-20,32.927734375,33.31636048141292,32.126200365713714,33.10585441639749,12802900
2016-01-21,32.6524658203125,33.12205085738475,32.38528573055469,33.049183840950946,9487300
2016-01-22,33.680694580078125,33.79404566995216,32.709138517740435,33.26778356243475,9510700
2016-01-25,32.54721450805664,33.834529807857066,32.514828479363146,33.785950764816825,13465200
2016-01-26,33.47829055786133,33.640217617125224,32.57960140152516,32.57960140152516,8127500
2016-01-27,33.29207992553711,33.97217119362649,33.01680481491755,33.47020002314453,7742400
2016-01-28,33.64021682739258,34.43365600180705,33.54306182951574,33.85072292604436,11620500
2016-01-29,34.89514923095703,34.89514923095703,33.86691897686024,34.06932704221035,14254500
2016-02-01,34.5955810546875,34.781796076714656,34.08551194048176,34.66844807100261,7960100
2016-02-02,33.96406555175781,34.57128959706277,33.73736647466314,34.10170151954636,11028300
2016-02-03,31.761871337890625,32.450060571879646,30.94414416189397,31.073685192403396,25931200
2016-02-04,30.7822208404541,31.64852716630192,30.652679794210563,31.583755098929068,18818500
2016-02-05,30.523134231567383,31.31657340846945,30.255954125941308,30.757928308299075,30568800
2016-02-08,29.42204475402832,30.223582276540935,29.049614550579278,30.175003215372556,24563800
2016-02-09,29.99688148498535,30.264061674454123,29.252021117683345,29.316790107295283,11313700
2016-02-10,30.790311813354492,31.22751394594134,30.191185710329638,30.515036739707416,12750800
2016-02-11,30.506942749023438,30.717445770403884,29.875430596380237,30.077838654381456,11391000
2016-02-12,30.84697723388672,30.895556264596312,30.47454726394919,30.846977233886715,7097900
2016-02-16,31.672807693481445,31.697098757280724,31.08987466682325,31.284184646208836,11137200
2016-02-17,32.231468200683594,32.32052517378099,31.6971109195861,31.964288015883536,11097700
2016-02-18,32.352901458740234,32.61198351155984,32.22336043233043,32.352901458740234,7250100
2016-02-19,32.231468200683594,33.00871459346129,32.029060092866324,32.215275181437896,13655500
2016-02-22,32.14240264892578,32.47435176550666,31.980475572629768,32.385291719118754,9490100
2016-02-23,32.44196701049805,32.52292900758425,31.98857179670953,32.02905588375485,8003400
2016-02-24,33.000606536865234,33.19491962041327,32.08572439056042,32.35290140587458,8985000
2016-02-25,33.664520263671875,33.67261522959383,32.96823583127612,33.073485830775695,8361600
2016-02-26,32.943939208984375,33.86692268230797,32.92774619136442,33.83453664706806,10024000
2016-02-29,32.81439208984375,33.332556203875555,32.790104112155305,32.82249014140773,10929200
2016-03-01,33.462093353271484,33.5349572711648,32.92773324737837,33.18681833894826,6839200
2016-03-02,33.373046875,33.42162283996938,32.8305915876572,33.16254073179151,7183800
2016-03-03,33.90740203857422,33.915497002740665,33.146345689837176,33.29207975285056,7876800
2016-03-04,34.10980987548828,34.44175899700849,33.8183417515189,33.98026883022435,6835900
2016-03-07,33.785953521728516,34.271734726265315,33.64831752130268,33.76976050606043,6901600
2016-03-08,33.50258255004883,33.810240573799746,33.27588342541433,33.50258255004883,7355000
2016-03-09,33.96406555175781,34.174568528523004,33.43780347709303,33.64021149219468,7012800
2016-03-10,33.737369537353516,34.13409064190777,33.28397751900749,33.931682608431444,6852600
2016-03-11,34.2960319519043,34.344607923502956,33.64832659306578,33.98027578250194,6996800
2016-03-14,34.19887161254883,34.287928576159004,33.83453643958976,34.02884647283307,4206500
2016-03-15,33.71308135986328,34.125995475244274,33.6402143447079,33.94787541853079,7375000
2016-03-16,33.77785873413086,34.17457681030915,33.46210264821289,33.65641266023843,10258800
2016-03-17,33.016807556152344,33.42972180061516,32.45816232432302,32.8305924788759,27291100
2016-03-18,32.98442459106445,33.332563673790794,32.92774748292035,33.22731368788623,21610300
2016-03-21,32.943939208984375,33.12205931430157,32.80630319196822,32.80630319196822,12193900
2016-03-22,32.31242370605469,32.95203393928665,32.1990756826469,32.838685915878855,16035100
2016-03-23,32.336708068847656,32.54721416463252,31.980471022483126,32.352901083023546,15611100
2016-03-24,31.988571166992188,32.433871407706924,31.972381238695426,32.35290632371236,10392800
2016-03-28,31.931901931762695,32.14240809315332,31.745686843457214,32.11811702006818,12690800
2016-03-29,32.606781005859375,32.67996343422832,31.907486037064366,32.11890021797999,9554800
2016-03-30,32.899539947509766,33.005248682815136,32.525497471042335,32.923936179886795,10805700
2016-03-31,32.62306213378906,32.99710758645275,32.59053900466918,32.980844470956754,11958500
2016-04-01,33.533775329589844,33.58256157033477,32.14330853279404,32.5254839619459,9114400
2016-04-04,33.51751708984375,33.5744364469052,33.20039407139501,33.452464623560765,8787800
2016-04-05,33.36302185058594,33.460600558250114,33.094688159190895,33.094688159190895,10274900
2016-04-06,34.05419158935547,34.062321597674,32.78569626244977,32.89140498182675,9083900
2016-04-07,33.761444091796875,34.00538453876061,33.59881609319736,33.818363426026046,7580600
2016-04-08,34.41196823120117,34.43636135614406,33.88342777704061,33.89969089429336,8854400
2016-04-11,34.28186798095703,34.92424718373129,34.24121173688061,34.85919471171094,6692400
2016-04-12,34.47700881958008,34.58271439248853,34.11109656216632,34.208672130186194,5689600
2016-04-13,34.72095489501953,34.948632291106726,34.3956988132905,34.688428666472255,7387600
2016-04-14,34.28186798095703,34.842931593705856,34.249341744946854,34.75348909748677,12085700
2016-04-15,34.98115539550781,34.9892854009826,34.07857279609714,34.411958854252546,7377900
2016-04-18,35.168174743652344,35.200700967633196,34.68842379648489,34.80226247854641,5783800
2016-04-19,35.17631530761719,35.49344143381532,35.03808346701258,35.36333960071059,5339600
2016-04-20,35.10312271118164,35.355196297209666,34.73721354361614,35.13564893554748,6575700
2016-04-21,34.070438385009766,35.103119549711835,34.03791216357332,34.97301776583724,8755300
2016-04-22,34.306251525878906,34.31438463354631,33.78584430254734,34.0704441353436,7208100
2016-04-25,34.363182067871094,34.460760780441504,34.06232212546084,34.15176772771401,5820800
2016-04-26,34.55833435058594,34.55833435058594,34.16802882896873,34.37131314867806,8472700
2016-04-27,35.68046951293945,36.184613825808306,35.19258521820926,36.0219857275649,11940000
2016-04-28,35.27388381958008,35.81868411899914,35.16817514138254,35.5259543036038,7402600
2016-04-29,34.932369232177734,35.15191662241189,34.63150937231844,34.94863234647714,10307000
2016-05-02,36.03011703491211,36.16834889528195,34.98116911071705,35.11940097108689,8180300
2016-05-03,35.509700775146484,35.77803754563748,35.20071086605496,35.52596389171009,5867400
2016-05-04,35.509700775146484,35.60727947452811,35.143791509018506,35.338942704037116,5344700
2016-05-05,35.712989807128906,35.96506349442623,35.52596859469775,35.680466671568546,5104500
2016-05-06,35.72111129760742,35.91626245497925,35.18444096202734,35.55848326521643,4545900
2016-05-09,36.005699157714844,36.111407818007926,35.688576278706556,35.729232501320524,6360500
2016-05-10,36.62369918823242,36.65622541975437,35.98945008104303,36.03823942832596,5503400
2016-05-11,36.103302001953125,36.7294150737942,36.046382631785754,36.461081343272745,5150900
2016-05-12,36.469200134277344,36.59930195490712,36.08702778098041,36.192733377705046,9609400
2016-05-13,36.070770263671875,36.52612515560889,35.95693154068763,36.33097394531376,12203600
2016-05-16,36.200862884521484,36.37162092550762,35.97318549653997,35.98131550245141,5675900
2016-05-17,35.168174743652344,36.265908437098695,34.94862738458879,36.23338531498929,8548700
2016-05-18,35.16004943847656,35.49343552416574,34.85918647924419,34.90797582173719,6612900
2016-05-19,35.1844482421875,35.420258782853395,34.615251561980024,35.420258782853395,5262500
2016-05-20,35.25763702392578,35.52597074430326,35.135665177107796,35.208847664824006,6185800
2016-05-23,35.11939239501953,35.444648495797935,35.00555369030871,35.273890438731705,6582100
2016-05-24,35.90000534057617,35.96505469765906,35.20883692260467,35.436517427074705,6476300
2016-05-25,35.9569206237793,36.176467995108794,35.72111013955077,35.867475053770434,5037600
2016-05-26,36.06262969970703,36.265913977838125,35.81868918632411,35.89187165052618,4381200
2016-05-27,36.41228485107422,36.41228485107422,36.0301124550655,36.062635587453684,5225600
2016-05-31,36.17647171020508,36.55051403967974,36.013843666385505,36.404149110429316,11593300
2016-06-01,36.45294189453125,36.45294189453125,36.04637329754672,36.18460513162279,6449000
2016-06-02,36.648094177246094,36.648094177246094,36.249658677364394,36.29031491790118,5327400
2016-06-03,36.78632736206055,36.79445736903105,36.44480813372805,36.60743618998771,4977600
2016-06-06,36.68873596191406,36.94893952107245,36.493584843480825,36.818837741493255,5831200
2016-06-07,36.859500885009766,37.09530825238061,36.713135980091906,36.74565910195144,5203700
2016-06-08,36.631813049316406,36.81883414532785,36.265900860654554,36.794441033373985,6205300
2016-06-09,36.77006530761719,36.87577091064581,36.48546542547976,36.4935985345572,4428500
2016-06-10,36.60742950439453,36.89202622446906,36.363489015491844,36.363489015491844,5624400
2016-06-13,35.91626739501953,36.835113267818755,35.85934804113457,36.753800791375134,7757800
2016-06-14,35.79429626464844,35.94066119386672,35.436517049821504,35.875608735604395,5282000
2016-06-15,35.63980484008789,36.06263345295956,35.566622368269286,35.85934915367146,5995500
2016-06-16,35.96505355834961,35.973186666397304,35.403990076061326,35.52595877992997,6131500
2016-06-17,35.81056213378906,35.96505708123802,35.460912898413675,35.96505708123802,9147400
2016-06-20,35.96505355834961,36.52611704063789,35.94879044412608,36.225257182182304,5726100
2016-06-21,36.1683349609375,36.322829880983605,35.94878758916359,36.11141561661148,5981000
2016-06-22,35.92439651489258,36.355358175561456,35.908133401035215,36.12768078530195,8507000
2016-06-23,36.469200134277344,36.47733324286975,36.13581402504652,36.32283519833483,5518600
2016-06-24,34.371307373046875,35.517830619474935,34.00539503868217,34.77787594414721,22314500
2016-06-27,33.64761734008789,34.15176152261176,33.55817175408626,34.05418592964279,12791800
2016-06-28,34.1701774597168,34.202837876251,33.541481572111564,33.71294408691299,10393700
2016-06-29,35.08464050292969,35.109134251062294,34.21099485329761,34.47227188227163,10550400
2016-06-30,37.15851974487305,37.35447903814974,34.77436651223254,35.30508713241197,33312100
2016-07-01,36.83193588256836,37.81988995249219,36.7339577645157,36.93808066068186,12238500
2016-07-05,36.66046142578125,37.338147600126,36.63596456826641,36.78293325468666,7820400
2016-07-06,36.90541076660156,37.01971906073516,36.48899842120925,36.5134952804289,6838600
2016-07-07,36.88092041015625,37.21568492295458,36.61147982857228,36.86459332068761,6842100
2016-07-08,37.640254974365234,37.64842163316056,36.807436427970515,37.25650610701371,8490300
2016-07-11,37.43613815307617,37.6565912561213,37.22385171014469,37.62393395967139,6572100
2016-07-12,37.3381462097168,37.852536593032646,37.28099206875582,37.38713680825495,6809500
2016-07-13,37.23200988769531,37.59126812886268,36.97073286575601,37.41980566721523,5362100
2016-07-14,37.29733657836914,37.56677718703924,37.15036784103335,37.411644904148474,6900100
2016-07-15,37.060543060302734,37.55860329803653,37.02788265774078,37.02788265774078,10023100
2016-07-18,37.08502960205078,37.31364926091337,37.05237232049911,37.27282532297367,4915600
2016-07-19,37.21567916870117,37.21567916870117,36.78293661266146,37.04421360911271,6328500
2016-07-20,36.88092041015625,37.38714739438692,36.7421183469971,37.28100262483301,5168400
2016-07-21,36.88908386230469,37.003392166654585,36.57065269599633,36.856423456871084,7221500
2016-07-22,36.848262786865234,37.13403357002898,36.81560237888426,37.076879413396234,4097400
2016-07-25,37.36264419555664,37.41980145767701,36.98705890810382,36.99522556612134,9321400
2016-07-26,36.94624710083008,37.41164709137976,36.77478460213671,37.31366896565048,9026500
2016-07-27,35.876625061035156,37.15035255565191,35.83580112072058,36.94622973941206,8888300
2016-07-28,36.072593688964844,36.12974784315913,35.46838862576665,35.835810413206914,7129400
2016-07-29,35.90929412841797,36.25222216211784,35.81131602507561,35.97461494042471,8839900
2016-08-01,35.501041412353516,35.909287063067794,35.337742529134374,35.85213292114116,5903800
2016-08-02,35.13362121582031,35.61535122898203,34.85601403680056,35.61535122898203,6345200
2016-08-03,35.19078063964844,35.29692540143329,34.913173418981096,35.092802536668124,5070900
2016-08-04,34.70088577270508,35.296924142805544,34.53758686378235,35.23976999188274,8960600
2016-08-05,35.329586029052734,35.607193251462405,34.79886533146527,34.913173638104354,8541000
2016-08-08,35.452064514160156,35.57453950257425,35.26427181601533,35.36225305261394,4924600
2016-08-09,35.53371810913086,35.794995196246866,35.321428529181254,35.57454206999238,5518500
2016-08-10,35.492881774902344,35.762322314392094,35.31325267213086,35.639850474503106,3289400
2016-08-11,35.22344207763672,35.68067842938888,35.14179417520533,35.63985447817318,5343000
2016-08-12,35.24794387817383,35.34592512107768,35.02749386831152,35.19078971048086,10827500
2016-08-15,35.07647705078125,35.36225096868376,35.04381664050642,35.31326035327152,5194300
2016-08-16,34.86418533325195,35.13362589054291,34.83968847192173,35.06830819455358,4748400
2016-08-17,35.1172981262207,35.158125193049976,34.61924092638337,35.03565022189797,5585300
2016-08-18,35.29693603515625,35.33775999747456,35.00299852299455,35.09281310889604,4605100
2016-08-19,35.15812683105469,35.337752851867,34.97033415062888,35.16629037600014,4704500
2016-08-22,35.272438049316406,35.3540859641583,34.94584016061221,35.10913910496431,3856900
2016-08-23,35.280601501464844,35.492891062960645,35.21528379269803,35.37041607635397,5753600
2016-08-24,35.10913848876953,35.403075960510805,35.01116036974519,35.345921798190915,4047800
2016-08-25,35.17445755004883,35.34592002842337,35.01932216180397,35.12546693565549,4833200
2016-08-26,35.15812683105469,35.5663726010242,35.035651854196615,35.23977473918137,4807800
2016-08-29,35.14179611206055,35.25610442763178,34.92134302574402,35.24793776813784,4381900
2016-08-30,36.529842376708984,36.81561324421178,36.097099629916215,36.61965385316068,14198400
2016-08-31,36.758445739746094,36.87275404529171,36.40735416433158,36.52166246987719,11220500
2016-09-01,35.88479995727539,36.90541427281412,35.68884063823816,36.85642366438789,14287200
2016-09-02,36.080753326416016,36.39102092606589,35.96644503040487,36.10525018603802,5968000
2016-09-06,36.2685432434082,36.644131620903934,35.84397049435604,36.358357787707895,5182200
2016-09-07,35.599029541015625,36.34203671037531,35.5500420424946,36.28488255232211,7266100
2016-09-08,35.63168716430664,35.91746104690036,35.47655490667081,35.91746104690036,6539800
2016-09-09,34.36613082885742,35.32959114529245,34.36613082885742,35.18262241128248,10857200
2016-09-12,35.558204650878906,35.615358807426865,34.25998302490615,34.635568372126464,14138000
2016-09-13,34.85601806640625,35.256100238030456,34.733546220562815,35.08463778504907,11695500
2016-09-14,34.73356246948242,35.051993778177334,34.5620999362881,34.83154061492645,9360400
2016-09-15,35.12546920776367,35.1826233709189,34.5212640498349,34.60291507910543,6936700
2016-09-16,35.035648345947266,35.16628685466947,34.73354737852737,34.83152548140209,10721600
2016-09-19,35.002994537353516,35.41940700372371,34.97850078568526,35.084645567361555,13094700
2016-09-20,34.978485107421875,35.78681281151227,34.9458247100579,35.33774013442487,7264900
2016-09-21,35.051971435546875,35.15811617567669,34.709043473076356,34.953993352555486,10801400
2016-09-22,35.41122817993164,35.57452706918761,35.22343554742081,35.38673443667678,7446300
2016-09-23,35.23977279663086,35.46022587402234,35.182618641159124,35.38674151489185,4948100
2016-09-26,34.88051986694336,35.11730004830622,34.82336570785563,34.847859457559494,5585900
2016-09-27,35.23977279663086,35.42756546670482,34.905011408295906,35.42756546670482,8302200
2016-09-28,35.59241485595703,35.64982172439892,35.31358015419369,35.35458461330366,6266300
2016-09-29,35.37918472290039,35.98606132114196,35.354582674471516,35.420189179761685,8816400
2016-09-30,36.002471923828125,36.18289220076984,35.44480242395684,35.535014126647816,9351000
2016-10-03,35.90406036376953,36.00247484474793,35.56781870819457,35.84665348075238,5349900
2016-10-04,35.39559555053711,36.06807881402587,35.28898143458686,35.70723512800076,6014700
2016-10-05,35.28898239135742,35.633426802827614,35.22337586868332,35.543215096765415,5878300
2016-10-06,35.2725715637207,35.35458360804844,34.98553722967265,35.18236300761961,4203100
2016-10-07,35.0101318359375,35.41198294661475,34.796906822894165,35.354576092009275,6807500
2016-10-10,35.29718017578125,35.46120115195694,35.11675678914399,35.12495955859473,5214400
2016-10-11,34.71491622924805,35.30538749203057,34.509890746566754,35.24798060715506,6037300
2016-10-12,34.78052520751953,34.895338985360226,34.54269488002619,34.673911073049965,4281000
2016-10-13,34.33766174316406,34.54268719467545,34.06702977395789,34.38686897776524,5906700
2016-10-14,34.48526382446289,34.87891212767266,34.436059741835805,34.616479925532815,4500100
2016-10-17,34.436065673828125,34.60828624956705,34.36225640873442,34.37045604777187,4057300
2016-10-18,34.54269027709961,34.88713469316417,34.53449063482111,34.73131333390909,4991900
2016-10-19,34.550899505615234,34.67391293342717,34.25566227336103,34.518094673488996,5974200
2016-10-20,34.51808166503906,34.75591191566436,34.222844544047625,34.52628130576002,8088200
2016-10-21,34.61649703979492,34.64930186339063,33.985018263558175,34.288458189158284,7541300
2016-10-24,34.944541931152344,35.0839577503928,34.62470269553912,34.79692334110925,5457500
2016-10-25,35.06755828857422,35.165972775845965,34.788723498185654,34.97734970123616,9774700
2016-10-26,36.3469123840332,36.69135677495588,35.28898028622521,36.69135677495588,21415300
2016-10-27,36.002471923828125,36.55193865339647,35.94506504546845,36.535536241230815,7592200
2016-10-28,37.06859588623047,37.25721889378065,35.87944784621099,36.64214264498847,11470100
2016-10-31,36.85538101196289,37.44585542515794,36.84718136886439,37.175223404737345,10294100
2016-11-01,36.41252517700195,37.085008476704495,36.248504173270504,36.92918711536142,7425700
2016-11-02,36.07627868652344,36.56833850325395,36.05987627550708,36.46992716559585,7351700
2016-11-03,35.518619537353516,36.12549327894368,35.494014349465694,36.117293635275026,6943700
2016-11-04,34.944541931152344,35.411999756808655,34.805122983471456,34.98554639984422,7520800
2016-11-07,36.26490783691406,36.289509893367914,35.395598677071625,35.40379831974273,8820000
2016-11-08,37.732887268066406,38.052729638868534,36.461729941155085,36.83077642404947,15393600
2016-11-09,36.09267807006836,37.42124521014942,36.0188687845083,36.13368566194397,15781800
2016-11-10,34.378658294677734,35.96145466630103,33.92760303086225,35.91225057146551,20053100
2016-11-11,33.779991149902344,34.37866507314414,33.60777052714238,34.32125819889082,12640600
2016-11-14,33.96860885620117,34.19003667721073,33.35353261843224,33.87840030255093,11783100
2016-11-15,34.74770736694336,34.92813073796237,34.06702459813102,34.13263110585816,9941300
2016-11-16,34.89533233642578,35.05935332856325,34.53448865647554,34.57549312239985,9498200
2016-11-17,35.25617599487305,35.27257527702541,34.534485571011366,35.01834573394455,9950600
2016-11-18,35.198760986328125,35.43659121342373,34.77231088535327,35.05934520878625,9760000
2016-11-21,35.24798583984375,35.42840929248878,35.03476068271503,35.03476068271503,6073500
2016-11-22,35.59241485595703,35.658021364845034,35.215165698202135,35.32998256352562,7599300
2016-11-23,34.85432815551758,35.5596162375679,34.764116452682266,35.34638800751349,8454500
2016-11-25,35.49399948120117,35.60061357487913,34.87892322515389,34.87892322515389,3702900
2016-11-28,35.198760986328125,35.49399807811033,35.04294280052729,35.45299362168269,8303300
2016-11-29,35.14956283569336,35.36278792224874,34.96913944276494,35.19876694035382,4870700
2016-11-30,33.821006774902344,35.32179176011729,33.79640158834945,35.182375926227486,12184000
2016-12-01,33.49294662475586,33.99320905882146,33.369930143827276,33.90299738993238,14247000
2016-12-02,33.763587951660156,33.86200241531975,33.50115563878112,33.61597251305064,7444600
2016-12-05,33.64876174926758,34.08341764842401,33.56675285501704,33.90299432694629,7456100
2016-12-06,33.33713150024414,33.73897953483583,33.21411500809767,33.65697062569775,9695900
2016-12-07,34.39506912231445,34.42787394586165,33.673381774917104,33.78819552889213,8967700
2016-12-08,33.894813537597656,34.37867066256014,33.84560629662021,34.37867066256014,6691000
2016-12-09,34.40327072143555,34.40327072143555,33.8373984840476,33.96041500394238,6261600
2016-12-12,34.98554229736328,35.05115194232909,34.29665666742257,34.31305907866402,6232100
2016-12-13,35.32999038696289,35.68263131614879,34.87893185155224,35.042952852752435,7706400
2016-12-14,35.124969482421875,35.75644525718275,34.8707367410994,35.40380115372674,10851400
2016-12-15,36.666744232177734,37.53605311243036,36.084472808144525,36.822565548777845,21568200
2016-12-16,36.38791275024414,36.79796361373532,36.08447598722382,36.79796361373532,17684700
2016-12-19,36.56834030151367,36.617547536982514,36.13368733774619,36.47812860070755,17984700
2016-12-20,36.3469123840332,36.76516606383644,36.02707317503083,36.02707317503083,6531900
2016-12-21,36.7979621887207,37.02759279072231,36.420716159743364,36.420716159743364,8179300
2016-12-22,36.88818359375,36.994797718179136,36.658556059693886,36.78977224036031,5285100
2016-12-23,36.91277313232422,36.94557794847636,36.71595049229028,36.822564580565015,2354000
2016-12-27,36.93738555908203,37.142411007618094,36.847173861175754,37.002992075824736,5964900
2016-12-28,36.830322265625,37.159750803330674,36.76443467306787,37.04445065804902,8334300
2016-12-29,36.92915344238281,37.08563177457955,36.78914386793851,36.813853287954316,3226700
2016-12-30,36.509124755859375,37.03621288117455,36.410293376093,37.02797536201416,5595100
2017-01-03,36.937381744384766,36.96209116033542,36.583243818791644,36.822081608925245,6169900
2017-01-04,36.896202087402344,37.22563372547006,36.78913633377639,36.93738025673757,4817700
2017-01-05,37.060916900634766,37.16798265135504,36.77266658141808,36.87149481347911,7145800
2017-01-06,37.1103401184082,37.36564669818361,36.73149272552356,37.12681201737653,5118600
2017-01-09,36.80560302734375,37.29151289687872,36.74795297008473,37.29151289687872,6490100
2017-01-10,36.37734603881836,36.86325594607154,36.327933495442174,36.698543279227266,10070500
2017-01-11,37.11857604980469,37.29976380434236,36.327943716411674,36.336178095393564,8076800
2017-01-12,36.9703254699707,37.20916325966574,36.8550253347229,37.060919331006275,4278800
2017-01-13,36.731483459472656,37.20092146572032,36.575005171287664,37.03620880097515,5273100
2017-01-17,36.97855758666992,36.97855758666992,36.566769654264654,36.69854166696664,5090900
2017-01-18,37.08562088012695,37.439758759948965,36.978558277719486,37.060914609062564,5577000
2017-01-19,36.72325134277344,37.08562362588211,36.56677304495915,37.06915173005541,6937700
2017-01-20,37.22562789916992,37.431521855313896,36.80560246928843,37.00326204953133,9815200
2017-01-23,36.94562530517578,37.225641312093,36.66560929825856,37.1103411577789,7453400
2017-01-24,37.003273010253906,37.192695129011916,36.78914147308859,36.92915103841874,8751900
2017-01-25,37.135032653808594,37.365632870642244,36.9950231352365,37.184448332426804,6783000
2017-01-26,36.73972702026367,37.13504313571609,36.71502074482702,37.13504313571609,4829800
2017-01-27,36.40205383300781,36.863254306365604,36.36087566812838,36.797369870897036,9441400
2017-01-30,36.59148025512695,36.970324443766245,36.26204861354054,36.38558626455869,7350200
2017-01-31,36.46794509887695,36.69031100090586,36.17145722950507,36.58324523881197,10229500
2017-02-01,36.1467399597168,36.52558405904168,35.94908353471783,36.385577686475095,6027200
2017-02-02,36.24557113647461,36.52558704620044,36.138508539882736,36.138508539882736,5258300
2017-02-03,36.533836364746094,36.67384279398643,36.2373484655389,36.50089256668007,5238700
2017-02-06,36.24557113647461,36.640890302187245,36.163214809605094,36.52558704620044,4567100
2017-02-07,36.17970275878906,36.35265300698069,36.09734639537225,36.27029664356388,7063200
2017-02-08,36.624420166015625,37.25033644866102,35.89143813994797,35.899672516353085,15334500
2017-02-09,36.813846588134766,37.23386895163986,36.64089638796755,36.731487105893464,11048800
2017-02-10,37.05268096923828,37.30798748649308,36.739721248865955,36.89619953820576,9971200
2017-02-13,37.08562088012695,37.200921000684325,36.56677033761879,37.11856466934125,6873100
2017-02-14,37.05268096923828,37.20092174026441,36.83031510016,37.069149722480184,5640700
2017-02-15,37.36565017700195,37.45624405891551,36.64913978448516,36.887977629222014,5831900
2017-02-16,35.5784912109375,37.29976553377264,35.43024724884117,37.25034983250928,20664000
2017-02-17,35.00197219848633,35.33963815755697,34.01368059042588,34.47488417863873,29197400
2017-02-21,37.03621292114258,37.09386298855532,36.18792752321081,36.4514715861528,17097600
2017-02-22,36.77265548706055,36.9373681102373,36.50911151994746,36.739711705748434,8174900
2017-02-23,36.9703254699707,37.15974756954824,36.37734975533282,36.8056096446054,6280300
2017-02-24,37.37388229370117,37.38211667191451,36.94562236766109,37.044450614687776,5972200
2017-02-27,36.047916412353516,36.85502039255039,36.01497262335953,36.84678601614821,9277300
2017-02-28,36.17145919799805,36.30323438417307,35.94909642556108,36.11380912489315,8218900
2017-03-01,36.270294189453125,36.56678210440297,36.179700310808045,36.36912244720518,11534800
2017-03-02,36.056148529052734,36.42675827777673,36.00673599035116,36.42675827777673,7334000
2017-03-03,36.014984130859375,36.15499370797333,35.800855717365465,36.113812387726284,5758800
2017-03-06,35.9490966796875,36.10557500183646,35.693786967208624,35.759671419068525,5435700
2017-03-07,35.60318374633789,35.990265402569406,35.56200558202854,35.809077709577195,7799000
2017-03-08,35.52906036376953,35.76789810551952,35.479647825264315,35.59494793736639,7231200
2017-03-09,36.07262420654297,36.17968995444833,35.50435796001656,35.6361299798644,7432300
2017-03-10,36.11381530761719,36.25382489605126,36.00675266306077,36.23735299495938,7144600
2017-03-13,36.41029739379883,36.43500681231351,35.86673731187662,36.02321877626052,5812100
2017-03-14,36.122039794921875,36.459705791229155,36.08909600462537,36.34440566688414,9841200
2017-03-15,36.690311431884766,37.02797747781506,36.24557962260296,36.33617348838554,7940500
2017-03-16,36.96208953857422,36.978561434587576,36.500885875279025,36.69030796689323,6882600
2017-03-17,36.855010986328125,37.15973310251902,36.78088905085554,37.11032057333186,15067000
2017-03-20,36.59971618652344,36.82208208278255,36.467944152632086,36.764432014310906,6801100
2017-03-21,36.31970977783203,36.68208532264731,36.28676911696204,36.6573758998774,6383900
2017-03-22,36.237342834472656,36.51735879113403,36.03968321848515,36.39382113843021,5623500
2017-03-23,36.25381851196289,36.46794690506283,36.07263077355216,36.154990264508555,4556100
2017-03-24,36.07262420654297,36.32793386948874,35.90790839630998,36.32793386948874,5982600
2017-03-27,35.85025405883789,36.12203558456628,35.79260400338503,35.94084790074735,9414100
2017-03-28,35.99026870727539,36.1796907938456,35.46318061565518,35.74319655704002,6172400
2017-03-29,36.18879318237305,36.2797826529547,35.84138228242019,36.03990189513258,5171100
2017-03-30,35.80002212524414,36.11434853536062,35.74212030698748,36.10607819935785,6918400
2017-03-31,35.634586334228516,35.99026754156603,35.634586334228516,35.717302307021036,8233900
2017-04-03,35.60976791381836,35.8165609947992,35.50223462819296,35.75865918455752,12837500
2017-04-04,35.94891357421875,36.1722505122219,35.74212046370611,36.09780486622085,9833200
2017-04-05,36.403846740722656,36.73471687931628,35.94890266671504,36.039892112598864,8553700
2017-04-06,36.486572265625,36.643733873601946,36.11434408314061,36.34595132761443,7272000
2017-04-07,36.54448699951172,36.70992215638466,36.345964180181554,36.503128999146774,5818000
2017-04-10,36.72646713256836,36.858814631110036,36.52794430704921,36.58584614044786,6773700
2017-04-11,36.44521713256836,36.809171853145415,36.345954172528195,36.63546640619357,5484000
2017-04-12,36.71818923950195,36.78436455855045,36.22188696828975,36.26324496498862,4753500
2017-04-13,36.428672790527344,36.85052932078688,36.428672790527344,36.800900996881204,3970300
2017-04-17,36.511383056640625,36.635460157822685,36.379035621238586,36.577558352047525,4854200
2017-04-18,37.007694244384766,37.1400417010239,36.50311857988174,36.561020394948095,6477400
2017-04-19,36.90842819213867,37.16485274837952,36.85879987219089,37.057319462806,4718500
2017-04-20,37.20621871948242,37.429555673420865,36.77608864027646,36.99115525758578,4911700
2017-04-21,37.17313003540039,37.27239300468424,37.073870221529134,37.20621769182834,5962200
2017-04-24,37.54535675048828,37.7686936891498,37.33029330330263,37.42955311312582,8241300
2017-04-25,37.644622802734375,37.77697028958264,37.545362976451415,37.57017714416891,6259400
2017-04-26,37.3220100402832,37.76868380065937,37.2889255492792,37.69423817393001,5464300
2017-04-27,37.22275924682617,37.54535598876602,37.17312776521528,37.355106709042836,5047000
2017-04-28,37.24756622314453,37.30546802947911,37.03250282181779,37.24756622314453,4096900
2017-05-01,36.44521713256836,37.32201785837043,36.41212947922164,37.25584570708928,9300500
2017-05-02,36.180519104003906,36.59410526902017,35.94890870591462,36.57756144377007,13098200
2017-05-03,37.24756622314453,37.9506645442829,37.082134293852484,37.22275206483308,12416400
2017-05-04,37.26411056518555,37.81831763333598,37.06559098511064,37.42954565218919,10566800
2017-05-05,37.0821418762207,37.545356421613064,36.900162930295174,37.37165096709093,7279700
2017-05-08,36.88361740112305,37.231028294138085,36.77608410572741,37.03250868539014,7633000
2017-05-09,36.643733978271484,36.93324619010278,36.561018006555145,36.83398323754871,5785200
2017-05-10,36.60237121582031,36.809164273536815,36.36249051157038,36.65200268562047,5779500
2017-05-11,36.94152069091797,37.16485762623173,36.57756595674689,37.16485762623173,5402900
2017-05-12,37.11521911621094,37.206208571377026,36.60237318894331,36.88361188881495,7421900
2017-05-15,37.89277648925781,37.95894865390619,37.11523225560208,37.313755060373076,11000700
2017-05-16,37.644622802734375,37.96722276012671,37.48746114816861,37.892777101561244,10171600
2017-05-17,37.106956481933594,37.75214998094241,37.090412654342025,37.66943399839704,9529900
2017-05-18,37.22275924682617,37.413008526549355,36.891889013578314,37.01596613989936,6291100
2017-05-19,37.82659912109375,37.87623060845246,37.11523024601605,37.22276355758687,6900600
2017-05-22,38.14091491699219,38.322893831097616,37.685970787140505,37.760416419691644,6732300
2017-05-23,38.09129333496094,38.48006542317379,38.02512117518307,38.11611065586376,6289600
2017-05-24,38.14091491699219,38.19881672504175,37.96720949284349,38.15745874149376,5632900
2017-05-25,38.48832321166992,38.562768839281745,38.116098229022455,38.24017217143438,4607400
2017-05-26,38.413883209228516,38.73648307972774,38.38079871298758,38.62894978956133,6810500
2017-05-30,38.34771728515625,38.42216293575209,38.16573832694137,38.42216293575209,5617200
2017-05-31,38.5379638671875,38.67858166651882,38.20709363107129,38.33944109443529,6041300
2017-06-01,38.83574295043945,38.84401328566181,38.39733945376326,38.58759187341097,5669300
2017-06-02,39.034271240234375,39.0673588993145,38.67858679365516,38.98464290702703,5887200
2017-06-05,38.877098083496094,39.04253317450825,38.7199364825111,39.00117519060819,6341900
2017-06-06,38.719940185546875,39.04253690839601,38.67030870687308,38.868831466156045,5246900
2017-06-07,38.67858123779297,39.02599529740538,38.63722324758997,39.02599529740538,4906700
2017-06-08,38.37252426147461,38.6951209684835,38.33116627564999,38.504871709360614,9503600
2017-06-09,37.73561096191406,38.4800675213367,37.578449312886114,38.4800675213367,10745900
2017-06-12,37.5288200378418,37.97549399984741,37.264125057856184,37.553637361561925,12968500
2017-06-13,37.752140045166016,37.89276096497887,37.305466283988665,37.462631027039016,7528100
2017-06-14,37.82659912109375,38.13265207127389,37.57017450285956,37.57017450285956,7121500
2017-06-15,37.95066833496094,37.983752830876895,37.45436303127629,37.72733142161466,6269700
2017-06-16,37.37992477416992,37.801784523368795,36.999426175003954,37.56190373699396,15425900
2017-06-19,37.61980438232422,37.63634821073669,37.18967430983771,37.52881490376191,5071600
2017-06-20,37.24756622314453,37.735597987544374,37.239295888844644,37.61979437487522,7156800
2017-06-21,37.20621871948242,37.495730988104555,37.17313106214058,37.41301184474994,7090200
2017-06-22,37.09867858886719,37.396461139360134,37.02423295124395,37.20621187774788,5005500
2017-06-23,37.140037536621094,37.28892880307191,37.0986763972866,37.28065531304025,8256200
2017-06-26,37.140037536621094,37.495721878096724,37.13176404658943,37.305469472311415,5281000
2017-06-27,36.37076950073242,37.2227560176262,36.34595218437376,37.2227560176262,10854000
2017-06-28,36.586769104003906,36.94399711383736,36.545231626626936,36.60338472877597,8867300
2017-06-29,35.82246017456055,36.603378561744584,35.65630712394017,36.47045675506945,6331500
2017-06-30,35.880619049072266,36.25446268093655,35.8556971966501,36.21292520386415,5790500
2017-07-03,35.8889274597168,36.204617981183226,35.84738998378586,36.113233632671395,4244400
2017-07-05,35.82246017456055,36.07168816593819,35.72276961183066,35.84738519207241,6965400
2017-07-06,35.77262496948242,36.01354362251029,35.6729312139813,35.72277809173186,7093500
2017-07-07,35.905540466308594,36.03015288501686,35.63138744075953,35.71446555567108,9145000
2017-07-10,35.76430892944336,36.07169002904856,35.72277145691931,35.94707761147641,5127600
2017-07-11,35.71446990966797,35.88061982153454,35.52339180662984,35.764313615585365,4886000
2017-07-12,35.92215347290039,36.113228369620956,35.880612833917205,35.98030656454988,5371000
2017-07-13,35.96370315551758,36.06339375089789,35.73939693908173,35.8723187892911,4927600
2017-07-14,36.23783874511719,36.29599183350237,35.98030454487013,36.15476381002568,6092600
2017-07-17,36.29599380493164,36.35414689647543,36.12984392572414,36.262765730553625,4479200
2017-07-18,36.38738250732422,36.44553560584778,36.19630758801734,36.35415125985184,3761300
2017-07-19,36.66984176635742,36.70307301382412,36.22122943287562,36.3541512536362,4785200
2017-07-20,36.39569091796875,36.794456369518144,36.35415027520031,36.686456402711194,6771900
2017-07-21,36.57846450805664,36.644927015868234,36.32093021305372,36.37077392480561,7572100
2017-07-24,36.34584045410156,36.74460586621958,36.279377967529,36.511993501427185,5105900
2017-07-25,36.75292205810547,36.86922826200952,36.51200025338629,36.76122828591017,7325800
2017-07-26,36.73631286621094,36.91907843187543,36.603391014315434,36.81938783523053,4323300
2017-07-27,36.75292205810547,36.76953451371487,36.34584717533492,36.586768980054096,7559200
2017-07-28,36.49539566040039,36.86923940674387,36.437242540869995,36.86093000732106,6700600
2017-07-31,36.570152282714844,36.63661161052228,36.246155533026176,36.54523043092534,6959900
2017-08-01,36.23783874511719,36.59506667040081,36.21291689841086,36.586760444533915,6764800
2017-08-02,36.6366081237793,36.694761218491166,35.54831177779482,36.57845502906742,13439200
2017-08-03,36.063392639160156,36.84430808892831,36.03016138535552,36.71969564082112,10048600
2017-08-04,36.12152862548828,36.35414095363812,35.98860684238761,36.204606720617,8144300
2017-08-07,36.54523849487305,36.603391607951274,36.06339479324545,36.18801041790279,7424900
2017-08-08,36.25445556640625,36.520299170428395,36.163071233316316,36.36245552088579,6064800
2017-08-09,36.11323165893555,36.34584404672061,35.94707859518646,36.163075359686005,4729400
2017-08-10,35.947086334228516,36.22123625469601,35.880623826777736,35.93047070736582,6059600
2017-08-11,36.212913513183594,36.337529073277274,35.89722308495685,36.00522302576435,4875000
2017-08-14,36.3043098449707,36.578459731124155,36.26277236756641,36.354153550213304,6213600
2017-08-15,36.437225341796875,36.49537843387789,36.237841048157804,36.28768791384403,7947400
2017-08-16,36.71137619018555,36.952297960637644,36.553532531495854,36.73630120826723,6632900
2017-08-17,36.063392639160156,36.75292689462575,36.05508641026239,36.10493012186255,6703400
2017-08-18,35.67292785644531,36.196308931692464,35.648006004468975,36.104924582304164,6761000
2017-08-21,35.81416320800781,35.98862253016867,35.573241380772345,35.63970388584696,3841800
2017-08-22,36.08831024169922,36.12985088861255,35.82246658080727,35.82246658080727,3608500
2017-08-23,35.80584716796875,36.12984706644218,35.756003467515974,36.12984706644218,3860800
2017-08-24,34.792327880859375,35.79754955728774,34.71755914307753,35.71447459046651,16105600
2017-08-25,34.46001052856445,35.05816023733543,34.40185743677903,34.85877594470983,11397800
2017-08-28,34.31047439575195,34.6344711105239,34.0280151525215,34.576318016544626,12895800
2017-08-29,34.80062484741211,34.883702961228224,34.119400159649956,34.30216884093941,7619600
2017-08-30,34.58462905883789,35.14954757219371,33.55448260239313,34.692625856166146,27452200
2017-08-31,33.77879333496094,34.51817123864997,33.620949646578886,34.51817123864997,16939200
2017-09-01,33.96156311035156,34.03633184279269,33.72894751547549,33.886794377910434,6811700
2017-09-05,33.83694839477539,34.16925458532569,33.679104697272685,34.01971711648872,10647000
2017-09-06,33.72063064575195,33.88678368419977,33.41324958454214,33.87847428926929,10298500
2017-09-07,34.028011322021484,34.111089424858385,33.728936490019805,33.936626993453686,12150300
2017-09-08,33.75388717651367,34.219112229798995,33.73727154330948,34.0363466027689,9829200
2017-09-11,34.219093322753906,34.24401834334239,33.820327853506875,33.920021597648315,8704500
2017-09-12,34.04463577270508,34.39355755690832,33.97817644230366,34.33540445439218,6191200
2017-09-13,34.16093063354492,34.33539305226411,33.91170268136725,34.06124008649493,8289300
2017-09-14,33.795406341552734,34.28555616330062,33.6874063688676,34.16094056642498,8554700
2017-09-15,33.9449462890625,34.119405602246424,33.75387135046489,33.75387135046489,11392300
2017-09-18,33.820343017578125,34.06126492028304,33.77880552344809,34.06126492028304,9676900
2017-09-19,33.71232604980469,33.95324463964073,33.62094171578498,33.845247853168146,7553200
2017-09-20,33.571109771728516,33.88680038343951,33.42157228034474,33.77049414994261,11213800
2017-09-21,33.38833999633789,33.81203059860641,33.34680250980945,33.670799341481214,8272700
2017-09-22,33.27202606201172,33.57940719407413,33.26371983427224,33.363410412677766,15694000
2017-09-25,33.645870208740234,33.82032951590372,33.27202657259962,33.31356405014716,9303200
2017-09-26,33.75388717651367,33.969884069952144,33.612655878832065,33.75388717651367,9038600
2017-09-27,33.70403289794922,33.89510788430263,33.471420422233294,33.89510788430263,9336200
2017-09-28,33.84602355957031,34.12166819209906,33.6956707831418,33.812611123389466,7461800
2017-09-29,33.96295928955078,34.04648718227919,33.66225377751272,33.91284064208282,8136300
2017-10-02,34.33049011230469,34.589431705386964,33.879434982889215,33.912844231685966,18913500
2017-10-03,34.19683837890625,34.48919236289394,34.104958975648685,34.48919236289394,8036200
2017-10-04,34.2636604309082,34.44742559513142,34.16342633514302,34.28871815825339,5735800
2017-10-05,34.33049011230469,34.43907893345341,34.20519825995019,34.31378708109891,6758500
2017-10-06,34.35554122924805,34.46412683302894,34.27201016512703,34.37224744207225,5047100
2017-10-09,34.08826446533203,34.597789860910126,34.00473336134609,34.58943834370444,4700500
2017-10-10,34.62283706665039,34.77318980786483,34.10495717268097,34.155072628829416,10650000
2017-10-11,34.84001159667969,34.9235426678521,34.58107324200662,34.622837184400545,6807000
2017-10-12,34.92354202270508,34.99871839217922,34.68130670035677,34.88177489469816,5110200
2017-10-13,34.81496810913086,35.08226127344624,34.76484944592703,35.08226127344624,7051300
2017-10-16,34.70636749267578,34.88177797480962,34.614484901162406,34.78154386878811,4496800
2017-10-17,34.35554122924805,34.62283426166673,34.230246226258664,34.57271562319412,6209800
2017-10-18,34.08826446533203,34.35555762531542,34.01308806493759,34.08826446533203,5691600
2017-10-19,34.02143096923828,34.171783731963686,33.92954837130775,34.1133135671688,6209800
2017-10-20,34.2636604309082,34.297072858291415,33.97130647088178,33.97130647088178,7610900
2017-10-23,34.280364990234375,34.48083317209017,34.14671847353574,34.363892868276906,5457500
2017-10-24,34.3221435546875,34.597788218793646,34.19684849784838,34.28873111467898,8816600
2017-10-25,34.31378936767578,34.33884710253942,33.86273102181782,34.18013961804195,5941300
2017-10-26,34.17178726196289,34.53931450526613,34.15508104366929,34.49755055272479,6209100
2017-10-27,33.97966766357422,34.15507816127591,33.71237456620449,33.72908078308823,9946900
2017-10-30,32.826969146728516,33.9713180917947,32.735086533185694,33.79590756760506,13981600
2017-10-31,34.60614776611328,35.491558431963774,34.5226198407855,35.357911839607674,16672500
2017-11-01,34.47248077392578,34.982009101504744,34.430716835976604,34.95694818962786,7619900
2017-11-02,34.38060760498047,34.63119448761916,34.15507845469011,34.46413550373167,6897100
2017-11-03,34.22189712524414,34.53930563212438,34.163426969430176,34.38060137868426,5149800
2017-11-06,33.762489318847656,34.20519609097307,33.57872730976984,34.19684138951476,5571000
2017-11-07,34.42237091064453,34.47248956078907,33.71237422538126,33.84602077271499,7540400
2017-11-08,34.748130798339844,34.8901320334424,34.22189936162523,34.22189936162523,11386400
2017-11-09,34.539302825927734,34.77318661656588,34.43071722331514,34.505893587023074,6748500
2017-11-10,35.04048538208008,35.149074188852424,34.272015406561216,34.34719178257518,10149400
2017-11-13,35.12401580810547,35.24095613781665,34.94025379843862,34.94025379843862,6886700
2017-11-14,35.52496337890625,35.60849448048268,34.89014293885395,35.065553472585876,8426300
2017-11-15,35.04048538208008,35.61683547393065,34.9820152214453,35.474837422784695,8702700
2017-11-16,35.2409553527832,35.50824843942164,34.99872318365676,35.04048713099684,6832300
2017-11-17,35.332828521728516,35.72541653202704,35.20753671313696,35.29106458553133,9176600
2017-11-20,35.17413330078125,35.60013065734205,35.06554448974226,35.33283757354216,6252500
2017-11-21,35.34954833984375,35.366254558029816,35.115667658009464,35.332842121657684,6330500
2017-11-22,35.357906341552734,35.45814047363716,35.157434890998275,35.45814047363716,5872500
2017-11-24,35.20753860473633,35.52494708599564,35.16577147991104,35.299417994752915,3455200
2017-11-27,35.47483825683594,35.608484796626854,35.266015339263575,35.27436685395713,6480100
2017-11-28,35.5917854309082,35.71707729373459,35.42472642742089,35.57507921192093,5770800
2017-11-29,35.867427825927734,36.276722199450596,35.57507697797231,35.61684092962519,8954800
2017-11-30,35.867427825927734,36.20154581192131,35.717075050869155,35.91754647974235,9419200
2017-12-01,35.85071563720703,36.051187032692575,35.43306981746481,35.65024742810622,8957800
2017-12-04,36.009429931640625,36.22660439717162,35.49990142489692,35.49990142489692,9146300
2017-12-05,35.90919494628906,36.27672218159286,35.68366578381221,36.05954453488837,7055100
2017-12-06,36.19320297241211,36.26837619157673,35.89249735020953,36.076259418810864,8191800
2017-12-07,35.65026092529297,36.16814104565498,35.641906221359584,36.11802556759842,6837200
2017-12-08,35.62519073486328,35.85071668006582,35.52495344101235,35.825658949795496,5979600
2017-12-11,35.80895233154297,35.81730703246236,35.391306504347604,35.52495304159473,10830400
2017-12-12,35.817325592041016,35.90085352620811,35.650266537320384,35.72544295262534,14930600
2017-12-13,35.867427825927734,36.02613530314805,35.6502533655016,35.817312358498384,9000700
2017-12-14,35.72541809082031,35.90918324176698,35.70036036528548,35.82565217934385,9710300
2017-12-15,36.234954833984375,36.35189516214921,35.51660346224611,35.82566049902247,15777800
2017-12-18,36.009429931640625,36.736132903915326,35.78390076375151,36.28507456813709,11083700
2017-12-19,36.12635803222656,36.46047591285866,36.04283015526067,36.184828183379544,6997800
2017-12-20,35.87577819824219,36.31013025305778,35.82565955047639,36.23495387460152,7022400
2017-12-21,36.00107955932617,36.15978705936564,35.89249390669316,36.01778577966642,6411100
2017-12-22,36.21824645996094,36.31012905129808,36.03448127728666,36.084599923393675,8862600
2017-12-26,36.26836395263672,36.5273055257936,36.12636589361791,36.26836395263672,6874000
2017-12-27,36.12635803222656,36.41035727484857,36.04283015526067,36.234946821389634,5565600
2017-12-28,36.151554107666016,36.327861423568294,36.017224266596266,36.21032321296678,5011600
2017-12-29,35.93327713012695,36.30268670832369,35.908091278041546,36.067607012377486,19611400
2018-01-02,35.6058464050293,36.2858932003377,35.59745218899298,36.2858932003377,6516100
2018-01-03,35.74856948852539,35.908085195842176,35.563864730712766,35.68140295743844,8633800
2018-01-04,35.83251190185547,36.143148992662304,35.66459883561449,35.86609515563874,8718800
2018-01-05,36.29427719116211,36.41181539861755,35.849310205030534,35.9500567824672,10811500
2018-01-08,36.10957717895508,36.48738089702255,36.084391331976036,36.18513792256857,8140300
2018-01-09,36.0927848815918,36.218717305668015,36.00882672953163,36.218717305668015,5805300
2018-01-10,35.79054641723633,36.14316109197614,35.64781914221562,35.89968722455498,6494700
2018-01-11,35.68980026245117,35.93327415470621,35.50509869132386,35.83252755202979,6526500
2018-01-12,35.656219482421875,35.849318468132225,35.54707546348065,35.80734098474766,7179400
2018-01-16,36.0927848815918,36.269092196904126,35.681397943187015,35.698189573599045,8659500
2018-01-17,36.823204040527344,37.09186372797472,36.21032392837077,36.32786214129448,11557700
2018-01-18,36.67209243774414,36.98272968447367,36.30268606873273,36.7560474116677,6824600
2018-01-19,37.05827713012695,37.0918603887035,36.66368184854208,36.67207926452413,8893300
2018-01-22,37.17581558227539,37.28495957204466,36.6804737243082,36.6804737243082,6940100
2018-01-23,37.36051940917969,37.436080138338994,36.881969192062684,36.99950739238254,6831600
2018-01-24,37.43608474731445,37.57880880736709,37.326940746719046,37.43608474731445,6794200
2018-01-25,37.33534240722656,37.780309471703475,37.10866016607516,37.545233015402694,7402900
2018-01-26,37.29335021972656,37.45286908244727,37.04148220814318,37.45286908244727,5733000
2018-01-29,37.39411163330078,37.788703800033716,37.201012657521574,37.746726318808065,10451700
2018-01-30,37.2261962890625,37.83068223128221,37.15063554628504,37.42769267069452,7110700
2018-01-31,37.276580810546875,37.587218076542904,37.08347859372747,37.21781168461998,14784000
2018-02-01,38.510719299316406,39.073227669119504,37.18421261699071,37.24298171795399,20120900
2018-02-02,38.2000846862793,38.729009832530906,38.14970979526809,38.48553599665743,10937100
2018-02-05,36.89036560058594,38.78777815564617,36.89036560058594,38.04896244908527,14324200
2018-02-06,37.40250015258789,37.419291783056316,36.32786142401667,36.638498580992525,12196800
2018-02-07,36.98271560668945,37.59559565052895,36.81480252008291,37.184211951152456,8322200
2018-02-08,35.83251190185547,37.226184907107516,35.824114487071974,37.08345767986631,13672600
2018-02-09,35.379150390625,36.21031837298742,35.11049074439536,35.95845035498159,13993500
2018-02-12,35.70658493041992,36.00043366802247,35.345572871695396,35.572255085499826,15788600
2018-02-13,35.93327713012695,36.11798191922532,35.26162771887428,35.47991257652751,9240100
2018-02-14,36.067588806152344,36.36143747708668,35.29519317377148,35.81572080440534,10233100
2018-02-15,37.007911682128906,37.01630589684987,35.916478013175265,36.24390683279082,8637800
2018-02-16,37.05827713012695,37.184212748451095,36.697265107118625,36.98271639966764,6814900
2018-02-20,36.7392463684082,37.18421658375358,36.621708153942826,37.01630347622756,5158900
2018-02-21,36.621707916259766,37.10025818786354,36.57973044031974,36.86518176045849,10029700
2018-02-22,36.52935791015625,36.95753651939529,36.45379716750679,36.722460076786454,8485300
2018-02-23,36.73085021972656,36.89876331840908,36.361443964765805,36.76443347999826,8856200
2018-02-26,37.58720779418945,37.93142823874369,36.76443705361289,37.06668002008515,12241500
2018-02-27,36.949134826660156,37.44447670389567,36.85678566537553,37.27656680870475,11704100
2018-02-28,36.856788635253906,37.3269415039544,36.856788635253906,37.14223996382616,11833000
2018-03-01,36.621707916259766,37.0834665569523,36.22711579921217,36.9155566531922,8331200
2018-03-02,37.29335021972656,37.4276832420916,36.35304148190002,36.4705796737939,10029800
2018-03-05,37.830684661865234,37.9062454094974,36.97433058959288,37.00791385580196,7365100
2018-03-06,38.25886154174805,38.37639977524286,37.62079547305763,37.780311189561075,9352600
2018-03-07,36.58812713623047,36.91555592585803,36.37823655798961,36.52096061390888,20757100
2018-03-08,36.94074249267578,37.066678123153075,36.47898385205256,36.747643541239746,8374400
2018-03-09,37.167423248291016,37.31014730140353,36.83159704863945,37.31014730140353,9751800
2018-03-12,37.26816940307617,37.48645739116879,37.21779771557477,37.40249924087318,6134400
2018-03-13,36.97432327270508,37.6375782370378,36.90715675357857,37.520036828566404,7363000
2018-03-14,36.84000778198242,37.28497493509231,36.62171971249961,37.16743668352948,9521200
2018-03-15,36.42861557006836,36.89037429448746,36.26070243318595,36.74765020987727,5927200
2018-03-16,36.26070022583008,36.789625453874706,36.20193111190029,36.57134063108927,9650000
2018-03-19,35.555458068847656,36.285879492470194,35.446317288221834,36.168341296303524,17142800
2018-03-20,35.555458068847656,35.82411771799308,35.421128244274946,35.58904132565975,8369100
2018-03-21,35.286808013916016,35.479906989074195,34.50601469545925,34.99296244360498,14592000
2018-03-22,34.46403884887695,35.15247981997873,34.396875516481906,34.95098662011691,8815300
2018-03-23,34.01066589355469,34.875417202991514,34.01066589355469,34.53959101643874,11222000
2018-03-26,34.6991081237793,34.757877223022646,34.153391399175945,34.47242593983678,7314400
2018-03-27,34.34648895263672,35.02653547727928,34.16178424658367,35.018138061908374,6786800
2018-03-28,34.262088775634766,34.928929903963876,34.23676675455651,34.41402734208931,9293100
2018-03-29,35.22435760498047,35.52823468085247,34.48999015161774,34.599724255680826,10988000
2018-04-02,34.363380432128906,35.17371731486325,34.203002263668736,35.089308430408956,9436800
2018-04-03,34.76010513305664,35.03021739513056,34.46467085266084,34.65037102034156,16719000
2018-04-04,35.5113525390625,35.71393833121428,34.371816715685526,34.42246074872953,9448900
2018-04-05,35.62108612060547,35.84055110721941,35.49446959987196,35.65485095546665,6981500
2018-04-06,35.013336181640625,35.77302895737224,34.81075358810704,35.50291668599928,6879100
2018-04-09,35.18215560913086,35.56200198029313,35.0808643168183,35.123068753615854,8871400
2018-04-10,35.232784271240234,35.71392168079561,35.080845802960596,35.53665798780908,7066700
2018-04-11,35.30876541137695,35.57043480165559,35.030210385606324,35.08929722986225,7828900
2018-04-12,35.47758865356445,35.61264477861759,35.32565011038067,35.32565011038067,6851700
2018-04-13,35.52824020385742,35.68017876541287,35.376301642301975,35.62953150489692,6816600
2018-04-16,35.64641571044922,35.705502574014375,35.48603754077131,35.5366815838314,5820400
2018-04-17,35.37629699707031,35.78146536801839,35.27500570933129,35.77302576903679,5065600
2018-04-18,35.4438362121582,35.494480259667654,35.26657238589658,35.4860406584137,7385500
2018-04-19,34.616600036621094,35.452261912790306,34.52375157926148,35.24967614220663,7142200
2018-04-20,33.856910705566406,34.92891996610569,33.62900292072814,34.64192533556768,12143600
2018-04-23,34.05949401855469,34.101701669277325,33.77249938159573,33.966645558943206,7957300
2018-04-24,33.5699348449707,34.26209818445518,33.35046653538193,34.21989373107069,7894800
2018-04-25,33.49395751953125,33.69654013525835,33.32513652643024,33.569926805427066,6973500
2018-04-26,33.5699348449707,33.79784275723902,33.24073560058094,33.60369969567565,10153300
2018-04-27,33.70498275756836,33.941330214523376,33.56992660788084,33.595248629699554,7223500
2018-04-30,33.34201431274414,33.84847400164971,33.24916261844661,33.84003440216456,14581200
2018-05-01,32.911521911621094,33.443303586859585,32.54011515686052,33.27448262742223,9631500
2018-05-02,31.983001708984375,33.33356588850339,31.58627301837691,32.9959240386258,17155100
2018-05-03,31.712900161743164,32.177155446162,31.66225290126401,31.991455264389906,9212400
2018-05-04,32.83555603027344,33.1731947640084,31.636929992534697,31.65381241222029,15714300
2018-05-07,32.658302307128906,33.26605672330487,32.590775827550075,32.945297090323855,7418500
2018-05-08,32.5654411315918,32.666732421552325,32.34597291335325,32.59076314908391,9404600
2018-05-09,32.72581100463867,32.877749511174855,32.506342841868076,32.64984175137058,7829900
2018-05-10,33.00437927246094,33.04658693868598,32.73426695258347,32.784914220057814,5762700
2018-05-11,33.114097595214844,33.223831679009955,32.88618983040559,33.09721518078549,7666100
2018-05-14,33.10566329956055,33.325128282304746,33.02969403245836,33.14786773239692,5870200
2018-05-15,33.266048431396484,33.5277211220239,33.00437574076907,33.00437574076907,9679700
2018-05-16,33.3588981628418,33.51927631987746,33.17319476627985,33.3588981628418,5989900
2018-05-17,33.3588981628418,33.62057083799797,33.215399205500574,33.3926630022153,5590600
2018-05-18,33.46862030029297,33.493942310762606,32.86930588591859,33.35044340478863,20267600
2018-05-21,33.206966400146484,33.68810418969163,33.1225575044341,33.527725999840904,7568100
2018-05-22,33.282928466796875,33.56992315788739,33.2069591891555,33.25760644758051,5687800
2018-05-23,33.299808502197266,33.4517470466021,33.08034028472716,33.16475237605875,7629100
2018-05-24,33.39265823364258,33.45174508411227,33.06345592675049,33.29136372998724,5529600
2018-05-25,33.4095458984375,33.60368889761582,33.23228209919438,33.34201621872729,4827700
2018-05-29,33.19852066040039,33.24072510045328,32.91152596005141,32.99593484015719,8190900
2018-05-30,33.49395751953125,33.72186537721871,33.198523196598956,33.27448926250216,6252000
2018-05-31,33.14786911010742,33.56991989599624,32.93684371716301,33.48550780682331,9241500
2018-06-01,33.39265823364258,33.64588805279723,33.11410317857816,33.240719698151416,9289000
2018-06-04,33.57836151123047,33.64589118662384,33.350453686766066,33.544599893525934,7070700
2018-06-05,33.139434814453125,33.595250553244135,33.02970390029412,33.52772408453035,8095900
2018-06-06,33.33356857299805,33.36733018471172,32.86931018702983,33.2322740778823,7962900
2018-06-07,33.1900749206543,33.40954314161045,33.0128143560304,33.12254846650847,5882500
2018-06-08,33.57836151123047,33.6290087677755,33.17319311884669,33.21539755597147,7717300
2018-06-11,33.95820999145508,34.05950129083516,33.51927673415159,33.569923993837804,6848500
2018-06-12,34.127037048339844,34.2030063414029,33.70498613576576,33.966658860759146,8043400
2018-06-13,33.882232666015625,34.19454930993491,33.73029414302969,34.04261400694055,9251500
2018-06-14,34.10170364379883,34.25364217922106,33.671210053438564,33.823148588860796,7167800
2018-06-15,34.456214904785156,34.59127098436331,33.82313892801425,34.03416425360455,13370600
2018-06-18,33.91600036621094,34.439342422984026,33.74717941306069,34.35493355640484,8244800
2018-06-19,34.051063537597656,34.25364936733714,33.67965993973321,33.77250842420493,8610200
2018-06-20,34.405582427978516,34.44779008719706,33.797831419137616,34.08482611386526,8344300
2018-06-21,34.388702392578125,34.46467166933609,34.14391214302553,34.42246401114326,8834600
2018-06-22,34.861392974853516,34.94580506088942,34.38025535442028,34.447785023249004,8878400
2018-06-25,34.988006591796875,35.19903195939518,34.64192511773532,34.85295048533362,8599100
2018-06-26,34.76010513305664,35.089304251209725,34.616606182584285,34.96268771961601,4978200
2018-06-27,34.59971618652344,35.02176686680799,34.38869084638117,34.684125034583886,6409200
2018-06-28,34.710052490234375,35.00708097324209,34.48091484447085,34.69307897158141,5503500
2018-06-29,34.794918060302734,35.100434931981795,34.548806887298184,34.56578040654344,8391000
2018-07-02,34.67610549926758,34.820375551959074,34.38756215651692,34.73551119594851,4713700
2018-07-03,34.6336784362793,34.96465400591673,34.582757872731946,34.86281611619017,2751100
2018-07-05,35.52476119995117,35.55021985870112,34.58275197779201,34.78643095989437,7419100
2018-07-06,35.940589904785156,36.144268823628714,35.524750166639166,35.53323530446463,8891300
2018-07-09,35.78784942626953,36.07639281716502,35.66903801308343,35.97455492548668,3967600
2018-07-10,35.71147537231445,35.91515116671731,35.61812261764298,35.83877193447414,4697600
2018-07-11,35.8557243347168,35.88118298467767,35.52474893575959,35.60112812300867,4315400
2018-07-12,36.02546691894531,36.15276344391521,35.80481442920959,35.97454636653689,5232700
2018-07-13,36.34795379638672,36.36492407486412,35.95756940669685,36.03394860931366,4422900
2018-07-16,35.906654357910156,36.373414742246,35.7538959430559,36.373414742246,6823900
2018-07-17,36.34795379638672,36.44979165408675,35.74540531469095,35.82178451730776,7048200
2018-07-18,35.75390625,36.305531140555516,35.70298568458036,36.237640290697605,7347000
2018-07-19,35.84724807739258,36.07638245853534,35.558704769346676,35.711463181686696,6273300
2018-07-20,36.02546691894531,36.1188196463437,35.71995007922966,35.93211419154692,6759200
2018-07-23,35.37199783325195,35.93211090910788,35.21923942734878,35.86421684543218,6279600
2018-07-24,35.23622131347656,35.46535897676196,34.8628135866603,35.032542311433566,8714500
2018-07-25,35.21923828125,35.439887506281394,34.794910109186745,34.794910109186745,9949500
2018-07-26,36.72137451171875,37.035376573261104,36.52618386603738,36.628021760008465,13448200
2018-07-27,36.40736389160156,36.91655647912525,36.33098467973626,36.83169212699381,8679800
2018-07-30,36.49223327636719,36.653476862600996,36.21217504844914,36.390395392291516,7855700
2018-07-31,36.814720153808594,36.8656374722769,36.390391900611895,36.644988205056386,9298700
2018-08-01,36.34795379638672,36.76379360379269,36.32249190393637,36.72984657210363,8114400
2018-08-02,36.62801742553711,36.69591150506226,36.16974210084599,36.22914780174655,7936100
2018-08-03,37.13720703125,37.53607662237618,36.6280144259819,36.73834067749145,9908100
2018-08-06,36.72137451171875,37.12872932497138,36.695915847568045,37.12024418271058,6513800
2018-08-07,36.441314697265625,36.78077864580131,36.347965186918046,36.78077864580131,6774700
2018-08-08,35.97455978393555,36.5092144528476,35.96607464071983,36.4328352144316,4744600
2018-08-09,35.77935791015625,36.212171300710274,35.73692573263019,36.067901249648145,5395000
2018-08-10,35.592647552490234,35.847247057390724,35.54173024140388,35.73692082109166,4491500
2018-08-13,35.55870819091797,35.71995175840679,35.37200272734426,35.618113886170036,5502800
2018-08-14,35.53323745727539,35.83026909702787,35.524752318935846,35.61810502750472,4532500
2018-08-15,35.482337951660156,35.584175849653946,35.25320025314782,35.28714729826855,5594000
2018-08-16,35.73692321777344,35.90665515330104,35.550217764956344,35.584164799535344,5676800
2018-08-17,36.246116638183594,36.347957744312204,35.66054484609773,35.67751836378583,6394900
2018-08-20,36.33946990966797,36.61952809965428,36.18671148556044,36.280064215555875,5168200
2018-08-21,36.11882019042969,36.50920138600589,35.95757339072442,36.40736351702242,4496600
2018-08-22,35.864219665527344,36.09335729239978,35.58416472426152,36.025466460752796,3936000
2018-08-23,35.71995162963867,35.983036305783436,35.56719320315043,35.71146648921936,5435700
2018-08-24,35.97455978393555,36.13580664135192,35.68601635407159,35.77088397307195,4805800
2018-08-27,36.05941390991211,36.271578021970655,35.915140630281236,36.17822529468611,3897500
2018-08-28,35.8557243347168,36.11880892132287,35.75388649750684,36.067888384034646,3811400
2018-08-29,36.10184097290039,36.24611099473548,35.813297691863234,35.85572986079315,4799800
2018-08-30,36.01697540283203,36.33946573191378,35.957569715549496,36.13579001476427,6186200
2018-08-31,36.254608154296875,36.34796089097931,35.915144245882175,35.96606480335471,7662800
2018-09-04,36.16973876953125,36.441308587883896,36.07638603746611,36.22065932448522,7181600
2018-09-05,36.90806579589844,37.0523358203285,35.82178347502542,35.82178347502542,8690300
2018-09-06,36.90806579589844,37.009903650635366,36.415843562830396,36.80622470379448,5725200
2018-09-07,36.08487319946289,36.229143244253365,35.45686599232778,36.11033185739827,10937700
2018-09-10,36.40736389160156,36.492228243733,36.076385148606896,36.144279220206066,4862900
2018-09-11,36.37342071533203,36.43282641560099,35.89817187581246,36.24612093625976,7440200
2018-09-12,36.78926086425781,36.97596634485279,36.314015258914786,36.37342095958266,5613100
2018-09-13,37.23056411743164,37.2390524963536,36.6619657496448,36.92504722360133,6232200
2018-09-14,37.17116165161133,37.340893633784006,36.85715958888127,37.120244323117326,5270500
2018-09-17,37.094783782958984,37.323921481696686,36.79775523128144,37.128730828113106,5999000
2018-09-18,36.89109802246094,37.08628862332341,36.70439256191095,37.08628862332341,6323700
2018-09-19,36.865638732910156,36.99293850816929,36.74682733593111,36.89958577129496,5093500
2018-09-20,37.23056411743164,37.434243125774515,36.992941305504964,37.03537348801073,6520100
2018-09-21,37.28995895385742,37.63790792879872,37.17963595896494,37.38331167058727,9146000
2018-09-24,36.87413024902344,37.30694369447311,36.78077750420518,37.18813228738371,4536700
2018-09-25,36.71287155151367,37.035361864607566,36.58557504394789,37.00141483430989,5128800
2018-09-26,36.6959114074707,36.97596639134744,36.65347598919639,36.772290628049426,5248700
2018-09-27,36.772735595703125,37.02887194818761,36.328764398153155,36.58490075063764,7603300
2018-09-28,36.6788330078125,37.054502849882,36.45684894773195,37.054502849882,8076800
2018-10-01,36.56784439086914,36.83251733038759,36.542228464144976,36.73006339434664,4216900
2018-10-02,36.90934753417969,37.12279507017907,36.52514131799061,36.61052228656092,3767700
2018-10-03,36.525146484375,37.13134004764042,36.414156094960695,37.071571732711675,4868000
2018-10-04,36.17509460449219,36.490999364911104,35.91895816230375,36.31170092412279,7889100
2018-10-05,36.2177848815918,36.405619799768346,36.05556588849949,36.18363574306563,5568000
2018-10-08,36.64467239379883,36.78128194715264,36.24339323015055,36.25192969875966,6107300
2018-10-09,36.508079528808594,36.900825625291034,36.39708911130149,36.789831950831726,4161000
2018-10-10,36.08971405029297,36.909351903899804,36.07263785455725,36.45684411623274,8494100
2018-10-11,35.16761779785156,36.44830312087975,35.048087688814455,36.217779371900534,9004000
2018-10-12,35.10784149169922,35.244447752096875,34.766327469180155,35.15053033739533,7255300
2018-10-15,35.03955078125,35.32983958111522,34.945633337624315,34.945633337624315,8538100
2018-10-16,35.24446487426758,35.46645219085163,35.013941087177244,35.056633210563845,8909600
2018-10-17,35.142005920410156,35.45790739521683,34.92002189250713,35.27007575836081,10388000
2018-10-18,35.03955078125,35.44936968865658,34.90294447878114,35.210309473573865,5286500
2018-10-19,35.68843078613281,35.9104180687278,35.372529314541275,35.41521817443993,8480000
2018-10-22,35.381072998046875,36.02141579794823,35.34692385733558,35.918961861910546,5366000
2018-10-23,35.22739028930664,35.44083788820609,34.73219355347489,35.22739028930664,7299200
2018-10-24,35.278621673583984,35.7908946486464,35.15055180134231,35.278621673583984,7630600
2018-10-25,35.005401611328125,35.295690437895246,34.80049051030073,35.13347145658918,8908300
2018-10-26,34.24552917480469,34.834643304497305,33.94670061807103,34.646811654756306,11109500
2018-10-29,34.24552917480469,34.99686554462319,33.86132289154798,34.51020208119703,9576500
2018-10-30,35.96164321899414,36.00433207868051,35.07370386388348,35.77381158498387,15431600
2018-10-31,35.84212112426758,36.14094972280001,35.08224817828983,35.927502119684824,16335500
2018-11-01,36.17509460449219,36.473923167838336,35.75673917553978,35.88480576815821,10329900
2018-11-02,35.84212112426758,36.1665623929492,35.28715931033927,36.08118139753196,11262900
2018-11-05,36.46538162231445,36.58491173891137,36.004334095196555,36.038486487638934,7154500
2018-11-06,37.09718704223633,37.11426323808354,36.32877451386865,36.43122843200056,8077900
2018-11-07,37.276485443115234,37.63507907307513,37.02034899711623,37.25940924578842,7138300
2018-11-08,37.51554489135742,37.549697285282384,36.823976827610544,37.25087198081787,5376300
2018-11-09,37.82291030883789,37.89121509738499,37.29356122540417,37.46431993982034,7150500
2018-11-12,37.95096969604492,38.23271872874634,37.62652855379572,37.62652855379572,9283300
2018-11-13,37.635074615478516,38.30956641676527,37.46431591938708,38.10465858701654,6624800
2018-11-14,37.36186599731445,37.60946599184415,37.06304066388335,37.39601839454997,7989100
2018-11-15,37.51554489135742,37.52408461831444,36.98619581332677,37.26794817778035,7895500
2018-11-16,37.797298431396484,38.164428535129524,37.42163185739248,37.566774650660506,6467700
2018-11-19,37.933902740478516,38.25834396172879,37.76314403155987,37.76314403155987,8330000
2018-11-20,37.30210494995117,38.377882780122555,37.191114532404264,38.113206558456085,9174700
2018-11-21,37.122798919677734,37.4557765892532,37.01180527750216,37.225252835635274,5380800
2018-11-23,37.387481689453125,37.59238955767857,36.94351029902886,36.98619916682984,2774200
2018-11-26,37.52408981323242,37.95952149672734,37.26795333723824,37.857067557720065,7938800
2018-11-27,38.0278205871582,38.0363570570644,37.34478900135964,37.44724292499155,6531400
2018-11-28,37.92536163330078,38.079044140038675,37.558234819372885,37.677764934179834,8109400
2018-11-29,38.01927185058594,38.28394795227687,37.66921804225961,37.839976712481146,5649300
2018-11-30,38.40348815917969,38.50594208551696,37.88267554345853,38.08758665308467,12994500
2018-12-03,38.44617462158203,38.54863179846926,38.13880960482312,38.275419174006096,6953700
2018-12-04,37.968048095703125,38.804762031660324,37.90828304720267,38.57423830589392,8628200
2018-12-06,37.78022384643555,37.8997539770408,36.91789700638925,37.891217506405475,10941800
2018-12-07,37.39601135253906,37.976588968407306,37.225252655468765,37.66068749584558,6915900
2018-12-10,37.50700759887695,37.703378974211994,36.755671233761355,37.59238532486559,7251700
2018-12-11,37.74607467651367,38.198585825709216,37.600931864643904,37.68630960610235,10176200
2018-12-12,37.62654495239258,38.087592578059095,37.46432593904418,37.5411672099886,7562700
2018-12-13,37.86558151245117,37.90827361385703,37.302080297564515,37.302080297564515,6102000
2018-12-14,37.18256378173828,37.771681123566154,37.13133845250194,37.737528732774436,6502000
2018-12-17,36.55076217651367,37.370400043849095,36.37146374676106,37.302095259762126,7848900
2018-12-18,35.97872543334961,36.883744392082185,35.739665173551174,36.70444919723336,10439500
2018-12-19,35.3554573059082,36.42269521451078,35.21031451367503,36.27755242227761,11258800
2018-12-20,35.142005920410156,35.517672451073466,34.58704096522568,35.33837728350356,11418300
2018-12-21,34.73219680786133,35.77382223031495,34.467520587923325,35.005409499496345,17481400
2018-12-24,33.7076416015625,34.877333433526466,33.4685813530608,34.76634303640874,6641300
2018-12-26,34.151611328125,34.17722399439663,33.10998614039272,33.827170108561404,8640100
2018-12-27,34.34798812866211,34.37360079897998,33.46004531218687,33.97232151720811,11149900
2018-12-28,34.279239654541016,34.786252864273585,34.14174471350191,34.52845025959251,7463500
2018-12-31,34.39955520629883,34.52845817726692,34.047224134209934,34.39096320469903,9114100
2019-01-02,34.279239654541016,34.48548370516866,33.90972138584755,34.11596543647519,7300800
2019-01-03,34.15033721923828,34.51985217979972,34.02143428829199,34.141741942168416,7454600
2019-01-04,35.095611572265625,35.181544667085916,34.33938788092477,34.33938788092477,7770200
2019-01-07,35.33621597290039,35.61980099907993,34.87217281445381,34.94091861350143,6095300
2019-01-08,36.16120529174805,36.19557656815621,35.447948036536964,35.499509868356135,11029300
2019-01-09,36.03229522705078,36.35884687439796,35.817459220821355,36.25572323114898,8532700
2019-01-10,36.38462448120117,36.39321647867677,35.81745758183421,36.03229357823287,7680200
2019-01-11,36.290103912353516,36.453378124553716,36.11823442269455,36.350257742013476,4755400
2019-01-14,36.504940032958984,36.63384297001333,36.04089339332875,36.21276288335527,10366400
2019-01-15,36.90023422241211,37.020545149227814,36.522124001118286,36.685398198876115,7624500
2019-01-16,36.668212890625,37.020547135136496,36.51353396126814,36.90883147902645,6464600
2019-01-17,36.98617172241211,37.07210482318227,36.60805821149299,36.65962003883769,5860400
2019-01-18,37.26115798950195,37.36427835612073,36.9689808856343,37.28693726162231,7616800
2019-01-22,37.063514709472656,37.24397619715117,36.642434626751616,37.08929398538735,10983700
2019-01-23,37.39006423950195,37.39865951715345,36.85727175993706,37.19241546931075,8414000
2019-01-24,36.977577209472656,37.278349624658034,36.84008227851692,36.977577209472656,9214700
2019-01-25,36.711177825927734,37.26974947573544,36.65961600425768,37.16662911053263,5888400
2019-01-28,37.054908752441406,37.106470567547944,36.54789571070627,36.5994575258128,6437700
2019-01-29,37.321311950683594,37.45021486804641,36.82289083356056,37.12366321469467,7462500
2019-01-30,37.64786911010742,37.793956044889235,37.31272213157569,37.34709668498476,7714100
2019-01-31,39.753257751464844,39.796227580194014,37.81114147274532,37.81114147274532,15658000
2019-02-01,39.160308837890625,39.68450924282023,39.00562664371017,39.4095194038633,13278200
2019-02-04,39.624359130859375,39.667325682569015,39.100158676843606,39.30640271444274,8774900
2019-02-05,39.512630462646484,39.66731262037555,39.41810211313021,39.52981773329824,5776800
2019-02-06,39.701698303222656,39.80481867793528,39.349367351328375,39.469675001516045,6653500
2019-02-07,39.95949935913086,39.95949935913086,39.314991304951334,39.349365854593906,9393900
2019-02-08,40.30324172973633,40.311833728809546,39.52123868856295,39.607171791846184,8905300
2019-02-11,40.775882720947266,40.82744127465487,40.10559201950683,40.26027423690555,10105900
2019-02-12,40.861812591552734,41.042274071506476,40.715725663439045,40.81884604082151,8742800
2019-02-13,40.91337966918945,41.06806189418034,40.629794497326785,40.818851278568566,6595200
2019-02-14,40.66415786743164,40.956334958914105,40.286047687099064,40.604004049609124,7871800
2019-02-15,41.386009216308594,41.42897576307671,40.81884227581227,40.84462154824567,10522200
2019-02-19,41.334442138671875,41.52349885418265,40.77587054541991,40.9563319857873,7861200
2019-02-20,41.23992919921875,41.42039069271019,40.939156765261735,41.15399281317191,10711200
2019-02-21,41.60084533691406,41.64381188379437,41.145394039335486,41.171173311836185,6209200
2019-02-22,41.007896423339844,41.17976259954902,40.664157514647115,40.76727787600006,12798800
2019-02-25,40.569637298583984,41.07665048775544,40.449329639820895,41.016496658373896,10070500
2019-02-26,40.75870132446289,40.88760428360634,40.55245724546105,40.621206364507806,7475300
2019-02-27,40.500892639160156,40.71572868690725,40.389176976453044,40.69854140971093,8153400
2019-02-28,40.52667236328125,40.69854185900387,40.35480286755863,40.46651853149903,8498500
2019-03-01,40.58681869506836,40.6813470641549,40.41494923110532,40.55244414664828,8114500
2019-03-04,40.38058853149414,40.78447810767794,39.98528767745763,40.68994971384613,9588000
2019-03-05,40.32902526855469,40.518082049529625,40.18293504376366,40.40636638094097,8406500
2019-03-06,40.36338806152344,40.50088296812422,40.24308042801489,40.26885969858468,5660900
2019-03-07,40.225894927978516,40.58681784441273,40.174333106429074,40.35479456464618,8070100
2019-03-08,40.02824783325195,40.30323766982274,39.84778308951571,39.95090673683283,6699800
2019-03-11,40.49229431152344,40.52666886332691,39.97668914702212,40.05403024951109,6326200
2019-03-12,40.3462028503418,40.75868759122438,40.20011266066031,40.50947703585658,5856600
2019-03-13,40.629791259765625,40.81884802594252,40.457925048482466,40.49229632385639,6289700
2019-03-14,40.68994140625,40.77587778225081,40.49229265865446,40.6813494077187,5617300
2019-03-15,41.076637268066406,41.21413215927966,40.715714407932914,40.758680946786406,9676900
2019-03-18,41.282894134521484,41.325860686791266,41.050870818499284,41.09383737076907,5817900
2019-03-19,41.454769134521484,41.67819720291919,41.30867890361132,41.41179929839963,6252400
2019-03-20,41.4031982421875,41.721154635487416,41.171174946059175,41.43757279231115,6560100
2019-03-21,42.0047492980957,42.099277693338905,40.99931478649052,41.27430469366805,6773900
2019-03-22,42.219573974609375,42.391443439749295,41.92739686731273,41.92739686731273,6978800
2019-03-25,42.46018981933594,42.52893891755425,42.142233435419826,42.1508254336284,5390300
2019-03-26,42.7867431640625,43.01017118579325,42.47737876617565,42.5890944161098,7059300
2019-03-27,42.64924621582031,42.95001532274548,42.38284837958845,42.70940003720535,7400100
2019-03-28,42.631961822509766,42.899762574682,42.33824603785021,42.381442152530255,6416900
2019-03-29,43.1243782043457,43.15893378673742,42.69244331065441,42.76155447543784,6701200
2019-04-01,42.925682067871094,43.19348284787234,42.78746305457395,43.176205059285046,6196000
2019-04-02,42.882484436035156,42.93431779598538,42.72698765158532,42.873847190410544,5159500
2019-04-03,42.960243225097656,43.21076624905173,42.61469729467288,42.744275782806554,6810400
2019-04-04,42.89112854003906,43.06389983009028,42.804739599612326,42.89112854003906,5477200
2019-04-05,42.91705322265625,43.01207943078795,42.74427859836241,42.89977543068668,6246000
2019-04-08,42.8565788269043,42.90840890284988,42.71835979871346,42.8220232460062,6456400
2019-04-09,42.882484436035156,42.951595582635456,42.67515758703594,42.72698765158532,5037500
2019-04-10,42.934326171875,43.12437527130007,42.804744394420254,42.99479678924681,4539800
2019-04-11,42.90840148925781,43.12436888945436,42.70971187652511,43.05526103499999,4670500
2019-04-12,43.01207733154297,43.0639074095202,42.83930271568156,42.942966167037724,5016600
2019-04-15,43.435367584228516,43.539034321210494,43.08982168049276,43.115736717037564,7869000
2019-04-16,43.297149658203125,43.64269886607573,43.262597373737044,43.50447984200699,5150800
2019-04-17,43.392181396484375,43.53040043820422,43.055272688254874,43.53040043820422,4698100
2019-04-18,43.27123260498047,43.67725241100395,43.193484201601535,43.67725241100395,6407700
2019-04-22,43.34898376464844,43.4267321729709,43.150294120135804,43.30579093678074,5647100
2019-04-23,43.50447463989258,43.746357079239054,43.340337302849406,43.340337302849406,6446500
2019-04-24,43.521759033203125,43.79819709024105,43.44401062369861,43.50448124271306,4876900
2019-04-25,43.202125549316406,43.38354070468851,42.994798650893486,43.1243771385574,4503100
2019-04-26,43.444007873535156,43.46128566293148,43.11573646580781,43.30578885376596,4334400
2019-04-29,43.65134048461914,43.66861827628313,43.12437937277381,43.12437937277381,4852200
2019-04-30,43.92776870727539,43.945046495063906,43.53038947434273,43.67724902284458,8481300
2019-05-01,44.610225677490234,45.41362467021646,44.18693141833831,44.92121926117793,13043600
2019-05-02,44.472007751464844,44.8089163768288,44.04007294040314,44.48928553935544,9729600
2019-05-03,44.71388626098633,44.74844183373025,44.43744826983655,44.61022283815536,4419100
2019-05-06,44.57566452026367,44.636135121141116,44.18692588473743,44.46336385886305,5224200
2019-05-07,44.066001892089844,44.44610675493096,43.677263075678155,44.35108053922068,9827000
2019-05-08,44.066001892089844,44.333802745873164,43.729093160318584,43.936423385086655,6280500
2019-05-09,44.35971450805664,44.52385188502,43.91050509584607,43.94505738458404,6125100
2019-05-10,44.808921813964844,44.84347739393903,43.85866643248509,44.06599332152724,5778400
2019-05-13,44.22149658203125,44.62751646740842,44.152388707410736,44.32516333706497,5682800
2019-05-14,44.59295654296875,44.947143016362475,44.230132821863705,44.31651848058348,6729900
2019-05-15,44.77436828613281,44.981695169418074,44.333792892199185,44.50656749187117,4342400
2019-05-16,45.6123161315918,45.767812929737545,44.80891710630583,44.92122108172245,8781200
2019-05-17,45.11991500854492,45.6295982743521,45.01625156502185,45.42227138730595,6956300
2019-05-20,45.17174530029297,45.43090553914386,44.95577788535036,45.050804075189305,6517300
2019-05-21,45.076725006103516,45.32724803109951,45.01625438564265,45.240859076582794,6732200
2019-05-22,44.99897384643555,45.19766348658658,44.731173046892096,45.076722253051294,6396900
2019-05-23,44.95578384399414,45.22358136496129,44.53248620462429,44.78300923005948,6261700
2019-05-24,45.033531188964844,45.249498627418006,44.990338360354535,45.111279598624044,4241000
2019-05-28,44.031436920166016,45.10263343600074,43.9623257666793,45.05080336628688,13265400
2019-05-29,44.19557571411133,44.316516950303495,43.66861464607273,44.03144165005075,7530400
2019-05-30,44.27333068847656,44.53249098952382,44.057363221703504,44.307886274056735,5699600
2019-05-31,43.92776870727539,44.135098865336516,43.66860848124979,44.135098865336516,7100000
2019-06-03,44.5411262512207,44.63614915719381,44.02280241519529,44.0400802059363,6747300
2019-06-04,45.04215621948242,45.05943400532051,44.567028642837386,44.7225254199795,7167400
2019-06-05,45.73326110839844,45.86284288262646,45.01625096510055,45.13719219683262,6665000
2019-06-06,46.18247604370117,46.268864995941364,45.620962683447004,45.80237454004905,5647900
2019-06-07,46.66624069213867,46.908123148959255,46.26022088641728,46.415717693059456,6644300
2019-06-10,46.81309509277344,46.90812128142724,46.43299363355943,46.605768222438954,5387800
2019-06-11,46.640323638916016,47.020425096823,46.47618629711434,46.977232273601935,6519000
2019-06-12,47.12409210205078,47.27958891374896,46.683519999173576,46.959958043214456,5083800
2019-06-13,47.21048355102539,47.314146999181084,46.77854867240815,47.09817955987246,4758300
2019-06-14,47.5560302734375,47.702889848236694,47.15865096934828,47.27095496238277,4724800
2019-06-17,47.296871185302734,47.56467200758241,47.04634815433805,47.51283863363745,5031100
2019-06-18,47.13274002075195,47.94477649027864,47.06362885122529,47.94477649027864,5730900
2019-06-19,47.56467056274414,47.642418973599,46.7353530818251,47.106817345309246,7161500
2019-06-20,47.91020965576172,48.07434699714564,47.52146765695924,47.94476523241109,6958200
2019-06-21,47.72881317138672,48.12619254445105,47.52148294021276,47.90158781479798,11755900
2019-06-24,47.79791259765625,47.94476886644548,47.57330462781208,47.82382763440696,4981400
2019-06-25,47.927486419677734,48.06570542791973,47.75471183552496,47.763352377203205,7037400
2019-06-26,47.046348571777344,47.72880650546686,46.81310333005807,47.53875409471744,7190700
2019-06-27,46.976905822753906,47.17654859895779,46.881423775175996,47.09842722468584,4210900
2019-06-28,46.785945892333984,47.04634937425443,46.59498179369436,47.02030670821544,8614400
2019-07-01,47.48902893066406,47.54978962502109,46.898779347301925,47.193904138982994,7216000
2019-07-02,47.697364807128906,47.74944352232545,47.350157920170645,47.584522072185926,3747500
2019-07-03,48.44384765625,48.47856568906896,47.827555388976485,48.027201461535974,3816200
2019-07-05,48.174766540527344,48.19212721410335,47.67131694045278,48.09664516504025,3424700
2019-07-08,48.1226806640625,48.40044479660352,47.84491653152148,48.17476268061756,3959200
2019-07-09,48.07060241699219,48.140041795184615,47.80151696237356,48.001159727590085,3766100
2019-07-10,48.200801849365234,48.30496588207788,47.94908038166708,48.22684451314821,5311900
2019-07-11,47.419593811035156,48.461211011089226,47.2286297195158,48.435168346021264,6153600
2019-07-12,47.34147262573242,47.714718818156676,47.24599057959461,47.55847607196932,4587800
2019-07-15,47.48036193847656,47.63660470848714,47.22863710776949,47.37620119553962,4211300
2019-07-16,47.541114807128906,47.68867555935244,47.028986547936455,47.30675069076526,6540500
2019-07-17,47.645267486572266,47.74074951539653,47.41090340978794,47.541106778404526,5049100
2019-07-18,47.940399169921875,48.03588121252367,47.384870897922,47.627913689119524,5381700
2019-07-19,47.645267486572266,48.174756329172865,47.619228137332634,48.174756329172865,5435700
2019-07-22,47.42826843261719,47.72339322551981,47.16786498269359,47.7060325540303,4058500
2019-07-23,47.558467864990234,47.86227131281179,47.22862175649165,47.66262857407059,5557600
2019-07-24,47.23729705810547,47.645264497044025,46.86405426798962,47.46298244138556,5555900
2019-07-25,47.2286262512207,47.42826900896183,46.82934073573846,46.933501454731754,3516800
2019-07-26,47.575836181640625,47.66263623462361,47.14182929430615,47.28071136580479,3706200
2019-07-29,47.61922836303711,47.95775314959371,47.53242501314489,47.54110700373872,4868500
2019-07-30,47.575836181640625,47.975121723297995,47.50639349028642,47.71471825313927,5496300
2019-07-31,46.4300537109375,47.957756347612545,45.84848281711039,47.74075292522516,10559900
2019-08-01,46.55158615112305,47.68868223525671,46.34326135923332,46.34326135923332,9150200
2019-08-02,46.6644172668457,46.92482403815593,46.28249241277883,46.40401380674513,6627900
2019-08-05,45.32767868041992,46.811981384994716,45.10199325315484,46.51685658017783,9489000
2019-08-06,45.8571662902832,45.987366361197736,45.067270628504396,45.397116768331756,7854000
2019-08-07,46.369285583496094,46.54288896821219,45.12802916411751,45.70959669502591,6947000
2019-08-08,47.697364807128906,47.784164873263336,46.51686536492314,46.95955100014516,7489800
2019-08-09,47.471675872802734,47.99248616523186,47.167872352293266,47.75812203032026,5750900
2019-08-12,47.089744567871094,47.50639075840757,46.95086250435894,47.30674799905944,5519900
2019-08-13,47.36750411987305,47.732071570886454,46.98557930990547,47.08106134019968,8147600
2019-08-14,46.17833709716797,47.27203308211538,46.09153372616577,47.16787234812278,8391200
2019-08-15,46.681785583496094,46.88142837930649,46.12625722798713,46.369300055719755,5258700
2019-08-16,47.34147262573242,47.45431203370455,46.777262341032554,46.91614441417578,5310300
2019-08-19,47.35883331298828,47.64527614027784,47.21995123980338,47.51507605922252,4950000
2019-08-20,46.86406326293945,47.30674881325047,46.82065992698711,47.10710605046632,4034600
2019-08-21,47.133140563964844,47.24598326567816,46.88141581060795,47.24598326567816,3181100
2019-08-22,47.315433502197266,47.410915555482056,46.942190593045,47.24599411603291,3945600
2019-08-23,46.55158615112305,47.584521494916956,46.29118264466856,47.254675287429144,5542600
2019-08-26,47.27202606201172,47.289386733634025,46.65573711986289,46.74253716676487,4575300
2019-08-27,47.23729705810547,47.54110379541191,47.15917901528813,47.30673973333288,4612200
2019-08-28,47.63660430908203,47.66264366679536,47.14183664526698,47.28939742058958,4977500
2019-08-29,47.98379898071289,48.07928102288764,47.31542799669929,47.74075619060237,4074500
2019-08-30,47.93171310424805,48.287598555615524,47.79283105764633,48.261555895421395,4465800
2019-09-03,48.29628372192383,48.35704441852275,47.56715205152715,47.66263409224249,3483200
2019-09-04,48.782371520996094,48.80841087289948,48.11400056206303,48.46120737308603,5318100
2019-09-05,48.73029327392578,49.120900138726945,48.660853893077686,48.955978711904145,5001300
2019-09-06,49.1556282043457,49.23374958798515,48.67822122042028,48.92126405342735,4940000
2019-09-09,49.025421142578125,49.22506392784947,48.79105700911785,49.22506392784947,5781700
2019-09-10,47.1591911315918,48.851815385022434,46.8033022964286,48.6261332549683,8968600
2019-09-11,47.315433502197266,47.54111895745405,46.907469244357785,47.14183338118135,5544900
2019-09-12,47.575836181640625,48.24420718548089,47.46299346379492,47.584514862455016,5549700
2019-09-13,46.94218444824219,47.53243074261028,46.69045967002618,47.27202728396355,6183400
2019-09-16,46.916133880615234,47.12445859916213,46.568930431315835,46.77725183865366,3531200
2019-09-17,47.48036193847656,47.87964754574345,46.49950528479024,46.56026599410431,6701900
2019-09-18,47.497703552246094,47.53242157848506,46.838011385571015,47.48034288352212,7898900
2019-09-19,47.77547836303711,48.21816392572432,47.39355018772058,47.62791430133488,4922600
2019-09-20,47.43695068359375,47.896996891350305,47.39354734902766,47.75811482988364,11308800
2019-09-23,47.402225494384766,47.818871644979666,47.18522208399935,47.35882547454954,4831700
2019-09-24,47.78416061401367,48.26156755761982,47.506396453689725,47.74076058481492,6345500
2019-09-25,47.90567398071289,48.09663805059171,47.67130988891873,47.8275526167815,4330900
2019-09-26,48.33967971801758,48.435161750775805,47.96643357789507,48.17475831402295,4281000
2019-09-27,48.326595306396484,48.52726501068951,48.0125024376797,48.37894522726334,6598400
2019-09-30,48.265525817871094,48.70176520764089,48.20445256956271,48.317875742810735,4408100
2019-10-01,47.672245025634766,48.492377295253775,47.6460717245168,48.27425757729004,5420500
2019-10-02,47.09640121459961,47.65478706653719,46.921904803808566,47.56754052526277,6507000
2019-10-03,47.56754684448242,47.820566507330305,46.83466448439236,47.31452718163454,5163300
2019-10-04,48.84135818481445,48.91115807974005,47.74203646567373,47.79438305862575,5952400
2019-10-07,48.04740524291992,48.69304099238002,47.968882021069945,48.579617821209524,6075400
2019-10-08,47.602447509765625,48.160833444245014,47.57627088092005,47.91653710172826,5168200
2019-10-09,47.942710876464844,48.09975732721827,47.4802948478053,48.02123410184156,3460100
2019-10-10,48.34403991699219,48.63195945745639,47.78565413599205,47.838004051051485,4393900
2019-10-11,47.82928466796875,48.588340246326844,47.811834693631035,48.57089027198913,4810000
2019-10-14,47.30579376220703,48.125922500139886,47.27961713933975,47.73330643955003,4574400
2019-10-15,47.14875030517578,47.62861293021052,47.12257368066113,47.480289818767986,3825900
2019-10-16,47.34941864013672,47.46284180110838,46.913179297583305,47.12257231819339,4969300
2019-10-17,47.663516998291016,47.86418671962805,47.49774389892036,47.794386819210416,4719700
2019-10-18,47.53263854980469,47.87290470579891,47.51518857664575,47.78565816824626,5027500
2019-10-21,46.73869705200195,47.829295738726366,46.69507377018159,47.80312243528276,5798600
2019-10-22,45.98835372924805,46.98297896341397,45.70916079784155,46.68633605776429,7910400
2019-10-23,45.93601608276367,46.19775909091262,45.80514291456774,45.8662161721944,6597500
2019-10-24,46.276268005371094,46.293717977613284,45.44741262919739,46.04069837246434,5610300
2019-10-25,46.040706634521484,46.346072882953436,45.67426380816066,46.319899584014266,5964300
2019-10-28,45.72660827636719,46.27627078617963,45.57828849575864,45.93600462761453,7759700
2019-10-29,46.093055725097656,46.354798694472116,45.6131897316283,45.85748605418791,8126700
2019-10-30,45.39507293701172,46.17157857135478,44.72326383146119,45.16822990325411,17324100
2019-10-31,45.76151657104492,46.11923276815759,45.36017709686831,45.578296810430736,5774700
2019-11-01,45.39507293701172,46.093058670942355,45.32527636056424,45.95345886156211,4841900
2019-11-04,45.14204025268555,45.56082954441301,44.9326439427011,45.44740640449471,6019200
2019-11-05,45.10715103149414,45.31654406299383,44.862854723754864,45.25547081811957,5747600
2019-11-06,45.56084442138672,45.84876069735697,45.168228292115906,45.27292481717395,5478400
2019-11-07,45.14204025268555,45.613176125728046,45.019890463720444,45.5172029556619,6795600
2019-11-08,45.13332748413086,45.333997206783316,44.94138108496657,45.21185070849421,3521300
2019-11-11,45.194400787353516,45.3601738880092,45.046080990179966,45.046080990179966,3506400
2019-11-12,45.429969787597656,45.5084930108915,45.229300067678366,45.41251981261653,3544000
2019-11-13,45.979637145996094,46.093060331081396,45.229304784765695,45.43870117813527,5811800
2019-11-14,46.154136657714844,46.18030996053706,45.82259373291382,46.014540162258044,5393300
2019-11-15,46.08433151245117,46.328624519697506,45.70044202560085,46.293727895978456,5060000
2019-11-18,46.31116485595703,46.59908105811372,45.918548827341844,45.918548827341844,5052600
2019-11-19,45.98835372924805,46.43331975184371,45.86620723778799,46.26754666065454,4760600
2019-11-20,45.72660827636719,46.05815111240794,45.5084886025955,45.95345127266322,4382000
2019-11-21,45.429969787597656,45.665539457479184,45.325273265953335,45.595739557554694,3848400
2019-11-22,45.194400787353516,45.65681681059876,44.871584566025675,45.639366835359084,3863500
2019-11-25,45.4037971496582,45.43869710012808,45.107154227149195,45.23802404904753,5633900
2019-11-26,45.90983963012695,45.93601626081335,45.325280353936634,45.4561501943969,7632300
2019-11-27,46.00580978393555,46.27627942808871,45.75279011633188,46.00580978393555,5210900
2019-11-29,45.84004592895508,46.32863202257378,45.56957624981391,46.32863202257378,4424700
2019-12-02,46.101776123046875,46.11049944590075,45.4735903738167,45.71788668087411,6162000
2019-12-03,46.354793548583984,46.372243521704135,45.7876810710263,46.26754368298323,8440100
2019-12-04,46.53800964355469,46.633982824107626,46.04069709727293,46.13667027782587,5537500
2019-12-05,46.948081970214844,47.0004285642863,46.42459273180455,46.590365821676826,5356100
2019-12-06,46.97425842285156,47.21855142024195,46.852111924156375,47.02660834868199,5047200
2019-12-09,47.262168884277344,47.384318696198875,46.9829759706551,46.9829759706551,5842800
2019-12-10,47.166202545166016,47.51519204912332,47.13130259629759,47.39304555632614,4258100
2019-12-11,47.052772521972656,47.35813870948734,46.93934936879213,47.30579212205158,5247300
2019-12-12,46.22393035888672,47.01788600133328,46.014537292880355,46.96553939895308,8056300
2019-12-13,46.450767517089844,46.68633383756472,45.86620505659019,46.11922467872052,6456200
2019-12-16,46.86083221435547,46.89573216265,46.54673933618919,46.660162504025294,6690600
2019-12-17,47.1923713684082,47.235994636236676,46.71250876581102,46.817205274247755,7114600
2019-12-18,47.576271057128906,47.820567400550466,47.46285120193456,47.46285120193456,6938900
2019-12-19,48.11720275878906,48.23934924711979,47.602440180650845,47.785659913146944,6582700
2019-12-20,48.3353157043457,48.44873552585456,47.98632293353241,48.082296111918154,12464400
2019-12-23,47.75076675415039,48.405125887443916,47.672243525025465,48.396402563426776,7173500
2019-12-24,47.977603912353516,48.143373662815335,47.75948424310489,47.93397731591017,1833800
2019-12-26,47.8554573059082,48.04740369273579,47.7420374666394,47.96015715049175,3565400
2019-12-27,48.230628967285156,48.27425557165958,47.81183952558319,47.92526270611996,4229300
2019-12-30,48.235008239746094,48.29639798259384,47.857897907687054,48.164846621925776,3104000
2019-12-31,48.30516815185547,48.35778601787264,48.024525035974094,48.27885587335693,5039500
2020-01-02,47.64742660522461,48.54196394279382,47.45448547393018,48.28763640530364,7272900
2020-01-03,47.56848907470703,47.85789738130753,47.322926760526876,47.35800756905119,6791700
2020-01-06,47.48956298828125,47.778971319624034,47.226460247345585,47.700041166441395,5906400
2020-01-07,47.287841796875,47.42816501864222,46.98089311298357,47.40185274181599,6716300
2020-01-08,47.40186309814453,47.726352255651044,47.279083597763176,47.384322691591414,5435400
2020-01-09,47.52463912963867,47.69127130698536,47.29662055207246,47.4369404487648,5653900
2020-01-10,47.5772590637207,47.77896870068872,47.48078851006423,47.77020017103365,4639000
2020-01-13,47.87543869018555,47.892979094779136,47.638648246407286,47.67372905559446,7528600
2020-01-14,47.52463912963867,47.94559881971569,47.39309110832786,47.910521354660276,5984200
2020-01-15,48.006996154785156,48.21747434568505,47.62988577180812,47.8228235558846,5681700
2020-01-16,48.401634216308594,48.53318556923733,48.050836184315074,48.08591699116139,5481700
2020-01-17,48.37533187866211,48.56827299712957,48.25255238345203,48.357791472847765,9336300
2020-01-21,48.708595275878906,48.97169468495669,48.094694424370424,48.199933518903435,9152600
2020-01-22,48.64719772338867,49.059385504825265,48.62088544485743,48.8839881572301,4505300
2020-01-23,48.62088394165039,48.80505650371521,48.32270377627147,48.54195379947686,6536600
2020-01-24,48.31394577026367,48.88399729295235,48.112236106440605,48.69982469077426,5916400
2020-01-27,47.96314239501953,48.366565051977396,47.87544370834938,48.121002707418164,5602900
2020-01-28,48.103458404541016,48.349020729209364,47.84913089560227,47.84913089560227,7426100
2020-01-29,47.8491325378418,48.235011424864204,47.7965113210018,48.129772336674506,5570500
2020-01-30,51.567604064941406,51.68161501214497,48.98922503261577,49.12954491167792,18286100
2020-01-31,50.322261810302734,52.120111172414475,50.12932073639675,51.27819196071672,14070000
2020-02-03,50.47135543823242,50.725686271925426,50.10301699949627,50.6818369357173,7686400
2020-02-04,50.366127014160156,50.86601691273224,50.26965644680579,50.78708675266872,7231700
2020-02-05,50.79584503173828,51.023866935008385,50.44504699319265,50.65552514722204,7629300
2020-02-06,51.23434829711914,51.32205032136454,50.427509747002375,50.45381868153092,5181000
2020-02-07,51.44483184814453,51.935953166907325,51.19050098599111,51.28697154373829,5942000
2020-02-10,51.71669387817383,51.83947334956101,51.216804118674766,51.27819385436836,5561900
2020-02-11,51.62900161743164,51.883332482192515,51.49745359273797,51.760552987615625,4446600
2020-02-12,51.699153900146484,52.20781219228163,51.13787440034645,51.8131648440089,7041400
2020-02-13,51.769325256347656,51.795637539578834,51.348365525044976,51.68162656688523,5872000
2020-02-14,52.33936309814453,52.383212431417995,51.61145145294421,51.89209120048201,4959000
2020-02-18,52.32183074951172,52.52354039001008,51.69038954761059,51.70792995271787,6972600
2020-02-19,52.006103515625,52.58492342838074,51.953485652504334,52.488452885339825,5448300
2020-02-20,51.77809143066406,52.041190815568804,51.33081946538484,51.68162087558461,5008600
2020-02-21,51.52375793457031,51.918408664443746,51.43605925926067,51.61145660987996,5709000
2020-02-24,50.63799285888672,51.497452650693106,50.523981896512225,51.03264027123875,6232200
2020-02-25,50.00654602050781,51.102796143689346,49.874994667530075,50.62044675858745,7636500
2020-02-26,49.86623001098633,50.86600966568868,49.813608796610886,50.269649284727606,9745500
2020-02-27,47.76144027709961,50.181963218897145,47.72635945869884,49.58560268804795,14101000
2020-02-28,46.305606842041016,46.761647317473155,45.21812853911747,46.63009595793868,14447200
2020-03-02,48.7612190246582,48.78753131057916,46.03375069586916,46.15653021186399,12252600
2020-03-03,48.050838470458984,49.9013093010196,47.7000370762853,48.60334614987099,13008200
2020-03-04,50.87478256225586,50.980025000040385,48.664744896627646,48.77875251932524,12787200
2020-03-05,49.86623001098633,50.25210887993579,49.18217095155632,49.8311492014027,10517000
2020-03-06,48.81382751464844,49.09446729098175,47.61233826312835,47.770198555502084,9781200
2020-03-09,47.30538558959961,48.112227445132376,45.66539629080223,46.0863559498015,15615200
2020-03-10,48.15608596801758,48.66474774393258,45.89342695111215,48.226247597312316,16742300
2020-03-11,45.902198791503906,47.086147934543206,45.086588192346746,46.84058890528844,14984300
2020-03-12,41.66627502441406,44.306047309470316,40.841896100256605,43.17471633016049,15533000
2020-03-13,44.65684509277344,44.67438549686327,41.40317540763452,43.53428599494416,15074300
2020-03-16,39.55270004272461,41.56103091575981,39.23698284191302,40.70157128721186,12679500
2020-03-17,42.815147399902344,43.60444887945003,39.22821662371803,40.21045586288508,15149300
2020-03-18,40.824363708496094,42.20125392577248,37.877642135436346,39.78950307639795,15316300
2020-03-19,39.877193450927734,41.473333278566216,37.877631056635906,41.14007232193596,15194400
2020-03-20,37.99164962768555,40.52617975255225,37.579458449769376,40.39463172558289,16245900
2020-03-23,36.77262496948242,39.482556186743395,36.123643238001534,37.99165492157718,13466900
2020-03-24,40.92082595825195,41.447024698393776,37.667156276780666,38.658167361054105,12476200
2020-03-25,40.438480377197266,41.88552872208625,40.17538098226203,40.745429113706656,12419800
2020-03-26,42.885311126708984,43.183491328587785,40.34200920800803,40.438479765305615,11595300
2020-03-27,41.99953842163086,43.20979961647075,41.32424787615825,41.58734726316948,8254400
2020-03-30,45.10947799682617,45.35650710908854,42.53330427337295,43.062656698174195,8356600
2020-03-31,44.18311309814453,45.3741501006118,44.050774157639694,45.35650468417655,9248700
2020-04-01,42.947959899902344,44.02430671946099,42.34802921675677,42.683285390401416,9069100
2020-04-02,44.44778060913086,44.712455082911546,42.39213535287985,42.568586123906485,6818100
2020-04-03,44.809505462646484,45.118291803566834,43.96254575710606,44.430137463505076,7788500
2020-04-06,45.90349197387695,46.6622279346879,45.45354570425479,46.6622279346879,9426700
2020-04-07,45.70058059692383,46.97984464534692,45.34768237476781,46.697524721414524,9592400
2020-04-08,45.6917610168457,46.07995008315058,45.135942176609916,45.89467825824501,5820700
2020-04-09,46.177001953125,47.28863635864183,45.612362041400935,45.69176473933209,7990000
2020-04-13,45.89468002319336,46.33580535594356,45.33004013575617,46.21229080125658,5398700
2020-04-14,48.09148025512695,48.179707337245134,46.43285149753392,46.81221953684443,6905100
2020-04-15,47.38567352294922,47.615060537521856,47.1121780220215,47.52683346825601,7335700
2020-04-16,47.13865280151367,47.97679159750088,47.02395927393163,47.52684187842012,7143600
2020-04-17,47.18276596069336,48.08266205812049,46.56518981161365,47.76505127484983,10669600
2020-04-20,47.191585540771484,48.03854529946208,46.644587751788094,46.82986293348578,7040800
2020-04-21,45.065364837646484,46.74163905408627,44.99478317016566,46.34462558830451,8171000
2020-04-22,46.07112503051758,46.41520220827137,45.206519891015596,45.58588453315324,5691200
2020-04-23,45.28593063354492,46.41521046721894,45.1447672888163,45.77998887801762,9781200
2020-04-24,45.35649871826172,45.55059490800018,44.950664290189145,45.374144132375996,6263000
2020-04-27,45.41826248168945,45.70940680794344,44.977137162288216,45.60353430811339,8014600
2020-04-28,45.1447639465332,46.17699895256405,44.871268400168105,45.92996984861645,8869100
2020-04-29,45.03888702392578,45.56823933938221,44.09487926504148,45.55059392564848,9774300
2020-04-30,45.38296127319336,45.52412120850973,43.883138222526256,44.58011351004679,13343100
2020-05-01,44.730106353759766,45.61235695890091,44.500719311732446,45.11829540843504,7063000
2020-05-04,44.165470123291016,44.791867296535436,43.87432578429279,44.783042905070445,6857100
2020-05-05,44.39484786987305,44.88890939461371,44.0595917150305,44.29779976987767,5221300
2020-05-06,44.236045837402344,44.9859608886145,44.19193397921787,44.78304028303166,6255700
2020-05-07,44.25368881225586,44.68599307585867,44.05959260832984,44.659523269993116,5993500
2020-05-08,44.906558990478516,45.08300642633149,44.52719094546024,44.96831626613088,5846500
2020-05-11,44.809505462646484,45.58588350996586,44.63305468261255,44.63305468261255,5329700
2020-05-12,44.465431213378906,45.188876430071524,44.465431213378906,44.87126567825156,4474500
2020-05-13,43.72434616088867,44.641884336493355,43.42438078650271,44.59777247433764,4569600
2020-05-14,43.68905258178711,43.9449060779527,43.0273645944397,43.90079085304756,5148800
2020-05-15,44.07724380493164,44.36838814900734,43.45966764686262,43.67140929396488,6039000
2020-05-18,44.96830749511719,45.38296292711656,43.85667001916002,44.76539029104974,8508100
2020-05-19,44.01548385620117,45.250636097429016,43.98019302290459,44.99478260430739,5640000
2020-05-20,43.8919677734375,44.386029325790666,43.80374405879396,44.14782125763033,6851900
2020-05-21,43.47731018066406,44.03312902260979,43.327329188284544,43.768454505427705,5844400
2020-05-22,43.84786605834961,43.89197792587468,43.2126443963254,43.25675626385047,4240900
2020-05-26,43.75080871582031,44.536011235156735,43.56553689192456,44.25369130383396,7378200
2020-05-27,44.42131423950195,44.51836233934401,43.59199992674777,43.909610666042205,9120000
2020-05-28,45.35649871826172,45.45354681313095,44.341909282561666,44.844795171022085,6826800
2020-05-29,45.98290252685547,46.14170791168518,44.906559031977444,45.506489737885445,8322200
2020-06-01,46.09759521484375,46.44167242054805,45.7270515673219,45.90349900013094,4428400
2020-06-02,46.07112503051758,46.203460594374306,45.54177267853433,46.00936776094735,7972500
2020-06-03,45.9564323425293,46.36226679715144,45.832917801167675,46.32697596661417,4967000
2020-06-04,45.250633239746094,46.406379350308995,45.206521383670676,45.8505639058247,7552000
2020-06-05,46.34462356567383,46.43285064617434,45.25945571691005,45.515309202083024,15525900
2020-06-08,47.29745864868164,47.33274948297607,46.02701553823591,46.20346634418884,9139100
2020-06-09,46.71516799926758,47.244516991033585,46.45049350338458,47.21805055110093,5131300
2020-06-10,46.85633087158203,47.235698906653575,46.485783861864206,46.74163734886949,6183100
2020-06-11,44.58012390136719,46.547542430845155,44.54483643345157,46.4152068537436,8679600
2020-06-12,44.75657272338867,45.550599612953754,44.333092837460285,45.435906092123474,6011100
2020-06-15,45.188880920410156,45.23299278131982,44.13017943098197,44.783043049691194,5158400
2020-06-16,46.388736724853516,46.60047497759653,45.585885472853136,46.48578146080807,8363100
2020-06-17,46.5034294128418,47.00631199743679,46.229933874336574,46.265221341372744,5308000
2020-06-18,46.838680267333984,46.89161651014998,46.203458815616585,46.203458815616585,6471000
2020-06-19,46.37109375,47.44743721671464,46.22993378556927,47.376858917258794,9001400
2020-06-22,46.18581771850586,46.41520475996487,45.79762866479232,46.14170586146188,3625700
2020-06-23,45.80645751953125,46.40638830132649,45.72705818259202,46.40638830132649,3716700
2020-06-24,44.67716598510742,45.532950070127946,44.3772006724057,45.532950070127946,6112800
2020-06-25,44.84478759765625,44.95947772175233,44.174275436623866,44.62422500675419,4960200
2020-06-26,44.18311309814453,45.135942027014536,44.04194976666254,44.73892857101909,10389700
2020-06-29,44.879642486572266,45.003863964000175,44.365006783192165,44.75541762436295,4445800
2020-06-30,45.36766052246094,45.4563891892303,44.84415326504569,44.986121162745675,6149500
2020-07-01,45.32329559326172,45.545120642050705,45.15470638992184,45.3055491831848,5087500
2020-07-02,45.687076568603516,46.183962381454506,45.403137466542,45.403137466542,5529400
2020-07-06,45.802425384521484,46.21058595991584,45.429761006512926,45.8911574160337,4346600
2020-07-07,45.695953369140625,45.908906874145174,45.509621167749856,45.57173190154678,4954600
2020-07-08,45.46525573730469,45.687080748272685,45.16357358699697,45.58060230596569,3881100
2020-07-09,44.595706939697266,45.4297713010085,44.36501037505094,45.36766055726596,5077000
2020-07-10,45.64271926879883,45.713704906693515,44.64007251939766,44.89738699481214,5196000
2020-07-13,45.82904815673828,46.317062498979645,45.704823308635575,46.11298389712529,5932800
2020-07-14,46.893802642822266,47.053516910187746,45.518488349202485,45.518488349202485,6908200
2020-07-15,46.64535903930664,47.50604109125494,46.45902685840466,47.337451931102976,9312400
2020-07-16,47.06240463256836,47.41732269084125,46.592133212803716,46.64537244469643,5336400
2020-07-17,47.976314544677734,48.21588596990407,47.151125208269605,47.40844304108099,5672100
2020-07-20,47.399566650390625,47.97631303198566,47.25759877896768,47.914202299786936,5034600
2020-07-21,47.949710845947266,48.62405761026147,47.417328614852956,47.42620351366805,5546400
2020-07-22,48.40221405029297,48.49094608066149,47.75448546011668,48.002928375586805,4853300
2020-07-23,48.69502258300781,48.96121189312493,48.41995837784438,48.748258414162805,5232600
2020-07-24,48.68614196777344,49.36049175127282,48.393334776481055,49.1120454908771,5456900
2020-07-27,49.316139221191406,49.3605035474706,48.402217852890516,48.66840719534683,5039200
2020-07-28,49.43148422241211,49.68880204535156,49.20965921328108,49.28951635195949,6363900
2020-07-29,50.38977813720703,51.19722116726078,49.617824541991595,50.806806921005176,9324200
2020-07-30,49.484737396240234,50.02599111270118,49.42262664695278,49.82191245293069,7897200
2020-07-31,49.23628616333008,49.404871971084944,48.41996827601173,49.14755411863166,7444400
2020-08-03,49.23628616333008,49.65331492667767,49.12093619761284,49.33388633532621,4318500
2020-08-04,49.316139221191406,49.546835748711906,48.77488564015426,49.094314205014285,4717000
2020-08-05,48.93459701538086,49.41373644942411,48.890229306956414,49.12980071636851,4589200
2020-08-06,49.23628616333008,49.27177559642803,48.26912887719655,48.26912887719655,6048000
2020-08-07,49.333885192871094,49.413742338859656,49.04994942597427,49.2096637179514,5190300
2020-08-10,49.23628616333008,49.42261838002462,48.996714719816474,49.20079334545071,4450700
2020-08-11,48.978965759277344,49.59120160428511,48.85474428795239,49.42261580531286,4752100
2020-08-12,49.715423583984375,50.05259857015796,48.82812348284009,48.84586989103673,6796800
2020-08-13,49.69767379760742,49.999355946881,49.56458082235149,49.85738807573938,3731000
2020-08-14,49.7952766418457,50.06146597338693,49.57345163476452,49.76865872412588,3934100
2020-08-17,50.15020751953125,50.30104692826266,49.564589525148705,49.67993949844907,4856700
2020-08-18,50.81568145751953,50.87779219902257,50.07034917470151,50.203445554940345,7077300
2020-08-19,50.3631477355957,50.86891186189498,50.274419087350054,50.7269406090524,7431900
2020-08-20,50.78905487060547,50.815672788199514,49.9106263574114,50.043722714943556,5137000
2020-08-21,50.99313735961914,51.22383389418676,50.60272315296146,50.60272315296146,6411200
2020-08-24,51.44566345214844,51.463409861722816,50.92215621643965,50.96652054798483,4441100
2020-08-25,51.36579895019531,51.676355996129,51.13510242830779,51.472274007621785,4781600
2020-08-26,51.7828369140625,51.81832973214856,51.055251067205404,51.3303119454188,4798100
2020-08-27,51.57875442504883,52.235354586567915,51.51664369043976,52.03127597502652,4473100
2020-08-28,51.738468170166016,51.78283249659827,51.028625408125436,51.46340393063623,3865000
2020-08-31,51.83608627319336,52.17326136336989,51.49003966857269,51.64088249238153,6261900
2020-09-01,51.6408576965332,51.844936278581216,51.099604186206406,51.818318363247336,5355800
2020-09-02,52.35957336425781,52.57252686110009,51.47227333284684,51.61424120248135,5295900
2020-09-03,51.312564849853516,52.98956144637516,50.9487685705083,52.377322229702635,9118600
2020-09-04,51.356929779052734,51.77395851663299,50.647090389232,51.77395851663299,8867400
2020-09-08,50.03484344482422,51.3569218544987,49.795272053079955,50.89552547611501,8459500
2020-09-09,51.0197639465332,51.463414067807406,50.15908162813108,50.309924429450845,7100000
2020-09-10,50.66484451293945,51.43679819173659,50.460765855201274,50.79794090853398,6721200
2020-09-11,51.064125061035156,51.23271426274661,50.496253483185534,50.8423000143888,6351300
2020-09-14,51.472267150878906,51.74733134610146,50.95763495455547,51.18833144571137,4612000
2020-09-15,51.54325485229492,51.7473334370816,51.392412098890404,51.68522271061526,5236300
2020-09-16,51.43678665161133,52.057893998951755,51.37467591687728,51.6852295905475,5677000
2020-09-17,50.762447357177734,51.16173315345392,50.27443288829879,50.966526011989586,8430800
2020-09-18,50.15020751953125,50.99314338328322,49.80416098441179,50.78018984678882,10463100
2020-09-21,49.555721282958984,49.821914085521655,49.01447093354403,49.72431050921962,6384600
2020-09-22,49.52022171020508,49.9549968805029,49.28065026778773,49.49360040452667,8876900
2020-09-23,48.64178466796875,49.85738469370858,48.56192753431981,49.32500605923618,7038300
2020-09-24,49.34275436401367,49.626690097963866,48.34010439956278,48.650661435607695,6233800
2020-09-25,49.83076858520508,49.90175421092642,48.77488278845717,48.85473992500321,4743000
2020-09-28,50.58498001098633,50.90440860622799,50.132458424248284,50.540615680487534,5477400
2020-09-29,50.393150329589844,50.93741117781454,50.232548656225596,50.91956616926436,6352500
2020-09-30,51.258609771728516,51.50843306109211,50.33961063633647,50.49129149315512,6130700
2020-10-01,51.669036865234375,51.71364768253228,50.99986439500413,51.419213565496314,5875300
2020-10-02,50.73219680786133,51.5530467492753,50.473449298838005,51.24968842232074,6198500
2020-10-05,50.92848205566406,50.98201366898232,50.58943375577226,50.81249122082983,5144800
2020-10-06,50.04518508911133,51.03556101784998,49.89350420635568,50.91957015498832,5015300
2020-10-07,50.1343994140625,50.33961189310404,49.67043943395623,50.098712802967505,4770100
2020-10-08,50.4109992980957,50.63405681711382,50.170096769125614,50.393154288143734,4483100
2020-10-09,51.124778747558594,51.28538042119096,50.57159709592901,50.785730391713905,4513600
2020-10-12,52.32929229736328,52.704027273924176,51.41029305770633,51.41921726396013,8333900
2020-10-13,52.552345275878906,52.65941191658815,52.222217744679114,52.570186879674495,5345400
2020-10-14,52.275753021240234,52.739713004687765,51.84748305273186,52.338208845590174,5130800
2020-10-15,52.052696228027344,52.18653208404197,51.419213770544125,51.570891230679315,5815000
2020-10-16,51.722572326660156,52.3738997947759,51.597660675732094,52.26683315163574,5871800
2020-10-19,51.0088005065918,52.02594582563665,50.88388881923231,51.73150821664225,3940700
2020-10-20,50.839263916015625,51.40136975712819,50.67866224712632,51.32998972491637,4131700
2020-10-21,50.696510314941406,51.08016950226727,50.53590863635907,50.553753645489046,4116900
2020-10-22,50.696510314941406,50.77681115423257,50.17901866452191,50.70543452130013,3528800
2020-10-23,50.50914001464844,51.12477747924133,50.38422836127486,51.0890874629668,3942500
2020-10-26,49.27786636352539,50.11656140413352,48.88528635797028,50.107640601011006,6983400
2020-10-27,49.081565856933594,49.75073828950738,49.010189233990964,49.18863589672804,4402900
2020-10-28,47.422027587890625,48.706837609374226,47.35957175790383,48.4302450740131,6289000
2020-10-29,47.45771026611328,47.98412607775834,46.85099362206178,47.413099448906856,5951900
2020-10-30,47.3952522277832,47.74322135076401,46.89560565266698,47.3149513991271,6574100
2020-11-02,48.4837760925293,48.715754384215934,47.82352442550438,48.1268827476098,6042900
2020-11-03,48.555152893066406,49.50984208360337,48.18041794278879,48.20718375249799,7200700
2020-11-04,49.01910400390625,49.79534638076092,48.77820154939134,49.616899739980994,8391700
2020-11-05,49.6436767578125,50.06302594782533,49.4116984549125,49.57230012753071,5744700
2020-11-06,49.82212448120117,50.303929509135415,49.62583278754187,49.83996949004178,4527800
2020-11-09,49.89350509643555,51.96348204057538,49.85781847949255,51.5262877980437,8273800
2020-11-10,50.93741226196289,51.17831477713662,49.12618640041174,49.44738635038927,7449200
2020-11-11,51.517364501953125,51.83856446042444,50.892802787237315,51.03555945886485,5867500
2020-11-12,51.276458740234375,51.57089286779125,50.85710955475773,51.57089286779125,3890800
2020-11-13,51.80287551879883,51.86533134710684,51.160468823530906,51.32107049734788,4703700
2020-11-16,52.35605239868164,52.373897405655505,51.72256996725112,52.017004073352275,5018600
2020-11-17,52.23114776611328,52.59696194922488,51.91886520752349,51.981321038523944,4674100
2020-11-18,51.53520202636719,52.66833450674037,51.5262812241665,52.40066619408553,4978800
2020-11-19,51.39244079589844,51.43705501369624,50.79464839758175,51.32106417387847,6273800
2020-11-20,50.98201370239258,51.55304026874026,50.830336259775706,51.23183697427299,4884300
2020-11-23,51.16939163208008,51.3121483028932,50.74112161964071,50.94633412121035,4934700
2020-11-24,51.58873748779297,51.77610496788146,51.17831251133609,51.31214496700475,9101200
2020-11-25,51.29429626464844,51.82963282042092,51.285372060019704,51.74933199669636,4232600
2020-11-27,51.26753234863281,51.58873567670098,51.1247756921122,51.419213210703745,2644200
2020-11-30,51.258609771728516,51.31214138882812,50.75895978941427,51.08016310636007,7659600
2020-12-01,52.15976333618164,52.36497582127153,51.29430257794817,51.56197088877901,7386200
2020-12-02,51.8742561340332,52.418517025596394,51.588742781670156,52.05270283015702,5054900
2020-12-03,52.248985290527344,52.44527355830046,51.95454778348713,51.98131359191368,7775400
2020-12-04,52.668338775634766,52.74863961629852,52.311448797697274,52.40067044128477,5384900
2020-12-07,52.115142822265625,52.63263774336739,51.86531956578151,52.570178525659756,4834700
2020-12-08,52.008087158203125,52.284676277999814,51.77610545379401,51.98131794394834,5313200
2020-12-09,51.499507904052734,51.97238863423795,51.2318362268439,51.909932817179026,8669600
2020-12-10,51.0177116394043,51.82072000032167,50.928490000896744,51.75826076906157,8654300
2020-12-11,51.21399688720703,51.41028514795382,50.571590279269046,50.69650191890434,4992600
2020-12-14,51.1158561706543,51.69580361322818,51.089086956919914,51.18723279890908,5204400
2020-12-15,51.258609771728516,51.43705643709696,51.01770728401917,51.16046393559652,5465400
2020-12-16,51.035560607910156,51.57089728766944,50.93741475578384,51.26753892818248,5727100
2020-12-17,51.68688201904297,51.83855947900226,50.94632951617201,51.071244569981495,7811300
2020-12-18,52.03485870361328,52.11515954805293,51.60658866779771,51.85641200445987,10574800
2020-12-21,51.463829040527344,51.588740701701504,50.90172316165614,51.142625681172376,5987400
2020-12-22,50.99986267089844,51.43705683424741,50.83034020946239,51.26753096922428,4886600
2020-12-23,51.16939163208008,51.508440001606566,51.15155002636751,51.32107250933699,4273400
2020-12-24,51.615501403808594,51.63334641129359,51.1426206180113,51.23184225184911,2347800
2020-12-28,51.9902458190918,52.266838361996236,51.695808266620524,51.883179165278406,3496500
2020-12-29,52.150840759277344,52.60587653184555,52.02592911204635,52.22221738472915,4479300
2020-12-30,52.02973175048828,52.36164459831468,51.948995822959816,52.09252598056276,4490400
2020-12-31,52.45136642456055,52.505188108581066,51.67989034798877,52.11945007029517,5321600
2021-01-04,51.95796585083008,53.823861353664334,51.42870116600017,52.46929568195652,9187200
2021-01-05,52.01179885864258,52.13738734005371,51.41973643054051,51.9310629174455,5421900
2021-01-06,51.91312026977539,52.325772529492234,51.72473755109583,52.02077047076034,7663200
2021-01-07,51.8144416809082,52.34370984895445,51.44664538935263,51.778561703266426,8589100
2021-01-08,52.20018005371094,52.271946853577546,51.42870748732109,51.46458746522503,6642700
2021-01-11,51.213409423828125,52.227093207259074,51.18649858546345,52.173268108500416,6761500
2021-01-12,51.41972351074219,51.60810618552556,50.91736628929126,51.44663434370307,7450900
2021-01-13,51.46459197998047,51.787535763651874,51.1506207580942,51.21341500247146,7276500
2021-01-14,51.4107666015625,51.76959034049025,51.12370624160854,51.50944081989777,7325200
2021-01-15,51.33003234863281,51.581209316341194,50.85458583143254,51.33900148803831,7410400
2021-01-19,51.25825881958008,51.760616111111155,51.150612050690945,51.57223341004791,6672100
2021-01-20,51.222389221191406,51.437686238996704,50.79179860761081,51.25827262783062,5179100
2021-01-21,50.3432502746582,51.132667859428,50.19075097800221,51.06090106898123,6938100
2021-01-22,50.45988464355469,50.755917609371245,50.16385167773813,50.29841273893292,6241800
2021-01-25,51.016048431396484,51.1775202875418,50.04722071655347,50.226634270273706,7388700
2021-01-26,51.66193771362305,51.7785570410389,50.755904196698886,50.944286894965934,4759800
2021-01-27,50.61238098144531,52.01180293109084,50.49576505216382,51.12371093041616,7583000
2021-01-28,51.240325927734375,51.66194735955513,50.585469219563,50.773851953003465,7522700
2021-01-29,49.73324966430664,50.9891412072657,49.3026591580996,49.38339509189024,14261000
2021-02-01,49.562808990478516,50.19075476616643,49.41030968231259,49.8857527278054,8868200
2021-02-02,50.3791389465332,50.92634880390267,49.5089853423864,49.88575418763639,7378600
2021-02-03,49.5897216796875,50.18178407955246,49.50898574234095,50.092079003402645,7583100
2021-02-04,50.2356071472168,50.52266748572428,49.500014602037744,49.61663393394052,7185500
2021-02-05,50.42399215698242,50.720025069487626,50.18178434366798,50.280461981169715,4961600
2021-02-08,50.25354766845703,50.63031307065782,50.03825070860723,50.33428360064707,5432600
2021-02-09,49.787078857421875,50.45090808121378,49.70634291698812,50.44193552003813,9534900
2021-02-10,49.562808990478516,50.18178220566892,49.320601187483355,50.092077132868866,12875300
2021-02-11,49.94855499267578,50.01134923813618,49.38340336150251,49.43722846705273,7487100
2021-02-12,49.50898742675781,49.957519666825654,49.32060470721638,49.89472542697851,7845200
2021-02-16,49.230892181396484,49.58971586595777,49.069420325633786,49.473099965040525,7615200
2021-02-17,49.26678466796875,49.40134572262519,48.997665980685646,49.15913787746146,9388500
2021-02-18,50.352230072021484,50.49576025151687,49.033544195262394,49.033544195262394,9498800
2021-02-19,48.719573974609375,50.34325852110135,48.6478071724069,50.20870090001593,7071900
2021-02-22,48.72854995727539,48.92590526901917,48.31590105274746,48.665755707544186,7170500
2021-02-23,49.15913772583008,49.63458427466114,48.83619393327457,48.89001903937707,8987600
2021-02-24,48.73752212524414,49.13222932350617,48.593988501843484,48.92590487291261,7121100
2021-02-25,48.47737503051758,49.22193691859821,48.36075566659045,48.60296353534828,7989900
2021-02-26,47.68794631958008,48.70163011250753,47.67897718071759,48.674715851861414,8862000
2021-03-01,48.136474609375,48.59397593857955,47.96603360869665,48.109563772959746,7076300
2021-03-02,48.154422760009766,48.57604417116458,47.67897966881273,48.29795294350488,7706500
2021-03-03,47.490596771240234,48.091631808386,47.463685929378244,48.03780670263228,10085600
2021-03-04,48.405601501464844,49.27575519571872,47.571331209908564,47.723833960358554,15288600
2021-03-05,49.85884475708008,50.15487425196426,48.54912803350258,48.54912803350258,13707800
2021-03-08,49.47309494018555,50.36118663465029,49.41030071621445,49.760155227490166,10432000
2021-03-09,49.89472579956055,50.379141443738185,49.55384375842468,49.85884582082955,8528800
2021-03-10,50.40604782104492,50.702080718067776,49.616633606375586,50.12796004484312,6147100
2021-03-11,50.477821350097656,50.78282342619004,50.03825822612966,50.18178841358316,7437900
2021-03-12,51.016048431396484,51.04296268877331,50.45090035691677,50.45090035691677,8551900
2021-03-15,51.338993072509766,51.34796563247401,50.675167360372576,51.1326686797088,6976800
2021-03-16,51.8323860168457,52.19121318774747,51.339001223377906,51.383853764233244,10309800
2021-03-17,51.95796585083008,52.137379406414745,51.62605299731725,52.029732641875526,8232300
2021-03-18,51.949005126953125,52.12841871159675,51.61709221968159,51.626061359000495,7947200
2021-03-19,52.11943817138672,52.316793426484935,51.814436150793554,51.91311377834266,17758000
2021-03-22,52.78326416015625,52.81017499441871,51.57222870994293,51.635022937907834,12187200
2021-03-23,52.5679817199707,52.926808911914215,52.41548238771403,52.76533701774261,6683800
2021-03-24,52.08356857299805,52.58592252673299,51.93106582130733,52.32577641013297,8280900
2021-03-25,52.53208923339844,52.6666468318242,51.957965178550246,52.37958651541456,6528900
2021-03-26,53.32150650024414,53.348420759121055,52.1912068662576,52.55900313197051,8498200
2021-03-29,53.98533630371094,54.03018883966897,53.151066131180706,53.23180206471683,7490500
2021-03-30,53.006900787353516,54.08904305865081,52.83556294174533,53.92672154595444,6674300
2021-03-31,52.78145980834961,53.25038828663765,52.55601362302088,52.58306950448467,7599100
2021-04-01,52.70030212402344,52.91673198820369,52.25842950137457,52.817535110455914,7649900
2021-04-05,53.04297637939453,53.49386873449992,52.77244165433844,52.84458264233675,6538200
2021-04-06,53.28645706176758,53.43975880667689,52.574046336512886,52.80851228053787,6514100
2021-04-07,53.37662887573242,53.49386183615193,53.061005643874395,53.32252400171975,7403400
2021-04-08,53.187259674072266,53.55699125291064,52.98886594492734,53.52091904033238,4923000
2021-04-09,53.07002258300781,53.39466559093678,52.63716638578094,53.25038019186116,5341900
2021-04-12,52.853599548339844,53.385652636099614,52.72735024616557,53.13315059171559,7362300
2021-04-13,52.92573165893555,53.142161454973184,52.70930530293282,52.72734140593886,7038900
2021-04-14,52.592079162597656,52.98886315999824,52.24038370853242,52.82654509199804,5782700
2021-04-15,52.94377136230469,53.25037825418799,52.66422034678779,52.76341376001419,5618600
2021-04-16,52.997886657714844,53.11511963065492,52.691279725434676,53.03395887093265,8814100
2021-04-19,52.92573165893555,53.34957147949035,52.799482377928136,53.24135830148898,7065200
2021-04-20,53.39466857910156,53.62011474277624,52.59208078682539,52.997884569446896,7610700
2021-04-21,53.71931457519531,53.926724644438906,53.47583229216092,53.53895694627699,7953600
2021-04-22,53.7012825012207,53.89967625193362,53.4668199740439,53.61110540000714,8847700
2021-04-23,53.66521072387695,54.07101456273058,53.53896140513047,53.7373551574669,6588300
2021-04-26,52.997886657714844,53.7553859351108,52.90770612467033,53.629136628884076,7693900
2021-04-27,52.952789306640625,53.15117956628061,52.745379275178124,52.85359245680312,7653800
2021-04-28,54.90065002441406,55.79341489448885,54.23332787503483,54.503862579904904,15348000
2021-04-29,54.92771911621094,55.23432612536544,54.52191521585402,54.900666669532626,8424300
2021-04-30,54.837528228759766,55.02690218802169,54.27841924422135,54.95475776161585,9065800
2021-05-03,55.378597259521484,55.712256629106435,54.92770491790674,54.92770491790674,7229000
2021-05-04,54.774410247802734,55.71226382507037,54.61208870865264,55.34253219479205,9154200
2021-05-05,55.13511276245117,55.27939816835739,54.557971138826275,54.954755145059536,8432300
2021-05-06,55.65814971923828,55.80243512568982,55.02689977599952,55.08100809343214,6330300
2021-05-07,55.77538299560547,56.307436112661314,55.495831936837,56.307436112661314,5903100
2021-05-10,55.97377014160156,56.514839528437186,55.883593057140715,56.12707531322732,6402300
2021-05-11,55.865570068359375,56.478784018762255,55.46878254748923,56.217265596377125,7675100
2021-05-12,55.51386642456055,56.036899752830514,55.38761367908173,56.036899752830514,7913800
2021-05-13,56.26234817504883,56.57797489132076,55.3425273471145,55.43270788320749,6788600
2021-05-14,56.24430847167969,56.722256682324236,56.235292138664725,56.53287928865522,5171400
2021-05-17,56.334495544433594,56.623066394922404,56.036904919846826,56.42467264519789,6976600
2021-05-18,56.072975158691406,56.53288386042754,55.973778287327434,56.28940156890755,4068100
2021-05-19,56.217254638671875,56.26234318269966,55.658149124649455,55.90163139044198,6217300
2021-05-20,56.911624908447266,57.10099884302246,56.109037189503226,56.1180535216108,6706800
2021-05-21,57.1370735168457,57.43466064972756,56.74028608628951,57.07394886926363,8476200
2021-05-24,57.42564392089844,57.732247384160814,57.173145332312814,57.28135852170161,5996400
2021-05-25,57.45270538330078,57.551902255837724,56.99279667612633,57.551902255837724,5383100
2021-05-26,57.38056182861328,57.67814899289207,57.15511565202439,57.6691326594442,6652300
2021-05-27,57.091983795166016,57.560912196116064,57.04689181350844,57.371534817245795,7659300
2021-05-28,57.290374755859375,57.569929221339095,57.23626988127542,57.290374755859375,9001000
2021-06-01,57.11001968383789,57.678141498194464,56.91162597340754,57.53385610152745,5889800
2021-06-02,57.371543884277344,57.39859976555486,57.073956710510735,57.20922235675528,6288800
2021-06-03,57.47976303100586,57.533867915844176,57.10101163695807,57.14610018766864,4715700
2021-06-04,57.73224639892578,58.047876509341926,57.4707314823687,57.59698077450699,4693200
2021-06-07,57.4166259765625,57.957695380769295,57.082966625302824,57.93966271532639,6339500
2021-06-08,57.073951721191406,57.54288015525815,56.96573508561299,57.380558641925994,6291000
2021-06-09,57.091983795166016,57.344482380279416,56.82144566536141,56.94769839795333,5561300
2021-06-10,57.38056182861328,57.58797189827078,57.08297122429884,57.11904343816162,6471900
2021-06-11,57.51582336425781,57.6060038924764,57.164127904293814,57.6060038924764,3479500
2021-06-14,57.52485275268555,57.53386908699683,57.037888139012615,57.10101279929955,4344500
2021-06-15,57.407615661621094,57.64207817734558,57.27234657637206,57.58797329527456,6101000
2021-06-16,56.577964782714844,57.5248378822844,56.55090890670308,57.11903414245885,7275400
2021-06-17,56.9837760925293,57.137081286099594,56.406634413281544,56.596008381778006,7435700
2021-06-18,56.036903381347656,56.94770789822587,55.79342108792583,56.84851102608708,16415000
2021-06-21,56.505828857421875,56.71323892449081,56.08198894991305,56.29841879035293,9008400
2021-06-22,56.6952018737793,56.848507058212356,56.39761471816949,56.50582791656983,6230000
2021-06-23,56.2082405090332,56.632076967549665,56.19922073585286,56.40663079853869,4656300
2021-06-24,56.49680709838867,56.73126958298252,55.82046864201547,56.16314431641916,5778900
2021-06-25,56.97475814819336,57.082971349984305,56.30743595040526,56.334491830879735,5676000
2021-06-28,56.9837760925293,57.24529449094961,56.87556288767928,56.89359899516025,4611300
2021-06-29,56.4989013671875,57.115187380625834,56.33576663084971,56.93392617833164,4480300
2021-06-30,56.58953094482422,56.70735124637401,56.353893798994555,56.42639620645372,5302300
2021-07-01,56.61671829223633,56.888608350834794,56.426392139674704,56.55327739380568,3955300
2021-07-02,56.734535217285156,56.961110842685294,56.66203281493735,56.76172664327655,4102900
2021-07-06,56.4989013671875,56.6982890354381,56.018562119787276,56.6982890354381,6979800
2021-07-07,57.14237594604492,57.37801654866246,56.5532813540409,56.58046932462373,4967000
2021-07-08,57.05175018310547,57.60459533023067,56.707354222109906,57.14237906150267,6660600
2021-07-09,57.11518478393555,57.29644597798887,56.933923589882234,57.006429450411446,4261700
2021-07-12,57.05175018310547,57.12425259436921,56.77986009064375,57.02455875377022,4914000
2021-07-13,57.16050720214844,57.640846494802894,57.02456042330236,57.151445696951455,5315100
2021-07-14,57.55927276611328,57.758660431142324,57.09705999213756,57.450517429401906,6923500
2021-07-15,58.112117767333984,58.15742874281359,57.41426098246375,57.432387447017355,5512100
2021-07-16,58.239009857177734,58.41120265770247,58.012434196109005,58.012434196109005,5256000
2021-07-19,58.021488189697266,58.882479790318925,57.48677298591893,58.7465330202692,8164500
2021-07-20,58.37495040893555,58.8281016827281,58.23900364388984,58.23900364388984,7253800
2021-07-21,58.021488189697266,58.7465330202692,57.9580507428827,58.692157078065286,4527900
2021-07-22,57.85834884643555,58.02148010759389,57.51395294561352,57.89460177436829,4920600
2021-07-23,58.809974670410156,59.00936234707384,57.88554561124673,58.12118276408288,5975200
2021-07-26,58.764644622802734,59.00028518417989,58.60151682785541,58.71933365127468,6054500
2021-07-27,59.11811828613281,59.453445803801216,58.646837088730074,58.83715979418667,6916800
2021-07-28,57.4595832824707,58.61058448317171,57.26925711868522,57.89460809333634,9224500
2021-07-29,57.39614486694336,57.94898654449684,57.31457749529284,57.577402619704486,7636500
2021-07-30,57.332698822021484,57.695221231443654,57.21488197763872,57.414266191277974,6402600
2021-08-02,57.51395797729492,57.876480373799055,57.37801467155822,57.43239061094498,5021600
2021-08-03,57.44145584106445,57.63177854434803,57.29644757323841,57.45051734524803,3766900
2021-08-04,55.93699264526367,57.6589653590415,55.78291941907091,57.6589653590415,8212200
2021-08-05,56.06387710571289,56.26326477591836,55.846362969373295,56.163570940815625,5693000
2021-08-06,55.9823112487793,56.29045426684229,55.828238011112795,56.1545074957995,6275200
2021-08-09,56.208885192871094,56.42639587122626,56.10012985369351,56.208885192871094,4784200
2021-08-10,56.22700881958008,56.48983737848427,56.01855965615358,56.172629424102404,5599400
2021-08-11,56.61671829223633,56.89766985463788,56.19075501082796,56.299510342813406,8304200
2021-08-12,56.544227600097656,56.81611773162764,56.39015779322988,56.81611773162764,5403500
2021-08-13,57.42333221435547,57.468646652053295,56.64391143978089,56.743605277078096,6595400
2021-08-16,57.722412109375,57.96711422946924,57.39614607318612,57.55021585772503,6865400
2021-08-17,58.057743072509766,58.112125931080044,57.50490138367332,57.75866500853399,5525600
2021-08-18,57.06986999511719,58.05773640916642,57.01549060005818,57.85835220848945,4412300
2021-08-19,57.713348388671875,57.77678929248987,56.906739648183056,57.01549498940391,5700100
2021-08-20,57.541160583496094,57.849303643210455,57.3417728809543,57.72241835969357,4215500
2021-08-23,57.187686920166016,57.58646223667524,57.069870083260746,57.486768407547935,4777800
2021-08-24,56.417335510253906,57.196756280908154,56.28138874057422,57.196756280908154,5829800
2021-08-25,56.072940826416016,56.426398286827016,55.936997510941815,56.426398286827016,5669400
2021-08-26,55.683223724365234,56.08199903249879,55.54728042526758,55.99136670916406,4632800
2021-08-27,56.091068267822266,56.29951745432046,55.57447605405064,55.68323139977358,5779300
2021-08-30,56.33576583862305,56.40827170142906,55.87355306367914,55.98230840061832,4185500
2021-08-31,56.25420379638672,56.52609389310557,55.973248737324155,56.4445265183629,7390000
2021-09-01,56.489837646484375,56.68922184964233,56.227009086333275,56.489837646484375,4335900
2021-09-02,56.118247985839844,56.643905084513534,55.900737326386285,56.643905084513534,4346200
2021-09-03,55.93699264526367,56.10918887946053,55.329768159034145,55.973242118541606,5360700
2021-09-07,54.41440963745117,55.79199002213893,54.323777301917055,55.62885527544761,7789700
2021-09-08,55.15758514404297,55.23915252868902,54.29659685217256,54.54129900611071,7162800
2021-09-09,54.930999755859375,55.20288983755847,54.85849389019564,55.20288983755847,4909300
2021-09-10,54.586605072021484,54.921936065303335,54.46878476622568,54.758801321053774,5596600
2021-09-13,55.076011657714844,55.683232764930835,54.858497503666165,54.91287690649588,7723100
2021-09-14,54.69535827636719,55.266329858907206,54.55035000462511,55.06694218878563,3858500
2021-09-15,54.84036636352539,54.9853746347794,54.43253297749656,54.65004365574262,5385200
2021-09-16,55.02163314819336,55.22102083786931,54.45066496692718,54.94006577125958,7513200
2021-09-17,55.230072021484375,55.48383906744753,54.514095688060465,54.81317370941079,16980400
2021-09-20,54.76786422729492,55.338835810735915,54.36909234369243,55.07600723739181,11213100
2021-09-21,54.57754135131836,55.41133804827837,54.4869090208206,55.003501204213194,7156700
2021-09-22,54.885684967041016,55.25726888301366,54.70442376131218,54.92193444237083,4999000
2021-09-23,55.03975296020508,55.39321039841817,54.79505085899529,54.83130379041967,6197500
2021-09-24,54.70442581176758,55.021630340730184,54.56847903805785,54.731613783601496,6647100
2021-09-27,53.89781951904297,54.87662457994303,53.82531364779914,54.52316710080495,6614000
2021-09-28,53.1999626159668,53.7437427859499,52.755872826573594,53.644048948089996,9139500
2021-09-29,53.83817672729492,54.239344034779045,52.9082027117739,53.09967050762205,7399100
2021-09-30,53.04496765136719,54.0661142103181,52.99026206717048,53.902000935735735,6778300
2021-10-01,53.07231903076172,53.37319452868183,52.58909854041367,53.199961916664385,6266400
2021-10-04,52.944671630859375,53.59200534160789,52.543507812509766,53.07231450587936,8281800
2021-10-05,53.637596130371094,53.8928818854872,52.78967875458395,52.880851244837544,8160900
2021-10-06,54.886680603027344,54.9322668508705,53.19996160876857,53.692301432693256,11222800
2021-10-07,54.60403823852539,55.01432140962789,54.51286574628379,54.759035648945286,7540700
2021-10-08,54.28493881225586,54.70433790144498,54.166411772960444,54.667867508122065,5787700
2021-10-11,54.175514221191406,54.56756215734133,54.10257693060927,54.56756215734133,5266400
2021-10-12,54.4034538269043,54.6222726744578,54.17551912145622,54.36698691731837,6343100
2021-10-13,54.6678581237793,55.06902542545029,54.129932087635716,54.65874226601748,5639000
2021-10-14,55.27872848510742,55.37902031696784,54.85932596296317,54.977852989526184,4941500
2021-10-15,54.841087341308594,55.31518843185176,54.485506306390235,55.27872152504582,10518900
2021-10-18,54.47639846801758,54.79550568708735,54.09346980513385,54.604041355645485,4434200
2021-10-19,54.51287078857422,54.61316262612129,54.09347172065736,54.61316262612129,6978000
2021-10-20,54.9687385559082,55.187553941995326,54.576690554660274,54.69521758429538,4228900
2021-10-21,54.8502082824707,54.977851163140784,54.476395498505035,54.859324140515284,5713400
2021-10-22,55.178443908691406,55.24226535953854,54.795511725600385,54.81374692270074,3822600
2021-10-25,55.014320373535156,55.524895363292266,54.81373672077208,55.34254690423561,4979500
2021-10-26,55.46107482910156,55.68900953713896,54.85932386099553,54.99608607702101,3938700
2021-10-27,55.05990982055664,55.579600698383445,54.8228592446037,55.579600698383445,5127600
2021-10-28,55.57047653198242,55.597827581039645,54.9049076735343,55.08725263792548,5106100
2021-10-29,55.37902069091797,55.76194934823501,55.2878447167893,55.54313048833399,5074300
2021-11-01,55.53401565551758,55.935179515068974,55.205789098608314,55.34255132332312,5322600
2021-11-02,55.94430923461914,55.962544433165995,55.04168603559663,55.524910102067004,5385800
2021-11-03,56.837799072265625,57.8133593467755,56.44575109525612,57.48513280992963,7451100
2021-11-04,56.609867095947266,56.91073911723911,56.23605429494358,56.318110933115506,5914100
2021-11-05,56.76485824584961,57.18426075256361,56.655450559667,56.983677096222465,4609300
2021-11-08,56.418399810791016,56.89250442005906,56.09017327529716,56.79221259221287,4321100
2021-11-09,56.74662780761719,56.85603549626339,56.226933461030406,56.41840126367089,4258400
2021-11-10,57.193382263183594,57.41220113518303,56.82868878052851,57.001917923939075,7044000
2021-11-11,56.956321716308594,57.21160745733914,56.61897586936694,57.147786022081505,3661500
2021-11-12,57.23896026611328,57.6036571742266,56.80132606318178,57.06573114766357,5176500
2021-11-15,57.30278778076172,57.39396375646375,56.99279641939052,57.21161528306754,3503300
2021-11-16,56.956321716308594,57.75864932469242,56.9198513310164,57.36660137781987,6405000
2021-11-17,56.68280029296875,56.92897018965813,56.50045531290925,56.691919628776255,10948900
2021-11-18,56.837799072265625,57.065733780852185,56.40016484914034,56.54604292351543,7297800
2021-11-19,55.178443908691406,57.093094390121855,55.08726792318963,57.0748591930215,10543300
2021-11-22,55.588714599609375,55.94429216777625,54.64962128998098,55.06902377259511,7272400
2021-11-23,55.98987579345703,56.16310490169341,55.506655375003206,55.61606304978369,6544200
2021-11-24,55.907833099365234,56.34546738554716,55.570490655893195,55.980773886066295,5120400
2021-11-26,54.93226623535156,55.98988317229777,54.78638815708339,55.64342143215796,4999800
2021-11-29,55.287845611572266,55.415488499410394,54.60404144557556,55.087261943250724,6253700
2021-11-30,53.73788833618164,55.09638079773199,53.427896977855184,55.08726146124743,10679700
2021-12-01,53.39142608642578,54.485509878493986,53.345836363416645,54.129932298271065,5762300
2021-12-02,54.21199035644531,54.58580314010298,53.50083517729356,53.6193621998214,7525700
2021-12-03,54.94138717651367,55.2240275009351,54.421696257228646,54.52198809744296,7735400
2021-12-06,55.998992919921875,56.27251733008434,55.32430818580641,55.32430818580641,5921100
2021-12-07,55.98987579345703,56.47309621191086,55.81664668522065,55.99899165051904,7717900
2021-12-08,55.50666046142578,55.95341053655552,54.731680375862254,55.91694362695852,6678500
2021-12-09,55.606956481933594,55.679893784635766,55.178438090281844,55.48842945228373,3518600
2021-12-10,56.76485824584961,56.89250460407156,55.70724133806403,56.081054120694944,6999100
2021-12-13,57.59453582763672,57.90452714530707,56.436630662522674,56.801324079894805,9512200
2021-12-14,57.79511642456055,57.83158680777953,57.4121878347827,57.55806588965147,10391100
2021-12-15,59.071556091308594,59.2356693491168,57.86806118605336,57.96835300782587,11735100
2021-12-16,59.89213180541992,60.2112390358155,58.65216631929771,58.9621542128203,10808500
2021-12-17,59.22655487060547,60.22946621456034,59.19920381806363,59.819186514401885,12439900
2021-12-20,59.06245040893555,59.217444367134746,58.70687276082378,59.053331071389586,8996200
2021-12-21,58.643043518066406,59.13538333988413,58.43334051847134,58.96215072961062,6771200
2021-12-22,59.108028411865234,59.217432616642014,58.45157535914433,58.46069469488074,5122900
2021-12-23,59.20832061767578,59.490957423186785,59.07155840481027,59.217432997455745,3943300
2021-12-27,59.73712158203125,59.773591967816934,59.06243683503314,59.21743075761118,3813200
2021-12-28,60.18387985229492,60.247701289753806,59.72801045444149,59.81918294280918,3254900
2021-12-29,60.512123107910156,60.667117076595325,60.083604642472544,60.25683033146665,4753900
2021-12-30,60.26463317871094,60.80540751908754,60.20964107437223,60.68625562872292,5563000
2021-12-31,60.77791213989258,60.860407290206304,60.20964174105435,60.292129898475785,5076700
2022-01-03,60.466278076171875,60.54876622975741,59.65052925721904,60.26463104355127,8978100
2022-01-04,60.906227111816406,61.547831923597826,60.37462048740429,60.48460468899009,7519400
2022-01-05,61.7861442565918,62.290254843455685,61.1170433773606,61.22703457464149,10723200
2022-01-06,61.75864028930664,62.26275786152588,61.38284927510926,61.91446289801466,9204600
2022-01-07,61.914459228515625,62.10693856480293,61.39201331776681,61.65781312057446,6454800
2022-01-10,61.43785095214844,62.17111171822712,61.282035312046915,62.04279213309729,6823800
2022-01-11,61.648658752441406,61.83197042687073,60.72291871292141,61.71281853778088,5295500
2022-01-12,61.74948501586914,61.89613296335234,61.254535081440004,61.57533402239617,5798100
2022-01-13,61.99695587158203,62.11610776478584,61.48367757114427,61.63949319907825,6692100
2022-01-14,62.4185905456543,62.473589654957934,61.483689602217446,61.83198466096965,6337600
2022-01-18,61.74948501586914,61.79530944006719,61.08955176996363,61.648661492584,6739500
2022-01-19,61.96029281616211,62.48273880423342,61.82280555763966,61.92362908102996,7244900
2022-01-20,62.10695266723633,62.491911427222334,61.83197812845032,61.941969342543324,10461100
2022-01-21,62.656890869140625,63.6742868095518,62.51023592610465,62.537738972593324,18880800
2022-01-24,61.96945571899414,63.161002543771545,60.548765811981994,62.886028047933095,13793300
2022-01-25,61.392024993896484,61.69448858393547,60.686260300389115,61.66699252964945,12863000
2022-01-26,61.06206512451172,61.85947875875892,60.60377885456974,60.92457784495042,10027600
2022-01-27,61.84114456176758,62.9135326541595,61.355362280234125,61.60283376582731,12175700
2022-01-28,60.87873840332031,60.98872961106267,58.56897898387164,59.696359143437235,15471000
2022-01-31,61.43785095214844,61.74032154262286,60.22797558314365,60.732093233934364,9657600
2022-02-01,61.1170539855957,61.70365982046184,60.54877652367838,61.40118922010779,6609500
2022-02-02,62.235260009765625,62.372747252109455,60.96122508363656,61.236192575432604,6882100
2022-02-03,62.27193069458008,62.748545262652435,61.8319728685274,62.07028364900979,7276500
2022-02-04,61.42869186401367,62.45525568157176,61.27287620211198,61.96947332805833,7909600
2022-02-07,61.85029602050781,62.106935121328384,61.21785895570638,61.67614506228341,6760900
2022-02-08,62.37274932861328,62.592724727951826,61.786143601782584,62.070278783965364,6590200
2022-02-09,62.29025650024414,62.86769456732058,62.134440877954134,62.766878041579844,5557700
2022-02-10,61.19953536987305,62.226098963551465,61.007056007225664,61.63032551179964,7609200
2022-02-11,61.13536834716797,61.75863777798019,60.997888099327554,61.48367028940781,8130100
2022-02-14,60.62209701538086,61.4286781971509,59.89800399171455,61.3553577209117,7225500
2022-02-15,60.3746223449707,61.172035802569035,60.099647846762466,60.76874872952679,6779000
2022-02-16,60.227970123291016,60.97039151179551,59.76051625246968,60.52127300455509,6103200
2022-02-17,60.54877471923828,60.78708551782976,59.696362048211995,60.108823852646424,7492700
2022-02-18,60.493778228759766,60.97956048052187,60.14548323518697,60.521274281819146,6050500
2022-02-22,60.92456817626953,61.107879857997496,60.26463493342099,60.997895646117684,8937100
2022-02-23,60.75040817260742,61.39201294927208,60.66792002593288,61.08954242568266,7177300
2022-02-24,59.256404876708984,60.374624282398024,57.945706113254296,59.86133900213074,10323900
2022-02-25,61.19037628173828,61.217872335279786,59.48555103323955,59.595535247405564,7561800
2022-02-28,60.01716613769531,60.438788618767774,59.27473770996769,60.09965430028021,7916600
2022-03-01,58.97227096557617,59.989666994351786,58.77979158079338,59.56804448584283,8740800
2022-03-02,59.30222702026367,59.641361300184606,58.64229731950778,58.871443898710396,7452400
2022-03-03,59.49471664428711,60.02632331099946,59.2564058670691,59.66886064161861,6539700
2022-03-04,58.504817962646484,58.89894437431066,57.936540557279486,58.69729732747423,10949600
2022-03-07,57.313270568847656,58.44065419174787,56.992471630136855,58.44065419174787,13768300
2022-03-08,55.727603912353516,57.560748800894395,55.64511225251132,57.25828171243728,13037600
2022-03-09,56.176719665527344,56.900812654663625,55.99340449788644,56.460854853747044,8709400
2022-03-10,55.1409912109375,55.645105292947136,54.70103691228659,55.56261364342222,7342000
2022-03-11,54.1877555847168,55.97507234116529,54.09609974959472,55.452626388788254,9385100
2022-03-14,54.389404296875,55.38846831491196,54.27024891038084,54.5177238685859,9806700
2022-03-15,56.066734313964844,56.16755784150397,54.618551681115335,54.84769479045104,9677200
2022-03-16,56.78166198730469,56.983305541656044,55.92924935895534,56.332539964104356,12071100
2022-03-17,57.07495880126953,57.542409146158604,56.22254626372541,56.79082012327285,7243600
2022-03-18,56.378360748291016,56.717495017416134,55.86508249698097,56.41502447951198,12832900
2022-03-21,56.25004196166992,56.72665998478182,55.99340283247348,56.40586107328627,8934000
2022-03-22,56.43336486816406,56.67167566064616,55.791763460680606,56.534188396025996,7529800
2022-03-23,55.70927047729492,56.88248555055267,55.66344255565941,56.52501937032453,7435600
2022-03-24,55.7734260559082,56.066728927966324,55.269311963086196,56.02090100979087,10921000
2022-03-25,56.38753128051758,56.6350062341037,55.87424950680792,55.91091323988276,6223100
2022-03-28,56.43336486816406,56.653343792267044,56.04840612154182,56.50669234168052,8029500
2022-03-29,57.79905319213867,57.808217377129864,56.882480849394966,56.882480849394966,9902500
2022-03-30,57.83591842651367,57.93730466280307,57.29212239947457,57.74375103859266,6171600
2022-03-31,57.86356735229492,58.1861602386646,57.6976632429529,57.88200153288408,8379600
2022-04-01,58.55483627319336,58.65622251359709,57.32899308748784,58.06634276865965,6898700
2022-04-04,58.103206634521484,58.54561640898206,57.57784480760203,58.39814648416187,6155500
2022-04-05,58.07555389404297,58.77603867737864,57.863566095811485,57.863566095811485,5364800
2022-04-06,58.2598991394043,58.61014157291032,57.80827397668935,58.11242919623767,5389600
2022-04-07,57.96495819091797,58.23224855674738,57.09857273018484,58.1953801926411,7458000
2022-04-08,58.43501663208008,58.610136074423934,57.863567579453985,58.14929210576703,7833600
2022-04-11,58.44423294067383,59.12628357270152,58.342846703322095,58.95116061147197,9693800
2022-04-12,58.683876037597656,59.29219352158461,58.33363711258565,59.061771510726835,7379200
2022-04-13,58.849769592285156,59.06176089822826,58.45344352354667,58.70229967247271,5873500
2022-04-14,58.72996139526367,59.19080540240551,58.69309303086174,59.12628752268251,6651300
2022-04-18,58.59170150756836,59.00645826385744,58.29676165084881,58.63778520093821,5777600
2022-04-19,60.10326385498047,60.37055417531228,58.61934585391917,58.74838510632634,7233700
2022-04-20,60.58256149291992,60.80376466646964,60.13092926402321,60.13092926402321,8234600
2022-04-21,60.68393325805664,61.153996097028354,60.59176586639506,60.693152106799175,6418800
2022-04-22,59.965023040771484,60.997316201311996,59.94659237358409,60.812981401750626,7740700
2022-04-25,60.628639221191406,60.80376220211172,59.467310301260035,60.47195393927419,8913900
2022-04-26,59.02490234375,60.85905955633661,59.02490234375,60.70237427874193,9883800
2022-04-27,59.034114837646484,60.51803297022442,58.923509754351926,60.40742788692985,9892400
2022-04-28,61.034175872802734,61.13556210769477,59.08941377721317,59.17236231562254,9786400
2022-04-29,59.43044662475586,60.868277685767836,59.31984153086204,60.79454095650529,10385400
2022-05-02,58.79447555541992,60.352130451230934,58.05712589383273,60.19543815445533,10049400
2022-05-03,59.624000549316406,59.80833534142983,58.65622531091697,59.08941980749726,9538700
2022-05-04,61.00652313232422,61.1079093618522,59.38435049179692,59.46729902581774,8348000
2022-05-05,60.1217155456543,60.895930144566826,59.73460121427615,60.57334072835327,8843800
2022-05-06,60.58256149291992,60.77611514876619,59.6793040670486,59.955813307927315,9037800
2022-05-09,61.089473724365234,61.48579980807527,60.12170563525053,60.27839089273757,11709000
2022-05-10,60.7576789855957,62.610274069722756,60.56412532485441,61.651717584202345,10974900
2022-05-11,60.42586135864258,61.209301762512794,60.30604445344794,60.47194857013654,9728200
2022-05-12,60.53646469116211,60.73923716478005,59.7622431584319,60.49959632942058,8676400
2022-05-13,61.181640625,61.25537734508819,60.241522055597954,60.67471649621522,7884200
2022-05-16,60.95123291015625,61.24617282759896,60.64708117448762,61.20009264070241,7955000
2022-05-17,60.573333740234375,61.061827232990936,59.48574166824162,60.960440995031526,10053400
2022-05-18,56.167659759521484,60.32447067104759,55.955671962929806,60.278390494872404,12698500
2022-05-19,56.324344635009766,56.73910486745404,54.97868122837732,55.60542924274642,10834400
2022-05-20,56.39809036254883,56.64694655729694,55.679174810583746,56.42574339482809,14293200
2022-05-23,57.18152618408203,57.53176510373944,56.69302913767851,57.19996036658413,7476200
2022-05-24,58.066341400146484,58.103209762326316,56.92344678429557,57.1170039277594,6505400
2022-05-25,57.485679626464844,58.04790986951671,56.9418835653446,57.89122459703901,8517400
2022-05-26,57.605499267578125,58.278331077108156,57.39351145218871,57.421160966729744,5930800
2022-05-27,58.76681900024414,58.76681900024414,57.60549379241166,57.872784127438926,8631200
2022-05-31,58.582496643066406,58.9327355880279,57.70689224874055,58.63779567860714,8767500
2022-06-01,57.9833984375,58.74840125089419,57.21839914006689,58.481110857108675,7621800
2022-06-02,58.103206634521484,58.121640814619056,56.65615689848573,57.92808368157477,7719200
2022-06-03,57.522544860839844,58.10320925423253,57.21838966541734,57.918870960905906,6221300
2022-06-06,57.559417724609375,58.195381194568505,57.347429901289665,57.79905506350446,4556100
2022-06-07,58.28754806518555,58.3797154546871,57.034051878585345,57.10778508699448,5929700
2022-06-08,57.71609878540039,58.21381112517038,57.61471254774793,58.06634119293785,3861200
2022-06-09,56.43495178222656,58.08477402807265,56.407302269311295,57.55019333864122,7124600
2022-06-10,56.038631439208984,56.50869430276257,55.33815008445172,55.771341067067596,8265400
2022-06-13,54.56393051147461,55.57778590896044,54.35194269258069,55.48561851499289,8704100
2022-06-14,53.89109802246094,54.93260292202809,53.29199942121983,54.85886971096063,7096500
2022-06-15,54.41646194458008,55.190680027708844,53.72519592449942,54.32429103232618,9212300
2022-06-16,54.0201301574707,54.5454919964652,53.44868462515326,53.82657653593809,7999200
2022-06-17,54.195255279541016,54.563931896692225,53.55007295750679,54.12152206568725,11416100
2022-06-21,55.135372161865234,55.37501299464824,53.72519074203765,54.6376598315871,10582700
2022-06-22,55.559349060058594,55.98332819345563,54.96025399610542,55.153807623722884,10349500
2022-06-23,56.259830474853516,56.591638682675324,55.78055234310649,55.79898652309218,6459900
2022-06-24,57.743751525878906,57.79905055271398,56.51790486361407,56.766761032253406,6571600
2022-06-27,57.725318908691406,57.89122302561188,57.21839122519469,57.28290910222369,5213300
2022-06-28,56.8865852355957,58.23224888951809,56.7391152942886,57.94652434000276,6735200
2022-06-29,57.51690673828125,57.80426081234333,56.99782007031455,57.00708795966565,5056600
2022-06-30,57.55398178100586,57.943296757719175,57.01635229581604,57.081241661280764,7291000
2022-07-01,58.71266174316406,58.9814764829422,57.05343032510072,57.05343032510072,9481200
2022-07-05,57.915489196777344,58.5828903367391,56.66411559536154,58.518004507688644,9230900
2022-07-06,57.85060119628906,58.32334129534255,57.60032577819756,57.96183353677006,8540500
2022-07-07,57.81352615356445,58.05453369822321,57.266628769623516,57.76717963682625,9442400
2022-07-08,57.87841033935547,58.239921646069824,57.61886702418744,57.81352451056346,4951700
2022-07-11,57.7301025390625,58.230653419531436,57.48909852402894,57.98037797929697,5223500
2022-07-12,57.989646911621094,58.86097343437809,57.7301000573432,58.13795788434595,5921500
2022-07-13,57.4427490234375,58.07307153588928,56.97000537109243,57.507634852424076,5062800
2022-07-14,56.4323844909668,56.719735034838344,55.8576763311981,56.58069547567841,7261400
2022-07-15,56.3026123046875,57.12759237057625,55.97817959759919,57.12759237057625,6310300
2022-07-18,55.67229461669922,56.552889168450655,55.598137350523515,56.145034812523534,6884800
2022-07-19,56.93293380737305,57.0997841128988,56.17283954265036,56.423115000938985,8699600
2022-07-20,56.96073532104492,57.46128615653044,56.562148937530054,57.28516445366757,6356100
2022-07-21,56.8680419921875,57.19247467927681,56.49726632467299,56.92365993352033,4398700
2022-07-22,57.4612922668457,57.49836736022196,57.04416652625148,57.220284711830054,4779700
2022-07-25,58.17503356933594,58.50873414537623,57.377864292810564,57.526175267049304,6353400
2022-07-26,58.341888427734375,58.490199413591476,57.44275462298131,57.887687580552615,7701100
2022-07-27,58.98147964477539,59.15759782716824,57.73937387081427,58.378964304147644,8297500
2022-07-28,59.50982666015625,59.695219780283566,58.5365392995794,58.92585424381014,5228500
2022-07-29,59.36152648925781,59.741570055912284,58.768282576412815,58.796089779823475,6196400
2022-08-01,60.1494255065918,60.40896882413944,59.24102035916254,59.25028824792674,6121600
2022-08-02,60.0289306640625,60.399709896156914,59.82500173280929,60.399709896156914,5186400
2022-08-03,60.37189865112305,60.54802038641826,59.76011889866631,59.95477641408555,5314000
2022-08-04,59.55618667602539,60.41824538083176,59.398607801561745,60.223587876136854,5672800
2022-08-05,59.11125183105469,59.463491734962275,58.51800791037624,59.463491734962275,5679900
2022-08-08,59.26883316040039,59.87134499534081,59.05563633855875,59.34298688555656,4928700
2022-08-09,59.25955581665039,59.62106356714324,59.157591366816554,59.47275614049146,3475500
2022-08-10,59.76010513305664,59.9362268277826,59.491290415010205,59.62106206206374,3597400
2022-08-11,59.593257904052734,60.34408062490406,59.444943401550155,60.075265893136674,3636300
2022-08-12,59.50982666015625,59.94549165242493,59.129783139937985,59.77864138032255,4838300
2022-08-15,60.418235778808594,60.60362182847664,59.39859836158538,59.68594886017819,4763700
2022-08-16,61.14125442504883,61.46568356470378,60.30700301448979,60.41823889323928,5257200
2022-08-17,60.72413635253906,61.030022663693316,60.455321598110835,60.97440825657896,4194600
2022-08-18,60.76121139526367,60.9373260314069,60.344082150448365,60.68705414213763,3596400
2022-08-19,60.5850830078125,60.86316914036473,60.21430385508423,60.45531136516123,5057100
2022-08-22,59.79719924926758,60.69633665967918,59.602541728254685,60.48313628598343,5429800
2022-08-23,59.06489944458008,59.685950507334134,59.000013618203155,59.537643077911746,5409800
2022-08-24,59.880615234375,59.954772494074476,58.944402814752074,59.12052100251918,5911400
2022-08-25,59.75084686279297,60.22359057942985,59.389339041842966,59.880618538414716,4375200
2022-08-26,58.14722442626953,59.954766795494216,57.998913456980006,59.84353091651775,7071900
2022-08-29,57.915489196777344,58.258457655474366,57.27589879498898,57.68375308273646,5480900
2022-08-30,57.331520080566406,57.98038198496349,57.13686257005116,57.88768894262658,4850300
2022-08-31,57.34078598022461,58.30480908607812,57.30370735245812,57.433479013628286,9945100
2022-09-01,57.4427490234375,57.48909553899756,56.515804568186354,57.0441626247985,7562500
2022-09-02,56.2933464050293,57.8876922845608,55.96891720210748,57.50764513141819,6262700
2022-09-06,55.61667251586914,56.413845387691985,55.39420426996003,56.413845387691985,8906800
2022-09-07,56.93293380737305,57.016358960135925,55.44982390938071,55.663020736216296,8278100
2022-09-08,56.49726867675781,56.775351322973926,55.709363720464026,56.55288308439342,5605500
2022-09-09,56.84950637817383,57.23882136058734,56.47872717357876,56.84950637817383,6341300
2022-09-12,57.377864837646484,57.87841217044736,56.96073911363526,57.11831797825474,5887200
2022-09-13,55.505435943603516,56.79388819322883,55.26442840084606,56.57141996422291,8652900
2022-09-14,55.839134216308594,56.05233101164027,55.551780169029,55.727898338386716,6543400
2022-09-15,55.218082427978516,55.83913706872413,54.977078418861424,55.700093982225276,6629600
2022-09-16,55.89475631713867,55.97818146906328,55.04196901836526,55.134662060053536,11923900
2022-09-19,55.96891403198242,56.04306775873024,55.477631006224904,55.8947567692217,7782700
2022-09-20,55.384925842285156,55.829858713433104,54.930721547314796,55.65374055694083,6295200
2022-09-21,55.384925842285156,56.58995281031236,55.37565795447488,55.56104399877742,8873000
2022-09-22,55.4312744140625,55.93182523871687,55.15319180125861,55.496160239183,7005900
2022-09-23,54.643375396728516,55.3849302408682,54.00378147064795,55.190272757283864,6145400
2022-09-26,54.08721160888672,54.80095931732024,53.85547547768152,54.495069462856016,7200000
2022-09-27,53.373470306396484,54.810233689921944,53.12319484691586,54.40237581402184,7415400
2022-09-28,53.89254379272461,54.18916570101523,53.076831776919384,53.753504262220176,6262700
2022-09-29,52.8801155090332,53.841235288544,52.52553108512071,53.76658368798291,7336400
2022-09-30,51.163169860839844,52.90811003586316,51.060525692970685,52.71215492970429,14651500
2022-10-03,52.58151626586914,52.777474937698635,51.18183079054431,51.545752004179526,11676200
2022-10-04,53.6826057434082,54.05585665017246,52.94544071990471,53.03875166680354,11281900
2022-10-05,53.4119987487793,53.79457929900338,52.730815358775835,53.37467294885885,4901100
2022-10-06,52.264244079589844,53.495970336953846,52.06828900484831,53.19736755121646,6069700
2022-10-07,51.56440734863281,52.208264895518745,51.27514131761701,52.11495040197819,6753300
2022-10-10,51.90032958984375,52.12428080260442,51.293801432871206,51.825681558646046,6944600
2022-10-11,52.51619338989258,52.964092276422335,51.6670510834246,51.816350712267855,7976200
2022-10-12,53.0294189453125,53.69193588510107,52.82413060244338,53.13205955716281,8280200
2022-10-13,53.82256317138672,54.149154968952665,52.133608373556896,52.34822634904075,10000100
2022-10-14,53.132057189941406,54.4197687712846,53.03874625256782,54.317124604423206,7916400
2022-10-17,53.59861755371094,54.0931754753185,53.50530661884822,53.75725041447834,7340600
2022-10-18,54.44775390625,54.7743492616322,53.92520703297225,54.233135931927556,6349100
2022-10-19,53.84123229980469,54.67171173223347,53.533299803959935,54.30779409865987,4619000
2022-10-20,53.104061126708984,53.999858881059865,52.992087297311095,53.88788505166197,5723200
2022-10-21,53.51463317871094,53.589284769930224,52.609505772471714,52.79613119093614,9719900
2022-10-24,54.81169128417969,54.849013529333185,53.93455267075636,54.27980746562264,6487800
2022-10-25,55.343563079833984,55.41821111831021,54.60639456711662,54.89566417022427,7080600
2022-10-26,55.89410400390625,56.49130252704805,55.33422771877284,55.83811530751772,6620200
2022-10-27,56.27668762207031,56.63127203992639,55.74480743570202,55.98741801421324,7547500
2022-10-28,57.5737190246582,57.67636317627264,56.379318558107194,56.603269757955374,6263700
2022-10-31,57.36843490600586,57.8443299055522,56.58461098873879,57.1351540206238,6840600
2022-11-01,57.732357025146484,58.11493756465985,57.42442808338407,57.443090982821815,8507500
2022-11-02,58.39487838745117,60.615710060659,57.85366497425293,60.606376831005704,11491100
2022-11-03,57.853660583496094,58.46019231989856,57.70436095663172,57.9376418460813,8159800
2022-11-04,58.992069244384766,59.048054376664346,57.96563125106021,58.142926995502066,7507300
2022-11-07,60.08383560180664,60.1958130108103,59.1320489827825,59.160045114825664,6480100
2022-11-08,59.645259857177734,60.373095138969816,58.75879526918342,59.906533330726866,6772100
2022-11-09,59.15070343017578,60.00917541899987,59.066722165218295,59.57993942458782,5584400
2022-11-10,60.63437271118164,60.81166134844793,59.22535412711121,60.42908438671429,8601500
2022-11-11,60.46641540527344,60.83033305946629,59.68258783681834,60.69969631791852,6384600
2022-11-14,59.81321716308594,60.96096224344341,59.77589136738994,60.653029768327066,5870400
2022-11-15,60.32644271850586,60.643701328222214,59.87854025395366,60.45707945417355,5930900
2022-11-16,60.653038024902344,61.16625888662663,60.35443873785418,60.64370479491593,4711100
2022-11-17,60.139808654785156,60.30777117493496,59.72923914266038,60.00917193013169,5152200
2022-11-18,60.64369583129883,60.73700675986518,60.00917155021311,60.335770478946614,4973200
2022-11-21,61.446189880371094,61.54883404965342,60.69969524460766,60.9329761531278,5824700
2022-11-22,61.87541961669922,61.950071208448094,61.40885784702019,61.81943448247137,4077900
2022-11-23,62.21134948730469,62.239342056590516,61.71679511213986,61.875424417538355,3235800
2022-11-25,62.23001480102539,62.35131830542098,62.04338581060751,62.21134834239958,2212200
2022-11-28,61.72611618041992,62.50993644266858,61.65146459758668,62.22067045814826,3755200
2022-11-29,61.632816314697266,61.70746079175048,61.20357319600904,61.40886152603348,3673500
2022-11-30,63.0884895324707,63.219126271838455,61.20357580301888,61.390204801521634,8415200
2022-12-01,63.53638458251953,63.94696125806677,63.16314082566021,63.22845919502742,5846500
2022-12-02,63.741676330566406,63.78833536225431,62.715241705950866,62.901870713533775,3798400
2022-12-05,62.92052459716797,63.12581292811872,62.565940192269096,63.03250199200513,4190000
2022-12-06,62.78987503051758,63.4243992332487,62.43529069808449,63.15379259040504,4819600
2022-12-07,63.48039627075195,64.20823152709384,62.96718257113116,63.09781930333776,7222700
2022-12-08,63.06980514526367,63.52704072224862,62.705887600588355,62.83652430282225,5929800
2022-12-09,62.575260162353516,63.0978141678173,62.463289897671366,63.041821916308834,4819200
2022-12-12,62.87385940551758,62.920518428584074,62.42596410841575,62.83653361089786,6225000
2022-12-13,63.07914733886719,63.91895991486679,62.58459302165835,63.68567903926508,6992100
2022-12-14,62.76189041137695,63.50838496138117,62.32332121467612,63.20978571754598,7986500
2022-12-15,61.950069427490234,62.724563651492275,61.41818931011348,62.46329020705,7717300
2022-12-16,61.73545455932617,61.95006897892087,60.91430131797636,61.511499792139475,17584900
2022-12-19,61.30621337890625,61.85675996631751,61.09159895267036,61.64213842091403,7117200
2022-12-20,61.446189880371094,61.782114958173565,61.007620633286294,61.38087151075219,5718300
2022-12-21,62.4166374206543,62.789888286797314,61.67946891779307,61.819438882492726,5608500
2022-12-22,62.26734161376953,62.36065255091497,61.55816567696149,62.23001581507772,4856700
2022-12-23,62.612586975097656,62.74322369879601,62.09004008030426,62.32332096107524,3365200
2022-12-27,62.97651290893555,63.07915707958406,62.649921056494144,62.88320196811921,3139400
2022-12-28,62.360652923583984,63.29377653895109,62.33266035418989,63.28444330943032,3499200
2022-12-29,62.85337829589844,63.003539427550926,62.41226788846343,62.449809961481115,3277700
2022-12-30,62.553035736083984,62.87213254909684,62.04622859740171,62.77828096647051,4335300
2023-01-03,62.177635192871094,62.59997098284405,61.351731069191835,62.41226777850457,6545300
2023-01-04,62.62813186645508,63.24755815880978,62.187021467132254,62.280873067741375,6086900
2023-01-05,62.12132263183594,63.00353624167715,61.97115434735868,62.87214257296851,5353400
2023-01-06,63.83883285522461,64.06408530036713,62.77829611091464,63.022316012943115,5845500
2023-01-09,63.106788635253906,64.12979060075689,63.08802117589195,63.51035703552068,4132700
2023-01-10,63.17247009277344,63.32263837276097,62.88152800081973,62.90029545560932,3560600
2023-01-11,63.416500091552734,63.65113269617745,62.82522850564922,63.416500091552734,4928700
2023-01-12,62.65628433227539,63.378949506917195,62.468573977524485,63.26633045448453,4945800
2023-01-13,62.937835693359375,62.9847650695937,62.14947372762875,62.49672533425975,4712700
2023-01-17,62.900299072265625,63.350796777713335,62.815834780229366,63.050467360887566,6245300
2023-01-18,60.60090637207031,62.7313671848556,60.46951269165634,62.628135430603386,6751700
2023-01-19,59.915775299072266,60.82614726774423,59.831307427730636,60.450740871041916,5933700
2023-01-20,60.103485107421875,60.103485107421875,59.37142899215549,59.84069417210686,7524300
2023-01-23,60.403812408447266,60.79799342722096,59.99085677330255,60.1879472826894,6108900
2023-01-24,60.854305267333984,61.01386087087655,59.84069433754553,60.441356776919626,5025000
2023-01-25,61.004486083984375,61.02325354450239,60.14103969175798,60.948176542010444,4505600
2023-01-26,60.553977966308594,60.86369471532015,60.328732676308675,60.86369471532015,5051500
2023-01-27,60.74169158935547,60.95754958202463,60.12225805821288,60.48828435919021,7141800
2023-01-30,60.854305267333984,61.41742921316719,60.45074408546176,60.80738304546016,7920700
2023-01-31,61.41743850708008,61.45498058651119,60.74169539815903,60.98571533425152,5938700
2023-02-01,62.62813186645508,63.00353826889155,61.417426885468444,61.623904703059395,8004500
2023-02-02,62.56243133544922,62.68443769299435,61.75529472912247,62.17763048713213,6776200
2023-02-03,61.85853576660156,62.75952399908888,61.49250236049868,62.712594619727035,6271300
2023-02-06,62.10254669189453,62.21517290285102,61.61451409858526,61.85853397544878,4852700
2023-02-07,61.07956314086914,61.6426799763548,60.178574772008275,61.6426799763548,8080500
2023-02-08,60.8073844909668,60.99508770376098,60.46951297960239,60.76984241632424,4792500
2023-02-09,60.3381233215332,61.35173792320792,60.27242647663312,61.17341484687096,4150000
2023-02-10,61.47373580932617,61.548819953242486,60.16917924055713,60.33811498415978,5509500
2023-02-13,62.19640350341797,62.637513916134566,61.72713832570557,61.72713832570557,5588200
2023-02-14,61.623905181884766,62.32780293254976,61.26725907221353,62.30902831603117,5053000
2023-02-15,61.652061462402344,61.661441610474114,61.1640216667718,61.586364623808045,3746400
2023-02-16,61.64268493652344,61.7177690967417,60.469521784686755,60.99509658537531,6419600
2023-02-17,62.740745544433594,62.909681275214886,61.586357351109356,61.727131159745824,7339800
2023-02-21,62.50611114501953,62.82521514285418,61.708361891058885,62.599962734823606,6742100
2023-02-22,62.158870697021484,63.294491606323106,62.008702398063285,62.571819198319325,5358300
2023-02-23,62.008705139160156,62.459202895530424,61.614524077598006,62.327809208343034,4637300
2023-02-24,61.52067184448242,61.73652983107003,61.02324470754041,61.68960760636,5240300
2023-02-27,61.605140686035156,62.21518693558193,61.492514449675646,61.95239954449578,3328900
2023-02-28,61.17341232299805,61.59574814272838,61.00447656302215,61.417432234167386,5597000
2023-03-01,60.244266510009766,60.985706358709336,59.89700769669424,60.985706358709336,5115900
2023-03-02,61.342350006103516,61.5018984620775,60.131644881722906,60.33812272376876,6635100
2023-03-03,61.67082595825195,61.89607122827328,60.65721150252895,61.257870329531166,5641200
2023-03-06,61.64268493652344,62.018098577195104,61.52067854648349,61.623917476678685,3878900
2023-03-07,60.82615280151367,61.745915742114725,60.43197175286409,61.745915742114725,4850700
2023-03-08,61.08892822265625,61.22970918690976,60.62905042248426,60.72290201184751,3015400
2023-03-09,60.77922439575195,61.661438011031315,60.507049748772616,61.417425287878494,4065900
2023-03-10,60.91062545776367,61.483129584613586,60.76045715413538,61.01386437640341,5744800
2023-03-13,61.511287689208984,62.825231775579404,61.0232478363535,61.0232478363535,11336500
2023-03-14,62.21517562866211,62.30902722836219,61.267258002729726,61.54881996224804,7653600
2023-03-15,62.318416595458984,62.50611980106087,61.070169512993395,61.60513152541889,8512800
2023-03-16,62.825225830078125,62.919077435847335,61.69898507959197,62.299643949017174,7079900
2023-03-17,62.318416595458984,62.797069078287585,61.78345458303349,62.67505555026988,13634200
2023-03-20,63.56666564941406,63.57604579769226,62.50612173965809,62.553051122723204,8081300
2023-03-21,63.660518646240234,63.75437025400279,62.99416292258181,63.64174402843651,8566100
2023-03-22,63.21942138671875,64.22364883591443,63.19126661456507,63.82008039406457,6989600
2023-03-23,63.06922912597656,63.60419107519055,62.881525942553836,63.07861643327294,6043900
2023-03-24,64.79613494873047,64.85244447728901,63.332029922862816,63.332029922862816,7200600
2023-03-27,64.90876770019531,65.46249721454306,64.88060577266299,64.94630261606727,6253800
2023-03-28,65.31230926513672,65.75341957835627,64.90874817733311,64.95567038826954,5725900
2023-03-29,66.04438018798828,66.06314764351784,65.72527616064197,65.72527616064197,4833500
2023-03-30,65.66219329833984,66.26615654249083,65.5111988873972,66.07741352881253,7116000
2023-03-31,65.7943115234375,66.07741525162152,65.54894919916337,66.00192524399176,7037300
2023-04-03,66.26614379882812,66.63418360496073,65.07708824065674,65.54893488439683,5755700
2023-04-04,66.54926300048828,66.67194776437769,66.08685519762457,66.17179135722571,4397700
2023-04-05,67.37970733642578,67.56844312848109,66.86067310856025,66.9456092548514,5789300
2023-04-06,67.04940795898438,67.8043582353451,66.87010393843745,67.62506141460628,5024100
2023-04-10,66.55870056152344,66.82293358621311,65.82262079279936,66.7380046281957,4965500
2023-04-11,66.35108184814453,66.75687030546412,66.26615289651944,66.49263730066241,5060100
2023-04-12,66.25672149658203,66.70969755629554,66.06798567159069,66.39827696523064,6794200
2023-04-13,66.47377014160156,66.5681380483711,65.79430969316526,66.34165363216225,5410000
2023-04-14,65.87923431396484,66.39826856675559,65.75655676321854,66.18121591564056,4423600
2023-04-17,66.30390167236328,66.38883062421277,65.78486741169614,66.09628796809643,5178500
2023-04-18,66.5303726196289,66.64361839899743,65.99246776729231,66.26613966757695,3782300
2023-04-19,66.39827728271484,66.74744648040961,66.28503146729243,66.671949270128,4785100
2023-04-20,67.0305404663086,67.2475931143345,66.32277042247206,66.32277042247206,4808000
2023-04-21,67.30420684814453,67.50238158005348,66.83236019127312,67.22870965509104,4546000
2023-04-24,67.7666244506836,67.84212165476059,67.28534597426444,67.33252632695533,4203400
2023-04-25,68.41777801513672,68.54045557688745,67.72887859961965,67.7666272031914,5980400
2023-04-26,68.2573471069336,68.38946361034961,67.55900878909534,67.67225459194168,5877200
2023-04-27,69.66343688964844,69.72949513054306,68.11578050313878,68.31395522582264,7665100
2023-04-28,72.40015411376953,74.16485604966884,71.42815112665325,71.60744796517771,14861600
2023-05-01,72.87201690673828,73.34386368059718,71.9000137045586,72.21142710344958,6670400
2023-05-02,73.23060607910156,73.39103222844426,72.21141548361399,72.96637308022906,7971900
2023-05-03,72.68326568603516,73.61752737684965,72.34354267096847,73.50428157195437,5957400
2023-05-04,72.93806457519531,73.13623932746034,72.43790821950604,73.06074212665195,5725400
2023-05-05,73.19285583496094,73.25891408319501,72.4473372049997,72.72100914762919,5461000
2023-05-08,73.71189880371094,73.80626671239538,72.626649854315,72.90032182936685,5676500
2023-05-09,73.50428771972656,73.67415284137192,72.9663827011513,73.51372667087635,3825700
2023-05-10,73.50428771972656,73.96669552872385,73.14568677394645,73.50428771972656,5160400
2023-05-11,73.94780731201172,74.0233045037085,72.99467506631308,73.53257995748787,3679500
2023-05-12,73.49483489990234,74.11767596167357,73.36271840797671,73.98555946974794,5085400
2023-05-15,73.3532943725586,73.85345074456256,72.96637660565162,73.72133423874301,3189500
2023-05-16,73.41934204101562,73.61751677117523,72.59832627337568,73.23059906004801,4389300
2023-05-17,72.8814468383789,73.53259040984781,72.24916676780286,73.4193518060147,4907800
2023-05-18,72.91919708251953,72.95694568831142,72.30580203787989,72.48509891562838,5040200
2023-05-19,72.72102355957031,73.20230929197702,72.41904190782327,73.00413450800026,5806800
2023-05-22,71.5980224609375,72.86256818948222,71.38096980613759,72.73989063665323,5655800
2023-05-23,71.39041137695312,71.72070264654765,70.90912569850984,71.69239299484093,4807400
2023-05-24,71.22053527832031,71.58857509334234,70.9185537070251,71.37152246406363,4553800
2023-05-25,70.94686889648438,71.19223119226876,70.20135025915387,70.72981625025027,5125600
2023-05-26,70.89968872070312,71.05068313375311,70.24854511390224,70.78645011072553,7429000
2023-05-30,68.29508972167969,70.33346359558008,68.18184392875956,70.22022500246878,10882400
2023-05-31,69.27653503417969,69.58794838020825,68.21015689839763,68.38946094596648,13628600
2023-06-01,69.46527099609375,69.57851679479606,68.86130780263316,69.4747099459379,5445200
2023-06-02,70.08810424804688,70.17304039624864,69.36146351249862,69.61625755748567,5672300
2023-06-05,70.10697937011719,70.52220674529981,69.77668813977138,70.06923077239068,6670000
2023-06-06,69.15385437011719,70.36178082552036,68.75750485190233,70.12585746470538,4865100
2023-06-07,68.12523651123047,69.03118141313495,67.97424209434135,68.21960442188113,7789300
2023-06-08,68.97454833984375,69.07835519161907,67.81380946971518,67.95536492211875,4835500
2023-06-09,68.86131286621094,69.09723623099866,68.38002718609725,68.38002718609725,4406800
2023-06-12,68.71031188964844,69.05004207845683,68.14409730823746,68.86130628458952,4934300
2023-06-13,68.6253890991211,68.9462414174428,68.36115608407741,68.48383364111635,3796600
2023-06-14,69.0123062133789,69.29541715622652,68.54045944183979,68.91793829903315,5203900
2023-06-15,69.32372283935547,69.63514341868611,69.06892876523672,69.34260074102941,4908900
2023-06-16,69.42752075195312,70.22022692447355,69.30484320612179,69.9654256833813,10884800
2023-06-20,69.1349868774414,70.06924141367699,69.1255479266241,69.72007223153584,6284000
2023-06-21,69.021728515625,69.36145868516971,68.5404429088019,69.12553535630857,6778600
2023-06-22,69.58795166015625,69.78612641690032,69.13498284468682,69.13498284468682,6226400
2023-06-23,68.98400115966797,69.93713371768924,68.83301392660735,69.91825581367489,7619000
2023-06-26,69.106689453125,69.15386981594018,68.28567338217985,68.97456571773337,4951000
2023-06-27,69.76725006103516,69.80499865923274,68.85186635421856,69.35202268067079,6508000
2023-06-28,69.09722900390625,69.55963673457882,68.65369197252667,69.2576551472281,6290100
2023-06-29,68.5707015991211,68.8363312763145,68.21020521405374,68.4853237333943,6453900
2023-06-30,69.19684600830078,69.33914247402345,68.74147560438719,68.85532001483234,8377700
2023-07-03,69.73758697509766,69.8229648455738,68.76992768250382,69.0355573744735,3931700
2023-07-05,69.46247100830078,69.64272283645776,68.90274507564483,69.22530059772224,7448800
2023-07-06,69.13992309570312,69.32017494369848,68.4379006297293,68.94070079743491,6781100
2023-07-07,68.30509185791016,69.03557368339534,68.25765487119497,69.02609207634669,6720300
2023-07-10,68.39995574951172,69.26325965433102,68.31457786241583,68.67507433771125,5702900
2023-07-11,67.2520523071289,68.37149712204447,66.8630965323334,68.30508968547608,8284000
2023-07-12,67.73587036132812,68.13431491196813,67.30895928175684,67.62202595920249,8454700
2023-07-13,68.14381408691406,68.23868081746922,67.54613993246817,67.68844364723469,5582900
2023-07-14,68.5707015991211,68.618138571991,67.92559785256603,68.27661263335209,4556800
2023-07-17,68.24816131591797,68.89326513781886,68.2007243375076,68.35251687812743,5824400
2023-07-18,68.39995574951172,68.69405202675544,67.74537023484025,68.0204815851721,5777600
2023-07-19,69.45299530029297,69.52889158311964,68.31458000936439,68.47585418197016,6206000
2023-07-20,70.0886001586914,70.24988154563609,69.70913327565341,69.72810372465857,7003100
2023-07-21,70.18347930908203,70.63884249755948,69.86092374919875,70.06963489302898,22069200
2023-07-24,70.50602722167969,70.61987163707165,70.26885678468024,70.30680492314423,6224000
2023-07-25,70.58192443847656,70.6008948890275,70.18347983609996,70.51551700474712,6928500
2023-07-26,69.8893814086914,70.55346296333038,69.67118866369522,70.2973148426704,5676000
2023-07-27,68.64661407470703,70.20245161249508,68.51379920473983,69.85143674880028,6446700
2023-07-28,71.18907928466797,72.83029465656746,70.82858282582623,71.98596847932885,10226400
2023-07-31,70.32576751708984,71.19856012852406,69.92732296453066,71.06574527767101,6476100
2023-08-01,70.53448486328125,70.83806272601234,70.1265514316863,70.43961813827788,5080300
2023-08-02,71.48316955566406,71.72982884120314,70.29731734924009,70.30680619349437,7211600
2023-08-03,71.42626190185547,71.80573611358544,71.22703956921767,71.2460100227633,7102500
2023-08-04,70.12654876708984,71.72982313883578,70.03168204569113,71.3977859950068,5070800
2023-08-07,70.44911193847656,70.68628238660433,70.18348219463229,70.33526751774286,2892100
2023-08-08,69.63324737548828,70.5060329170605,69.50043249906938,70.40167733732164,4870500
2023-08-09,70.0127182006836,70.31629608051539,69.46248103165485,69.55734776200211,5487300
2023-08-10,69.93681335449219,70.86651733102782,69.85142824113142,70.21193190530647,4137800
2023-08-11,70.17398834228516,70.4775662047098,69.90835861739698,70.10758091106311,3611500
2023-08-14,69.45299530029297,70.37321782542972,69.33915087605295,70.29732154260304,6063900
2023-08-15,68.5707015991211,69.22529418782331,68.5137830219699,69.15888676852497,4874800
2023-08-16,68.26713562011719,68.98813575304825,68.17226889580532,68.56122463684413,4065500
2023-08-17,67.54613494873047,68.47584621045658,67.50819404960187,68.29559436919395,4446400
2023-08-18,67.479736328125,67.73588447681983,67.3279509981934,67.5176844700749,5330500
2023-08-21,67.10026550292969,67.58408799960107,66.95796178831615,67.44178428498753,4787200
2023-08-22,66.60694885253906,67.21410463046011,66.51208211933911,67.02437116406021,4685400
2023-08-23,67.81177520751953,67.87818264102665,66.80616762286776,66.88206390055231,5603900
2023-08-24,67.21410369873047,68.46636337806716,67.17615555840297,67.88766690434126,4736900
2023-08-25,67.83073425292969,68.13431207475682,67.28049718903482,67.41331203371756,3890200
2023-08-28,67.87818145751953,68.24816675744648,67.5081961575926,68.22918906942252,3577000
2023-08-29,67.81177520751953,68.13432353087775,67.24256036275281,68.11535308039032,6201300
2023-08-30,67.89715576171875,68.30508922298182,67.79280018526534,67.95407435328691,3883800
2023-08-31,67.60306549072266,67.94459150964938,67.27102831617377,67.77382850018601,7116600
2023-09-01,66.11363983154297,68.05843326334677,65.87646937123509,68.05843326334677,7284400
2023-09-05,65.99030303955078,66.15158444473595,65.47801400407077,66.01876233521061,6517300
2023-09-06,66.11363983154297,66.18004727091446,65.69621750528331,65.97133610778464,4784100
2023-09-07,66.40772247314453,66.80616707089523,66.0851741524513,66.37926317871482,6177900
2023-09-08,66.23695373535156,66.40771672501627,65.68671663111341,66.39822788173859,6838500
2023-09-11,67.70741271972656,67.89714615669169,66.29387183422968,66.53104224936942,6503900
2023-09-12,67.41331481933594,67.77381847368521,67.29947765511321,67.7074110485998,4834500
2023-09-13,67.63152313232422,67.72638986018036,67.16667109932192,67.2710266713239,4026600
2023-09-14,68.66558074951172,68.8268621437748,67.70741741713564,67.83074343593242,5183200
2023-09-15,68.24816131591797,68.96915417026207,68.15328735909722,68.5896872944459,9339800
2023-09-18,68.17227935791016,68.66559074275854,67.77383471193242,68.66559074275854,3915000
2023-09-19,67.84022521972656,68.0489363358678,67.50818809762296,68.0489363358678,4048700
2023-09-20,67.96356964111328,68.3809919865006,67.54614729572596,68.05843638200993,3845800
2023-09-21,67.0812759399414,68.11534266108131,67.03384620204424,67.75483901615809,4773400
2023-09-22,66.8156509399414,67.41331779206556,66.73975466853513,67.08128065199658,5976200
2023-09-25,66.13260650634766,66.77771041105281,65.74365073735046,66.71130297547438,4516700
2023-09-26,66.94847869873047,67.29949359323437,65.89544125308699,65.96184869389927,9672000
2023-09-27,66.39822387695312,67.31844619698414,66.06618676092809,67.15717206032431,10621700
2023-09-28,66.23119354248047,66.86115219168651,66.1739272224019,66.63207234720134,6688800
2023-09-29,66.24075317382812,66.79435198199148,65.9544069538576,66.42209898319504,5562800
2023-10-02,65.37216186523438,66.13574677724178,64.9426499035336,66.04984001565037,4929100
2023-10-03,64.52268981933594,65.15264858458963,64.30316403053793,65.13355495298914,7959500
2023-10-04,65.55352783203125,65.6680677760183,64.31270392614218,64.70404327319946,5757700
2023-10-05,62.10785675048828,65.24808890860831,62.060129957953684,65.22899527876002,7626600
2023-10-06,60.47570037841797,61.47790475567228,58.4044821252745,61.44926431116512,19041700
2023-10-09,60.867034912109375,61.45880998442563,59.85528737985523,60.89566807399861,8349300
2023-10-10,60.73341369628906,61.56380822966216,60.418434325087695,61.46836192138231,9107700
2023-10-11,60.03663635253906,61.04838017473419,59.87437328380192,60.79067081218183,5996400
2023-10-12,58.261314392089844,59.97937336789221,57.98451501037105,59.9125602262419,8044800
2023-10-13,58.72900390625,59.12988638028439,58.09904885366137,58.289945096485226,7316600
2023-10-16,59.76939010620117,60.08436948199968,59.01535552128139,59.05353186052455,7588900
2023-10-17,60.64750289916992,60.69522604727968,59.578485448088756,59.616665422993684,7935800
2023-10-18,61.229740142822266,61.66879896960708,60.80022449007923,60.80976766412102,7677000
2023-10-19,61.287010192871094,62.01241525958794,60.90522131026944,61.16293071757332,8736200
2023-10-20,61.182010650634766,62.069675080132846,61.162924303393126,61.41108322796416,9887000
2023-10-23,61.0770263671875,61.71652828541883,60.76204699528775,61.01020958199154,5162100
2023-10-24,62.56601333618164,62.728272790188996,61.2392899753702,61.27746267341824,7711000
2023-10-25,62.69963455200195,63.071880225584806,62.08876948345131,62.403741550423405,6916700
2023-10-26,62.66145324707031,63.358217787642616,62.41328704257873,62.89052582240092,6808900
2023-10-27,62.05058670043945,63.04324421246715,61.907413613515956,62.327386059935364,6251600
2023-10-30,62.97643280029297,63.157778585414135,62.298747322441066,62.44192041328423,6471700
2023-10-31,63.19596481323242,63.31050475365462,62.356027096396154,63.00507219461537,5575200
2023-11-01,63.7781867980957,64.19815923191479,63.22458809571336,63.425027498558244,7991300
2023-11-02,64.87584686279297,65.6871514067142,64.11226183199267,65.38171885081138,10467800
2023-11-03,65.6871337890625,65.94483948063974,65.228981437044,65.52487438021443,9269400
2023-11-06,65.13355255126953,66.06894384885842,65.0762862227533,65.61079137446893,5600600
2023-11-07,65.37216186523438,65.69668800156741,64.98082987734252,65.52488176047002,8028600
2023-11-08,65.8780288696289,66.20255498179947,65.62986998147568,65.62986998147568,6608800
2023-11-09,65.80168151855469,66.2025603229151,65.67759478238209,65.92576097264183,7639100
2023-11-10,65.97349548339844,66.15484127874049,65.25763727092179,66.01167546191421,7076700
2023-11-13,66.14530181884766,66.58436064913533,65.8207756421477,65.88758878410265,6178700
2023-11-14,66.90887451171875,67.04250078557898,66.45072936765105,66.66070831079871,7502900
2023-11-15,66.80387878417969,67.47201740941347,66.56525940704309,66.56525940704309,7262100
2023-11-16,67.40521240234375,67.73927811419719,67.10931938719955,67.2811256507365,6440200
2023-11-17,67.41474914550781,67.76790847318667,67.01387030787411,67.76790847318667,5427800
2023-11-20,67.6820068359375,67.8919857808232,66.88024190405402,67.00432136449818,5778200
2023-11-21,67.73927307128906,68.18787868613244,67.6820067484021,67.76790623273254,6057500
2023-11-22,68.23560333251953,68.48376955385916,67.9301707839809,68.07334388406478,3647100
2023-11-24,68.35968017578125,68.60783907906492,68.18787393700048,68.37876652138564,2067700
2023-11-27,68.22606658935547,68.82738489579391,67.97790035786754,68.72239177024466,7100000
2023-11-28,68.17832946777344,68.54102830341242,67.99697640891117,68.2928693915947,5967700
2023-11-29,67.23340606689453,68.15925052595975,67.08068615187553,68.00653061094074,5163600
2023-11-30,67.82516479492188,67.85379795308909,66.75615471889263,67.08067355423437,9089900
2023-12-01,67.59609985351562,67.82517242671392,67.04250112637443,67.64382664388793,5266200
2023-12-04,67.97789764404297,68.16879025628258,67.14749948841927,67.17613265204658,6118900
2023-12-05,67.46247863769531,68.00653059114099,67.14749927462509,67.82517751263032,3992400
2023-12-06,68.0447006225586,68.13060010060953,67.3861088291603,67.76790127869678,6123300
2023-12-07,68.35014343261719,68.69375596080647,67.62473839731909,68.12107084118645,6082700
2023-12-08,67.85381317138672,68.52195190084058,67.8156404733257,68.24515250633512,5321900
2023-12-11,68.48377227783203,69.70550252058145,68.35014598766173,68.57921858765559,6648300
2023-12-12,68.98008728027344,69.08508039021379,68.31195592800357,69.0659940438999,5850100
2023-12-13,69.78185272216797,69.91547899365042,68.95145465045366,69.0087282540073,5504100
2023-12-14,67.48155975341797,69.70549418870509,67.3574802936872,69.70549418870509,8149600
2023-12-15,67.48155975341797,67.8347190678474,66.85160835821112,67.20476767264054,15088700
2023-12-18,67.82516479492188,68.24513720026764,67.38610604482629,68.01606465284495,5243900
2023-12-19,67.81562805175781,68.1306000866319,67.53882870795279,67.6247281859861,5096700
2023-12-20,66.17393493652344,67.49111142647641,66.08802816430568,67.16659253208698,9276100
2023-12-21,67.25249481201172,67.27158844311273,66.33619713550124,66.45073707584753,5538100
2023-12-22,67.96834564208984,68.31195814356892,67.52928684177454,67.60564679367785,4109000
2023-12-26,68.4455795288086,68.62693258110218,67.76790138877112,67.95879397280677,4002900
2023-12-27,68.92283630371094,68.97056310324957,68.28333796958157,68.50286377045,4061500
2023-12-28,69.37889099121094,69.465299044512,68.83161801137241,68.91802606467347,4095300
2023-12-29,69.54209899902344,69.75332841508833,69.23485820980129,69.26366088922865,4658600
2024-01-02,70.89588928222656,71.01110734638128,69.48450645362912,69.48450645362912,6321800
2024-01-03,70.35821533203125,71.4623645724487,70.28140329395718,71.39515587043368,5610000
2024-01-04,70.35821533203125,70.9150916202695,70.1277865430082,70.17578857290513,5218700
2024-01-05,70.17578887939453,70.51183971613645,69.70532796323468,70.14698619629075,3733200
2024-01-08,70.77106475830078,70.88628280544522,70.18538583774728,70.18538583774728,5596700
2024-01-09,70.79987335205078,70.82867603494289,69.74373346987855,70.17578836365838,5078800
2024-01-10,70.16619110107422,70.82867477137142,69.91655564513088,70.7614660707558,4675800
2024-01-11,69.8781509399414,70.14698574745547,69.39808669075225,69.94535964181992,5221500
2024-01-12,70.20460510253906,70.45423326166956,69.82055220169238,70.28140982254854,4494000
2024-01-16,69.94536590576172,70.31981546764708,69.65733172557286,70.08938665845604,6040900
2024-01-17,70.37742614746094,70.46383420148199,69.6573297298206,69.80134315318902,4650700
2024-01-18,70.00296783447266,70.43502270089944,69.7533323898801,70.43502270089944,5121600
2024-01-19,69.94536590576172,70.21420073735123,69.53251032147789,70.05098063605756,6427700
2024-01-22,70.20460510253906,70.54064864382997,69.7533434934342,69.88776090995057,5210200
2024-01-23,71.44316864013672,71.63519141930041,70.27181064171951,70.32941601042872,6295100
2024-01-24,71.00149536132812,71.43355755538086,70.87668130092997,71.22232812609268,6612800
2024-01-25,71.52957916259766,71.64479722919322,70.94390014316981,71.32795303995525,5003800
2024-01-26,72.14405059814453,72.39368604430106,71.31833955141028,71.62558036006497,9517300
2024-01-29,72.70093536376953,72.79694675423904,72.00964163206973,72.26887311885739,9821900
2024-01-30,73.29621124267578,73.45943866611505,72.34568601299833,72.6049248280374,10329200
2024-01-31,72.26886749267578,72.98896385293648,70.64625534202365,70.83827810801358,19236200
2024-02-01,73.48822784423828,73.53622986861579,71.10710621412554,71.81760649681623,9887200
2024-02-02,73.80508422851562,74.121921082662,73.03697845892555,73.83388691296534,8314800
2024-02-05,72.32648468017578,73.63226008066265,72.2208699547541,73.4114272933629,8487700
2024-02-06,72.24967193603516,72.4705047211865,71.59678424214341,72.30727730381405,6191700
2024-02-07,71.6447982788086,72.75854363808332,71.58718558206691,72.54731417549678,6067800
2024-02-08,71.77921295166016,72.18246518743588,71.4719721065168,71.6159855298656,4848800
2024-02-09,70.25260162353516,71.51037495822911,69.92616144481408,71.48156494963675,7424900
2024-02-12,70.56945037841797,70.71347112994448,69.9453653386029,70.15659479748183,5776400
2024-02-13,69.11005401611328,70.9246963308867,68.72600114349896,70.68466420115267,8809200
2024-02-14,68.56277465820312,69.35007967728772,68.14031580521187,68.87961147274797,7769400
2024-02-15,68.75480651855469,69.11005672153966,68.59158642199384,68.6491917913213,5890400
2024-02-16,69.11005401611328,69.20606540296704,68.22673021154056,68.70679447100865,7077700
2024-02-20,70.27180480957031,70.45422423707623,69.36928170696622,69.61891715932032,7733400
2024-02-21,70.85749053955078,70.97270127843032,70.49263699923337,70.6846671060319,7316400
2024-02-22,71.17432403564453,71.38555348054837,70.08938145296489,70.21419552259022,7953300
2024-02-23,71.03031921386719,72.04805321679187,71.03031921386719,71.08792458755723,6732600
2024-02-26,70.3678207397461,71.08791713619229,70.22379999541698,70.95349972820495,7264100
2024-02-27,70.21420288085938,70.78068257203064,70.09899213534656,70.34862030075764,8864100
2024-02-28,70.27180480957031,70.61745164353789,70.0221693572162,70.32941017349862,4628000
2024-02-29,70.15660095214844,70.90550013554572,69.77254802278563,70.68467464567235,9569500
2024-03-01,69.48451232910156,70.06058804818778,69.28288619368139,69.95497331174862,5652800
2024-03-04,68.65878295898438,69.41728526322511,68.45715687687455,69.12924381724063,7258200
2024-03-05,68.0155029296875,68.94682879472352,67.8522828343223,68.38995980317166,8569500
2024-03-06,68.764404296875,68.98522974491374,68.10191330236084,68.10191330236084,5228900
2024-03-07,68.16912841796875,69.11965365048734,68.10191971112803,68.94683021501126,8339400
2024-03-08,68.98523712158203,69.35968668238279,67.56425092295345,67.90029446146698,7227600
2024-03-11,69.5133056640625,69.69572510002392,69.02363807237825,69.03324140854438,5065300
2024-03-12,68.8796157836914,69.4940974309378,68.7451983811812,69.33087734577526,5862300
2024-03-13,68.63958740234375,69.35968380869498,68.5627826861512,69.1868603781627,6781100
2024-03-14,68.13072204589844,68.65879568636029,67.67946044863096,68.55318095826792,7898500
2024-03-15,67.92908477783203,68.22672223986221,67.34340586369633,68.16911687952049,16858300
2024-03-18,68.46675872802734,68.74519686284852,67.9962978296324,68.16912124692834,8754500
2024-03-19,69.36929321289062,69.5517199958536,68.70680211703566,68.80282083977414,9590900
2024-03-20,69.00443267822266,69.67651964697176,68.44755643257423,69.4172881947967,6713900
2024-03-21,69.33087158203125,69.47489230851892,68.6587846253534,69.1292454950279,5859200
2024-03-22,69.5133056640625,69.80133982225384,69.08124343897667,69.37888825853337,6006000
2024-03-25,68.02510833740234,69.7629460460247,68.0155050005592,69.74373937233841,6786800
2024-03-26,67.24739837646484,67.99629740500419,66.91135487970986,67.87148334198058,11413100
2024-03-27,67.71590423583984,67.95740175976931,67.45509015276062,67.66760915300569,7119600
2024-03-28,67.61930847167969,68.17958451065434,67.45509191988634,68.07332500774812,9931100
2024-04-01,67.3874740600586,67.76420962411505,66.75957899665786,67.76420962411505,8426000
2024-04-02,66.90447998046875,67.64828915462579,66.75957998370777,67.42611554685628,6886100
2024-04-03,65.65835571289062,66.74026003068249,65.58107472735679,66.63400788797401,8755200
2024-04-04,65.89019012451172,66.33454472852614,65.61005208438779,66.21863062221298,13595000
2024-04-05,65.67766571044922,66.10270371848628,65.33957064492867,65.64868718625027,10258400
2024-04-08,65.30094146728516,65.99645564821384,65.23332244246826,65.68733905334787,8835200
2024-04-09,65.55208587646484,65.65834537235894,65.04976691952561,65.61970488567752,8120000
2024-04-10,64.41221618652344,65.22364428287123,64.06445918239748,65.02078725878428,6858500
2024-04-11,64.50881958007812,64.96283611950571,63.958205501817396,64.5764385942533,11259600
2024-04-12,64.42188262939453,64.460523118086,63.76500906147893,64.10310412512969,7433500
2024-04-15,63.62976837158203,65.0884080665275,63.00187335399763,64.9821485695554,10783500
2024-04-16,63.73603057861328,63.90024712821835,63.27235208393582,63.7939876267281,8581200
2024-04-17,64.24800872802734,64.39290872854373,63.755351674239655,63.97753265768749,6755500
2024-04-18,64.88556671142578,65.04012869705748,64.2866574419057,64.39291696454723,8695700
2024-04-19,65.79358673095703,65.84188918424083,64.80827269535702,65.12705119922288,11020800
2024-04-22,67.04937744140625,67.06869400094783,65.90950881054064,65.93848733481286,10426900
2024-04-23,68.34380340576172,68.37278193119887,66.87550161422605,66.89481817454416,15893900
2024-04-24,68.88475799560547,69.10693898176423,67.48407517000365,67.53237762740521,16596900
2024-04-25,68.39210510253906,69.0682952549694,68.17958609179813,68.8654382092403,10654100
2024-04-26,68.20857238769531,68.72054604285148,67.85115334073687,67.91877236368353,7145100
2024-04-29,69.38706970214844,69.40638626111945,68.33413667520071,68.34379863964595,8544800
2024-04-30,69.49333953857422,70.16952975193682,69.3774180577461,69.58027512175488,11058400
2024-05-01,68.28584289550781,69.40638758519056,67.11699575259682,69.31945201328328,11297500
2024-05-02,68.10230255126953,68.8364570962508,68.05400009794617,68.45005957942278,7423100
2024-05-03,67.51304626464844,68.33413636064746,66.97209417691627,68.27617931408172,8093500
2024-05-06,67.55169677734375,67.74489187451366,66.91413969082606,67.68693481934679,5653400
2024-05-07,68.47904205322266,68.52734450933204,67.6579518888036,67.9477445156997,4316400
2024-05-08,68.0346908569336,68.64326203670481,67.75455281134735,68.47904546961233,6514900
2024-05-09,67.81250762939453,68.23754566660146,67.54203155841564,68.23754566660146,5201700
2024-05-10,68.77849578857422,68.86543873450407,67.58067006516708,67.66761301109695,5363900
2024-05-13,69.3194580078125,69.49333653658314,68.78816045603546,69.04898193415156,5541500
2024-05-14,69.48367309570312,69.609249164402,68.85577801236849,69.55129211268253,4924700
2024-05-15,68.90408325195312,69.65755443442119,68.85578079362244,69.51265442934954,5926100
2024-05-16,69.47400665283203,69.5802661540827,68.88475209859465,68.90407602786911,5330100
2024-05-17,68.80747985839844,69.52231048744436,68.73986084443355,69.44502950865026,5827800
2024-05-20,67.880126953125,68.94272205093223,67.83183186590118,68.84611713664414,4955200
2024-05-21,68.2568588256836,68.47903240467483,67.62896383433099,68.20855637637992,4251900
2024-05-22,67.83181762695312,67.98637219151428,67.00106565392073,67.6772556924733,5372100
2024-05-23,66.5084228515625,67.61931303977136,66.46012776420052,67.35849893224001,4526800
2024-05-24,65.97712707519531,66.92379325030508,65.91916265738887,66.37317918562134,3723600
2024-05-28,65.2719497680664,66.04474478426404,64.8372571776549,65.61970678836339,6177700
2024-05-29,64.65371704101562,64.99181209864948,64.3735790304277,64.71167408806157,5173300
2024-05-30,65.58106994628906,65.62937240120641,64.75031783716595,64.8952178319981,5823300
2024-05-31,66.19930267333984,66.21862660316606,65.04011746104173,65.27195302951738,7977100
2024-06-03,65.05943298339844,66.09304211502183,64.92419495645106,65.94814212331542,6077900
2024-06-04,65.77426147460938,66.11236390093504,64.66337877069188,65.13671184966051,5178600
2024-06-05,65.66801452636719,65.92882862762373,64.84691699184533,65.55209305363091,5103000
2024-06-06,65.87086486816406,66.44079546875759,65.30092689765121,65.50378392684142,4769400
2024-06-07,65.50379180908203,66.06406788279024,65.34923721249505,65.55209426609558,4189100
2024-06-10,65.01113891601562,65.54242906735385,64.19970337172327,65.1270530152575,6263400
2024-06-11,65.2816162109375,65.34923522674963,64.528145071911,64.75998064470684,3807700
2024-06-12,63.851951599121094,65.37821790429393,63.75535405181456,65.28162035698739,6274300
2024-06-13,63.851951599121094,64.12242767954758,63.301337472561336,63.65875650450802,7197000
2024-06-14,63.610450744628906,63.900250741428884,63.28201762684766,63.8519482853222,5029100
2024-06-17,63.8326301574707,64.17072523215563,63.146778043132734,63.504189677834,5837600
2024-06-18,63.91956329345703,64.13208229512705,63.47520873083772,63.56215167239346,3795100
2024-06-20,63.81330108642578,64.28664152276997,63.67806306744723,63.7553440411262,5817500
2024-06-21,64.24800872802734,64.93386086922344,63.967870692341016,64.20936823656162,11563900
2024-06-24,66.0930404663086,66.18963800172996,64.48950074253918,64.59576024247855,10297100
2024-06-25,65.54243469238281,66.59536786035443,65.23331811800885,66.09304882079645,6501600
2024-06-26,64.37358093261719,65.08841155701138,64.31562388385865,64.95317352996166,5372400
2024-06-27,64.33494567871094,64.7889622507175,64.1610671483663,64.74065979287498,4751600
2024-06-28,63.620384216308594,64.41758308085147,63.20234045702072,64.31064113657418,10899600
2024-07-01,63.425941467285156,64.82590335496177,63.40650084873516,64.02870448386868,6769800
2024-07-02,64.19397735595703,64.23286601131144,63.289836516411754,63.377337845272315,9997100
2024-07-03,64.49535369873047,64.54396637113265,63.86343346101662,64.02870467958017,3462500
2024-07-05,65.11756896972656,65.19533886645267,64.13565077818693,64.4661932367184,6198200
2024-07-08,64.32035827636719,64.99116708925796,64.09675039390257,64.602288007766,7929800
2024-07-09,63.425941467285156,64.20369971982825,63.40650084873516,64.04814510241867,5389900
2024-07-10,64.09675598144531,64.13564463470972,63.406499074819436,63.503716999354374,6904200
2024-07-11,63.50372314453125,63.970379611609765,63.10512739019075,63.87315426041426,7454000
2024-07-12,63.542606353759766,64.12592132465797,63.464829046372735,63.71760158675445,8426600
2024-07-15,62.56068801879883,63.48427685185627,62.473194111244595,63.48427685185627,7712200
2024-07-16,63.999534606933594,64.04813985795484,62.39541297819676,62.434301629364825,7576700
2024-07-17,65.25366973876953,65.59393618550376,64.27175163483454,64.27175163483454,7404200
2024-07-18,65.0592269897461,66.47862947690288,64.65090725041037,64.83562650178942,5688200
2024-07-19,64.60228729248047,65.38004544685292,64.30090953085559,65.15643756686411,5012600
2024-07-22,64.6897964477539,65.38977738806902,64.25230465143078,65.29255946130355,4325800
2024-07-23,64.1745376586914,64.78701730050244,64.00925901674802,64.52452814465562,3431100
2024-07-24,64.55369567871094,64.79674422613286,63.55233685009314,64.23286981597329,5401400
2024-07-25,64.54396057128906,65.84670441862987,64.446742652473,64.88422699577114,6593700
2024-07-26,64.57312774658203,64.94256623677532,64.07731411593112,64.1648080211335,5778500
2024-07-29,65.23422241210938,65.6231015342815,64.24258769696014,64.36897025933385,6616800
2024-07-30,65.18561553955078,65.40921602260411,64.44674596748955,64.94256702138281,7697900
2024-07-31,66.44947052001953,67.69387787992244,66.01198610723436,66.59530113003223,11087900
2024-08-01,66.41057586669922,66.77029034995178,65.52588310240557,65.76893162473108,8359500
2024-08-02,68.71467590332031,68.88967112939909,66.78001181635355,67.96608974674841,10308900
2024-08-05,67.09111022949219,71.36876532650159,67.05222157929873,70.7660023743804,10618800
2024-08-06,66.55641174316406,67.8397077461507,66.51752308643685,66.86751357972892,7453100
2024-08-07,67.48971557617188,67.83970606076892,66.69251667620142,66.88695995500682,6031100
2024-08-08,68.32579803466797,68.53968191677143,67.12027946501918,67.12027946501918,6236900
2024-08-09,67.78137969970703,68.49107730041212,66.80918551564297,68.18969947687322,5609400
2024-08-12,67.35360717773438,68.0730287468293,67.21750059485838,67.85915227177591,5429500
2024-08-13,68.3841323852539,68.51052237075055,67.48971555479045,67.62582214128477,4958800
2024-08-14,69.22021484375,69.92019576117984,68.5007933085036,68.70495317321196,7575400
2024-08-15,68.32579803466797,69.34660477479733,68.11191415256451,69.13272089269387,5534700
2024-08-16,68.17024993896484,68.48135174047786,67.79109485015998,68.43273907073282,5130900
2024-08-19,68.91883087158203,69.02577280310781,68.13135611875718,68.49106314547892,3934900
2024-08-20,69.00634002685547,69.32715844062957,68.50079494452558,68.65634955978165,3817000
2024-08-21,69.12300109863281,69.84242267736808,68.94800585869693,69.24939108246308,3845800
2024-08-22,68.86051177978516,69.31744420613094,68.64662788513371,69.26883153289106,3630300
2024-08-23,69.2493896484375,69.31744293937817,68.75356857601126,69.21050099400678,4586600
2024-08-26,69.40493774414062,70.13408333530383,69.30771981543603,69.51187969089143,3516800
2024-08-27,69.26882934570312,69.86186833769213,69.18133543733703,69.71603773982966,4236000
2024-08-28,69.26882934570312,69.60909579588068,69.09383411171862,69.26882934570312,3363500
2024-08-29,68.76329040527344,69.40493463982655,68.52024188575668,69.40493463982655,5462600
2024-08-30,69.81324768066406,69.97852629520466,68.67578249849561,68.94799562750158,6158200
2024-09-03,70.24102020263672,70.40629141120833,69.45354539464682,69.93964242027062,7366700
2024-09-04,73.17704010009766,73.57564320573667,70.45490131385603,70.4646253308172,9422000
2024-09-05,72.98261260986328,73.62426429214165,72.44790287463132,73.17704846780988,7607800
2024-09-06,73.21593475341797,73.82842177890814,72.97288623022405,73.12844084534926,8019900
2024-09-09,73.60481262207031,73.92563844737008,72.78817315830963,73.01177364218366,8018300
2024-09-10,73.04093933105469,73.94508013168696,72.83677946217027,73.73119624506931,4770100
2024-09-11,72.28262329101562,73.10898671756254,71.68958435046099,73.10898671756254,5327500
2024-09-12,72.31179809570312,72.46735271974548,71.42710527753361,71.99097966380805,5807700
2024-09-13,73.16732788085938,73.30343445745747,72.17568577449941,72.3506810040187,3603100
2024-09-16,73.42981719970703,73.86730898322276,72.895114909524,73.63397706511351,4731100
2024-09-17,73.01177215576172,73.82841902014871,73.00204813836667,73.5756464886418,3533600
2024-09-18,72.96317291259766,73.40065730712983,72.43818718880748,72.99233754993278,4622200
2024-09-19,72.70066833496094,73.13816009856122,72.47706786185014,72.99232951069446,5091100
2024-09-20,72.2145767211914,73.39093069472669,72.12708281227874,72.6909497544159,11330200
2024-09-23,72.49651336669922,72.94372176032425,71.67014986940835,72.47707274839044,5274000
2024-09-24,72.09791564941406,72.71039524209642,71.98124969103318,72.34096416643514,8149600
2024-09-25,72.00069427490234,72.54512802675067,71.82569903631762,72.39929742505466,4949700
2024-09-26,72.25346374511719,72.57428957172968,71.97152657178368,72.00069120742987,3961500
2024-09-27,72.13679504394531,73.02149518360453,72.04930114033168,72.64234010010827,4697000
2024-09-30,72.07809448242188,72.75318695426812,71.60847077859907,72.44010199687484,5792600
2024-10-01,71.41279602050781,72.30313589997216,71.3345303707863,72.06832402173757,5307600
2024-10-02,70.7181396484375,71.3932322028539,70.463755756775,71.2856085357865,5047600
2024-10-03,69.6223373413086,70.63985785386569,69.53427823155731,70.63985785386569,4997100
2024-10-04,69.96477508544922,70.05282673348351,69.2701180476635,69.41687079438734,4378600
2024-10-07,69.4657974243164,70.0430448340206,69.27012210752663,69.95499318082567,4354600
2024-10-08,69.31903076171875,69.63211571820415,68.82983505067693,69.46579096793813,4186300
2024-10-09,69.51471710205078,69.66146985128782,68.8298385926282,69.27011923394298,4317100
2024-10-10,69.60277557373047,69.88651002428999,69.22120345924516,69.84737346581261,4572300
2024-10-11,69.13314056396484,69.86693412093825,69.05486745973283,69.86693412093825,4338500
2024-10-14,69.00595092773438,69.20163370539767,68.41891752381393,69.00595092773438,5143600
2024-10-15,70.2485122680664,71.12905864120225,69.20163366787328,69.27012077388461,5888600
2024-10-16,70.35614013671875,70.5028928979937,69.78867124467169,70.30721757327032,4231300
2024-10-17,69.58320617675781,70.78662354178309,69.48536105511661,70.5909482275702,5208500
2024-10-18,70.03326416015625,70.22893947098578,69.38752219825645,69.56363296381689,7374000
2024-10-21,68.9081039428711,70.26806733925608,68.87875339632855,69.95498240191277,4811700
2024-10-22,69.8082275390625,69.84736409228775,68.53632314964628,68.73199845123823,5687600
2024-10-23,69.0353012084961,69.78866683662027,68.99616465311637,69.34838618699928,6588700
2024-10-24,68.4384765625,69.27011523771652,68.40912601434584,68.78091952972287,4756800
2024-10-25,67.73404693603516,68.79070408465233,67.6753383700591,68.53632766871686,6176400
2024-10-28,68.03734588623047,68.53632764189048,67.52857812548915,67.91015767831252,4821900
2024-10-29,67.65576934814453,68.20366616410575,67.57749624171171,67.75360699891843,8407600
2024-10-30,68.28193664550781,68.64394415044191,66.33493985118085,66.83391409030543,10475200
2024-10-31,67.000244140625,68.34063553699505,66.98067213313323,68.14496024927985,7207800
2024-11-01,67.02960205078125,67.47966123359392,66.74586762725129,67.27419991956212,6470400
2024-11-04,66.8828353881836,67.32310852372699,66.28601604873705,67.31332998438343,5704400
2024-11-05,67.55793762207031,67.694911838073,66.54040954281119,66.89263108811376,5383800
2024-11-06,64.93584442138672,67.69490806269256,64.69124655437544,67.52857584007866,9758600
2024-11-07,64.29988861083984,65.14130587230879,64.17269294242169,64.98475965411247,6511600
2024-11-08,64.76951599121094,64.82822455861466,64.1433460121608,64.29989223919081,4864500
2024-11-11,64.67167663574219,65.13152183491593,64.23140344670144,64.28031854296444,7972400
2024-11-12,65.08260345458984,65.2978507926704,64.37816779978337,64.89671413359457,6304000
2024-11-13,64.5738296508789,64.75972639761555,63.95744578235264,64.62275220460971,5389200
2024-11-14,64.14334106445312,64.97497976846529,64.05528941694183,64.74994645060137,6837300
2024-11-15,63.09646224975586,63.9280934857814,62.528997151969136,63.908528941260464,7203200
2024-11-18,62.460514068603516,63.28236308525359,62.343108132587055,63.272577080096234,6983600
2024-11-19,62.489864349365234,62.58770573917878,62.030022880177455,62.323539585083296,5621700
2024-11-20,63.027976989746094,63.11603610400061,62.26483283403494,62.48008015272979,5232700
2024-11-21,63.389984130859375,63.50739379429513,62.568135148145366,63.03776260508662,6971800
2024-11-22,63.00841522216797,63.693286298628585,62.64640767344742,63.164953983415444,7125100
2024-11-25,63.536746978759766,63.693285738630934,63.02797921397511,63.145388882279605,10733800
2024-11-26,63.47803497314453,63.86939304842119,63.06711235314453,63.56609408573563,8706000
2024-11-27,63.654151916503906,63.96723691422821,63.556314254315396,63.68350246870694,5044800
2024-11-29,63.5465202331543,63.86939119573195,63.45846858765178,63.65414388734685,5096000
2024-12-02,63.82047653198242,63.85960562055704,62.998623845764584,63.65414431513614,9985400
2024-12-03,63.4095458984375,63.859605058426474,63.29214370467858,63.859605058426474,6626700
2024-12-04,61.902828216552734,63.04754816727885,61.64844434649483,62.81272884205564,8301800
2024-12-05,61.873477935791016,61.93217903508456,61.080979504922894,61.65823061900201,10781000
2024-12-06,61.50168991088867,62.48986367764527,61.41363452713671,61.93218082463862,6789300
2024-12-09,60.11237335205078,61.76585740143888,59.02636190525129,61.43320413697034,19609200
2024-12-10,60.415672302246094,60.807030376867935,59.17311470742905,60.07323678615239,9728100
2024-12-11,61.756065368652344,62.910571274788346,61.6386594433189,62.71488851212081,12901700
2024-12-12,61.27666091918945,61.99088626898833,61.12011842789473,61.40384912743258,8041500
2024-12-13,60.59178161621094,61.374494014503256,60.474375689533865,60.94400312850926,7120400
2024-12-16,60.16128921508789,61.237518269102196,60.12215266309213,60.61134836623809,9072600
2024-12-17,60.01453399658203,61.03206203939471,59.91669634073238,60.12215765737705,10314300
2024-12-18,58.72305679321289,59.98518269204751,58.66435196108083,59.58404233647999,14385800
2024-12-19,57.98926544189453,58.8991698478564,57.959914890820734,58.48824347148615,13497300
2024-12-20,58.106666564941406,58.94808379385039,57.822932153841,57.86206870687563,34652200
2024-12-23,57.999046325683594,58.45889152025213,57.62726024676218,58.08710170906337,8443400
2024-12-24,58.703487396240234,58.73283794561285,57.74466421664038,57.84250186939389,5885500
2024-12-26,58.55672836303711,58.96765472385781,58.41975415351931,58.458890708315046,6103500
2024-12-27,58.90895080566406,59.006792194171474,58.36105395909197,58.41975505992907,7608200
2024-12-30,58.27299880981445,59.026360709146786,58.05775148650025,58.83068166361273,7580200
2024-12-31,58.904144287109375,59.1013797448024,58.312441675983735,58.55898505761166,6904400
2025-01-02,58.67732620239258,59.40709628437097,58.460366817651035,59.1704129772026,6158900
2025-01-03,59.0323486328125,59.2986159397154,58.697049479151836,59.05207255502236,7035800
2025-01-06,57.41502380371094,58.86469632668586,57.316404194082864,58.76608047901124,9337400
2025-01-07,57.48405838012695,58.29272040772362,57.01069551728649,57.01069551728649,11236800
2025-01-08,57.48405838012695,57.57281415203165,56.8726280572486,57.395302608222266,8332500
2025-01-10,55.472259521484375,57.41502252543966,55.432811678511406,56.724700321226074,11668000
2025-01-13,55.393367767333984,55.89631839605519,55.196136062376425,55.5215713851193,17172000
2025-01-14,56.310508728027344,56.320372570313786,55.20599539502153,55.3341990110702,10313600
2025-01-15,55.856868743896484,57.0106937427429,55.77797681685552,56.53733089463657,8839500
2025-01-16,57.198062896728516,57.27695858232368,55.23557598001233,55.51170711764205,10572800
2025-01-17,57.060001373291016,57.93769521808649,57.0205535289971,57.6122561455919,12663200
2025-01-21,56.803592681884766,57.385435203372154,56.45843345810131,56.665528992371385,11346900
2025-01-22,55.53143310546875,56.96138172153533,55.35392156822744,56.34995518323389,14606200
2025-01-23,56.17244338989258,56.211891233978236,55.334197393816396,55.75825231285356,8942300
2025-01-24,56.62607955932617,56.823315008216525,56.02451689504285,56.07382481677712,7383400
2025-01-27,57.52350616455078,58.46036804682523,56.921939684721586,57.622122016804845,11645300
2025-01-28,56.12313461303711,57.77990641992741,55.827283310796716,57.454467354095584,10769000
2025-01-29,56.34009552001953,56.79373444656902,56.103412214628676,56.103412214628676,9170600
2025-01-30,57.602394104003906,57.65170202671551,56.4485729123482,56.70497636762057,9024200
2025-01-31,57.188201904296875,57.65170088293442,56.290784185717854,56.290784185717854,10121600
2025-02-03,56.6162223815918,57.188204836495125,56.06396384878377,57.188204836495125,8130400
2025-02-04,55.344058990478516,56.241476777275516,55.10737944338566,55.896317536951116,12538200
2025-02-05,56.63594436645508,56.7641479747126,53.20406104028307,53.49991233768606,25658800
2025-02-06,57.030418395996094,57.78976872155683,56.42885192653973,57.25723786183227,14019100
2025-02-07,57.641845703125,57.99686878890866,56.88249160563299,57.24737477182014,15972800
2025-02-10,57.72073745727539,57.81935707077952,56.7148399712549,57.77990922537787,9511900
2025-02-11,59.614192962646484,59.663500888676154,57.38543859135067,57.61225806065005,12175900
2025-02-12,59.762115478515625,59.83114732588989,58.72663400594822,59.08165708498928,10929200
2025-02-13,60.31437301635742,60.35382086047337,59.55501894591608,59.722670402432115,9058900
2025-02-14,59.97907638549805,61.330133126633804,59.80156484147103,60.37354731932557,10040900
2025-02-18,60.33409881591797,60.59050228674355,58.99290216986764,59.693084495923635,10760300
2025-02-19,61.073726654052734,61.11317449788917,60.20589289941843,60.36368051281072,7674400
2025-02-20,61.31040573120117,61.744324486225544,60.768011049374124,60.86663065822213,9533500
2025-02-21,63.77584457397461,63.96321996464873,60.90607956340493,61.31041058682012,16291500
2025-02-24,64.45630645751953,64.86063371707053,63.184141623289975,63.618060410629255,16269900
2025-02-25,64.96910858154297,65.35371565120235,64.10127859532048,64.31823797285281,12045100
2025-02-26,62.57271194458008,64.5943669517479,62.405060486352085,64.4957511024045,9542900
2025-02-27,63.09538269042969,63.32220215338459,62.21768884100966,62.30644461016188,6944600
2025-02-28,63.3419303894043,63.815289479735235,62.769947925006264,63.815289479735235,8634600
2025-03-03,64.87049865722656,65.09732189732998,63.15455868793663,63.15455868793663,8668900
2025-03-04,64.38727569580078,66.48782276983988,64.26893215436895,65.39316946429496,13041600
2025-03-05,65.38330841064453,65.53122842183814,64.27879134232141,64.34782318884741,9321500
2025-03-06,65.83694458007812,66.31030364391066,64.7817392422309,65.21565046342627,10713500
2025-03-07,66.80339813232422,68.71657734044253,65.70874482498927,65.74819267219772,13950500
2025-03-10,67.20773315429688,69.62385549383602,66.92174190398322,67.33593301523435,14133200
2025-03-11,66.91187286376953,67.54302332443432,66.37933825185107,67.38523947122161,10840600
2025-03-12,64.0815658569336,65.97501742283495,63.96322231259937,65.79750586828746,8773100
2025-03-13,63.79556655883789,64.60422853341066,63.76598255746069,63.83501440197641,8727900
2025-03-14,63.42081832885742,63.943489104356644,63.1841387845366,63.37151416590691,6784700
2025-03-17,64.19002532958984,64.35768053185721,63.01648405715553,63.26302741612413,7012100
2025-03-18,63.75612258911133,64.60423245834832,63.598331206970855,64.29851353642796,6062000
2025-03-19,63.11510467529297,63.539159585786365,62.602293998371806,63.08552067380151,8181800
2025-03-20,63.065799713134766,63.440546718085876,62.69105270818366,63.23345117401562,6013600
2025-03-21,63.61805725097656,63.80542510755212,62.819255328282836,63.0164907889181,25429800
2025-03-24,64.05197143554688,64.1703149745371,63.36165293453897,63.65750802006085,7514400
2025-03-25,63.79556655883789,63.98293440886241,63.25316812056668,63.86459840335361,7459100
2025-03-26,65.41288757324219,65.61998309749804,63.7856998553389,63.7856998553389,9110100
2025-03-27,66.56671142578125,66.68505495470018,65.57067408145716,65.9750088290001,9020800
2025-03-28,66.78367614746094,67.43454679886256,66.09335012602048,66.99077169672088,11578500
2025-03-31,67.37950897216797,67.56819388732458,66.75388028324018,67.37950897216797,12950700
2025-04-01,67.18090057373047,67.80652927866709,66.78367275210017,67.72708219904293,8847000
2025-04-02,65.67144012451172,67.24048594266142,65.21463075527022,67.18090441777935,11356900
2025-04-03,67.42916870117188,68.5215395556007,66.74395088113884,67.22062579431197,13777300
2025-04-04,65.85018920898438,68.64070919269797,65.5026177025405,67.9356334006288,13787000
2025-04-07,64.7776870727539,66.22756226750084,64.18184151679708,64.72803075092718,15963400
2025-04-08,63.61579132080078,65.95942716324309,63.248358043611354,64.86705632262792,12421600
2025-04-09,65.73102569580078,66.18783504050934,62.70217206877704,63.04974736098638,13380300
2025-04-10,65.5224838256836,66.49568405211507,64.26128603594256,65.98921838036524,10703600
2025-04-11,66.5850601196289,67.2206215796839,65.58206161253045,66.12824321725478,8840600
2025-04-14,67.8263931274414,68.12430830378811,66.05872974456018,66.23748188096434,6728400
2025-04-15,66.56520080566406,68.13424662205689,66.4162394171347,68.02500877556808,5782500
2025-04-16,66.01901245117188,67.29013536153303,65.67143338770641,66.78366972251752,6266300
2025-04-17,66.85318756103516,67.37951120868927,65.90977810691822,66.01901594810953,10777600
2025-04-21,67.2901382446289,67.38944330566376,66.44603386109688,66.83332890267616,7637100
2025-04-22,67.81645965576172,68.61090769439336,67.32985956915695,67.50861170373486,6720500
2025-04-23,66.91276550292969,68.06472537513534,66.41623264280453,67.26034456620944,6369500
2025-04-24,65.06566619873047,66.47582535637474,65.02595023507003,66.47582535637474,8277000
2025-04-25,65.13517761230469,65.44303314070464,64.1619774394655,65.43310036198459,6454700
2025-04-28,64.6485824584961,65.28414396824823,64.3208689241421,65.1351825820427,6660800
2025-04-29,65.19477081298828,65.26428511542504,63.844200728653355,64.61879083480324,8194000
2025-04-30,67.6575698852539,68.38251124925384,66.93263609774472,67.59798836203143,15854800
2025-05-01,67.39937591552734,67.7370146374964,66.43610091527721,66.74394887665964,9414200
2025-05-02,67.28020477294922,68.10445116638512,66.64464329708045,67.92569902776637,7395000
2025-05-05,67.32986450195312,67.45896032886003,66.53540882862693,67.29014096063773,6310600
2025-05-06,67.0418701171875,67.4688886877361,66.6942986240643,67.28020377297337,5436100
2025-05-07,66.71415710449219,67.21068997738168,66.44603268678762,67.11138491810185,6841600
2025-05-08,66.7538833618164,67.13124563304262,66.25735046870739,66.5552656586784,7143600
2025-05-09,65.90977478027344,66.64464129406825,65.85018568486453,66.39637486325337,5136200
2025-05-12,65.37351989746094,66.19776628524983,64.90677778446023,65.74094937463909,7069800
2025-05-13,63.69524002075195,64.98622859570332,63.0199549714143,64.92663949548857,10361300
2025-05-14,63.09939956665039,63.625723209439606,62.9901617264688,63.44697106882341,7455300
2025-05-15,64.68830108642578,64.72802462482939,63.35759285586604,63.516483221235326,7310000
2025-05-16,64.86705780029297,64.93657210328408,63.88392477899271,64.88691578265153,8015200
2025-05-19,65.2642822265625,65.36358728614927,64.54927367515312,64.78760733345945,6356200
2025-05-20,65.41324615478516,65.84026474649997,65.20470324857429,65.35365705551727,6235700
2025-05-21,64.8074722290039,65.51254799430234,64.56913099664278,65.51254799430234,6250400
2025-05-22,65.03587341308594,65.34372894554977,64.48969180011656,64.54927332024295,6956600
2025-05-23,65.68136596679688,65.96935593412728,64.66844226833318,65.12525158932584,6737500
2025-05-27,66.43610382080078,66.52547610646928,65.57213384355127,65.79060953272868,6600500
2025-05-28,66.15804290771484,66.69429932120616,66.01901430901233,66.54533794359907,4550200
2025-05-29,67.00215148925781,67.15111287622567,65.9991528985979,66.13818150603699,6967400
2025-05-30,67.02201080322266,67.52847649837797,66.84325865060849,67.23055371852402,12140800
2025-06-02,67.0418701171875,67.1014516370114,66.19776575489107,66.70422382637474,5004500
2025-06-03,66.57512664794922,66.82339307746432,66.36658375633534,66.72408802095632,5156100
2025-06-04,66.16796875,66.81346300821268,65.73102496834827,66.6744344081657,5978000
2025-06-05,65.90977478027344,66.34671854649432,65.31392928512554,66.2474134894664,6266000
2025-06-06,65.69129943847656,66.33679367713161,65.393376689408,66.15804154298853,6279500
2025-06-09,66.23748779296875,66.38644918268277,65.20470599766453,65.52248676002529,4182000
2025-06-10,66.77374267578125,67.03194190676548,65.98921977984169,66.23748623134823,4827900
2025-06-11,66.48574829101562,66.7538802837656,66.35665247229659,66.39637601109251,6854400
2025-06-12,67.64764404296875,67.66750202502496,66.03887474275155,66.54534041482762,6146800
2025-06-13,66.46588897705078,67.95548755782154,66.37650912242964,67.49867823556399,6528800
2025-06-16,66.74394989013672,67.11138695476227,66.15804471906175,66.58506330576526,5516000
2025-06-17,65.8899154663086,66.72409469266337,65.44303887909452,66.52547698329751,7817700
2025-06-18,65.8899154663086,66.49568622101536,65.53241116594096,65.92963900818177,7003100
2025-06-20,67.83631896972656,68.23354678509318,66.32686236312192,66.79360447794092,12997700
2025-06-23,68.02500915527344,68.32293193399512,67.32986610691084,67.94556207074886,4783400
2025-06-24,67.95549011230469,68.13424225177617,67.45895723338283,68.02500441229412,6374600
2025-06-25,66.81346130371094,67.95548841195402,66.65457472620658,67.54832782471047,5384700
2025-06-26,67.28020477294922,67.84625194916018,66.88297695640863,67.22062325223978,6805800
2025-06-27,67.30999755859375,67.37951186034319,66.74395036535101,67.16103617584763,9119500
2025-06-30,67.44000244140625,67.69999694824219,66.77999877929688,67.4000015258789,9028300
2025-07-01,68.95999908447266,69.41999816894531,67.48999786376953,67.55000305175781,12038700
2025-07-02,69.55999755859375,69.80999755859375,68.58999633789062,68.9800033569336,8959600
2025-07-03,68.98999786376953,69.5199966430664,68.80000305175781,69.47000122070312,3342900
2025-07-07,68.81999969482422,69.02999877929688,68.02999877929688,68.95999908447266,7336000
2025-07-08,68.19000244140625,68.55000305175781,67.8499984741211,68.48999786376953,6727800
2025-07-09,66.8499984741211,68.3499984741211,66.1500015258789,68.30000305175781,11457400
2025-07-10,67.1500015258789,67.38999938964844,65.9000015258789,66.55000305175781,7360000
2025-07-11,67.18000030517578,67.36000061035156,66.01000213623047,66.75,6171100
2025-07-14,67.63999938964844,67.66000366210938,67.0199966430664,67.18000030517578,5324800
2025-07-15,66.73999786376953,67.52999877929688,66.69999694824219,67.4000015258789,5092700
2025-07-16,67.47000122070312,67.5199966430664,66.48999786376953,66.80000305175781,5336200
2025-07-17,69.80000305175781,69.8499984741211,68.26000213623047,68.30000305175781,9140000
2025-07-18,69.80999755859375,70.49500274658203,69.37999725341797,70.0,10405178
