Price,Close,High,Low,Open,Volume
Ticker,NVDA,NVDA,NVDA,NVDA,NVDA
Date,,,,,
1999-01-22,0.03760909661650658,0.04477220721196326,0.03557899803521256,0.040116001039421055,2714688000
1999-01-25,0.041549164801836014,0.04202597052457743,0.03760908723966376,0.040593715625643546,510480000
1999-01-26,0.038325220346450806,0.042862222889199324,0.03772829253162644,0.04202597672817915,343200000
1999-01-27,0.03820602968335152,0.039399882287525036,0.03629513383989911,0.038444432657869856,244368000
1999-01-28,0.03808591887354851,0.038444440566945695,0.03784751584998413,0.03820603754338132,227520000
1999-01-29,0.036295127123594284,0.03820602261344119,0.036295127123594284,0.038085903990547676,244032000
1999-02-01,0.037012167274951935,0.037250570186319255,0.036295124225612,0.036295124225612,154704000
1999-02-02,0.0341467410326004,0.03725057348278479,0.03307209181318057,0.036295127437525956,264096000
1999-02-03,0.03486287221312523,0.03534059699188354,0.033429701292707996,0.03366902311494792,75120000
1999-02-04,0.03677283972501755,0.037728285446975963,0.03486285689885002,0.03534058146775733,181920000
1999-02-05,0.03784749284386635,0.03820601431933134,0.03641523784113603,0.03736976822114911,136848000
1999-02-08,0.03653442859649658,0.03820600493261161,0.03653442859649658,0.038085886365306104,154080000
1999-02-09,0.03510129079222679,0.037488996650638644,0.03462356584733621,0.037250590195355,86976000
1999-02-10,0.03474367409944534,0.03605672644641976,0.03414674610603622,0.03510128025920318,148224000
1999-02-11,0.037728309631347656,0.03916056539084756,0.03486287924644095,0.03486287924644095,132240000
1999-02-12,0.03987759351730347,0.04011599641060539,0.03820601666775632,0.03820601666775632,109728000
1999-02-16,0.040116000920534134,0.042265302663792234,0.036056719219702826,0.040593725626322734,211008000
1999-02-17,0.037966690957546234,0.039638267633121976,0.03725056348669442,0.03916054303076001,67728000
1999-02-18,0.038563620299100876,0.03963826927464551,0.03748897132355624,0.03916054465249973,70704000
1999-02-19,0.03987759351730347,0.04059372106268713,0.037728292015674576,0.03820601666775632,75360000
1999-02-22,0.040116000920534134,0.041071450332111334,0.037966699177276034,0.040593725626322734,205248000
1999-02-23,0.04202597215771675,0.04286221822779242,0.038683737641872704,0.04107144180978582,138096000
1999-02-24,0.045369137078523636,0.05014546207873505,0.04429448786447744,0.048234566581915196,612768000
1999-02-25,0.04393688589334488,0.048712295893073305,0.04321983930081706,0.04728003702358139,149136000
1999-02-26,0.041906777769327164,0.0458468559865849,0.04154917170988661,0.04441460084952134,172608000
1999-03-01,0.04214610531926155,0.043936885772148826,0.04011600646347924,0.042981436228554395,92160000
1999-03-02,0.04178757965564728,0.04226530438084371,0.04107145200066189,0.04202598258543623,55248000
1999-03-03,0.038922157138586044,0.042025990109635425,0.038683754166114186,0.042025990109635425,61392000
1999-03-04,0.03808591887354851,0.04107146815605362,0.03772831263027261,0.04083214626650929,57360000
1999-03-05,0.04023520275950432,0.04035440250769029,0.03844442261320569,0.03844442261320569,78768000
1999-03-08,0.04083212837576866,0.04202598070245986,0.03844442372238626,0.03916055134528551,75888000
1999-03-09,0.04214610531926155,0.04274303327550986,0.040712934419727544,0.040712934419727544,143184000
1999-03-10,0.041429053992033005,0.04274302486440635,0.040832126153249985,0.04274302486440635,235344000
1999-03-11,0.03963828086853027,0.04142906128422916,0.03963828086853027,0.04071293357425893,54288000
1999-03-12,0.038922157138586044,0.03987760676003956,0.03820602935538742,0.03987760676003956,90768000
1999-03-15,0.040593720972537994,0.04107144562355882,0.03963827167049634,0.03987759342874468,108816000
1999-03-16,0.03928067535161972,0.04130985874708723,0.03892215376612246,0.04083213397775359,79152000
1999-03-17,0.039519086480140686,0.04035441406989975,0.03856363682637078,0.03963828626247937,51360000
1999-03-18,0.03999679908156395,0.04059372350833107,0.038683743650411724,0.03963827414660478,46320000
1999-03-19,0.040116000920534134,0.041309853252215034,0.03987759800043043,0.03987759800043043,105312000
1999-03-22,0.038922157138586044,0.04107145935396494,0.038922157138586044,0.040951340709874946,36672000
1999-03-23,0.03653442859649658,0.03916053507810901,0.03581830127107462,0.03916053507810901,163968000
1999-03-24,0.036295127123594284,0.03653444550376043,0.03486286839407967,0.036295127123594284,60864000
1999-03-25,0.03677283972501755,0.03820601001588327,0.03605670888845934,0.03617591202228479,40320000
1999-03-26,0.03999679908156395,0.04011599882746792,0.03725056960782228,0.03725056960782228,88272000
1999-03-29,0.041190650314092636,0.04214609623591118,0.04047451932773419,0.041190650314092636,65952000
1999-03-30,0.037728309631347656,0.04166838956090355,0.037488991176684784,0.04130986789600431,69504000
1999-03-31,0.040354397147893906,0.040832121774452265,0.03713136564105369,0.03892214213364763,153600000
1999-04-01,0.039160553365945816,0.040593727551272565,0.03844442570609482,0.040354405754239056,30432000
1999-04-05,0.037966690957546234,0.039638267633121976,0.03772828808905638,0.03868373729378031,98640000
1999-04-06,0.037012167274951935,0.03844442247425089,0.036295124225612,0.03832522272649575,69696000
1999-04-07,0.040116000920534134,0.04035440384063784,0.03701216863128002,0.03725057155138373,89280000
1999-04-08,0.04083212837576866,0.04202598070245986,0.03987759783376211,0.040354403671976714,130128000
1999-04-09,0.040116000920534134,0.041071450332111334,0.03987759800043043,0.041071450332111334,48624000
1999-04-12,0.03844442591071129,0.03963827830535869,0.03772829824704878,0.03963827830535869,33312000
1999-04-13,0.036892034113407135,0.03916053463108311,0.03629510991276478,0.03916053463108311,36144000
1999-04-14,0.03581831604242325,0.03760909623501537,0.03581831604242325,0.03677284999742287,48288000
1999-04-15,0.03677283972501755,0.03677283972501755,0.03581830603666464,0.03677283972501755,35856000
1999-04-16,0.037966690957546234,0.038563618702081345,0.0365344360158426,0.0365344360158426,38928000
1999-04-19,0.036295127123594284,0.03844442554384378,0.035818317846931784,0.03844442554384378,31296000
1999-04-20,0.03557901456952095,0.03772831390211561,0.035220489448179015,0.03629514253033512,67680000
1999-04-21,0.0361759252846241,0.036295128462150245,0.03534059442385869,0.03557900077891098,37488000
1999-04-22,0.03462354466319084,0.036295121514546114,0.034265938614922734,0.036295121514546114,227184000
1999-04-23,0.03295288234949112,0.034623543704988984,0.032713564012932336,0.034504340553579614,126048000
1999-04-26,0.03128131106495857,0.033429693788527226,0.03056426462492041,0.03295288456666522,123504000
1999-04-27,0.03462354466319084,0.03486286300637273,0.031519712719518984,0.03199743737211747,226944000
1999-04-28,0.034385163336992264,0.03486288487337461,0.033310510203033696,0.03486288487337461,120096000
1999-04-29,0.034385163336992264,0.0346235663800853,0.03366903534165794,0.03450436315060931,48144000
1999-04-30,0.03486287221312523,0.036295131099536325,0.03450435062055496,0.03474367244279489,99312000
1999-05-03,0.03510129079222679,0.035220490604009724,0.034146756352627816,0.035220490604009724,33840000
1999-05-04,0.033191289752721786,0.035101269508101204,0.03247516220263999,0.035101269508101204,96048000
1999-05-05,0.03390742093324661,0.03390742093324661,0.03151971626700155,0.03342969622688114,144576000
1999-05-06,0.03325088694691658,0.034385139191193466,0.03223583784840931,0.03366901169873541,35616000
1999-05-07,0.033429697155952454,0.03366901894857752,0.032235844789650615,0.032235844789650615,25008000
1999-05-10,0.033429697155952454,0.03414674025236254,0.03319129422893522,0.03319129422893522,19680000
1999-05-11,0.03522046282887459,0.03629511509881832,0.03414672942424732,0.03486285684381892,171744000
1999-05-12,0.036295127123594284,0.0364152457464878,0.03510127474033958,0.03557899946676564,168480000
1999-05-13,0.036295127123594284,0.03725057316058907,0.036175923950464324,0.036295127123594284,69936000
1999-05-14,0.034385163336992264,0.0362951442799022,0.03390743838475097,0.0362951442799022,28464000
1999-05-17,0.03605673462152481,0.03605673462152481,0.0337882321571408,0.03390743537603952,35760000
1999-05-18,0.037728309631347656,0.03820603450648326,0.03534060412157655,0.036415257082084124,151536000
1999-05-19,0.03605673462152481,0.040832145988090256,0.03545980990863345,0.0393998901245101,451728000
1999-05-20,0.033191289752721786,0.03629512171339883,0.03187823439206277,0.03629512171339883,178176000
1999-05-21,0.032475173473358154,0.03271357645096341,0.03151972383133153,0.03271357645096341,303504000
1999-05-24,0.032355062663555145,0.03342971234675139,0.03187825317699636,0.03271358437467608,162624000
1999-05-25,0.032594356685876846,0.032952878127915,0.03223583524383868,0.03247515696559479,130080000
1999-05-26,0.032475173473358154,0.03414674749814533,0.032475173473358154,0.032475173473358154,104736000
1999-05-27,0.03223583847284317,0.03271356309887244,0.03223583847284317,0.03271356309887244,82320000
1999-05-28,0.032594356685876846,0.03271355982201516,0.03223583524383868,0.03271355982201516,88656000
1999-06-01,0.03271356597542763,0.03271356597542763,0.031997438406127385,0.03247516307416374,98544000
1999-06-02,0.03151971474289894,0.032713567018294004,0.03151971474289894,0.032713567018294004,130128000
1999-06-03,0.032355062663555145,0.03259438114907167,0.03199745640260076,0.032355062663555145,41568000
1999-06-04,0.032594356685876846,0.03271355982201516,0.032355038379977004,0.032594356685876846,78912000
1999-06-07,0.03295288234949112,0.033429691539271895,0.032713564012932336,0.03277316388070867,125136000
1999-06-08,0.03378821536898613,0.03438514320114406,0.03295288463334327,0.0330720877930142,153312000
1999-06-09,0.034385163336992264,0.03510129133232658,0.03390743838475097,0.03390743838475097,95184000
1999-06-10,0.03450434282422066,0.034623545983474474,0.034146736762316124,0.034385143080823764,36096000
1999-06-11,0.03378821536898613,0.034623546104628984,0.03259436312052721,0.03450434294495805,61008000
1999-06-14,0.032475173473358154,0.033907429070595275,0.032235851629950095,0.03384782576430046,51648000
1999-06-15,0.032475173473358154,0.03271357645096341,0.03199744865234484,0.032475173473358154,49296000
1999-06-16,0.033429697155952454,0.03438514659523705,0.032475166582275686,0.03295288788606071,64416000
1999-06-17,0.032475173473358154,0.03366902609299002,0.032475173473358154,0.03319130127197671,74928000
1999-06-18,0.03128131106495857,0.03271356621400434,0.03128131106495857,0.03271356621400434,158736000
1999-06-21,0.03295288234949112,0.03295288234949112,0.03137025103711934,0.03223583937355481,83472000
1999-06-22,0.032355062663555145,0.032952902860192604,0.031638931275621,0.032952902860192604,193056000
1999-06-23,0.03295288234949112,0.03295288234949112,0.031638911582767916,0.03199743648659278,210912000
1999-06-24,0.03223583847284317,0.033191287724901715,0.03199743559254242,0.033191287724901715,115200000
1999-06-25,0.03271356597542763,0.033072087484903576,0.031997438406127385,0.031997438406127385,73536000
1999-06-28,0.033191289752721786,0.03378821414744219,0.03247516220263999,0.03378821414744219,109152000
1999-06-29,0.033549804240465164,0.034026609930541823,0.03319128281554385,0.03366900737091238,92688000
1999-06-30,0.03653442859649658,0.03653442859649658,0.033907406665544246,0.03462353399096621,269232000
1999-07-01,0.03462354466319084,0.036534439857728,0.03271356491827577,0.036534439857728,88992000
1999-07-02,0.03713136538863182,0.03713136538863182,0.034385139661590215,0.03510126716384507,224880000
1999-07-06,0.0372505784034729,0.037488984783287646,0.03677285702566662,0.037488984783287646,198096000
1999-07-07,0.03653442859649658,0.037488962157849734,0.03653442859649658,0.037488962157849734,63120000
1999-07-08,0.03736979141831398,0.03796671614296578,0.03557901382849986,0.03677286669366218,186048000
1999-07-09,0.0405341312289238,0.04083213406536771,0.03725057658623555,0.03725057658623555,211728000
1999-07-12,0.04238450154662132,0.04417527815516327,0.041309849075713036,0.04298142594418303,401040000
1999-07-13,0.042503707110881805,0.043100635006096046,0.04059372708469076,0.04286222866157019,138864000
1999-07-14,0.04083212837576866,0.043459154813835714,0.04059372545666136,0.04250370540625181,137952000
1999-07-15,0.04107145965099335,0.04250371522774865,0.04107145965099335,0.04119066284602032,137040000
1999-07-16,0.041906777769327164,0.0422652992784184,0.041071447042362895,0.041787574610894676,103872000
1999-07-19,0.04083212837576866,0.042146099319662275,0.04059372545666136,0.04202598070245986,43632000
1999-07-20,0.040116000920534134,0.040832128546426434,0.038683745668749527,0.040832128546426434,178752000
1999-07-21,0.038922157138586044,0.039638284921784665,0.03772830454466067,0.039638284921784665,112080000
1999-07-22,0.03713136538863182,0.038683738990107824,0.03677284391272142,0.038683738990107824,213264000
1999-07-23,0.03713136538863182,0.038206014366797075,0.037012162241231474,0.037012162241231474,80256000
1999-07-26,0.0372505784034729,0.038085909351001306,0.0372505784034729,0.038085909351001306,60528000
1999-07-27,0.03736979141831398,0.03748899463956121,0.03677286669366218,0.03725058819706675,98592000
1999-07-28,0.037966690957546234,0.0384444155599082,0.03713136376037771,0.03725056348669442,244224000
1999-07-29,0.038325220346450806,0.03844442008680348,0.037012164976449394,0.03725056787301159,388800000
1999-07-30,0.03844442591071129,0.03939987537268107,0.03820602297803367,0.03832522615230116,452304000
1999-08-02,0.038802944123744965,0.03892214386139029,0.038206016322478456,0.038444419213625874,313344000
1999-08-03,0.03784749284386635,0.03880294208930084,0.03748897136840136,0.03880294208930084,255216000
1999-08-04,0.03784749284386635,0.03820601431933134,0.0377282896966141,0.038085895722514265,89952000
1999-08-05,0.03844442591071129,0.03844442591071129,0.03725057351606389,0.037847501421316265,240576000
1999-08-06,0.03844442591071129,0.038563629084978776,0.03820602297803367,0.03832522615230116,183984000
1999-08-09,0.03844442591071129,0.03892215064169618,0.03820602297803367,0.038563629084978776,31056000
1999-08-10,0.039160553365945816,0.040832130482681306,0.03844442570609482,0.03868374750312833,212064000
1999-08-11,0.04178757965564728,0.04226530438084371,0.03939987489528364,0.03987759962048007,197712000
1999-08-12,0.04381676763296127,0.04489141695729231,0.041787584204100406,0.04202598715983881,239616000
1999-08-13,0.04333995282649994,0.0442944868103556,0.04298143128042768,0.04345915599722807,84672000
1999-08-16,0.0416683629155159,0.04369754546280006,0.040235192622427245,0.04369754546280006,223440000
1999-08-17,0.04178757965564728,0.04250370731063266,0.040712930448288595,0.04178757965564728,193536000
1999-08-18,0.042743019759655,0.043219825514972374,0.0404745152522988,0.04130984589745009,279888000
1999-08-19,0.051816102117300034,0.054204721345306836,0.04417526625266147,0.04572763954693411,1966992000
1999-08-20,0.05133931711316109,0.052293847753086584,0.049428421517824395,0.05193624504567013,353088000
1999-08-23,0.04823457449674606,0.05062227966376783,0.04656299710667582,0.05062227966376783,507984000
1999-08-24,0.0479961559176445,0.048473877152987434,0.045130726875922365,0.04751843126644478,398064000
1999-08-25,0.04775684326887131,0.048593089576424525,0.04584686316522203,0.048115364834099346,350352000
1999-08-26,0.04704071581363678,0.04847388663162291,0.04632458812954292,0.047756843497730635,275376000
1999-08-27,0.04966773837804794,0.051577718464612884,0.04775684284169717,0.047996164643544816,552384000
1999-08-30,0.04948801547288895,0.05145851413001566,0.04739923251588949,0.0505030647388466,158640000
1999-08-31,0.05372702702879906,0.05396542999462587,0.04871229837047704,0.0496677445494413,786864000
1999-09-01,0.05121918022632599,0.053727002860246904,0.05038384964801087,0.053727002860246904,565344000
1999-09-02,0.05062226578593254,0.05086158414063392,0.04847387962818914,0.04954761327429928,341088000
1999-09-03,0.05098078399896622,0.052293835914729095,0.0506222625070408,0.05157770838048511,258864000
1999-09-07,0.05074238404631615,0.051816117685025864,0.050503062277407265,0.051816117685025864,124416000
1999-09-08,0.05062226578593254,0.051219190206115255,0.05062226578593254,0.05086158414063392,170064000
1999-09-09,0.04990614205598831,0.05145851594713707,0.04895069263108008,0.051099994404326596,209472000
1999-09-10,0.05062226578593254,0.0513393088162275,0.05038385946504034,0.05074238439604478,167424000
1999-09-13,0.048950690776109695,0.05086158613765618,0.04847388153146089,0.05086158613765618,174432000
1999-09-14,0.04751842841506004,0.04895068341723931,0.04728002212064727,0.04895068341723931,250368000
1999-09-15,0.04787696897983551,0.048473893571723825,0.04656299773553652,0.04692151935381289,212736000
1999-09-16,0.046682197600603104,0.047756846928851966,0.04608526963543351,0.047280037599779175,158112000
1999-09-17,0.04656298831105232,0.04680231010201226,0.0448914112367385,0.04638418526306913,171648000
1999-09-20,0.04489141330122948,0.046324587516094404,0.04489141330122948,0.045727659601716236,229104000
1999-09-21,0.040593720972537994,0.04417527755698042,0.03999679658305932,0.04393687466420793,737328000
1999-09-22,0.041549164801836014,0.04178756766320672,0.038206011550517185,0.040593715625643546,375984000
1999-09-23,0.03808591887354851,0.041787596092726705,0.03772831263027261,0.041668392873015186,379584000
1999-09-24,0.03462354466319084,0.039160547148801364,0.03199743737211747,0.03820601670908327,684912000
1999-09-27,0.03677283972501755,0.03748896714571956,0.034623538597593616,0.0368920394429868,432000000
1999-09-28,0.040116000920534134,0.040593725626322734,0.03677285026145231,0.03683245013751394,413184000
1999-09-29,0.036892034113407135,0.042503687265150365,0.03629510991276478,0.040951314064721606,594048000
1999-09-30,0.03677283972501755,0.03939986200549259,0.03629511515611024,0.03820601001588327,342528000
1999-10-01,0.03653442859649658,0.037488962157849734,0.03462353399096621,0.03617590720911564,347760000
1999-10-04,0.0372505784034729,0.037847506387044365,0.03677285702566662,0.03772830319713699,177600000
1999-10-05,0.04083212837576866,0.04107145016045331,0.03725057139569506,0.03725057139569506,478080000
1999-10-06,0.045727651566267014,0.04775683447329011,0.04059372125462803,0.04095132730420021,1508736000
1999-10-07,0.042743019759655,0.04763762796707057,0.04250369801657872,0.04763762796707057,487296000
1999-10-08,0.04489141330122948,0.04620538434000454,0.04107145312621042,0.04274303027739764,398928000
1999-10-11,0.043697550892829895,0.045369127661655954,0.04250369875301607,0.04524992451283296,544464000
1999-10-12,0.04310063272714615,0.04441460365426082,0.0429814295611861,0.043936878956569246,322992000
1999-10-13,0.041906777769327164,0.042622905337858945,0.041071447042362895,0.042622905337858945,280368000
1999-10-14,0.04107145965099335,0.04202599041356699,0.04059373483681169,0.04202599041356699,192336000
1999-10-15,0.04083212837576866,0.04107145016045331,0.03892214842617821,0.03904135159366044,210720000
1999-10-18,0.03868374228477478,0.04095132813206836,0.038444420520025266,0.04095132813206836,215184000
1999-10-19,0.03713136538863182,0.039877591115673426,0.03641523788637697,0.039877591115673426,308928000
1999-10-20,0.03844442591071129,0.03892215064169618,0.03713137375765376,0.03772829824704878,348720000
1999-10-21,0.04023520275950432,0.04023520275950432,0.03725057032095896,0.038325222865019715,382128000
1999-10-22,0.041190650314092636,0.0423845025534319,0.04011599781765682,0.04011599781765682,286752000
1999-10-25,0.039160553365945816,0.041549177008157065,0.039160553365945816,0.04095133365631435,213840000
1999-10-26,0.04298143461346626,0.04441460887500437,0.04059372970990971,0.04083213265399591,481248000
1999-10-27,0.04107145965099335,0.04345916485611197,0.040354412996826024,0.0432198430161263,214128000
1999-10-28,0.039160553365945816,0.04202598287097455,0.03892215043453707,0.041309855211123556,222768000
1999-10-29,0.04226530343294144,0.042981431071865916,0.039399874011645596,0.039638276936087784,330528000
1999-11-01,0.04489141330122948,0.04656299045241671,0.04154917786449872,0.04154917786449872,782544000
1999-11-02,0.04775684326887131,0.047996165072859635,0.045369138422896846,0.04572765998812488,837504000
1999-11-03,0.05241306871175766,0.05372704023615319,0.0493092350642276,0.04966775675892929,2011680000
1999-11-04,0.055756211280822754,0.05718938227614965,0.05301089996655306,0.05301089996655306,1260336000
1999-11-05,0.05396542698144913,0.05778630286578242,0.051339319040954075,0.057308581510902935,616368000
1999-11-08,0.05551778897643089,0.05707016262352474,0.050622261733342874,0.052293835115483266,470016000
1999-11-09,0.05468154698610306,0.05563699639271042,0.05253316411960109,0.055398593473846784,272352000
1999-11-10,0.05420474708080292,0.05492087478134668,0.05313009780507755,0.054861274899072165,144048000
1999-11-11,0.05802469700574875,0.06089012274473402,0.053010885133909245,0.05420473737630079,562704000
1999-11-12,0.061129435896873474,0.061129435896873474,0.05707015848761544,0.060532514983593744,501504000
1999-11-15,0.059935588389635086,0.06339794153624977,0.05898013916582993,0.06154664295298807,362208000
1999-11-16,0.06566645205020905,0.06686030084137423,0.06112944270147452,0.06136784901254164,723792000
1999-11-17,0.0681733563542366,0.07163570982740275,0.0659048516748678,0.06686030098878605,786384000
1999-11-18,0.06841176748275757,0.07020346667573159,0.06781484640007648,0.06960562331154937,235968000
1999-11-19,0.0819035992026329,0.08476903269868791,0.07641114543735955,0.07665046728243133,2165184000
1999-11-22,0.08178439736366272,0.08405289594904344,0.076888864911714,0.08399329605969152,540192000
1999-11-23,0.07593429088592529,0.07676961793667061,0.07259113812078995,0.07342646517153527,553248000
1999-11-24,0.0735456794500351,0.07641110458230484,0.06793493752121417,0.07557577744363358,406848000
1999-11-26,0.07306885719299316,0.07354566966485553,0.07068023808211626,0.07282953550772207,71760000
1999-11-29,0.07044185698032379,0.07378500368946936,0.06877028020989438,0.07282955443052844,298608000
1999-11-30,0.06614325195550919,0.0718741095855037,0.06614325195550919,0.07068025406884862,314688000
1999-12-01,0.06948641687631607,0.0704418662611388,0.06614326289499199,0.06614326289499199,223536000
1999-12-02,0.07462034374475479,0.07557579308025171,0.0697257282239408,0.0697257282239408,309888000
1999-12-03,0.07282958179712296,0.0766504648190518,0.07187413901087614,0.0753364935858372,342768000
1999-12-06,0.07485967874526978,0.07521727803638206,0.07306889494997935,0.07306889494997935,178608000
1999-12-07,0.0723518505692482,0.07557580515023579,0.0694864243864938,0.0754565985568522,186384000
1999-12-08,0.0755757987499237,0.07629192637251604,0.07187412315423412,0.07211343810710188,201696000
1999-12-09,0.07330729067325592,0.07736657217952203,0.07068026435012507,0.07545658889763894,214944000
1999-12-10,0.07247105985879898,0.07497888708625522,0.07115801091307547,0.07462036547260154,98304000
1999-12-13,0.07223261892795563,0.07414259477965972,0.07068024220343243,0.07163569126983707,183840000
1999-12-14,0.07103876769542694,0.07414259904179386,0.07032264028708105,0.07235182279620617,273888000
1999-12-15,0.06877032667398453,0.07091962611018378,0.06709874877416763,0.07056110438741847,205968000
1999-12-16,0.06829258054494858,0.07020347985694379,0.06805418097971536,0.06912883041832957,132576000
1999-12-17,0.07187411189079285,0.07294876088113227,0.06984492909258444,0.07020345057255636,262080000
1999-12-20,0.07784431427717209,0.07924722762395514,0.06948643408562727,0.0719942545017101,402432000
1999-12-21,0.08118744194507599,0.08130664168353384,0.07497886262861374,0.07784428825340606,388368000
1999-12-22,0.0830974206328392,0.08405286305180978,0.07832201211027319,0.08142584387685581,251184000
1999-12-23,0.0885898694396019,0.0888282688965161,0.08285901183911727,0.08321661785620159,280224000
1999-12-27,0.0852467268705368,0.0906190636876763,0.08429127752713748,0.09049985711234489,202416000
1999-12-28,0.08500741422176361,0.08835056841680859,0.08476901470895236,0.08524673601604636,179184000
1999-12-29,0.08787286281585693,0.08882830560081804,0.08476902986032454,0.08482862974918007,132144000
1999-12-30,0.0885898694396019,0.08918679719485569,0.08644056470721398,0.08787282650634876,139776000
1999-12-31,0.08966360986232758,0.0897837250495997,0.08811214821496459,0.08841015439082608,127344000
2000-01-03,0.089425228536129,0.09097760606675977,0.08429129686040665,0.09026147832771518,300912000
2000-01-04,0.08703748881816864,0.08811213772351006,0.08261968664162407,0.08787282282707382,300480000
2000-01-05,0.0841720700263977,0.08596284652317203,0.08297821447407266,0.0845305915055823,188352000
2000-01-06,0.0786796435713768,0.08417209682425086,0.07545660419918113,0.08417209682425086,120480000
2000-01-07,0.0799935981631279,0.08082892549755996,0.07712816552762526,0.0783220212128735,71184000
2000-01-10,0.08261968940496445,0.08596284278798441,0.07879973028041964,0.0802319852357762,239856000
2000-01-11,0.07927656173706055,0.0830974443822411,0.07927656173706055,0.0821419948584881,148128000
2000-01-12,0.07724735140800476,0.07939665606918955,0.07617270249326875,0.07927653406345664,123552000
2000-01-13,0.08047040551900864,0.08118744857094028,0.0761727176241735,0.07712816700419123,132192000
2000-01-14,0.08393274247646332,0.0872758957735908,0.0814258386442296,0.08166516037423437,604560000
2000-01-18,0.08751523494720459,0.08787284102336716,0.08118744854608527,0.08500740833388501,261648000
2000-01-19,0.08667900413274765,0.08787286009965979,0.08596287637526506,0.08787286009965979,164688000
2000-01-20,0.08644058555364609,0.09217144453621254,0.08572445789723038,0.08739603500594728,179568000
2000-01-21,0.08548515290021896,0.08655980223502302,0.0833358473988954,0.08620128064013174,544272000
2000-01-24,0.08166515827178955,0.0882313426913858,0.08118743027359,0.0882313426913858,256944000
2000-01-25,0.0809481292963028,0.08285902811542857,0.07832202513423091,0.08202277845773764,237120000
2000-01-26,0.07760495692491531,0.08309741485196798,0.07617270201395433,0.08094811020430762,232464000
2000-01-27,0.0735456794500351,0.07820188085879072,0.07068024748605295,0.07820188085879072,458208000
2000-01-28,0.0713973268866539,0.07306890430043299,0.06853190028828884,0.07259118290295576,194448000
2000-01-31,0.07080040872097015,0.07330731380742066,0.06686032571771101,0.0717549361065853,182400000
2000-02-01,0.07247105985879898,0.07306890330876628,0.06829257752188322,0.07091960452667953,92976000
2000-02-02,0.0745011568069458,0.07593433460379588,0.07247105785823987,0.07282957946199659,149040000
2000-02-03,0.0756949856877327,0.0784412114113625,0.07521725764915888,0.07688883439595852,108240000
2000-02-04,0.07748576253652573,0.0780826903093502,0.07593430779497946,0.0780826903093502,123696000
2000-02-07,0.07271037250757217,0.07784430380947774,0.07259117274529396,0.07784430380947774,217488000
2000-02-08,0.07617274671792984,0.07879977408358162,0.0725911918890918,0.07450116909722448,468816000
2000-02-09,0.07808271050453186,0.08035121561887314,0.07796351074173646,0.07903816000165191,589056000
2000-02-10,0.09408143162727356,0.09551460244525968,0.08285903502428356,0.08285903502428356,970080000
2000-02-11,0.09551458805799484,0.09885774190106482,0.0885898808841429,0.09873761987583442,423792000
2000-02-14,0.11079630255699158,0.11079630255699158,0.09479757768799675,0.09575302736244093,650112000
2000-02-15,0.106498584151268,0.11115479373084255,0.10196158115565843,0.11103559397859196,450480000
2000-02-16,0.11139319092035294,0.11509487329184,0.1064985819379977,0.10769243766200028,1019568000
2000-02-17,0.11533326655626297,0.11605030957897897,0.10960240824076004,0.11127398515490784,535776000
2000-02-18,0.12870585918426514,0.13037742897207488,0.11282634243940627,0.11366166960856358,960864000
2000-02-22,0.12512339651584625,0.1263172521473928,0.12034798765308738,0.12464659755367759,542496000
2000-02-23,0.12584041059017181,0.12715346566037966,0.12213874301982255,0.12369111296572954,511392000
2000-02-24,0.1246466338634491,0.12739194514788246,0.1193925799453094,0.12655661760769255,244320000
2000-02-25,0.11688563227653503,0.12476579528119568,0.11175170882534748,0.12476579528119568,278736000
2000-02-28,0.11605031788349152,0.11748257313210214,0.11413942589628615,0.11628871738720972,517872000
2000-02-29,0.12225800007581711,0.12369117098078918,0.1153332914386102,0.1153332914386102,306048000
2000-03-01,0.11867638677358627,0.12225793907418982,0.11676640408200255,0.12225793907418982,383568000
2000-03-02,0.110677070915699,0.11963187758405436,0.11031947164180016,0.11963187758405436,191040000
2000-03-03,0.11246784031391144,0.11366168913634582,0.10984172952001743,0.11079626340720178,273696000
2000-03-06,0.11175170540809631,0.12178116618997019,0.11079625613398003,0.11318487590341403,432096000
2000-03-07,0.15915091335773468,0.16667254723977565,0.13706282427919944,0.14327140294889634,1952208000
2000-03-08,0.16046400368213654,0.16189717438364515,0.1475700309537503,0.15906109747523509,668736000
2000-03-09,0.1915958672761917,0.20631087557315103,0.16189718666304204,0.16237399937112856,952944000
2000-03-10,0.2254134714603424,0.2769911930592659,0.20010233207538228,0.20153550315060326,2161200000
2000-03-13,0.28511062264442444,0.28654287794291916,0.2024899979957641,0.20440089688123864,2415168000
2000-03-14,0.21037009358406067,0.283558164473323,0.20631081281024088,0.283558164473323,1567776000
2000-03-15,0.20177385210990906,0.231264393757245,0.19484914485581392,0.2254436641528154,995616000
2000-03-16,0.1798948496580124,0.21538491470352908,0.1769404743018584,0.2082208772634117,750384000
2000-03-17,0.19078989326953888,0.20440091041890826,0.17571635622921644,0.17574662072681507,557616000
2000-03-20,0.1906706541776657,0.20463926773756771,0.18458127455566128,0.198311488636925,365280000
2000-03-21,0.18123818933963776,0.19269989625363046,0.16619491421408286,0.19102832559565303,536640000
2000-03-22,0.18255212903022766,0.18816286628121678,0.17956657392099087,0.18267132879395595,230592000
2000-03-23,0.18577517569065094,0.1958046400330401,0.18052205079659112,0.18088056557837998,309408000
2000-03-24,0.1780150830745697,0.19293915283898166,0.17192570342651256,0.18458127534537067,231600000
2000-03-27,0.16631409525871277,0.18338746758498986,0.1647626400098913,0.17765660111029685,388944000
2000-03-28,0.15389780700206757,0.1623739687020175,0.1509122525209633,0.16058318528312726,393312000
2000-03-29,0.1437491625547409,0.15807630599800582,0.13754058252071483,0.15449473875204928,469440000
2000-03-30,0.14291289448738098,0.15616630997390463,0.13467513199313566,0.13945054093752537,361920000
2000-03-31,0.16138915717601776,0.16786639966777356,0.14995770690367177,0.15267366796645798,962976000
2000-04-03,0.14876390993595123,0.1604640287441802,0.14458451238051423,0.1599267006625503,329952000
2000-04-04,0.14327147603034973,0.15927019432602663,0.10888632041672253,0.15664318077522524,513792000
2000-04-05,0.1751495748758316,0.1862527576052548,0.13730209035851776,0.1447045218823396,639600000
2000-04-06,0.1832682490348816,0.19258065503648994,0.17455275727667807,0.1832682490348816,404592000
2000-04-07,0.19592377543449402,0.20057998446226574,0.18434285956584048,0.1924614220140531,318576000
2000-04-10,0.17861205339431763,0.21084789818027236,0.17491037045068694,0.19926697938986926,395280000
2000-04-11,0.16798564791679382,0.1814774646679594,0.1528231763230064,0.1661646133699233,457584000
2000-04-12,0.15055464208126068,0.17192568890858048,0.14995771431946453,0.16822493627146612,313440000
2000-04-13,0.14410676062107086,0.15712084845594806,0.14159986305566857,0.15174851129481937,313296000
2000-04-14,0.13142186403274536,0.14530154499325065,0.12512341910851607,0.13491356719591988,421920000
2000-04-17,0.13813747465610504,0.14327141153669673,0.12034798022545463,0.12034798022545463,294096000
2000-04-18,0.16261327266693115,0.17144796210031846,0.1475700043256131,0.15204649801454764,477504000
2000-04-19,0.15485233068466187,0.17001571490131576,0.15282314783223475,0.16774721712712973,278352000
2000-04-20,0.15401700139045715,0.1620163638579251,0.1518677033806595,0.15903172493012208,153936000
2000-04-24,0.14637526869773865,0.151629307762904,0.13873442000079272,0.14518141298871526,205968000
2000-04-25,0.16237398982048035,0.1671503146782595,0.15258385604635563,0.15294237075855424,249696000
2000-04-26,0.1607024371623993,0.17765659552089658,0.16046402396458892,0.17371652673759747,254112000
2000-04-27,0.17383569478988647,0.17550726490196175,0.14912149126386412,0.14995773404473808,280992000
2000-04-28,0.17025409638881683,0.1833873798621315,0.17025409638881683,0.176581874141204,179040000
2000-05-01,0.17574664950370789,0.18052206008438135,0.17156723784015093,0.17670117688449102,119424000
2000-05-02,0.16894106566905975,0.18601443229009487,0.164045528340142,0.17574657237125213,234000000
2000-05-03,0.1661948412656784,0.1733588626673841,0.15282314266738106,0.1678664111899486,329184000
2000-05-04,0.16822494566440582,0.1752688521426446,0.16440406397120827,0.1658363190342985,241200000
2000-05-05,0.17598497867584229,0.18004425981885014,0.16523939030178386,0.16750788806957273,170592000
2000-05-08,0.1695380061864853,0.17765655510391892,0.1692986775932826,0.17144797570338552,185136000
2000-05-09,0.1671503186225891,0.1738357115943409,0.16237399365210062,0.17240345628437012,176832000
2000-05-10,0.15067388117313385,0.16559795357608284,0.14924071036606,0.16547875381517949,274080000
2000-05-11,0.15712089836597443,0.1598671254193714,0.15079311662194064,0.15282321582721187,245904000
2000-05-12,0.15234549343585968,0.17001579710609946,0.15234549343585968,0.1614195162468621,187824000
2000-05-15,0.1628517061471939,0.16547873245057373,0.14422686888152736,0.15162930424683754,282096000
2000-05-16,0.17956654727458954,0.18470048470882555,0.1681048303829358,0.17001572910856763,366432000
2000-05-17,0.21108627319335938,0.2189664372379183,0.18899909431890022,0.18911829407324923,1290624000
2000-05-18,0.19675911962985992,0.2157424720369419,0.19544606417152094,0.21228011831884122,509904000
2000-05-19,0.1950875222682953,0.20153541614830725,0.18959598625439217,0.1910282412613498,521184000
2000-05-22,0.2077440619468689,0.2077440619468689,0.17586581805483184,0.19293918913701585,517152000
2000-05-23,0.20607244968414307,0.2252942011913989,0.19914774239080754,0.20248998084188624,778560000
2000-05-24,0.2034454196691513,0.2091762848362738,0.17622430542457568,0.205833130996366,739632000
2000-05-25,0.20058004558086395,0.21872807460589883,0.19807313386419878,0.2064301119985359,569184000
2000-05-26,0.20159503817558289,0.20714617428936064,0.1891182661864418,0.20159503817558289,183456000
2000-05-30,0.20989243686199188,0.2151455608895576,0.206072469938699,0.20702699711292438,303648000
2000-05-31,0.21801096200942993,0.22159343056902747,0.20917627213924067,0.20917627213924067,469536000
2000-06-01,0.22410036623477936,0.22648807782630898,0.21848871385362914,0.2244588946187849,418992000
2000-06-02,0.2513223886489868,0.2540676992496396,0.22875655419163893,0.22875655419163893,592176000
2000-06-05,0.256724089384079,0.26935030060560133,0.24093443898871797,0.25096388811066456,491904000
2000-06-06,0.2439199984073639,0.26720103564538344,0.2426060136236239,0.2576502157495454,375888000
2000-06-07,0.23305514454841614,0.24415834642025108,0.22947267580946507,0.2421291634589358,332352000
2000-06-08,0.23484596610069275,0.23926376286631323,0.2254134309837864,0.23902446155634174,460704000
2000-06-09,0.2415313571691513,0.252157762299425,0.2356813047571872,0.23926377424737652,467280000
2000-06-12,0.23508428037166595,0.24463602544989108,0.22971195834666241,0.24260591378256732,380016000
2000-06-13,0.24248676002025604,0.2426059597614209,0.22732429060627732,0.22851814624406064,447840000
2000-06-14,0.24224837124347687,0.24833682211576702,0.23905468156773688,0.24702379400564783,275088000
2000-06-15,0.2485761046409607,0.2485761046409607,0.22851811398038885,0.2415312697638488,338592000
2000-06-16,0.28606510162353516,0.286542829680297,0.2476206727143345,0.2476802999091551,987840000
2000-06-19,0.3039739727973938,0.32713671831073626,0.2781850879069054,0.2853491270454364,1052160000
2000-06-20,0.2999145984649658,0.31280948847813145,0.2960946585013517,0.30922794805269016,610272000
2000-06-21,0.3303596079349518,0.3362105883821612,0.29525834349034524,0.29525834349034524,614880000
2000-06-22,0.31233176589012146,0.335732932714857,0.30922795359864447,0.32892742372231665,614352000
2000-06-23,0.28284209966659546,0.3077947175745067,0.28272199812899923,0.30397384906751135,607392000
2000-06-26,0.31698790192604065,0.31877868533745685,0.2839158225355792,0.28845281816286344,618288000
2000-06-27,0.27221575379371643,0.31949578571008513,0.2638578608957537,0.314241732259485,604608000
2000-06-28,0.26170942187309265,0.28845282067122213,0.2540676856359877,0.2779465469145224,586608000
2000-06-29,0.22398114204406738,0.25717243644633286,0.21968254568454795,0.25717243644633286,1184880000
2000-06-30,0.242845356464386,0.24690462526705628,0.22302575689569015,0.23448746286966443,1209192000
2000-07-03,0.2335328906774521,0.25215772890761184,0.23114427740483254,0.24451689365559112,232680000
2000-07-05,0.20846016705036163,0.2330551579718298,0.20153544589443542,0.23257742986133448,777936000
2000-07-06,0.22111570835113525,0.2287565428320308,0.2036838258371006,0.20869854959332684,603936000
2000-07-07,0.22230958938598633,0.23305516567775958,0.21777257951939025,0.22923429710744844,346560000
2000-07-10,0.23377126455307007,0.2392637163331619,0.21634029764041574,0.21848868027469917,351264000
2000-07-11,0.2526353597640991,0.26457478705854903,0.2280403505007897,0.2306673895922421,755304000
2000-07-12,0.2597986161708832,0.2729319064343823,0.25478479269109594,0.26314175723943545,388152000
2000-07-13,0.28415507078170776,0.28558732559839956,0.26481320894682264,0.2652909369233434,458736000
2000-07-14,0.28200584650039673,0.2953775324570935,0.2750811394831958,0.289885982346153,280200000
2000-07-17,0.2789020240306854,0.28654285905626914,0.27794656781920973,0.2863044595599611,105552000
2000-07-18,0.27340972423553467,0.28654301880229804,0.2636195718327398,0.2636195718327398,183672000
2000-07-19,0.25597864389419556,0.2655294642463949,0.25048619051494303,0.26361948053324613,189504000
2000-07-20,0.26290327310562134,0.26935025183099504,0.25502311019473245,0.25573923773097185,142992000
2000-07-21,0.2662465274333954,0.2712603236117356,0.25979861748784283,0.26361948679129943,251928000
2000-07-24,0.2435614913702011,0.268394915107012,0.2330552141845785,0.2664849313174751,281112000
2000-07-25,0.23448751866817474,0.24929239653374258,0.23400979034278602,0.2473824123457366,335304000
2000-07-26,0.21705643832683563,0.23448740629484605,0.2106094591344131,0.23448740629484605,380064000
2000-07-27,0.20153546333312988,0.21299718153398117,0.19867003719877446,0.21013175539962575,331560000
2000-07-28,0.20631083846092224,0.2213541079516359,0.19102825404113594,0.20248997032528213,512664000
2000-07-31,0.22923427820205688,0.22971200628894906,0.2063108449164801,0.2177725615592685,371232000
2000-08-01,0.22469724714756012,0.23114423925580682,0.2230256772238126,0.22923425620460633,350616000
2000-08-02,0.22923427820205688,0.23293504492757222,0.21801097470959974,0.221593443477893,345432000
2000-08-03,0.23926377296447754,0.24451692472450628,0.20631088538355172,0.20631088538355172,368664000
2000-08-04,0.2435614913702011,0.2483368880738577,0.23974062200463542,0.24499467604737019,194784000
2000-08-07,0.26266399025917053,0.264813302355212,0.24427757789183258,0.24523303418189504,246936000
2000-08-08,0.25693297386169434,0.2712601088362004,0.25597844729488467,0.25693297386169434,128112000
2000-08-09,0.24929232895374298,0.2619478904810732,0.24571078848143035,0.2602763336789941,136248000
2000-08-10,0.25215771794319153,0.25788856957958894,0.23878603138701515,0.24356142682516732,156432000
2000-08-11,0.24618850648403168,0.25454549859704634,0.2344874714208318,0.2526355147938868,131928000
2000-08-14,0.2485761046409607,0.2516799430383638,0.24069594258056431,0.2492922320999097,108576000
2000-08-15,0.27203699946403503,0.2769911961017843,0.24905395838928393,0.24977008620977914,443328000
2000-08-16,0.2789020240306854,0.28678125855257713,0.27054413228993407,0.28678125855257713,266232000
2000-08-17,0.28415507078170776,0.28558732559839956,0.27412562526708156,0.2750810812201231,129816000
2000-08-18,0.2941836416721344,0.29752680870358206,0.28248354082872706,0.28296124152250457,204720000
2000-08-21,0.29872065782546997,0.3101823873458711,0.2980045303007719,0.3049292369763829,464472000
2000-08-22,0.2705442011356354,0.2894083722236635,0.2679180895554902,0.2831997908222666,658872000
2000-08-23,0.2863045930862427,0.2867813923012276,0.2607541342820467,0.2662465890630551,352800000
2000-08-24,0.29394546151161194,0.29681090266014704,0.2793799107909897,0.2846330373841572,332616000
2000-08-25,0.28654295206069946,0.2970492300176545,0.28511069639173453,0.29084154996757544,153048000
2000-08-28,0.2980046272277832,0.30182552379063476,0.28463293758151315,0.2879761059348428,189264000
2000-08-29,0.2972884774208069,0.29991458870841786,0.29418373617271193,0.2991984610039108,149376000
2000-08-30,0.2999145984649658,0.3039738944068991,0.2908415066419842,0.2939453462046561,178080000
2000-08-31,0.30325770378112793,0.3151971349387029,0.2984822811018503,0.3044515594509473,388896000
2000-09-01,0.3037354350090027,0.3123316987346385,0.30039226745373937,0.3094662866017119,204144000
2000-09-05,0.30421310663223267,0.31113784057051874,0.3020638222918902,0.310899413775316,246144000
2000-09-06,0.2831997871398926,0.30540707176322135,0.28081207514776807,0.30540707176322135,230136000
2000-09-07,0.29848232865333557,0.2989600568199891,0.27555889154046925,0.2874983519269859,239760000
2000-09-08,0.28081196546554565,0.3018254132120419,0.27985650939654855,0.2951391062818811,222648000
2000-09-11,0.2693503499031067,0.27890209995176257,0.25884409982312506,0.2772305156832122,285888000
2000-09-12,0.26767870783805847,0.2836774065449315,0.2636194127948509,0.26958869106042693,125976000
2000-09-13,0.26755955815315247,0.27197735503719783,0.26123175036253893,0.26696263021491545,239976000
2000-09-14,0.26505255699157715,0.28081195204526815,0.26170939002284377,0.2688725228590392,216336000
2000-09-15,0.2708430886268616,0.2746034557591588,0.26170946847068866,0.26361945197694037,242592000
2000-09-18,0.25502318143844604,0.2731712235262478,0.25215776870681933,0.2714996393993549,163488000
2000-09-19,0.26290327310562134,0.2636194006418608,0.24069596855846984,0.24332300834206294,301104000
2000-09-20,0.2543070316314697,0.26075403892522475,0.2502477633205414,0.255739286979764,227568000
2000-09-21,0.2652314603328705,0.271021913047624,0.25597863957027883,0.25621703911290117,346824000
2000-09-22,0.26982808113098145,0.27317124970515416,0.23878610234235922,0.23902450190620655,387264000
2000-09-25,0.28916987776756287,0.29322917308106305,0.2760365902494325,0.27818497310024476,467568000
2000-09-26,0.2960945963859558,0.2994377365718927,0.27890201449938284,0.29227370078375153,337344000
2000-09-27,0.31233176589012146,0.32618121074451245,0.29370695193407087,0.29370695193407087,676128000
2000-09-28,0.3218834698200226,0.3237934532303163,0.3018254740964153,0.3094663095239028,333816000
2000-09-29,0.31280946731567383,0.32474892746870077,0.30755634313855656,0.31280946731567383,373872000
2000-10-02,0.3054068982601166,0.32952418028019675,0.2975267645258962,0.3171070246931049,340584000
2000-10-03,0.2889304757118225,0.3094661917510656,0.2865427650793483,0.3070784811185914,300264000
2000-10-04,0.28558748960494995,0.2903638156733759,0.2774689240072458,0.28128982090079757,419568000
2000-10-05,0.2789020240306854,0.2877367147640528,0.27293184370550155,0.2877367147640528,525048000
2000-10-06,0.26147010922431946,0.28152810151099283,0.25765014305828265,0.27961811842797446,1027176000
2000-10-09,0.2672010064125061,0.2712602745338465,0.23687513505645238,0.2547847478855928,665256000
2000-10-10,0.24690459668636322,0.26887260432169025,0.24451691234439857,0.25597861699161156,415944000
2000-10-11,0.2490539252758026,0.26266401385554505,0.22254801761503537,0.23186133984309207,535776000
2000-10-12,0.23926377296447754,0.2693503187886841,0.23687515938835496,0.25454547273710626,401616000
2000-10-13,0.24881455302238464,0.2559785890327368,0.23836790570940727,0.24093441673910376,578976000
2000-10-16,0.24308374524116516,0.2488145979741859,0.2373528925081444,0.2488145979741859,339216000
2000-10-17,0.2254134714603424,0.24308377357286798,0.22278737343966953,0.24212924619382747,463248000
2000-10-18,0.22183184325695038,0.23472673051397022,0.20081839317818231,0.2108478546865882,416952000
2000-10-19,0.24332298338413239,0.24642682179816308,0.23257738231743855,0.2361589487443065,294888000
2000-10-20,0.26600709557533264,0.2722156744467359,0.2359205590697075,0.23759214262742936,387360000
2000-10-23,0.260037899017334,0.2698280191604249,0.25168000682829744,0.268156462584104,182112000
2000-10-24,0.2516799569129944,0.26314165868608236,0.2507254299527532,0.2588439919093812,193968000
2000-10-25,0.22971202433109283,0.2483368354105634,0.22804044045222252,0.24475529547405236,385512000
2000-10-26,0.23950211703777313,0.2483367787748309,0.21490710368200683,0.23114422687638117,265776000
2000-10-27,0.23400968313217163,0.24565114264493643,0.2254134055444756,0.23974056218415887,210960000
2000-10-30,0.21753419935703278,0.23538329825084991,0.21729487071602396,0.23018977382963413,192120000
2000-10-31,0.23741236329078674,0.24117363044495368,0.21920566051300555,0.22613036540015585,299256000
2000-11-01,0.23735277354717255,0.24069591276521218,0.22350336318303857,0.23162192368644802,304536000
2000-11-02,0.2555009126663208,0.26170949372542385,0.24165149505851888,0.2457107910967831,192888000
2000-11-03,0.27221575379371643,0.27699114995918334,0.25024777277369176,0.25215775634797255,268632000
2000-11-06,0.2932291626930237,0.30564539304121374,0.27699110755485107,0.27866269134391436,635040000
2000-11-07,0.27340972423553467,0.28845300317693257,0.2636195718327398,0.28845300317693257,258240000
2000-11-08,0.2652910053730011,0.2765143091683,0.2612317101945122,0.2765143091683,187080000
2000-11-09,0.2375922054052353,0.2617094706577956,0.22589115839975127,0.24929230963406443,564528000
2000-11-10,0.22469724714756012,0.2578885382301821,0.21872799674378895,0.24571070884561724,805248000
2000-11-13,0.22565272450447083,0.2502477278328963,0.20631084457001173,0.2134748803083376,530040000
2000-11-14,0.26696252822875977,0.2688725110788079,0.23878597721168415,0.2406959327348823,470736000
2000-11-15,0.26344063878059387,0.2705441461913638,0.2514416067527219,0.26218718313432654,423864000
2000-11-16,0.24690459668636322,0.2626639965148155,0.24451691234439857,0.25597861699161156,235536000
2000-11-17,0.2421291172504425,0.26147007791823923,0.23400962694234673,0.24881449447021226,178776000
2000-11-20,0.22350341081619263,0.2332935293516728,0.22087638474509735,0.23317432961669887,298752000
2000-11-21,0.21920576691627502,0.23496516695048453,0.20774406211941618,0.2330551834131323,382512000
2000-11-22,0.2077440619468689,0.21681715324982073,0.19867004153068535,0.21013175998145425,409752000
2000-11-24,0.21968252956867218,0.2278020072666659,0.21013171227194338,0.21013171227194338,165072000
2000-11-27,0.21228016912937164,0.23687517940127908,0.20350507615366265,0.23544292385174914,363864000
2000-11-28,0.19646111130714417,0.21777256062548586,0.19174530221976716,0.21550406272071668,382344000
2000-11-29,0.18434284627437592,0.19962452760130833,0.16953799119241508,0.19938611447882254,636408000
2000-11-30,0.1547330915927887,0.16858250151437015,0.13897369904065626,0.16858250151437015,981624000
2000-12-01,0.17001567780971527,0.18625279888515134,0.1633293720185324,0.16428482792477248,784080000
2000-12-04,0.1726418435573578,0.17670112513528163,0.15950855627265242,0.17109038860042508,474264000
2000-12-05,0.18386517465114594,0.19150601025921826,0.16762804715068766,0.18482061727203022,997224000
2000-12-06,0.1575985848903656,0.18529743042897062,0.15664314226708598,0.18028360770673596,950928000
2000-12-07,0.1547330915927887,0.16309096669766276,0.141839123879455,0.149957684123439,785184000
2000-12-08,0.19007371366024017,0.19102824062402943,0.1547927246752064,0.17073183565701616,853392000
2000-12-11,0.19007371366024017,0.19389366607795241,0.17908972621951189,0.18386513471400417,757632000
2000-12-12,0.18482060730457306,0.18864056034600116,0.17861202734460999,0.18529741997125182,409512000
2000-12-13,0.1704934537410736,0.18720829380989717,0.16715029990469163,0.184103553124178,675072000
2000-12-14,0.1587924361228943,0.17073186825670142,0.15473315435440899,0.16929869753130686,569016000
2000-12-15,0.14303302764892578,0.15807629795316733,0.14231598460913217,0.14876387926920506,1094424000
2000-12-18,0.14774885773658752,0.15282318235668935,0.145659145431004,0.14900229981121266,658872000
2000-12-19,0.13658516108989716,0.1633294714179097,0.13371973440357865,0.14995778081059866,946200000
2000-12-20,0.12178118526935577,0.14852457364827878,0.11509487703389994,0.1296604201544652,1105392000
2000-12-21,0.106498584151268,0.1365851262949836,0.10506541344822834,0.12010959996981112,845256000
2000-12-22,0.13395896553993225,0.1461368061325345,0.11509483293705476,0.11509483293705476,949080000
2000-12-26,0.12846648693084717,0.13706277338091905,0.11987021414419595,0.13563051897440237,343824000
2000-12-27,0.13706287741661072,0.1423160157520809,0.12178120427595128,0.1270343289479904,339456000
2000-12-28,0.13777902722358704,0.1413614974310689,0.129422061568377,0.1315713606028611,419232000
2000-12-29,0.12518303096294403,0.14207760399085012,0.12225800460985405,0.13754060701943824,495168000
2001-01-02,0.11437875777482986,0.1277504537421807,0.11390103641526668,0.12607888329278058,290808000
2001-01-03,0.14948004484176636,0.15067390083301604,0.10793086132209134,0.11079629469204332,910368000
2001-01-04,0.16667257249355316,0.1704934544329983,0.14279369656749982,0.14685297799514754,815448000
2001-01-05,0.14171910285949707,0.1659565017710267,0.13849606309912724,0.16523945849801389,432768000
2001-01-08,0.15521083772182465,0.16141941606300267,0.13777894445799785,0.13777894445799785,573768000
2001-01-09,0.15831471979618073,0.16141947465008846,0.14971842748871983,0.15736019257897005,302904000
2001-01-10,0.1692986786365509,0.17001572164409148,0.1466145744543656,0.15019612769352006,392928000
2001-01-11,0.18338744342327118,0.1905514662184066,0.16237399129487315,0.16523941732297773,447648000
2001-01-12,0.17956654727458954,0.19771457197488607,0.17765656399863503,0.18649125457531215,669000000
2001-01-16,0.16547875106334686,0.18052202297703676,0.16261331128321177,0.18052202297703676,414984000
2001-01-17,0.1714479774236679,0.18338742193461396,0.1707318498629919,0.17813428496463726,592584000
2001-01-18,0.20434123277664185,0.2091762406174176,0.16762799273327816,0.1714479447406394,948168000
2001-01-19,0.19890843331813812,0.2177725724808178,0.19580459426730557,0.21013173737345708,1018704000
2001-01-22,0.19102826714515686,0.20058000090980674,0.18553673038716553,0.1929391659005874,377712000
2001-01-23,0.2100721001625061,0.21395166600824642,0.18768599769155292,0.18864052463047415,433632000
2001-01-24,0.20917634665966034,0.2120417732584026,0.1969984988140566,0.20989247444686335,451728000
2001-01-25,0.18816286325454712,0.20249000784884613,0.18386518170018556,0.20201319513817256,440016000
2001-01-26,0.19413304328918457,0.19640154154168749,0.1763435446757332,0.1776565866120886,259248000
2001-01-29,0.1950875222682953,0.19532683718135777,0.1814774242405012,0.188162815797867,354168000
2001-01-30,0.19938614964485168,0.203564631042771,0.19437142543020705,0.19819230757646655,243720000
2001-01-31,0.19723689556121826,0.207266359902285,0.19293921344931544,0.19962460756010944,358344000
2001-02-01,0.19825194776058197,0.19962460339731564,0.18864059829032073,0.19723689144821566,371856000
2001-02-02,0.17908981442451477,0.20296777044344355,0.177656629603475,0.19843077284052307,320520000
2001-02-05,0.178850457072258,0.18004431300843216,0.1683441941788983,0.178850457072258,367584000
2001-02-06,0.17980587482452393,0.1833874281999056,0.17509006564220922,0.17550726475090045,250440000
2001-02-07,0.1714479774236679,0.1800442681641293,0.16189715963999457,0.1786120130427773,720384000
2001-02-08,0.1704934537410736,0.18219356988703805,0.16977641071662325,0.17240343697821356,384288000
2001-02-09,0.1692986786365509,0.1702541347891319,0.16309101464739553,0.16906027915493793,259608000
2001-02-12,0.16476260125637054,0.16929868161483985,0.15664312303300632,0.16738869838914214,354336000
2001-02-13,0.16977640986442566,0.17765655949655554,0.1659564434093202,0.16786642663687293,467736000
2001-02-14,0.1821935772895813,0.18720830141618916,0.16046399875159595,0.16762803480299202,690888000
2001-02-15,0.21562330424785614,0.219205773695011,0.20583316949746192,0.20726634036629005,1108512000
2001-02-16,0.22732435166835785,0.23305520458746645,0.20440092632849227,0.20463932587485903,1081176000
2001-02-20,0.2046392858028412,0.22636886459263172,0.2044008863031573,0.22159345535730296,701304000
2001-02-21,0.2139517068862915,0.22254798466652642,0.19484915430665872,0.19699845261414634,646512000
2001-02-22,0.22302572429180145,0.22923430458287175,0.20631086865921286,0.21275786212805153,815304000
2001-02-23,0.20762397348880768,0.22541347572076942,0.2005800641126632,0.22183192113996786,1034664000
2001-02-26,0.20296767354011536,0.20726628317405796,0.19413299758236538,0.20153541851632886,751824000
2001-02-27,0.19078989326953888,0.20583316581226266,0.18959603740399536,0.1979530011359399,533832000
2001-02-28,0.17073187232017517,0.20058001613536225,0.16715031859605556,0.18935671137226448,784056000
2001-03-01,0.18422278761863708,0.18720832912391594,0.15282318632491873,0.1685825868548293,915288000
2001-03-02,0.16649378836154938,0.1831490301751173,0.16428489010131184,0.17097028297329953,1413504000
2001-03-05,0.1681048423051834,0.17240345270889862,0.15903175159294924,0.15998627874207036,742296000
2001-03-06,0.18434284627437592,0.19031211021720768,0.17371647185336947,0.17670109699307227,834408000
2001-03-07,0.1991477608680725,0.199624573559391,0.18505901636929417,0.18840217058023265,938280000
2001-03-08,0.20583315193653107,0.20798245033148755,0.19341690693953006,0.19341690693953006,829344000
2001-03-09,0.19126759469509125,0.19604300416726766,0.17335889714053504,0.19508756155830329,1216776000
2001-03-12,0.18434284627437592,0.19341686419941692,0.17622428441152682,0.18482057430547186,762144000
2001-03-13,0.20631083846092224,0.20917627777952927,0.18577511713929304,0.18673057328318074,1082352000
2001-03-14,0.21801096200942993,0.2187280049911119,0.1969984286320736,0.1969984286320736,1351128000
2001-03-15,0.2287566065788269,0.24350188082117644,0.22302575367460845,0.2313836471486199,1875984000
2001-03-16,0.22780205309391022,0.23400970437597843,0.21848871794439256,0.22517502648955692,1225200000
2001-03-19,0.24093440175056458,0.24260595812796526,0.2142506025593455,0.22660724607084393,943896000
2001-03-20,0.2184886634349823,0.25311313789089335,0.21586255293557952,0.23806894058584424,1990560000
2001-03-21,0.23472662270069122,0.24117359881147007,0.21777246182008472,0.21896631693399024,1877352000
2001-03-22,0.25836628675460815,0.2593217429124553,0.23496512577247494,0.2368751089750996,1697760000
2001-03-23,0.25597864389419556,0.26791807795261596,0.24308375342254182,0.26314175232662945,1509672000
2001-03-26,0.26982808113098145,0.27126033674083544,0.25597866236032457,0.25597866236032457,1542960000
2001-03-27,0.260037899017334,0.2738873146072389,0.248814567153301,0.26457489526865136,1702152000
2001-03-28,0.2602166533470154,0.2669625603357253,0.2521576910605355,0.25287381857631824,1433280000
2001-03-29,0.2640971839427948,0.2731712043497019,0.2526354791671732,0.2579482032742893,1632960000
2001-03-30,0.24803878366947174,0.2672009460316377,0.24642682733413745,0.2621871245665635,1423176000
2001-04-02,0.2375922054052353,0.2533516053145337,0.23448743692926016,0.24738232611185096,1265160000
2001-04-03,0.24547132849693298,0.2519192346948396,0.23377120229420484,0.23400960170795126,1991616000
2001-04-04,0.22016024589538574,0.23663668443452543,0.20559469214274023,0.23615895640618886,3362472000
2001-04-05,0.24045760929584503,0.24427757620329343,0.22827886189507327,0.23472675714833918,1724760000
2001-04-06,0.23950211703777313,0.2521576737855916,0.23329351106264185,0.23735280552466112,1547664000
2001-04-09,0.22785885632038116,0.25005606278572556,0.22407649194076187,0.24413449769832543,1097160000
2001-04-10,0.24936842918395996,0.25674244602368346,0.2311828130095509,0.2333220416788391,1186416000
2001-04-11,0.2644217610359192,0.2743173630559072,0.25712477930337385,0.26472711135341437,1426872000
2001-04-12,0.2683948278427124,0.2798565304263278,0.25456465212573237,0.25953171783421974,1440264000
2001-04-16,0.26186150312423706,0.26915940927413506,0.2570476068186652,0.26361927484289965,764112000
2001-04-17,0.2746987044811249,0.27680033052743924,0.2578885107761508,0.25800311958468897,1112448000
2001-04-18,0.2951776087284088,0.322456475123059,0.28627506677068193,0.28627506677068193,2301864000
2001-04-19,0.32054564356803894,0.3256273185478723,0.2955215116035591,0.29685839609618064,1632264000
2001-04-20,0.3322365880012512,0.34381292760525367,0.3083201231528052,0.31668716939727115,1773840000
2001-04-23,0.3147001564502716,0.32532196911624517,0.3113762815308283,0.32501571703029714,1239000000
2001-04-24,0.2924269437789917,0.3373183702705155,0.28749840699823714,0.3138218297487305,1828320000
2001-04-25,0.30587464570999146,0.3163048150704883,0.292082999693444,0.2931906665073319,1423728000
2001-04-26,0.28176742792129517,0.31252240737932824,0.2789019887623369,0.31252240737932824,1486008000
2001-04-27,0.30182552337646484,0.3030863028280417,0.2869628801347839,0.2926561313249799,915672000
2001-04-30,0.31825318932533264,0.336018837206797,0.30346758877807034,0.3100392582854453,1583280000
2001-05-01,0.3479776680469513,0.3488184881399625,0.3142417054376482,0.3193994859191496,1867368000
2001-05-02,0.33999302983283997,0.3570324760673847,0.3354459492903211,0.3570324760673847,1547784000
2001-05-03,0.3385029137134552,0.3400305395438522,0.3276518842760195,0.3297149798238976,960504000
2001-05-04,0.34316375851631165,0.3485507569508904,0.3270412667573795,0.3285688655211083,953520000
2001-05-07,0.3585609197616577,0.36104400182730106,0.3378528198368227,0.3418644295733414,975600000
2001-05-08,0.33261895179748535,0.3640240690197151,0.3295627980830458,0.3638709293126797,1620144000
2001-05-09,0.3170309364795685,0.3290272046053958,0.3148147016933475,0.3220355756177852,1319040000
2001-05-10,0.30637165904045105,0.33005888064748073,0.3025892938915637,0.326200410197466,998904000
2001-05-11,0.2985392212867737,0.3075563753592623,0.2924269126806114,0.30560788809411216,921216000
2001-05-14,0.30109918117523193,0.3046523002640779,0.2886444225008178,0.2994184159054061,702432000
2001-05-15,0.31191182136535645,0.32474897055526736,0.30029697543499456,0.30373551461872444,1242600000
2001-05-16,0.3266203999519348,0.32856888713130644,0.3028185399438598,0.30476702712323145,957096000
2001-05-17,0.3323896825313568,0.3419414013626323,0.3226472222673182,0.32769036563049986,919056000
2001-05-18,0.3297150731086731,0.3400306357471626,0.3232204070264685,0.3312821320337361,575832000
2001-05-21,0.34461522102355957,0.3514922426272632,0.32237949597676735,0.32898969817104007,1064688000
2001-05-22,0.3549307882785797,0.3583692994180474,0.33621060659900714,0.3496583990660244,1049976000
2001-05-23,0.3519130051136017,0.38205730243288405,0.34767215204563573,0.3688763354049308,2244912000
2001-05-24,0.3571084439754486,0.36616319624141663,0.33907597383807353,0.3495822191517529,1680576000
2001-05-25,0.3503461182117462,0.3551224431380982,0.3438514531092124,0.3499261590535337,947952000
2001-05-29,0.3359813392162323,0.34843610018280613,0.3312435456304769,0.34835999489002273,920568000
2001-05-30,0.3297150731086731,0.3447299269688451,0.3262765613381307,0.32807283798511244,3308904000
2001-05-31,0.3270787298679352,0.33429960404805825,0.3200109953554088,0.33235111766000597,1262928000
2001-06-01,0.34518828988075256,0.3479776239008955,0.32742263720890735,0.32933354949090704,1022472000
2001-06-04,0.33983978629112244,0.3472514028871519,0.33529360892371635,0.3454175250600554,621552000
2001-06-05,0.357681542634964,0.3612346894535643,0.3388843564510554,0.3394574278988871,987168000
2001-06-06,0.35921013355255127,0.3639094237381958,0.35378460483153523,0.359019392094962,698976000
2001-06-07,0.37949731945991516,0.38052885348899773,0.3534031265994016,0.35603932073555616,1141152000
2001-06-08,0.3696403205394745,0.37892432053502106,0.3657048428364182,0.37835124895976296,712680000
2001-06-11,0.3588278293609619,0.3705957865595512,0.3530969494972731,0.3701749255819402,581928000
2001-06-12,0.3707863390445709,0.3761348318180424,0.3505376361722848,0.35130144891535175,1102728000
2001-06-13,0.35833173990249634,0.3791535490705177,0.35512244630931145,0.37349877490705397,938712000
2001-06-14,0.3575669825077057,0.3636802191159334,0.348626837158405,0.3537085122278233,946152000
2001-06-15,0.3631456196308136,0.36944957030415226,0.34683148596925834,0.35340318518801733,1094544000
2001-06-18,0.34877991676330566,0.3681116974865352,0.3448068383282832,0.3622286360117272,856656000
2001-06-19,0.3297150731086731,0.3636417553702593,0.32264733539480933,0.35535174175439505,1513128000
2001-06-20,0.34388983249664307,0.34767219624082324,0.31691632022192745,0.32364020058425524,1759200000
2001-06-21,0.35038459300994873,0.3564592984559085,0.33334515053550157,0.3425145404484319,1484568000
2001-06-22,0.34881845116615295,0.35794930988754964,0.3442337700360524,0.34862680793149287,761184000
2001-06-25,0.3481307327747345,0.35416690647882293,0.3379673845997446,0.35271541340329887,640032000
2001-06-26,0.35817861557006836,0.35989788494862296,0.3390760748863613,0.34041295951701617,757920000
2001-06-27,0.3470992147922516,0.3572231042574254,0.34102450946791246,0.35645929131929455,895752000
2001-06-28,0.3511869013309479,0.356268576036689,0.3476722851488637,0.3517600001426687,909336000
2001-06-29,0.3543577492237091,0.3598978874927161,0.34847465886293727,0.352447765677748,730920000
2001-07-02,0.3386552333831787,0.34320231415946323,0.33353598273926605,0.3403369012351209,1040016000
2001-07-03,0.342972993850708,0.34652611355880636,0.3346059479841737,0.3363251897592081,406296000
2001-07-05,0.31810107827186584,0.34098598089244764,0.3176801900405995,0.33888438172910734,1020096000
2001-07-06,0.30832013487815857,0.31577025606143017,0.30220689822163754,0.3133247755761902,802824000
2001-07-09,0.2982337772846222,0.31168249707252915,0.29532983451656186,0.3043084822208138,1014072000
2001-07-10,0.30067935585975647,0.3062185655831059,0.29704920076474417,0.3022069548116413,1221744000
2001-07-11,0.3001061677932739,0.3049200938243981,0.29082219686916433,0.2995330963257033,904632000
2001-07-12,0.31584638357162476,0.31806261920444434,0.30660088719486195,0.31424172305455594,981552000
2001-07-13,0.30931323766708374,0.3169550038841445,0.30278006766696286,0.3135164919195091,690144000
2001-07-16,0.28444117307662964,0.3094662285929328,0.2829135747892721,0.3058369768631664,1191696000
2001-07-17,0.30033543705940247,0.3031238422001855,0.2769911143908074,0.27966583980731197,1169904000
2001-07-18,0.28994277119636536,0.3012898620600919,0.28379196237227455,0.2931905670260957,840984000
2001-07-19,0.29460465908050537,0.30686868221472646,0.2896375917104844,0.2941461689623076,840024000
2001-07-20,0.2861228883266449,0.293802226581772,0.27699110037933344,0.28726905862333335,742464000
2001-07-23,0.259034663438797,0.28692512775816126,0.25869080970943453,0.2865427704998572,1547976000
2001-07-24,0.2765710651874542,0.27680028276497853,0.2569715413131755,0.2625116492744763,1365312000
2001-07-25,0.27389639616012573,0.27660962451353277,0.2646894336185306,0.2760741275469974,1245888000
2001-07-26,0.30182552337646484,0.3037355070986079,0.2699234336862687,0.271298849325707,1714152000
2001-07-27,0.3094661831855774,0.31279008419663795,0.2922736068259382,0.3012522522462458,1094688000
2001-07-30,0.3020922839641571,0.31110943630707105,0.29876838170146264,0.3098486571013002,582288000
2001-07-31,0.3090839684009552,0.31042178212970867,0.29150992848695073,0.3025131977315275,1187760000
2001-08-01,0.3279581367969513,0.32956276970609355,0.31298088891587367,0.315158620622198,1204944000
2001-08-02,0.3357521593570709,0.33693590422026737,0.3208895181646166,0.33212200479968734,1097928000
2001-08-03,0.33311596512794495,0.33827371841869197,0.3261243063501492,0.33238975385811453,820344000
2001-08-06,0.343202143907547,0.3466021505755893,0.32719336472162386,0.3307464837298128,1292568000
2001-08-07,0.33812057971954346,0.34480688765800094,0.33410896984835103,0.3431252202315984,1088616000
2001-08-08,0.3295242488384247,0.3438513900922692,0.3280342248363359,0.3351789945881997,1125696000
2001-08-09,0.3237549364566803,0.33445282704702634,0.3178718467542103,0.32799576404340963,1643616000
2001-08-10,0.3233734667301178,0.3278050082570952,0.313668607214734,0.32360268439530626,1036488000
2001-08-13,0.33693578839302063,0.3406035434470614,0.32402256775553673,0.3289125981232995,1514784000
2001-08-14,0.32799574732780457,0.3329627858820228,0.3238319270358613,0.3308235849835979,2321160000
2001-08-15,0.32837817072868347,0.33934290972240894,0.32547422719645314,0.3354083336295712,1816392000
2001-08-16,0.3422081768512726,0.34270517025995717,0.32104254828202355,0.32234183066005834,1026096000
2001-08-17,0.3200497031211853,0.33789146954820654,0.31733647310350105,0.33353603142971716,1668840000
2001-08-20,0.3178333640098572,0.32127187530464685,0.3080909016778571,0.318024078156249,1183320000
2001-08-21,0.3111470639705658,0.3270412671664897,0.31065099949242303,0.3186356891854483,1186656000
2001-08-22,0.32394659519195557,0.324290449077067,0.30660089784469247,0.3166487111655723,1498104000
2001-08-23,0.3167632520198822,0.3270026790882146,0.3151971226565129,0.32283795714138186,1013592000
2001-08-24,0.3258180320262909,0.3323512003233797,0.31829180575193045,0.32016418732833923,1110936000
2001-08-27,0.3370889723300934,0.34140590458215864,0.317298728862137,0.3185210043363947,1279608000
2001-08-28,0.33269500732421875,0.3436606722362058,0.3300973440063479,0.33617204877113666,1178760000
2001-08-29,0.32199805974960327,0.3357136002424133,0.3192087528676867,0.33361200102753874,1435800000
2001-08-30,0.32096657156944275,0.3232204092159319,0.30851090561672,0.3159610281667927,1431312000
2001-08-31,0.32364025712013245,0.3265827033651348,0.31462400784896416,0.3188263313338304,887904000
2001-09-04,0.3011378347873688,0.3227619649791094,0.29888309522491885,0.3227619649791094,1856136000
2001-09-05,0.3075563311576843,0.3098486720021574,0.28864450552735255,0.30087002276909963,2395584000
2001-09-06,0.2949860095977783,0.3109948199203568,0.2936106215867346,0.30148160337149804,1950768000
2001-09-07,0.29808056354522705,0.302589165372624,0.28883509873771757,0.2903636259228186,1970256000
2001-09-10,0.28944680094718933,0.3001061878280451,0.28344820071549426,0.29555910822841713,1872360000
2001-09-17,0.25972244143486023,0.2780611935650901,0.25842313143643075,0.2714133894277536,1138596000
2001-09-18,0.24405847489833832,0.26667563442143694,0.2381744822451925,0.2647656507112257,894372000
2001-09-19,0.24107833206653595,0.24826067580295896,0.20676929224127413,0.2454337676572475,1561908000
2001-09-20,0.22067654132843018,0.236493696811847,0.2139517290035568,0.2281642512674889,1470696000
2001-09-21,0.2060815840959549,0.21609179238886733,0.19874608704093627,0.2036361178155818,1226304000
2001-09-24,0.22923427820205688,0.23259668380345033,0.21257627801580625,0.22243336170685524,1507500000
2001-09-25,0.22029416263103485,0.23985517802683085,0.21960645493855976,0.22992200200854282,941724000
2001-09-26,0.21234706044197083,0.22388579857415997,0.21013174044469138,0.22312107013842597,430812000
2001-09-27,0.20058004558086395,0.21395174893499558,0.1949252979132723,0.21158328876744292,907296000
2001-09-28,0.20990251004695892,0.22014102269547503,0.19752385357573682,0.2063108592064628,1044876000
2001-10-01,0.19209833443164825,0.2131878908079751,0.1887359286655877,0.2097493797457727,972804000
2001-10-02,0.18247048556804657,0.19943382230340193,0.17314798352522948,0.19179298761086366,1123032000
2001-10-03,0.21838419139385223,0.22992201478104898,0.1815535702001267,0.1815535702001267,1798824000
2001-10-04,0.24673223495483398,0.2582709747715856,0.22205195293110144,0.22999813961273832,1980576000
2001-10-05,0.25139397382736206,0.25743017740724006,0.23374292409231168,0.24298839453663687,1078212000
2001-10-08,0.2570478022098541,0.26659952415633675,0.24145984977278237,0.24145984977278237,765900000
2001-10-09,0.2458922564983368,0.26285559273638043,0.2385567723023322,0.257735414656633,917556000
2001-10-10,0.26170942187309265,0.26361940503927017,0.23993218699111865,0.24153681988547215,968124000
2001-10-11,0.2900574505329132,0.290822192547201,0.2742402847563203,0.2756927070561021,918000000
2001-10-12,0.30893179774284363,0.3094663658355396,0.28172899876752727,0.28272205696651365,1253100000
2001-10-15,0.3075563311576843,0.31710715015210367,0.29150991791951464,0.29991456649169745,908568000
2001-10-16,0.3385029137134552,0.3409474648258303,0.3008314781924759,0.30717393185659925,1383852000
2001-10-17,0.3186356723308563,0.3461437893039375,0.3171071445328512,0.3459906495921288,1695540000
2001-10-18,0.33208441734313965,0.33521667667072624,0.31787188150602436,0.3186356945651698,1020864000
2001-10-19,0.33896127343177795,0.343851303284772,0.3232202174361687,0.32734643460588936,1059264000
2001-10-22,0.3469845950603485,0.3514922693961945,0.32895119235814185,0.33643984419438244,970824000
2001-10-23,0.3408713638782501,0.35768156073021073,0.3331534948659791,0.3514161413896126,953028000
2001-10-24,0.35592466592788696,0.35676458402303257,0.3308611066244191,0.3346820015977225,1212144000
2001-10-25,0.3767850399017334,0.3831265642864922,0.3423228710982964,0.34767226672301244,1152396000
2001-10-26,0.349887490272522,0.38541878375537153,0.3476721575708178,0.37418630257446295,1097124000
2001-10-29,0.3214625418186188,0.3572230922432465,0.3210811135823529,0.35111078537130697,1004796000
2001-10-30,0.32092800736427307,0.33575214435030404,0.30832013316978285,0.3155795128468908,1153380000
2001-10-31,0.32749974727630615,0.3419415013367117,0.3228380307619903,0.3329243477641619,989292000
2001-11-01,0.35546621680259705,0.3581400126488475,0.3266587958286045,0.33170196638842386,1093776000
2001-11-02,0.3604324162006378,0.3647878526371257,0.34079528216417804,0.35386164612735554,1087248000
2001-11-05,0.36173173785209656,0.3767080867638851,0.3594393968859089,0.36669880453448805,933456000
2001-11-06,0.3865651488304138,0.3882468164177574,0.35913406500517014,0.36104404850099864,1415376000
2001-11-07,0.3868713080883026,0.40177154775093527,0.3813697021566018,0.383585008118401,1419144000
2001-11-08,0.38014650344848633,0.3968805937954764,0.3686848014747744,0.3916852398209392,1915188000
2001-11-09,0.40650856494903564,0.40681481708126793,0.3896222590609857,0.39695774501760056,2270484000
2001-11-12,0.4174356460571289,0.42782731210569325,0.392602227749852,0.4049808842545445,1458636000
2001-11-13,0.41399720311164856,0.41881113043314727,0.4080371052209228,0.4187350251227189,1446516000
2001-11-14,0.4024593234062195,0.42102729438875613,0.3912268373491435,0.4170532861734149,1150224000
2001-11-15,0.4045984447002411,0.41010007780512475,0.3928313929809221,0.3978745361652599,874944000
2001-11-16,0.4010838568210602,0.4092592589871574,0.39565832862193234,0.40498083012829406,496128000
2001-11-19,0.3922959566116333,0.40880083114985966,0.3705957275213803,0.4050569698856446,1943052000
2001-11-20,0.3812927305698395,0.4010839062487718,0.37693729410033805,0.39420688403785975,937884000
2001-11-21,0.37640270590782166,0.3864129164386862,0.3652463523136685,0.37487417812552587,728412000
2001-11-23,0.3816751539707184,0.3820575387486377,0.3713596188701369,0.37785428481946703,254016000
2001-11-26,0.4089539647102356,0.4094885326609432,0.3870235618405,0.38809362685500814,1215780000
2001-11-27,0.4133094251155853,0.42255492073660134,0.4011600136796464,0.40872474361725797,1183992000
2001-11-28,0.3924490809440613,0.4148379186040099,0.39153212832403833,0.40803700221590156,740844000
2001-11-29,0.40964168310165405,0.4230904050837475,0.4080370499873183,0.420950274855847,5135472000
2001-11-30,0.41751182079315186,0.4204918697432498,0.4034524235850685,0.40948862679581377,1034028000
2001-12-03,0.41117027401924133,0.4138440433669966,0.40383476086939035,0.408724793264871,851496000
2001-12-04,0.44425609707832336,0.4447145871355906,0.41323336123123583,0.41323336123123583,1384644000
2001-12-05,0.48009273409843445,0.481009659509948,0.44738926148474567,0.44777068977627293,1707036000
2001-12-06,0.4725280702114105,0.47757124266400225,0.4605317962406266,0.47634896676338173,1138944000
2001-12-07,0.45808616280555725,0.47329262754478385,0.44991073345504184,0.46901329697430266,807036000
2001-12-10,0.4626709818840027,0.4731396292364646,0.4519739912772738,0.4557939585854936,695868000
2001-12-11,0.47925278544425964,0.4901789919110091,0.4661094417768888,0.47077113028052475,792252000
2001-12-12,0.4941530227661133,0.4943822404389114,0.4735980345326853,0.4829205369933103,1004628000
2001-12-13,0.47994062304496765,0.49063761473249984,0.4780297100844936,0.48444829860385746,881400000
2001-12-14,0.5015645623207092,0.503933035393818,0.47764809986934315,0.47986343325372083,754680000
2001-12-17,0.519598126411438,0.5268565779123907,0.49774379728040324,0.49774379728040324,1080960000
2001-12-18,0.5062254071235657,0.5153947695236063,0.5019469506662165,0.5082123974402805,886968000
2001-12-19,0.4923953711986542,0.5080594024996826,0.4904853874165253,0.4978969792754687,854652000
2001-12-20,0.4729864001274109,0.5033223223601749,0.47122955673984496,0.4943821783983997,951228000
2001-12-21,0.49346524477005005,0.49667451034672183,0.47772421248463537,0.483301896381557,723972000
2001-12-24,0.5057668089866638,0.5082883667113406,0.4930067005033263,0.4932359727718964,265308000
2001-12-26,0.5181453824043274,0.5267801732292444,0.5082121839129765,0.5082882618467087,642156000
2001-12-27,0.5301429033279419,0.5325113223545284,0.5218904646312897,0.5226542503909886,730152000
2001-12-28,0.5173817873001099,0.5367905781377563,0.5122625378812048,0.5332750872992301,757680000
2001-12-31,0.5111926198005676,0.5241828822141097,0.510046421783306,0.521202832953705,737580000
2002-01-02,0.5142485499382019,0.5230364837140036,0.5004945069254421,0.5134086317435882,1298904000
2002-01-03,0.547946035861969,0.5501622985284649,0.5150133487531322,0.5153186443871497,1414752000
2002-01-04,0.5319768190383911,0.5552055826686171,0.5226543139916232,0.5552055826686171,936288000
2002-01-07,0.5176870226860046,0.5348796016091006,0.5105046518157851,0.5341157614733318,973068000
2002-01-08,0.5238003134727478,0.536255073620613,0.5148601692971001,0.5166179418397231,774360000
2002-01-09,0.5166181325912476,0.5406106818402926,0.5092826185611323,0.5310598882635991,1141188000
2002-01-10,0.5042392611503601,0.5208963449221717,0.4997307128390221,0.5138671129568604,992508000
2002-01-11,0.48192647099494934,0.507753786466663,0.4799403556108798,0.5076007014586614,1380852000
2002-01-14,0.4566347301006317,0.48421898031659083,0.4566347301006317,0.4808574487944325,1369560000
2002-01-15,0.49927234649658203,0.49957769683723996,0.47512666036795564,0.47566122841556174,1838808000
2002-01-16,0.47978731989860535,0.4956806187103985,0.4779534693197508,0.49247135287054805,1115388000
2002-01-17,0.49659761786460876,0.4966746249531806,0.4777243227183581,0.4956806924387964,1121544000
2002-01-18,0.4875051975250244,0.4909437357385238,0.47757112043945676,0.4778773451809371,803676000
2002-01-22,0.47527876496315,0.49338827146175135,0.4697771039938571,0.49208986329550036,1085028000
2002-01-23,0.484218955039978,0.48765743881628054,0.47008342770209893,0.4795581409451931,889164000
2002-01-24,0.5015645623207092,0.5066077331906813,0.47871723569766494,0.4890327950873373,1137684000
2002-01-25,0.5002651810646057,0.5127208678804022,0.4882689132243935,0.4943820931763345,817752000
2002-01-28,0.5195212364196777,0.519598298193064,0.5050033995048349,0.5100465187086997,924288000
2002-01-29,0.49407610297203064,0.5222719038948912,0.48597674917998535,0.5207442776897718,1381932000
2002-01-30,0.5000361204147339,0.5004184777977994,0.4848305280699172,0.4966745890821399,1218456000
2002-01-31,0.5023284554481506,0.5104286276529223,0.4855943082201281,0.5065316539285409,973980000
2002-02-01,0.4900267422199249,0.506836966154264,0.4871228266855929,0.5014884995119652,688272000
2002-02-04,0.4669502079486847,0.5008768813276989,0.4661864223442183,0.4889566884492352,1104864000
2002-02-05,0.4623655080795288,0.4678671143186263,0.4441798965438812,0.463817055918399,1474620000
2002-02-06,0.47390350699424744,0.48207981389120536,0.4653457170814156,0.47459121484363725,1242528000
2002-02-07,0.4585447907447815,0.47451504583938175,0.45632945673611464,0.47451504583938175,964476000
2002-02-08,0.4410467743873596,0.4641994535789131,0.4235488689435634,0.4616017625975628,1871292000
2002-02-11,0.46542173624038696,0.4661094439220942,0.4387544403212288,0.440359073360641,1249224000
2002-02-12,0.47527876496315,0.48406669880479664,0.4531200471405057,0.458392435800272,1216500000
2002-02-13,0.4691663980484009,0.48949123538861955,0.46458171759664285,0.48139188466420985,1230432000
2002-02-14,0.4749734401702881,0.48483051039743613,0.4671794929173,0.473139534864242,1225692000
2002-02-15,0.4382197856903076,0.45579382164228993,0.4336351048687684,0.4531200256871633,3988548000
2002-02-19,0.4091831147670746,0.4238541086759215,0.4058207096930062,0.4194986731575684,1972524000
2002-02-20,0.4305781126022339,0.43516279409250685,0.4011600129748878,0.40192382596117043,1838736000
2002-02-21,0.4011600911617279,0.42484734354292186,0.40062552307651345,0.42469513291851513,1531044000
2002-02-22,0.38144591450691223,0.39772154655735253,0.3763266371333971,0.3931368645518043,2585616000
2002-02-25,0.4113224446773529,0.41430249318914386,0.3831266199843864,0.38320365439691195,1599564000
2002-02-26,0.42026257514953613,0.42752198249930484,0.40918322819780056,0.42033960956430966,1902672000
2002-02-27,0.40612709522247314,0.4316482237739049,0.40498092472750336,0.42981434551658115,1723224000
2002-02-28,0.3897744417190552,0.4107117893006686,0.38633590303478116,0.40345238184603877,1585440000
2002-03-01,0.4274458587169647,0.4279043214061373,0.39237301210211084,0.3935191824884711,1311396000
2002-03-04,0.4512861669063568,0.456176198192006,0.4246179716878483,0.4287441900664464,1484724000
2002-03-05,0.4501400291919708,0.46221240581643963,0.4439507148400938,0.44433214310123986,1379448000
2002-03-06,0.43600353598594666,0.44112281186620433,0.42660492968533725,0.43669124355155137,1446060000
2002-03-07,0.4324890971183777,0.4436445513182816,0.4204157882271252,0.44219305763644084,1346532000
2002-03-08,0.44540223479270935,0.454571625360421,0.43860131766159993,0.44074144787275166,1270356000
2002-03-11,0.4402059018611908,0.44540218531327064,0.4328704175487736,0.44051218125163377,810540000
2002-03-12,0.41713035106658936,0.4290505183574089,0.41415030241216966,0.42675817744275674,1255032000
2002-03-13,0.40956565737724304,0.4162134634666246,0.4080371292660515,0.41323341434565103,1031616000
2002-03-14,0.3868713080883026,0.4065084390387613,0.3860304881598656,0.4065084390387613,1139460000
2002-03-15,0.4032231271266937,0.4036816171581423,0.38220970207466726,0.3896222217427181,1248288000
2002-03-18,0.4032231271266937,0.4194226801170947,0.39863844542707555,0.4105586397075696,1236996000
2002-03-19,0.39466536045074463,0.40689087754449976,0.39229598522109915,0.406127064534364,846072000
2002-03-20,0.35546621680259705,0.3889344236946123,0.35416690696457087,0.3881696817378713,2292588000
2002-03-21,0.3743395209312439,0.37861885116475547,0.35195065912594753,0.3615024046899454,1721712000
2002-03-22,0.3711302876472473,0.3810634903170807,0.368303379098628,0.3810634903170807,1249140000
2002-03-25,0.3519507348537445,0.3698310253186148,0.3514922721736635,0.36937256263853385,884160000
2002-03-26,0.35913407802581787,0.3680741969663924,0.3462969575362574,0.34828304640692115,1123512000
2002-03-27,0.34767237305641174,0.36081484491432614,0.3415591626668413,0.35363247103638945,1068012000
2002-03-28,0.33896127343177795,0.3522568499445017,0.3199348473296773,0.3500406153759298,3124080000
2002-04-01,0.3333827257156372,0.3359813182307632,0.30992472583539354,0.3201641526344507,2365344000
2002-04-02,0.32467198371887207,0.3414831171122614,0.32276199966947317,0.323373602282138,1438008000
2002-04-03,0.3307851254940033,0.33498745023205206,0.3193995253477923,0.32612433800312424,1094640000
2002-04-04,0.32918044924736023,0.34041293552393304,0.3237549475763946,0.32826352386133123,1130964000
2002-04-05,0.3216918110847473,0.33666906002130936,0.31833030712192556,0.3313196638718094,1026900000
2002-04-08,0.33246585726737976,0.33246585726737976,0.30671551252352636,0.30679161782455994,1151316000
2002-04-09,0.31145328283309937,0.33850293565381107,0.31068856808213074,0.3357521323027263,1380768000
2002-04-10,0.29426074028015137,0.3163433279795608,0.27202501287065056,0.3139748819029487,3689724000
2002-04-11,0.2813465893268585,0.29563613123712046,0.2781373231368664,0.29189136794001763,1437288000
2002-04-12,0.28027746081352234,0.28990528696711526,0.27148952565941764,0.287612946105457,1376880000
2002-04-15,0.2915859818458557,0.2963999078669248,0.28501431056077686,0.28570201818190877,1157208000
2002-04-16,0.30427008867263794,0.307785635025419,0.29830999040661776,0.30465244614860426,854856000
2002-04-17,0.30786168575286865,0.31237026220381636,0.2982338322107665,0.30786168575286865,944484000
2002-04-18,0.3027424216270447,0.3080148113337882,0.2960946437317115,0.304728510481995,693156000
2002-04-19,0.28211137652397156,0.29609469725370363,0.2817290190303123,0.2925030454195041,1125672000
2002-04-22,0.2834866940975189,0.2892175455847202,0.2789020129077579,0.27897811820013974,808176000
2002-04-23,0.272024929523468,0.28898826248037496,0.2695033445093665,0.2857019629169956,773508000
2002-04-24,0.2481846958398819,0.27920746514505673,0.2474970152717904,0.275157350422353,1582956000
2002-04-25,0.25781241059303284,0.2627785464528245,0.24711449517743928,0.24719060045595267,1168296000
2002-04-26,0.2320612370967865,0.2609447731295217,0.2320612370967865,0.2606394227805226,1191120000
2002-04-29,0.27072563767433167,0.274622610594764,0.25078225583844943,0.25949315416620183,3930852000
2002-04-30,0.26598793268203735,0.280812072620589,0.260180974320929,0.27714431573912435,1776504000
2002-05-01,0.2708018124103546,0.27454657573091956,0.25483243379214465,0.26163244915080497,1718904000
2002-05-02,0.259875625371933,0.2788250559603865,0.2597986182719291,0.2721011720056865,1125084000
2002-05-03,0.2502477169036865,0.2621679093230905,0.24894840696676332,0.2601808917732241,852756000
2002-05-06,0.240695983171463,0.2552138671301309,0.23870899284190683,0.24375213672915055,1102044000
2002-05-07,0.24673223495483398,0.25116470649593114,0.2346598561924803,0.24604452716576078,1412448000
2002-05-08,0.2750813066959381,0.27936064012390743,0.2552140152481803,0.26354346430571923,1688688000
2002-05-09,0.26331403851509094,0.2798949872952421,0.26285554862671034,0.27424024223608123,1230840000
2002-05-10,0.24359998106956482,0.26973271369390145,0.2406960374431891,0.26873875374846057,1321548000
2002-05-13,0.2583470642566681,0.25918791172443084,0.24405845059892206,0.24612154651291893,800892000
2002-05-14,0.2840213477611542,0.2869252915838984,0.2701141602968333,0.2748519826143176,1526112000
2002-05-15,0.28959906101226807,0.2949484580300559,0.27576888196541144,0.27966588364360095,1504548000
2002-05-16,0.290134459733963,0.29609455542081886,0.28379200673660165,0.28967596981431887,985560000
2002-05-17,0.2993038296699524,0.3001437478117589,0.29059293084417015,0.29800451980892706,934404000
2002-05-20,0.3025133013725281,0.30449936354037693,0.2954070311317043,0.29678241976333974,953412000
2002-05-21,0.27943655848503113,0.31061242633739566,0.2791312355537154,0.3064101028452511,1382604000
2002-05-22,0.29074522852897644,0.29242689621559115,0.2811944086996828,0.2816528714432817,1547988000
2002-05-23,0.27301809191703796,0.2921976689489317,0.264383295263453,0.29158606644023216,2556780000
2002-05-24,0.26766955852508545,0.26919718457403186,0.2614802436691238,0.26782176912743655,737784000
2002-05-28,0.2570478022098541,0.27019117557591027,0.25169930684877134,0.27003803584269803,1367088000
2002-05-29,0.26675260066986084,0.26782173655534297,0.24902452192997085,0.25292152277909036,1311012000
2002-05-30,0.2628556489944458,0.2691972021947124,0.2562078709967656,0.26132712105911393,1066080000
2002-05-31,0.2556723654270172,0.26552943691015596,0.25521390270551625,0.2643832664429738,674112000
2002-06-03,0.24061988294124603,0.2506291911739115,0.23756282753299857,0.24948302084238275,901248000
2002-06-04,0.2527693808078766,0.25406776203463427,0.23870905411168242,0.23909141157437247,1095432000
2002-06-05,0.24910157918930054,0.2533800086767758,0.24031364430500832,0.2533039033778736,1114308000
2002-06-06,0.24917760491371155,0.2525400097279466,0.24642680230801486,0.24650290758261295,739356000
2002-06-07,0.24680927395820618,0.24986542819147003,0.22885197332152352,0.22892899408125825,1371300000
2002-06-10,0.24474607408046722,0.2570477215929726,0.24413449910644675,0.2500945677641226,749148000
2002-06-11,0.23374289274215698,0.24986541219779637,0.2331312902893331,0.24879534701537923,859308000
2002-06-12,0.2135702222585678,0.23229041490810048,0.20378925823186309,0.22816419666904963,2267544000
2002-06-13,0.21135398745536804,0.2191479476619769,0.2046300921784884,0.21517486910336162,1265892000
2002-06-14,0.21532711386680603,0.216931746959672,0.19668302351392,0.20356005956979553,1116444000
2002-06-17,0.21723803877830505,0.22296889145946833,0.2134932613735308,0.22014105321636632,1054140000
2002-06-18,0.21609187126159668,0.22235730575109794,0.21204175711743084,0.21456332959969135,1008300000
2002-06-19,0.18224124610424042,0.20554703561403906,0.18063659956736933,0.20554703561403906,2593620000
2002-06-20,0.18056052923202515,0.18758977628565773,0.1781911675510229,0.18262363879971158,1425048000
2002-06-21,0.17314796149730682,0.18659668035003726,0.16948021975838876,0.17964354051993764,1484364000
2002-06-24,0.17635726928710938,0.18178278432600986,0.16352015062071484,0.16871643432559288,1379592000
2002-06-25,0.1617632508277893,0.17956650173369076,0.16069318607041924,0.17956650173369076,1172232000
2002-06-26,0.15335780382156372,0.1587833209889371,0.13945060099707487,0.14342461063266881,2067828000
2002-06-27,0.13051040470600128,0.1602347530758232,0.12837119024616037,0.1590124775434914,3182808000
2002-06-28,0.13127516210079193,0.1366997624642068,0.12554429595175148,0.12837121864854315,1991184000
2002-07-01,0.1309688687324524,0.13448441390231405,0.12821806558406468,0.1306635321243788,1164372000
2002-07-02,0.12271647900342941,0.12989975454941424,0.11935498806112302,0.1294412917877876,1368180000
2002-07-03,0.13333821296691895,0.13356744423263645,0.12187649938337895,0.12195260465548043,1073304000
2002-07-05,0.14510531723499298,0.1451814225354935,0.1387628627197439,0.1428890816960728,739524000
2002-07-08,0.1494607776403427,0.15465706208625385,0.14327144875851847,0.14342457481959908,1587180000
2002-07-09,0.14212529361248016,0.15175313502518895,0.13891601314157723,0.14984315125269745,1075080000
2002-07-10,0.13822825253009796,0.14670992008383196,0.1372352083660566,0.1455637499006322,926988000
2002-07-11,0.15228767693042755,0.15282317404847193,0.13624127733569102,0.13746448217330598,1143948000
2002-07-12,0.15213549137115479,0.16107563854344772,0.14900231623723448,0.16046403602396747,1344900000
2002-07-15,0.1672649383544922,0.16734104365427205,0.14563988385891063,0.15251691997548175,1495272000
2002-07-16,0.1627563238143921,0.17842036344154397,0.16008162600158793,0.16313869481855708,1773432000
2002-07-17,0.14892618358135223,0.16237398997077268,0.14258372916468495,0.1592417308618383,1922364000
2002-07-18,0.14510531723499298,0.15511551436062931,0.14472294616955186,0.14648071900595955,1243188000
2002-07-19,0.1385335624217987,0.14625142929154844,0.13754053211255232,0.14067370546960117,845772000
2002-07-22,0.13211503624916077,0.14181990879683307,0.12646120582694906,0.13792292181007818,1290744000
2002-07-23,0.12225800007581711,0.13371971917960837,0.11775033865828255,0.13287980077030306,1409652000
2002-07-24,0.13005198538303375,0.1320389762635381,0.12050116469719219,0.12057727001133847,1175100000
2002-07-25,0.11507558077573776,0.1253911252399932,0.11087326454320798,0.12500876794831106,1796448000
2002-07-26,0.11240092664957047,0.12118884890798208,0.10926866718792291,0.11843804509904639,1221900000
2002-07-29,0.11553407460451126,0.11767328910169172,0.11179022037203797,0.11706260221795985,1227720000
2002-07-30,0.12393968552350998,0.12974664438312217,0.11461718010685594,0.11499953760503803,1818012000
2002-07-31,0.084587462246418,0.0921521999745095,0.08359442462241812,0.09031832167737877,4837140000
2002-08-01,0.07648813724517822,0.08527514859186718,0.07641111650755116,0.08527514859186718,1725708000
2002-08-02,0.07144498825073242,0.07946818686124908,0.06953408963965055,0.07893269665413304,1795260000
2002-08-05,0.06571414321660995,0.07052806334023444,0.06487330940292635,0.07037493728115073,1330716000
2002-08-06,0.06915263086557388,0.07175031443581603,0.06770020876517524,0.0687702735743457,1168800000
2002-08-07,0.067548006772995,0.07289650113896778,0.06494940716095633,0.07220880029598827,892980000
2002-08-08,0.0719795748591423,0.07320185060400092,0.0664779471691894,0.06823572004104339,755424000
2002-08-09,0.07029881328344345,0.07259115363798326,0.06884638423772808,0.07006957514896159,581304000
2002-08-12,0.07029881328344345,0.0729725955095571,0.06770021406045817,0.06953408497774739,592800000
2002-08-13,0.06884638965129852,0.07419579908671214,0.06877028436091161,0.07075728145280973,654420000
2002-08-14,0.07350810617208481,0.07411878629161979,0.06953409789888003,0.07014569346814617,632688000
2002-08-15,0.07862737029790878,0.08015590506260724,0.0754941954624717,0.07625892398558912,1140120000
2002-08-16,0.08168352395296097,0.08443433451254291,0.07213270433402785,0.07442504532839364,1657428000
2002-08-19,0.09666075557470322,0.10277306248415542,0.08504591319270036,0.08519904605500819,2243928000
2002-08-20,0.09238141775131226,0.09933455198607635,0.09115914210417865,0.09742457549457562,1429488000
2002-08-21,0.09727144986391068,0.09849464788353544,0.09207608797362389,0.09658374896833864,1194876000
2002-08-22,0.09398604929447174,0.09818837294827833,0.09337445380016213,0.0943684134715102,1358496000
2002-08-23,0.08779672533273697,0.09192294386581887,0.08726215738714839,0.09131134834653497,919932000
2002-08-26,0.08848445862531662,0.09008909887202217,0.08435823889615497,0.08947750317545318,698568000
2002-08-27,0.08344129472970963,0.09047145782939178,0.08290671982903731,0.09001298823860829,686712000
2002-08-28,0.07824499160051346,0.08313593849794906,0.07793965498286452,0.08298280563258457,700356000
2002-08-29,0.07923894375562668,0.08282967170412278,0.07664034452094058,0.07725194681102436,815520000
2002-08-30,0.07717588543891907,0.08176056877730108,0.0756473502321907,0.07847426692961205,1065888000
2002-09-03,0.07243804633617401,0.0738895534756559,0.07121576372697477,0.073508111505525,847284000
2002-09-04,0.0719795748591423,0.0745772524027031,0.06884640018858613,0.0726672757584934,930552000
2002-09-05,0.06922871619462967,0.07159716779752448,0.06877025375706512,0.07129182449051269,714312000
2002-09-06,0.07075729966163635,0.07274338864671928,0.06968723440925427,0.07213270843549054,746460000
2002-09-09,0.07068027555942535,0.07289651126935888,0.0680825910360859,0.07022180598982102,578040000
2002-09-10,0.08076655864715576,0.08443430714850128,0.07022178255975149,0.07029881012196415,2317632000
2002-09-11,0.084740549325943,0.09092986815311771,0.08328812063138924,0.08328812063138924,1657536000
2002-09-12,0.0820658877491951,0.08718514457988459,0.08114894862393973,0.08267748337206414,1294932000
2002-09-13,0.08076655864715576,0.08512200785759332,0.08023198394954352,0.08122502806378806,796872000
2002-09-16,0.07564733177423477,0.07984964971511793,0.07373734811149577,0.0795443130273391,925464000
2002-09-17,0.0745011568069458,0.08091971758836171,0.07404269403545805,0.07900974069531337,884052000
2002-09-18,0.07243804633617401,0.07480649258707599,0.07022180386169045,0.0733549786158792,811692000
2002-09-19,0.06999252736568451,0.07335493131365696,0.06961107880981213,0.07083335379912419,618492000
2002-09-20,0.07037493586540222,0.07197957587432947,0.06884640115958356,0.07052806192140545,687312000
2002-09-23,0.06731878221035004,0.06991646663410155,0.06686031265832212,0.06922875889020225,521676000
2002-09-24,0.06785336136817932,0.07106264160414914,0.06533178208799867,0.06655405793316672,624444000
2002-09-25,0.07159721106290817,0.07297261287016282,0.06899952667147984,0.07182644242021236,896616000
2002-09-26,0.06777723878622055,0.07373732815807651,0.06670717383033081,0.07297259980734112,739560000
2002-09-27,0.06540787220001221,0.06938188005833107,0.06533176690941281,0.06762410745060542,650688000
2002-09-30,0.06540787220001221,0.06823570978773476,0.06380323245483464,0.06517864087857843,584124000
2002-10-01,0.06892338395118713,0.0695340637709955,0.06357397656789321,0.06594333693378046,888360000
2002-10-02,0.06884638965129852,0.07297260124758227,0.06884638965129852,0.06945798515500662,749100000
2002-10-03,0.0654848963022232,0.0691526454554608,0.06533177026352738,0.06800647512602044,590568000
2002-10-04,0.06219860911369324,0.06739489390365716,0.061129459301358206,0.06533178413978123,529788000
2002-10-07,0.05914244428277016,0.06258096221886808,0.058683981600890424,0.06135868655366474,493068000
2002-10-08,0.05738469213247299,0.06128167368592744,0.055016242114734326,0.06112946305523811,714252000
2002-10-09,0.056315530091524124,0.060212517635027926,0.05532157029361965,0.056544764853839476,573132000
2002-10-10,0.05921855568885803,0.06105242688913927,0.055780037794723694,0.055780037794723694,538032000
2002-10-11,0.06731878221035004,0.06838793192131673,0.06112945350554555,0.061510902304327805,994140000
2002-10-14,0.06533174216747284,0.06731874534412956,0.06395634109632417,0.06533174216747284,611484000
2002-10-15,0.07213269919157028,0.07518885303738432,0.07113873937653775,0.07259116872410142,852768000
2002-10-16,0.06609558314085007,0.06785335601837127,0.06494941269433131,0.06724176041908356,578124000
2002-10-17,0.07113873213529587,0.07450113773922777,0.0700695825786248,0.07182643294823392,585792000
2002-10-18,0.07182644307613373,0.07259117157074663,0.06808258820056591,0.07075729336870704,498372000
2002-10-21,0.07832203060388565,0.08091970818398267,0.06922875857200782,0.0708333985808727,930624000
2002-10-22,0.08091969788074493,0.08558049125789889,0.07465427153075353,0.07473037682416893,1272168000
2002-10-23,0.08420507609844208,0.08535124622746586,0.08099579700449032,0.08214196713351411,925428000
2002-10-24,0.07992666959762573,0.08680369909566282,0.07870347156961051,0.08588676000746728,1055172000
2002-10-25,0.08481670916080475,0.08519907346720976,0.07916195445620292,0.08023201977880702,745956000
2002-10-28,0.08527516573667526,0.08940137803435266,0.08474059088211747,0.0887136771233589,1070544000
2002-10-29,0.08153130859136581,0.08603896956200369,0.07725196352435944,0.0854282894210786,772728000
2002-10-30,0.08588673919439316,0.08863754896065681,0.08382363016176715,0.08412897357781807,1139496000
2002-10-31,0.09092992544174194,0.09154060568489743,0.08626822218876834,0.08649745358053733,1255476000
2002-11-01,0.10774010419845581,0.10903940728681924,0.08940136000582541,0.0895544928630957,2128836000
2002-11-04,0.11950719356536865,0.12615498530493316,0.113929460205461,0.11423479688351569,2688132000
2002-11-05,0.11477029323577881,0.12118885394110696,0.10965012056282634,0.11920184947805472,2034540000
2002-11-06,0.12363341450691223,0.12378655425320506,0.11400557959638884,0.11866728983459436,1646016000
2002-11-07,0.11117863655090332,0.12042410492065625,0.11049092885515982,0.12042410492065625,1660560000
2002-11-08,0.08680368959903717,0.0995637873590033,0.08412898476092634,0.09398605496962906,3798900000
2002-11-11,0.08007887750864029,0.08389975295525409,0.07809278879476851,0.08267747724983635,1378452000
2002-11-12,0.08718514442443848,0.09016519316034766,0.08130207453922415,0.08198978229779705,1381188000
2002-11-13,0.08993594348430634,0.092457522336555,0.08344127880628194,0.08512202394731204,1802112000
2002-11-14,0.09589604288339615,0.09772991411625405,0.09299301519154062,0.09589604288339615,1138728000
2002-11-15,0.10292621701955795,0.10628862346667098,0.09971693664544645,0.10086310723166976,2054328000
2002-11-18,0.1067470833659172,0.11156100348957687,0.10644083124774756,0.11117864606676704,1982472000
2002-11-19,0.1082746833562851,0.11370019813127466,0.10498929855471711,0.10613546883250483,1971948000
2002-11-20,0.11370020359754562,0.11461714259654421,0.11010855972800114,0.1115609889709201,1292796000
2002-11-21,0.12332805246114731,0.1289828129468147,0.11805566304255655,0.11828489439479327,2053920000
2002-11-22,0.12011875212192535,0.1225642322703116,0.11461713228625564,0.11583940780393381,1251900000
2002-11-25,0.12447423487901688,0.12753038904367248,0.12080649189954976,0.12569651072222365,1230084000
2002-11-26,0.12111180275678635,0.12753036184976682,0.12073036084748177,0.12508581068461655,1084332000
2002-11-27,0.13051040470600128,0.13265053461545614,0.12462732924732177,0.12623197578631948,1088556000
2002-11-29,0.1308927834033966,0.13585983619451764,0.12989973902507773,0.13394893728933474,519396000
2002-12-02,0.1298997551202774,0.13960371510170527,0.12928816628546327,0.1378459420309256,1167504000
2002-12-03,0.1213410496711731,0.12775960958875965,0.12111181831627987,0.1274542729321584,1046220000
2002-12-04,0.10682318359613419,0.11461715206827162,0.1064408261914875,0.11278328075044115,2206548000
2002-12-05,0.10781621932983398,0.11446401684150337,0.10521853519726133,0.11370020387976575,1594872000
2002-12-06,0.10796935856342316,0.1100324681525496,0.10147469312934485,0.10315543846603308,1159224000
2002-12-09,0.09933453798294067,0.10613546066708171,0.0984946266650747,0.10445471575006565,969792000
2002-12-10,0.10766400396823883,0.1096500924726124,0.1005577441026008,0.10185612497064109,1389888000
2002-12-11,0.10705241560935974,0.11003245718300607,0.10330856105678381,0.106899282734662,1364208000
2002-12-12,0.10529463738203049,0.11232479889175807,0.10506540605433984,0.11102549572314926,1302552000
2002-12-13,0.1011684238910675,0.10338465916336674,0.10040461096525849,0.10338465916336674,707724000
2002-12-16,0.10712853819131851,0.1077401338439403,0.10200927427987334,0.10468397964882785,1056972000
2002-12-17,0.10697631537914276,0.11270716745822859,0.10613548161404521,0.10903942486029948,1077744000
2002-12-18,0.09879997372627258,0.10376702599978711,0.09857074239674246,0.10361389313183046,1126836000
2002-12-19,0.09666075557470322,0.10216238242933343,0.0956667958868651,0.09704220430845106,1100604000
2002-12-20,0.09795913100242615,0.10078696140026405,0.09314520554490804,0.09971689655580078,804576000
2002-12-23,0.09864684194326401,0.10101620317034685,0.09742456641010298,0.09772990301513282,498648000
2002-12-24,0.09666075557470322,0.1011684227414953,0.09612526536072709,0.09918233426508732,300336000
2002-12-26,0.09490299224853516,0.09971691160064308,0.09406215856961017,0.09826539785114963,719760000
2002-12-27,0.09131135046482086,0.09772990973997636,0.0904714390490769,0.09750067840802681,702528000
2002-12-30,0.0881020650267601,0.09268675284932949,0.08603895584818955,0.09169370862939287,784740000
2002-12-31,0.08794983476400375,0.09016515402491004,0.08550436195642133,0.08718510658246575,825396000
2003-01-02,0.09406215697526932,0.09513222196304176,0.08856053690374452,0.0916937111262672,1302540000
2003-01-03,0.09406215697526932,0.09742456935260523,0.09245751721843178,0.09436841587087719,1037496000
2003-01-06,0.10170392692089081,0.10323153930148636,0.09627840461173796,0.09635451674438295,1033428000
2003-01-07,0.10139768570661545,0.10605939580845569,0.100251515080122,0.10369002695960232,1498272000
2003-01-08,0.09131135046482086,0.101703917780599,0.0906236496372582,0.09879997476906147,1852524000
2003-01-09,0.09291601181030273,0.09513224767601902,0.09199907260664092,0.09413920316063454,1436076000
2003-01-10,0.09452062845230103,0.0958960369151291,0.09047143746966821,0.0916937130655967,924492000
2003-01-13,0.0937567800283432,0.09895306125025866,0.0932983107476567,0.09811222794729879,849120000
2003-01-14,0.09444454312324524,0.09536148229228673,0.09161762713898687,0.09406217884757369,868524000
2003-01-15,0.09154058247804642,0.0952853592145894,0.09154058247804642,0.09452063080585314,904584000
2003-01-16,0.08535126596689224,0.09131135611525042,0.08412899027399029,0.09016518572114858,2039976000
2003-01-17,0.08214197307825089,0.08420508219248912,0.08107282360257269,0.08305890514880193,1058832000
2003-01-21,0.08007887750864029,0.08542828759019123,0.07984963932844392,0.08367052160677223,967356000
2003-01-22,0.0801558867096901,0.08221899587564722,0.07962039650883834,0.07984962782429424,550992000
2003-01-23,0.08237123489379883,0.08367053844168013,0.08015591438571222,0.08229512957890665,918456000
2003-01-24,0.07771040499210358,0.0820658610016446,0.07633500358421717,0.08168349686885502,897108000
2003-01-27,0.07656427472829819,0.0800027937012622,0.07465429763261809,0.07602969975643063,889116000
2003-01-28,0.07931506633758545,0.0807665802568251,0.07304963933499233,0.07557121155356517,1785480000
2003-01-29,0.08091969788074493,0.08153130024050438,0.07717585031839543,0.07717585031839543,1022040000
2003-01-30,0.07763431966304779,0.08321205250357142,0.07679349273268596,0.08252435162289498,743064000
2003-01-31,0.07885661721229553,0.08099583239308569,0.07465429216516609,0.07534199317670723,949656000
2003-02-03,0.08038514107465744,0.08191275351624694,0.07870347346210721,0.08030811348917707,755556000
2003-02-04,0.07679349184036255,0.0802320030355045,0.0756473214419819,0.07984963880889358,627720000
2003-02-05,0.07748120278120041,0.08061437773740243,0.07717586609544942,0.0784742472607143,581508000
2003-02-06,0.0780927911400795,0.08298281639006763,0.07679349464631778,0.08282969033656645,1226184000
2003-02-07,0.07457725703716278,0.08000277976223912,0.07442504642363351,0.07962041549704074,915156000
2003-02-10,0.07549414783716202,0.07602963782280982,0.07129182590547184,0.07450110402238341,982632000
2003-02-11,0.07411882281303406,0.07832206450271563,0.07373737385090887,0.0761058210969984,850716000
2003-02-12,0.0745011568069458,0.077251974426166,0.0735081191203042,0.07411879934740855,641400000
2003-02-13,0.07541804760694504,0.07618185341760077,0.07373730317841154,0.07580041165278094,889164000
2003-02-14,0.09199903160333633,0.09207605916233362,0.08367049766577159,0.08573360653864014,3548844000
2003-02-18,0.09727144986391068,0.09910532802772237,0.09436842884667382,0.09551459928319879,1740516000
2003-02-19,0.09818839281797409,0.09879998843604801,0.09559070835453107,0.09666077353163811,1141212000
2003-02-20,0.09818839281797409,0.10116844153583195,0.09780694401336346,0.09857075707238892,978132000
2003-02-21,0.09826542437076569,0.09849466259133068,0.09474988495313023,0.0981122982948979,913260000
2003-02-24,0.09948766231536865,0.103079305674997,0.09688998538975771,0.09742456010809762,1137012000
2003-02-25,0.09887608140707016,0.09933455090891476,0.09474986272218287,0.09627839726765684,1239204000
2003-02-26,0.09406215697526932,0.09918233514138983,0.09383292565216986,0.09757769538455228,746892000
2003-02-27,0.09604916721582413,0.09650763672379395,0.09345148304170532,0.09497910215789851,675312000
2003-02-28,0.09643152356147766,0.09666075488090647,0.09031830124626987,0.09306911123798378,1653336000
2003-03-03,0.09482689201831818,0.09933455271026352,0.09360369408085287,0.09757770224755531,702036000
2003-03-04,0.09406215697526932,0.09604916091886714,0.09314521801944393,0.09513222196304176,538392000
2003-03-05,0.09559070318937302,0.09612527802413917,0.09291599811603278,0.09314522946730557,522156000
2003-03-06,0.09398604929447174,0.09574382187027779,0.09360368511743328,0.09482688293776607,548064000
2003-03-07,0.09543756395578384,0.09574382284672832,0.09169370973005114,0.09253453655020713,581148000
2003-03-10,0.09276378154754639,0.09490299619875049,0.09261065550663018,0.09444452669398361,344796000
2003-03-11,0.09345149248838425,0.09497911175899904,0.09238142732228956,0.09345149248838425,417144000
2003-03-12,0.09604916721582413,0.09627839855395194,0.09337446229586122,0.094215296015659,493920000
2003-03-13,0.10560089349746704,0.10621157355380266,0.09841760614225828,0.09887607561725663,1362732000
2003-03-14,0.10254385322332382,0.10697633179813064,0.10178004692270358,0.1059823718302421,1094220000
2003-03-17,0.10850394517183304,0.11056705498432857,0.10063387704740262,0.10086310843469516,1307808000
2003-03-18,0.10766400396823883,0.1093447490250451,0.10544776868991633,0.10812247344855641,932280000
2003-03-19,0.1081986278295517,0.10896243427225985,0.10437775105245244,0.10789328424345078,712992000
2003-03-20,0.1091916412115097,0.1114839821638733,0.10537168098019861,0.1081985967936281,780060000
2003-03-21,0.1081986278295517,0.11331788606376365,0.10330860102364336,0.1129364439832992,1681800000
2003-03-24,0.10414844751358032,0.10697628464721738,0.10315540343327839,0.1037670056721985,839016000
2003-03-25,0.10712853819131851,0.10873317832272002,0.10407238399620607,0.10445474827221993,672828000
2003-03-26,0.11010858416557312,0.11194246257058246,0.10865707688190507,0.10949790394106754,1107840000
2003-03-27,0.10697631537914276,0.11094940145950605,0.10667005644695701,0.10865706062787173,1392732000
2003-03-28,0.10262087732553482,0.1073577773022231,0.10093921631420939,0.10697633528030055,1290684000
2003-03-31,0.09841758757829666,0.10070993452089573,0.09795912502148928,0.09948765235742667,680508000
2003-04-01,0.10132155567407608,0.10239162072528664,0.09826540201116593,0.10048072195955482,533808000
2003-04-02,0.10506541281938553,0.10682317875655624,0.10338466762951137,0.10476006934764358,771900000
2003-04-03,0.10644083470106125,0.10697632503204405,0.10422550758780812,0.10697632503204405,702780000
2003-04-04,0.10231461375951767,0.10689929576447567,0.10185614419267885,0.10674708515264762,513840000
2003-04-07,0.10338468104600906,0.11003247282034934,0.10239163658633105,0.10919164580729336,671256000
2003-04-08,0.10239165276288986,0.10483620481285062,0.10170395170593115,0.10430163667654525,475032000
2003-04-09,0.10185611993074417,0.1055238687600888,0.10170390935517239,0.1027730588460087,694260000
2003-04-10,0.10239165276288986,0.1033846973794561,0.1013976926963407,0.10323156445880273,364104000
2003-04-11,0.1012454479932785,0.10437770687806339,0.10025148826114784,0.10353778863302536,374184000
2003-04-14,0.10300230979919434,0.10330856873965151,0.09941158102256603,0.09971692451324692,445776000
2003-04-15,0.10246773809194565,0.10376704146462136,0.09979303287367952,0.10231461203288193,490212000
2003-04-16,0.10246773809194565,0.10506542255577776,0.10162690427837175,0.10483618436036939,671988000
2003-04-17,0.10430163145065308,0.1045308628475819,0.10109235090335397,0.10323155928652507,520740000
2003-04-21,0.10697631537914276,0.10728165202986238,0.10346077654998312,0.10445473636531626,597144000
2003-04-22,0.10835172235965729,0.10842782766356172,0.10468397275351017,0.10644083021874112,787392000
2003-04-23,0.11079630255699158,0.11148400360864202,0.10735778363530685,0.10819861760642865,606204000
2003-04-24,0.10751089453697205,0.11087330061944345,0.10605938058032961,0.11087330061944345,660912000
2003-04-25,0.10353779792785645,0.10873316658749954,0.10254383810649569,0.1068992884456993,884652000
2003-04-28,0.10667005181312561,0.10858095061078736,0.1035377928022131,0.10476006846517567,674988000
2003-04-29,0.10995634645223618,0.111483965502885,0.10827468591650849,0.10911551960022928,670344000
2003-04-30,0.10949788242578506,0.1123248047894626,0.10888628687156363,0.1093447563827311,466620000
2003-05-01,0.11018559336662292,0.11125474301391837,0.10812248392121947,0.10873316404379031,733368000
2003-05-02,0.12149416655302048,0.12225797952517892,0.11102550051731852,0.11163709606583683,1691088000
2003-05-05,0.12447423487901688,0.13020510121768683,0.12042412079563115,0.12264037022099858,1576164000
2003-05-06,0.12462737411260605,0.1278366546825007,0.12264038317848894,0.1238626591508345,1143864000
2003-05-07,0.12264034152030945,0.1256964813063268,0.12050112701700415,0.12279346755063897,897372000
2003-05-08,0.12271647900342941,0.12760741341441917,0.11958421944193634,0.12111183201087428,1957452000
2003-05-09,0.16329090297222137,0.16451409392801686,0.13983290335543397,0.14388301632212294,9230856000
2003-05-12,0.15870621800422668,0.16734101162439033,0.1574078235808999,0.16367325608733085,3007860000
2003-05-13,0.15572616457939148,0.158171630892488,0.15236467486375826,0.15328160005240768,1824108000
2003-05-14,0.1555739790201187,0.15817165631582913,0.15358697498197058,0.1562616730221406,965580000
2003-05-15,0.16092246770858765,0.16122780432673262,0.15702548051249965,0.15786631418789332,1105656000
2003-05-16,0.16245102882385254,0.16527795160081668,0.15870626510408803,0.1589354964773275,1028916000
2003-05-19,0.15328167378902435,0.1618394504907247,0.15137078809698234,0.16031092229440042,1220484000
2003-05-20,0.15435080230236053,0.1554969728439214,0.15282318976799095,0.1535108975582997,884124000
2003-05-21,0.15977631509304047,0.1598524203935837,0.15358698662507467,0.1544278203935,905472000
2003-05-22,0.16031087934970856,0.16176330183780047,0.1562616812159974,0.16000554270491657,888816000
2003-05-23,0.15947091579437256,0.16352011277896097,0.15878322195145106,0.1604639598588595,867612000
2003-05-27,0.1736065000295639,0.1742180888569024,0.15473317569855413,0.15778932992580805,1677408000
2003-05-28,0.17314796149730682,0.17498183919847882,0.16886953293654755,0.17307185621488919,1235556000
2003-05-29,0.18499208986759186,0.1908760820609638,0.17268955110668383,0.17307190853343046,2297736000
2003-05-30,0.19996841251850128,0.2034839581947955,0.19752386107566053,0.20248999837510262,2142312000
2003-06-02,0.18888908624649048,0.20539396396237616,0.18766681039219707,0.2051647189225428,1566144000
2003-06-03,0.19278603792190552,0.19851688956776156,0.18445749532664157,0.186749835984984,1596804000
2003-06-04,0.19737078249454498,0.1975239085822807,0.1891944478678005,0.19217449714410184,1175604000
2003-06-05,0.20302550494670868,0.2037132127428957,0.192174472806785,0.19477307970961852,1204404000
2003-06-06,0.19683614373207092,0.2120417077194553,0.1953076024262599,0.2109716427257939,1378836000
2003-06-09,0.19446679949760437,0.20065612821430515,0.19148675081955258,0.19561296996401972,720588000
2003-06-10,0.19729459285736084,0.19744680343007015,0.19232754103631525,0.1944667554273597,563304000
2003-06-11,0.19744683802127838,0.19920461083891366,0.19255680607947498,0.19607143626500062,943836000
2003-06-12,0.19446679949760437,0.20096238032829597,0.1938561261692067,0.19882225000266868,1046688000
2003-06-13,0.179337278008461,0.19141058104788342,0.17803889737214348,0.18606208793479914,1826808000
2003-06-16,0.18315818905830383,0.18545052959273517,0.16948023747866348,0.18147743719577056,1904868000
2003-06-17,0.1875135600566864,0.1887358351009604,0.18185880272237362,0.18736043409061168,999852000
2003-06-18,0.19469603896141052,0.198440816293934,0.18415125930077392,0.18567980091182912,1122072000
2003-06-19,0.1828528195619583,0.19652985425421368,0.18185885997997916,0.19553681012177118,1190532000
2003-06-20,0.18094193935394287,0.1849159471830386,0.1780389256100314,0.18483892644337002,937848000
2003-06-23,0.17452336847782135,0.18170665528212124,0.1709326473569508,0.18078971640244748,734784000
2003-06-24,0.17414192855358124,0.17727418710139314,0.1685632881421152,0.17345422097027058,1008816000
2003-06-25,0.1752880960702896,0.18170665453830515,0.17391269458812236,0.17460040216091913,1060620000
2003-06-26,0.17551739513874054,0.17788585535921103,0.17032111012806087,0.1758227455077031,960540000
2003-06-27,0.1723841428756714,0.17918507191268832,0.17154332299914787,0.17758042556216022,709104000
2003-06-30,0.17505885660648346,0.17811500967942,0.17268949562476515,0.17467649930258108,544128000
2003-07-01,0.18224124610424042,0.18247047741995714,0.1712379926521406,0.1728426391890117,977016000
2003-07-02,0.18170669674873352,0.18629139219335863,0.1791851245017618,0.18392201688735663,846828000
2003-07-03,0.17964357137680054,0.1843043717127205,0.17712199935213527,0.17750344127927972,420912000
2003-07-07,0.1914106160402298,0.19240366029672878,0.18201202239561892,0.18208812768750104,832200000
2003-07-08,0.18927143514156342,0.19179302115839195,0.1856797975999019,0.18613826033199982,602856000
2003-07-09,0.19362689554691315,0.19675915506514205,0.18888908727186388,0.1891944239587733,755352000
2003-07-10,0.18567979335784912,0.19003524386699433,0.1823944080125202,0.18758977687487688,644568000
2003-07-11,0.18667282164096832,0.1890421831247164,0.18506817492705577,0.18789601275624826,495000000
2003-07-14,0.185221329331398,0.19255681480628123,0.1843043902311802,0.1914106443468664,694344000
2003-07-15,0.17918507754802704,0.18881291496371294,0.17742730513298402,0.18797208139731988,1143456000
2003-07-16,0.17696891725063324,0.18338747823745544,0.17268957144277788,0.18254664431609088,880476000
2003-07-17,0.1681048423051834,0.1738357079891659,0.16581250149696203,0.1716203879301514,853764000
2003-07-18,0.16245102882385254,0.16535405690861568,0.15641391038140182,0.16481947519090726,1280832000
2003-07-21,0.16000552475452423,0.16390249819009126,0.15618464294575649,0.1633679302592429,985140000
2003-07-22,0.1626802533864975,0.1657364074087555,0.1617633142684967,0.16451413162249912,582444000
2003-07-23,0.16481947898864746,0.1658125234757164,0.1576371189643472,0.16252713787657205,605328000
2003-07-24,0.15840086340904236,0.1690217450770722,0.15702546195205427,0.16779946963588405,1116828000
2003-07-25,0.16092246770858765,0.16183939301267644,0.15282315669826665,0.15870623241363313,1002084000
2003-07-28,0.1559554487466812,0.16260324059859893,0.15526774095862986,0.16222179860704228,703752000
2003-07-29,0.14571690559387207,0.15404544882448884,0.1402913901617615,0.1418199316427759,2794788000
2003-07-30,0.14411230385303497,0.14686310798644545,0.1431953645874208,0.1451814537523785,788724000
2003-07-31,0.14586909115314484,0.1496138675242161,0.14434147904755662,0.14747373765898444,897600000
2003-08-01,0.15068301558494568,0.15190620653007,0.14449368825814538,0.14594612417581637,767556000
2003-08-04,0.15633778274059296,0.15908859981680112,0.14961388658878164,0.15053082561418435,1428852000
2003-08-05,0.15587927401065826,0.16405560386352316,0.1545799779850262,0.16038784884541912,1063488000
2003-08-06,0.1495368629693985,0.15587931706501718,0.14579300164278344,0.15381620771335247,1025868000
2003-08-07,0.1474737823009491,0.15129466511587392,0.14548769330815528,0.14915545005267297,1040340000
2003-08-08,0.1184380054473877,0.1269957780174074,0.1166041277464377,0.12646119647804854,3767580000
2003-08-11,0.12485650926828384,0.12646114130902042,0.1195841234257152,0.12034792226520101,1675752000
2003-08-12,0.1273781806230545,0.12768351731080016,0.12439813171518876,0.1264612414465242,764160000
2003-08-13,0.12821808457374573,0.130281194072306,0.12470346799640432,0.1279127479204504,693552000
2003-08-14,0.12378649413585663,0.12577349777512922,0.12241107908106044,0.12393962014435124,1527696000
2003-08-15,0.12340418249368668,0.12416891111767171,0.12225801183936717,0.12302274046335221,217716000
2003-08-18,0.12707188725471497,0.12707188725471497,0.12317490043476553,0.12539113551580827,717684000
2003-08-19,0.13677680492401123,0.13754061811450238,0.12982274641889086,0.12989976718656998,1403976000
2003-08-20,0.134865865111351,0.1373874371153709,0.13188581677532774,0.134865865111351,870348000
2003-08-21,0.1385335624217987,0.13983287203719091,0.136011991237381,0.13815212062175974,644748000
2003-08-22,0.1395276039838791,0.14884917879748497,0.13945056956312957,0.14686308987742286,1002396000
2003-08-25,0.13876284658908844,0.1422013574485056,0.13754057101096248,0.1422013574485056,434028000
2003-08-26,0.13654758036136627,0.13906915324880348,0.13280280230253866,0.13700604319056106,768984000
2003-08-27,0.14067377150058746,0.14212527867414004,0.1360120550802001,0.13746449136700187,567816000
2003-08-28,0.13700595498085022,0.1428129239091624,0.13540132244835976,0.1420491111721794,828312000
2003-08-29,0.13883984088897705,0.1394505140052022,0.1362412350815865,0.13677673203355087,532884000
2003-09-02,0.1376165896654129,0.14250751979810405,0.1369288824611079,0.1412843295403953,711456000
2003-09-03,0.13494285941123962,0.140062121374356,0.13425516554314376,0.13967976407557803,849972000
2003-09-04,0.13624122738838196,0.13945050613077764,0.13448438430317183,0.1354774283114934,740064000
2003-09-05,0.14273689687252045,0.14594617735997253,0.1348658994506638,0.13647054652610566,1198740000
2003-09-08,0.14930762350559235,0.15098927717526595,0.14327142181980973,0.14502919444423323,1508712000
2003-09-09,0.15847696363925934,0.1640556173488657,0.1431952965431017,0.14518138476429923,2489436000
2003-09-10,0.1476268768310547,0.15809554942951004,0.14640460121512083,0.1539693308052047,1380624000
2003-09-11,0.14571690559387207,0.1539693435241943,0.1398329274604899,0.14961389320839738,2612736000
2003-09-12,0.14785610139369965,0.15106538088085328,0.14288906296400125,0.1444936958758644,1162404000
2003-09-15,0.14541064202785492,0.14984311274420725,0.14487607406843836,0.14907838433912124,596028000
2003-09-16,0.14991921186447144,0.15037768817414113,0.1457168881034222,0.1457168881034222,620736000
2003-09-17,0.15167701244354248,0.15458004042870827,0.1496139028283076,0.1508361786238005,902784000
2003-09-18,0.15282319486141205,0.1528993001725399,0.1491554517388618,0.15083619039628315,603492000
2003-09-19,0.15160001814365387,0.15557402745723606,0.15022461604795806,0.1545800674038551,648096000
2003-09-22,0.14563991129398346,0.14892621254005525,0.14441763535509905,0.14861996038375322,735504000
2003-09-23,0.1470153033733368,0.14785613723488414,0.143959162839466,0.1458691328260455,628932000
2003-09-24,0.13585984706878662,0.14518143552490387,0.135630615697021,0.14388305438802607,1600668000
2003-09-25,0.13394898176193237,0.13937449906122307,0.13333830824990972,0.13692903133606296,736776000
2003-09-26,0.12882967293262482,0.13394893628790974,0.1270719137562122,0.13356749433490725,895908000
2003-09-29,0.1218765377998352,0.12669045055098274,0.11996563902340196,0.1223350004757813,1944996000
2003-09-30,0.12202874571084976,0.12615496435741855,0.12034799375901999,0.120806470088321,1020888000
2003-10-01,0.12302270531654358,0.12447421227043273,0.12195264028401337,0.12225797691103661,877224000
2003-10-02,0.124932661652565,0.12669042030402772,0.12187650870218703,0.12225795054127293,857628000
2003-10-03,0.12821808457374573,0.13142736449779183,0.12615497507518544,0.12837121062527304,862812000
2003-10-06,0.12722505629062653,0.12974662881292634,0.1261549910306878,0.12844733217158416,377028000
2003-10-07,0.1283712089061737,0.1283712089061737,0.12546726567431146,0.127225038496037,510588000
2003-10-08,0.12386268377304077,0.12951743286165676,0.12309887044594511,0.12837126197766788,739440000
2003-10-09,0.12562042474746704,0.1305104579861639,0.12462738012575085,0.1256965300673388,852408000
2003-10-10,0.12783664464950562,0.12875358383514457,0.1260788852518854,0.1276074132689536,413976000
2003-10-13,0.12913496792316437,0.13180966502390307,0.12829504996317023,0.12928809390861554,434904000
2003-10-14,0.1315043866634369,0.13188582862172057,0.1269958102138649,0.1277596095802014,623556000
2003-10-15,0.12982268631458282,0.13547744543730836,0.12898278185865908,0.1330319654626661,703488000
2003-10-16,0.1314273476600647,0.13188581030615168,0.12798883682412981,0.12997582710381492,446088000
2003-10-17,0.1273011565208435,0.1331851352091625,0.12714894590589895,0.13066356278749278,459696000
2003-10-20,0.13012896478176117,0.1302811753616691,0.12661341959612452,0.12737814795760272,467388000
2003-10-21,0.13410206139087677,0.13662364723208187,0.13066355014933792,0.13249742827686362,758724000
2003-10-22,0.13180971145629883,0.13509509642087433,0.13112201745356208,0.1320389427905444,620952000
2003-10-23,0.13119813799858093,0.1337197102952403,0.12967051189897755,0.12989974325986844,451524000
2003-10-24,0.13073967397212982,0.13188584454836103,0.12867656420222745,0.12989975553923178,447084000
2003-10-27,0.1314273476600647,0.13295587529366282,0.13051040870446323,0.1314273476600647,254460000
2003-10-28,0.13967977464199066,0.1404444892973953,0.1325735084901177,0.13318509712452606,956064000
2003-10-29,0.13967977464199066,0.14136142818764602,0.13547745118186605,0.1355535564675758,494004000
2003-10-30,0.1370820850133896,0.14334751760739423,0.13685285370497594,0.14327141232111754,581256000
2003-10-31,0.13509513437747955,0.13945058560557466,0.1329559191465218,0.13830441494888815,598152000
2003-11-03,0.1376165896654129,0.14021518066831268,0.13379662563952927,0.1344073121510212,773724000
2003-11-04,0.13807518780231476,0.14097913174826485,0.13715824851604166,0.14059676059199144,700896000
2003-11-05,0.13861064612865448,0.1399860478401828,0.1330319912087574,0.13524822665190248,882024000
2003-11-06,0.13883984088897705,0.14136141230630903,0.13631825580822007,0.1406737184634503,1175280000
2003-11-07,0.1661948412656784,0.1685632869274285,0.16199251783726606,0.16550713368732345,4292820000
2003-11-10,0.16573642194271088,0.16902180761671756,0.16474337743301398,0.1667294664524078,1210056000
2003-11-11,0.1616101861000061,0.164819466139404,0.15870625638830807,0.1619925571811176,799140000
2003-11-12,0.16374941170215607,0.16428490887537453,0.16031090007688026,0.16107562862576433,617664000
2003-11-13,0.16382642090320587,0.16611877548843573,0.16283246104877677,0.1637494001501828,580332000
2003-11-14,0.15412156283855438,0.16428490022548592,0.15366310011136206,0.16428490022548592,888420000
2003-11-17,0.1525169014930725,0.1543507657269537,0.14976608464710967,0.15121852064199706,599880000
2003-11-18,0.15030165016651154,0.1581717196108695,0.14976615287632103,0.15626173555286915,991428000
2003-11-19,0.15450391173362732,0.15511550043197767,0.15083615578915832,0.15137073740759754,567552000
2003-11-20,0.15037772059440613,0.1554208654440429,0.14976611812091822,0.15205845917319502,738852000
2003-11-21,0.15098926424980164,0.15244078468538946,0.14808533525591278,0.15221153971797516,543240000
2003-11-24,0.16008161008358002,0.16046396738629765,0.15137071169054206,0.15244077653186686,940644000
2003-11-25,0.16283245384693146,0.16420786926992267,0.15893547991760054,0.1607693443758737,822804000
2003-11-26,0.16298557817935944,0.16604171805930948,0.15992942463598162,0.16550715011117462,430032000
2003-11-28,0.1622217297554016,0.1633678998067321,0.16084632842648997,0.16290943725156984,206136000
2003-12-01,0.16451410949230194,0.1657363851141396,0.1621447480933209,0.16405564682668822,526980000
2003-12-02,0.16382642090320587,0.1671879115328831,0.16283246104877677,0.1635201687906887,574740000
2003-12-03,0.162144735455513,0.16963335920408587,0.1617632799002587,0.16428486535488218,710028000
2003-12-04,0.16130490601062775,0.16558333726388216,0.15748402218935917,0.16268030832035965,521952000
2003-12-05,0.1561085432767868,0.16199253450708173,0.15480924693493486,0.1574839449116058,559848000
2003-12-08,0.15725474059581757,0.1588593874982713,0.1547331682215962,0.15610857009267784,340980000
2003-12-09,0.1490783840417862,0.15847699162891002,0.14900227874764418,0.1569493793845729,598128000
2003-12-10,0.15236468613147736,0.15320459065015976,0.14900226705422093,0.14907837234239033,568656000
2003-12-11,0.16008161008358002,0.16199250847450242,0.15198230028498685,0.15228763685745078,694872000
2003-12-12,0.15924173593521118,0.16329093422735325,0.15664314295187937,0.1622217845404534,700692000
2003-12-15,0.1560324877500534,0.16413180143348388,0.15557402494669728,0.16390255636837361,622752000
2003-12-16,0.1581716537475586,0.15916469802566546,0.15236469687975052,0.15511550017002895,601728000
2003-12-17,0.15511548519134521,0.157407825599694,0.15251689273907534,0.15687234224762334,499116000
2003-12-18,0.1586301326751709,0.16023477947857492,0.1552677266793424,0.15542085273179213,436728000
2003-12-19,0.16099855303764343,0.16504866576543586,0.15924169606222924,0.16260318578425953,916956000
2003-12-22,0.1612277328968048,0.16161009008732788,0.15702541094435796,0.15863004317902876,371184000
2003-12-23,0.16779951751232147,0.16940416438949932,0.160540123514557,0.1606171442692053,722760000
2003-12-24,0.16657717525959015,0.16825792677100457,0.16611871271385034,0.16772334528736416,210852000
2003-12-26,0.1737595647573471,0.17475260889600097,0.1671878667514809,0.1678755743091898,363960000
2003-12-29,0.18109510838985443,0.18170669715815452,0.1762050762756376,0.17704499461448042,756624000
2003-12-30,0.18147745728492737,0.18491596846721,0.1790319904494055,0.17918511649673896,550884000
2003-12-31,0.1772741824388504,0.18224123408547624,0.17437115527401997,0.18140040050333642,497268000
2004-01-02,0.17635726928710938,0.1825465972862842,0.17635726928710938,0.18010204602964575,436416000
2004-01-05,0.18208813667297363,0.18331132776478154,0.1774273363280114,0.17903198301113207,575292000
2004-01-06,0.189500629901886,0.1920222015863828,0.18071269659712036,0.18155353019628506,1093344000
2004-01-07,0.19118140637874603,0.1920983454472663,0.1860621430330931,0.18736053771732733,673032000
2004-01-08,0.19186916947364807,0.19446684771475992,0.19003529080730988,0.19354990838159083,433752000
2004-01-09,0.19461987912654877,0.19698833846139696,0.18904215418207607,0.190569779915295,766584000
2004-01-12,0.19683614373207092,0.19744681696393546,0.1934737245045166,0.1953076024262599,541980000
2004-01-13,0.18667282164096832,0.1977530833904457,0.18460971224503994,0.19584218458871344,865800000
2004-01-14,0.1852973997592926,0.19026443807735172,0.1835405426424423,0.18758974024667574,544872000
2004-01-15,0.18560369312763214,0.1871313056050365,0.18063664004052069,0.18392202547565525,609204000
2004-01-16,0.1884305775165558,0.1900352104232744,0.18575586597091107,0.18751363857124773,451728000
2004-01-20,0.19370293617248535,0.19400827273589513,0.18858367430842393,0.19072288847812244,487764000
2004-01-21,0.1847628355026245,0.19286214692028605,0.1844574988691232,0.1920983339482544,494460000
2004-01-22,0.18048349022865295,0.1887359276649278,0.17826817027810754,0.18575587929478096,605724000
2004-01-23,0.17643430829048157,0.18315821861175513,0.176051950877646,0.17956656753676806,482472000
2004-01-26,0.18338744342327118,0.18415124277189704,0.17620507064289034,0.17758047240369473,393684000
2004-01-27,0.17291879653930664,0.1826236584304612,0.1715433945674796,0.1797197147502581,934104000
2004-01-28,0.17246030271053314,0.17788583206582173,0.17154337726409183,0.17513501473620838,615204000
2004-01-29,0.16741713881492615,0.1738356981811759,0.16161016815911428,0.17299577992179752,929700000
2004-01-30,0.17001567780971527,0.17383564320902567,0.16604167096939482,0.16703563040417546,466464000
2004-02-02,0.1727665215730667,0.17612801132093536,0.16963334767501123,0.17139112011347707,560844000
2004-02-03,0.17215496301651,0.17528813771028848,0.16986262211387299,0.1723080890714885,418032000
2004-02-04,0.16749414801597595,0.17108486937717027,0.16726491669657187,0.16970946779731844,436800000
2004-02-05,0.17001567780971527,0.17192566050937047,0.16734098060141625,0.16841104530730086,331980000
2004-02-06,0.17391270399093628,0.17635725505023225,0.1713140977917192,0.17223103671721493,471132000
2004-02-09,0.1726895123720169,0.17803892166447943,0.17261340708366374,0.17521108416021977,373992000
2004-02-10,0.17903199791908264,0.17918512397280492,0.17314800599235394,0.17322502674410126,509700000
2004-02-11,0.1852973997592926,0.18590898841863834,0.18071270512109927,0.1813243074438721,737808000
2004-02-12,0.17971967160701752,0.18529741079381878,0.17689276303037224,0.18430436651823104,974892000
2004-02-13,0.17803893983364105,0.18254660050276295,0.17345424475526894,0.17498187070273447,1747500000
2004-02-17,0.18002501130104065,0.1805604946719545,0.17628115029900904,0.17872661681537225,575976000
2004-02-18,0.18002501130104065,0.18147743360024565,0.17880272210423934,0.1805604946719545,320244000
2004-02-19,0.17994892597198486,0.18545054648854054,0.17956655492258053,0.18224126671526403,631032000
2004-02-20,0.18445754051208496,0.18491600329068905,0.17864965303590677,0.1796436130195848,618120000
2004-02-23,0.17803893983364105,0.1844574992799336,0.17559345942079913,0.1841512335326219,853332000
2004-02-24,0.17093266546726227,0.1771980986061447,0.169021766771057,0.1749818632886953,708384000
2004-02-25,0.17192573845386505,0.1752111238826887,0.17009186019390415,0.1720018437594722,652512000
2004-02-26,0.17307187616825104,0.1747526280488236,0.17093266164124254,0.17444727777098637,344976000
2004-02-27,0.17001567780971527,0.17360641194631274,0.1674170858725202,0.17345418774068094,595548000
2004-03-01,0.17253728210926056,0.17284261867744372,0.16932800307979676,0.16955723436831016,506628000
2004-03-02,0.16932807862758636,0.17398886641069308,0.1686403707917915,0.17276659047969758,813348000
2004-03-03,0.1671118289232254,0.16886960206150534,0.16436102490888127,0.16886960206150534,552492000
2004-03-04,0.17077957093715668,0.1710849076147292,0.1674171646942396,0.16879256658149439,413352000
2004-03-05,0.16955724358558655,0.1734542166924333,0.1663479643816636,0.1669586375512266,354888000
2004-03-08,0.1636732518672943,0.17192568794947663,0.16237395569132332,0.16963334762963178,465168000
2004-03-09,0.16252711415290833,0.1652018259854839,0.15977631068531783,0.16504869993886656,371232000
2004-03-10,0.1601586639881134,0.16535403236084967,0.1590124936286412,0.16359717506653004,481692000
2004-03-11,0.1589355170726776,0.16367332587056926,0.15801857779746944,0.15801857779746944,526872000
2004-03-12,0.16229787468910217,0.16428487872366837,0.15931782636209493,0.16107559906306707,377952000
2004-03-15,0.1586301326751709,0.16199255233442872,0.15763710195865963,0.1613048446096228,421224000
2004-03-16,0.1654309779405594,0.16619479057106304,0.15954698911055648,0.16061705368732515,597504000
2004-03-17,0.16948020458221436,0.17108483717948292,0.16741709576899427,0.1681047895977845,524592000
2004-03-18,0.17139114439487457,0.17345424004482973,0.16810483035172344,0.16856330667882416,528048000
2004-03-19,0.16940411925315857,0.17223102750362693,0.16841107509215117,0.17047418414829274,452964000
2004-03-22,0.1681048423051834,0.16940415242139473,0.16428488914578557,0.1668064613021433,576708000
2004-03-23,0.16879257559776306,0.17223108733128772,0.1668825918968438,0.17039722260479986,576036000
2004-03-24,0.17635726928710938,0.17918510703012785,0.16810483195487627,0.16848720299157044,787344000
2004-03-25,0.18659669160842896,0.18751363051433886,0.17803891852103634,0.1783442551186666,997128000
2004-03-26,0.18606211245059967,0.18896513978001028,0.18354054067420428,0.18606211245059967,551604000
2004-03-29,0.19408531486988068,0.19660688660906742,0.1883544637974441,0.18873590568140378,985764000
2004-03-30,0.1998923271894455,0.20080926635041962,0.19263293287326255,0.1927860726028994,724956000
2004-03-31,0.20172616839408875,0.20386538300499032,0.19981618511539484,0.20088533469600633,604752000
2004-04-01,0.19813454151153564,0.2060816288948892,0.1930913836280141,0.20195541005050144,1319508000
2004-04-02,0.2009623944759369,0.2037893172960071,0.19637771228751638,0.20249002068112656,649740000
2004-04-05,0.20814481377601624,0.20898564782191145,0.19989237309547572,0.19989237309547572,576744000
2004-04-06,0.19973912835121155,0.20546999260348575,0.1986699789634071,0.20401847225096986,624096000
2004-04-07,0.19867001473903656,0.20134381097125953,0.19515448302270047,0.20126770567710303,447864000
2004-04-08,0.2043238878250122,0.206310892257515,0.2015730839441248,0.2031016119541924,447096000
2004-04-12,0.2005038857460022,0.20684542406220333,0.1992806947205645,0.2059284851020914,443784000
2004-04-13,0.1958422213792801,0.2024900271613544,0.1948491905316014,0.20233781653856428,442704000
2004-04-14,0.19683614373207092,0.2005038859121299,0.19263289083521623,0.19484913977753787,512016000
2004-04-15,0.18652065098285675,0.19500232172359538,0.18567981707246298,0.19416148781320158,828084000
2004-04-16,0.18040737509727478,0.18583288990878294,0.180025017740034,0.1857558691675463,654864000
2004-04-19,0.18017813563346863,0.18147743189310234,0.17696885624635264,0.18025424092161982,522804000
2004-04-20,0.17253728210926056,0.18262358177467874,0.17246024771666127,0.1806365781308771,513804000
2004-04-21,0.1727665215730667,0.17880270895684355,0.17146722539674814,0.1732249841717879,688812000
2004-04-22,0.1737595647573471,0.17666350734000041,0.16757023772824486,0.1711618742051811,695520000
2004-04-23,0.17758044600486755,0.18056049409645872,0.1753642108117841,0.17589879239480644,443928000
2004-04-26,0.1706264764070511,0.17872669227714655,0.17016799991761458,0.1779619772671396,429912000
2004-04-27,0.169174924492836,0.17719813179521018,0.16856333568613444,0.17261344971581372,494568000
2004-04-28,0.16848725080490112,0.17184965746492747,0.1671879403999706,0.1692510503184984,468768000
2004-04-29,0.16382642090320587,0.16864034776973005,0.16161018528464116,0.16749417730882993,645048000
2004-04-30,0.15679627656936646,0.16390253089765625,0.15618467411318476,0.16290950012802188,512928000
2004-05-03,0.15480922162532806,0.16008160963748913,0.15205840514199054,0.15847696327301916,610668000
2004-05-04,0.1646663397550583,0.1666533440202042,0.15664314650422653,0.15702550392114828,772380000
2004-05-05,0.16604174673557281,0.16749418302196153,0.1634440690624377,0.16481947092974608,464280000
2004-05-06,0.16741713881492615,0.16871643519440083,0.16084636885833486,0.1643609851718334,711348000
2004-05-07,0.1687164455652237,0.17551736272475366,0.1677995065046207,0.1723080828443577,956772000
2004-05-10,0.162144735455513,0.16596560351133427,0.15855400050081458,0.16420784461682902,669072000
2004-05-11,0.16611874103546143,0.16772337388254938,0.16352013487666447,0.16420784247594608,399936000
2004-05-12,0.16382642090320587,0.1654310677465238,0.15809556859870535,0.16520183638702973,482328000
2004-05-13,0.16436098515987396,0.16734103350757912,0.16199253918599038,0.16245100185636277,347952000
2004-05-14,0.16436098515987396,0.16795262221797247,0.1635201514508662,0.16504869282886075,459000000
2004-05-17,0.1617632508277893,0.1641317098302511,0.15931778476454125,0.1619924957649561,308340000
2004-05-18,0.16436098515987396,0.16627096846338518,0.16260321244669323,0.16321481482051478,204420000
2004-05-19,0.16397859156131744,0.17039716370747113,0.16313868708098117,0.16802870439600828,498276000
2004-05-20,0.1616101861000061,0.16642411299081777,0.16076935229759337,0.16367329567272115,421488000
2004-05-21,0.16199249029159546,0.16374933336138736,0.1597762555769712,0.16352010209539034,282096000
2004-05-24,0.16145707666873932,0.16329095506964422,0.15954709295637814,0.16168630805299464,301620000
2004-05-25,0.16848725080490112,0.1692510503184984,0.15885940907291524,0.1621447949666199,681264000
2004-05-26,0.17192573845386505,0.1742180794471011,0.16749418252842335,0.16848722696401097,524568000
2004-05-27,0.17246030271053314,0.17735125037523317,0.17223107134892282,0.17475265731692582,556548000
2004-05-28,0.17918507754802704,0.18017812167893393,0.17322498186351515,0.17460039696820306,637980000
2004-06-01,0.17903199791908264,0.18086586242808964,0.17589882325100856,0.17612805460670575,318420000
2004-06-02,0.1776566058397293,0.18422830636189175,0.17750347976585387,0.1833874724669849,643800000
2004-06-03,0.1690988391637802,0.17811509198708994,0.16856335560096394,0.17773272084306674,700824000
2004-06-04,0.16741713881492615,0.1729187591769362,0.1672649282245846,0.17253731725139176,649608000
2004-06-07,0.17146725952625275,0.17337722924800236,0.1680287346977223,0.1701679494278884,571956000
2004-06-08,0.16841106116771698,0.17077950661585067,0.1658894760501282,0.17047417005327817,615000000
2004-06-09,0.16054008901119232,0.1696333592961351,0.1600055210925783,0.1694041279810705,498336000
2004-06-10,0.1589355170726776,0.16344409446762528,0.15748399601048826,0.16313875774702033,564516000
2004-06-14,0.15396937727928162,0.15809559714904411,0.15274618584446342,0.15809559714904411,424752000
2004-06-15,0.1562616229057312,0.1586300681078238,0.15480920095962208,0.1565669731000082,394584000
2004-06-16,0.15381619334220886,0.15679624142323326,0.1532045910231188,0.1558031972127613,252576000
2004-06-17,0.15076005458831787,0.15656702528700764,0.14999532616877304,0.15282316394723386,482376000
2004-06-18,0.15098926424980164,0.15519158766009772,0.14900226047186463,0.1515999510908186,534336000
2004-06-21,0.14831459522247314,0.1535869845502449,0.14732155086637658,0.1512185384409906,266568000
2004-06-22,0.1525169014930725,0.15320459545699266,0.1481614517345352,0.14915541142338176,430308000
2004-06-23,0.15511548519134521,0.15572617204344893,0.15167697457882204,0.15205841645934962,264660000
2004-06-24,0.15374012291431427,0.1597763257334223,0.1525939524176311,0.1592417440310795,590652000
2004-06-25,0.1547330915927887,0.15656696895498926,0.15297531949893858,0.15480919686113911,329124000
2004-06-28,0.15343382954597473,0.15748392874161218,0.152823142702186,0.15694936084640262,299376000
2004-06-29,0.15870621800422668,0.15893544930943632,0.15374008170726688,0.15435075488811198,363852000
2004-06-30,0.15641386806964874,0.15885934819624487,0.1545038986291722,0.1545038986291722,329268000
2004-07-01,0.14923147857189178,0.15840083838798477,0.14900223364575033,0.15817160712526723,505620000
2004-07-02,0.1471683830022812,0.1509122298009446,0.14602221292307577,0.15083612452305348,294948000
2004-07-06,0.1385335624217987,0.14693912307088577,0.13692892993992117,0.14541059585913818,575388000
2004-07-07,0.13922129571437836,0.14319530324170857,0.13853358814392766,0.1402913606052513,344136000
2004-07-08,0.13494285941123962,0.1402152473837687,0.13471362812187432,0.13792290716326483,430056000
2004-07-09,0.12913496792316437,0.13494283829505438,0.12661338314445347,0.1347897123096032,1114500000
2004-07-12,0.12615489959716797,0.1291349463858516,0.12447414850813356,0.12554421299251967,676044000
2004-07-13,0.1259257197380066,0.12989971371301287,0.12455030455865224,0.12768347858504622,567108000
2004-07-14,0.1203479915857315,0.12485658118576523,0.11790252493515363,0.12149416189314398,901608000
2004-07-15,0.11950719356536865,0.12286959981359531,0.11874338048188483,0.12157030323122389,611352000
2004-07-16,0.11599253863096237,0.12332803660332577,0.11599253863096237,0.12317491057160442,464700000
2004-07-19,0.11729183048009872,0.11859021113879648,0.11469322460027902,0.11629787093852456,461088000
2004-07-20,0.11966028809547424,0.12011875071665527,0.11606863775931833,0.11721480797569768,341544000
2004-07-21,0.11240092664957047,0.12164732531842504,0.11201947782857385,0.12149418558937587,613416000
2004-07-22,0.11477029323577881,0.11538098028735949,0.11003247801783102,0.1137002279682636,521460000
2004-07-23,0.11171319335699081,0.11568720121062334,0.11094938727127708,0.11553407517996954,371496000
2004-07-26,0.10858092457056046,0.11415864901944205,0.10751085975809617,0.11316560493515414,503208000
2004-07-27,0.11217167973518372,0.11247793867435792,0.10575311979477237,0.1091155326504225,789888000
2004-07-28,0.10934476554393768,0.11232481420034589,0.10621159083164619,0.11194244995381554,505116000
2004-07-29,0.11652711033821106,0.1193549477022403,0.11033778316853524,0.11087327334099205,747360000
2004-07-30,0.117826446890831,0.11996566196462108,0.11484639793701684,0.11507562931882616,403956000
2004-08-02,0.1193549782037735,0.11981344092753639,0.11591645312183257,0.11790254195179999,420984000
2004-08-03,0.11316563934087753,0.11996564805870939,0.11224870708821168,0.11988954275688699,741540000
2004-08-04,0.11438791453838348,0.11545797960718242,0.11179023033786867,0.11194244093169904,507816000
2004-08-05,0.11125475913286209,0.11614569352045721,0.10926867014836655,0.11561021000120568,859920000
2004-08-06,0.07205567508935928,0.07793965977487563,0.07106263077027736,0.07725195892393008,5088948000
2004-08-09,0.07526493817567825,0.0769465984231681,0.07266725455826123,0.07388952994652838,1579212000
2004-08-10,0.08122505247592926,0.08198978097707264,0.07816889848417055,0.07946820184359232,2051916000
2004-08-11,0.07885661721229553,0.08015591392092695,0.0783220422795786,0.08015591392092695,963816000
2004-08-12,0.0770227387547493,0.07931508001482554,0.07686961267589422,0.07908584862150425,654384000
2004-08-13,0.08023200184106827,0.08076657665788929,0.0781688924220114,0.07885660011617326,815700000
2004-08-16,0.07946821302175522,0.08145429529481367,0.07885661732380014,0.07931508011099862,531732000
2004-08-17,0.08382364362478256,0.08428211313141402,0.0804612378685376,0.08122504400854738,744912000
2004-08-18,0.08940137922763824,0.08940137922763824,0.0835173939498115,0.08420510170169929,872424000
2004-08-19,0.08909603208303452,0.09047144059335095,0.08772062357271808,0.08886680074717218,724404000
2004-08-20,0.09436841309070587,0.09566679391368418,0.08833129614661843,0.08863755503320365,1199040000
2004-08-23,0.09643152356147766,0.09742456779255393,0.09536145859084008,0.09589603335134508,800028000
2004-08-24,0.09283989667892456,0.098265412351886,0.0910060252972847,0.09780694279854732,939420000
2004-08-25,0.09681297838687897,0.09750068610041283,0.09314522896431841,0.09490300179136092,721308000
2004-08-26,0.09704222530126572,0.09765382093802627,0.09589605478452042,0.09666077648500035,612720000
2004-08-27,0.09887608140707016,0.10025148991260396,0.09704221023140587,0.09711923097622097,565128000
2004-08-30,0.09559070318937302,0.09902922128046676,0.095514597888867,0.0984946464457006,628056000
2004-08-31,0.09520833194255829,0.09643152985422573,0.0922282904369496,0.09597306035373653,587064000
2004-09-01,0.09704222530126572,0.09841762718867401,0.09276379536172327,0.09398607118541219,591744000
2004-09-02,0.10101625323295593,0.10178006651230287,0.09658378063674718,0.09750072001930403,770088000
2004-09-03,0.09795913100242615,0.0999461278482003,0.09711921289988201,0.09795913100242615,715056000
2004-09-07,0.0961252897977829,0.10063387356038525,0.09482690861794914,0.09857076381937756,727332000
2004-09-08,0.09413918107748032,0.09704220863091935,0.09390994974619571,0.09620229038589775,834984000
2004-09-09,0.10353779792785645,0.10521854318677788,0.09597306767221703,0.09643153720766709,1299324000
2004-09-10,0.10751089453697205,0.10804546939138857,0.10147469190091483,0.10178003539563228,1039344000
2004-09-13,0.10957395285367966,0.11171316685400516,0.10720550758657384,0.10735771813148251,967752000
2004-09-14,0.11003246903419495,0.11079628209539204,0.10774012806422681,0.10858096188006539,683556000
2004-09-15,0.10391924530267715,0.10697631457622189,0.10254383671499107,0.10667005564633479,1163904000
2004-09-16,0.10781621932983398,0.10888628437064547,0.10529464049218601,0.10567700469789862,810024000
2004-09-17,0.11224871873855591,0.11285939894777378,0.10774013498224229,0.10865707416179238,1003800000
2004-09-20,0.11209554225206375,0.1153048281326408,0.10865703191330034,0.1100324333161206,794628000
2004-09-21,0.11507558077573776,0.11599251957960771,0.11324170999971046,0.1146171182055154,503904000
2004-09-22,0.10972711443901062,0.11477026511538765,0.10919162421151517,0.11201945503448074,625920000
2004-09-23,0.1107201874256134,0.11133178310417205,0.10781624372518371,0.11102552412408755,578664000
2004-09-24,0.10735774040222168,0.11133174813744014,0.10575310070675004,0.11117862211134905,476316000
2004-09-27,0.10544779151678085,0.10774013258289068,0.10353780789049423,0.10651785674180922,406020000
2004-09-28,0.10697631537914276,0.10789324761276775,0.10376703548216887,0.10521854254870565,474840000
2004-09-29,0.10957395285367966,0.11263010558455058,0.10552384750210374,0.10689924876620979,537228000
2004-09-30,0.11094940453767776,0.11347098362146277,0.10873316894479838,0.11079627848319386,619680000
2004-10-01,0.11553407460451126,0.11614566327444575,0.11094938671865445,0.11148396148054208,590412000
2004-10-04,0.1188194677233696,0.12034799544433973,0.11629789569890088,0.11652712703504743,673932000
2004-10-05,0.11614569276571274,0.11897261560418695,0.11507562752060069,0.11591646138748549,633180000
2004-10-06,0.11660414189100266,0.11713870983178089,0.11324172949211175,0.11591643425386813,498504000
2004-10-07,0.11729183048009872,0.12141803464253294,0.1166802282339279,0.1187433371468577,798072000
2004-10-08,0.11087331175804138,0.11652715071428738,0.10987935180286791,0.11606867428539994,693420000
2004-10-11,0.11102549731731415,0.11324173266022133,0.10903941558677673,0.11102549731731415,373848000
2004-10-12,0.10942084342241287,0.11026167700778114,0.10552386347527615,0.10728162909827399,827232000
2004-10-13,0.10873318463563919,0.11415870099746454,0.1078162454125404,0.11270718684948043,672816000
2004-10-14,0.10544779151678085,0.10972713696704907,0.10468397842354914,0.10972713696704907,513264000
2004-10-15,0.10254385322332382,0.10583016120639642,0.09994616851055634,0.10567702830094304,1280484000
2004-10-18,0.10437773168087006,0.10544779696114685,0.10109234597797617,0.10193317304077706,573972000
2004-10-19,0.103690005838871,0.10781622471914598,0.10292619967066778,0.10674707507457948,618480000
2004-10-20,0.10491321235895157,0.1053716819198557,0.10277308199600367,0.1033846776165735,540204000
2004-10-21,0.1072816550731659,0.10865706371019203,0.10514244023108316,0.10598235857025545,1013964000
2004-10-22,0.10147467255592346,0.10850391142575094,0.10116842050151592,0.10827468010975222,686460000
2004-10-25,0.10193318128585815,0.10414850188766613,0.10040464627870634,0.10063388451472469,529164000
2004-10-26,0.1107201874256134,0.11606867610877257,0.10827471332955792,0.11194246333283596,2455776000
2004-10-27,0.1137763112783432,0.1158394206534995,0.10873316034151662,0.10873316034151662,1074036000
2004-10-28,0.11255405098199844,0.11461716063864617,0.11148398577540204,0.11224871430530646,561552000
2004-10-29,0.11056701838970184,0.11301249168664942,0.10957397419330588,0.11148395729882192,742860000
2004-11-01,0.11293639242649078,0.11301249771782823,0.11064405186306785,0.11209555875977355,653892000
2004-11-02,0.11454105377197266,0.11690950007305602,0.11171321562393341,0.11263015475478112,1095756000
2004-11-03,0.11561018973588943,0.11958419790801307,0.11499950280017321,0.11920182686212386,910356000
2004-11-04,0.11775033921003342,0.11920184644574768,0.11400556859393202,0.11645104259254377,995544000
2004-11-05,0.13478979468345642,0.14342459163256385,0.13326126657948745,0.1360120706293637,3849012000
2004-11-08,0.13624122738838196,0.1380751048593007,0.1327266121051153,0.1333382142997037,718620000
2004-11-09,0.13540133833885193,0.13738741291649534,0.1341020285299922,0.13417813381145421,615936000
2004-11-10,0.13540133833885193,0.13669971903476025,0.1346366100627034,0.1352481986629765,645912000
2004-11-11,0.13807518780231476,0.13807518780231476,0.13532436994349548,0.13624130922976857,507000000
2004-11-12,0.13830438256263733,0.14059672333922096,0.13692898082937294,0.14021528139741968,647076000
2004-11-15,0.1403675079345703,0.14136146783890885,0.13608907798865535,0.1369289963792129,536472000
2004-11-16,0.1399090588092804,0.14235452614813912,0.13731136717806208,0.14082599804597,472728000
2004-11-17,0.14227838814258575,0.14602224954358678,0.14074986039162413,0.14212526209891876,602772000
2004-11-18,0.14411230385303497,0.14533457983605935,0.14052065210744288,0.14350070130483097,532524000
2004-11-19,0.14487609267234802,0.1568723790980162,0.14372990853550055,0.15511552162904027,2126052000
2004-11-22,0.1490023136138916,0.1490023136138916,0.1440352737857519,0.14541067576364639,733788000
2004-11-23,0.1496138870716095,0.15121853378709985,0.14655681789840316,0.14778000901488583,676896000
2004-11-24,0.15022456645965576,0.15267003311996627,0.1490783824842538,0.1494607535137533,428580000
2004-11-26,0.15175309777259827,0.15312849944722615,0.14961388313377252,0.15091226406354008,350760000
2004-11-29,0.14877307415008545,0.15396935874525303,0.1474737775546905,0.15289929352315518,704388000
2004-11-30,0.14617541432380676,0.14953690556786467,0.1453345803719568,0.14938469493357406,576540000
2004-12-01,0.14984306693077087,0.14984306693077087,0.14640455700336555,0.14747370625874204,514572000
2004-12-02,0.15182919800281525,0.15297536830400746,0.14724451679804637,0.14839068709923858,758652000
2004-12-03,0.15840086340904236,0.1604639724262375,0.15496235293485913,0.15549692081584024,1347312000
2004-12-06,0.16596560180187225,0.16726491171654104,0.15633776370270752,0.15916468573159714,970500000
2004-12-07,0.17429420351982117,0.19072297699596846,0.17223109367107753,0.17566960553117306,2927052000
2004-12-08,0.17635726928710938,0.17956654895370802,0.17498186761954657,0.17673964032380354,872724000
2004-12-09,0.1747526377439499,0.17658650209486237,0.16986260607674847,0.17322501181065217,869964000
2004-12-10,0.17811506986618042,0.18002505345890546,0.17704500465995487,0.1788027639758711,652848000
2004-12-13,0.1732250154018402,0.1777326761226062,0.17238418167265224,0.17544033538887108,738024000
2004-12-14,0.1767396330833435,0.176892759116314,0.1730718772355281,0.17337721385182076,512988000
2004-12-15,0.17834427952766418,0.1788788611725072,0.17574660214144278,0.178497405572233,432768000
2004-12-16,0.1807127296924591,0.18995912730107073,0.1804073930460769,0.1835405675983009,1524036000
2004-12-17,0.17620506882667542,0.18483894857880606,0.17414195937501958,0.18407513557462402,1214244000
2004-12-20,0.17429420351982117,0.1810190302758402,0.17337726429110936,0.17826821258970485,898728000
2004-12-21,0.17559345066547394,0.1768157399178131,0.17001572521684885,0.174294154334581,899400000
2004-12-22,0.17582276463508606,0.17994898478698462,0.1754403934607065,0.17910815077947548,421824000
2004-12-23,0.1762811690568924,0.17826817315225849,0.17398882832395268,0.1748296620528489,366972000
2004-12-27,0.1747526377439499,0.17949044515689502,0.1738356987367795,0.17872663219024618,308208000
2004-12-28,0.17383569478988647,0.17651039279182704,0.17314798713426585,0.17513499114401374,291612000
2004-12-29,0.17536424100399017,0.17750345582714278,0.17284266877266138,0.173301131482565,294732000
2004-12-30,0.1746765822172165,0.17689281823946207,0.17391276903294273,0.1754403817380581,259812000
2004-12-31,0.18002501130104065,0.1809419365659047,0.17651038161522506,0.17719808922730018,575964000
2005-01-03,0.18017813563346863,0.18888903487515105,0.17941432273971156,0.18629135780548978,1066716000
2005-01-04,0.1716964691877365,0.18178277006425736,0.16894565240499787,0.18147743345941122,790224000
2005-01-05,0.1733011156320572,0.17536422496478574,0.1689456656326143,0.16986260463198566,724812000
2005-01-06,0.1716204285621643,0.17842043184755707,0.17039723711924987,0.1763573218990202,563568000
2005-01-07,0.16833411157131195,0.17330115130024284,0.16581252538820035,0.17200185466025025,763092000
2005-01-10,0.1687164455652237,0.17039719763698508,0.1677234012047718,0.16886957161466828,579552000
2005-01-11,0.1635202169418335,0.1680287948098213,0.16099864391802166,0.1671118554384078,1093380000
2005-01-12,0.162144735455513,0.16558324616989736,0.15817164315937765,0.16497255929970286,1057800000
2005-01-13,0.16382642090320587,0.16810485063428912,0.15893548694708828,0.1625271243860472,898764000
2005-01-14,0.16436098515987396,0.1672649282124139,0.1627563384867142,0.16688255717377853,573912000
2005-01-18,0.16695870459079742,0.16734107572590085,0.1621447906836767,0.1625271481553485,464556000
2005-01-19,0.1631387621164322,0.16810488700031648,0.16245105422574885,0.16772344495183425,336492000
2005-01-20,0.1635202169418335,0.16749422663018548,0.15985247311961323,0.15985247311961323,640080000
2005-01-21,0.16382642090320587,0.1670357009264121,0.16321483212795912,0.1637494001501828,596352000
2005-01-24,0.15725474059581757,0.1652779477812259,0.15633780146061976,0.16290950146890623,463704000
2005-01-25,0.16000552475452423,0.16222175999426114,0.15702547660020075,0.15794241554487162,439704000
2005-01-26,0.16206860542297363,0.164284840272419,0.15786628245349477,0.16054006441335414,429120000
2005-01-27,0.17505885660648346,0.17582266942819408,0.16138090671667463,0.1623739508308227,1002912000
2005-01-28,0.17482970654964447,0.17643434000573427,0.17100882343008286,0.17574664580888094,671052000
2005-01-31,0.17513497173786163,0.17842035628802097,0.17268950533762636,0.17628114192794056,562968000
2005-02-01,0.17842040956020355,0.17918513810277598,0.17391274818882943,0.17498189796330724,507180000
2005-02-02,0.1883545070886612,0.1898060142338474,0.1801781740212445,0.18545056368505775,2035404000
2005-02-03,0.18636749684810638,0.18766679334306577,0.18376980564453013,0.18636749684810638,690120000
2005-02-04,0.19706538319587708,0.19759995115824977,0.18636747916634636,0.18644358446106102,806448000
2005-02-07,0.19469603896141052,0.20096238869230915,0.192939195093478,0.19729464577981526,521628000
2005-02-08,0.19660688936710358,0.19973914800782874,0.19286212662443278,0.19347371527677482,455772000
2005-02-09,0.18972985446453094,0.19775304550680145,0.18873589488067224,0.19714145689803808,783756000
2005-02-10,0.19416141510009766,0.19515445926538422,0.1900351969700341,0.19072290454618682,602376000
2005-02-11,0.19981618225574493,0.2012677028492502,0.19225145275715702,0.19293916040736603,556512000
2005-02-14,0.19561290740966797,0.2005038534886918,0.19484910826852747,0.1997391252346267,432900000
2005-02-15,0.19737078249454498,0.2036362177726433,0.19660696929238547,0.19691231968131362,748500000
2005-02-16,0.19668298959732056,0.1995869322995463,0.1931683737080599,0.1967590948833049,466464000
2005-02-17,0.19492527842521667,0.1994338550460951,0.19339765230764167,0.19935774974150053,1017408000
2005-02-18,0.2160148173570633,0.21624404869965352,0.2040946235812276,0.20990250987389866,3132120000
2005-02-22,0.21876563131809235,0.2238087894148072,0.21265332354091282,0.21456330699798956,1420800000
2005-02-23,0.21165931224822998,0.21792566000387992,0.20814469650696524,0.21525096238524188,1107840000
2005-02-24,0.21723803877830505,0.21754337546110303,0.20875636861212504,0.20875636861212504,695496000
2005-02-25,0.22037024796009064,0.2215164182347372,0.21517487997185264,0.2175433258120141,525132000
2005-02-28,0.22151640057563782,0.22159342131000492,0.21739018245047784,0.21930108094345524,758064000
2005-03-01,0.22098185122013092,0.22617813500094777,0.21876561581544088,0.22251039261270364,737148000
2005-03-02,0.2144871950149536,0.2197595843010386,0.21318789857158404,0.21853639315658238,947460000
2005-03-03,0.2115832418203354,0.21532710313964665,0.2084500674263711,0.21395170146236284,761292000
2005-03-04,0.21066631376743317,0.21402871945378096,0.20890854107336734,0.2121948414653775,593124000
2005-03-07,0.21280553936958313,0.21723802426534952,0.2101317564847089,0.21158326360676913,511176000
2005-03-08,0.20203156769275665,0.2127294749652234,0.20065616560941857,0.21227101215858812,1332384000
2005-03-09,0.19675911962985992,0.2044769890780965,0.19614844636602013,0.20073312774700766,910140000
2005-03-10,0.19668298959732056,0.19912846968448009,0.1935498155875617,0.19737069718334643,689280000
2005-03-11,0.19225150346755981,0.19874616966427744,0.19049373033872496,0.19844083296172418,732180000
2005-03-14,0.19767610728740692,0.19851694120766558,0.19484919793291894,0.19622459995301997,572148000
2005-03-15,0.19370293617248535,0.20057995670093026,0.19354979650261034,0.19866997381616153,378108000
2005-03-16,0.1904175877571106,0.19599532730458855,0.19034056700911653,0.1929391735371898,535356000
2005-03-17,0.18850675225257874,0.19171603291173986,0.18804827577930866,0.1910283250335509,442584000
2005-03-18,0.18468672037124634,0.18927140153182376,0.18124820950081327,0.18865981284769112,639012000
2005-03-21,0.19102826714515686,0.191486729816064,0.18346353743119154,0.1846097077718876,654456000
2005-03-22,0.18758979439735413,0.19293920526632288,0.18690208658725094,0.19118143219245026,622992000
2005-03-23,0.19163988530635834,0.19293918179428576,0.18697908460095033,0.1873605402217632,728784000
2005-03-24,0.19202226400375366,0.19737075936518056,0.1918691379339624,0.19217447462367646,865356000
2005-03-28,0.1898820996284485,0.1948491521041857,0.18804822159068946,0.19209833504754717,511188000
2005-03-29,0.18567979335784912,0.19179301677667604,0.18483895955484478,0.18965288644904355,587400000
2005-03-30,0.18567979335784912,0.18835450537420823,0.17933733857821033,0.18575589866152215,858708000
2005-03-31,0.18155360221862793,0.18590905339970867,0.18071276828590424,0.184609756674632,518316000
2005-04-01,0.1797957867383957,0.18483894458496725,0.1787266371109614,0.18376979495753293,510756000
2005-04-04,0.1787266582250595,0.1793373452401446,0.17475266319987803,0.17880276353155966,421428000
2005-04-05,0.17559345066547394,0.1825465914007448,0.17452338566121273,0.17880273022860121,430128000
2005-04-06,0.1782682240009308,0.18185894671847766,0.17765662143819122,0.17887891111369708,567468000
2005-04-07,0.18155360221862793,0.18338748071490357,0.17612808570864702,0.17918515561458517,506352000
2005-04-08,0.17918507754802704,0.18636744865975186,0.17880270657424602,0.18231733595479685,621540000
2005-04-11,0.17566955089569092,0.181095079266751,0.1751349829655065,0.1804834769333772,328380000
2005-04-12,0.17780974507331848,0.1781150817703115,0.171238044569773,0.17513503277219253,512232000
2005-04-13,0.17039723694324493,0.17849745243062734,0.16925105260552414,0.17803898962628478,498408000
2005-04-14,0.16902178525924683,0.17238419124966017,0.16841111194996097,0.17077955811226972,352080000
2005-04-15,0.1631387621164322,0.16810488700031648,0.16161022024568122,0.16688261097176663,630156000
2005-04-18,0.16199249029159546,0.16566023153782028,0.1612277621085718,0.16214470083598403,473100000
2005-04-19,0.1676463484764099,0.1688695394025768,0.16390248764829554,0.1646663005137556,365460000
2005-04-20,0.16252711415290833,0.17154336487959315,0.16237398810629097,0.17047421523903264,564672000
2005-04-21,0.17154332995414734,0.17215491856637016,0.164360958777107,0.16581246551382575,538152000
2005-04-22,0.16993868350982666,0.17162035065762127,0.16795259523028744,0.17047418050243593,336276000
2005-04-25,0.17261342704296112,0.17391272345628112,0.170550317645537,0.1713911513765088,318168000
2005-04-26,0.17184965312480927,0.17628120956539434,0.1683341204708711,0.1726895715970022,353148000
2005-04-27,0.16527800261974335,0.16795270194331996,0.161839476306006,0.16734111294261186,609348000
2005-04-28,0.16581247746944427,0.16802871265705124,0.16313869510160897,0.16474332796946858,372948000
2005-04-29,0.16757026314735413,0.1687164334751168,0.15985240748027757,0.16741713710888242,478356000
2005-05-02,0.16695870459079742,0.17146729545396527,0.1644371319407277,0.16955731166858606,334908000
2005-05-03,0.16604174673557281,0.17016796600092807,0.1653540526336337,0.16711181192973673,439512000
2005-05-04,0.17131412029266357,0.1725373250960102,0.16627097603519483,0.16680645947480832,468816000
2005-05-05,0.1746765822172165,0.17681579747240989,0.17139119629235136,0.17230812189734301,619272000
2005-05-06,0.17704500257968903,0.17712202333530241,0.172689551949103,0.17673966590669055,355728000
2005-05-09,0.1803313046693802,0.18155358048277603,0.17673966708567085,0.1778097322864613,745332000
2005-05-10,0.1733011156320572,0.17811504196289984,0.17131411159409535,0.17803893666813314,735120000
2005-05-11,0.17039723694324493,0.1749819196403992,0.17009188656023702,0.17421810645304875,555420000
2005-05-12,0.17414192855358124,0.17643426894671474,0.17024494168719836,0.1703971659219926,835584000
2005-05-13,0.19354987144470215,0.19461993666862326,0.1818589210888949,0.18988212847540775,2650320000
2005-05-16,0.1942375749349594,0.19553687150384313,0.1911814208463462,0.19125752615261146,664104000
2005-05-17,0.19637766480445862,0.19729460375311797,0.19293915399455658,0.19309136457567186,639804000
2005-05-18,0.19782918691635132,0.1982876632576909,0.19385610786740454,0.1959192172448616,550056000
2005-05-19,0.19744683802127838,0.19912850553922593,0.19523151795577176,0.19828767178025214,452880000
2005-05-20,0.2009623944759369,0.20103849978489638,0.19492528960486047,0.19721763069907072,517008000
2005-05-23,0.20562313497066498,0.20768624407945033,0.20172614806219782,0.20233775036642943,703668000
2005-05-24,0.2085271030664444,0.2092909023732002,0.20363615592691192,0.2046301156837903,522192000
2005-05-25,0.2058524340391159,0.20913781972478435,0.20386542956278464,0.2080686699000056,535272000
2005-05-26,0.21165931224822998,0.2132639586602453,0.207303862934797,0.2076862339112043,788784000
2005-05-27,0.21028392016887665,0.2122709239824246,0.20806860049681483,0.2122709239824246,322740000
2005-05-31,0.20707467198371887,0.21112478550562314,0.20363616085526806,0.2093670127360194,763176000
2005-06-01,0.20898555219173431,0.21280550491784544,0.20325470082121552,0.20569925195108762,796632000
2005-06-02,0.21677948534488678,0.21677948534488678,0.2082207974614884,0.2082207974614884,684348000
2005-06-03,0.21624405682086945,0.21800181599341056,0.2139517159820192,0.21601482546967027,559620000
2005-06-06,0.21418093144893646,0.21655029286230398,0.21219484285881554,0.2123470534484903,512892000
2005-06-07,0.20898555219173431,0.21624402940358417,0.20822082382143042,0.21272939962701315,974136000
2005-06-08,0.20753318071365356,0.21242411507125983,0.20531786036302446,0.2095201714724033,618720000
2005-06-09,0.21624405682086945,0.21632107757110547,0.20569927803141497,0.20592850938261414,619908000
2005-06-10,0.21379952132701874,0.21624408676881257,0.21234709860501036,0.21601485538586682,465096000
2005-06-13,0.2185363620519638,0.22457347893028143,0.21334099425399253,0.2139516811212795,1409916000
2005-06-14,0.20562313497066498,0.22220409946402692,0.19874610005357157,0.21861337826418206,2408412000
2005-06-15,0.2050115466117859,0.20592848557399906,0.1969122493117363,0.20432383897426912,1669788000
2005-06-16,0.2060815840959549,0.20745698552395034,0.20195536614854281,0.2049354139620544,489240000
2005-06-17,0.20562313497066498,0.20898554031099262,0.20508855340252546,0.20860318297929123,456348000
2005-06-20,0.20875638723373413,0.21013178926721662,0.20226080542795105,0.20562321202834682,606060000
2005-06-21,0.2107425183057785,0.21173647851207952,0.20814482613820987,0.21013183110070024,428172000
2005-06-22,0.21051321923732758,0.214410207383039,0.20791554139909962,0.2129587001176501,700668000
2005-06-23,0.21379952132701874,0.21639721284073682,0.20936704963642225,0.21013177820959333,836976000
2005-06-24,0.20699860155582428,0.21349326751929695,0.20585243098659717,0.21341716220886855,475632000
2005-06-27,0.20531782507896423,0.20738092079265188,0.20348394704076583,0.2056992670106901,354588000
2005-06-28,0.20661622285842896,0.20799162466738835,0.20386540557708063,0.2061577464798228,262308000
2005-06-29,0.20470625162124634,0.207074697968358,0.20302549938806247,0.2066932559827324,283572000
2005-06-30,0.20417164266109467,0.20799160936030192,0.20256700961263951,0.2060816260106983,593232000
2005-07-01,0.20508863031864166,0.20539398069219575,0.20096241055358,0.2034839968896909,315168000
2005-07-05,0.20829780399799347,0.20913772204592568,0.203865334346422,0.20585233789471297,388440000
2005-07-06,0.21387559175491333,0.21479251707856806,0.20661619881542653,0.20898556019483946,703632000
2005-07-07,0.21234706044197083,0.21395170716106598,0.20982548835588255,0.21051318238112737,465900000
2005-07-08,0.2150217890739441,0.21570948315304128,0.2108955699456423,0.21364637358889038,408132000
2005-07-11,0.21823102235794067,0.22044725750380004,0.2160147872120813,0.2169317124544848,399492000
2005-07-12,0.21700873970985413,0.21868947777915432,0.2125762559006408,0.2180778754910638,564252000
2005-07-13,0.21731409430503845,0.21853636986951433,0.21364633849854536,0.2179256829803817,594780000
2005-07-14,0.20768623054027557,0.22388575209546713,0.20738088030114557,0.2196064081342713,1871496000
2005-07-15,0.2054700404405594,0.20768627591162603,0.2018793050269341,0.20707467351365383,1223352000
2005-07-18,0.2003507912158966,0.20493547307391022,0.19828768164710453,0.20485936777043545,1044900000
2005-07-19,0.20310156047344208,0.20356003677966586,0.20004542067782302,0.20157303285081482,517896000
2005-07-20,0.20615774393081665,0.2069985777116003,0.19798234026709707,0.20073314385100394,526500000
2005-07-21,0.20264311134815216,0.20440088407285895,0.19844078733836717,0.20348394506267342,594528000
2005-07-22,0.19737078249454498,0.20654016173006465,0.19591927507253842,0.2036362177726433,699264000
2005-07-25,0.19851689040660858,0.20463011311353307,0.19423754569947843,0.19507837940456527,974952000
2005-07-26,0.20264311134815216,0.20294844798050574,0.196912259613778,0.19767605891951018,759492000
2005-07-27,0.20676936209201813,0.2076863012442427,0.1995099678451052,0.2029484794183746,807828000
2005-07-28,0.2083740085363388,0.20936705305880707,0.2035600947620637,0.2063870040415061,411240000
2005-07-29,0.20676936209201813,0.20974941092089044,0.20508860985231406,0.20753317517949757,351660000
2005-08-01,0.20990251004695892,0.2108194490815045,0.20661620951035684,0.20799161123046084,389040000
2005-08-02,0.21272939443588257,0.21341710204893402,0.2098254652829647,0.21013171733809732,422652000
2005-08-03,0.21272939443588257,0.21471639832263464,0.21081942495114878,0.21272939443588257,518256000
2005-08-04,0.21051321923732758,0.21204176092669266,0.21005475647356436,0.2111248217357352,356424000
2005-08-05,0.21586258709430695,0.21632106343016383,0.2087563336910939,0.21020784066731454,684096000
2005-08-08,0.21662640571594238,0.22136422692173707,0.2150978779546252,0.2173141134059631,725544000
2005-08-09,0.21609187126159668,0.21746727319160872,0.2137224957345074,0.2169317760134893,291900000
2005-08-10,0.21288259327411652,0.21807794891316318,0.21066635745506465,0.21700881277199865,440556000
2005-08-11,0.21586258709430695,0.21624404268496267,0.21081944304387917,0.21288255239666445,701556000
2005-08-12,0.22885192930698395,0.2308389196936201,0.22075261796595716,0.22854657901294345,2295420000
2005-08-15,0.23465991020202637,0.23702835713460818,0.22671280624142623,0.22961673680598882,882804000
2005-08-16,0.23068580031394958,0.23450666859450797,0.22900504839521146,0.23244357297527113,637488000
2005-08-17,0.23068580031394958,0.23351363798789515,0.22953963000840566,0.22969274238048115,607572000
2005-08-18,0.22472569346427917,0.23007508916840919,0.2237326492398864,0.22892893257897912,822732000
2005-08-19,0.2231210619211197,0.22579577361653427,0.22243336792120189,0.22510806595318836,422232000
2005-08-22,0.22128716111183167,0.22633031824172417,0.21868948409190467,0.22273959703299293,547224000
2005-08-23,0.22273966670036316,0.22388583727063752,0.22029419948894366,0.2210579989435476,254460000
2005-08-24,0.22289183735847473,0.22762964486098858,0.22021805469495123,0.22128719064973348,514620000
2005-08-25,0.22442035377025604,0.22564264303356732,0.2219748871208246,0.22388578581986882,296484000
2005-08-26,0.22098185122013092,0.2246496072718034,0.21884263656103117,0.2246496072718034,323436000
2005-08-29,0.22136421501636505,0.22159344634623393,0.21716097568194456,0.2189187346909236,343392000
2005-08-30,0.22931036353111267,0.22984586054379647,0.22067648529514997,0.22098182188788432,948852000
2005-08-31,0.23443056643009186,0.2373335803226071,0.22808811246195373,0.22877582011982875,906804000
2005-09-01,0.234506756067276,0.23664595777737094,0.23251976499979657,0.23374294284075056,556884000
2005-09-02,0.23068580031394958,0.23496513125135443,0.2299219873723322,0.23496513125135443,469800000
2005-09-06,0.2325967401266098,0.23381901601293398,0.2280120578246875,0.23152667486197284,423096000
2005-09-07,0.24000826478004456,0.24061983971295972,0.2316797236639043,0.23229039681072536,588012000
2005-09-08,0.2428351640701294,0.24581521175377438,0.23855673574611996,0.23855673574611996,646116000
2005-09-09,0.24596838653087616,0.24650298183984082,0.2414598103288543,0.24543381854876875,454236000
2005-09-12,0.24512764811515808,0.24696152679124214,0.2422246331187129,0.24619771354897618,556584000
2005-09-13,0.25254005193710327,0.2537623274456016,0.24398136336539963,0.24398136336539963,854724000
2005-09-14,0.24948295950889587,0.2539915344319668,0.24833676213229477,0.25062912955864747,503448000
2005-09-15,0.2539154887199402,0.2567423973130503,0.2517753586702726,0.25330388635718404,759756000
2005-09-16,0.25406771898269653,0.25743012490516154,0.25200459585329354,0.25605470948555953,519828000
2005-09-19,0.25047701597213745,0.25460320788710644,0.24910160044924104,0.25376238772847975,428316000
2005-09-20,0.2553669214248657,0.2581938566742599,0.25208155094899437,0.2523868738379685,522192000
2005-09-21,0.25315070152282715,0.2594170490676922,0.25093539568743517,0.254373906030257,625656000
2005-09-22,0.2463507056236267,0.2537622938808065,0.24184210329571734,0.2537622938808065,739152000
2005-09-23,0.24994145333766937,0.25208158315308826,0.24375211243308204,0.24581523517689546,314640000
2005-09-26,0.25200456380844116,0.2537623364024245,0.24734377747189468,0.25185235322843236,406776000
2005-09-27,0.25284549593925476,0.25529094964904747,0.2509355121245708,0.25307471367235873,404160000
2005-09-28,0.25437405705451965,0.25506176499675287,0.25070629958052054,0.2536093146733944,353556000
2005-09-29,0.25964629650115967,0.25979850706305274,0.25238689111921087,0.2544500137407194,513372000
2005-09-30,0.2619386911392212,0.2643071371623818,0.2592639930296469,0.25979856100630655,458832000
2005-10-03,0.26912111043930054,0.27103109411484216,0.2628556622297142,0.264994890948523,549888000
2005-10-04,0.2656065821647644,0.2746989152795813,0.26499497946751377,0.270267371282095,514476000
2005-10-05,0.2568185329437256,0.2659117912730621,0.2552138997734773,0.2659117912730621,599184000
2005-10-06,0.2559014856815338,0.26048616531491436,0.24818452096114843,0.2565130604985179,685512000
2005-10-07,0.2526162266731262,0.25895868183344173,0.25062923594680236,0.2563600886282168,551952000
2005-10-10,0.2461976855993271,0.2543740197271759,0.24612158028509082,0.2539155569419186,459216000
2005-10-11,0.24314142763614655,0.24925373385030933,0.24031359037453368,0.24711450592322212,540048000
2005-10-12,0.24604450166225433,0.24978929235297684,0.24214752769725822,0.24245377979903313,657660000
2005-10-13,0.24474607408046722,0.2458922442831187,0.23534746748798369,0.24550988695351664,509304000
2005-10-14,0.24474607408046722,0.24955999986234476,0.2406959611716391,0.24650294479783763,311256000
2005-10-17,0.24711452424526215,0.24956000438001824,0.24489828908592753,0.24489828908592753,243912000
2005-10-18,0.24306438863277435,0.24848991630860146,0.24145975593478317,0.24803145372729699,299832000
2005-10-19,0.24100132286548615,0.24138368021323262,0.2331312434317891,0.23993218701119562,635952000
2005-10-20,0.24268296360969543,0.24772610672351605,0.24031358895210414,0.24138365380236607,359520000
2005-10-21,0.24405847489833832,0.24757309195996172,0.24237680712223894,0.24680927883316808,298368000
2005-10-24,0.25070619583129883,0.25070619583129883,0.2439813844964239,0.24619761984341235,291012000
2005-10-25,0.25231072306632996,0.25307453569775173,0.24795528860481153,0.24902442407015254,334680000
2005-10-26,0.24543386697769165,0.25292159131097475,0.24505150951518612,0.2523869958965239,415344000
2005-10-27,0.24031376838684082,0.24665622604370457,0.23954995499080212,0.24589241264766587,227784000
2005-10-28,0.2477261871099472,0.24818464984600047,0.23496517184536228,0.24092526939463565,464640000
2005-10-31,0.25636017322540283,0.2581179468206406,0.24871933439089564,0.24871933439089564,432420000
2005-11-01,0.2532278895378113,0.2582710356346935,0.25124087101079356,0.25636014976093274,400488000
2005-11-02,0.267898827791214,0.26820415080988663,0.2521577633391434,0.2533039338727679,523668000
2005-11-03,0.26476556062698364,0.2712602244611108,0.2626263599240512,0.2697326260541383,465072000
2005-11-04,0.2602570354938507,0.26552942486917325,0.2575062319627262,0.2649187515680593,570276000
2005-11-07,0.25911080837249756,0.26254931886560307,0.25804167260465183,0.26163239366484914,370824000
2005-11-08,0.2542969286441803,0.26033405991567665,0.25315075827296335,0.2601048149106904,538968000
2005-11-09,0.2657587230205536,0.26744039088609706,0.2519285426457135,0.2548324864710553,818880000
2005-11-10,0.2559014856815338,0.28096501313203465,0.2509353506026537,0.2750049460047477,2503620000
2005-11-11,0.2601049244403839,0.2631610794551412,0.25697176230963115,0.2581179331634985,545928000
2005-11-14,0.2656065821647644,0.26744046114290626,0.25620796948108177,0.2601810505657503,493668000
2005-11-15,0.2662172019481659,0.2697327485231646,0.2653772834144214,0.26721116202195194,496200000
2005-11-16,0.2653001844882965,0.2679749100927862,0.26010482943562974,0.2665233893382456,455280000
2005-11-17,0.2770681083202362,0.2772973532884194,0.2643832018628621,0.2675163894981007,703260000
2005-11-18,0.2765326499938965,0.28027744044558855,0.2711080503384422,0.2779850724236595,465768000
2005-11-21,0.2814236283302307,0.2818820910324433,0.2750050685186796,0.27683891932752996,454704000
2005-11-22,0.28891125321388245,0.29166205607864165,0.2806588172927532,0.2828750522860957,731700000
2005-11-23,0.28807133436203003,0.292273657593559,0.286542806920519,0.2892175044966381,411948000
2005-11-25,0.29089826345443726,0.29135672603286505,0.28745972579910145,0.2894467431124006,116676000
2005-11-28,0.28944680094718933,0.29418369289145907,0.2842505172197677,0.2916621072159881,424524000
2005-11-29,0.2711080014705658,0.2800481449659797,0.2698848242615333,0.2723302768934921,1043136000
2005-11-30,0.27622729539871216,0.2776026832621694,0.2691210291268625,0.2691971344138571,575448000
2005-12-01,0.2795127332210541,0.28081204343516974,0.27553965371360906,0.27851970245421814,562032000
2005-12-02,0.2795897424221039,0.2814997258051669,0.27584495184115543,0.28081201810753675,334476000
2005-12-05,0.2743934988975525,0.2802004569868467,0.27347654605667593,0.2802004569868467,387708000
2005-12-06,0.275539755821228,0.27928361901406884,0.27446969023941403,0.27485204780672445,375252000
2005-12-07,0.2759981155395508,0.2782904565129868,0.271260293869541,0.2766097179920038,352668000
2005-12-08,0.2737819254398346,0.27813739041041063,0.27064966557775705,0.274546640415846,386664000
2005-12-09,0.27767881751060486,0.27806120221149816,0.2708017954954961,0.27462266387708745,262896000
2005-12-12,0.2817288339138031,0.2823404360752281,0.27798497390210986,0.2784434637401148,281136000
2005-12-13,0.28539663553237915,0.28784211546694644,0.2802003527522051,0.28226344805469733,443412000
2005-12-14,0.28272202610969543,0.28463291144545594,0.27936052174032117,0.28325749593042604,287472000
2005-12-15,0.2791312634944916,0.28463287010176824,0.2762273204899344,0.2824927400487424,332724000
2005-12-16,0.28157591819763184,0.2827990960477052,0.2774496980624288,0.28012439705506703,1065600000
2005-12-19,0.2769148647785187,0.28425037308692164,0.27622718478559316,0.2821872511276174,292296000
2005-12-20,0.2767619490623474,0.2808120632743711,0.27309419230295606,0.2766097384411952,304356000
2005-12-21,0.27622729539871216,0.28035351364279093,0.27370570999209365,0.2780611732101753,289380000
2005-12-22,0.28463301062583923,0.2849383610653258,0.2759221064246747,0.2759982117561558,318336000
2005-12-23,0.28684818744659424,0.2872305447938685,0.2834866837555171,0.2853966669194955,214536000
2005-12-27,0.2886058986186981,0.2917390860709138,0.2856258781675087,0.28654280333297444,367968000
2005-12-28,0.29128074645996094,0.29219767201253083,0.28677216935613287,0.28860602046127265,264420000
2005-12-29,0.2847851514816284,0.29204455990444517,0.28356287556346604,0.29112760702405843,310464000
2005-12-30,0.27936047315597534,0.28325744666834685,0.278214302868404,0.28318043959039874,229608000
2006-01-03,0.2920445501804352,0.294183751580894,0.2800482491100537,0.28096517463304743,472812000
2006-01-04,0.30022087693214417,0.3006793670516183,0.29120372240339487,0.2942608059744814,510072000
2006-01-05,0.3070208430290222,0.30755634016207717,0.2997623646665679,0.3002969326864098,646092000
2006-01-06,0.3120640814304352,0.31321025213060066,0.2983870401341179,0.3105364550212453,623388000
2006-01-09,0.3207749128341675,0.3224565530804751,0.31122409364918835,0.3119117740547643,560484000
2006-01-10,0.3208519220352173,0.3208519220352173,0.31519717507464695,0.3192472888668768,339660000
2006-01-11,0.33246585726737976,0.3342997080902739,0.3206226973716408,0.3211572653783979,626304000
2006-01-12,0.3277290165424347,0.3375090829539625,0.32535966802907007,0.332389832003572,495504000
2006-01-13,0.3248249888420105,0.3296388877557681,0.32024028026765844,0.32696418976598174,421296000
2006-01-17,0.32459574937820435,0.3247488890805899,0.3161140670643708,0.320393425425162,329232000
2006-01-18,0.326276570558548,0.3273466358671486,0.3117587099348102,0.3147387590188675,459948000
2006-01-19,0.3443860411643982,0.34889461779574776,0.3300213220182527,0.33063199535603544,914760000
2006-01-20,0.3347582221031189,0.3488946256533211,0.33468211679663357,0.3449215460787399,461604000
2006-01-23,0.3366691768169403,0.33949608646390356,0.33277220174623,0.3373568847298577,334884000
2006-01-24,0.338349848985672,0.34538001183233114,0.336515998015402,0.337432923500537,388896000
2006-01-25,0.33536985516548157,0.34224687885197,0.3313197408016447,0.34003064293656937,400236000
2006-01-26,0.3468315005302429,0.3471368508437897,0.3381205999218324,0.34025980103558506,448836000
2006-01-27,0.35340315103530884,0.35730012443582576,0.34843608534280673,0.351340028180785,385044000
2006-01-30,0.3494291305541992,0.3553130939793612,0.347824470394394,0.3549307366462778,315780000
2006-01-31,0.3435460925102234,0.3495822947305123,0.3408713943545097,0.34767231135431487,384456000
2006-02-01,0.34377530217170715,0.34515071742060777,0.33605743326293136,0.33735674322159537,450852000
2006-02-02,0.33330661058425903,0.3471367855734871,0.33277204268462757,0.346907540603136,473736000
2006-02-03,0.3363628089427948,0.3404890276742999,0.3300973892129806,0.33116745426869953,504252000
2006-02-06,0.3458384573459625,0.3462199129759727,0.3339943953020995,0.33544591609150076,363468000
2006-02-07,0.33353590965270996,0.3465261412662802,0.33338276994330257,0.3465261412662802,399408000
2006-02-08,0.34316375851631165,0.34316375851631165,0.33452896284967676,0.33452896284967676,393072000
2006-02-09,0.3373568654060364,0.34958238539990427,0.33521673468112906,0.3442338894875615,437100000
2006-02-10,0.3354458808898926,0.3401075693414112,0.3275758008696074,0.3385790416226956,414996000
2006-02-13,0.3365921080112457,0.33896145617750273,0.33208443296261175,0.3343767740342421,280740000
2006-02-14,0.3372036814689636,0.33842595730684805,0.3327721390776642,0.3365921063202458,342348000
2006-02-15,0.3436983823776245,0.3446153352916091,0.3356751878462945,0.3365160354446645,493296000
2006-02-16,0.36066174507141113,0.3614264873980949,0.34774851683316105,0.35011696357948974,1305888000
2006-02-17,0.3627247214317322,0.3875590386486318,0.36066159858983565,0.3871766813040158,2356956000
2006-02-21,0.35500770807266235,0.3625724356025333,0.35187452092246985,0.3619608334045807,684060000
2006-02-22,0.3543963134288788,0.35722322291584013,0.34155919087055053,0.34996474312697795,939756000
2006-02-23,0.3489706814289093,0.3556955202473752,0.34797765078623843,0.35332614514424143,385128000
2006-02-24,0.3488946259021759,0.35470161108888126,0.34706077494660664,0.35049928647858974,416412000
2006-02-27,0.3630310595035553,0.36524639344850385,0.34790159771896856,0.3515693543112504,666468000
2006-02-28,0.3601270616054535,0.36448252531684194,0.35661244527146446,0.3614263716559315,563316000
2006-03-01,0.37380507588386536,0.3759442771469911,0.359134077169786,0.36142641815696774,703932000
2006-03-02,0.3743395209312439,0.379611908934879,0.3695255955090442,0.3734225684415219,545460000
2006-03-03,0.37563884258270264,0.38213353398814653,0.37021334166617553,0.37090104927349754,595800000
2006-03-06,0.3748741149902344,0.38549592613312383,0.37304023720948554,0.38297434076873754,529020000
2006-03-07,0.3684556782245636,0.3778542878785965,0.36104408669258853,0.3749512733397855,606204000
2006-03-08,0.3666217029094696,0.37044259840834176,0.353479261972063,0.3685326152154381,670800000
2006-03-09,0.36853262782096863,0.3772435276589727,0.36830338282778863,0.37105418611166996,536700000
2006-03-10,0.36211419105529785,0.37281118306205646,0.3588278895942003,0.368150367617043,521580000
2006-03-13,0.36646947264671326,0.3682263160506848,0.3630309620124259,0.3657817650544851,372132000
2006-03-14,0.3766319453716278,0.3781604731314198,0.3653994593174498,0.3667748746961189,627792000
2006-03-15,0.38266807794570923,0.3832035749428199,0.3759441693100655,0.3773956897221664,510600000
2006-03-16,0.3696788251399994,0.3838143254988314,0.368379515033071,0.38335586280583417,568416000
2006-03-17,0.3726588785648346,0.3736519092628872,0.36241942283813866,0.3679210572074619,618588000
2006-03-20,0.36983102560043335,0.37602034010338514,0.36944957000311995,0.37594423480655026,293772000
2006-03-21,0.3880935609340668,0.3950467142182974,0.3779311695913763,0.3880935609340668,1235472000
2006-03-22,0.3769373297691345,0.380070490869536,0.3684556463782532,0.3782366126410519,1158576000
2006-03-23,0.38396742939949036,0.3854959844825739,0.37395724636620986,0.3782365775465001,661992000
2006-03-24,0.3969578146934509,0.3976455226003441,0.3843499365989182,0.384960610070878,687936000
2006-03-27,0.4076547920703888,0.407961044245132,0.3959638400630283,0.3972631505076181,651444000
2006-03-28,0.4139210879802704,0.41934568855623683,0.4049809413563012,0.4058208597641382,795204000
2006-03-29,0.4361567497253418,0.43692056270436563,0.4122393553965897,0.41567786648161675,987096000
2006-03-30,0.439136803150177,0.4415052491972455,0.42874423536653034,0.43661521739492726,1063308000
2006-03-31,0.43753212690353394,0.44494371640267144,0.4348574017041162,0.43883050774518473,835560000
2006-04-03,0.44242212176322937,0.4485353576213728,0.4343228248089331,0.43982445834735123,968916000
2006-04-04,0.4631293714046478,0.46381707905054687,0.4425752857407957,0.4430337483957766,1200612000
2006-04-05,0.46687421202659607,0.4691665530096133,0.4524324310413553,0.46228953006056156,1112976000
2006-04-06,0.4677911400794983,0.4713057568787546,0.4592324221149417,0.46565100969516565,789312000
2006-04-07,0.4665679633617401,0.4699303697528392,0.457398598824705,0.46580417757266285,682674000
2006-04-10,0.45846855640411377,0.4682495484661757,0.4549539402178908,0.4654987178896448,634230000
2006-04-11,0.4473121762275696,0.4599971112328808,0.4445613729788354,0.4599971112328808,702072000
2006-04-12,0.4653455317020416,0.46779101175151616,0.44777059430055594,0.45021607435003047,598308000
2006-04-13,0.4523554742336273,0.46060788629371313,0.4505215957779872,0.45541253040839463,738360000
2006-04-17,0.4535786211490631,0.4648872414831626,0.4499108644868697,0.45159163041442685,443868000
2006-04-18,0.4428807497024536,0.4456315536652676,0.43080741391453975,0.4454784139276519,1165488000
2006-04-19,0.4456315040588379,0.4505215362567097,0.43401665966337655,0.4401298694187737,517476000
2006-04-20,0.4450198709964752,0.45296695841841744,0.43432288189350426,0.4416583942421938,552684000
2006-04-21,0.4289734959602356,0.44822917535229506,0.423778113665913,0.446395297220643,770016000
2006-04-24,0.44211679697036743,0.44639522585140373,0.42408339617817836,0.43172423047062997,676848000
2006-04-25,0.44181057810783386,0.44288064313327985,0.42943192226351967,0.43707365891620287,719766000
2006-04-26,0.43875449895858765,0.4502162040959848,0.43401667717688064,0.44349229341343405,330528000
2006-04-27,0.4457845985889435,0.44991078999213346,0.4275980562332236,0.4370736711268453,462966000
2006-04-28,0.44654834270477295,0.45220311596626583,0.44226901199452046,0.4460898800722623,284736000
2006-05-01,0.47222235798835754,0.48093328058097407,0.44960428657618634,0.44960428657618634,902472000
2006-05-02,0.4716109335422516,0.48139186905476633,0.4635116377341689,0.4757371239535586,539700000
2006-05-03,0.4746681749820709,0.47986355777592066,0.4658041611127198,0.4662625965311378,378114000
2006-05-04,0.4716109335422516,0.47680718875166955,0.4629000081741475,0.46534548799392755,511128000
2006-05-05,0.47802960872650146,0.47971130359340786,0.4674848299084585,0.47405655678143294,338184000
2006-05-08,0.47589045763015747,0.48719907798360346,0.4714589151886658,0.47680738313384385,503622000
2006-05-09,0.4613724648952484,0.4777242537501238,0.46076088987983654,0.47527877349412706,561648000
2006-05-10,0.451133131980896,0.4612194483407179,0.44654842285235213,0.4558709261740098,753264000
2006-05-11,0.4350866377353668,0.45999708735957995,0.431572021732751,0.45571772934728233,1201110000
2006-05-12,0.40238234400749207,0.4268343099088459,0.3933660921674541,0.4246951085772689,1568172000
2006-05-15,0.40819019079208374,0.4117048073438369,0.3981038747251272,0.4016184912768804,553380000
2006-05-16,0.39749225974082947,0.41063472924248073,0.39489459600104404,0.4104825186466339,497532000
2006-05-17,0.38144591450691223,0.39840925432355684,0.3744157517734922,0.3961169133207827,841074000
2006-05-18,0.3641771972179413,0.3881697688670339,0.3637187345169193,0.38450203993199944,686730000
2006-05-19,0.3718178868293762,0.38052878403811047,0.3638708023361405,0.36753855715882255,932808000
2006-05-22,0.36677488684654236,0.3705957554794548,0.35668857083149935,0.36983104068108097,734886000
2006-05-23,0.36280176043510437,0.3831266019529319,0.3612732327083137,0.3744157018387655,532314000
2006-05-24,0.367538720369339,0.37838975178830475,0.3577586559077617,0.3660110942599789,579522000
2006-05-25,0.36555254459381104,0.3799172602129045,0.36356552711909595,0.37441565417114464,423666000
2006-05-26,0.36631637811660767,0.36937253156711425,0.36249548263696557,0.36692795312507837,294642000
2006-05-30,0.35103392601013184,0.3670803164271448,0.3508817153660557,0.36692810578306867,448788000
2006-05-31,0.3511869013309479,0.3591340154415825,0.3490477004355095,0.35577160984414863,598422000
2006-06-01,0.369525671005249,0.369525671005249,0.34965839032912527,0.355160024410919,537126000
2006-06-02,0.3641771972179413,0.37731966712190096,0.36050944095604853,0.3754857889909546,673710000
2006-06-05,0.3488946259021759,0.3689141199557061,0.34782456069805445,0.36219023661807664,581052000
2006-06-06,0.33957207202911377,0.3536323955368757,0.3300973863280761,0.3533261434562119,824130000
2006-06-07,0.33345985412597656,0.3438514944307134,0.3308612335513914,0.34323989194180987,565380000
2006-06-08,0.3273465037345886,0.33391820177499926,0.3142040640935927,0.32963884405443344,730572000
2006-06-09,0.326276570558548,0.33727981400060236,0.3235257665297502,0.331625995315066,433824000
2006-06-12,0.30824410915374756,0.3249011994944686,0.30641023059468686,0.3206227689322588,463230000
2006-06-13,0.30350619554519653,0.3143563238924741,0.3006022524924824,0.3080908769029083,532548000
2006-06-14,0.31237027049064636,0.3132871959347626,0.3021308142503563,0.3053401079584822,480492000
2006-06-15,0.3397253453731537,0.34079541084046033,0.32123347292811966,0.32383206671438525,837336000
2006-06-16,0.33101439476013184,0.3383498813228703,0.3278051006017152,0.3374329557501018,503448000
2006-06-19,0.3210810422897339,0.3363627078626533,0.32031630043403875,0.3346819700447318,388044000
2006-06-20,0.31603798270225525,0.3232203554580235,0.31099483837544467,0.31221711408243624,535818000
2006-06-21,0.31955263018608093,0.3245957745702642,0.31466259818931014,0.31466259818931014,441174000
2006-06-22,0.3102301061153412,0.3239841502288292,0.308090877806811,0.3230672248853393,532338000
2006-06-23,0.3103831112384796,0.316801668405525,0.30671538380505875,0.30961929853597886,335202000
2006-06-26,0.30747926235198975,0.31328714822740905,0.30595166381094774,0.30992474263745595,281736000
2006-06-27,0.29769930243492126,0.3096194710574991,0.29357308286218137,0.3093132189117215,608514000
2006-06-28,0.3142041265964508,0.31909413112800544,0.29219761689071616,0.2999915919247115,833376000
2006-06-29,0.32841673493385315,0.32841673493385315,0.30457636713769604,0.30564550344284536,687666000
2006-06-30,0.32535961270332336,0.3368213177916012,0.322915061072832,0.33162596240529524,468240000
2006-07-03,0.3300973176956177,0.33315344338242103,0.3278049501620071,0.33284812047835927,174696000
2006-07-05,0.3152731657028198,0.3278049308211127,0.3152731657028198,0.3249010158646365,459708000
2006-07-06,0.30549317598342896,0.31833029429778925,0.30228391006826666,0.31527323896801057,470634000
2006-07-07,0.29601767659187317,0.3082441264191752,0.29265617145747613,0.30763252382743184,541230000
2006-07-10,0.28318050503730774,0.2989215697481553,0.28058281358181997,0.29678234104828205,449922000
2006-07-11,0.2926560342311859,0.29372519736874403,0.2781372770430804,0.2822634679387341,600582000
2006-07-12,0.27859580516815186,0.294948444003134,0.27829045483695347,0.29158603786818027,461034000
2006-07-13,0.2714134454727173,0.281194412247037,0.2700380298977084,0.2743173890257148,540582000
2006-07-14,0.27003803849220276,0.2779851271950628,0.26239720193191035,0.2764565991684258,572148000
2006-07-17,0.27217718958854675,0.275234244769751,0.2674402980249434,0.26881568592451605,502806000
2006-07-18,0.28700128197669983,0.28990522463663215,0.2714133620035011,0.28149967602232506,979332000
2006-07-19,0.29953309893608093,0.30320082741031834,0.2836388983828267,0.28577902834541247,1055550000
2006-07-20,0.2935731112957001,0.31023020182295524,0.29311464848251695,0.30488170583531526,505602000
2006-07-21,0.2715665102005005,0.2848621188864964,0.26942638011900166,0.28363891414279074,633918000
2006-07-24,0.2989215552806854,0.3057985782626479,0.28012433726849995,0.281652865193287,983178000
2006-07-25,0.3094661831855774,0.31267544807429326,0.2981575961530279,0.30258916357246046,574104000
2006-07-26,0.3094661831855774,0.3131339379099785,0.3002967963745747,0.3094661831855774,495318000
2006-07-27,0.31389790773391724,0.3262765667077043,0.3082440891151094,0.31343944495567244,694338000
2006-07-28,0.3464491665363312,0.34706076899106525,0.3201642250082513,0.32199810325921185,815298000
2006-07-31,0.338349848985672,0.34629696464432685,0.337432923500537,0.3427814186643648,594762000
2006-08-01,0.3247489035129547,0.3348351919467696,0.3186356668848726,0.3342235895500153,600966000
2006-08-02,0.34965842962265015,0.3513400972469946,0.33116749133386325,0.3319312770648701,756774000
2006-08-03,0.37166494131088257,0.3811405572738688,0.34354612178560506,0.3484361540396217,890568000
2006-08-04,0.3666217029094696,0.3820574408327644,0.35714699044949944,0.38144583849436087,818232000
2006-08-07,0.3623434007167816,0.3669280834135692,0.3553132369234134,0.3602032700031845,436146000
2006-08-08,0.3719711899757385,0.37976513824105823,0.36432942499123994,0.36524637776336316,619806000
2006-08-09,0.3718178868293762,0.3896981710948157,0.3690670843757884,0.37930650880148853,584706000
2006-08-10,0.3692202568054199,0.3713594847593667,0.36142631069705583,0.36769172933963534,1072140000
2006-08-11,0.357605516910553,0.36692802045267386,0.34110066749954476,0.34232294328141066,1603272000
2006-08-14,0.35577166080474854,0.3657048375359118,0.35378464288248535,0.3620370811307253,809412000
2006-08-15,0.39000359177589417,0.3919906093391783,0.36142634250922573,0.36494095855978365,902172000
2006-08-16,0.41797012090682983,0.41965178801037506,0.38205739151339996,0.3921436776828913,1029246000
2006-08-17,0.41139957308769226,0.4236251210508501,0.4072733529565805,0.41277498890701814,814224000
2006-08-18,0.4181233048439026,0.42026250564559753,0.39749221308258303,0.41185788568994375,665898000
2006-08-21,0.40268850326538086,0.4126216783079721,0.4017715779833849,0.4118578927196135,500220000
2006-08-22,0.4020768702030182,0.41323324906228137,0.40115994499109603,0.4014652952419758,473928000
2006-08-23,0.40177151560783386,0.40925920926246917,0.39290747780397006,0.40513299148037885,485412000
2006-08-24,0.4058978259563446,0.4080370269502904,0.3964221837518442,0.40284074317366514,260802000
2006-08-25,0.4046746492385864,0.4118579512420975,0.3988676917935532,0.4028407710871571,238314000
2006-08-28,0.41858193278312683,0.4305021299142607,0.4106348432091441,0.4113995581995103,764562000
2006-08-29,0.43753212690353394,0.4395182153675403,0.41949872566349516,0.42255487909913797,727962000
2006-08-30,0.44654834270477295,0.4511330510104422,0.4389075083354771,0.4399766715051129,681564000
2006-08-31,0.4448675811290741,0.4474652717503498,0.4352397570455639,0.4454782543072105,511278000
2006-09-01,0.42622271180152893,0.44181066396515023,0.42454197319946047,0.43829601970362614,605742000
2006-09-05,0.4355451166629791,0.43722585488222176,0.42133261064459776,0.42759802998763147,549354000
2006-09-06,0.41369184851646423,0.4285150586676137,0.4126217832686332,0.42790438529069763,493572000
2006-09-07,0.4219442903995514,0.4312658928704618,0.40253549609688444,0.4069670386250717,742836000
2006-09-08,0.42331957817077637,0.43050194974855976,0.41399707672872343,0.42866807193226086,447978000
2006-09-11,0.4298904538154602,0.4347813879510161,0.40910714682343124,0.41384403944728954,598266000
2006-09-12,0.4411998391151428,0.4439506695033761,0.42683419417153773,0.4279042591038118,498432000
2006-09-13,0.4447145462036133,0.4505215034215062,0.4408936503348122,0.4422690657262992,476286000
2006-09-14,0.44303375482559204,0.45082772938080407,0.4372258688312039,0.44257529216395747,428814000
2006-09-15,0.4517446458339691,0.45388387405331926,0.4424221437763721,0.44456137199572227,649764000
2006-09-18,0.4688602089881897,0.46962492373479625,0.4515915486886221,0.45296693669289084,793896000
2006-09-19,0.4566347301006317,0.46916652682952875,0.4528138614133516,0.46580412084789724,708054000
2006-09-20,0.4732927680015564,0.4739034686999695,0.4616779227961992,0.46259484830338343,511884000
2006-09-21,0.4694717228412628,0.47757101847307093,0.46504012764914743,0.47283412771774214,539106000
2006-09-22,0.4555646777153015,0.4710003908250277,0.4503693225521038,0.4680964747946869,653334000
2006-09-25,0.4719172418117523,0.4739033576323218,0.44991076152832454,0.46244165484446464,684486000
2006-09-26,0.46198317408561707,0.47268109148991116,0.45602307758631655,0.47145881589560423,516120000
2006-09-27,0.46060776710510254,0.47527879095389364,0.4561762255169572,0.46060776710510254,578142000
2006-09-28,0.4518970251083374,0.45373090373029695,0.4405884576343619,0.4425754486841454,647346000
2006-09-29,0.45220324397087097,0.4584686648893255,0.4497577630984219,0.45495404787145577,373890000
2006-10-02,0.4407414197921753,0.45296693607229516,0.4370736637987712,0.45006302036504964,647442000
2006-10-03,0.4324890971183777,0.43585060192478103,0.4228612692420347,0.4324890971183777,907692000
2006-10-04,0.4749734401702881,0.4751265798713026,0.43187737597645964,0.4330996789184078,1460382000
2006-10-05,0.46152472496032715,0.4778773900278223,0.46030244925781727,0.47313956870340923,662682000
2006-10-06,0.47268110513687134,0.4775711367683691,0.4609140514969494,0.46228946682937677,593610000
2006-10-09,0.5030931234359741,0.5093585152467631,0.4702355872814066,0.4716110025041976,932304000
2006-10-10,0.4916313886642456,0.5024814607348485,0.485976588454412,0.500494470647006,624648000
2006-10-11,0.4943823218345642,0.5030932506796258,0.48154520093123054,0.4890329248217088,481944000
2006-10-12,0.4963684380054474,0.5066078674949387,0.4891860644617194,0.4971331528850956,414720000
2006-10-13,0.5160827040672302,0.518986620969928,0.486588488042495,0.4946877889959794,584190000
2006-10-16,0.5151655673980713,0.5261687807485131,0.505996150067753,0.5177641328191303,478968000
2006-10-17,0.495451420545578,0.5102755857046736,0.49056144308993166,0.5067609690621457,526506000
2006-10-18,0.4823091924190521,0.5081365273909229,0.4787945744103716,0.5027871287025432,822750000
2006-10-19,0.49147844314575195,0.4951462000630118,0.4766543303893881,0.48047517239397225,473040000
2006-10-20,0.485823392868042,0.49560432694156653,0.4787941628922243,0.49529897676293205,359478000
2006-10-23,0.4826141893863678,0.4965213712599965,0.481391913919018,0.48475431918204315,280248000
2006-10-24,0.4966745674610138,0.5021762286864834,0.4821558089719215,0.48353122427828893,519288000
2006-10-25,0.5012593269348145,0.5089001902787554,0.49300688846252544,0.5014115375453997,389436000
2006-10-26,0.5171525478363037,0.5188332587750305,0.5024815241127059,0.5024815241127059,366690000
2006-10-27,0.4948408007621765,0.5286143408489428,0.4890329138053587,0.5171526357744693,566988000
2006-10-30,0.5008007287979126,0.5096638104052988,0.4928536432423973,0.4982021092109017,479592000
2006-10-31,0.5328937768936157,0.5328937768936157,0.5092056472434011,0.5118042135652516,996174000
2006-11-01,0.49178361892700195,0.5307534061991032,0.4844481076966531,0.5258633750832096,1176540000
2006-11-02,0.48842233419418335,0.5047740756901354,0.48169752009526245,0.49407620836699356,862944000
2006-11-03,0.4982023239135742,0.4988139537604816,0.4859767773060714,0.49392392094014864,548070000
2006-11-06,0.5133318305015564,0.5202088547654542,0.49331233295494165,0.4995777819737607,739602000
2006-11-07,0.521125853061676,0.5266274617321268,0.514248773906447,0.5171527453268867,553254000
2006-11-08,0.5287675261497498,0.535186059683185,0.5162357547940318,0.5174580307131543,648324000
2006-11-09,0.5393122434616089,0.5532184997326948,0.5347275615738921,0.5396175937907064,1207758000
2006-11-10,0.526322066783905,0.5373253378472834,0.5130264544140388,0.5347276461633942,1317192000
2006-11-13,0.5501626133918762,0.551691114624076,0.5272391392858646,0.5273922790739228,852282000
2006-11-14,0.5556640028953552,0.5567340681066412,0.5364082944643473,0.5481753499891595,628530000
2006-11-15,0.5464944839477539,0.5616239414349274,0.5434383033664992,0.5539830800789963,491892000
2006-11-16,0.5535247325897217,0.5555107939241071,0.5440490901694458,0.5487869113795837,457182000
2006-11-17,0.5550523400306702,0.5565808952197117,0.5463414664717815,0.5497038725194149,361608000
2006-11-20,0.560248613357544,0.563304739760141,0.5440490884441179,0.5481752799212248,608634000
2006-11-21,0.5515377521514893,0.5628463721774293,0.5477169105167353,0.5619294467002977,387384000
2006-11-22,0.5610123872756958,0.5616240169809018,0.5506207488493673,0.5535247192502621,240258000
2006-11-24,0.565138578414917,0.566361783052777,0.5532183860939393,0.5582615569959778,144336000
2006-11-27,0.539617657661438,0.5692649537195759,0.5357967610471064,0.5617772839972623,585294000
2006-11-28,0.5497037172317505,0.5545937479738156,0.5293779505423053,0.5377835260571241,480966000
2006-11-29,0.5578030347824097,0.5645278452357867,0.5526076536041481,0.5547469089174188,579792000
2006-11-30,0.5652919411659241,0.5698766239209758,0.5510794027637718,0.5578032871462164,583632000
2006-12-01,0.5431321263313293,0.5597900854742509,0.5382420948724128,0.559026299866991,785010000
2006-12-04,0.565138578414917,0.572168739523561,0.5481752151919006,0.550162260052214,621570000
2006-12-05,0.5593318343162537,0.5625411012662069,0.5530663855104688,0.5591786945684034,663354000
2006-12-06,0.5585678815841675,0.5611655727879448,0.5509261441172341,0.5611655727879448,478242000
2006-12-07,0.5451191663742065,0.5616240419792986,0.5402291344691289,0.558567860850913,486894000
2006-12-08,0.5432853102684021,0.5507739630738924,0.5333521604987375,0.5411461089878613,564858000
2006-12-11,0.5526078939437866,0.5591786931148031,0.5422153234950793,0.543438528594197,515484000
2006-12-12,0.5469528436660767,0.5503152484970432,0.5396173882322832,0.5484813983020195,568116000
2006-12-13,0.553371787071228,0.5578033304199407,0.5513847959264178,0.5513847959264178,491952000
2006-12-14,0.5631526708602905,0.5701819601082744,0.5573448377830736,0.5578032732549244,715380000
2006-12-15,0.5730859041213989,0.5730859041213989,0.5633049084988329,0.5668204550778796,746094000
2006-12-18,0.583018958568573,0.589895981068835,0.5733911052067195,0.5736973299805711,688356000
2006-12-19,0.5914244055747986,0.5944805863581253,0.5747664467927933,0.5755311614965668,545622000
2006-12-20,0.5847007632255554,0.5953977555992616,0.5842422730684301,0.5883685205213615,306594000
2006-12-21,0.579657256603241,0.589590457358165,0.5730855863500686,0.5879096921072892,367920000
2006-12-22,0.5659034252166748,0.5807266620041228,0.5631525941453867,0.5787405457931515,370170000
2006-12-26,0.565750241279602,0.5740026791948435,0.5634579004505749,0.5689595621632134,228192000
2006-12-27,0.5732389092445374,0.5752249707011066,0.5681957374207411,0.5681957374207411,264954000
2006-12-28,0.5691125988960266,0.5744611204409977,0.5665140335143954,0.5738494907521525,213912000
2006-12-29,0.565596878528595,0.5810326122709707,0.5649862327955105,0.5691124227991509,386094000
2007-01-03,0.5513845086097717,0.5733909870048197,0.5316703159218837,0.5665139659222238,1154820000
2007-01-04,0.548786997795105,0.5513846892584853,0.5353382468214691,0.5493985729576386,797298000
2007-01-05,0.5144017338752747,0.5379367705744293,0.5107339778256543,0.5357966404668277,1243344000
2007-01-08,0.5182225704193115,0.5281557177257297,0.5073715141019534,0.516235580243561,657270000
2007-01-09,0.5081362724304199,0.5225010168121894,0.5075246973952948,0.5189864005669893,764166000
2007-01-10,0.5331989526748657,0.5379367738067553,0.4951460859071169,0.502786893695077,1108746000
2007-01-11,0.5312122702598572,0.5373255102948222,0.5225013377073077,0.5331992618266423,924504000
2007-01-12,0.5383952856063843,0.5405344867003127,0.5208203448390695,0.5232658253568853,698190000
2007-01-16,0.5393122434616089,0.5428268601813643,0.5331990063556715,0.5425215098522668,711864000
2007-01-17,0.5280027985572815,0.5350329617651919,0.5260166822169322,0.5318236404217234,707934000
2007-01-18,0.48429587483406067,0.523417925533008,0.4777242041135513,0.523417925533008,1501638000
2007-01-19,0.4871990382671356,0.49728532729289654,0.47573727911738956,0.47909968516371254,942606000
2007-01-22,0.4871990382671356,0.49973080791028096,0.4853651327555403,0.49178372006554677,730644000
2007-01-23,0.48735228180885315,0.49514628712358194,0.47589057358570597,0.4849068003962469,630354000
2007-01-24,0.5024816989898682,0.5090534275193757,0.4913253422683017,0.49361768369119646,685722000
2007-01-25,0.48490670323371887,0.5089002350211589,0.4824621514244466,0.5070663292806802,616284000
2007-01-26,0.4809335470199585,0.49377066582100115,0.4722226196014556,0.4890328447344731,829584000
2007-01-29,0.46121951937675476,0.4790997592957141,0.4570932723274919,0.47879446357904365,1258284000
2007-01-30,0.4700833261013031,0.473139451832406,0.4601492505372952,0.4642754411077927,636174000
2007-01-31,0.46840178966522217,0.47283426056183825,0.461983202785042,0.46779108905981914,467976000
2007-02-01,0.47436171770095825,0.4768071975659455,0.46305315640239736,0.463970081549227,650898000
2007-02-02,0.4867406487464905,0.48903299011910567,0.47298660051079905,0.47696058248360973,586590000
2007-02-05,0.4946875274181366,0.49881377292265533,0.4882689961716045,0.4890327817146076,579906000
2007-02-06,0.5122625231742859,0.5186810551492161,0.49835533953718825,0.5058439365456433,775386000
2007-02-07,0.5322819948196411,0.533504270397852,0.5133316405623101,0.5163886958505959,761058000
2007-02-08,0.5254051089286804,0.5328937076027422,0.5195981507030396,0.5241828330344853,726276000
2007-02-09,0.4989668130874634,0.5324350454400232,0.4969798231264927,0.5280025756186819,937956000
2007-02-12,0.5099701881408691,0.5208203164989377,0.4972852799862575,0.5026346760997497,789360000
2007-02-13,0.519598126411438,0.5237243184553467,0.5130263989264291,0.5182227108455612,849732000
2007-02-14,0.5127211213111877,0.5272389539381759,0.5114979163177396,0.5241828270080282,1081848000
2007-02-15,0.5157772302627563,0.5183749216667164,0.5075247915179438,0.5124148239813672,488682000
2007-02-16,0.5000361204147339,0.5142486001226604,0.4985084944550335,0.5136379541762637,915060000
2007-02-20,0.5044687986373901,0.5072195758468804,0.49728549409396905,0.5008010410376668,625578000
2007-02-21,0.49697983264923096,0.5056907583288328,0.49193666227400346,0.500342237719128,655332000
2007-02-22,0.5001890659332275,0.5128730963373649,0.49896679061455235,0.504773746105933,655452000
2007-02-23,0.4989668130874634,0.5052322587397826,0.49881372807039115,0.5049269085111562,403050000
2007-02-26,0.49132516980171204,0.5041622881945409,0.4905613841845706,0.500342321688317,494070000
2007-02-27,0.4765021502971649,0.4974385731817237,0.47573738065625054,0.4859768115856401,714630000
2007-02-28,0.473751038312912,0.48398953406779255,0.46931856879741257,0.4751264532625064,780048000
2007-03-01,0.46794331073760986,0.47665423856980116,0.45739853212691295,0.46351176884918066,837228000
2007-03-02,0.45495402812957764,0.46947191477353395,0.45403707531793086,0.46381716748359014,682728000
2007-03-05,0.4395183324813843,0.45587097256095355,0.4379907062496129,0.4470069583789979,663558000
2007-03-06,0.4654988646507263,0.4705420374131257,0.44731231740792343,0.4491461959281719,805974000
2007-03-07,0.4523554742336273,0.46534570851018275,0.45036938515053165,0.46320650701314925,811656000
2007-03-08,0.4710003435611725,0.47619572552988426,0.4615247013961465,0.46183098080444296,770622000
2007-03-09,0.46626245975494385,0.48292047204178007,0.46091399345529666,0.47757107662913484,555306000
2007-03-12,0.46351179480552673,0.4702356778704787,0.4603024737828484,0.46091410355013424,428010000
2007-03-13,0.4439508616924286,0.46152485081470057,0.4436445821849742,0.45877407388934627,617070000
2007-03-14,0.44181057810783386,0.44777064737196504,0.4285149696119838,0.4451729837718355,971610000
2007-03-15,0.43737906217575073,0.44471457496901995,0.4306551518196589,0.44074146824697447,655752000
2007-03-16,0.43325281143188477,0.43844909532207416,0.4301966576955403,0.43768438054827064,525648000
2007-03-19,0.43539193272590637,0.44242206562479286,0.4340165176841132,0.43554504506952807,461508000
2007-03-20,0.43325281143188477,0.4439507295153825,0.4315720730755817,0.4340166244193984,656490000
2007-03-21,0.458010196685791,0.4651925430434922,0.4422691319328499,0.4508278230012282,1268376000
2007-03-22,0.46809637546539307,0.47084715119250825,0.45632932304045903,0.4584685237862224,810954000
2007-03-23,0.46290022134780884,0.4728343557570984,0.45953874396303535,0.46458191648039127,524640000
2007-03-26,0.4638170897960663,0.46763793082274085,0.45541241459219656,0.46320638921486096,447336000
2007-03-27,0.4551061987876892,0.463664861508088,0.454647736085547,0.46274793610380355,469020000
2007-03-28,0.4463953375816345,0.4551062389994375,0.4456315244970649,0.4512862717901848,459504000
2007-03-29,0.43860137462615967,0.45373083686929194,0.43141900095139346,0.4531201634942463,719016000
2007-03-30,0.43982458114624023,0.44777074062919786,0.4375322400302586,0.4445614739975682,581244000
2007-04-02,0.4393659234046936,0.44242204894740206,0.43218262377926353,0.43875432118562857,400830000
2007-04-03,0.4376843273639679,0.44425599850879843,0.4335581090520898,0.4393659946290738,473724000
2007-04-04,0.43676745891571045,0.4405883550244595,0.43554518315687335,0.43707371102690007,361692000
2007-04-05,0.47222235798835754,0.4726808477340626,0.4386010518892516,0.4386010518892516,1332900000
2007-04-09,0.46366482973098755,0.4775711390579346,0.4627479043895443,0.47222261740541505,640950000
2007-04-10,0.4589270353317261,0.4684017477697646,0.4580100827193483,0.4630532264434341,794220000
2007-04-11,0.4506746828556061,0.4644287568362399,0.4491461548541542,0.45984407461831583,810150000
2007-04-12,0.46351179480552673,0.46488721029328617,0.4453261524450584,0.4482291940274839,743640000
2007-04-13,0.46733272075653076,0.4682497010165901,0.45632950417310636,0.46198332309923656,638694000
2007-04-16,0.46488720178604126,0.4696249686224687,0.4589271045506302,0.46610947753130716,671838000
2007-04-17,0.46931880712509155,0.48750532606454877,0.4670264659295787,0.4766543208122227,1059108000
2007-04-18,0.47512656450271606,0.4792527556638569,0.4661094128132034,0.46855483842367907,683802000
2007-04-19,0.48169735074043274,0.4844481815345121,0.4699302965477349,0.47130571194477455,568056000
2007-04-20,0.48735228180885315,0.4890330481488214,0.48093374706538505,0.488727697726378,590052000
2007-04-23,0.47940507531166077,0.48597674823204534,0.47802965972713624,0.48505982272693654,595272000
2007-04-24,0.49743834137916565,0.5018698823401779,0.4842958744089531,0.4875051399265724,1028088000
2007-04-25,0.5059961080551147,0.5087469384911812,0.4943821950839606,0.49667453556277996,509640000
2007-04-26,0.5122625231742859,0.5160824897432212,0.5014114658227311,0.5059961471344562,500070000
2007-04-27,0.5053853392601013,0.5162354640217129,0.497285115152717,0.5105807194884796,554058000
2007-04-30,0.502634584903717,0.518680966760275,0.5024814452278914,0.512262435879133,563388000
2007-05-01,0.5079830884933472,0.5151654592860224,0.5038568433625762,0.5118039287419921,544554000
2007-05-02,0.5020231604576111,0.5127210794910962,0.49942546917498337,0.5105809491472053,659658000
2007-05-03,0.5114976167678833,0.5148600211973419,0.5058437470005958,0.5067607266423086,500250000
2007-05-04,0.5151655673980713,0.5177641328191303,0.5093585557766325,0.5142485874074406,405246000
2007-05-07,0.5049271583557129,0.5284612723539245,0.5043155831366254,0.5226543137276461,557100000
2007-05-08,0.5087471604347229,0.5099703656093284,0.49209006928194193,0.5018701359981278,737100000
2007-05-09,0.5110393762588501,0.5139433469378534,0.4992723213574542,0.5050792789485277,417870000
2007-05-10,0.5015645623207092,0.5199032859879422,0.4971330210926321,0.513179404301461,802584000
2007-05-11,0.537019670009613,0.5422149956524364,0.5205148004982966,0.5286140955990963,1530630000
2007-05-14,0.531670331954956,0.539922768433673,0.5266272158011951,0.5348796522799121,731568000
2007-05-15,0.5269336104393005,0.5364083254751947,0.525710460083661,0.5331990587690664,621360000
2007-05-16,0.5336576104164124,0.5336576104164124,0.5173058699869244,0.5273921613639903,523104000
2007-05-17,0.5247934460639954,0.5348797902812523,0.5217373192910852,0.5321289591940511,443664000
2007-05-18,0.5351859331130981,0.5367135590358193,0.5243349303467216,0.528767401097629,604266000
2007-05-21,0.5368666648864746,0.5501622727283215,0.5310597082818943,0.5336573990811009,645768000
2007-05-22,0.5397704243659973,0.5446604542772494,0.5286140752358232,0.5373249995076707,401736000
2007-05-23,0.5254051089286804,0.5432853481598287,0.5238765535625183,0.5400760814585616,448248000
2007-05-24,0.5064547657966614,0.5293781781791933,0.5043155642992371,0.527850606531739,607800000
2007-05-25,0.5144017338752747,0.5169994248710942,0.5085947768311797,0.5101224027731985,308976000
2007-05-29,0.5199032425880432,0.5215840079179549,0.5107338815198563,0.5122624362867724,316242000
2007-05-30,0.521125853061676,0.521125853061676,0.5073717494049503,0.5137903383985867,331650000
2007-05-31,0.5293780565261841,0.5325873772452059,0.5225010343917893,0.5249465148088911,481572000
2007-06-01,0.5330458283424377,0.5432852565502693,0.5321289029615068,0.5353381691216227,429084000
2007-06-04,0.5359498858451843,0.5390060127912139,0.5260166807915886,0.5281558822078506,322002000
2007-06-05,0.5518428683280945,0.5527597934161487,0.5365612025388743,0.5374781276269286,698586000
2007-06-06,0.5559692978858948,0.5648333108086365,0.5457307440067949,0.5480230848152454,950736000
2007-06-07,0.5500090718269348,0.5616239128565861,0.5498568612636971,0.553371476951354,791862000
2007-06-08,0.5585678815841675,0.5593317219431826,0.5387005993441615,0.54542453692923,533268000
2007-06-11,0.5605539083480835,0.5639163138344753,0.5555107373481679,0.5585677925622593,434634000
2007-06-12,0.5547470450401306,0.5654449091889439,0.5544416947164883,0.5576509610498114,526770000
2007-06-13,0.5680426955223083,0.5681958352663743,0.5536770725928821,0.5608603212874141,587232000
2007-06-14,0.5781289935112,0.5802681948784691,0.564680242614527,0.5654449575050722,508548000
2007-06-15,0.604414701461792,0.6089993828296988,0.5845474209452511,0.58470056064905,1081998000
2007-06-18,0.6047199964523315,0.6126670828240383,0.5998299652371597,0.610526952926486,685662000
2007-06-19,0.6085411906242371,0.6099165518611563,0.596773203095041,0.6008993961132685,491952000
2007-06-20,0.6091516613960266,0.6143479730458682,0.605025469565951,0.6112917917281205,822792000
2007-06-21,0.6568324565887451,0.6621819085365283,0.6161818904046819,0.6209197125161605,1297326000
2007-06-22,0.6666132211685181,0.6704341164175861,0.6472044330874607,0.6571385093279895,882618000
2007-06-25,0.6490384340286255,0.6638625447545972,0.6420092006389696,0.6479692979814732,819702000
2007-06-26,0.6189323663711548,0.6491912745303468,0.6174038118683005,0.6473573698412994,868482000
2007-06-27,0.6355906128883362,0.6363544532618415,0.6158764699914338,0.6189326512912366,613140000
2007-06-28,0.6417029500007629,0.6485800277459497,0.6311581703297716,0.6374245473936843,597534000
2007-06-29,0.6313112378120422,0.6461353475069629,0.6310058875063482,0.6459822624512535,516570000
2007-07-02,0.6575970649719238,0.6579023606048544,0.6383413599978123,0.6403274758769206,563850000
2007-07-03,0.6586663126945496,0.6638625698596186,0.651789289651684,0.6571386865426201,238770000
2007-07-05,0.6656964421272278,0.6678356433085246,0.6556100984464752,0.6588194194287428,373290000
2007-07-06,0.6689056754112244,0.6715033665055792,0.6635572081655973,0.6647794838574582,282720000
2007-07-09,0.6883143782615662,0.6915236986724932,0.6711979298650106,0.671351069555946,536784000
2007-07-10,0.6950382590293884,0.6991644497219379,0.6774633220807356,0.6847988329271614,552654000
2007-07-11,0.691982090473175,0.6996229516955812,0.68235423915312,0.6948851313197152,582612000
2007-07-12,0.7052778601646423,0.7060416458679031,0.6919822502875576,0.6968722823611071,438732000
2007-07-13,0.7009983658790588,0.7116962274203033,0.7002345256995318,0.7032907062232131,372630000
2007-07-16,0.7136824727058411,0.7165863885352366,0.7014569285846106,0.7016100682935291,541710000
2007-07-17,0.7106264233589172,0.7309521983211206,0.7100148481767397,0.7165865213720396,643812000
2007-07-18,0.697636067867279,0.7025269740157682,0.6838819690347672,0.7003868439108107,550656000
2007-07-19,0.6968724131584167,0.7110849511230158,0.6919823801670475,0.707570333846564,407376000
2007-07-20,0.6892313957214355,0.7039023647347387,0.6858689900901415,0.7014568844192052,505650000
2007-07-23,0.6961085200309753,0.7103210558052083,0.6852574612697215,0.6867860164944838,360474000
2007-07-24,0.6777698993682861,0.6991648134357404,0.6734905667709076,0.6933578543625534,457560000
2007-07-25,0.6745603084564209,0.6875496361997434,0.6589723609432881,0.6779217846576994,437196000
2007-07-26,0.6779215931892395,0.6873972314832036,0.6583606000268866,0.6673768193960914,710268000
2007-07-27,0.6762411594390869,0.7074170037558825,0.6759358091437844,0.6762411594390869,615480000
2007-07-30,0.6951914429664612,0.6962605787926047,0.6785334301496762,0.6786865698380953,538158000
2007-07-31,0.6993178129196167,0.7324797782399018,0.6984008874341677,0.7226997133940328,711492000
2007-08-01,0.6941214203834534,0.70619469837579,0.6617232471366855,0.6892313889137793,705828000
2007-08-02,0.6910651922225952,0.7026791049803589,0.6817426907885115,0.7020684591109825,468606000
2007-08-03,0.6501084566116333,0.6938161257472932,0.6498031063046997,0.6887729541753769,623412000
2007-08-06,0.6556097865104675,0.6604998163059929,0.6372710680399821,0.6556097865104675,524724000
2007-08-07,0.6660018563270569,0.6768528612188822,0.6468992869343834,0.6556101613264425,565764000
2007-08-08,0.6967191100120544,0.7175033712992616,0.672878776941743,0.6780750335515473,660744000
2007-08-09,0.7049714922904968,0.7243803366595198,0.6854104919908035,0.7014568761146294,1251834000
2007-08-10,0.6722681522369385,0.6768528342932667,0.6325335852374392,0.6472046115406666,1141014000
2007-08-13,0.6649326682090759,0.682201386637157,0.6510254817041687,0.6776167043800218,700410000
2007-08-14,0.690759003162384,0.7014569211879453,0.6675302454967562,0.6695172359317072,1092174000
2007-08-15,0.6615702509880066,0.6968723475125829,0.660653325482346,0.68709140799157,695142000
2007-08-16,0.6505668759346008,0.6597362380480832,0.6189325438508612,0.6549984172979368,780030000
2007-08-17,0.6889249086380005,0.6895364834839348,0.6478158749837615,0.6686000739636995,728712000
2007-08-20,0.6861742734909058,0.6968721907650178,0.6777696259052669,0.689383594019429,519684000
2007-08-21,0.7233102321624756,0.7288118383452141,0.6800619334182123,0.6903004857586287,715338000
2007-08-22,0.7398151755332947,0.7440945066019029,0.7266727064927438,0.741649026216906,566154000
2007-08-23,0.7335497736930847,0.7520416399860075,0.7303405074723509,0.7433307120683398,667986000
2007-08-24,0.7373705506324768,0.7387459659366473,0.7260610581071648,0.7314105087372572,361644000
2007-08-27,0.754027783870697,0.7618217872427544,0.7340082893635934,0.7373706956652176,635946000
2007-08-28,0.7080284357070923,0.7595291070963832,0.7063467414235308,0.7564729269650062,560022000
2007-08-29,0.7482208013534546,0.7491377268219579,0.7213242845082124,0.7228519106493659,538560000
2007-08-30,0.7439414262771606,0.7624332929077099,0.7407321599978317,0.7410383847758133,465660000
2007-08-31,0.7818418145179749,0.7847448550151747,0.7554028693086747,0.7595291142294645,720834000
2007-09-04,0.8059877753257751,0.8093501811179626,0.7731311648557685,0.7853567087922503,683268000
2007-09-05,0.7998744249343872,0.8252433090150088,0.7992637790748885,0.8024730447036149,656274000
2007-09-06,0.8033901453018188,0.8171441907018578,0.800027739254321,0.8098087326140679,425496000
2007-09-07,0.7740481495857239,0.789177610468164,0.7590708993084249,0.7810773828961816,602304000
2007-09-10,0.7761871218681335,0.8046121843904068,0.7697685910975118,0.7908581430359012,872112000
2007-09-11,0.7926920652389526,0.7986521612971267,0.7773333897990162,0.7855858262908182,405424000
2007-09-12,0.7615164518356323,0.8050709877357104,0.7537225029643977,0.8011739586463698,554452000
2007-09-13,0.7617453932762146,0.7768748501000152,0.7562437875185699,0.775957924916025,452864000
2007-09-14,0.739280641078949,0.7550978100628523,0.7369883001241971,0.7541808846116954,487308000
2007-09-17,0.7376760244369507,0.748220803996285,0.7296528582420576,0.7404268555058973,374828000
2007-09-18,0.8023201823234558,0.8137818882830459,0.7443238900488325,0.745470087971654,844740000
2007-09-19,0.7876490354537964,0.8252434117572959,0.7798550334017758,0.8096555169606807,521360000
2007-09-20,0.7830643057823181,0.7965891323297333,0.7743534329700841,0.7881074771917463,324172000
2007-09-21,0.790628969669342,0.8023199445408917,0.7830642405125895,0.7908582419781922,457532000
2007-09-24,0.8108017444610596,0.8229511568229656,0.7897121860999278,0.795443065736473,456360000
2007-09-25,0.8211174607276917,0.8245559454348054,0.8036956554914563,0.8059879968474418,360748000
2007-09-26,0.8406020402908325,0.842435890752122,0.8231802422937574,0.8252433103992814,518032000
2007-09-27,0.843123733997345,0.8527515871025043,0.8341835885892481,0.8486253409201295,378280000
2007-09-28,0.8307449221611023,0.8511467669464187,0.8289110171541204,0.8481667191320633,404292000
2007-10-01,0.865817666053772,0.86994391100666,0.836934169998351,0.8378510951033153,398200000
2007-10-02,0.857565701007843,0.8653597053077662,0.8449578509308336,0.8637550171770991,284960000
2007-10-03,0.8211174607276917,0.8424362408037294,0.8075926303312587,0.8424362408037294,467196000
2007-10-04,0.8247848749160767,0.8295987733661047,0.7965890278410376,0.8202001941102292,378976000
2007-10-05,0.846562385559082,0.8511470677160702,0.8289113100663272,0.837851456668571,344840000
2007-10-08,0.8603164553642273,0.8616918709793734,0.8424361616747764,0.8525225064166982,252484000
2007-10-09,0.8451869487762451,0.8642133847157619,0.8325790458339876,0.8603164104454659,403008000
2007-10-10,0.8461037874221802,0.8509176866760965,0.8257019380330777,0.8509176866760965,389136000
2007-10-11,0.8085092902183533,0.8488545504083046,0.7993399278080129,0.8383097727056709,529104000
2007-10-12,0.828223466873169,0.828223466873169,0.8048415698336895,0.8174494710310332,409952000
2007-10-15,0.8341834545135498,0.844957503600039,0.827077215657688,0.8309741888788836,355900000
2007-10-16,0.8417482972145081,0.856648539182723,0.8302865936442326,0.8332666420378756,276360000
2007-10-17,0.9063923358917236,0.9089138941531708,0.8736118598780668,0.8745287851864375,717944000
2007-10-18,0.9057046175003052,0.9093723733439788,0.8807180888848454,0.9034122769297229,340620000
2007-10-19,0.8571071028709412,0.9041001188758306,0.8568778305222259,0.9036416288321185,505768000
2007-10-22,0.8976814150810242,0.8995153203642512,0.8447283086457946,0.8516053304870456,537656000
2007-10-23,0.9020370244979858,0.9093725375095858,0.8775089814301712,0.9093725375095858,294292000
2007-10-24,0.8715488314628601,0.8825520456640219,0.8286820084471133,0.8825520456640219,565500000
2007-10-25,0.795443058013916,0.8527516352081141,0.7699980357483402,0.8447284147255879,806192000
2007-10-26,0.7885660529136658,0.8261604882624848,0.7771043481496891,0.8206588262528004,616580000
2007-10-29,0.7699979543685913,0.7736657103542869,0.7463868401119594,0.7615162993943835,813896000
2007-10-30,0.7981938719749451,0.8144694756340456,0.7633502144964627,0.7761873342031508,525212000
2007-10-31,0.8110308051109314,0.8114892403838115,0.7780210607005664,0.8030075866447802,455188000
2007-11-01,0.8110308051109314,0.8273064050259693,0.7874196396390625,0.7984229059937522,587236000
2007-11-02,0.8422069549560547,0.8481670529303772,0.8108018317303897,0.8222635375834235,491844000
2007-11-05,0.8422069549560547,0.862379590049629,0.8298282689117984,0.8351006590695664,436636000
2007-11-06,0.8687981963157654,0.8756752204042337,0.8463332181678648,0.8502302476730198,554620000
2007-11-07,0.8275356888771057,0.871777920818612,0.8206586673503036,0.8683394373820654,546768000
2007-11-08,0.7757288813591003,0.8344128714551676,0.7521177109872955,0.8195126289202842,996824000
2007-11-09,0.7647256255149841,0.7977353773279974,0.7484500219500378,0.7920044979021738,871056000
2007-11-12,0.6883907318115234,0.769998145081147,0.6883907318115234,0.7644965370668256,715732000
2007-11-13,0.7491376996040344,0.7498254073438559,0.6883906380341204,0.699623124912914,726696000
2007-11-14,0.7374467253684998,0.7754995928039696,0.7335497515532667,0.7681641351856486,666720000
2007-11-15,0.7275896072387695,0.739509800240426,0.7106262430470943,0.7326327784287883,496436000
2007-11-16,0.7438651919364929,0.7459283148284105,0.727589590421258,0.7335496867843245,423592000
2007-11-19,0.6936630010604858,0.7369882590890834,0.6897660271197611,0.7333205028349553,568412000
2007-11-20,0.6883907318115234,0.70787565956883,0.6673011706606117,0.7067294616284115,622628000
2007-11-21,0.681054949760437,0.6973306043196655,0.671885588463741,0.6739487111516089,648452000
2007-11-23,0.6927459239959717,0.6957259718841649,0.6771579769920606,0.6858689030202267,141976000
2007-11-26,0.676699697971344,0.7065001861411425,0.6753243370705022,0.6922876498335249,385896000
2007-11-27,0.7058126926422119,0.7078758166004026,0.6810553691051385,0.686327760562467,458856000
2007-11-28,0.7530347108840942,0.763120999744703,0.7246096404764004,0.7280481790957656,574548000
2007-11-29,0.7592239379882812,0.7816889086282126,0.748679160312698,0.7518884262173422,489084000
2007-11-30,0.723004937171936,0.7839812637591731,0.7207125965327337,0.7839812637591731,652656000
2007-12-03,0.7335497736930847,0.7470746009418533,0.7223172872667999,0.7335497736930847,490688000
2007-12-04,0.7328619956970215,0.7392805275229303,0.7186494620991664,0.7367589692561392,371712000
2007-12-05,0.7709148526191711,0.7851273860693098,0.7514299850260969,0.7608285650031262,666704000
2007-12-06,0.7865027189254761,0.789024276901812,0.7622039004056969,0.7690809214214623,371152000
2007-12-07,0.7766456604003906,0.7906289202568497,0.7686224417810792,0.7897119950398812,320292000
2007-12-10,0.7851275205612183,0.7942968844471862,0.7768750821331032,0.7791674231045952,336360000
2007-12-11,0.7860442996025085,0.816532488963405,0.7842104490283944,0.8018614657556538,582436000
2007-12-12,0.8130940794944763,0.8273066149810223,0.797276910838215,0.8192833944787269,617504000
2007-12-13,0.790858268737793,0.8085092858162218,0.767476372857249,0.8032368969936119,500364000
2007-12-14,0.8039246201515198,0.8126355473542594,0.7819181391310618,0.7871905280554273,354016000
2007-12-17,0.7628918290138245,0.8030078238892316,0.7610579234193727,0.7954430931147051,507408000
2007-12-18,0.7823765277862549,0.7908581815694204,0.7667885806994251,0.7745825269159876,396896000
2007-12-19,0.789712131023407,0.7970476433296954,0.7764165764536887,0.7796258425925467,253536000
2007-12-20,0.8062169551849365,0.8080508604718994,0.7855858896191557,0.8023199815989935,279940000
2007-12-21,0.8059877753257751,0.8229510857670416,0.7986522631412585,0.8158448459127194,433408000
2007-12-24,0.8202003836631775,0.82409735778339,0.8059878480189704,0.8119479453747256,104008000
2007-12-26,0.8312036991119385,0.8312036991119385,0.813781894979261,0.8218051165438558,215340000
2007-12-27,0.8055295348167419,0.834413102494276,0.8034664657819924,0.8298283649686313,241368000
2007-12-28,0.7975061535835266,0.8137817570248685,0.7906290764632793,0.8041539037102385,262064000
2007-12-31,0.7798550128936768,0.8055292497521636,0.779625795227317,0.7910874983509787,276236000
2008-01-02,0.7567025423049927,0.7851275608804811,0.7463869800766758,0.7821475119991328,483964000
2008-01-03,0.7507421374320984,0.7761870967173297,0.7479913073888517,0.7610576407868731,475308000
2008-01-04,0.6877029538154602,0.7319451951040084,0.6831182718289881,0.7282774385840867,736092000
2008-01-07,0.6166402697563171,0.6980184492613266,0.6040323681651102,0.6922875699961284,1006800000
2008-01-08,0.629706621170044,0.6714272461006625,0.6056370151494558,0.6200787678310654,1106956000
2008-01-09,0.6622579097747803,0.6624871821245217,0.6287897213918341,0.6381883027733918,741036000
2008-01-10,0.6485037803649902,0.6588193405037981,0.6356666619349299,0.6441483167816081,554432000
2008-01-11,0.6200788617134094,0.6464408125532735,0.6154941793633222,0.6331452555995103,572612000
2008-01-14,0.6613408327102661,0.6622577579378509,0.6191617257043041,0.6292480125151492,539188000
2008-01-15,0.6127433180809021,0.6436899469948638,0.6019692668585283,0.6361252166970891,725692000
2008-01-16,0.5435143709182739,0.581338010108586,0.53090647297027,0.5742317721545908,1464472000
2008-01-17,0.5341160297393799,0.5666672989723419,0.5327406139901212,0.5519963251722843,1133900000
2008-01-18,0.5694178938865662,0.5723979418872198,0.5162355744723395,0.535720440645414,920428000
2008-01-22,0.5409929752349854,0.5542885860078904,0.5118802496047474,0.5150895161176138,709092000
2008-01-23,0.5508502125740051,0.5671258207723769,0.513943476292264,0.5189865947828248,929880000
2008-01-24,0.5930291414260864,0.5932584137773713,0.5563516864370324,0.5616240760570808,597092000
2008-01-25,0.5719396471977234,0.6294775040869404,0.5691888705567529,0.6157234569209122,688012000
2008-01-28,0.5650625228881836,0.5756073014331996,0.552913111258541,0.5698764767957786,577608000
2008-01-29,0.5824841856956482,0.5847765805915968,0.5602484908112312,0.5751487297126822,414484000
2008-01-30,0.577441394329071,0.586152270281406,0.5609365134519031,0.5730859290260369,530476000
2008-01-31,0.5636872053146362,0.5742319846673163,0.5462653484243652,0.5648333484684217,588708000
2008-02-01,0.6157233715057373,0.6189326378018655,0.5577270872153235,0.5625409866595158,593104000
2008-02-04,0.5964675545692444,0.6324573488877878,0.5932582888641713,0.6290188108797041,565128000
2008-02-05,0.5591025352478027,0.5847768335836149,0.5588733175205224,0.5845475612026084,494928000
2008-02-06,0.557268500328064,0.5806503950645302,0.5469529408504821,0.5650624470223167,557380000
2008-02-07,0.5627702474594116,0.5785874171138519,0.5295312748795515,0.5412222525020047,664128000
2008-02-08,0.5728565454483032,0.5772119548368737,0.5501623544747625,0.5574978124550333,393932000
2008-02-11,0.5746901035308838,0.5870687816267135,0.5707931315084949,0.5776701506045382,503732000
2008-02-12,0.5960092544555664,0.6042616936497958,0.5801920838877705,0.5834014052687722,609688000
2008-02-13,0.6193912029266357,0.6212251088040778,0.5941754480050725,0.600593981941797,742312000
2008-02-14,0.5182987451553345,0.6017400510327553,0.5169233843590655,0.6012815609981874,2184296000
2008-02-15,0.5105046629905701,0.5302188001832077,0.5022522271129888,0.5162355409749497,817364000
2008-02-19,0.5029402375221252,0.5208205351331459,0.49858477200348134,0.5199035547527839,558608000
2008-02-20,0.49927234649658203,0.506607859656136,0.48620600808727504,0.48826913141097233,759016000
2008-02-21,0.4880397617816925,0.5068369763481008,0.4850597135704189,0.5043154181130656,644272000
2008-02-22,0.5116509795188904,0.5125679049067385,0.48826908153332516,0.49193678308471794,723052000
2008-02-25,0.5114217400550842,0.5171526197415105,0.4978969120903912,0.5111925223568173,671784000
2008-02-26,0.5157772302627563,0.5235711789341875,0.5006477683395537,0.5084417170109848,565420000
2008-02-27,0.5238003134727478,0.5279265044325888,0.5100462160812934,0.5132555364430671,537816000
2008-02-28,0.5040860772132874,0.5201325137001548,0.5040860772132874,0.5192155885261431,503608000
2008-02-29,0.49033212661743164,0.5024815377249514,0.48826905825655276,0.49583378798967687,540576000
2008-03-03,0.48460137844085693,0.49308303485205046,0.47818279071500663,0.4896444959536089,449028000
2008-03-04,0.47978731989860535,0.48230893276166764,0.46099010552365194,0.48139195281853053,778888000
2008-03-05,0.4852890074253082,0.4967507108029007,0.4793289107382176,0.4843720274321306,644656000
2008-03-06,0.4548008143901825,0.4825381747037481,0.45411310672507654,0.4793289087023953,1075284000
2008-03-07,0.4481531083583832,0.4658041561415613,0.4355452053731728,0.4465484477767411,767500000
2008-03-10,0.4224787950515747,0.44815303206473434,0.4217910873946408,0.442651398136119,776100000
2008-03-11,0.43646204471588135,0.4408174806075782,0.41812329392613007,0.43554509214662435,857940000
2008-03-12,0.4245419502258301,0.44448533843914434,0.42087419375911805,0.4405883642725502,743320000
2008-03-13,0.4515915811061859,0.4580101409007661,0.4153725631705653,0.4178941216894965,1220528000
2008-03-14,0.41995716094970703,0.4543422938861902,0.41674786803002983,0.4538838312767657,1154972000
2008-03-17,0.4094125032424927,0.42362503955169306,0.3968046001958876,0.40161852731053427,800952000
2008-03-18,0.43485748767852783,0.4355451954368482,0.40712015093220083,0.41904031854460005,1075256000
2008-03-19,0.4048278033733368,0.43073126145191437,0.4048278033733368,0.42477119140605357,880476000
2008-03-20,0.4245419502258301,0.42545887567907814,0.4023062210525357,0.40964170665909994,633460000
2008-03-24,0.45915624499320984,0.46167780314791096,0.43233583927307145,0.4339404721582184,887440000
2008-03-25,0.4658041298389435,0.4745150033949823,0.45686398393536704,0.4612194480402455,735388000
2008-03-26,0.4509038031101227,0.46282399543931463,0.44586065953146287,0.45961472970567313,721652000
2008-03-27,0.44448521733283997,0.45663462657582726,0.43714970639808004,0.44402675473113057,601308000
2008-03-28,0.451133131980896,0.46282408150593574,0.4479238383236012,0.452508520125286,561788000
2008-03-31,0.4536546468734741,0.464428669931019,0.4479237951734424,0.45594698755348684,569992000
2008-04-01,0.481391966342926,0.4825381639771942,0.46053168314413256,0.4671794873232383,676872000
2008-04-02,0.4667210280895233,0.48276741345054214,0.4630532719334046,0.48276741345054214,616536000
2008-04-03,0.458010196685791,0.4635118317484621,0.4444853677343951,0.4628241239497705,841984000
2008-04-04,0.4305019974708557,0.4511330910326629,0.42935582712446957,0.448840723013034,1535528000
2008-04-07,0.4408175051212311,0.44746530914232485,0.43737899428072374,0.44104675010800687,729496000
2008-04-08,0.43829581141471863,0.45250834124303646,0.4355450088865065,0.4355450088865065,639476000
2008-04-09,0.44700682163238525,0.45159150249805424,0.4392128477646358,0.4433390660091086,675232000
2008-04-10,0.45571771264076233,0.4701594899030976,0.44219288793137146,0.4518207121127419,1092184000
2008-04-11,0.424771249294281,0.44975778533310246,0.4220204179308414,0.4470069812965261,1106280000
2008-04-14,0.4105587303638458,0.42408356076027875,0.408037143941516,0.4231666078217659,780004000
2008-04-15,0.41537246108055115,0.4169770938030959,0.4036815147807153,0.4126216308969299,439916000
2008-04-16,0.4318774342536926,0.4373790689336497,0.4236250232240465,0.4311897538297002,646836000
2008-04-17,0.42591729760169983,0.42752193055163257,0.4117047640618103,0.4119340090518816,596968000
2008-04-18,0.43600353598594666,0.44288058431514177,0.430043467513361,0.43898358388566566,573540000
2008-04-21,0.45548850297927856,0.4584685511853615,0.43256506995463945,0.43256506995463945,679892000
2008-04-22,0.44700682163238525,0.45204996511925044,0.4373789699529975,0.4472360392795566,587668000
2008-04-23,0.46855485439300537,0.47359802567624615,0.44723608091748407,0.4531961775284835,1020496000
2008-04-24,0.45732244849205017,0.473598079873733,0.45044542576630126,0.47130573896515,655764000
2008-04-25,0.4619070291519165,0.46305317196053747,0.4472360076949053,0.4616777568672298,552208000
2008-04-28,0.4536546468734741,0.46672101061103166,0.45182076886409267,0.45984398857099357,535700000
2008-04-29,0.46305325627326965,0.4687841353209624,0.44861150447139114,0.44861150447139114,573408000
2008-04-30,0.4710765480995178,0.4761196655933888,0.46534566817481177,0.46855493469886084,1068320000
2008-05-01,0.4928538501262665,0.49399999339996836,0.47451506586350906,0.4768074070646381,1014624000
2008-05-02,0.5162357091903687,0.5162357091903687,0.49881390658384744,0.5063786373821227,1131016000
2008-05-05,0.5033985376358032,0.5150894592068576,0.5022523399200075,0.5127971184289812,943392000
2008-05-06,0.51646488904953,0.5176110321436674,0.4942291336938664,0.5020231362796113,729036000
2008-05-07,0.5045444965362549,0.5247171208106716,0.500189034251944,0.5178401009871945,715632000
2008-05-08,0.5031691789627075,0.5100462001163232,0.4816211902787865,0.5084415673125168,1360000000
2008-05-09,0.51646488904953,0.5370959566274544,0.5036277694036337,0.504544694809687,2030352000
2008-05-12,0.5017936825752258,0.5231125048196043,0.4967505673378004,0.5231125048196043,1006652000
2008-05-13,0.49147844314575195,0.5043155650292984,0.48781068622849205,0.5043155650292984,854108000
2008-05-14,0.5059199333190918,0.5189862660836121,0.49147818559963297,0.49766749824315853,751148000
2008-05-15,0.5451191663742065,0.5474115071719295,0.5024815619520994,0.5047739027498224,1165464000
2008-05-16,0.5595611929893494,0.5607073912765812,0.5416808932154785,0.5542888011063164,1091556000
2008-05-19,0.5478699803352356,0.5801919681924819,0.5439729519106722,0.5597901193243884,1158532000
2008-05-20,0.5336576104164124,0.5391592189262908,0.5274682940110826,0.5329699025209611,771404000
2008-05-21,0.5293020606040955,0.5556640101991744,0.5281558627438336,0.5350329405979605,1066660000
2008-05-22,0.5421391725540161,0.5464946369051132,0.5283851263803925,0.5368667827220882,693108000
2008-05-23,0.5297607183456421,0.5455778931087485,0.521966712528774,0.5412224273072251,802672000
2008-05-27,0.5354914665222168,0.5361791744238587,0.5205912197428628,0.5306775658644554,832856000
2008-05-28,0.5405344367027283,0.5515376496916685,0.5343451225647357,0.5501622890583341,751736000
2008-05-29,0.5391591787338257,0.5416807377266858,0.5293021058388109,0.5407638121523481,693460000
2008-05-30,0.5662084817886353,0.5680423317822246,0.5529128780471894,0.5545175104550031,830244000
2008-06-02,0.5685011744499207,0.5728566392050468,0.5600195173214351,0.5662088332083374,734660000
2008-06-03,0.549245297908783,0.571251832745775,0.5425975485796748,0.5703348528039514,840696000
2008-06-04,0.5556640028953552,0.5568101460868297,0.534115953427677,0.5370960022407206,831724000
2008-06-05,0.569646954536438,0.5811087080900563,0.5632284250139554,0.5749193414957735,827860000
2008-06-06,0.5515377521514893,0.5634579473153623,0.5483284856546684,0.5627702395440833,784876000
2008-06-09,0.5430559515953064,0.5558930688264643,0.5320527394850034,0.548328340005491,637916000
2008-06-10,0.5109632015228271,0.5290727077198476,0.5075246634742817,0.5283850001101384,1225208000
2008-06-11,0.4871229827404022,0.523342007472887,0.48643527489641725,0.5109633755886106,999428000
2008-06-12,0.4901028871536255,0.507753904194869,0.48597664130790474,0.49812610652894196,825992000
2008-06-13,0.4884982407093048,0.49652140520918475,0.4740564899558118,0.490790581231229,705748000
2008-06-16,0.4818504750728607,0.48781057183401416,0.47795350134142506,0.48322589042600594,630496000
2008-06-17,0.47015950083732605,0.488956659697323,0.46901330328777596,0.4887274420488959,687912000
2008-06-18,0.4564054012298584,0.481391899532957,0.4488406454585839,0.46534551745617947,1065272000
2008-06-19,0.4552592635154724,0.46534557854099334,0.4442560231816567,0.4589270467292183,784928000
2008-06-20,0.4529668688774109,0.45801003945193186,0.4449436777430303,0.44517292270618203,741008000
2008-06-23,0.4435684382915497,0.45686405022928356,0.43967146366255216,0.45640558744825965,776616000
2008-06-24,0.4582393169403076,0.46878412206609105,0.44104676226391853,0.44104676226391853,1078928000
2008-06-25,0.4607608914375305,0.4687841107530795,0.4534254070846671,0.465345572573927,900976000
2008-06-26,0.43714985251426697,0.4504454636958293,0.43714985251426697,0.4470069520434167,845532000
2008-06-27,0.44196370244026184,0.44448528814164373,0.4288973659123208,0.43898365406413503,584140000
2008-06-30,0.4291266202926636,0.44081756979638403,0.426146571661631,0.43692059573743025,653940000
2008-07-01,0.4298143982887268,0.43027286107763224,0.416289568391403,0.4240835451102498,881464000
2008-07-02,0.4133094251155853,0.4305020080611702,0.4126217174254648,0.42775120462754523,763196000
2008-07-03,0.28631365299224854,0.3009846517757794,0.28425055702476243,0.29754614027872905,2987520000
2008-07-07,0.2773735225200653,0.29250298340998027,0.2695795470540737,0.2906691052222847,2202692000
2008-07-08,0.27576887607574463,0.28608443799120714,0.27049648626508704,0.27920741493213913,1805288000
2008-07-09,0.2709549367427826,0.2805827621534373,0.2709549367427826,0.27645654345548343,1413168000
2008-07-10,0.27026721835136414,0.27553960718256365,0.26522404718343523,0.27233031395507656,1056992000
2008-07-11,0.26751646399497986,0.2741642420013057,0.2594932431233798,0.26476563291815225,807760000
2008-07-14,0.2553669214248657,0.2716425470193319,0.25353304388470976,0.26957945186593735,882316000
2008-07-15,0.2581178545951843,0.2633902443834889,0.24528073400860445,0.2530746825117606,1122484000
2008-07-16,0.25949326157569885,0.2663702851030657,0.2519285302302228,0.2590347988059135,1034392000
2008-07-17,0.2604103088378906,0.26361957671657316,0.2503239876121257,0.26361957671657316,862080000
2008-07-18,0.26499471068382263,0.26659934291454435,0.2512406459619191,0.2585761544340925,899720000
2008-07-21,0.26659947633743286,0.2730180357994077,0.2643071356243602,0.26912106205255554,571636000
2008-07-22,0.260868638753891,0.2652240754150537,0.25582549437600305,0.2640779049961311,555924000
2008-07-23,0.26866263151168823,0.27141343523104444,0.2615563635203962,0.262702534014033,594876000
2008-07-24,0.25284549593925476,0.26843342219173844,0.25215778808621536,0.2659118358395485,705628000
2008-07-25,0.26499471068382263,0.2659116355794227,0.2500944761789974,0.2553668626458058,1039600000
2008-07-28,0.2643071711063385,0.27301807245078297,0.2604101968363361,0.26155636734674037,734808000
2008-07-29,0.26705801486968994,0.2737058212219541,0.2617856242666845,0.2647656735055019,764636000
2008-07-30,0.2631610333919525,0.2727888887406926,0.25720093506433855,0.2723303986179039,588492000
2008-07-31,0.2622440755367279,0.267974928097892,0.25949324444588073,0.2624732932430581,487236000
2008-08-01,0.24848991632461548,0.25628388951469816,0.2452806509284263,0.25536693702517904,881060000
2008-08-04,0.24252982437610626,0.24986533509341882,0.24184211683050177,0.24848992000220985,522052000
2008-08-05,0.2565131187438965,0.2565131187438965,0.24436370949135247,0.24711451243062504,685844000
2008-08-06,0.26339012384414673,0.265682463805038,0.24894834929831425,0.25720078408826197,814864000
2008-08-07,0.25926411151885986,0.2727889443819408,0.2562840617472068,0.26109799040348247,819232000
2008-08-08,0.25215771794319153,0.26361942121598636,0.25124076528525424,0.2613270805614274,853764000
2008-08-11,0.2574301064014435,0.2636194206910571,0.25307464277034053,0.25399159542645194,1196436000
2008-08-12,0.2537623345851898,0.26018089346975526,0.25009457884347974,0.25949318585232783,1410868000
2008-08-13,0.2810412347316742,0.28516745357507656,0.26728719013823793,0.2739349947545133,2095260000
2008-08-14,0.2980046272277832,0.3092371154269767,0.2789781899327106,0.2789781899327106,1635304000
2008-08-15,0.2970876395702362,0.3067154923928164,0.2950245165396018,0.3032769540084258,777652000
2008-08-18,0.30304771661758423,0.3057985198192712,0.2959414499636092,0.2991507158111015,893968000
2008-08-19,0.3076323866844177,0.3094662645286523,0.29685836459710996,0.29685836459710996,1014140000
2008-08-20,0.32276180386543274,0.3236787290080014,0.30992468790836897,0.31221702809164104,1143692000
2008-08-21,0.3122170865535736,0.3195525983750824,0.30579852737318125,0.3170310127705818,1021560000
2008-08-22,0.31198790669441223,0.31817724950179876,0.30534012846104464,0.3145094928253372,459264000
2008-08-25,0.30740320682525635,0.3174895234417602,0.30648628137232864,0.3101540378377591,471600000
2008-08-26,0.3000677227973938,0.3092370866822732,0.29685842904157006,0.30900786898126714,613112000
2008-08-27,0.30235999822616577,0.30602775391580367,0.2904398058982696,0.29319063632892506,454620000
2008-08-28,0.3012137711048126,0.30602769612249625,0.29823372358562034,0.3028184036684242,365192000
2008-08-29,0.28975218534469604,0.2980045963571874,0.2888352325698461,0.29708767090919713,516004000
2008-09-02,0.2824166417121887,0.29708763857110754,0.2785196679921275,0.2945660528733203,693928000
2008-09-03,0.2672871947288513,0.2796658514716598,0.26476560891267054,0.2785196810691882,714856000
2008-09-04,0.26361942291259766,0.2670579339165658,0.26201478990945043,0.26430713057876254,716128000
2008-09-05,0.26751646399497986,0.2682041444373264,0.2610979036938161,0.26132712139897807,791100000
2008-09-08,0.2565131187438965,0.27003794312950297,0.2521576830339526,0.27003794312950297,1314840000
2008-09-09,0.24780218303203583,0.2711840728450631,0.2468852579646752,0.2555961554119943,1098296000
2008-09-10,0.2480313777923584,0.25582534859581046,0.24642674558562622,0.2507821797648768,644284000
2008-09-11,0.23611117899417877,0.24115434758220322,0.2283172222295517,0.23381883957301908,1066976000
2008-09-12,0.2335897535085678,0.23565284921813753,0.22029415825330997,0.2340482161854881,1209200000
2008-09-15,0.21318793296813965,0.22877587199493649,0.21043711537631746,0.225337346589301,863984000
2008-09-16,0.21983566880226135,0.22144031540264025,0.20172616186565315,0.20562314904077827,1240840000
2008-09-17,0.22923427820205688,0.2342774220476045,0.21272940405029317,0.21479251331926363,1392580000
2008-09-18,0.24963617324829102,0.261785586176084,0.23152666271007558,0.23198512545083252,1611060000
2008-09-19,0.26155632734298706,0.2636194230154302,0.24986537899419245,0.26155632734298706,1107344000
2008-09-22,0.25605466961860657,0.2670579092816766,0.25467925441315264,0.2594931803053876,700072000
2008-09-23,0.24871917068958282,0.26339016513534064,0.24780221816536863,0.25399155889154496,821468000
2008-09-24,0.2578886151313782,0.2629317599968254,0.24413456877459794,0.2455099570141594,866036000
2008-09-25,0.2629317045211792,0.2691210459373373,0.2535330972296359,0.2578885607197789,588328000
2008-09-26,0.26797494292259216,0.26980882130898914,0.25169930981775424,0.2565132098393265,646852000
2008-09-29,0.23152662813663483,0.26407788777246965,0.22923428744830035,0.260868621739544,975240000
2008-09-30,0.24550990760326385,0.24780224820137475,0.2326727893231006,0.2351943749117648,659044000
2008-10-01,0.23863287270069122,0.24619760172429342,0.23427740940741532,0.2418421384310175,557208000
2008-10-02,0.21387559175491333,0.24023752273225782,0.212729407773489,0.24023752273225782,787728000
2008-10-03,0.20699860155582428,0.2235034796141844,0.20562319960543793,0.21731415034229937,915828000
2008-10-06,0.17994892597198486,0.19759995789329146,0.16757026956216314,0.19714149521000707,1677440000
2008-10-07,0.16596560180187225,0.18682592451510927,0.16459020026297067,0.18636746188995104,1059984000
2008-10-08,0.16940411925315857,0.1792611882639315,0.15840086639926138,0.1600055128488943,1219456000
2008-10-09,0.1586301326751709,0.17811505735266495,0.156796268181404,0.1755934714706628,909636000
2008-10-10,0.1561085432767868,0.16802872265988295,0.1439591325651255,0.1448760715428141,1200252000
2008-10-13,0.18453359603881836,0.18476282736627475,0.1673410278647455,0.16940413713870847,916536000
2008-10-14,0.18040737509727478,0.19255678558897188,0.17536421764300741,0.19141061530346942,1209012000
2008-10-15,0.16092246770858765,0.1801781450361502,0.16092246770858765,0.17926120606863374,854064000
2008-10-16,0.17651039361953735,0.17742733261018867,0.15817165479679493,0.16573638439038332,1019820000
2008-10-17,0.17536424100399017,0.18545055725616405,0.16825798701990746,0.17146726697952108,839416000
2008-10-20,0.1788027584552765,0.18269974627692415,0.1744473079079902,0.18132434443657847,595764000
2008-10-21,0.16504865884780884,0.17719806740900582,0.16413172003241985,0.17536418977822785,659116000
2008-10-22,0.15885937213897705,0.16963338202486516,0.15450392191546605,0.16275634600750175,600996000
2008-10-23,0.14991921186447144,0.1622978672741404,0.14350065283651586,0.15840088012737183,832192000
2008-10-24,0.15152385830879211,0.15931781893147512,0.13685286235503674,0.13754056998717223,798336000
2008-10-27,0.15977631509304047,0.1691749098072524,0.14579301137055664,0.1506069380667842,698936000
2008-10-28,0.1838458776473999,0.18407510896145793,0.16527790893044156,0.16825795700347676,849920000
2008-10-29,0.1898059844970703,0.20172616379799072,0.18178277874517657,0.18269971771654395,977284000
2008-10-30,0.19782918691635132,0.20172617433230985,0.185679775653993,0.20058000397410353,657176000
2008-10-31,0.20080924034118652,0.20470622785472298,0.1911814008931218,0.19163987724594134,608672000
2008-11-03,0.19347377121448517,0.20883247860610754,0.19026449090833836,0.20516472187712215,723924000
2008-11-04,0.2058524340391159,0.2058524340391159,0.19484919094599965,0.20012158110799935,619560000
2008-11-05,0.19507837295532227,0.20401850399776197,0.19507837295532227,0.19828765251715033,787620000
2008-11-06,0.1746765822172165,0.19049374019137275,0.1742181057512885,0.18361671617334238,797936000
2008-11-07,0.1998923271894455,0.20791553460039627,0.18567980435292272,0.19897538802847137,1132068000
2008-11-10,0.18705520033836365,0.2086032357802225,0.18269974970925273,0.2074570516177332,576396000
2008-11-11,0.1788027584552765,0.18567979498386475,0.17696889388929216,0.18430439314351904,576484000
2008-11-12,0.16825804114341736,0.17742740759843234,0.16619493095835222,0.1733011872283021,646092000
2008-11-13,0.18201200664043427,0.18224123794588903,0.15725469772908465,0.16046397699573076,797228000
2008-11-14,0.16436098515987396,0.1755934572182796,0.16367327749088717,0.17467653187753482,741024000
2008-11-17,0.16092246770858765,0.1671117818283253,0.15931782109957693,0.1627563319801929,388224000
2008-11-18,0.15565012395381927,0.1650487340124862,0.15037773361180767,0.16413179477951484,564488000
2008-11-19,0.14281298220157623,0.15817167464815376,0.14212527445641987,0.15427468686465062,500220000
2008-11-20,0.13524824380874634,0.14877307228865008,0.1336436105523132,0.1416668041613396,847036000
2008-11-21,0.14625148475170135,0.14625148475170135,0.13180971862121033,0.13960369371665007,599064000
2008-11-24,0.15587927401065826,0.1577131515197103,0.14670990012882268,0.15519156652890764,600308000
2008-11-25,0.16023479402065277,0.16321484288069307,0.15565011187500954,0.16275636646807043,528256000
2008-11-26,0.17444731295108795,0.17490578935341053,0.15656704751940356,0.1574839729971882,600792000
2008-11-28,0.17123796045780182,0.17421800799212345,0.16894562040476196,0.17169643666646447,175248000
2008-12-01,0.15656699240207672,0.16596558454816188,0.15633774744990295,0.1643609518634981,547112000
2008-12-02,0.16527800261974335,0.16734111294261186,0.15748402421626903,0.15954713453913758,479988000
2008-12-03,0.1737595647573471,0.1739887960554414,0.15748392397783545,0.15885933909325328,584632000
2008-12-04,0.16229787468910217,0.17880273565929683,0.15840088736429053,0.17032106700889138,466292000
2008-12-05,0.1687164455652237,0.1694041532765332,0.15450392428444998,0.1572547278028299,438484000
2008-12-08,0.16321483254432678,0.17536424492623343,0.15931784476926725,0.17192573353476132,707992000
2008-12-09,0.17903199791908264,0.1854505578591807,0.15931784172396474,0.16115171989640115,829760000
2008-12-10,0.19599533081054688,0.20058001243680515,0.1794904550945307,0.1824705036169702,961124000
2008-12-11,0.18774288892745972,0.20172617851849847,0.1854505481634768,0.19484915622654972,582700000
2008-12-12,0.19714151322841644,0.19828768370481412,0.17857352691660053,0.18224128337181694,679268000
2008-12-15,0.19072295725345612,0.1994338585293698,0.1845336283479079,0.19828768802798274,476996000
2008-12-16,0.2035600244998932,0.2040184871150328,0.19072290731486494,0.19255677143885,521940000
2008-12-17,0.21364636719226837,0.21662641576942185,0.19714150483665022,0.1998923083975386,674180000
2008-12-18,0.19393222033977509,0.2129586681188236,0.19141063452767376,0.21227096041308163,550808000
2008-12-19,0.19530755281448364,0.2040184502348918,0.1946198453526636,0.19645372280856765,593120000
2008-12-22,0.1838458776473999,0.19874610434914894,0.17673962493103937,0.1982876417210329,522464000
2008-12-23,0.18132434785366058,0.18888907861326515,0.1785735304576998,0.1849920907181782,377452000
2008-12-24,0.17696891725063324,0.18201207621554544,0.17330116030763104,0.1776566114298724,146616000
2008-12-26,0.17215496301651,0.17926123074542846,0.16734104985365816,0.17696888984279144,226156000
2008-12-29,0.1776566058397293,0.1776566058397293,0.1632148509055195,0.17444732544730143,460168000
2008-12-30,0.1838458776473999,0.18659669440637708,0.17582268601138032,0.1799489043181326,409860000
2008-12-31,0.18499208986759186,0.18957678550644627,0.17834429827054052,0.18155357838602357,441580000
2009-01-02,0.19966313242912292,0.20103853459108897,0.1843044362407749,0.18499213049004137,497124000
2009-01-05,0.20333079993724823,0.20791548089443457,0.1959953022076939,0.1973707037621644,705736000
2009-01-06,0.21020784974098206,0.21616794672039247,0.20470622911721875,0.2092909106931167,657904000
2009-01-07,0.19759994745254517,0.20539392196399212,0.19049368059311642,0.20539392196399212,870096000
2009-01-08,0.19255675375461578,0.19507833889658335,0.18063657655803142,0.19507833889658335,1014496000
2009-01-09,0.18178285658359528,0.19255687019953674,0.1813243937333142,0.19255687019953674,761352000
2009-01-12,0.17444731295108795,0.18269975155859167,0.1719257405603197,0.1817828124173768,645532000
2009-01-13,0.17536424100399017,0.18201204594159862,0.16527793841524566,0.16848721837485928,1824424000
2009-01-14,0.16757026314735413,0.17123800546350906,0.16504869115896187,0.16917489614085063,974908000
2009-01-15,0.17353035509586334,0.17628115834283056,0.1650486867014303,0.16848719759185318,998204000
2009-01-16,0.18315818905830383,0.18476282196703483,0.17261341166917787,0.1783442630052562,831324000
2009-01-20,0.16527800261974335,0.18338751897412559,0.16390258662887452,0.18269981097869117,705788000
2009-01-21,0.1733011156320572,0.17444728596541437,0.16229787496645703,0.16848720296464267,648472000
2009-01-22,0.17009182274341583,0.17467651738386883,0.1639024952263746,0.16779948225490288,547656000
2009-01-23,0.1767396330833435,0.18201202186700743,0.16504868522943025,0.1652779165540618,633616000
2009-01-26,0.18269981443881989,0.18797220606784432,0.17467661810283008,0.17765665425813676,581748000
2009-01-27,0.19347377121448517,0.1948491868195701,0.184992100857995,0.18567980866053746,725300000
2009-01-28,0.2014969438314438,0.20470622358045557,0.1939322139704466,0.2003507734684702,723752000
2009-01-29,0.1898059844970703,0.19714148260458159,0.18888904552570293,0.194849142007877,413128000
2009-01-30,0.18224124610424042,0.1934737172086299,0.17994890562021917,0.188430573609154,506760000
2009-02-02,0.19209833443164825,0.19416144380165537,0.17857350785753803,0.1794904468734777,577992000
2009-02-03,0.1943906843662262,0.1959953311361397,0.18728441690297756,0.1925568062473048,396948000
2009-02-04,0.1998923271894455,0.20974941292234456,0.19484918229923356,0.19484918229923356,779232000
2009-02-05,0.2145633101463318,0.21685565104299392,0.19255681294420227,0.19461992248388407,919192000
2009-02-06,0.22625423967838287,0.22762964136228628,0.2115832428386522,0.21525099888029903,1157880000
2009-02-09,0.22327417135238647,0.22854655994339465,0.21708485749635695,0.2253372805255387,716128000
2009-02-10,0.21364636719226837,0.22602502420655396,0.20952014818750653,0.22304497562940045,1129664000
2009-02-11,0.1868259608745575,0.20378929992159078,0.1801781695354308,0.19668303220465186,1983400000
2009-02-12,0.19072295725345612,0.19186912775484316,0.18017817770995107,0.18269975008031655,1024020000
2009-02-13,0.19049371778964996,0.19278607252284874,0.18499209648952014,0.1863675120621255,764304000
2009-02-17,0.17949047684669495,0.18774291570480292,0.1788027690540424,0.18338746489934166,779576000
2009-02-18,0.1843043565750122,0.19026443914290156,0.17926119927646958,0.17949043059380626,646252000
2009-02-19,0.17009182274341583,0.18957674422263016,0.17009182274341583,0.18797209768261483,743988000
2009-02-20,0.17444731295108795,0.17719813037473262,0.16619488800701449,0.16779952125656783,770056000
2009-02-23,0.16642411053180695,0.1783442914072388,0.16527794008205945,0.17742735231475487,679548000
2009-02-24,0.18132434785366058,0.1815535792207998,0.1671118118030083,0.1673410568335776,659524000
2009-02-25,0.18338744342327118,0.1888890641299178,0.17467654283246162,0.1808658575877959,702360000
2009-02-26,0.18934758007526398,0.1957661416485464,0.18705523860815354,0.18980605656674582,1117556000
2009-02-27,0.1898059844970703,0.19416143436349453,0.18315819403394148,0.18453359565927868,755444000
2009-03-02,0.1737595647573471,0.18911825301762952,0.1730718571996382,0.18522127995974835,700064000
2009-03-03,0.18063662946224213,0.18751366571586375,0.17123802099156915,0.17696888681349207,1041372000
2009-03-04,0.19393222033977509,0.19943384099542416,0.18384590441822768,0.18545055117714931,1108668000
2009-03-05,0.18934758007526398,0.1989754224351876,0.18843065441916612,0.1911814587143255,955252000
2009-03-06,0.1923276036977768,0.1992046408417974,0.18682598218061897,0.1893475547241489,974756000
2009-03-09,0.19026444852352142,0.20539392116507868,0.18980598586624445,0.1909521561728647,682768000
2009-03-10,0.2074570655822754,0.2111248223568963,0.19530765200906344,0.19714153039637392,1254800000
2009-03-11,0.21318793296813965,0.2716426735759079,0.20401855465883015,0.20745706640103453,864916000
2009-03-12,0.22579579055309296,0.22808813138495312,0.20974939106664264,0.2125001945995032,1604604000
2009-03-13,0.2246495932340622,0.2278588727470223,0.2189187281772872,0.22258648399977157,1195156000
2009-03-16,0.2159387171268463,0.22717120418580475,0.21410485256362377,0.22694197282333067,699344000
2009-03-17,0.22671271860599518,0.22717118128472583,0.21387559964039554,0.21662640303963634,1005384000
2009-03-18,0.233818918466568,0.24046672142709125,0.22304491135377472,0.22327414264055215,1359560000
2009-03-19,0.23106814920902252,0.23542358527971666,0.22946351630544334,0.23542358527971666,822648000
2009-03-20,0.2184603065252304,0.23473595213062898,0.2125002090269957,0.2345067071011353,1093672000
2009-03-23,0.23427742719650269,0.23473591718723807,0.22029415198704685,0.22533729594343158,816048000
2009-03-24,0.2241910845041275,0.2306096562652816,0.22304491439120636,0.22854653366591293,1114868000
2009-03-25,0.22785885632038116,0.23840361939126942,0.21914794370167548,0.23106813560198017,1243852000
2009-03-26,0.24207139015197754,0.2425298527938157,0.22900504089846216,0.23152661275542666,1333664000
2009-03-27,0.2397790551185608,0.24550990659019023,0.23611129924597582,0.23954981012895346,731892000
2009-03-30,0.22442035377025604,0.23358974355211284,0.2212110741783201,0.23060969528886635,780052000
2009-03-31,0.22602500021457672,0.23152662041579983,0.22442035358819656,0.22785887816946035,805272000
2009-04-01,0.23175589740276337,0.23381899330754313,0.2147925444733578,0.2232742141063457,887920000
2009-04-02,0.24252982437610626,0.24688528728036704,0.23702821866497337,0.2404667290661443,1002860000
2009-04-03,0.25949326157569885,0.260180969393808,0.2386329459452744,0.24275916552706697,1003208000
2009-04-06,0.2601809799671173,0.2624733212360631,0.2516993227373906,0.25513783464080925,887288000
2009-04-07,0.2512408494949341,0.25788865601744804,0.24963621596428082,0.2551378517753474,607804000
2009-04-08,0.26155632734298706,0.2622440350094202,0.2519284746666356,0.25399159766593504,731652000
2009-04-09,0.2759981155395508,0.2769150409981812,0.266141043888404,0.2682041398337524,904412000
2009-04-13,0.26705801486968994,0.2727888956070247,0.26109794371891976,0.27255965053986003,767628000
2009-04-14,0.26866263151168823,0.27508119174142615,0.26224407128195026,0.26339024177558706,711960000
2009-04-15,0.26109781861305237,0.2622439887459553,0.2500945525449628,0.25926394093503746,1045368000
2009-04-16,0.2677457332611084,0.2709550276931484,0.2558255631644909,0.26591185463235206,1038772000
2009-04-17,0.26957958936691284,0.2721011756866364,0.2613271498904206,0.26774571089137417,695764000
2009-04-20,0.2533038258552551,0.26155626110897223,0.2519284108706858,0.25926392101925627,590660000
2009-04-21,0.2526162266731262,0.2631610065376732,0.24619766620456981,0.24986542285141952,932184000
2009-04-22,0.2601809799671173,0.27072576073501325,0.24619768729580266,0.25032390704527774,916404000
2009-04-23,0.25605466961860657,0.2649948138003495,0.24803147801611752,0.26270247334249547,753952000
2009-04-24,0.26201486587524414,0.26384874440776024,0.25238701041125067,0.2585763538743505,759508000
2009-04-27,0.2526162266731262,0.26591181035937994,0.2510115933877024,0.2585763243925417,787024000
2009-04-28,0.2533038258552551,0.25857621352697163,0.24711448575154257,0.2494068531681079,634392000
2009-04-29,0.24940690398216248,0.2555962180200338,0.24642685579300816,0.2544500477416556,859668000
2009-04-30,0.2631610333919525,0.2704965201073408,0.2521577896554381,0.2542208859005316,1110276000
2009-05-01,0.26751646399497986,0.2737057792641212,0.26224407420020746,0.26247329190536944,840548000
2009-05-04,0.2819581925868988,0.28402128838287505,0.26843336542673457,0.2721011216494234,927704000
2009-05-05,0.2704964876174927,0.2776027557448032,0.2647656350396167,0.27576887745451073,837076000
2009-05-06,0.26499471068382263,0.2759979460652396,0.2597223242170142,0.27347636161207456,935088000
2009-05-07,0.24596838653087616,0.27095494442637386,0.2425298754062166,0.27095494442637386,1289196000
2009-05-08,0.2120417356491089,0.24069601021762857,0.2088324556950529,0.24069601021762857,2930564000
2009-05-11,0.21616798639297485,0.22144037663825306,0.20676937650674576,0.208603254939042,1038596000
2009-05-12,0.2058524340391159,0.22098189670800858,0.20172621446333952,0.22098189670800858,1201384000
2009-05-13,0.19255675375461578,0.20562311471063788,0.19095212108556853,0.20447694461462546,1305608000
2009-05-14,0.19530755281448364,0.19943377025855574,0.19095210410427957,0.19232750536449558,1017864000
2009-05-15,0.2003507912158966,0.207227814002917,0.19439069386973515,0.19668303479874194,780308000
2009-05-18,0.2125001698732376,0.21387558514305535,0.20493544054295024,0.205393916854032,938320000
2009-05-19,0.21662640571594238,0.21914797780697057,0.21043707749604199,0.21387560228271685,859768000
2009-05-20,0.2230449765920639,0.23496515728869613,0.21960646529439815,0.2205234043731282,1309436000
2009-05-21,0.22166958451271057,0.22464963323322387,0.21548025570782067,0.22029418266610057,965600000
2009-05-22,0.2251081019639969,0.22831738213395666,0.21754337111076533,0.2216695904240608,718260000
2009-05-26,0.2372574359178543,0.2390913135942626,0.2207525778204568,0.22304491808425428,865540000
2009-05-27,0.23771588504314423,0.24482215038922187,0.2338189122807484,0.23611125241472827,814152000
2009-05-28,0.24092523753643036,0.2429883332392914,0.2306097043684118,0.24138370021185984,995288000
2009-05-29,0.2390914261341095,0.24161301254193293,0.2308389863692913,0.24115454973874623,834232000
2009-06-01,0.2507822811603546,0.2521576963661386,0.2409252117238461,0.24184213697646623,1022764000
2009-06-02,0.24871917068958282,0.2562838992118022,0.2441344900490683,0.2507822660470735,907984000
2009-06-03,0.24092523753643036,0.24642687162215432,0.23496514077527694,0.24550991894443863,735688000
2009-06-04,0.24963617324829102,0.25009463598904796,0.24138373460722312,0.24161297964103193,673180000
2009-06-05,0.24826066195964813,0.2542207572716129,0.24528064163051583,0.2542207572716129,559992000
2009-06-08,0.24688532948493958,0.25032384047391737,0.2406959878432946,0.2464268668184471,473948000
2009-06-09,0.2604103088378906,0.26316111378060025,0.2484901085413619,0.2503239876121257,725032000
2009-06-10,0.26866263151168823,0.2702672647374077,0.2560547287548236,0.2617855812230075,833320000
2009-06-11,0.2652241289615631,0.27966591194789236,0.2636194955164811,0.2693503487681052,835156000
2009-06-12,0.2638487219810486,0.26476564750593734,0.2553670379049489,0.2613271357973116,595000000
2009-06-15,0.25949326157569885,0.262473310569597,0.2549085792241209,0.2590347988059135,445164000
2009-06-16,0.25238683819770813,0.2627023944885403,0.24871911096217583,0.25949310241474827,594912000
2009-06-17,0.25857627391815186,0.2610978595365022,0.24642686313976017,0.25628393329305366,799016000
2009-06-18,0.25353318452835083,0.26247333224845226,0.25078238035557526,0.25765940445094654,566376000
2009-06-19,0.2562839686870575,0.2627025287891366,0.25284545727453583,0.25605472366214554,747564000
2009-06-22,0.24184216558933258,0.25720087033924466,0.24092524022822906,0.25720087033924466,574864000
2009-06-23,0.240695983171463,0.24459298407814994,0.23129737571993855,0.24413452142055608,589764000
2009-06-24,0.24871917068958282,0.254450021490226,0.2436760001235351,0.2436760001235351,515096000
2009-06-25,0.2617855668067932,0.2622440568404875,0.24390530262533205,0.2464268885032163,870444000
2009-06-26,0.2652241289615631,0.2661410818779413,0.2583471050596142,0.26063944636026387,513956000
2009-06-29,0.2652241289615631,0.27003805662367286,0.2624733248661563,0.26591183681713076,510056000
2009-06-30,0.258805513381958,0.26797490398148144,0.2539916140599236,0.2643071477416721,589844000
2009-07-01,0.2599516212940216,0.2633901590214432,0.2555961857173734,0.26041011120891217,696420000
2009-07-02,0.24986532330513,0.2546792212435456,0.24642681306618305,0.25146995595126853,552312000
2009-07-06,0.24184216558933258,0.24986538546984524,0.23771594681065258,0.24963614046614083,752456000
2009-07-07,0.23129737377166748,0.24413451936415478,0.23060969345449703,0.242759104076103,1072996000
2009-07-08,0.23175589740276337,0.23336053058724313,0.22258652002589568,0.23267282284336338,1205860000
2009-07-09,0.23679906129837036,0.24069603572913337,0.23496518294069907,0.23565289074068352,714564000
2009-07-10,0.23771588504314423,0.2393205449984101,0.23175581709090648,0.23679895992029223,520008000
2009-07-13,0.24046677350997925,0.2425298692012491,0.2280881173817903,0.2425298692012491,556012000
2009-07-14,0.24550990760326385,0.2464268602386215,0.23954981111743331,0.24230064169665078,452568000
2009-07-15,0.2555963099002838,0.26063945547265704,0.25215779782909326,0.25445013920988696,1022808000
2009-07-16,0.26889169216156006,0.26980864441701724,0.2569715314553697,0.2583469188482893,952076000
2009-07-17,0.276685893535614,0.27760281922701247,0.2661411114501973,0.26889191585125954,850356000
2009-07-20,0.280124306678772,0.2831043551109048,0.27531038018633763,0.2789781363069407,782756000
2009-07-21,0.2743934988975525,0.28058281443430744,0.267974938318863,0.2794366438783579,941296000
2009-07-22,0.28127050399780273,0.28379208998815575,0.2670579681639728,0.26889184639996955,600908000
2009-07-23,0.2980046272277832,0.29892158009762115,0.27874894488353547,0.2817289938884996,1046120000
2009-07-24,0.2970876395702362,0.2980045649215025,0.28700132407202283,0.2888352021014122,650592000
2009-07-27,0.29846295714378357,0.3028183921256886,0.291585909954866,0.29433673976117214,677484000
2009-07-28,0.2989215552806854,0.30213082174152384,0.2938783832324248,0.2963999692565551,563180000
2009-07-29,0.2929614186286926,0.2973168823315361,0.2899813702692432,0.29548300431596286,373972000
2009-07-30,0.2952537536621094,0.3019015579253947,0.2927321680231294,0.29800455696936096,468444000
2009-07-31,0.29639995098114014,0.3005261699812754,0.2883767579968776,0.29525378055481694,541560000
2009-08-03,0.304423063993454,0.30786160169597815,0.2977752881978937,0.30350613882401506,471900000
2009-08-04,0.3064861595630646,0.31175854713910095,0.29869218700336114,0.29915064954761456,695380000
2009-08-05,0.3071739673614502,0.3094663081582115,0.3009846253487084,0.30465238155426966,610768000
2009-08-06,0.30075544118881226,0.3138217797214178,0.29892156288161864,0.3083201721266979,957588000
2009-08-07,0.314280241727829,0.32620040866981354,0.30992477772133376,0.3170310452795395,1401872000
2009-08-10,0.30396467447280884,0.32115725781061055,0.3021307963662699,0.3165725762076922,693312000
2009-08-11,0.29685845971107483,0.30648631464637416,0.29525382633081254,0.30190163223027455,481884000
2009-08-12,0.30786168575286865,0.3110709520489968,0.2968584167542208,0.29708766177259804,634940000
2009-08-13,0.3170309364795685,0.3181771065100054,0.30465228375474,0.31015391629694683,564028000
2009-08-14,0.3076323866844177,0.31703099355683606,0.3035061683666035,0.3165725309274909,427148000
2009-08-17,0.29479527473449707,0.29915071078677935,0.2915859816140508,0.2982337855105687,465032000
2009-08-18,0.30556929111480713,0.30900782945870264,0.29456605039491085,0.294795295393456,636200000
2009-08-19,0.3021308183670044,0.3039646966070837,0.29800459915854094,0.3009846478828123,552996000
2009-08-20,0.3140510320663452,0.3154264476604659,0.30006774039127726,0.3007554481883376,819840000
2009-08-21,0.3193233013153076,0.31978176389768265,0.3101539403604024,0.31657249849420627,607324000
2009-08-24,0.3103831112384796,0.3209278856791146,0.30854923385834565,0.3174893758389311,461456000
2009-08-25,0.31313398480415344,0.31634325017348097,0.30671542673864743,0.31198778737013544,444088000
2009-08-26,0.3168017268180847,0.31748943437829175,0.3113001209901324,0.31244629114819344,434308000
2009-08-27,0.3211571276187897,0.32253251514599096,0.31473857051131,0.31817708031958336,551072000
2009-08-28,0.3376621603965759,0.3445391833499137,0.3294097219218266,0.3298681846533438,883992000
2009-08-31,0.3328482210636139,0.33536980698380203,0.3284927569584579,0.3337651464926683,431796000
2009-09-01,0.32161566615104675,0.34201751223214505,0.3197817883544414,0.33261890560382573,736856000
2009-09-02,0.32620036602020264,0.3294096591833092,0.3202402696650439,0.3220741475686969,404656000
2009-09-03,0.3339943587779999,0.33445282144759236,0.32528345874831727,0.32620038408750224,534020000
2009-09-04,0.34637296199798584,0.3486653023232341,0.3326188927196438,0.3326188927196438,513048000
2009-09-08,0.3560008108615875,0.3560008108615875,0.34614374130646747,0.34889454442428247,549712000
2009-09-09,0.36585789918899536,0.3665456068354492,0.35026997761908346,0.35531312148165206,571684000
2009-09-10,0.3775489032268524,0.3780073932770991,0.3628779047904481,0.3670041239546512,607952000
2009-09-11,0.3741104006767273,0.3780074022350167,0.37135959694435733,0.3766319867054016,712732000
2009-09-14,0.36792096495628357,0.3715887202828593,0.364711672213817,0.3686086724958729,490516000
2009-09-15,0.37548577785491943,0.38007045938288525,0.36792104786840435,0.3713595590143787,546136000
2009-09-16,0.36539962887763977,0.37525670412722983,0.35989801946370903,0.374568996118771,707064000
2009-09-17,0.349353164434433,0.3644826282048455,0.34316382095671416,0.3644826282048455,923096000
2009-09-18,0.3488946259021759,0.35531318622724983,0.3461438221419615,0.35279162749991183,604740000
2009-09-21,0.3472900688648224,0.3532501677589373,0.34178846013707515,0.3447684822572661,588776000
2009-09-22,0.3479776680469513,0.3518746419552344,0.34522686454268425,0.3498115461587486,361388000
2009-09-23,0.34247592091560364,0.3530206960903266,0.34201745837036546,0.350040648556005,478936000
2009-09-24,0.3378913104534149,0.34820687014511725,0.33674514019065405,0.34820687014511725,552876000
2009-09-25,0.3323896825313568,0.3376620708629411,0.3298680971863396,0.3360574107378286,377556000
2009-09-28,0.3399544954299927,0.348436151458596,0.3335359353205314,0.3335359353205314,467708000
2009-09-29,0.3337651789188385,0.34614383737484644,0.3330774711168055,0.34201761788951046,470928000
2009-09-30,0.34453919529914856,0.3486654146796279,0.33307746265254556,0.3406421936289475,875956000
2009-10-01,0.32001104950904846,0.34339294477615995,0.31978180452531024,0.34339294477615995,999960000
2009-10-02,0.3174894452095032,0.3243664663924805,0.3149678598450036,0.31680173762583486,612476000
2009-10-05,0.31588488817214966,0.32207420325612873,0.3103832535099441,0.3209280327840267,754276000
2009-10-06,0.3211571276187897,0.3266587323812884,0.31748937289255935,0.3197817127647416,761272000
2009-10-07,0.3186356723308563,0.3223034285477626,0.31519716112507845,0.3188649173419847,459608000
2009-10-08,0.32069873809814453,0.32138641835483217,0.3092370088017901,0.3204694931280133,1241524000
2009-10-09,0.3248249888420105,0.325283451501389,0.31840642963014454,0.31886489228952297,618540000
2009-10-12,0.3211571276187897,0.32734643980831246,0.31909400533771753,0.3193232502556745,499008000
2009-10-13,0.32001104950904846,0.32665882611520075,0.31703100135472495,0.322991097663372,602124000
2009-10-14,0.31955263018608093,0.3323897498247822,0.3179479697360995,0.3323897498247822,1101948000
2009-10-15,0.3101540505886078,0.3220742186010211,0.30809092724441295,0.31909416976620253,1092196000
2009-10-16,0.30304771661758423,0.3071739350835421,0.29754608288735535,0.3062569824650765,1018832000
2009-10-19,0.3140510320663452,0.31657261821327926,0.30304778929396436,0.3055693481140369,695588000
2009-10-20,0.314280241727829,0.3216157269746765,0.31175865586476026,0.31932338612710803,660180000
2009-10-21,0.30671560764312744,0.3179480703876636,0.3051109466851648,0.31313416949437684,503956000
2009-10-22,0.3087785243988037,0.3103831570959292,0.29983838109735994,0.3051107690966446,379328000
2009-10-23,0.3014431595802307,0.3129048652450501,0.29960928120848723,0.3129048652450501,429528000
2009-10-26,0.2975461483001709,0.3083201731428699,0.29594151502366073,0.30373549102320596,481652000
2009-10-27,0.2874597907066345,0.30052615476670236,0.2844797696105489,0.2961707182979178,591836000
2009-10-28,0.275539755821228,0.28745992787409924,0.2741643397922209,0.28104136528351625,773632000
2009-10-29,0.28768908977508545,0.28906450540625966,0.2773735545218657,0.2798951134098687,637100000
2009-10-30,0.2741641700267792,0.2874597498758896,0.2727887821762973,0.2863135796703948,604144000
2009-11-02,0.276685893535614,0.28264599251030464,0.26889191585125954,0.2737058440482687,593136000
2009-11-03,0.2753103971481323,0.27668581260981173,0.2649948631661135,0.2677456667626134,876472000
2009-11-04,0.2746226489543915,0.2803535276490954,0.27347647868082164,0.2773734794724429,916840000
2009-11-05,0.28127050399780273,0.284021307688368,0.276915039771453,0.27783199255288127,955156000
2009-11-06,0.30167219042778015,0.30786152951431084,0.2952536337660581,0.29892138823756925,1641112000
2009-11-09,0.30854928493499756,0.31290474784966654,0.30556923711482437,0.30579848207285754,818124000
2009-11-10,0.300984650850296,0.3096955520814108,0.29708767663099367,0.3096955520814108,781472000
2009-11-11,0.3094661831855774,0.3168016653075328,0.3055691835433337,0.3060276733790189,871512000
2009-11-12,0.30854928493499756,0.3174894283955171,0.3076323597565681,0.31221704030241865,505864000
2009-11-13,0.3108416199684143,0.3124462799938953,0.30694464703549856,0.3083200621068105,388524000
2009-11-16,0.3151971697807312,0.318864926098358,0.3119878761710931,0.3135925366393415,402820000
2009-11-17,0.31473878026008606,0.3154264881454136,0.30877868168973394,0.3154264881454136,350124000
2009-11-18,0.30992481112480164,0.3129048600131999,0.3046524211417681,0.3117586894658822,455516000
2009-11-19,0.2975461483001709,0.3032770009497508,0.29204454068731855,0.3032770009497508,833840000
2009-11-20,0.2957122027873993,0.2970876180414847,0.2899813514401347,0.29066905906717744,426748000
2009-11-23,0.2980046272277832,0.3055693586013497,0.29662923891331994,0.30006775068977176,390924000
2009-11-24,0.29617077112197876,0.29869232998585427,0.29135684378579335,0.2966292338856959,418504000
2009-11-25,0.2996092140674591,0.30373543264750014,0.29754609111401076,0.2996092140674591,441760000
2009-11-27,0.29319071769714355,0.29662922936288727,0.2872306198791099,0.2888352531910846,279932000
2009-11-30,0.2993798851966858,0.29960913012512597,0.2911274503487117,0.2943367427126341,509836000
2009-12-01,0.3053401708602905,0.3087786829743688,0.2993800722651422,0.300984705786339,461936000
2009-12-02,0.31450948119163513,0.31519718895889104,0.3041939466633775,0.3060278249337732,602292000
2009-12-03,0.3170309364795685,0.32390795666219013,0.3165724739327635,0.3181771065100054,660036000
2009-12-04,0.32688817381858826,0.32826358949951173,0.31794802654631216,0.32299119915845603,824564000
2009-12-07,0.36883801221847534,0.3770904507715944,0.3461438198608281,0.36333640473430284,2732184000
2009-12-08,0.3509576916694641,0.3644825178736577,0.3488945686924569,0.3628778575603668,1075512000
2009-12-09,0.3596687316894531,0.362419536070129,0.35118704613597473,0.35462558577040293,671588000
2009-12-10,0.35324999690055847,0.36448248133322547,0.35210382669274676,0.362190140917602,417012000
2009-12-11,0.348665326833725,0.3566885185361087,0.3477483742430543,0.3562300559042005,416744000
2009-12-14,0.35921013355255127,0.3603563038900394,0.3498115258544058,0.35370849953649425,405488000
2009-12-15,0.3587515652179718,0.36471163282134683,0.3557715177528601,0.3566884428220414,446152000
2009-12-16,0.38763517141342163,0.3917613900628283,0.36952566382070806,0.3715887868088395,1683400000
2009-12-17,0.3858012557029724,0.40070149584875214,0.38007040461877,0.3887813037321283,1016132000
2009-12-18,0.38557207584381104,0.3903859748302164,0.38098736720027,0.38901058683132467,812828000
2009-12-21,0.39932626485824585,0.4009308984366341,0.38740609456996256,0.3878645574028069,427792000
2009-12-22,0.4098709523677826,0.4139971715679838,0.39886771027619927,0.39932617300358614,793044000
2009-12-23,0.41560184955596924,0.41674802016135953,0.4084955808718044,0.4137679711219722,442196000
2009-12-24,0.41468489170074463,0.4174356954740364,0.41308025844356283,0.4167479876989983,136812000
2009-12-28,0.4080370366573334,0.417664889682536,0.4039108178360833,0.41399713354656764,465760000
2009-12-29,0.41308027505874634,0.4142264456209583,0.40574476159910033,0.40666171444498694,475848000
2009-12-30,0.42798036336898804,0.4305019487765624,0.41399707579399114,0.4169771238228917,704008000
2009-12-31,0.42820966243743896,0.4343989769243528,0.42775119975819664,0.42889737011973095,700340000
2010-01-04,0.423854261636734,0.42683431048482084,0.41514336012958064,0.4243127243840871,800204000
2010-01-05,0.4300435781478882,0.43462825999558813,0.4222496026106827,0.4222496026106827,728648000
2010-01-06,0.4327945113182068,0.43371143703142123,0.42568824139675826,0.42981446175995847,649168000
2010-01-07,0.424312561750412,0.4323357797247675,0.4211032964221502,0.4305019021113963,547792000
2010-01-08,0.4252296984195709,0.42820974741632684,0.4183526748856092,0.4208742337852777,478168000
2010-01-11,0.4192695617675781,0.4293558784168371,0.41330946432361326,0.4275220001781664,556612000
2010-01-12,0.4050569236278534,0.4146847751179299,0.3963460246889928,0.4130801423118681,627432000
2010-01-13,0.4105587303638458,0.4119341461081829,0.39199075444961773,0.40780792620203615,508868000
2010-01-14,0.4041401743888855,0.4084956120914922,0.3972631502309603,0.4055155901512165,608524000
2010-01-15,0.39221999049186707,0.40459865078795193,0.38694759966169384,0.40116013859351707,818192000
2010-01-19,0.3995554745197296,0.4020770335402843,0.3880937407534435,0.38923991139738573,545328000
2010-01-20,0.3979506492614746,0.399555309361189,0.38923975050284215,0.39451213875097646,719728000
2010-01-21,0.3908444941043854,0.40482778409860704,0.38717673784551665,0.3977215165946206,608632000
2010-01-22,0.37731966376304626,0.3933660494439821,0.375027322951484,0.38625978199739586,1067916000
2010-01-25,0.38373833894729614,0.3910738262857827,0.38075828953035484,0.383509093866429,643676000
2010-01-26,0.3715887665748596,0.38442588449025317,0.37135952159082036,0.3819042989732404,714636000
2010-01-27,0.3816751539707184,0.38305056958154066,0.3672333993645319,0.3713596188701369,812504000
2010-01-28,0.36883801221847534,0.38603059709195015,0.3635656224388082,0.38465518155747686,687764000
2010-01-29,0.35279154777526855,0.3770903680409237,0.347289914171251,0.37296414966962416,774700000
2010-02-01,0.3798410892486572,0.3805287967166793,0.35118681181129296,0.35416685928815633,949832000
2010-02-02,0.38373833894729614,0.3885522670305756,0.3773197772785456,0.3784659480291487,849812000
2010-02-03,0.38694754242897034,0.38855220307719,0.378465885735911,0.3802997641004037,562296000
2010-02-04,0.36448249220848083,0.38350892369122797,0.3603562738718718,0.38350892369122797,783480000
2010-02-05,0.3718178868293762,0.3727348391984705,0.3576053573866188,0.3640239419897362,604856000
2010-02-08,0.3711302876472473,0.3800704323879103,0.3637948031888854,0.3706718249923851,445160000
2010-02-09,0.3681502342224121,0.3789242567578453,0.36448250570824464,0.377090378837334,930144000
2010-02-10,0.3752565085887909,0.37869501951247786,0.3679210240836298,0.37044260969174253,535828000
2010-02-11,0.3924490809440613,0.39657529941702707,0.3784657925986924,0.3812165958050513,695980000
2010-02-12,0.397721529006958,0.4057447221626252,0.3853428717420989,0.3896983358512908,780212000
2010-02-16,0.4050569236278534,0.4066615837607681,0.39817990246457186,0.4029938282096101,457024000
2010-02-17,0.4089539647102356,0.41032935268319665,0.3972630166423603,0.41010013501779763,876560000
2010-02-18,0.3821336030960083,0.38855216304703694,0.37158882408168564,0.3864890398519604,1515508000
2010-02-19,0.3800705373287201,0.3846552197969243,0.37823665887606583,0.38052900011016794,510548000
2010-02-22,0.38075822591781616,0.38740603155679787,0.3782366397570194,0.3816751514343632,458084000
2010-02-23,0.3715887665748596,0.3835089318809509,0.3676917658073209,0.3819042989732404,489764000
2010-02-24,0.37938278913497925,0.38305054565011776,0.37365193665936297,0.37479810715448625,445868000
2010-02-25,0.37594419717788696,0.37686114977382584,0.36127320158455367,0.3706718085635149,576972000
2010-02-26,0.37135958671569824,0.3768612213557625,0.3690672457807197,0.37411039037230065,393396000
2010-03-01,0.3862597644329071,0.3880936424641361,0.3686087464518985,0.3715887948367885,555868000
2010-03-02,0.38603055477142334,0.3945122100992039,0.38327975133090764,0.3896983109100158,538648000
2010-03-03,0.38121673464775085,0.3903861002264191,0.37800746762596293,0.3883230039019647,399300000
2010-03-04,0.3819042444229126,0.38580121730696193,0.3770903190605364,0.3828211695743886,557396000
2010-03-05,0.39359524846076965,0.3963460516478169,0.37915349757020306,0.37915349757020306,632832000
2010-03-08,0.38786444067955017,0.3949707080941209,0.3862597802571996,0.39382453769350356,439312000
2010-03-09,0.4023061990737915,0.40620317302748665,0.39153217528900264,0.3917614203032205,830832000
2010-03-10,0.4032231271266937,0.4075785911374461,0.40093078627688467,0.40116003129260897,418520000
2010-03-11,0.3940536379814148,0.4013891482214637,0.39244900536397276,0.4000137332197421,540660000
2010-03-12,0.3954291343688965,0.39955535289645455,0.39336601144168976,0.3984091826014026,520352000
2010-03-15,0.3933659791946411,0.39886761255599507,0.3896982509472583,0.3949706393376526,358904000
2010-03-16,0.4071200489997864,0.4094123894023376,0.39290751664248613,0.3931367616134825,664988000
2010-03-17,0.4149141311645508,0.42041576632648214,0.40941252332948147,0.40941252332948147,651168000
2010-03-18,0.4002431035041809,0.41560178164123035,0.396575347235546,0.41560178164123035,740964000
2010-03-19,0.3954291343688965,0.40734929997206565,0.3903859632091836,0.4062031296770137,584612000
2010-03-22,0.4018476903438568,0.40345232327900926,0.3903859601561199,0.3903859601561199,435336000
2010-03-23,0.41010019183158875,0.412163287740272,0.4020769712402908,0.40482780222101444,493612000
2010-03-24,0.3963460326194763,0.40780776211446945,0.39565832502401727,0.4066615918976555,436252000
2010-03-25,0.39749225974082947,0.4045985270331426,0.3965753343668537,0.4020769412644231,495184000
2010-03-26,0.39749225974082947,0.4050569897201305,0.3942829936050569,0.40093077088352475,344676000
2010-03-29,0.40253543853759766,0.4034523639281093,0.39451221839976053,0.4000138527234039,394456000
2010-03-30,0.4041401743888855,0.40918331997265767,0.3972631502309603,0.40712022365602607,324104000
2010-03-31,0.39886772632598877,0.4043693612565872,0.3968046029794415,0.4025354829463877,389840000
2010-04-01,0.39474156498908997,0.4052863463277362,0.39061534501627776,0.4007016635416926,339664000
2010-04-05,0.4007015824317932,0.4013892901758671,0.3968045809909941,0.397263071038283,413636000
2010-04-06,0.3908444941043854,0.39657534617958146,0.3839674442872919,0.3956583934514351,809260000
2010-04-07,0.3933659791946411,0.40001378275708716,0.3851135428160367,0.3883228357752065,817468000
2010-04-08,0.38694754242897034,0.39382459312753343,0.3848844463482046,0.3908445442010905,1037600000
2010-04-09,0.38946905732154846,0.39084447267492667,0.38396742323489225,0.3860305462649596,817572000
2010-04-12,0.39657530188560486,0.3981799348220647,0.3892397901871795,0.3899274978247638,546460000
2010-04-13,0.4048278033733368,0.4062031915407541,0.39657536506139474,0.39817999825347805,648696000
2010-04-14,0.4098709523677826,0.4156018047772677,0.40345239220378737,0.413538708840597,900720000
2010-04-15,0.4128509759902954,0.41537256182793425,0.40712012392916913,0.4112463428785517,957596000
2010-04-16,0.39107364416122437,0.39772144781493335,0.38236274504796813,0.39611681497674617,1917736000
2010-04-19,0.38923975825309753,0.3903859284460853,0.3761734235184078,0.3880935880601098,1094492000
2010-04-20,0.3906151056289673,0.39611673799667946,0.3855719631203673,0.3919905205526074,678188000
2010-04-21,0.38052889704704285,0.3931367977467211,0.37594421582056187,0.39267833508944416,895908000
2010-04-22,0.3821336030960083,0.3832797735398756,0.36906723817443404,0.37433962768159534,656932000
2010-04-23,0.3768611550331116,0.3819042987371649,0.3702133510954849,0.3809873461284295,752916000
2010-04-26,0.38052889704704285,0.3851135782735238,0.37663192346990515,0.37731963111924843,491092000
2010-04-27,0.3697550296783447,0.3816751995298432,0.3686088589747994,0.37777822460316207,606704000
2010-04-28,0.370442658662796,0.3757150482414762,0.3628779008384268,0.36952570589914857,672164000
2010-04-29,0.3816751539707184,0.3821336440589004,0.36608722879780065,0.3715888639142279,987128000
2010-04-30,0.3601270616054535,0.37777810679726165,0.3598978439323425,0.37709039912421544,1068048000
2010-05-03,0.35623013973236084,0.36402411561629777,0.3507285048742535,0.3619609922969348,1078972000
2010-05-04,0.33812057971954346,0.35141616118779023,0.3330774083397261,0.3507284535153737,1311376000
2010-05-05,0.3323896825313568,0.34087133645946044,0.3282634643880799,0.3312435123430495,1330840000
2010-05-06,0.3255126476287842,0.3369743773159688,0.29892148722207545,0.3300973558997704,1002888000
2010-05-07,0.32001104950904846,0.3284927040045425,0.3085493195323763,0.3284927040045425,1153712000
2010-05-10,0.3337651789188385,0.34339303349357636,0.33009744951943226,0.3392668140082404,979156000
2010-05-11,0.3300973176956177,0.3367450933644807,0.3275757325374416,0.3305557802715995,829124000
2010-05-12,0.3365160822868347,0.33834993371634364,0.3303267380682055,0.33238986191670444,901236000
2010-05-13,0.33582833409309387,0.35049933505912795,0.3326190398223063,0.3351406262260062,1252000000
2010-05-14,0.2970876395702362,0.3140509771835173,0.2888352021014122,0.313134051832251,2493068000
2010-05-17,0.2977753281593323,0.30144308398300323,0.28837672094045985,0.2975460831727822,856060000
2010-05-18,0.2879182994365692,0.30213080746220755,0.28631363895512935,0.3002969292883183,674112000
2010-05-19,0.2925029695034027,0.292961432196815,0.2844797767246857,0.2865428725084698,826520000
2010-05-20,0.28562596440315247,0.2925029872009971,0.275310402879526,0.28402130388883445,1129136000
2010-05-21,0.2918153405189514,0.29983853546197764,0.2773735841561311,0.2773735841561311,1069600000
2010-05-24,0.28333353996276855,0.2943368070497639,0.2824166147022793,0.29089829633264813,664564000
2010-05-25,0.29089826345443726,0.2922736511897206,0.2716425618919606,0.27439339201622925,966652000
2010-05-26,0.2922736704349518,0.30832008035133374,0.2913567452177198,0.3025892294265019,995028000
2010-05-27,0.3094661831855774,0.3094661831855774,0.29892140884805934,0.2996091162747404,713560000
2010-05-28,0.3012137711048126,0.30900774364168854,0.29662909102200874,0.30900774364168854,545116000
2010-06-01,0.28837671875953674,0.30052612909085186,0.28814747377472044,0.2970876182797356,527492000
2010-06-02,0.2915859818458557,0.29204447181118004,0.2870013008074488,0.2888351786881825,649088000
2010-06-03,0.29112765192985535,0.29181535986450713,0.2847090900845503,0.285626043106375,586360000
2010-06-04,0.2773735225200653,0.28768905658313665,0.2757688620265447,0.28264591206211803,671456000
2010-06-07,0.26361942291259766,0.28035354259080353,0.26247325257794163,0.27851966458998256,577248000
2010-06-08,0.2562839686870575,0.26247328376422463,0.24963616356006652,0.26247328376422463,967636000
2010-06-09,0.25009453296661377,0.26453630830285496,0.24917760786281243,0.2576592607169475,697152000
2010-06-10,0.2601809799671173,0.2613271506015902,0.2544501267947529,0.25513783464080925,611768000
2010-06-11,0.26614099740982056,0.26728716769637256,0.2567423901293518,0.2574300977666541,442104000
2010-06-14,0.2604103088378906,0.2704966027367833,0.25972260077049514,0.2700381398008104,375080000
2010-06-15,0.27324724197387695,0.2746226298101681,0.26293168290400193,0.26339017284295196,528632000
2010-06-16,0.269808828830719,0.2739350484834274,0.26614107195567527,0.27141346221597706,366480000
2010-06-17,0.280124306678772,0.28081201436724224,0.2695795283271811,0.2792073813120498,859068000
2010-06-18,0.2819581925868988,0.28539670379809784,0.2796658517794328,0.281728947575409,932832000
2010-06-21,0.2753103971481323,0.288605979745884,0.2727888385708653,0.28791829934190316,579836000
2010-06-22,0.26499471068382263,0.2821872574276481,0.2636192960135793,0.278748748078883,818164000
2010-06-23,0.26797494292259216,0.2707257468387566,0.2599517215662476,0.26751648015770846,614060000
2010-06-24,0.2546793818473816,0.2677457508566673,0.25376245613617826,0.26637033496299484,725028000
2010-06-25,0.2539915442466736,0.25674234700700366,0.24986532644275322,0.25651310205745503,507220000
2010-06-28,0.25445011258125305,0.258117869337432,0.24986543029946034,0.25582552819653565,372008000
2010-06-29,0.2402375042438507,0.24917764843231255,0.2386328713875177,0.24894840345561337,660808000
2010-06-30,0.23404818773269653,0.24321754946382787,0.23404818773269653,0.24069596405702534,623072000
2010-07-01,0.23794522881507874,0.23954986210996054,0.22762968026430058,0.23473596222531515,737008000
2010-07-02,0.23496513068675995,0.23932059423347463,0.2269419385672311,0.2388621315777298,737096000
2010-07-06,0.23244360089302063,0.241612964438663,0.23038047769913578,0.23404823404813627,712020000
2010-07-07,0.24367614090442657,0.24505155682195143,0.2329021406400418,0.23336060350359408,608412000
2010-07-08,0.23634055256843567,0.2455099152463345,0.23336050423274726,0.24528069757550083,783272000
2010-07-09,0.2372574359178543,0.23886209596399374,0.23427738810954724,0.23748668087497465,571516000
2010-07-12,0.24161297082901,0.24459301952553394,0.23702828893493,0.23725750663351822,565396000
2010-07-13,0.25032392144203186,0.2519285549572077,0.2441346051252879,0.2455099935696393,723316000
2010-07-14,0.25284549593925476,0.26316103175425465,0.24917773894095377,0.26132715325510414,1355664000
2010-07-15,0.24573922157287598,0.253303953135435,0.2427591724934602,0.2530747080805326,953088000
2010-07-16,0.23038044571876526,0.24642685702300812,0.229463520422228,0.24573914938717764,1288604000
2010-07-19,0.2397790551185608,0.24069598042327936,0.23198508072103155,0.23358974099457208,798440000
2010-07-20,0.24573922157287598,0.24711460992170106,0.23152668401364127,0.23358980752717362,1160988000
2010-07-21,0.23771588504314423,0.2482606605901917,0.23542354490916434,0.24803144297290367,624940000
2010-07-22,0.24161297082901,0.24413455680149787,0.23886216715793393,0.24023755533004215,462612000
2010-07-23,0.23748672008514404,0.24161293870660788,0.23519437944287036,0.24138369371163812,817604000
2010-07-26,0.24184216558933258,0.24275911827729318,0.2331312653514208,0.23679902144954904,683548000
2010-07-27,0.2397790551185608,0.24298832101193113,0.23679900688794242,0.24252985835957186,683472000
2010-07-28,0.2322143018245697,0.24000827542039385,0.2315265942533422,0.23588205731988138,1320808000
2010-07-29,0.20929096639156342,0.22006497916026077,0.20791556428544508,0.21548029636424465,2664476000
2010-07-30,0.21066631376743317,0.21433405608081202,0.20447698580414259,0.2076862654521346,984288000
2010-08-02,0.21043707430362701,0.21525100073388545,0.2095201352853193,0.21433406171557773,917020000
2010-08-03,0.2049354761838913,0.20906169538409253,0.20333084297460746,0.20883246402039912,955444000
2010-08-04,0.21364636719226837,0.2143340749142051,0.20585240555184559,0.20676934462661814,855496000
2010-08-05,0.2163972556591034,0.21685571851571062,0.21043715654260672,0.2143341454775033,800504000
2010-08-06,0.21891872584819794,0.2212110663811486,0.2136463371570405,0.21548021504877196,739904000
2010-08-09,0.22098185122013092,0.22144032755830415,0.21570946214342301,0.22121108255750335,466456000
2010-08-10,0.21181246638298035,0.2177725488517789,0.21089552746545126,0.21731408622472784,772560000
2010-08-11,0.2035600244998932,0.20745699771885967,0.20287231691375718,0.20745699771885967,796148000
2010-08-12,0.2053939253091812,0.20997860662816437,0.19828765833401482,0.19989229133028769,1343584000
2010-08-13,0.21525099873542786,0.21823104710140315,0.21158324269624956,0.212041719032861,1797392000
2010-08-16,0.20974934101104736,0.2166263618654624,0.20699852447122583,0.2122709125916477,814008000
2010-08-17,0.2125001698732376,0.21639715703200862,0.20974936666045724,0.21181247590175628,481224000
2010-08-18,0.21364636719226837,0.21548024534181348,0.21043708726227908,0.21181250270615254,352920000
2010-08-19,0.22648343443870544,0.2271711420013085,0.21479248785500998,0.21593865801706436,1615100000
2010-08-20,0.22854653000831604,0.23404816285840147,0.22464955715212048,0.22487878843835105,1305308000
2010-08-23,0.2251081019639969,0.23496517384385254,0.22442039419063756,0.22923432127729235,748620000
2010-08-24,0.22281575202941895,0.22510809296439752,0.2173141310527845,0.2177725937744083,641332000
2010-08-25,0.22740040719509125,0.22923428519308842,0.21914796986753216,0.2202941538638515,757532000
2010-08-26,0.2246495932340622,0.2329020301712246,0.2246495932340622,0.2303804446274097,657596000
2010-08-27,0.23198507726192474,0.23381895517087245,0.2202941431668086,0.2260249945529859,1060416000
2010-08-30,0.22098185122013092,0.23106816669880187,0.22098185122013092,0.22923428867296564,602804000
2010-08-31,0.21387559175491333,0.224649600942136,0.21318788409874434,0.2177725653707298,931488000
2010-09-01,0.21548020839691162,0.2198356580077509,0.2143340381658185,0.21708485491849816,851440000
2010-09-02,0.21937724947929382,0.22006494358947948,0.21410485965071901,0.21616796930813656,596292000
2010-09-03,0.22694197297096252,0.22762966705883214,0.22189881467610273,0.22464963201787078,566484000
2010-09-07,0.2290050983428955,0.23427747470028476,0.22579581805471943,0.22625428081155996,899820000
2010-09-08,0.23656977713108063,0.23817443750794537,0.22694195150417784,0.229463537244802,1224156000
2010-09-09,0.23336051404476166,0.23977907365454068,0.2303804655837724,0.23954982864721172,697748000
2010-09-10,0.23083890974521637,0.23565283589791544,0.22877581415226264,0.2349651282579791,609292000
2010-09-13,0.24390530586242676,0.2468853544866977,0.23496515998961387,0.23496515998961387,1015792000
2010-09-14,0.24161297082901,0.24482223722412216,0.23954984758055822,0.24184218852759823,698536000
2010-09-15,0.24207139015197754,0.242300635136324,0.23611129382751753,0.23932058697409397,555572000
2010-09-16,0.24230068922042847,0.24436378523263255,0.23886217764884776,0.23886217764884776,365280000
2010-09-17,0.24184216558933258,0.24482221400320467,0.24115448523193345,0.24459299632635728,416884000
2010-09-20,0.24550990760326385,0.2464268602386215,0.23954981111743331,0.2418421517155442,443168000
2010-09-21,0.258805513381958,0.26293173232002903,0.24413454307643676,0.24413454307643676,1779624000
2010-09-22,0.26109781861305237,0.26339015887885814,0.25628389312411964,0.25788852584481337,999996000
2010-09-23,0.2663702070713043,0.2746226438173813,0.26178552606278477,0.2640778665670445,1240872000
2010-09-24,0.2810412347316742,0.28195818743401774,0.27026723859885393,0.2723303343571264,1086976000
2010-09-27,0.2750813066959381,0.28333372130263185,0.2714135486528265,0.2831045035042321,999504000
2010-09-28,0.2743934988975525,0.27829047332240847,0.26957957163181995,0.27531042441156744,723192000
2010-09-29,0.27233022451400757,0.28035344128424267,0.26935017725537963,0.27187176201118324,974904000
2010-09-30,0.2677457332611084,0.27897822278294976,0.26545339180687944,0.2757689283509098,787632000
2010-10-01,0.2601809799671173,0.2721011764271261,0.25811788375581146,0.2716426863118462,999120000
2010-10-04,0.25765934586524963,0.2620148098647731,0.25238695645890985,0.25765934586524963,749500000
2010-10-05,0.25949326157569885,0.26361948115749145,0.2588055537575897,0.2631610183877061,753588000
2010-10-06,0.24711452424526215,0.26063934927749555,0.24459296614989412,0.2594931790540954,1057604000
2010-10-07,0.2452806830406189,0.24848994885696576,0.23794517147150368,0.2482607038728604,761488000
2010-10-08,0.24894846975803375,0.2510115931172366,0.24092527601269856,0.2443637876178422,706932000
2010-10-11,0.24780218303203583,0.25215764541911956,0.2466560130344109,0.2500945230272857,442680000
2010-10-12,0.2526162266731262,0.2537623972094091,0.24367608009400302,0.24573920345542888,605208000
2010-10-13,0.2599516212940216,0.26361937665203694,0.25399155299581105,0.2567423558508968,968732000
2010-10-14,0.2558254897594452,0.260639389035935,0.2546792920343482,0.26018092634201084,599172000
2010-10-15,0.258805513381958,0.26293173232002903,0.25582549217982825,0.25995168379104117,639940000
2010-10-18,0.2604103088378906,0.26155647984125896,0.25445020868962626,0.2590348927030997,448156000
2010-10-19,0.258805513381958,0.2606393915018627,0.25261619863828055,0.254679294443887,866136000
2010-10-20,0.258805513381958,0.2659117808490169,0.25445007675818526,0.2590347583945179,763532000
2010-10-21,0.25422078371047974,0.2594931720614134,0.25032381052130365,0.2590347094497785,1014428000
2010-10-22,0.2704964876174927,0.27255961094164444,0.2530746848500054,0.25582551594887437,1322676000
2010-10-25,0.27301809191703796,0.27508121537898317,0.2700380429121366,0.27255962914555987,673136000
2010-10-26,0.27210110425949097,0.27622732291459545,0.2675164229375651,0.269808763598528,675248000
2010-10-27,0.2759981155395508,0.2769150409981812,0.2688918475911552,0.269579555348558,496796000
2010-10-28,0.27622729539871216,0.2805827312899404,0.27370570999209365,0.2796658060476355,704448000
2010-10-29,0.275539755821228,0.27851980566616336,0.2727889510900839,0.2757689736081491,554664000
2010-11-01,0.2759981155395508,0.2817289679731408,0.2737057745661148,0.27737353105435636,473920000
2010-11-02,0.2817288339138031,0.28631351367907687,0.27553952169605295,0.27714415414852933,581036000
2010-11-03,0.28379207849502563,0.2856259566567532,0.276227348157186,0.28356283347723765,671748000
2010-11-04,0.2842505872249603,0.28952297754597456,0.2837921244420163,0.2865429284665436,700016000
2010-11-05,0.2890644967556,0.2915860555681418,0.2849382773124225,0.28631366557557403,735116000
2010-11-08,0.29021063446998596,0.2927321929972337,0.2865428781961695,0.2888352190355902,605156000
2010-11-09,0.2886058986186981,0.2925028988890558,0.28700126591570735,0.29021055864854006,633964000
2010-11-10,0.2920445501804352,0.2920445501804352,0.28654291506188734,0.2906691345690828,521016000
2010-11-11,0.2890644967556,0.2938783966669225,0.28127052062362884,0.2851674950261837,1089980000
2010-11-12,0.30396467447280884,0.3135925277004237,0.29869228516408114,0.3000677005756998,2142560000
2010-11-15,0.30029696226119995,0.3096955718550713,0.2996092817814851,0.30534013462485493,733548000
2010-11-16,0.29135680198669434,0.29937999484472577,0.29089833928874986,0.2952537759095094,739356000
2010-11-17,0.29617077112197876,0.2996092828401506,0.28837679483133866,0.29112759874050376,551764000
2010-11-18,0.3053401708602905,0.3083202201578647,0.3000677801533309,0.3000677801533309,993120000
2010-11-19,0.3151971697807312,0.31634334021413224,0.30419392815470947,0.3046523908626982,716484000
2010-11-22,0.31542646884918213,0.31726031999538296,0.31038329621653976,0.3131341275895677,462668000
2010-11-23,0.3080909550189972,0.3149679787992259,0.305798613758921,0.3117587119658645,457832000
2010-11-24,0.3156556189060211,0.3168017892901023,0.3110709373696963,0.3113001823772556,397784000
2010-11-26,0.31175854802131653,0.3172601532216236,0.31175854802131653,0.3154263030394206,143104000
2010-11-29,0.3151971697807312,0.31634334021413224,0.30900785490573734,0.3103832430297034,468192000
2010-11-30,0.31198790669441223,0.3135925673196525,0.30625705396672936,0.3103832733960333,720936000
2010-12-01,0.3257419168949127,0.3278050125428605,0.3177187246444508,0.3181771873076774,626536000
2010-12-02,0.3296389579772949,0.33170208137427976,0.32551273851018686,0.325741983552139,529316000
2010-12-03,0.33903756737709045,0.33903756737709045,0.32734661677788046,0.3280343245766919,606044000
2010-12-06,0.33261895179748535,0.34087138936487,0.33124356375415925,0.34018368167977847,438424000
2010-12-07,0.343392938375473,0.35141613008079664,0.33972518266515483,0.34041289027669625,1026812000
2010-12-08,0.34637296199798584,0.3500406901222718,0.3404128662215994,0.34293445151011337,613252000
2010-12-09,0.3406422436237335,0.3429346123509853,0.3333067566078689,0.3381206844794271,942408000
2010-12-10,0.3427051901817322,0.34591445555308764,0.3397251424358444,0.34064206759141713,451900000
2010-12-13,0.3339943587779999,0.34476835448427684,0.3330774061119586,0.3440806741433163,609108000
2010-12-14,0.3344528377056122,0.34660224933811556,0.33399437501373347,0.3404129346806086,755160000
2010-12-15,0.327117383480072,0.33926679625744505,0.3266588934181309,0.3351405769879972,624176000
2010-12-16,0.3275757431983948,0.33238966871999986,0.3266587906897382,0.3305557910295383,631872000
2010-12-17,0.3294098377227783,0.33124371662039004,0.32390820102994305,0.32780517660807446,593156000
2010-12-20,0.3280341923236847,0.3321604101261314,0.327804947374218,0.33055577746041614,344088000
2010-12-21,0.3408713638782501,0.3408713638782501,0.33101429400056,0.33124353898740244,466952000
2010-12-22,0.34453919529914856,0.34499765804656607,0.33697446432274664,0.34018373088153003,477988000
2010-12-23,0.3420175015926361,0.3445390869003835,0.34064208645625527,0.3445390869003835,273784000
2010-12-27,0.3438514769077301,0.3463730629310338,0.3349113306379934,0.34110067318121884,255500000
2010-12-28,0.34247592091560364,0.346143675931207,0.3404128257986074,0.34385133587816713,194260000
2010-12-29,0.34247592091560364,0.3449975059046871,0.3392666557720874,0.34224670330640905,177660000
2010-12-30,0.343622088432312,0.3456852108610882,0.3408712858541258,0.3420174558722741,174488000
2010-12-31,0.3530207872390747,0.35347927722954237,0.3433929619958058,0.3438514246594175,391252000
2011-01-03,0.36264869570732117,0.3660872072046996,0.3553131826514257,0.3557716727125644,817448000
2011-01-04,0.361502468585968,0.36494097954477156,0.35347927634875975,0.3633363465627011,651384000
2011-01-05,0.38923975825309753,0.389698248191775,0.36448247661919164,0.36815020484064065,1428216000
2011-01-06,0.4431099593639374,0.44333920440952734,0.3981800345966853,0.3993262051709109,3493312000
2011-01-07,0.45548850297927856,0.45686391825188766,0.4282096338028026,0.4380667037182207,2579984000
2011-01-10,0.4729103446006775,0.4738272699799792,0.4437975948952703,0.4472361060579382,1750348000
2011-01-11,0.4655749201774597,0.4839137044951448,0.45548862979302707,0.4793290220791549,2711088000
2011-01-12,0.5352622866630554,0.5357207221941142,0.46419964189784396,0.46580427556401993,3431896000
2011-01-13,0.5361788868904114,0.5464944452294447,0.5130262123610332,0.5295310838420055,2695192000
2011-01-14,0.5407634973526001,0.549703639468868,0.5238001928143184,0.5270094577831239,1595352000
2011-01-18,0.5281558036804199,0.5370959492372904,0.5150894665262256,0.5334281930098269,1813348000
2011-01-19,0.5137138962745667,0.540992760093121,0.5125677535416499,0.5283849167625385,1197896000
2011-01-20,0.5141725540161133,0.5171526026097395,0.499501528738656,0.5086709468639254,1111408000
2011-01-21,0.5093587636947632,0.5270098432406678,0.5084418379835599,0.5196743282435715,739244000
2011-01-24,0.5668967962265015,0.5742323133630345,0.5267807791142912,0.5327408253022545,2056900000
2011-01-25,0.5494745969772339,0.5703348805758631,0.5458068409924707,0.564374783932337,1086856000
2011-01-26,0.5625410079956055,0.573085787357442,0.5513085208794127,0.5552054950516185,1074660000
2011-01-27,0.5609360933303833,0.5719393025716543,0.550162101674312,0.5705639424067646,657396000
2011-01-28,0.5446604490280151,0.5717100919436554,0.5318233349878547,0.5623115149917938,1094796000
2011-01-31,0.5483283400535583,0.5558930688751947,0.5366374203536232,0.5455775643525946,750160000
2011-02-01,0.5609360933303833,0.5650622831324369,0.5494743942650211,0.5531421488966755,654104000
2011-02-02,0.5863814353942871,0.5999062643423292,0.5577271441862283,0.5577271441862283,1606616000
2011-02-03,0.5753781795501709,0.587298375482048,0.5627702758027067,0.587298375482048,1030776000
2011-02-04,0.5884444117546082,0.5930290932558379,0.5811089541448693,0.5834012948954842,872900000
2011-02-07,0.5639163851737976,0.5829428193411371,0.5618532620509634,0.5804212608490392,934236000
2011-02-08,0.5471823215484619,0.5682718799846672,0.5446607082656207,0.5646041235626682,1076584000
2011-02-09,0.5338868498802185,0.5547471960320548,0.5240297758494431,0.5492455326446578,1277520000
2011-02-10,0.5231126546859741,0.5320527996958924,0.5180694833500352,0.5219664570240146,1042352000
2011-02-11,0.5380129218101501,0.5549762890180056,0.5127971706839789,0.5212788269610462,1359276000
2011-02-14,0.5297607183456421,0.5616242856549648,0.5276975943364353,0.5444316948857205,1287828000
2011-02-15,0.5169233083724976,0.5325112021043769,0.5146309131903526,0.530677351543112,886980000
2011-02-16,0.5359498858451843,0.5435146171097831,0.521966566564765,0.5238004722780241,1318364000
2011-02-17,0.5886735320091248,0.5962382599972506,0.5182985853038815,0.5208201977357237,3470096000
2011-02-18,0.5875275135040283,0.5948630261060722,0.5783581500783321,0.5854643903371316,1394412000
2011-02-22,0.532052755355835,0.5698764005889592,0.5302188501802758,0.5682717677189124,1396648000
2011-02-23,0.506837010383606,0.5370959298508405,0.49927228051679734,0.5320528130421107,1491604000
2011-02-24,0.5192158222198486,0.528155915007435,0.505690992191255,0.5093586945380968,1246120000
2011-02-25,0.5299894213676453,0.5387002898563756,0.5258631773569153,0.5331986858290887,775652000
2011-02-28,0.5194448828697205,0.5389298053001612,0.5075246898860427,0.5387005329825214,903696000
2011-03-01,0.49629220366477966,0.5270096113787431,0.4962922036647796,0.5203618072532354,988448000
2011-03-02,0.4756610095500946,0.5050029940334885,0.46419930967072887,0.4956043618748213,1718140000
2011-03-03,0.47841188311576843,0.48941515005503217,0.46397013283240857,0.48666431965678936,1593704000
2011-03-04,0.47589045763015747,0.48368440639207555,0.47061806766680764,0.4788705065074301,959760000
2011-03-07,0.46924257278442383,0.48093354860529847,0.45732240661665174,0.4793289155815928,1019140000
2011-03-08,0.4481531083583832,0.47680737121826894,0.43829600914234973,0.47428581248271534,1947184000
2011-03-09,0.43875449895858765,0.4511331569030929,0.43485749735038415,0.4467776925547656,1318976000
2011-03-10,0.4107878506183624,0.43187737922031366,0.4103293606249791,0.42866811322776793,1722736000
2011-03-11,0.41376784443855286,0.42522957431007735,0.40482772738445194,0.41422633440182316,1486832000
2011-03-14,0.4172065258026123,0.4275220616352961,0.4103294745872927,0.4169772807422516,1003360000
2011-03-15,0.4048278033733368,0.411704826191002,0.38992755994153594,0.39680458275920116,1256280000
2011-03-16,0.4018476903438568,0.420644904897187,0.3965753015624802,0.4011599827068329,1476520000
2011-03-17,0.4094125032424927,0.4133094775450415,0.39428304144805515,0.4126217697676833,1238516000
2011-03-18,0.40391066670417786,0.41720627089051127,0.4034522041904398,0.41583085602244996,886960000
2011-03-21,0.4071200489997864,0.41674787322513096,0.4029938308098235,0.41262165503516807,751832000
2011-03-22,0.40001380443573,0.409870874164694,0.39817992654922546,0.40597390073515605,718332000
2011-03-23,0.4082663059234619,0.40941247636820277,0.3906152592129655,0.39932616005836785,782396000
2011-03-24,0.4408175051212311,0.4458606762154591,0.4160602216042076,0.41697714689760085,1780592000
2011-03-25,0.42706355452537537,0.4458607730647392,0.42637584674251994,0.44471460253560047,1196392000
2011-03-28,0.4428807497024536,0.4502162360455784,0.43325289484231083,0.43714986940020256,1204284000
2011-03-29,0.43944215774536133,0.4444853019782591,0.43348206080757273,0.4428806689032722,715764000
2011-03-30,0.422937273979187,0.44471453820970336,0.41743563983899046,0.4428806601629712,1176320000
2011-03-31,0.4231664836406708,0.42820965500537733,0.4153725362482531,0.42362497363881246,655112000
2011-04-01,0.4172065258026123,0.4291266950772297,0.41147564523536867,0.4286682322833721,850072000
2011-04-04,0.4023061990737915,0.41835261224386594,0.39932615052325116,0.41720644182649336,924328000
2011-04-05,0.4029938876628876,0.4114755428835208,0.40207693497639446,0.40826627679793753,821076000
2011-04-06,0.4002431035041809,0.40643241829650134,0.3968045649230492,0.40597395559463656,856984000
2011-04-07,0.4149141311645508,0.4174357173629604,0.3995554509086921,0.4011600842500155,1021208000
2011-04-08,0.4023061990737915,0.4181233672296481,0.4011600286564189,0.4181233672296481,746552000
2011-04-11,0.39703378081321716,0.40597392581464353,0.39267834447470484,0.40391080281730374,546208000
2011-04-12,0.39817994832992554,0.4009307516467257,0.38580129241404054,0.3931368043613158,840756000
2011-04-13,0.4071200489997864,0.40964160704648084,0.3972629798034454,0.4023061232236875,749588000
2011-04-14,0.424312561750412,0.42454180669965236,0.4011599149511573,0.4034522551361588,1254704000
2011-04-15,0.4288973808288574,0.4341697700889327,0.4190402826813125,0.4211034057797025,969720000
2011-04-18,0.41468489170074463,0.42156191479740435,0.40803708631119057,0.4188111110241126,743584000
2011-04-19,0.41308027505874634,0.41651878674538223,0.401847787152952,0.41491412609679607,659860000
2011-04-20,0.42568808794021606,0.43439898838302615,0.4188110655896066,0.42820967373284924,650516000
2011-04-21,0.4245419502258301,0.43302363363924407,0.42362502477258196,0.43027280262578016,421300000
2011-04-25,0.43118971586227417,0.43829595579039626,0.4261465443513302,0.42637578935704845,619612000
2011-04-26,0.44242212176322937,0.4467775850636671,0.4305019567536044,0.43485739272718815,676000000
2011-04-27,0.44242212176322937,0.4447144895660441,0.43325275985938644,0.4447144895660441,450004000
2011-04-28,0.44723600149154663,0.4561761448203398,0.4373789329978342,0.4424220760585925,684000000
2011-04-29,0.45846855640411377,0.468554844095209,0.4495284116840992,0.4502161193282319,836000000
2011-05-02,0.45227929949760437,0.468325685699416,0.4499869586116313,0.468096468006934,613824000
2011-05-03,0.4307312071323395,0.44838225199985865,0.4252296005027595,0.44700686400589174,808000000
2011-05-04,0.4275219440460205,0.436920551705916,0.41949875171625584,0.43210662537731465,639356000
2011-05-05,0.42775118350982666,0.43279432744363955,0.4183525759715141,0.4240834275614959,544000000
2011-05-06,0.4428807497024536,0.44700696931010586,0.43325289484231083,0.43669140662754397,841080000
2011-05-09,0.45273780822753906,0.45503014934651503,0.4431099536663507,0.44425612422583866,706328000
2011-05-10,0.45342543721199036,0.45686394829275556,0.4488407284441131,0.45640548561402494,690976000
2011-05-11,0.45548850297927856,0.4603024017797001,0.4492991889062479,0.45571774796699843,616000000
2011-05-12,0.4699302613735199,0.47038875135612024,0.4527377068316724,0.4538838771344622,1224000000
2011-05-13,0.41858193278312683,0.44127612901952556,0.41537266575666154,0.44012995832052154,2025192000
2011-05-16,0.4057447016239166,0.41835260327147206,0.4055154839414731,0.41743565056112486,728188000
2011-05-17,0.4041401743888855,0.40459863720070754,0.39244922238966673,0.40436941945822896,1420364000
2011-05-18,0.41353872418403625,0.41697723575730566,0.40436935998865114,0.4057447482218424,658844000
2011-05-19,0.40757864713668823,0.4169772568429702,0.40138933145719474,0.41674801179574883,650884000
2011-05-20,0.41468489170074463,0.41560181718288836,0.40482781979682697,0.40666169808797503,575820000
2011-05-23,0.4142264425754547,0.417206491480668,0.40345241750838634,0.4087248075211697,588000000
2011-05-24,0.41583091020584106,0.4325649990891103,0.4151432026822011,0.4162893727793175,720372000
2011-05-25,0.42087414860725403,0.4236249793256056,0.40964166271227,0.4137678814629405,545312000
2011-05-26,0.43141889572143555,0.435086651530256,0.41972794799181834,0.4208741182662179,706436000
2011-05-27,0.44700682163238525,0.4476945019007528,0.4327942890873285,0.4332527517085247,658824000
2011-05-31,0.4593855142593384,0.4596147865927672,0.44471454433705576,0.45571778544219643,1200716000
2011-06-01,0.43875449895858765,0.4580101799855312,0.4378375461514795,0.45732247221191524,762208000
2011-06-02,0.4366912543773651,0.44265135032455716,0.4314188660128265,0.4394420847079787,607592000
2011-06-03,0.4231664836406708,0.4355451397265098,0.4211033879564592,0.431648166030301,549300000
2011-06-06,0.4142264425754547,0.4263758559109481,0.41376795249245146,0.4224788814934514,435988000
2011-06-07,0.41399720311164856,0.4197280559577842,0.4121633247355128,0.41743571481932995,433956000
2011-06-08,0.40276476740837097,0.4144557196624974,0.3995555003287775,0.41193416047906406,569288000
2011-06-09,0.39817994832992554,0.4034523372944586,0.3837381967581544,0.4025354119644773,741632000
2011-06-10,0.3924490809440613,0.40138922552329637,0.38923978776426343,0.39886763997680197,493548000
2011-06-13,0.3896982967853546,0.3974922441387994,0.38694746611768577,0.3924491001261671,574760000
2011-06-14,0.3929075002670288,0.4016183988990445,0.3913028675174909,0.3931367452284708,534576000
2011-06-15,0.3844258487224579,0.3899274545589714,0.37640263027669313,0.38763511423928204,935916000
2011-06-16,0.3711302876472473,0.39061521008401867,0.36562868113518976,0.3846551135902434,1024908000
2011-06-17,0.362419456243515,0.3757150670298311,0.3509577510762018,0.37548582199574054,1467884000
2011-06-20,0.3580639958381653,0.3667748966620941,0.3553131649160812,0.3592101662800807,745960000
2011-06-21,0.36585789918899536,0.3686087297748105,0.3560008291281058,0.35943934003351924,704276000
2011-06-22,0.36081475019454956,0.3681502345563943,0.36012704255787703,0.363336335753397,651720000
2011-06-23,0.3715887665748596,0.37411032476501765,0.35302077000017756,0.3562300631424533,744024000
2011-06-24,0.36081475019454956,0.37296416068624666,0.35852240962354465,0.36975489481758184,529052000
2011-06-27,0.35324999690055847,0.36310706615311006,0.34064209728777606,0.36081472573748663,1142152000
2011-06-28,0.3553132116794586,0.35943943127878464,0.35072852930839915,0.3532501155432269,692200000
2011-06-29,0.36081475019454956,0.3644825060388995,0.34522682884634504,0.35760545699902957,960544000
2011-06-30,0.36539962887763977,0.36929660448974655,0.35623026163650856,0.36173187105043936,652300000
2011-07-01,0.37021347880363464,0.3715888945277713,0.358064064329975,0.3653995510960206,540804000
2011-07-05,0.36402401328086853,0.3731933748064708,0.36081472035079604,0.36975486423437,535296000
2011-07-06,0.35921013355255127,0.36448252257036806,0.3548546698739824,0.3637948149025039,529580000
2011-07-07,0.36058560013771057,0.3628779413122178,0.3541670393837178,0.3610440902341019,986136000
2011-07-08,0.35370853543281555,0.35806399955340124,0.35072848678754304,0.3555424136242801,619516000
2011-07-11,0.3413299322128296,0.3484362010830361,0.3404130066352574,0.3470608127166778,714388000
2011-07-12,0.33674511313438416,0.342934453917485,0.3310142622810333,0.3397251610434971,867604000
2011-07-13,0.3360574543476105,0.34362218403747546,0.3328481883346284,0.34132984336338645,634368000
2011-07-14,0.32276180386543274,0.33949589266868896,0.3211571712025124,0.3374327974344843,1088996000
2011-07-15,0.3232203722000122,0.32665888360006073,0.3165725944239956,0.3245957876907754,827736000
2011-07-18,0.3163433074951172,0.3225326217299576,0.31221708889627164,0.32069877108767586,818200000
2011-07-19,0.32597115635871887,0.3266588366784619,0.3172602292709442,0.3172602292709442,602224000
2011-07-20,0.3218449354171753,0.3289511748410017,0.3209279827862312,0.3271173242328242,662956000
2011-07-21,0.33697450160980225,0.33926684292740383,0.3174895730833247,0.32230350078103365,1143420000
2011-07-22,0.3438514769077301,0.34499764740434813,0.3355990384013362,0.3399545026846008,737192000
2011-07-25,0.338349848985672,0.3399545095749493,0.3335359491984221,0.3385790940203861,566920000
2011-07-26,0.3300973176956177,0.336974338315897,0.3252833923306818,0.3287219026408215,698276000
2011-07-27,0.3177187442779541,0.3271173524257411,0.31680179156798155,0.3255126920150035,652212000
2011-07-28,0.3170309364795685,0.3236787117253631,0.3115293039373617,0.3165724739327635,648176000
2011-07-29,0.3170309364795685,0.32001098402407435,0.3122170114209937,0.3138216439982356,677656000
2011-08-01,0.3339943587779999,0.33491128411718485,0.3216157027378647,0.32436650608227596,1019620000
2011-08-02,0.3305560052394867,0.3525624971321714,0.3305560052394867,0.3317021761229209,1356432000
2011-08-03,0.33949607610702515,0.3406422468179663,0.32803436899761396,0.3312436633843682,765236000
2011-08-04,0.3071739673614502,0.3333066688406437,0.3071739673614502,0.3333066688406437,979732000
2011-08-05,0.29685845971107483,0.3181772657381732,0.28883526548290056,0.31428029114986106,1270588000
2011-08-08,0.27347642183303833,0.29250287721147705,0.27164254431116536,0.28241656450460045,1084180000
2011-08-09,0.29639995098114014,0.29685841368629773,0.27508117558615663,0.2787489045542758,1329832000
2011-08-10,0.282875120639801,0.2959414852267429,0.2812704875248536,0.2876890473115015,1140052000
2011-08-11,0.30740320682525635,0.31152942601715067,0.28287513670055237,0.28287513670055237,1078792000
2011-08-12,0.2952537536621094,0.3406421312026124,0.2904398273792771,0.34018366853921317,3195784000
2011-08-15,0.3064861595630646,0.30717386704286914,0.2966290918907964,0.29823372445910773,864152000
2011-08-16,0.2977753281593323,0.3071739353782047,0.29227369442382584,0.30304771690828863,716868000
2011-08-17,0.29364916682243347,0.3037354836365167,0.2897521925808637,0.2986923115660449,553328000
2011-08-18,0.2737058699131012,0.2831044821089925,0.2704965750361988,0.2803536774479829,802564000
2011-08-19,0.26889169216156006,0.2840211447715843,0.2670578149774898,0.26912093705713536,761332000
2011-08-22,0.2737058699131012,0.27966596945101313,0.2707258201441452,0.2764566745741108,611876000
2011-08-23,0.3032768964767456,0.3035061414345027,0.279895003859579,0.28035349377509333,938312000
2011-08-24,0.2989215552806854,0.3035062372686604,0.2911275795050119,0.3025893118018095,687500000
2011-08-25,0.2860843539237976,0.29823376322335465,0.28562589131995353,0.2929613749620164,690968000
2011-08-26,0.2982337772846222,0.3012138253403922,0.2798950263245421,0.28493819718516233,732660000
2011-08-29,0.30625709891319275,0.307403269626942,0.29960931970419336,0.3067155890601847,601528000
2011-08-30,0.3135925531387329,0.31611411182876953,0.3021308208748151,0.3041939441596015,684760000
2011-08-31,0.3051108121871948,0.3190941005088174,0.30258925397183756,0.31588483466132455,705808000
2011-09-01,0.304423063993454,0.31588479257254815,0.3041938463645199,0.3092369894501365,762312000
2011-09-02,0.29617077112197876,0.3016723789403089,0.29387840264966886,0.2975461594131303,471356000
2011-09-06,0.3021308183670044,0.3028185261228916,0.28379209061993105,0.28654289431662006,696248000
2011-09-07,0.32665878534317017,0.3355989286902735,0.3177186693229181,0.32665878534317017,1606620000
2011-09-08,0.32505422830581665,0.3312435702664673,0.3197818390522679,0.3234495952269603,880164000
2011-09-09,0.318177193403244,0.33101431218065613,0.315426390044329,0.3223034121050448,869828000
2011-09-12,0.3257419168949127,0.32849272020112846,0.3138217236898845,0.3138217236898845,916480000
2011-09-13,0.33307743072509766,0.3346820911775341,0.32344960464477085,0.3284927490366698,853836000
2011-09-14,0.35026994347572327,0.3546254065941349,0.34155904456575287,0.3417882895345098,1547192000
2011-09-15,0.3553132116794586,0.3598979213773806,0.352103944950462,0.3580640429635843,752908000
2011-09-16,0.3543963134288788,0.36906731454223457,0.35256243487385125,0.35600094691695366,1391588000
2011-09-19,0.3470607101917267,0.3509576837355015,0.33812056548051395,0.34843609815178256,968204000
2011-09-20,0.33812057971954346,0.35279157653262344,0.3365159467018091,0.35141616118779023,792436000
2011-09-21,0.33170193433761597,0.3459144374670001,0.33147268939728336,0.3399543696136968,715252000
2011-09-22,0.30969560146331787,0.31909421195573723,0.30373553033252165,0.318635749149809,1314632000
2011-09-23,0.3161140978336334,0.32505424368485264,0.3060278088663111,0.3078616870404221,1011440000
2011-09-26,0.3168017268180847,0.320927944852475,0.3025892223234978,0.320011019656767,972124000
2011-09-27,0.3172602653503418,0.3275758265687133,0.3147387067951983,0.32482502299634824,781388000
2011-09-28,0.3076323866844177,0.3259711377999092,0.3025892431079132,0.3179479188155263,1236532000
2011-09-29,0.3000677227973938,0.3184064778940125,0.29227374709913034,0.3131340881948349,866416000
2011-09-30,0.2867720425128937,0.29685832843730964,0.2863135526125424,0.2952536957666322,677784000
2011-10-03,0.27072563767433167,0.2920444345771199,0.27072563767433167,0.28310429129593284,949896000
2011-10-04,0.2957122027873993,0.2957122027873993,0.26293170028882024,0.26407787055827314,1361548000
2011-10-05,0.30625709891319275,0.30900793048768316,0.2890645382069544,0.2950246095223311,856708000
2011-10-06,0.3184065520763397,0.319323477747709,0.3074032800587113,0.3078617702212622,773192000
2011-10-07,0.32436656951904297,0.3291804968083706,0.3131341089464275,0.3197818872727735,806976000
2011-10-10,0.33880823850631714,0.33880823850631714,0.32918038713537223,0.32986809470856154,534376000
2011-10-11,0.33514052629470825,0.3415590855955504,0.3339943559669456,0.33605745162617595,816080000
2011-10-12,0.3349112570285797,0.34178830582365655,0.33468203937575147,0.3415590608439741,612064000
2011-10-13,0.3543963134288788,0.3550840213028722,0.33238982542227735,0.3333067510363588,854832000
2011-10-14,0.36035627126693726,0.3642532445962322,0.35164537202525487,0.36058548891757,702452000
2011-10-17,0.34247592091560364,0.35622998856069177,0.34064204340780196,0.35622998856069177,611780000
2011-10-18,0.3548545837402344,0.35577153618376717,0.3385789579677378,0.34064205314369944,590916000
2011-10-19,0.34774845838546753,0.36150253195867676,0.34683153289978863,0.3553131892863313,557568000
2011-10-20,0.3303265869617462,0.3397251942095316,0.3172602238790067,0.3383497789397101,990308000
2011-10-21,0.3319312036037445,0.3399544225148554,0.3264295974481382,0.3344527890323954,628428000
2011-10-24,0.34430992603302,0.349582315574457,0.3326189764988275,0.33330668423499044,535256000
2011-10-25,0.33124351501464844,0.34224675437651436,0.33055580743074686,0.3394959240409081,577996000
2011-10-26,0.33514052629470825,0.33949596260946396,0.32551267368001685,0.3376621119465286,503116000
2011-10-27,0.3495822846889496,0.35302079573911355,0.33972521421310825,0.3475191889895939,577732000
2011-10-28,0.357605516910553,0.3608148106437427,0.3456853494096504,0.3466022748609276,490156000
2011-10-31,0.339266836643219,0.3482069840123867,0.339266836643219,0.34614386046864176,519984000
2011-11-01,0.32230344414711,0.32780505141188687,0.31909415047027406,0.32688812597671046,790824000
2011-11-02,0.3168017268180847,0.32711728556748654,0.3101539508320713,0.3255126254847193,961608000
2011-11-03,0.33582833409309387,0.33651604196018153,0.31175872270621197,0.3202403801953215,749372000
2011-11-04,0.3397253453731537,0.3408715161657182,0.3275759295065965,0.33284832061776665,654840000
2011-11-07,0.3378913104534149,0.3429344814710464,0.3300973635973829,0.33720360283038747,613536000
2011-11-08,0.34568527340888977,0.34774836888411076,0.3367451292536066,0.34224676273228555,549728000
2011-11-09,0.3282635509967804,0.34201759688532085,0.3268881354771824,0.3376621599513604,532244000
2011-11-10,0.33170193433761597,0.3397251246733642,0.3234494990615351,0.3362866145294721,990484000
2011-11-11,0.343392938375473,0.34614374149478455,0.3225326016840357,0.34110059788823766,1751560000
2011-11-14,0.33674511313438416,0.3468314270323931,0.335828187928589,0.34339291652038256,500292000
2011-11-15,0.34110066294670105,0.3436222215674868,0.33261897966472725,0.3335359324306252,505660000
2011-11-16,0.3342236578464508,0.3436222678328949,0.33307748722990216,0.3346821479545607,512420000
2011-11-17,0.32230344414711,0.33445285646092315,0.3163433468378856,0.33353593102574675,657504000
2011-11-18,0.3193233013153076,0.32413722674737333,0.31588479095721816,0.32413722674737333,501352000
2011-11-21,0.33536985516548157,0.33857912195509765,0.30946636648747283,0.31428029399875995,1330788000
2011-11-22,0.34568527340888977,0.34751915123511606,0.3372035918784498,0.3390374697046761,1287480000
2011-11-23,0.33101439476013184,0.34453922458307984,0.33078514970350803,0.34201763826767123,825340000
2011-11-25,0.3218449354171753,0.3342235636566506,0.3209279827862312,0.32665883425392445,406620000
2011-11-28,0.3399544954299927,0.3449976400421196,0.33238976484837257,0.33238976484837257,690616000
2011-11-29,0.3417882025241852,0.34614363720696434,0.336286570616266,0.33949583540075107,623440000
2011-11-30,0.35829323530197144,0.35921018810733735,0.34912387120947563,0.35210392000490887,730324000
2011-12-01,0.36264869570732117,0.363565621175878,0.35370854941802116,0.3553131826514257,529760000
2011-12-02,0.36035627126693726,0.36792100027489444,0.35691776056576163,0.3665455850636826,546464000
2011-12-05,0.3548545837402344,0.3667747742182121,0.35187453612074,0.36631631165987055,644696000
2011-12-06,0.3498116135597229,0.35760556287801104,0.3461438566294324,0.35691788236458694,573832000
2011-12-07,0.34774845838546753,0.3502700444613757,0.34041297251945385,0.3475192406774782,510016000
2011-12-08,0.33674511313438416,0.35004069257952863,0.335598942963714,0.3443098417261778,491488000
2011-12-09,0.34155914187431335,0.344309945648823,0.32963894664000387,0.33422362870647343,555840000
2011-12-12,0.33307743072509766,0.33559901658447633,0.32688811591109174,0.3342236011472046,573208000
2011-12-13,0.3239080011844635,0.3415590439408685,0.32184490577683705,0.3374328257987627,516596000
2011-12-14,0.31130024790763855,0.3229911992170181,0.3078617360315697,0.3211573207510754,636020000
2011-12-15,0.30854928493499756,0.3186355985319797,0.3078616047146013,0.3165725032170876,435148000
2011-12-16,0.30969560146331787,0.31703111566562786,0.30832021304553314,0.31107101720796715,619116000
2011-12-19,0.30167219042778015,0.3147385486532605,0.3005260205712886,0.3110707941817494,463276000
2011-12-20,0.3186356723308563,0.3197818427327823,0.3085493563977931,0.3085493563977931,445208000
2011-12-21,0.31450948119163513,0.32024033370733385,0.3083201659400526,0.31680182219791464,548424000
2011-12-22,0.3280341923236847,0.3289511174678504,0.3154263212937285,0.3154263212937285,576560000
2011-12-23,0.3248249888420105,0.3300973777420024,0.3220741582320281,0.3296388877557681,248948000
2011-12-27,0.32230344414711,0.32734658869429867,0.32138649138507436,0.3234496146045101,195712000
2011-12-28,0.314280241727829,0.322991142413961,0.3140509967123287,0.32230343469431877,233960000
2011-12-29,0.3202403485774994,0.3209280563766886,0.3129048624821583,0.3174895447076042,211112000
2011-12-30,0.3177187442779541,0.32253264352959365,0.31726025425953897,0.3190941323526264,186956000
2012-01-03,0.3218449354171753,0.33009737246139575,0.32115722777568106,0.3278050045474631,468044000
2012-01-04,0.3255126476287842,0.32688806284276545,0.3190940888416282,0.322074136920685,347372000
2012-01-05,0.3372036814689636,0.33880834207253213,0.3225326822881184,0.3239080978549311,563548000
2012-01-06,0.33330661058425903,0.33720358379225635,0.3294096373762617,0.3369743661487583,533252000
2012-01-09,0.33330661058425903,0.33972516915870626,0.33101427018816026,0.33353585555461013,508244000
2012-01-10,0.3319312036037445,0.33857900731252694,0.3296388631510996,0.338349762336521,546328000
2012-01-11,0.3252834379673004,0.3319312145688333,0.3239080227195362,0.32895116641658056,484272000
2012-01-12,0.3232203722000122,0.3262004208787595,0.31611410437583487,0.3259712031815386,652364000
2012-01-13,0.31473878026008606,0.3216158044596315,0.3131341467455651,0.32092809657430393,504300000
2012-01-17,0.30992481112480164,0.3195526655837592,0.30946634837124687,0.3195526655837592,627176000
2012-01-18,0.32046958804130554,0.3229911741521537,0.3142802726100594,0.3158849058956623,632676000
2012-01-19,0.3289511501789093,0.32940964012343515,0.31978178851804456,0.3232202991408688,608312000
2012-01-20,0.32597115635871887,0.3323897155155464,0.3248249860566731,0.3284927146271063,546272000
2012-01-23,0.3349112570285797,0.3351405020082621,0.3220741393571558,0.32620035770346023,562792000
2012-01-24,0.34247592091560364,0.34385133587816713,0.3323896356129678,0.33261885322216245,730920000
2012-01-25,0.340412974357605,0.3413298998482351,0.3236788518752877,0.33330670616120844,1274152000
2012-01-26,0.3372036814689636,0.3493531218798003,0.33536983048236135,0.34545612021611793,799672000
2012-01-27,0.3417882025241852,0.34362205249997896,0.3323895984274353,0.3351404007179719,449996000
2012-01-30,0.339266836643219,0.34087147007044494,0.33078515206370673,0.3358283247305076,399076000
2012-01-31,0.33857911825180054,0.3404129966801782,0.3326190201912888,0.3401837516290575,357900000
2012-02-01,0.3422466516494751,0.3461436236860843,0.3376619722353831,0.34247586922407275,428020000
2012-02-02,0.35508400201797485,0.3564593903643986,0.34064221942905193,0.3440807586122691,696236000
2012-02-03,0.36264869570732117,0.3656287444704212,0.3596686469442212,0.3603563547090689,495232000
2012-02-06,0.3598978519439697,0.3612732399938229,0.3566885585072646,0.3608147773105385,278868000
2012-02-07,0.36081475019454956,0.3628778457777119,0.35439619113036475,0.3603562875457196,410296000
2012-02-08,0.37388119101524353,0.38098743186615003,0.3589809468801086,0.36081482518342217,847612000
2012-02-09,0.373651921749115,0.38052894444543306,0.3729642140141114,0.37846584856728127,561944000
2012-02-10,0.36448249220848083,0.3713595136605446,0.36241936937674923,0.3699840984393902,440268000
2012-02-13,0.37021347880363464,0.37502740651124866,0.3626487469746115,0.3736519907871121,610668000
2012-02-14,0.3722763955593109,0.37548568825922307,0.36700400759483803,0.3702133002947502,453756000
2012-02-15,0.3706718385219574,0.3874059583134976,0.3697549131787651,0.3757150098900847,1110856000
2012-02-16,0.37709033489227295,0.38007038274996036,0.3438513731895768,0.345226788301387,1888588000
2012-02-17,0.36333635449409485,0.37984120199127064,0.3598978434602309,0.37731964362921766,1020360000
2012-02-21,0.3651702105998993,0.37411032782077763,0.36241938007637836,0.3631070877072586,518176000
2012-02-22,0.36264869570732117,0.3722765224346087,0.36219023297304276,0.36333640347216895,492432000
2012-02-23,0.36471179127693176,0.3667749145692231,0.3576055232593619,0.3633364030755977,323968000
2012-02-24,0.36196091771125793,0.3663163811589636,0.36035628478920007,0.36585789118678563,366668000
2012-02-27,0.35462555289268494,0.35898099048105214,0.349582380114326,0.35737635701833076,745268000
2012-02-28,0.3514161705970764,0.3587516828634555,0.3477484144638869,0.3546254640453316,699884000
2012-02-29,0.3472900688648224,0.3585225587303672,0.34706085110850504,0.3525624598362523,689196000
2012-03-01,0.3495822846889496,0.35370850341451765,0.3472899439888403,0.34866535933964854,449944000
2012-03-02,0.3525623381137848,0.35760548226088074,0.3484361193291219,0.3484361193291219,684076000
2012-03-05,0.3406422436237335,0.3507285621815543,0.3381206844794271,0.35004085429606524,514848000
2012-03-06,0.3374328911304474,0.3394959869375178,0.3314727940682425,0.3367451834191379,471400000
2012-03-07,0.33949607610702515,0.34087149189090066,0.33468217551719165,0.3392668583609561,441984000
2012-03-08,0.3406422436237335,0.34408078305117873,0.33857914729413147,0.34041302587981387,430852000
2012-03-09,0.3397253453731537,0.34408081078101915,0.33789146663967706,0.34155922410663037,367836000
2012-03-12,0.3344528377056122,0.34339298316810685,0.33353591232185476,0.34110064238185556,299948000
2012-03-13,0.33903756737709045,0.3408714457316338,0.33422364011227185,0.33582830075178577,553288000
2012-03-14,0.3294098377227783,0.339725375779116,0.3282636668276297,0.33903766777665284,735708000
2012-03-15,0.3342236578464508,0.33605753629830126,0.3291805125990094,0.330326683215558,382380000
2012-03-16,0.3346821069717407,0.3360574951470609,0.33261898371847093,0.3344528619457575,428340000
2012-03-19,0.33559903502464294,0.3381206210225753,0.33399440181089507,0.33651598780882735,405400000
2012-03-20,0.3300973176956177,0.33376504563032283,0.3271172699614598,0.33376504563032283,449616000
2012-03-21,0.33147284388542175,0.3344528928643969,0.3264296987893127,0.3300974555829532,467840000
2012-03-22,0.33101439476013184,0.33376519880530087,0.328034345658339,0.32895127123110757,425372000
2012-03-23,0.33353590965270996,0.33445283502912965,0.32780503040608583,0.33009739850084996,315456000
2012-03-26,0.3374328911304474,0.3390375242389308,0.333535917202171,0.3367451834191379,288600000
2012-03-27,0.3397253453731537,0.3438515656917594,0.3381207117289368,0.338808419669849,419968000
2012-03-28,0.3475191295146942,0.3521038101302843,0.3415590337836863,0.34408061905300164,892448000
2012-03-29,0.34912386536598206,0.35187466908231685,0.34270530514329417,0.347060769410446,372700000
2012-03-30,0.3530207872390747,0.3550839102156112,0.34706071795841115,0.3521038619118514,527240000
2012-04-02,0.3514161705970764,0.35508392673026595,0.34637302640908374,0.3521038782879066,407776000
2012-04-03,0.34568527340888977,0.35439617258832445,0.3438513955826634,0.3539377099634813,430476000
2012-04-04,0.33582833409309387,0.34476845438464043,0.33376521049183094,0.34041301677119246,495896000
2012-04-05,0.33536985516548157,0.34041300040353384,0.33422365722420383,0.33628678072626816,369424000
2012-04-09,0.33101439476013184,0.3321605653895242,0.3245958337701619,0.33009746918736327,365504000
2012-04-10,0.32459574937820435,0.33422357469658015,0.32299111637961775,0.3296388933709863,470360000
2012-04-11,0.3287219703197479,0.33582823735451744,0.32780501765214676,0.3289511879915059,372960000
2012-04-12,0.3365160822868347,0.33834993371634364,0.32780515136232935,0.32918056726132866,384868000
2012-04-13,0.32459574937820435,0.33536977235483484,0.32436650438118214,0.33353589435922604,311324000
2012-04-16,0.32069873809814453,0.3278049769231236,0.3154263497268033,0.3268880516963047,463468000
2012-04-17,0.3213864862918854,0.3255127053385072,0.3202403158526492,0.3216157313104761,460696000
2012-04-18,0.3179478943347931,0.32092794218636556,0.31405092129512996,0.31932330944378096,400764000
2012-04-19,0.31313398480415344,0.3257418559829916,0.3115293247926388,0.31382166500697295,667188000
2012-04-20,0.30694469809532166,0.3158848428923278,0.30625699044526644,0.31496789024996896,509592000
2012-04-23,0.3032768964767456,0.30465231156958533,0.2959414130775872,0.30167226375300027,706244000
2012-04-24,0.2938782572746277,0.3067153995964938,0.2922736247319626,0.30419381465312834,730440000
2012-04-25,0.29983842372894287,0.3021307642870088,0.29273215706819655,0.29823379080366774,727112000
2012-04-26,0.3000677227973938,0.3025893087964796,0.297546136798308,0.2996092600685218,539208000
2012-04-27,0.2975461483001709,0.301443149963374,0.2943368817471505,0.29960927165013623,475356000
2012-04-30,0.2980046272277832,0.29960928791828406,0.2938784076306685,0.2959415310926571,262268000
2012-05-01,0.3032768964767456,0.30648618925108784,0.2963998756662499,0.2963998756662499,408680000
2012-05-02,0.29456600546836853,0.30327690418167214,0.2929613727038565,0.3021307340174704,684008000
2012-05-03,0.28952309489250183,0.29708782952115986,0.2876892156905735,0.2952539503192315,419536000
2012-05-04,0.2810412347316742,0.2892936724184789,0.2810412347316742,0.28768903934794954,545092000
2012-05-07,0.285855233669281,0.290898406492322,0.28356289232312215,0.28608447873464266,604440000
2012-05-08,0.28562596440315247,0.28745981528775677,0.27829045155729726,0.2833335961436781,462312000
2012-05-09,0.2867720425128937,0.2890643827072474,0.27783189935880387,0.28058270212665815,520608000
2012-05-10,0.2847089469432831,0.289981335355693,0.28012426611977065,0.2895228727387124,597092000
2012-05-11,0.3028184473514557,0.3135924689617288,0.3016722771654141,0.30832008064056693,1435140000
2012-05-14,0.300984650850296,0.3055693328322659,0.2941076278773412,0.3002969430876285,437472000
2012-05-15,0.2980046272277832,0.3076324820633383,0.29662923891331994,0.3009846762327473,599940000
2012-05-16,0.2920445501804352,0.301901622523496,0.29112759733057963,0.2984631108219768,470484000
2012-05-17,0.2899814546108246,0.29594155306322784,0.2899814546108246,0.29319074890322033,335364000
2012-05-18,0.2769148647785187,0.2920443438328892,0.275539477465825,0.29066892919335297,567288000
2012-05-21,0.2817288339138031,0.283104248774124,0.27553952169605295,0.27737339906753183,416260000
2012-05-22,0.27829045057296753,0.28195820698292207,0.27416423144348356,0.2814997442633926,410140000
2012-05-23,0.28516751527786255,0.2856260053916683,0.27118422265150754,0.27531044238771585,496000000
2012-05-24,0.2776027023792267,0.2872305547207151,0.2755396067785394,0.28677209206799076,520420000
2012-05-25,0.2842505872249603,0.2865429284665436,0.2773735635002104,0.2773735635002104,391752000
2012-05-29,0.2915859818458557,0.2934198597265894,0.28768900842858075,0.2888351786881825,310000000
2012-05-30,0.28814756870269775,0.29043990999863595,0.28310442331700647,0.2883768137630371,379792000
2012-05-31,0.2849382162094116,0.28929365243235744,0.28127046030714264,0.2881474821287553,358192000
2012-06-01,0.2746226489543915,0.2817289155812662,0.2741641863103345,0.27897811239006964,440984000
2012-06-04,0.26889169216156006,0.27760258829076057,0.2665993525131833,0.2759979560022657,432856000
2012-06-05,0.276685893535614,0.2773736014675963,0.26751652731416187,0.26751652731416187,365224000
2012-06-06,0.2840213477611542,0.2847090556125397,0.27668586110905763,0.2787489573363504,368968000
2012-06-07,0.27255958318710327,0.28975216649688385,0.2723303381765878,0.2881475060769914,526780000
2012-06-08,0.2778320014476776,0.27874892693160147,0.27301807433992564,0.27347653708188757,370308000
2012-06-11,0.2810412347316742,0.2918152581913519,0.28035355436348836,0.28677211397246344,839080000
2012-06-12,0.2867720425128937,0.28952284528074795,0.2837919947948637,0.28425045736836435,496128000
2012-06-13,0.27920737862586975,0.2872305711514999,0.2778319632621618,0.2865428634696459,494276000
2012-06-14,0.27576887607574463,0.2810412658864022,0.2730180723174895,0.2787489248667129,589884000
2012-06-15,0.2817288339138031,0.28195807883280555,0.27531027677705044,0.2778318615786898,385288000
2012-06-18,0.2842505872249603,0.2865429284665436,0.2773735635002104,0.27966590474179376,304424000
2012-06-19,0.30350619554519653,0.30786165923113656,0.2945660505015448,0.29594146583960085,960476000
2012-06-20,0.30832013487815857,0.3140509868164992,0.30465237870687756,0.30648625679251806,972720000
2012-06-21,0.2943367660045624,0.30809080695502733,0.29364905849166906,0.30809080695502733,516376000
2012-06-22,0.2980046272277832,0.3014431663310975,0.2938784076306685,0.2980046272277832,865360000
2012-06-25,0.2886058986186981,0.2991506746558108,0.28745972849844026,0.29823374949034503,494616000
2012-06-26,0.2918153405189514,0.29387843685926923,0.28608448698821837,0.2902107069957192,437152000
2012-06-27,0.3012137711048126,0.3032768662113348,0.29204441093920486,0.29204441093920486,506064000
2012-06-28,0.30350619554519653,0.3053400735536525,0.29594146583960085,0.2984630515170849,545896000
2012-06-29,0.3168017268180847,0.31748943437829175,0.31038316846757225,0.3106124134299253,616508000
2012-07-02,0.30832013487815857,0.31863566836717166,0.3057985490945457,0.3184064506857526,581684000
2012-07-03,0.3163433074951172,0.31703101514940074,0.3080908702974261,0.30832011529113923,219284000
2012-07-05,0.31313398480415344,0.3156555426438105,0.3083200594233112,0.31428015491132055,280076000
2012-07-06,0.3071739673614502,0.3117586489549728,0.30373545616630826,0.31084169624015356,382760000
2012-07-09,0.30304771661758423,0.3067154724377368,0.30052613107537246,0.30534005717346585,306336000
2012-07-10,0.2938782572746277,0.30877849467608487,0.2915859172631494,0.29983835223521055,512028000
2012-07-11,0.2890644967556,0.29846310619134525,0.287689081165587,0.2947953495025516,485216000
2012-07-12,0.2842505872249603,0.28631368341164004,0.2817290009284734,0.285855220628696,472160000
2012-07-13,0.2879182994365692,0.28929368757184193,0.28264590993420985,0.28447978810809904,324260000
2012-07-16,0.28883519768714905,0.29112753835713784,0.2833335636830622,0.2860843943485338,334460000
2012-07-17,0.2835627496242523,0.29135672267510637,0.2787488242891116,0.28975209000567637,447476000
2012-07-18,0.2993798851966858,0.30350610262067285,0.2814996279106406,0.28287501550073757,616008000
2012-07-19,0.30235999822616577,0.3062569715671223,0.2993799501441917,0.3014430729671833,403036000
2012-07-20,0.29364916682243347,0.30258931313447496,0.2904398730206005,0.3005261898346837,451000000
2012-07-23,0.2975461483001709,0.29960927165013623,0.2826459314112631,0.2858551979642835,451584000
2012-07-24,0.2943367660045624,0.29983837145400827,0.2908982557669461,0.2980044938619095,351164000
2012-07-25,0.3000677227973938,0.30304777152535156,0.2920445293981243,0.2934199175847403,415044000
2012-07-26,0.3014431595802307,0.3090078907843839,0.299150791120405,0.3055693517580762,338440000
2012-07-27,0.30900782346725464,0.3099247487899439,0.3002968962674268,0.30258926422786186,376516000
2012-07-30,0.30556929111480713,0.31290480314597563,0.30304773276509234,0.30900782945870264,363552000
2012-07-31,0.3103831112384796,0.31473857343215367,0.3051107240181621,0.30556918653148385,387788000
2012-08-01,0.30694469809532166,0.3151971352422726,0.30556928279521123,0.3122170869766039,335912000
2012-08-02,0.3080909550189972,0.3126756375391497,0.30029697833862,0.3053401509722784,367912000
2012-08-03,0.31450948119163513,0.3177187749965426,0.305569334871029,0.3129048479526116,326548000
2012-08-06,0.3211571276187897,0.3227617600639479,0.31703091038349224,0.31748937289255935,360324000
2012-08-07,0.32436656951904297,0.3278050812037451,0.32253269115516287,0.3250542773213557,407340000
2012-08-08,0.32620036602020264,0.32963887684198157,0.32322031784262323,0.3241372704578772,517064000
2012-08-09,0.3372036814689636,0.33789138925237,0.3262004389150449,0.3266589016616955,822300000
2012-08-10,0.33514052629470825,0.34889457022786036,0.33078506265309643,0.34614376690660115,1278744000
2012-08-13,0.33949607610702515,0.3397253211799595,0.33422368537132296,0.3355991011551984,447244000
2012-08-14,0.3344528377056122,0.34110064238185556,0.3330774223031183,0.3406421523631191,388828000
2012-08-15,0.3319312036037445,0.338349762336521,0.3303265707522638,0.33559895925871785,594404000
2012-08-16,0.33880823850631714,0.33995440868601506,0.33376506785416404,0.33491123803386197,371008000
2012-08-17,0.33582833409309387,0.33880838329923085,0.33284828488695695,0.33880838329923085,309864000
2012-08-20,0.33582833409309387,0.33628679689553087,0.33078516128569396,0.3346821634235692,314392000
2012-08-21,0.3349112570285797,0.33903747537488416,0.3314727462944684,0.336974379865159,340248000
2012-08-22,0.33559903502464294,0.33697445053748964,0.33170206084072384,0.33284823132580943,313556000
2012-08-23,0.3280341923236847,0.3351404578349457,0.3266587772805856,0.334911212885479,379040000
2012-08-24,0.3346821069717407,0.3362867401730441,0.32734659406259436,0.3280343018136843,347724000
2012-08-27,0.3289511501789093,0.33536973613373855,0.32872193253349963,0.3344527835715401,340944000
2012-08-28,0.3275757431983948,0.33078500866156374,0.32574186550793327,0.3264295730577128,310764000
2012-08-29,0.3282635509967804,0.33032664694931746,0.326658890448296,0.32734659820809503,250412000
2012-08-30,0.322074294090271,0.3287221010994499,0.3204696604421476,0.327575930304095,307488000
2012-08-31,0.32161566615104675,0.32665880959657156,0.31840640050212726,0.32436646918252815,485064000
2012-09-04,0.304423063993454,0.3174894252824919,0.3014430435293519,0.31634325515726763,694452000
2012-09-05,0.3053401708602905,0.30992485367906153,0.30213087649103176,0.30556938860511,480256000
2012-09-06,0.31473878026008606,0.32299122023028665,0.30740326591907885,0.3076325109898097,657296000
2012-09-07,0.3071739673614502,0.3092370631477922,0.2968584064491665,0.3067155046674695,781064000
2012-09-10,0.304423063993454,0.31084162216008027,0.30373538377980047,0.3064861866149685,371108000
2012-09-11,0.3080909550189972,0.31290488259590266,0.3030478097122022,0.30419398034224027,382808000
2012-09-12,0.31152939796447754,0.3131340583528939,0.3076324241501607,0.31061247259411734,322608000
2012-09-13,0.3135925531387329,0.31542643139403415,0.30763245564071884,0.3142802609003284,433836000
2012-09-14,0.3172602653503418,0.3227618998219305,0.31336329134558644,0.31336329134558644,339468000
2012-09-17,0.30854928493499756,0.3179478909847318,0.30511077452560964,0.3179478909847318,493348000
2012-09-18,0.3106124997138977,0.3142802561692874,0.30488164733163864,0.3051108650308132,359952000
2012-09-19,0.314280241727829,0.31863567840746576,0.30763243687376524,0.31130019316061824,451936000
2012-09-20,0.31198790669441223,0.3151972006180314,0.3094663478903486,0.3135925673196525,320596000
2012-09-21,0.31336331367492676,0.3151971919627997,0.31130021768035754,0.31244638819442055,340136000
2012-09-24,0.31313398480415344,0.3135924473816501,0.30786159684581454,0.3083200594233112,357832000
2012-09-25,0.30740320682525635,0.3186356939213497,0.3069447440987925,0.31726027841509835,481544000
2012-09-26,0.3021308183670044,0.3064862826030503,0.2984630892137057,0.3062570375754679,436812000
2012-09-27,0.304423063993454,0.30488155390502475,0.3002968460772763,0.30281843128351027,558888000
2012-09-28,0.3057984411716461,0.31015390350376243,0.29915063887321,0.30304763867743195,485508000
2012-10-01,0.30075544118881226,0.3090078799077531,0.2996092706626739,0.30717400160055947,504236000
2012-10-02,0.30190154910087585,0.30281847440087284,0.2984630382356043,0.30281847440087284,295492000
2012-10-03,0.2989215552806854,0.3035062372686604,0.2973169220502662,0.3025893118018095,430872000
2012-10-04,0.3122170865535736,0.3140509645089508,0.2980045528945421,0.2996092131847819,502608000
2012-10-05,0.30488157272338867,0.31634327468308815,0.30373540252741876,0.3131340090651135,483068000
2012-10-08,0.30190154910087585,0.3051108149777205,0.29960920852402817,0.30373542702772505,240596000
2012-10-09,0.2954830825328827,0.30236010641654737,0.29456612961894246,0.3014431808294709,366360000
2012-10-10,0.29043978452682495,0.2954829550606987,0.2892936143740086,0.29410753994657823,326568000
2012-10-11,0.2920445501804352,0.294107646270602,0.28975220904608906,0.29319072074760827,320516000
2012-10-12,0.28952309489250183,0.29227390003195725,0.2876892156905735,0.28998155786126534,260696000
2012-10-15,0.29319071769714355,0.29341993541207617,0.28654291208058885,0.2899814237463325,249580000
2012-10-16,0.30167219042778015,0.30258914270908044,0.2929612940530749,0.2957120962432858,367696000
2012-10-17,0.2993798851966858,0.30075530011363083,0.29502442284425856,0.29800447027974075,391752000
2012-10-18,0.29479527473449707,0.29869224814867407,0.2936491044758065,0.29869224814867407,254772000
2012-10-19,0.2776027023792267,0.2925029435441837,0.2759980694312637,0.29043982061664103,709412000
2012-10-22,0.2743934988975525,0.2803535967192345,0.2721011577856535,0.2787489360794159,480840000
2012-10-23,0.28264597058296204,0.2844798491503557,0.27118423636846783,0.2718719442470986,573948000
2012-10-24,0.27897822856903076,0.2856260353202914,0.2762274242322767,0.28447986456940505,332916000
2012-10-25,0.27920737862586975,0.2842505227480373,0.2780612082650655,0.28127047434457475,307356000
2012-10-26,0.27622729539871216,0.28127043888509573,0.27622729539871216,0.2796658060476355,389376000
2012-10-31,0.2746226489543915,0.2796658200195825,0.27393496865173345,0.2773734794724429,347112000
2012-11-01,0.28768908977508545,0.28791833482256857,0.27576889384320835,0.27599813889069147,473220000
2012-11-02,0.28631365299224854,0.2911275800188631,0.2844798020553099,0.2906691172846284,256700000
2012-11-05,0.29846295714378357,0.2996091271207952,0.2856258424705142,0.2856258424705142,444840000
2012-11-06,0.2982337772846222,0.299150702535542,0.2931906337508557,0.299150702535542,350804000
2012-11-07,0.2890644967556,0.29777539839633876,0.287689081165587,0.2959415200519419,324620000
2012-11-08,0.2906690239906311,0.2998383850397398,0.28998131644657765,0.29227365670885486,839024000
2012-11-09,0.27943655848503113,0.2957121863365715,0.27851963325122037,0.29227367571950125,846280000
2012-11-12,0.27324724197387695,0.2810411883600858,0.2704964116475887,0.27989501816641665,643624000
2012-11-13,0.27118420600891113,0.27806125669845544,0.27095498829293874,0.27187191381055176,492120000
2012-11-14,0.26453641057014465,0.2755396527037574,0.2643071655421457,0.27278884900206923,619300000
2012-11-15,0.26568254828453064,0.27301803302648864,0.263848670267327,0.2661410109571174,466688000
2012-11-16,0.260868638753891,0.26659949084850426,0.2555962493614752,0.26568256544410945,624552000
2012-11-19,0.26820412278175354,0.2691210755089455,0.26247327071252213,0.26568256426740666,404092000
2012-11-20,0.2650894522666931,0.26831942267127123,0.2623208747734502,0.26716585788347136,336976000
2012-11-21,0.27270305156707764,0.27339516860524987,0.2648587926039059,0.26508951661873703,422312000
2012-11-23,0.27454861998558044,0.2777785895131938,0.2724721874294177,0.27385647580019284,276932000
2012-11-26,0.2793937921524048,0.280085936877537,0.27454883408281494,0.27501025473184715,364600000
2012-11-27,0.2805473208427429,0.2847001611473511,0.275933059949437,0.27824019039609,451404000
2012-11-28,0.2828544080257416,0.2842386970832668,0.2759330177444356,0.27939371288508863,398332000
2012-11-29,0.2777787148952484,0.28470010486696573,0.276855873900283,0.28331584337451765,488688000
2012-11-30,0.2761637270450592,0.2796244220013763,0.2745487415660763,0.27754798852569085,460504000
2012-12-03,0.2710880935192108,0.2796244987571961,0.2703959763404909,0.2796244987571961,391380000
2012-12-04,0.2791629731655121,0.27962439361220975,0.2699344267157792,0.27154943953395494,528068000
2012-12-05,0.2759329378604889,0.27870148767087044,0.27201082333718574,0.27685580613271754,633024000
2012-12-06,0.2763943672180176,0.2782400763192426,0.27431796166861017,0.2752408024676461,412896000
2012-12-07,0.2759329378604889,0.2780093708456392,0.2727029676655692,0.27662508218887233,338288000
2012-12-10,0.2851616144180298,0.2872380485598933,0.27524094685979517,0.2759330915737497,513644000
2012-12-11,0.29185226559638977,0.29554368517396823,0.28539229508720915,0.2860844396959005,816724000
2012-12-12,0.2888529300689697,0.29439005827446857,0.2876993651307188,0.29277507286154886,399404000
2012-12-13,0.28908365964889526,0.29462076045832664,0.2863151092441796,0.2883915151719268,377556000
2012-12-14,0.29046788811683655,0.29346716217435803,0.28816075845769,0.29023719165281486,338660000
2012-12-17,0.2893144190311432,0.2913908529134299,0.2849308822293669,0.2897758671182052,445232000
2012-12-18,0.2897757291793823,0.2930056992323039,0.2883914405834725,0.2893142813119784,416436000
2012-12-19,0.29185226559638977,0.2953129611366833,0.2906987004162919,0.29185226559638977,458544000
2012-12-20,0.29162147641181946,0.2932364616502302,0.2883914784318434,0.29300573768624816,334332000
2012-12-21,0.2849307656288147,0.2876993155024088,0.28170076785699427,0.2876993155024088,462172000
2012-12-24,0.2826237678527832,0.28562304307315073,0.2817008991294271,0.2847001743497946,127376000
2012-12-26,0.2823929488658905,0.28654578796704516,0.2812393839768562,0.28193152841090807,196740000
2012-12-27,0.2805473208427429,0.28331589938125795,0.27731734921869455,0.28285445128939585,299804000
2012-12-28,0.2791629731655121,0.2835465086638738,0.2775479603473364,0.27800940829719,220600000
2012-12-31,0.2828544080257416,0.28400797307262593,0.2775480033094417,0.2782401478382043,326460000
2013-01-02,0.293467253446579,0.2936979774855139,0.2886222961574181,0.28977586134576544,478836000
2013-01-03,0.2936979830265045,0.29692795461354937,0.2902372873961719,0.29346725898321674,298888000
2013-01-04,0.303387850522995,0.3043106913787317,0.2932364635941174,0.2941593044498541,524968000
2013-01-07,0.2946207523345947,0.30407999575163663,0.2925443464641013,0.30315715480989675,610732000
2013-01-08,0.2881608009338379,0.2962357834342931,0.2860843949357968,0.29531291493270667,466424000
2013-01-09,0.2817007899284363,0.2918521769311862,0.27985510820353177,0.2904678881343528,695020000
2013-01-10,0.28216245770454407,0.2856231548898116,0.2805474436822114,0.284238865014434,506368000
2013-01-11,0.2817007899284363,0.2835464991564958,0.2789322398379245,0.28331580269246026,513172000
2013-01-14,0.2814701795578003,0.28354658588500664,0.27824018054494626,0.28354658588500664,305684000
2013-01-15,0.2763943672180176,0.2800857854204676,0.27477938206812813,0.2800857854204676,375888000
2013-01-16,0.2789321541786194,0.281239283129392,0.27593288104198566,0.27593288104198566,337376000
2013-01-17,0.2826237678527832,0.2837773331296041,0.27916307202232044,0.2798552166890461,580736000
2013-01-18,0.28077802062034607,0.28262373031877214,0.277317325249483,0.28262373031877214,397088000
2013-01-22,0.2793937921524048,0.28308521235099815,0.2780095302053083,0.28054735752656923,308224000
2013-01-23,0.27985507249832153,0.2805471893052798,0.27685579882328043,0.2803164928706775,421808000
2013-01-24,0.28123944997787476,0.28239301513762666,0.27754803046540355,0.27893231965837095,396980000
2013-01-25,0.28631511330604553,0.28654580979953576,0.2803165644247635,0.2817008258951804,393920000
2013-01-28,0.2909294664859772,0.29277517654142765,0.2870073223044571,0.2876994670131469,422492000
2013-01-29,0.28470003604888916,0.29046785963111416,0.28354647133244415,0.289775742803769,388872000
2013-01-30,0.28423869609832764,0.28885295626987567,0.28331585506528206,0.2849308406246919,287592000
2013-01-31,0.2828544080257416,0.287468695716439,0.2810087259532548,0.2842386970832668,470544000
2013-02-01,0.285392165184021,0.28631503340993136,0.282854311941706,0.2851614412517557,288816000
2013-02-04,0.2805473208427429,0.28954514608658805,0.2803166242999762,0.28377731996995564,511744000
2013-02-05,0.287007212638855,0.28862222550975647,0.2810086916296379,0.2819315325531615,367296000
2013-02-06,0.28470003604888916,0.2870071654817792,0.27847079208071657,0.2800857771831091,530688000
2013-02-07,0.283546507358551,0.2860843610584389,0.2807779571879543,0.28377723133241567,440000000
2013-02-08,0.285392165184021,0.28769929449407067,0.2835464562353511,0.285392165184021,307232000
2013-02-11,0.28862228989601135,0.29162156482128065,0.2849308703721164,0.28769942126345616,408308000
2013-02-12,0.28677651286125183,0.29000648355959247,0.28562294796853643,0.2860843684249913,277804000
2013-02-13,0.285392165184021,0.29231355311416996,0.28446932446126144,0.28700715020042555,856396000
2013-02-14,0.2936979830265045,0.29392870706979235,0.27800949066836367,0.28147018629869636,882096000
2013-02-15,0.2936979830265045,0.2950822722799032,0.2872380123492508,0.2930058383998052,733860000
2013-02-19,0.2897757291793823,0.29415926389451175,0.2879300202192196,0.2939285674639608,433552000
2013-02-20,0.28562310338020325,0.2953130482508209,0.28470023446199066,0.29069878616927236,713012000
2013-02-21,0.283546507358551,0.28839149078446213,0.2828543629401129,0.2851614926661361,580408000
2013-02-22,0.2888529300689697,0.28908365405788294,0.28377724984129726,0.28539223525421703,370148000
2013-02-25,0.2837772071361542,0.29185216048872464,0.28331578673092367,0.2895450309594188,644444000
2013-02-26,0.2871430814266205,0.28876797457590936,0.2834290162237721,0.2843575463604272,487504000
2013-02-27,0.2924819886684418,0.294571160356925,0.28644664068644293,0.2871430312492707,476980000
2013-02-28,0.2938748002052307,0.29828522810641,0.29039287470265207,0.29155351653684497,591392000
2013-03-01,0.2950355112552643,0.2959640138716933,0.2892323007228567,0.2917856967539817,389396000
2013-03-04,0.2938748002052307,0.2966603350729168,0.2906249864663602,0.29294627013474595,353680000
2013-03-05,0.2971246540546417,0.2975889053598507,0.2941069790629476,0.295499760650465,366168000
2013-03-06,0.2968924939632416,0.30176717338314857,0.2954997126021905,0.2989816383329323,342928000
2013-03-07,0.2961961030960083,0.3015350614141575,0.29457120995706354,0.2985173869150396,314824000
2013-03-08,0.29758888483047485,0.2989816663219103,0.2954997402652102,0.29689252175664566,246464000
2013-03-11,0.29480332136154175,0.2959639632695838,0.2922498980950949,0.2945712095830648,299748000
2013-03-12,0.29573187232017517,0.29666037484325103,0.29155355562255825,0.2943390908636736,310856000
2013-03-13,0.29573187232017517,0.30083869154086795,0.29294630940717203,0.29573187232017517,485840000
2013-03-14,0.2959640622138977,0.2985174863339847,0.2941070290058249,0.29758895589400075,383304000
2013-03-15,0.2934105694293976,0.295963965039226,0.29224989984252975,0.295963965039226,355776000
2013-03-18,0.29132142663002014,0.29410696197128666,0.28923228204204243,0.2915535661050794,298312000
2013-03-19,0.28946444392204285,0.2929463706189653,0.2873752989726468,0.29155361654333245,355480000
2013-03-20,0.29294633865356445,0.2938748689412282,0.28969655182646764,0.2922499478557893,340588000
2013-03-21,0.28830379247665405,0.2917857190623075,0.28783954113294546,0.2913214677185989,339032000
2013-03-22,0.2896965444087982,0.2908571864847418,0.28807165103685517,0.28923229311279874,232476000
2013-03-25,0.2880716323852539,0.2915535583876425,0.2859824601806879,0.2913214189187281,362076000
2013-03-26,0.29016074538230896,0.29039288482599374,0.2876073221893165,0.2887679640639704,232540000
2013-03-27,0.2936427593231201,0.29526765290196616,0.2883037995595744,0.28900019042819225,254944000
2013-03-28,0.2978210151195526,0.29805315458492987,0.29085716322088623,0.2929463077217311,349276000
2013-04-01,0.2880716323852539,0.2971246289227091,0.2859824601806879,0.2971246289227091,442828000
2013-04-02,0.28505396842956543,0.2890001458471396,0.2831969356236808,0.28830375508594674,371524000
2013-04-03,0.28157198429107666,0.28621455151346525,0.27948281243787176,0.2845896308481225,353156000
2013-04-04,0.2843576669692993,0.2852861698278882,0.2797150973325594,0.28064360019114826,294676000
2013-04-05,0.2892322242259979,0.2892322242259979,0.27948281097258976,0.2801792015866737,551352000
2013-04-08,0.28853586316108704,0.28946436562703204,0.28319690480218807,0.28946436562703204,326660000
2013-04-09,0.29317861795425415,0.2952677636719594,0.28667901352864344,0.2887681592463487,380584000
2013-04-10,0.2978210151195526,0.2982852663784195,0.29271419592824144,0.29341058665248565,384688000
2013-04-11,0.29642823338508606,0.2982852660906497,0.285518204288745,0.2936426981626844,969220000
2013-04-12,0.30385634303092957,0.3071061292852656,0.29526757082525384,0.2978209940764362,770548000
2013-04-15,0.29758888483047485,0.3038563738700458,0.2957318797377456,0.3029278436517927,430420000
2013-04-16,0.3008386492729187,0.3029277934922577,0.2987494773816958,0.30037439807660826,468844000
2013-04-17,0.2968924939632416,0.3013029221534268,0.2950354613724688,0.2985173871032106,532948000
2013-04-18,0.29108932614326477,0.29944596095823506,0.29108932614326477,0.29758892792469804,402548000
2013-04-19,0.2917858064174652,0.29271433705475963,0.28714323624669613,0.2908573034520718,303028000
2013-04-22,0.2922498881816864,0.2948033113615186,0.2892322414606473,0.29155352519799116,245568000
2013-04-23,0.29991015791893005,0.30292780464195884,0.2943390603425005,0.2948033115558984,376948000
2013-04-24,0.310124009847641,0.3126774347956378,0.3006067288653663,0.3008388684686039,556556000
2013-04-25,0.3126772344112396,0.3133736251027547,0.3089631691710836,0.3117487319371438,353224000
2013-04-26,0.31128454208374023,0.3126773238652319,0.30965964845326277,0.3122130724953661,324332000
2013-04-29,0.31499865651130676,0.31615929894923894,0.3103560867595779,0.31174886875385593,269712000
2013-04-30,0.3196411430835724,0.3196411430835724,0.31360579290813045,0.3156949653558871,276712000
2013-05-01,0.31685563921928406,0.3217303477469409,0.3156949969671652,0.3196411750899905,341316000
2013-05-02,0.32056963443756104,0.3214981369646872,0.31476639679141466,0.31662342951755496,323480000
2013-05-03,0.3219623267650604,0.3242836103116266,0.32080168499177736,0.3226587173634068,293864000
2013-05-06,0.3210338056087494,0.32381934016707326,0.3191767733459065,0.32196230790423036,217116000
2013-05-07,0.31685563921928406,0.3217303477469409,0.3138379638293962,0.32103395686129077,448068000
2013-05-08,0.32265886664390564,0.3245158998747052,0.3161592641720549,0.3173199064823177,334032000
2013-05-09,0.32289087772369385,0.3242836313388129,0.3163912778374853,0.31685552904252495,566800000
2013-05-10,0.3375149965286255,0.338907777922833,0.3296226147479274,0.3296226147479274,861136000
2013-05-13,0.3305511474609375,0.33658649665338836,0.32915836605594523,0.3351937152483961,289812000
2013-05-14,0.3354259133338928,0.3382114489588601,0.3312475960604962,0.33449738301097603,454140000
2013-05-15,0.34122908115386963,0.34238972315758126,0.33380095019260486,0.33380095019260486,313172000
2013-05-16,0.3396041989326477,0.3442467670985479,0.3384435292192836,0.34076484097412274,308368000
2013-05-17,0.34517520666122437,0.3474964903204913,0.33867560688090015,0.34122902997484733,312116000
2013-05-20,0.34447890520095825,0.34587168682580777,0.3426218722584559,0.34378251438853347,236380000
2013-05-21,0.348095178604126,0.3494950349720716,0.3424958087572489,0.3464620313831579,357784000
2013-05-22,0.3359631597995758,0.349495001411309,0.3345633035660534,0.349495001411309,480404000
2013-05-23,0.34132933616638184,0.34249587409137977,0.33106378573892525,0.3319970049539404,393884000
2013-05-24,0.3392294943332672,0.3422624979921915,0.3354965624742137,0.33946281300412806,283304000
2013-05-28,0.33899620175361633,0.342729133899979,0.3357299069848906,0.34179591476961607,279300000
2013-05-29,0.3368964195251465,0.3389961763171362,0.33549656312218445,0.3368964195251465,335052000
2013-05-30,0.34132933616638184,0.34482894994137564,0.3354966187289342,0.3364298657564073,284504000
2013-05-31,0.3375963866710663,0.34436229517015987,0.3375963866710663,0.33946285281950966,577508000
2013-06-03,0.337129682302475,0.34062929491721294,0.3301304292605503,0.3380629012080923,444468000
2013-06-04,0.3375963866710663,0.34529554215060987,0.3354966018243963,0.33922953412128304,363676000
2013-06-05,0.3303637206554413,0.3396960201919823,0.3294304740143193,0.3371296545069014,464520000
2013-06-06,0.3324635624885559,0.335029956646567,0.3301304870039835,0.33036380567742224,341044000
2013-06-07,0.337129682302475,0.33922943874633826,0.33339675105510835,0.33479657941353425,274584000
2013-06-10,0.3368964195251465,0.3389961763171362,0.33433002539053386,0.33619649132366547,224148000
2013-06-11,0.3305971324443817,0.33712974952360353,0.3305971324443817,0.33246357062776993,296336000
2013-06-12,0.32779747247695923,0.33503001894908674,0.32593100617972065,0.33223033340945823,312588000
2013-06-13,0.33526331186294556,0.3368964593176649,0.3263976184927393,0.3266309093791525,236256000
2013-06-14,0.33479657769203186,0.3368963619375469,0.3324635026275364,0.3364297524871376,236012000
2013-06-17,0.33806300163269043,0.3410960056956004,0.33549660716119967,0.33736307333933324,255336000
2013-06-18,0.3359631597995758,0.3434289948159786,0.333163447332531,0.33969606340155223,486772000
2013-06-19,0.34622862935066223,0.3611603250344118,0.3378295487902752,0.3389960862118597,1159588000
2013-06-20,0.3368964195251465,0.34389564591504995,0.33456334406184535,0.3434290363848804,628696000
2013-06-21,0.3364298641681671,0.33992947792663974,0.3308304654671363,0.33876294000714885,714228000
2013-06-24,0.3294305205345154,0.33572984586119053,0.3245310792734296,0.33153030491422386,580772000
2013-06-25,0.3317636251449585,0.33363006307479015,0.32826398449539784,0.33293016275732856,457360000
2013-06-26,0.32989710569381714,0.33596311141554625,0.32849724966189625,0.33549647419660866,579752000
2013-06-27,0.3268640637397766,0.33129689428994635,0.3233644518909765,0.33083028493926153,808036000
2013-06-28,0.32756420969963074,0.330830505140922,0.32266473872523266,0.326864281301508,431536000
2013-07-01,0.3289640247821808,0.3305972002462735,0.32686426748900443,0.32989727187772805,199524000
2013-07-02,0.32873067259788513,0.3336301146396114,0.3256976687744614,0.3270974974381882,256392000
2013-07-03,0.32966384291648865,0.33363006526205913,0.3259309114074513,0.3259309114074513,140388000
2013-07-05,0.33223024010658264,0.33293016824803806,0.32849730856045445,0.3305970929848207,184684000
2013-07-08,0.3305971324443817,0.3347966461694596,0.32873066644853915,0.3331634988527677,262084000
2013-07-09,0.33223024010658264,0.33432999671849783,0.33036377433351855,0.3312969933138251,157364000
2013-07-10,0.336663156747818,0.3375964037755514,0.33129707672883946,0.33223032375657285,208468000
2013-07-11,0.34132933616638184,0.34179594577388944,0.3378296945789301,0.3385296228964204,239832000
2013-07-12,0.34156256914138794,0.34482889146495077,0.3394628123574537,0.34062935008462897,216360000
2013-07-15,0.34086260199546814,0.3422624582331116,0.33549652350110176,0.3422624582331116,201332000
2013-07-16,0.34272900223731995,0.3445954675934806,0.34062924609441725,0.342262392851391,162560000
2013-07-17,0.34086260199546814,0.3438956053020622,0.33992938304533926,0.342729067708176,166100000
2013-07-18,0.3394626975059509,0.34156245357946796,0.33502983895499605,0.34039591624697096,344488000
2013-07-19,0.33223024010658264,0.33899614724493254,0.3287306272117566,0.3373630001231706,480532000
2013-07-22,0.331996887922287,0.33782957549120596,0.33059705959321534,0.33479657239287847,292384000
2013-07-23,0.33153030276298523,0.33619645315990365,0.3298971556865538,0.33619645315990365,246792000
2013-07-24,0.33153030276298523,0.3354965250378758,0.33106369328578344,0.33456330608347223,284252000
2013-07-25,0.3326968848705292,0.3371297450281015,0.32896395292862135,0.3312970284392003,243320000
2013-07-26,0.33129703998565674,0.33339682470583243,0.3287306735220486,0.3287306735220486,227360000
2013-07-29,0.3305971324443817,0.3347966461694596,0.32966388554023324,0.3305971324443817,179540000
2013-07-30,0.3361964821815491,0.3406293421287515,0.33153033138183235,0.3317636500467992,266076000
2013-07-31,0.3368964195251465,0.3401627140487868,0.33433002539053386,0.33456334406184535,270160000
2013-08-01,0.34156256914138794,0.34226249734018377,0.3340967332499566,0.338062955959862,277648000
2013-08-02,0.34436219930648804,0.34506212739386516,0.33852951159909356,0.3408625866820513,209628000
2013-08-05,0.34599533677101135,0.34716187418658506,0.3415624779043636,0.34342894333177076,185188000
2013-08-06,0.34086260199546814,0.3469286086086562,0.34016267387664645,0.3462286804898345,206608000
2013-08-07,0.3406294286251068,0.34412904261355465,0.338762962268776,0.33899625318053006,244380000
2013-08-08,0.34296244382858276,0.3445955911712305,0.33852958354144774,0.3424958342753198,345696000
2013-08-09,0.33806300163269043,0.343195762763215,0.3291973081458987,0.32943059903537975,906224000
2013-08-12,0.33526331186294556,0.3401627542271035,0.3058665186157146,0.3242978336402802,257568000
2013-08-13,0.3364298641681671,0.33782969298408144,0.3336301509114228,0.33572993585398103,197468000
2013-08-14,0.3506615459918976,0.35276130257158805,0.33549652920127004,0.33572984784899146,828508000
2013-08-15,0.3529947102069855,0.3557943956231721,0.34552884534721107,0.34692870196153314,723616000
2013-08-16,0.3543946146965027,0.35929405788358104,0.351594901089645,0.35229482949135943,660456000
2013-08-19,0.348795086145401,0.3534612366791266,0.3485617674937343,0.3522946990456952,393432000
2013-08-20,0.3505537211894989,0.3528985598902167,0.34820888248878107,0.3486778446383882,234192000
2013-08-21,0.34891244769096375,0.35289866912553197,0.3475055328539675,0.3484434574435044,261540000
2013-08-22,0.35078829526901245,0.35407105900851155,0.34867792319131574,0.34867792319131574,129016000
2013-08-23,0.35078829526901245,0.35407105900851155,0.3500848379097802,0.35125725752427106,245120000
2013-08-26,0.35149168968200684,0.3524296420518327,0.35008480305629663,0.35102272747343677,300152000
2013-08-27,0.3470364809036255,0.35055373913475474,0.34586406149324905,0.3482089003140019,277464000
2013-08-28,0.3470364809036255,0.35031924407160603,0.34562956643010034,0.34773993814038806,318824000
2013-08-29,0.3463330864906311,0.3496158782067837,0.3449261717618959,0.34586412423194896,276216000
2013-08-30,0.34586411714553833,0.34750549899364,0.3442227352974367,0.3465675744954928,378120000
2013-09-03,0.3460984528064728,0.3510226244327097,0.3439881095110441,0.34680190988917486,284680000
2013-09-04,0.34938129782676697,0.35149164145210443,0.3456295447676315,0.346098506911853,222080000
2013-09-05,0.3503192961215973,0.35172621080416006,0.3477399898071493,0.34797445695245127,174904000
2013-09-06,0.34891244769096375,0.3524297068307635,0.3463331131407009,0.3505538296989988,226756000
2013-09-09,0.354774534702301,0.354774534702301,0.35078831339756394,0.35172623795655267,246408000
2013-09-10,0.3622780442237854,0.36251253935877265,0.35571248792375737,0.35735389796328354,292132000
2013-09-11,0.3683744966983795,0.3693124489253293,0.35922960923719705,0.36180894292045707,396164000
2013-09-12,0.3681401014328003,0.37282977962449293,0.36649869170355837,0.36649869170355837,303808000
2013-09-13,0.3704848885536194,0.3721262700999063,0.36673313534552093,0.36931246917017396,159696000
2013-09-16,0.37071943283081055,0.37611256870787696,0.3693125460494164,0.37353326229897654,231412000
2013-09-17,0.3718917965888977,0.3749400927530052,0.3704849100188605,0.37212629166024624,168608000
2013-09-18,0.3751746118068695,0.3761125362468498,0.3702504386152569,0.3721263154479039,268168000
2013-09-19,0.3735332787036896,0.37751950002173856,0.3718918687909429,0.37681604262380286,227572000
2013-09-20,0.37025031447410583,0.37681586721066435,0.36954685740363935,0.3744710289442275,356036000
2013-09-23,0.3667331337928772,0.37306419284614173,0.3646227621400004,0.37001589687155273,271244000
2013-09-24,0.3681401014328003,0.36954698811869596,0.3648573099270033,0.36696768188487716,229732000
2013-09-25,0.3686089813709259,0.37142278206723417,0.36579515272193697,0.36743656208474074,233156000
2013-09-26,0.36743658781051636,0.3702503887038306,0.3653262161760187,0.36954693149233137,148816000
2013-09-27,0.3653261959552765,0.3676710345620324,0.36321585239026866,0.3646227387827135,151920000
2013-09-30,0.3648572266101837,0.3674365602076868,0.3594640923307468,0.3615744638067076,226640000
2013-10-01,0.36462274193763733,0.36696760851736343,0.36251239835436955,0.365326199116287,226976000
2013-10-02,0.3643883466720581,0.36579523335399117,0.3608710880381951,0.3608710880381951,162036000
2013-10-03,0.36063653230667114,0.3679055434421019,0.3589951508107397,0.36462275249755677,436768000
2013-10-04,0.36556071043014526,0.36860900637151084,0.3592296234932004,0.36016757575737274,246228000
2013-10-07,0.36556071043014526,0.36814004421576596,0.362277919434566,0.36415379601022807,169952000
2013-10-08,0.3625124990940094,0.36978151203892756,0.35969869755015654,0.36462284326372674,290712000
2013-10-09,0.35688480734825134,0.36509177138025906,0.3550089586065535,0.3648572763112047,275860000
2013-10-10,0.3608710467815399,0.36180897112893357,0.3568847984234077,0.35946413230776575,223484000
2013-10-11,0.3578227758407593,0.3596986526199069,0.35407102228246395,0.35524344177534556,213704000
2013-10-14,0.3632158637046814,0.3632158637046814,0.3568847769070781,0.3568847769070781,166628000
2013-10-15,0.3613399565219879,0.3653261763490048,0.36110546149282474,0.3632158328972546,208820000
2013-10-16,0.36579522490501404,0.36720213950713765,0.362981423653453,0.3634503858699321,210072000
2013-10-17,0.36649858951568604,0.367436541664115,0.3629813318526054,0.3629813318526054,213324000
2013-10-18,0.37071943283081055,0.3718918524583168,0.3643883724328147,0.36579525921420886,255068000
2013-10-21,0.37165728211402893,0.37540900710877156,0.3704848628120441,0.37517454001998324,195008000
2013-10-22,0.36978137493133545,0.37189171831857937,0.3664985843867931,0.3716572512492627,179452000
2013-10-23,0.36345037817955017,0.36907800851628136,0.3622779586868169,0.36907800851628136,252216000
2013-10-24,0.3608710467815399,0.36673314383445943,0.36016758954465283,0.3643883050132916,236436000
2013-10-25,0.35735371708869934,0.3629813179530605,0.35618129791256764,0.362746850889441,330492000
2013-10-28,0.35665038228034973,0.35852625919589465,0.3517262088711304,0.3568848494243631,394024000
2013-10-29,0.3571193218231201,0.3578227791158248,0.3528986060195781,0.3561813974013045,387952000
2013-10-30,0.35688480734825134,0.3599331034825369,0.3538365112139658,0.3582917218572091,204032000
2013-10-31,0.35618141293525696,0.3599331387388273,0.3554779556118728,0.3573538324900015,293368000
2013-11-01,0.3578227758407593,0.35946415754025635,0.35524344177534556,0.35805724296772423,206136000
2013-11-04,0.34750545024871826,0.3589951774791312,0.3468019929974384,0.3589951774791312,410264000
2013-11-05,0.3470364809036255,0.34867786248761573,0.34164334602535723,0.34539509931963525,422368000
2013-11-06,0.34938129782676697,0.3496157928752186,0.34351920114229406,0.3470364591529778,198044000
2013-11-07,0.34117430448532104,0.34914674344020113,0.34047084741220174,0.34820881931116016,553076000
2013-11-08,0.3648572266101837,0.36602964589037956,0.35031920517361087,0.35172611949091814,734532000
2013-11-11,0.3679056167602539,0.3688435412440772,0.3627469761938504,0.363450405580374,297624000
2013-11-12,0.3686089813709259,0.37165727710554347,0.3643882663501232,0.36954690561880177,316032000
2013-11-13,0.3786919116973877,0.3786919116973877,0.3669677151552073,0.3676711445855866,332792000
2013-11-14,0.38033318519592285,0.3826780238358834,0.37728488937343785,0.37751938441850647,307980000
2013-11-15,0.3791608512401581,0.3822091477489361,0.37540909739047934,0.3817401855058982,450332000
2013-11-18,0.370015949010849,0.37423666495866476,0.36907802455697303,0.37095390141741186,316948000
2013-11-19,0.3640042543411255,0.37154837100486676,0.3635327523191552,0.36824782874700257,206716000
2013-11-20,0.3585818409919739,0.36518295232616216,0.3578745740447275,0.36423992036181135,204776000
2013-11-21,0.3614109456539154,0.3621182127283193,0.3574031363710559,0.3590534074752837,213568000
2013-11-22,0.35787466168403625,0.361882471227809,0.3571673945635884,0.361882471227809,158668000
2013-11-25,0.36565452814102173,0.36612603016643613,0.35787464635743016,0.35787464635743016,248208000
2013-11-26,0.3687193691730499,0.3727271789333403,0.3673048348557355,0.36966237331520935,753176000
2013-11-27,0.3701338768005371,0.37131264594527463,0.3661260392251709,0.368483577514646,181272000
2013-11-29,0.3677763044834137,0.3710768748979622,0.3654187662319102,0.37013387083898996,116964000
2013-12-02,0.37131255865097046,0.3739058332972791,0.36565445122398793,0.36636171816536905,373872000
2013-12-03,0.37107688188552856,0.37626346051568754,0.3687193435896315,0.37131264695674765,290560000
2013-12-04,0.37626343965530396,0.37697070672567623,0.36919082515972473,0.37013385728824505,493176000
2013-12-05,0.3701338768005371,0.3769707265983855,0.3696623466593835,0.3769707265983855,271812000
2013-12-06,0.3647115230560303,0.3746131779779462,0.363768490903803,0.3746131779779462,281000000
2013-12-09,0.3585818409919739,0.3658902192734086,0.3578745740447275,0.3647114503960202,385220000
2013-12-10,0.36683323979377747,0.36848351067625645,0.35811035532575863,0.35858185727731434,524268000
2013-12-11,0.36329707503318787,0.36801215260025605,0.3625898077773118,0.36754065046436507,414156000
2013-12-12,0.35622426867485046,0.36400414813159115,0.35551700179622603,0.36211811248994735,258724000
2013-12-13,0.3541025221347809,0.3595248648938474,0.3536310201783552,0.3569315900814719,184588000
2013-12-16,0.3545740246772766,0.35763882955521203,0.3541025227200716,0.3543382877507083,237620000
2013-12-17,0.35622426867485046,0.3571672724436403,0.35127342862854344,0.35433823303320666,274104000
2013-12-18,0.36117514967918396,0.36188241669304844,0.35245226478570735,0.3569316038041361,426232000
2013-12-19,0.3625897467136383,0.36306124877012375,0.35834617199712077,0.36070371038362226,258544000
2013-12-20,0.3698981702327728,0.3701339353406381,0.36235402403001765,0.3632970563574009,382080000
2013-12-23,0.37201988697052,0.37508469238430725,0.3689551096608062,0.37201988697052,168568000
2013-12-24,0.37296295166015625,0.37414172091403736,0.36919087880610635,0.37414172091403736,79600000
2013-12-26,0.36942651867866516,0.37555612796280097,0.3684834867327624,0.37437735910847225,168920000
2013-12-27,0.3715483844280243,0.37225565153856777,0.3691908461289284,0.37131264746055875,210976000
2013-12-30,0.37649908661842346,0.37673485160262,0.37131250990266673,0.3717840117669968,248180000
2013-12-31,0.37767791748046875,0.3795639533522106,0.37484887772488973,0.37720641553855017,235776000
2014-01-02,0.37390589714050293,0.3767349653890818,0.37060535498925623,0.37532043126479236,260092000
2014-01-03,0.36942651867866516,0.3753203629503087,0.36824774982433645,0.3746130960168982,259332000
2014-01-06,0.37437736988067627,0.3772064095916537,0.36966226622362436,0.37319857288836294,409492000
2014-01-07,0.3805069625377655,0.38192149648729795,0.37555614992253794,0.3781494246912568,333288000
2014-01-08,0.3856934607028961,0.38757949607484987,0.38050685640400816,0.3819213899589885,308192000
2014-01-09,0.37131255865097046,0.3805069445767254,0.3701337897833574,0.3797996776353443,292172000
2014-01-10,0.3708411455154419,0.37508472039730145,0.36754060288737084,0.3724914449335529,218492000
2014-01-13,0.3621182441711426,0.3731986689520133,0.3614109770353265,0.37084113056867596,243332000
2014-01-14,0.3734343647956848,0.37414163180037063,0.3623539139651016,0.3640042130107249,241828000
2014-01-15,0.37744221091270447,0.3788567450615995,0.3734344016295978,0.37508467273392737,175044000
2014-01-16,0.3786209523677826,0.379328219390609,0.3757919123805469,0.3774421833644286,220652000
2014-01-17,0.37697067856788635,0.3831002885811664,0.37461314057878936,0.3786209495394403,340400000
2014-01-21,0.37838515639305115,0.3807426940319309,0.3743773480277687,0.3774421244750599,246076000
2014-01-22,0.3779136538505554,0.3795639245741829,0.3734343154817774,0.37909242266801296,337940000
2014-01-23,0.37649908661842346,0.38074265960552006,0.37367004732838005,0.37673485160262,185028000
2014-01-24,0.36683323979377747,0.37484888538649686,0.36683323979377747,0.3734343514277616,246696000
2014-01-27,0.3644757568836212,0.3720198735581366,0.3623539556256163,0.3668332951009118,233812000
2014-01-28,0.368012011051178,0.36824777608048037,0.36235390328453615,0.3637684372522137,167996000
2014-01-29,0.3644757568836212,0.3687193312955587,0.3642399918202632,0.3665975300375538,162944000
2014-01-30,0.3706052303314209,0.37131249715566733,0.36541862568965516,0.3665973943620452,202896000
2014-01-31,0.3701338768005371,0.3722556500194354,0.3651830351510102,0.3654187721175137,335348000
2014-02-03,0.3651829957962036,0.37319861387496756,0.3637684617333299,0.3727271118886997,431728000
2014-02-04,0.3673047125339508,0.3680119794570702,0.3630611390993005,0.3649471748595969,280692000
2014-02-05,0.3640042543411255,0.3658902905330789,0.3611751860011592,0.36471152142611707,214676000
2014-02-06,0.3687193691730499,0.36966237331520935,0.36400429225410236,0.364475794325182,168380000
2014-02-07,0.3741415739059448,0.37461307580141906,0.3663616942663926,0.36966223563877726,157248000
2014-02-10,0.37532031536102295,0.38027115516308113,0.3734342798124264,0.3736700447950245,324372000
2014-02-11,0.383100301027298,0.3840433050119451,0.37555618483790887,0.3774421928072032,235384000
2014-02-12,0.3967740833759308,0.3996031519369241,0.3842791242451255,0.3842791242451255,744528000
2014-02-13,0.40926888585090637,0.41162645145068705,0.3996029989809054,0.40667561146805603,902836000
2014-02-14,0.4222354590892792,0.42317846304450374,0.4052611630626797,0.40549692810352067,817536000
2014-02-18,0.4219997227191925,0.42388575886184904,0.4184634154907384,0.42247125283291037,428988000
2014-02-19,0.4276577830314636,0.43142985489238156,0.4201136393096278,0.42199967524008675,450340000
2014-02-20,0.44274598360061646,0.4436889873886366,0.4278934912628778,0.42860073005186056,398088000
2014-02-21,0.439445436000824,0.4476968460248746,0.4366163963919283,0.442038738703017,451052000
2014-02-24,0.44581082463264465,0.4491113662654865,0.43449463772793884,0.4385024463118373,403112000
2014-02-25,0.44379788637161255,0.44711335936077595,0.4390615205850651,0.44521880739996356,242184000
2014-02-26,0.4430873990058899,0.4494814863766531,0.44166647815418103,0.4428505694536173,360884000
2014-02-27,0.4381142854690552,0.44758701762050435,0.436930193950124,0.4430874811409535,388848000
2014-02-28,0.4352724254131317,0.44000879098769596,0.42887830930269744,0.435746056324395,321692000
2014-03-03,0.4331410527229309,0.4331410527229309,0.4217737694679681,0.42556287329661113,375948000
2014-03-04,0.43764060735702515,0.44048242105009405,0.4345619640932982,0.4352724245743068,260344000
2014-03-05,0.44142967462539673,0.4416665041916311,0.43527241644391895,0.4371669400499336,241472000
2014-03-06,0.4352724254131317,0.4445083269911457,0.43456196493075394,0.44214014420386355,290144000
2014-03-07,0.4347987174987793,0.4378773604231025,0.4314832732608697,0.4371669000204183,268452000
2014-03-10,0.4284047782421112,0.435272526864513,0.4265102259245186,0.4333779745469204,300888000
2014-03-11,0.43266746401786804,0.43645656821621753,0.4291151894185287,0.43053608231968304,297220000
2014-03-12,0.4338514506816864,0.43645646271724703,0.4288782561523297,0.43053597825179457,239428000
2014-03-13,0.42011603713035583,0.4364565152426217,0.41798465569086085,0.43479876471269263,385172000
2014-03-14,0.4220106899738312,0.42579979487238373,0.4158534298024011,0.4158534298024011,460048000
2014-03-17,0.4220106899738312,0.4262734259269592,0.4215370589192557,0.4231947817257571,299656000
2014-03-18,0.431956946849823,0.43479876051072025,0.4217737553532229,0.4236683072041429,293904000
2014-03-19,0.4395352602005005,0.4478239306074478,0.4340884325529517,0.43527255252335045,366168000
2014-03-20,0.4397720396518707,0.44356114407798874,0.435272502847955,0.43716702683004327,191800000
2014-03-21,0.4390614330768585,0.44711327024777836,0.4366932506555812,0.4435609966158623,566116000
2014-03-24,0.4369301497936249,0.4428506067899547,0.43053603365281606,0.4392983325921568,306096000
2014-03-25,0.4369301497936249,0.44214014630420195,0.4336146769371007,0.44166651539068874,304424000
2014-03-26,0.4269837737083435,0.44924470969622465,0.42319466981182047,0.44095606962467637,557756000
2014-03-27,0.42130017280578613,0.42958881340285054,0.4165637785193522,0.42603653886125153,540728000
2014-03-28,0.4239051043987274,0.42651011669715666,0.4194055684988569,0.4205896598652402,398820000
2014-03-31,0.4241419732570648,0.42840470821713905,0.42177379030490886,0.42461560420130245,273404000
2014-04-01,0.44166654348373413,0.446876540325703,0.4324306130434112,0.4376406381163476,656272000
2014-04-02,0.43882474303245544,0.44261381892860063,0.4369301909688986,0.44166655701230645,239948000
2014-04-03,0.4435611069202423,0.4542179304661198,0.4395351732181361,0.439772002811543,599548000
2014-04-04,0.4298255741596222,0.44853423402102033,0.42793102239466285,0.44592922181533073,368032000
2014-04-07,0.43124645948410034,0.4395350986128966,0.42769418557175914,0.4300623681799866,428576000
2014-04-08,0.4466397762298584,0.4478238678032224,0.43053609695494327,0.43124655754515573,470692000
2014-04-09,0.4461659789085388,0.45256009401023223,0.44261370528802524,0.4487709908559666,421968000
2014-04-10,0.4352724254131317,0.450428783959351,0.43385150444837617,0.44427152565099687,372748000
2014-04-11,0.4291151463985443,0.4385878777137815,0.42343149067082225,0.4319569601469222,353112000
2014-04-14,0.4338514506816864,0.43550917278115125,0.42911508569409423,0.4319568990404571,290184000
2014-04-15,0.4369301497936249,0.4392983325921568,0.43006240273930285,0.43432513742285345,304636000
2014-04-16,0.4378774166107178,0.43953513894238844,0.432430590465829,0.43906150802347765,235136000
2014-04-17,0.4395352602005005,0.44356119469932387,0.43527255252335045,0.4362198146225007,153532000
2014-04-21,0.4430873990058899,0.4442714903053262,0.4369301129564359,0.4397719264288903,117004000
2014-04-22,0.44687649607658386,0.4497183379189602,0.441429670186649,0.4437978529013194,255120000
2014-04-23,0.45208650827407837,0.4532705995990418,0.446876483859468,0.4475869443006389,261580000
2014-04-24,0.45611250400543213,0.4608488702489264,0.4551652420491211,0.4551652420491211,391492000
2014-04-25,0.4435611069202423,0.4594279556733235,0.4426138167775833,0.45516522060877884,313600000
2014-04-28,0.44166654348373413,0.44948155286217123,0.4362197170544618,0.44711336991300654,226788000
2014-04-29,0.44261375069618225,0.4442715011405944,0.43764058405583817,0.443324211139364,171300000
2014-04-30,0.4374037981033325,0.44237699347042714,0.43645653623863206,0.44190336253807694,305740000
2014-05-01,0.4397720396518707,0.44498203706455497,0.43621976483899916,0.4440347750735108,198104000
2014-05-02,0.436456561088562,0.4419033876981254,0.4338515484658674,0.4419033876981254,156376000
2014-05-05,0.4411929249763489,0.44450836990624754,0.43550926879956325,0.4359828997565533,239260000
2014-05-06,0.43219396471977234,0.44924488234501125,0.43100987282592274,0.44545580522327904,416188000
2014-05-07,0.43266746401786804,0.4362197386172073,0.4279310978854156,0.4321938330508166,293900000
2014-05-08,0.4381142854690552,0.44498200498646834,0.428878354682811,0.43100973635546824,432728000
2014-05-09,0.427457332611084,0.4288782533905966,0.4194055234764112,0.4248523488232602,539532000
2014-05-12,0.4400087893009186,0.4409560511198138,0.42816784717893464,0.42840467674914123,299856000
2014-05-13,0.4329042136669159,0.4411928816394308,0.4314833209355154,0.43408830505856577,221104000
2014-05-14,0.4286414384841919,0.43479872443100714,0.42840463716683,0.4331410022856224,214320000
2014-05-15,0.4262732267379761,0.43006232986595627,0.4220104927767387,0.42769414746870893,325896000
2014-05-16,0.42532604932785034,0.42840469270033826,0.4229578664614699,0.4229578664614699,283960000
2014-05-19,0.4390614330768585,0.44142961549813586,0.4279309813430472,0.4298255329262613,360076000
2014-05-20,0.43394649028778076,0.44037002850695606,0.43180532033505364,0.4391804833418868,256200000
2014-05-21,0.43394649028778076,0.4394184037192982,0.4313294795802308,0.435611847846679,216712000
2014-05-22,0.435849666595459,0.4382287563708566,0.4329947645371793,0.4329947645371793,130364000
2014-05-23,0.4398941695690155,0.4420353676561817,0.4356118017556741,0.43822881218632465,182656000
2014-05-27,0.4477452039718628,0.4477452039718628,0.44108374561187635,0.4425112111036566,209680000
2014-05-28,0.45155176520347595,0.4544066678607802,0.445128227134293,0.449410595300746,224676000
2014-05-29,0.4508380591869354,0.4551204276073646,0.44988643436506,0.4513138715978732,171884000
2014-05-30,0.45202746987342834,0.45321701472726683,0.44845883531191283,0.4508379250195898,239128000
2014-06-02,0.45060011744499207,0.4563099224682429,0.446793561855497,0.4534550199566175,181500000
2014-06-03,0.44869688153266907,0.45202759671363024,0.4427491272335337,0.45155178431077786,243212000
2014-06-04,0.4491727352142334,0.4525034507012854,0.4472694570669193,0.4475073774707074,161236000
2014-06-05,0.4510759711265564,0.4525034083326409,0.44726941518834223,0.44988642594098877,188696000
2014-06-06,0.4527412950992584,0.45678574275769945,0.4515517500020115,0.4532171074659587,161052000
2014-06-09,0.4532170593738556,0.4574994269417292,0.4491726121445819,0.45226543474143444,247456000
2014-06-10,0.45559626817703247,0.4577374667000841,0.4496485417702168,0.45155181989259713,217608000
2014-06-11,0.46154382824897766,0.46273337302854783,0.4539307189709409,0.4539307189709409,266228000
2014-06-12,0.4643988311290741,0.4665400008539548,0.4574994528892536,0.4615439287089029,337148000
2014-06-13,0.4648747444152832,0.46939503355966583,0.4603544552709005,0.46915711315590997,227852000
2014-06-16,0.46344712376594543,0.46653994617573336,0.45940267678129393,0.4627334195152915,198620000
2014-06-17,0.46654012799263,0.4684434062450776,0.46154405448607855,0.46392314521138833,157608000
2014-06-18,0.46606412529945374,0.4682053230949191,0.46106802547102155,0.4653503927009653,215536000
2014-06-19,0.4553583860397339,0.45987864686281427,0.45202764216288766,0.4574995562483515,474592000
2014-06-20,0.4503622353076935,0.45821323915172496,0.44679359977504224,0.4565478815753532,353148000
2014-06-23,0.44512808322906494,0.4453659751630196,0.43918033110445304,0.4444143507052328,414200000
2014-06-24,0.43822890520095825,0.4479831879372063,0.4363256270620566,0.4444145520621395,275780000
2014-06-25,0.4427490234375,0.44298694376364645,0.43537386201980055,0.4394183090373761,215420000
2014-06-26,0.4368014335632324,0.4429870803402492,0.4353739962492261,0.44274915994074987,256908000
2014-06-27,0.4372771680355072,0.43989414998868115,0.4337085047157434,0.43632551502990696,302820000
2014-06-30,0.44108378887176514,0.44227333411125064,0.43561187509793264,0.43561187509793264,180512000
2014-07-01,0.44607993960380554,0.4486969507647795,0.43918055943441914,0.4406080252242229,321180000
2014-07-02,0.4444144368171692,0.4463177144625154,0.44179742650969445,0.4444144368171692,179284000
2014-07-03,0.4484589099884033,0.4496484550403225,0.4403699866187581,0.4403699866187581,136892000
2014-07-07,0.4448903203010559,0.44941060897692336,0.4441765875247617,0.4491726885978273,127496000
2014-07-08,0.4413217604160309,0.4456041294467314,0.4370393913853304,0.4437008511707535,221940000
2014-07-09,0.4546446204185486,0.4565478984451557,0.44179751500969716,0.44512825864650835,387668000
2014-07-10,0.4522654116153717,0.4541686891438813,0.44251113200737713,0.4460797667379623,266308000
2014-07-11,0.4532170593738556,0.45464452468347655,0.4510758897704134,0.452741247057645,191188000
2014-07-14,0.45892682671546936,0.46011637151662044,0.4534549149579772,0.4551202720073917,272636000
2014-07-15,0.4608302414417267,0.4620197865974779,0.4565478732088235,0.4596406962859754,395440000
2014-07-16,0.46035435795783997,0.4663021115454844,0.4577373758747071,0.46273347640949236,319728000
2014-07-17,0.45916488766670227,0.4639230969836748,0.4551204395263211,0.4551204395263211,324832000
2014-07-18,0.43870463967323303,0.45321710099689655,0.437990906952874,0.44964846575609324,567816000
2014-07-21,0.4413217604160309,0.44441458406937007,0.4370393913853304,0.4370393913853304,243364000
2014-07-22,0.43941837549209595,0.447031458387294,0.43846675076556824,0.4446523682099826,298816000
2014-07-23,0.43013983964920044,0.4398941191981587,0.42966402736019976,0.43965622723415215,297352000
2014-07-24,0.43085363507270813,0.43370853758388533,0.4277608122018529,0.4325189925074788,254576000
2014-07-25,0.4232405424118042,0.43037781270423814,0.42252680971036255,0.42942615964865233,266132000
2014-07-28,0.4215750992298126,0.4251437338899271,0.41443782990958367,0.4251437338899271,330352000
2014-07-29,0.4230026304721832,0.4287124638363071,0.4215751650409043,0.42181308539978135,217972000
2014-07-30,0.43013983964920044,0.43132938455219594,0.42443003545921704,0.42561958036221254,246184000
2014-07-31,0.41634127497673035,0.428236728631666,0.41562754208523445,0.4249060129526835,401880000
2014-08-01,0.4208614230155945,0.4232405129474495,0.41491366982496786,0.4163411351284765,219884000
2014-08-04,0.419909805059433,0.4239542526088179,0.4177686352865208,0.42038561741330327,241724000
2014-08-05,0.4201476275920868,0.42633327183514524,0.41515152813723305,0.4187201625018472,298136000
2014-08-06,0.4196719527244568,0.4249059458336563,0.4142000392353415,0.4172928340082816,223456000
2014-08-07,0.4153895676136017,0.42704709853813333,0.41253463661404915,0.42324057114038505,407696000
2014-08-08,0.45202746987342834,0.4544065595811053,0.43347056448135035,0.43347056448135035,894348000
2014-08-11,0.4496484398841858,0.45440661993148035,0.4484588948723622,0.4525033422403645,344624000
2014-08-12,0.4496484398841858,0.45202752990783307,0.4446523394901305,0.4494105478984152,296152000
2014-08-13,0.4522654116153717,0.45607196667239097,0.44750723197459147,0.45036213408686204,256596000
2014-08-14,0.4472694396972656,0.4539308987736697,0.44536616162386505,0.4539308987736697,255992000
2014-08-15,0.45297926664352417,0.455596249136555,0.4444145296312521,0.44869689813738817,369796000
2014-08-18,0.45916488766670227,0.4596407284510965,0.4503622585703442,0.454882519134124,284076000
2014-08-19,0.4628688395023346,0.46525845431604823,0.4576116641230001,0.4592844172817641,248260000
2014-08-20,0.460001140832901,0.4633466176595779,0.45880633378475505,0.46119594788104695,221468000
2014-08-21,0.4556998908519745,0.46119600970752767,0.4549830293161443,0.45880639529089157,272796000
2014-08-22,0.4559389054775238,0.45976230028915704,0.45235448352403773,0.4552220153895359,251224000
2014-08-25,0.4566558003425598,0.4609571124290296,0.45569993738642556,0.4578506076728873,153380000
2014-08-26,0.4647804796695709,0.4657363140824684,0.4561778560076851,0.45785058047348176,269636000
2014-08-27,0.45952335000038147,0.4654973868829383,0.4588064598771837,0.4619129647534042,182972000
2014-08-28,0.46334657073020935,0.4643024048773371,0.4571335633145468,0.4585673430216825,179704000
2014-08-29,0.4647804796695709,0.4657363140824684,0.4600012221457272,0.46501942402956925,207932000
2014-09-02,0.46597525477409363,0.46597525477409363,0.4616739432399646,0.46597525477409363,192636000
2014-09-03,0.4702765643596649,0.4719492887031037,0.4652583628428986,0.46836486718725634,259456000
2014-09-04,0.4786401689052582,0.4815077286335562,0.4693206567611843,0.46955962956735825,491832000
2014-09-05,0.47720643877983093,0.48031294315164325,0.4740999344080187,0.4781622731312577,253792000
2014-09-08,0.47290512919425964,0.47768435794419023,0.47099343199699734,0.47672852358878426,319288000
2014-09-09,0.4669310748577118,0.473860973363913,0.4664531576988409,0.4707544691015779,198588000
2014-09-10,0.46860378980636597,0.4702765425587097,0.4643024784894582,0.46955965259148363,172376000
2014-09-11,0.4638245701789856,0.4669310744385318,0.4588063687992225,0.46525835014076056,250720000
2014-09-12,0.45689457654953003,0.4666920044466999,0.4564166594905946,0.4666920044466999,262536000
2014-09-15,0.4506816864013672,0.4590453362793374,0.44876998930339845,0.45832844630679304,294152000
2014-09-16,0.45737260580062866,0.45976222001908235,0.44805309325679027,0.44948687318244185,219936000
2014-09-17,0.4576115310192108,0.46191284213007994,0.4540271098412278,0.456177779639886,173584000
2014-09-18,0.46454158425331116,0.46501950153941957,0.45904546424692233,0.46047924459170436,219604000
2014-09-19,0.4559389054775238,0.46645322696628844,0.4552220153895359,0.46597530973644763,601316000
2014-09-22,0.4513986110687256,0.4652583804862091,0.4509206653926615,0.4652583804862091,221464000
2014-09-23,0.4494869112968445,0.45450508448924587,0.44733624122600024,0.44900896562346737,196144000
2014-09-24,0.4521154761314392,0.45354925619789693,0.44877002729163945,0.44924794448497496,159592000
2014-09-25,0.4423179626464844,0.45283228136311326,0.44136212843881173,0.4516374743602995,298440000
2014-09-26,0.44327399134635925,0.44661944081252763,0.4418402110114547,0.4437519086291752,241188000
2014-09-29,0.4425569474697113,0.4456634514587468,0.4353881052579894,0.43968941628231184,208540000
2014-09-30,0.4408842921257019,0.44399079659956453,0.43562711756080297,0.4406453192867697,277204000
2014-10-01,0.4365829825401306,0.44470766029277625,0.4353881753125974,0.44160118429035083,350976000
2014-10-02,0.4346712529659271,0.4380167015597437,0.42463485021157904,0.4358660601046401,288996000
2014-10-03,0.43562716245651245,0.4432739522530063,0.43562716245651245,0.4372999155285293,239140000
2014-10-06,0.43299853801727295,0.44088427100031785,0.43013097803329314,0.43729984950679285,199032000
2014-10-07,0.42845821380615234,0.4353881118069216,0.4279802966821383,0.43108680071790056,301896000
2014-10-08,0.4363439977169037,0.4384946677592714,0.4246348701167701,0.4279803473538585,260172000
2014-10-09,0.42798033356666565,0.4349102321646728,0.42439591209797395,0.43443228651302085,306956000
2014-10-10,0.4026503562927246,0.42606860924497975,0.402411411968588,0.4246348293543689,691376000
2014-10-13,0.401216596364975,0.41340363971691774,0.400738679240407,0.40527893465347353,397628000
2014-10-14,0.41053611040115356,0.42176729106998706,0.4043231022934002,0.4067127164138519,376620000
2014-10-15,0.41674908995628357,0.41889975975621696,0.4019334881091251,0.4045620465493362,404428000
2014-10-16,0.4169881045818329,0.42176733330127736,0.40838548149225273,0.4093413443280118,351116000
2014-10-17,0.41627129912376404,0.4267856215339324,0.4145985744295083,0.4220063918437984,290716000
2014-10-20,0.41985565423965454,0.4236790487748304,0.4134037008871902,0.4162712325453464,200336000
2014-10-21,0.4377777576446533,0.438255674803308,0.42176731918135163,0.422962126321213,351092000
2014-10-22,0.42750245332717896,0.43849469150853954,0.42750245332717896,0.43706091140263964,239512000
2014-10-23,0.4370608925819397,0.44016739701998264,0.4318037465641098,0.43491025100215275,214476000
2014-10-24,0.4416011869907379,0.4442297458155139,0.43706090240647694,0.43968948971770444,210156000
2014-10-27,0.4418400228023529,0.44351274682291253,0.4365828779578323,0.4413621057231137,145092000
2014-10-28,0.45235446095466614,0.45283237816066213,0.44016741552628164,0.4406453327322777,192580000
2014-10-29,0.4494869112968445,0.4530713329284673,0.44542454399184456,0.45044274567069686,168340000
2014-10-30,0.4466193914413452,0.4502038133959128,0.4408843277086184,0.4482921444759729,170260000
2014-10-31,0.4669310748577118,0.4671700476803719,0.4545050578083716,0.45689467208917556,256316000
2014-11-03,0.47481676936149597,0.47935705322046884,0.4724271552735462,0.4776843005697464,308732000
2014-11-04,0.48102983832359314,0.4827025626997763,0.470037600731903,0.4779233339184241,360196000
2014-11-05,0.48102983832359314,0.48413634272876216,0.477445416737579,0.48389739838156487,335652000
2014-11-06,0.4831804931163788,0.4838973831082444,0.4745778417004408,0.481985657472303,394088000
2014-11-07,0.47290512919425964,0.49441168705539773,0.468125900444329,0.4886766239500612,450800000
2014-11-10,0.4784012734889984,0.48150777785457827,0.4712324019218794,0.4724272091019908,293388000
2014-11-11,0.4726662039756775,0.47816229447134373,0.4686038365846873,0.4755337356443841,212992000
2014-11-12,0.4695596694946289,0.47218822815381545,0.4631076880437853,0.47099342099424435,204584000
2014-11-13,0.4671700894832611,0.47194931847251975,0.4633466948972735,0.4712324284268406,225328000
2014-11-14,0.47290512919425964,0.47290512919425964,0.4631076988623217,0.46764798326662604,160248000
2014-11-17,0.4707545340061188,0.47577273608226356,0.4676480293154792,0.4707545340061188,158732000
2014-11-18,0.4819857180118561,0.4831805538060086,0.46979867207874204,0.4709934793864413,207772000
2014-11-19,0.480185866355896,0.48378548586101255,0.4751464562627439,0.4823456380589659,240300000
2014-11-20,0.4881049394607544,0.48858490776739116,0.4753863800819547,0.47682622778785794,220968000
2014-11-21,0.4907447397708893,0.4931444671716314,0.4866652089110291,0.49242454323000734,198976000
2014-11-24,0.4938644468784332,0.4960241617331574,0.49002487116089355,0.491944630412653,136004000
2014-11-25,0.4936242401599884,0.49722385886059034,0.4919444371710402,0.492904316419868,190240000
2014-11-26,0.5020232796669006,0.5025032478670963,0.4905045577881556,0.4907445704952507,219264000
2014-11-28,0.5032232999801636,0.5061029958156379,0.4991437690225854,0.5037032683574145,124832000
2014-12-01,0.4938644468784332,0.5039432687712014,0.49314452285551824,0.5010636298935622,190060000
2014-12-02,0.4945842921733856,0.49674400668432633,0.4888249009068461,0.4933843999215194,245952000
2014-12-03,0.5073029398918152,0.507542895497906,0.49554425698304255,0.49698410504763046,284424000
2014-12-04,0.5027434229850769,0.5085027578334338,0.49938381575803703,0.506582998621988,185332000
2014-12-05,0.5056231617927551,0.5082628452353192,0.5027434655179402,0.5029834211361667,165680000
2014-12-08,0.4991438090801239,0.5099426121157679,0.49506427779515316,0.5049032012132781,226944000
2014-12-09,0.4974641799926758,0.4986640728460996,0.4885851902906929,0.4960243314541834,239448000
2014-12-10,0.48642510175704956,0.4979438253744442,0.4859451906984101,0.49602400949787684,204364000
2014-12-11,0.4861851632595062,0.4926644204901422,0.4852252838945981,0.4893048141059613,135652000
2014-12-12,0.4710668921470642,0.484025407016303,0.47058692384249695,0.47970589252422224,323964000
2014-12-15,0.4696270227432251,0.4852252767456889,0.46818717511007396,0.47658621955378405,254696000
2014-12-16,0.46434763073921204,0.47658625059717735,0.46410767518939167,0.46914711362667244,185308000
2014-12-17,0.4833054542541504,0.48402537806093043,0.45834827679678547,0.4737065464490874,345596000
2014-12-18,0.4852254092693329,0.4950642754263604,0.48066590959040895,0.4893049405347838,226156000
2014-12-19,0.4900246858596802,0.4919444443854893,0.4840253403420282,0.4885848383583238,325528000
2014-12-22,0.49866390228271484,0.49866390228271484,0.48786509915169285,0.48954490280069257,148976000
2014-12-23,0.4955441355705261,0.5049030884833032,0.4950641672619193,0.502503361368284,109280000
2014-12-24,0.4936242401599884,0.4974638143692977,0.4931443291425736,0.49674389062917734,45644000
2014-12-26,0.4941042959690094,0.4967439786746564,0.4924244926823242,0.49362432765252434,52636000
2014-12-29,0.49338430166244507,0.49674390775617566,0.49026465108569517,0.4926643778975027,82944000
2014-12-30,0.48882487416267395,0.4924244935073218,0.48810495029374434,0.49002476634889275,112120000
2014-12-31,0.4811457693576813,0.49218452544875035,0.4797058930494067,0.48954478559175096,166300000
2015-01-02,0.48306548595428467,0.4866651048930358,0.4753863370276169,0.48306548595428467,113680000
2015-01-05,0.47490641474723816,0.48450535125677696,0.4727466719119682,0.4830655036285956,197952000
2015-01-06,0.4605081081390381,0.47610633535192703,0.4600281684077349,0.47562639562062387,197764000
2015-01-07,0.45930811762809753,0.4679471448331336,0.45786827022492566,0.46386758672647915,321808000
2015-01-08,0.4765862226486206,0.479465917933623,0.4643476035083675,0.46458758765111846,283780000
2015-01-09,0.47850605845451355,0.48210567792549996,0.471786816453681,0.47826610289445126,209540000
2015-01-12,0.4725066125392914,0.4799457764220975,0.46818709894950067,0.4797057923199434,190732000
2015-01-13,0.4717867970466614,0.48570522020291995,0.4684271904879456,0.476106311627156,236720000
2015-01-14,0.47370651364326477,0.4751463611571105,0.4655474540168052,0.46674731740934333,155260000
2015-01-15,0.47034698724746704,0.47994589601349547,0.47010700308551445,0.4770662291050879,188932000
2015-01-16,0.4789859652519226,0.47946590491739316,0.4681871654403272,0.4696270130437403,181512000
2015-01-20,0.4804258644580841,0.48498530607328644,0.47442651787080464,0.4823456233261683,140308000
2015-01-21,0.4871451258659363,0.48834501818760834,0.4744265647690903,0.4777862003343556,144780000
2015-01-22,0.4955441355705261,0.4969839832823391,0.48306553168682337,0.48810494146416145,159712000
2015-01-23,0.49698400497436523,0.4979438844194676,0.4919445377630604,0.4960240683152529,120416000
2015-01-26,0.49482423067092896,0.4972239578778797,0.491704579580492,0.49482423067092896,133240000
2015-01-27,0.4710668921470642,0.48762502626553983,0.47010698414493324,0.48714505796097257,357948000
2015-01-28,0.4633878171443939,0.47874609018750813,0.4631478329534827,0.47682630248124286,272728000
2015-01-29,0.47466644644737244,0.4773061288853726,0.4614679198293664,0.4636276912135498,235340000
2015-01-30,0.46074801683425903,0.47682621074999537,0.4600281216140342,0.4713068328839219,298200000
2015-02-02,0.47082701325416565,0.4727468010806172,0.4545088596398422,0.4636278303602297,259604000
2015-02-03,0.482585608959198,0.4830655773131386,0.47178683592165027,0.4741865632633276,183468000
2015-02-04,0.4837855398654938,0.48930491891345435,0.4797059801732998,0.48114585674308386,181516000
2015-02-05,0.49170470237731934,0.49194465799373727,0.48378559489528716,0.4842655061281231,140448000
2015-02-06,0.48954465985298157,0.4969838519941352,0.4873848888558087,0.49122446266834086,210524000
2015-02-09,0.48906487226486206,0.490504662745544,0.48354549424455984,0.4866651451783831,273944000
2015-02-10,0.5027434229850769,0.5029833785830027,0.4873851204374325,0.48954489246082367,226204000
2015-02-11,0.4993836581707001,0.5039430991625948,0.49602399478982834,0.5039430991625948,320832000
2015-02-12,0.5351398587226868,0.539939314720861,0.5248210226052092,0.5279406747254254,676904000
2015-02-13,0.5353794693946838,0.5360993930519409,0.5257805635832458,0.5339396220801698,310084000
2015-02-17,0.5370596647262573,0.5396994058035791,0.5310603728162324,0.534419980862969,203340000
2015-02-18,0.5308200716972351,0.5372993858298416,0.5298601923785534,0.5363394492971575,170948000
2015-02-19,0.5322598814964294,0.5384991824459275,0.5298601547630839,0.537539303195389,169432000
2015-02-20,0.5360994338989258,0.5363393893982972,0.5279403747803392,0.5317799488402611,157752000
2015-02-23,0.5317801833152771,0.5358597146733365,0.5291404428022812,0.5358597146733365,125008000
2015-02-24,0.5374412536621094,0.5374412536621094,0.5290098944862108,0.5338278304251034,149356000
2015-02-25,0.5333459377288818,0.5376821139155452,0.5309369701032862,0.535273088855631,123820000
2015-02-26,0.5347910523414612,0.5379227143734608,0.5304548784044052,0.5338274772779894,152864000
2015-02-27,0.5314187407493591,0.5345504041358539,0.5294915323545781,0.5333458917098265,157492000
2015-03-02,0.5444271564483643,0.5473179403399989,0.5292506558859104,0.529973351858819,301512000
2015-03-03,0.5343096256256104,0.5429819223878837,0.5326233536766032,0.5403320746729197,160344000
2015-03-04,0.5403318405151367,0.5415362953420386,0.5302141557713547,0.5323822433809449,226840000
2015-03-05,0.5506904721260071,0.5516540475923035,0.5388865147195163,0.5403319066361173,323056000
2015-03-06,0.5432226657867432,0.550208630675703,0.542740849358331,0.5475587839052117,257392000
2015-03-09,0.5446680188179016,0.54876331501359,0.5422590514621326,0.5434635638571732,222388000
2015-03-10,0.5540628433227539,0.557676321994776,0.5461132476786004,0.5470768228463746,527212000
2015-03-11,0.5511724352836609,0.5612900665242846,0.5497270429823352,0.5540631624519842,262120000
2015-03-12,0.5461134314537048,0.5499677908561447,0.5357548656871604,0.5458725519392755,406972000
2015-03-13,0.5468360781669617,0.5482814699919508,0.535995696913852,0.5434635355315264,359288000
2015-03-16,0.5533402562141418,0.5567128561148665,0.5475587466382379,0.5511722260196193,236956000
2015-03-17,0.5600854754447937,0.5603263549585076,0.5482815177581031,0.5521358771490953,299900000
2015-03-18,0.5509313941001892,0.5629762319431005,0.5458725794364616,0.5600855053213922,413844000
2015-03-19,0.5593628287315369,0.5612899798795971,0.5487633825485673,0.5528586218139346,310756000
2015-03-20,0.5653852820396423,0.568757883075402,0.5586401948367743,0.5639399472349746,462084000
2015-03-23,0.547076940536499,0.5557492337806872,0.54683606105131,0.5485223323162483,426012000
2015-03-24,0.5396093726158142,0.5492452450391507,0.5372004045099801,0.54539088458295,330480000
2015-03-25,0.5068471431732178,0.5393682251681414,0.5051608146457212,0.5393682251681414,542552000
2015-03-26,0.5051607489585876,0.5073288361254753,0.4928750365481458,0.4964885151596252,311920000
2015-03-27,0.5150375962257385,0.5169647466937056,0.499861099629026,0.5080515752693346,318288000
2015-03-30,0.5172058343887329,0.519855681413425,0.5107015704356086,0.5174467139088915,253252000
2015-03-31,0.504197359085083,0.5162421964923245,0.5037156000493824,0.515760437456624,357276000
2015-04-01,0.5061244964599609,0.5078107677167542,0.49745220325766226,0.5061244964599609,330768000
2015-04-02,0.5073288083076477,0.51046047045445,0.5029926916459242,0.5090150790891119,192204000
2015-04-06,0.5220239758491516,0.5237102480257846,0.4998614430688239,0.5051611392141451,515864000
2015-04-07,0.52660071849823,0.532382227854216,0.5191328805388733,0.5220236639340183,413964000
2015-04-08,0.5304549336433411,0.5323821414052632,0.5220235791671033,0.5270823918528459,366432000
2015-04-09,0.5427408218383789,0.5444270931008529,0.526118931264169,0.5263598107490061,379432000
2015-04-10,0.5482813715934753,0.5485222510429739,0.5412953506493281,0.543222558548213,258728000
2015-04-13,0.5432226657867432,0.550208630675703,0.5408136410789927,0.5470769674767996,236724000
2015-04-14,0.5386456847190857,0.543222740397567,0.53334593301588,0.5410546523233941,220276000
2015-04-15,0.545150101184845,0.5492453419438634,0.5374413789123749,0.5400912845003528,243560000
2015-04-16,0.5417772531509399,0.5465951875129842,0.537922894174443,0.5420181326387498,155284000
2015-04-17,0.5347910523414612,0.5400908013419888,0.5302139989971095,0.5304548784044052,293636000
2015-04-20,0.5321414470672607,0.5405728044761716,0.5311778141339726,0.5372002615126072,231624000
2015-04-21,0.5314187407493591,0.5386456430025822,0.5287688363858244,0.5386456430025822,230456000
2015-04-22,0.5374412536621094,0.5381639497963759,0.5263599895157911,0.53455052655937,207420000
2015-04-23,0.5352727174758911,0.5403315861837508,0.5215416172802582,0.5275640608829506,259380000
2015-04-24,0.5306960344314575,0.5352730322318895,0.5246735872873923,0.535032152725107,240960000
2015-04-27,0.5347910523414612,0.5441860384374603,0.5278050326212858,0.5323820859656374,248456000
2015-04-28,0.5374412536621094,0.5393684624982625,0.5287689574852374,0.5338278304251034,234484000
2015-04-29,0.5333459377288818,0.5388865690111837,0.5311778496355501,0.5335868172611459,195156000
2015-04-30,0.5347910523414612,0.5374408981245806,0.5294913033409335,0.5306958152459897,218844000
2015-05-01,0.548040509223938,0.549726780291579,0.536718313230162,0.5391272801031206,256968000
2015-05-04,0.5446680188179016,0.5511722823693591,0.5429817474122945,0.5475588026185494,200720000
2015-05-05,0.5306960344314575,0.5434635672399356,0.528287067060694,0.5427408712852754,292928000
2015-05-06,0.5323823094367981,0.5386456361298723,0.5253962867841914,0.5335867644131439,316484000
2015-05-07,0.5417772531509399,0.5434635244342246,0.5285279049381643,0.530214176221449,534564000
2015-05-08,0.501788318157196,0.5261189263625888,0.49359784140596974,0.5061244934497089,1146552000
2015-05-11,0.49697044491767883,0.502029316713407,0.4909480550732781,0.49480235700522396,544144000
2015-05-12,0.501788318157196,0.5058835565328091,0.49311602500647717,0.49335696192337686,388800000
2015-05-13,0.5046793222427368,0.5092563790181283,0.49986138587948226,0.5054020184406581,308524000
2015-05-14,0.5128695964813232,0.5155195006203052,0.504919998932995,0.506124511256952,293052000
2015-05-15,0.5131105184555054,0.517446636339924,0.5099788554256391,0.5150376691965121,215824000
2015-05-18,0.5123878717422485,0.5155195350726564,0.5094970879190066,0.511906055293604,324972000
2015-05-19,0.5091933012008667,0.5147595780018274,0.5082252079049218,0.513065443584004,253808000
2015-05-20,0.5091933012008667,0.5154856191237057,0.5087092545528942,0.5094352956747726,196824000
2015-05-21,0.5055630803108215,0.5116134035768836,0.5050790336774793,0.5094352802770822,239692000
2015-05-22,0.5048370361328125,0.5087092360754637,0.5036270061070732,0.5067731649542174,212592000
2015-05-26,0.5016908049583435,0.5058049987729792,0.4978186055739362,0.5024168459491792,259732000
2015-05-27,0.5285543203353882,0.5309744385248292,0.5033850450050672,0.505079121967659,432332000
2015-05-28,0.5358145236968994,0.537508600181423,0.5275861357148844,0.5285541711774474,327656000
2015-05-29,0.5355725288391113,0.5392026762459332,0.5348464878177164,0.5358145232795254,335168000
2015-06-01,0.5416229963302612,0.5469472799118469,0.5355727291558984,0.5389608833895555,372660000
2015-06-02,0.530974268913269,0.5411387851420904,0.5304902223499345,0.5382346211623841,224304000
2015-06-03,0.5251660346984863,0.5365405815661038,0.5241979415053727,0.5324263874459116,250788000
2015-06-04,0.5346044898033142,0.5362985662751927,0.5220198557834712,0.5220198557834712,323712000
2015-06-05,0.5387185215950012,0.5411386383549013,0.5273439208933494,0.532910195211133,313320000
2015-06-08,0.5263761878013611,0.5406549021889498,0.5203259212796068,0.537024753815931,342812000
2015-06-09,0.5290383100509644,0.5329104525767222,0.5258921509736639,0.5268601866051035,256888000
2015-06-10,0.5195998549461365,0.526134167861819,0.5166956902279819,0.5227460141574155,529460000
2015-06-11,0.5251660346984863,0.5287961822221217,0.5195997584887782,0.5195997584887782,283052000
2015-06-12,0.5108873844146729,0.5249240449824291,0.5096772966294352,0.5217778859810048,323728000
2015-06-15,0.5099194645881653,0.5123395830079879,0.504353186452556,0.5082253297641325,306548000
2015-06-16,0.5162114500999451,0.516937491007412,0.5038688700732944,0.5089510987254193,256892000
2015-06-17,0.5222617983818054,0.5251659621596985,0.514759452222444,0.5159694819964683,233544000
2015-06-18,0.530974268913269,0.5343624217561592,0.5251659986540071,0.5266180806438603,299404000
2015-06-19,0.5292803645133972,0.5353306311706502,0.5244401281075272,0.5309744414854348,355656000
2015-06-22,0.5271023511886597,0.5331526768129365,0.5191159536767157,0.5302485112812546,514236000
2015-06-23,0.5135496854782104,0.532184594157459,0.5094354893568321,0.5280703980360807,414064000
2015-06-24,0.5084671974182129,0.5154855555980254,0.5060470798769141,0.5128233859124893,253368000
2015-06-25,0.5123394727706909,0.5154856318095358,0.5084672725921002,0.5084672725921002,350460000
2015-06-26,0.5019329190254211,0.5087092839883335,0.4997548532339172,0.5082252373123526,421296000
2015-06-29,0.486928254365921,0.5012069686995232,0.48620221315402873,0.4961246802162771,391724000
2015-06-30,0.48668617010116577,0.4920104527375804,0.48329801646897647,0.4898323292453884,315916000
2015-07-01,0.49370452761650085,0.5058051174698144,0.4893483383493735,0.49878681574500716,302892000
2015-07-02,0.49418845772743225,0.4973346161172319,0.4910422993376326,0.49346241673746694,145764000
2015-07-06,0.4881381690502167,0.49685060383064605,0.4845080215501277,0.49007429772373107,214776000
2015-07-07,0.47894179821014404,0.4871702166505932,0.46369504916909254,0.4852341453470353,594252000
2015-07-08,0.4755537211894989,0.4791838987436066,0.471681520258416,0.47627976247033776,332492000
2015-07-09,0.46974533796310425,0.48523413898928236,0.46684120219573666,0.4830560155261955,357588000
2015-07-10,0.4779737591743469,0.4823299772766745,0.4745855767169446,0.4757956356981422,216708000
2015-07-13,0.48111993074417114,0.4837820432616373,0.4779737715416361,0.4828140075916646,212472000
2015-07-14,0.48136192560195923,0.4823299901227492,0.4750696360421961,0.4818459722873955,249216000
2015-07-15,0.4779737591743469,0.4832980129215998,0.4736175410720193,0.4801518538004698,265732000
2015-07-16,0.48862239718437195,0.48862239718437195,0.47918391785716047,0.4808779950132996,282848000
2015-07-17,0.4857180714607239,0.48741214805712896,0.4794257539882727,0.4869281591439598,220372000
2015-07-20,0.4767635762691498,0.48765413311925365,0.4755535176024798,0.4857180046324926,188412000
2015-07-21,0.47894179821014404,0.4857181343228427,0.4757956390667395,0.4757956390667395,149720000
2015-07-22,0.46974533796310425,0.4755536383479211,0.4639370664283691,0.4755536383479211,356472000
2015-07-23,0.4755537211894989,0.4825720529207391,0.46974541979287454,0.47071348445068856,169916000
2015-07-24,0.46998733282089233,0.4794257807054719,0.46805123280993044,0.4789417629152514,188844000
2015-07-27,0.4673251509666443,0.4726494038951581,0.46200089803813055,0.46587306887246904,192420000
2015-07-28,0.4774896800518036,0.48063580991895194,0.4636949863570474,0.4685352216604487,198308000
2015-07-29,0.4832979440689087,0.4871701437971235,0.47458550910546426,0.47652160896957163,232680000
2015-07-30,0.48450806736946106,0.489348302960751,0.4820879207237363,0.4820879207237363,190180000
2015-07-31,0.4828139841556549,0.4866861554976712,0.4799098484366224,0.48644416101696586,218340000
2015-08-03,0.4910424053668976,0.49152639433128054,0.48039386919827604,0.4866861584864748,397132000
2015-08-04,0.4929785430431366,0.4944306255322481,0.48741226530165604,0.4893483945205282,260100000
2015-08-05,0.4980608820915222,0.5055632321099292,0.4970927885341606,0.5050791853312483,234628000
2015-08-06,0.49491462111473083,0.5004808982809609,0.4866861737601967,0.496850692433348,655676000
2015-08-07,0.5561437010765076,0.5655821214083401,0.5295223439041733,0.5435590637005072,1405248000
2015-08-10,0.5755046010017395,0.5796187957365015,0.5488832459177163,0.552271457199429,662304000
2015-08-11,0.5726004242897034,0.5781667012132736,0.5670341473661331,0.5670341473661331,435008000
2015-08-12,0.5740523338317871,0.5781665272416451,0.5634038298474405,0.5634038298474405,384048000
2015-08-13,0.5692123174667358,0.5759886827426117,0.5677602350718934,0.5747785948468541,276884000
2015-08-14,0.5696961879730225,0.5730843407130105,0.5653399421357674,0.5687280948757555,214652000
2015-08-17,0.5660662055015564,0.5687283183145445,0.5590478451398552,0.5687283183145445,273880000
2015-08-18,0.5609139204025269,0.5682048220162662,0.5565393446685221,0.5643163295670182,287084000
2015-08-19,0.5587267279624939,0.5665037141892497,0.5526509466085386,0.5601849201228788,249248000
2015-08-20,0.5385551452636719,0.5550811661428278,0.5358817740474451,0.5524078528695376,426932000
2015-08-21,0.5217860341072083,0.5436587386518558,0.5212999508290422,0.5346666325777941,382664000
2015-08-24,0.5033156275749207,0.5305350103990272,0.4860604572386916,0.4926222613592862,682284000
2015-08-25,0.4928654134273529,0.5273757018642771,0.4928654134273529,0.5254314268021942,622684000
2015-08-26,0.5300490260124207,0.5305351092738751,0.5050169258776334,0.5089054181404714,614976000
2015-08-27,0.5499777793884277,0.5502207921655516,0.5324795846903689,0.5356389825648229,463764000
2015-08-28,0.5524078607559204,0.555810270051034,0.5460890675261737,0.5499775601247053,320944000
2015-08-31,0.5463321805000305,0.5536231416750607,0.5441449500904697,0.549734648362694,219352000
2015-09-01,0.5239732265472412,0.5395271950215176,0.5200847923716025,0.5305350895902249,353408000
2015-09-02,0.5397703051567078,0.5400133178508417,0.5293200060507144,0.538312113106022,344044000
2015-09-03,0.5412286520004272,0.5504638323340993,0.5402565430029242,0.5477904601622693,262556000
2015-09-04,0.5285909175872803,0.5404994089143198,0.5283479048896698,0.5319933271255939,287972000
2015-09-08,0.5511927008628845,0.5533799888908204,0.5392842679109816,0.5414714979959779,238448000
2015-09-09,0.5402562022209167,0.5575113143570526,0.5390410232833287,0.5528937850458123,289392000
2015-09-10,0.548762321472168,0.5555671972691769,0.5346666025131794,0.537096902881483,357076000
2015-09-11,0.5504635572433472,0.554108978647946,0.5404992856553914,0.5426865732639078,301584000
2015-09-14,0.5514357686042786,0.5548381780012743,0.548519384582317,0.5531369733027764,192460000
2015-09-15,0.5575115084648132,0.56042789257608,0.5499775934346289,0.5516787981852208,327976000
2015-09-16,0.5613999962806702,0.5645593930586545,0.5524078892752302,0.5565393947673004,173508000
2015-09-17,0.5665035247802734,0.5762247253419875,0.5652883457385962,0.5711210544870395,268712000
2015-09-18,0.5660175681114197,0.5708781694788915,0.5553242566915695,0.558726666060212,326412000
2015-09-21,0.5718502402305603,0.5730654194632897,0.5638302427119383,0.5667466265161408,281840000
2015-09-22,0.5562962889671326,0.5633441773647948,0.55337990537005,0.5594556852163284,228356000
2015-09-23,0.5589694380760193,0.5623718459797222,0.5545949219059604,0.5567821510195329,161632000
2015-09-24,0.5696629285812378,0.5754956374097913,0.5468180605931028,0.5555671528073963,382440000
2015-09-25,0.5737943649291992,0.584973755989453,0.5682046693990723,0.5767106900256221,369692000
2015-09-28,0.5662603378295898,0.5774397277665824,0.5626149173396089,0.5737943072766014,395584000
2015-09-29,0.5762248635292053,0.5771969722299176,0.5643163726023961,0.5723363707834166,380736000
2015-09-30,0.5990697741508484,0.599798870278238,0.5781691730135431,0.5815715829793954,556380000
2015-10-01,0.587404191493988,0.6007708149769039,0.5703920304272955,0.5990696104588212,489296000
2015-10-02,0.6027148962020874,0.6027148962020874,0.5781688290315363,0.584244607164011,386144000
2015-10-05,0.6177830100059509,0.6253169244206238,0.6034442192019193,0.6066036157500257,482024000
2015-10-06,0.6258031129837036,0.6284764266883578,0.608791006063007,0.611221307051678,453216000
2015-10-07,0.6323649287223816,0.6386837229700829,0.6170540264848543,0.6272613139575215,310152000
2015-10-08,0.6360102295875549,0.6377114340286716,0.618998069290527,0.6296914371245899,460068000
2015-10-09,0.6335800290107727,0.6386836431377056,0.6216715381049895,0.6326078623688373,423248000
2015-10-12,0.6403847336769104,0.6440302130768921,0.6296914240085131,0.6343089539912508,227588000
2015-10-13,0.6415999531745911,0.6454883875220769,0.6330938726678664,0.635281160445527,298444000
2015-10-14,0.6649308204650879,0.6753811176974963,0.6415999256658258,0.642328963617522,612148000
2015-10-15,0.6666319966316223,0.6802416895158866,0.6593410959375087,0.6661459134081769,526048000
2015-10-16,0.677082359790802,0.683401152600343,0.6671180873053975,0.6688193497827563,448396000
2015-10-19,0.675866961479187,0.68242882276849,0.6680900372633898,0.6792694273879454,294712000
2015-10-20,0.674895167350769,0.6780545642019754,0.6678472776101593,0.6729509498775383,264824000
2015-10-21,0.6661460995674133,0.6831582638841094,0.6649309780836175,0.6790267001875484,386280000
2015-10-22,0.6902061104774475,0.6923933987258049,0.672950991032705,0.6739230998287709,306884000
2015-10-23,0.6948235630989075,0.699441151401176,0.685831457102813,0.6962817549778274,381776000
2015-10-26,0.6916640400886536,0.6970107233518433,0.6853452483984084,0.6953095191187656,247436000
2015-10-27,0.6911780834197998,0.6955526007470157,0.687775616673155,0.6882616999063698,208268000
2015-10-28,0.6967678666114807,0.6967678666114807,0.6853454017236488,0.6955526873486094,217036000
2015-10-29,0.6727075576782227,0.6926360379961518,0.6714924368240235,0.6855882095673852,327168000
2015-10-30,0.6894769668579102,0.6943376263890071,0.6748951620934439,0.6799988343210661,301160000
2015-11-02,0.6974968314170837,0.6982259273096816,0.687532617456465,0.6916641222192321,190088000
2015-11-03,0.6926363110542297,0.6972538995949904,0.6848593838698792,0.6933654070313465,376768000
2015-11-04,0.6812138557434082,0.6957956583672438,0.6780544593806171,0.6906920448317811,442264000
2015-11-05,0.6734368205070496,0.6865604882356099,0.6714926034806332,0.684616213266265,478800000
2015-11-06,0.766760528087616,0.7762387173716806,0.7247163238598637,0.7400272227253011,1172272000
2015-11-09,0.7633581161499023,0.7655454039633689,0.7526647476904662,0.7592266111308659,492568000
2015-11-10,0.7487761378288269,0.7575252290897039,0.732736146841039,0.7533936670958261,552260000
2015-11-11,0.7414853572845459,0.7546089673138243,0.7388119863949302,0.7492622834775226,619896000
2015-11-12,0.7388120889663696,0.7465890741819775,0.7356526923439626,0.7397841976325862,291080000
2015-11-13,0.7242302298545837,0.7427005248743761,0.7205847502059054,0.739541128493166,292940000
2015-11-16,0.7388120889663696,0.7392981722709469,0.7278757071283547,0.7337084750115295,344280000
2015-11-17,0.7388120889663696,0.7451308822111838,0.7356526923439626,0.7407563642417405,257048000
2015-11-18,0.7569866180419922,0.7579624762568884,0.7338110614530456,0.7418615136666719,350216000
2015-11-19,0.7591822743415833,0.7667447980709521,0.7535713508769002,0.7596702034892392,254072000
2015-11-20,0.765768826007843,0.7701600128619285,0.7601579038029268,0.7647930260945872,239744000
2015-11-23,0.7543032765388489,0.7721118485059264,0.7516198114170756,0.7721118485059264,242552000
2015-11-24,0.7604019641876221,0.7669886868842892,0.7508877833311202,0.7543031124089533,195428000
2015-11-25,0.7594262957572937,0.7679646787480282,0.7567428305489945,0.7589384247174078,138300000
2015-11-27,0.765768826007843,0.7682083548724606,0.7569865104626282,0.7608897682786077,86996000
2015-11-30,0.7738193273544312,0.7772347145171673,0.7657688757618385,0.7665007402850705,327244000
2015-12-01,0.7989464998245239,0.7996783643107047,0.7799181395097363,0.7806500039959171,409496000
2015-12-02,0.7928476333618164,0.8084606063887875,0.7911399689809724,0.8001662199209862,294240000
2015-12-03,0.7911398410797119,0.8074846759364739,0.7872365839132583,0.7991902908096016,246656000
2015-12-04,0.823341965675354,0.8248056949621261,0.7911401540182447,0.7911401540182447,458756000
2015-12-07,0.8077288269996643,0.8230978651024384,0.8052892980653026,0.8230978651024384,333588000
2015-12-08,0.818706750869751,0.822122080048738,0.792603794768975,0.7977267885374555,314488000
2015-12-09,0.797970712184906,0.823341861511237,0.789676324826511,0.8184628032812444,372676000
2015-12-10,0.8045575022697449,0.8089486314613706,0.7977267857724838,0.8004102503805349,236596000
2015-12-11,0.7926037311553955,0.802117911530086,0.7908960667029574,0.7965069891165217,227320000
2015-12-14,0.7945554256439209,0.7989466131840549,0.7850412441365956,0.7933356901025271,275892000
2015-12-15,0.804313600063324,0.8099245235455304,0.7991906057302974,0.8035817354210388,307296000
2015-12-16,0.809192419052124,0.8118759413327417,0.7989464334230633,0.8060210259299047,236356000
2015-12-17,0.7969948649406433,0.8187066902263306,0.7965069940443331,0.8104123033594707,254160000
2015-12-18,0.7840653657913208,0.7994344043214446,0.7830895658230347,0.7913839527979055,395896000
2015-12-21,0.8026058673858643,0.8033377319662343,0.7855291628908148,0.7926038150590817,284216000
2015-12-22,0.8033377528190613,0.8113882052491382,0.798458694265255,0.805045417496597,130012000
2015-12-23,0.8065088987350464,0.8096802916362758,0.8030935704300141,0.8045572991787273,122524000
2015-12-24,0.809192419052124,0.8111440769073871,0.8028496328076853,0.8040694262375936,52448000
2015-12-28,0.8084606528282166,0.8084606528282166,0.7894323499465377,0.800654194947792,142024000
2015-12-29,0.8216339945793152,0.8240735230934577,0.8067528299289819,0.8089484230405946,203660000
2015-12-30,0.8145594000816345,0.8279768369074322,0.8143154646624414,0.8209021862842679,180344000
2015-12-31,0.8040695190429688,0.8169990284449659,0.8040695190429688,0.8133397640587939,148528000
2016-01-04,0.7896762490272522,0.7947992422281112,0.781625797904213,0.7877246491877696,358076000
2016-01-05,0.8023618459701538,0.815779284289138,0.792847665607399,0.8045574394760875,490272000
2016-01-06,0.7691842913627625,0.7928477179456138,0.7601579812968342,0.7891883951941615,449344000
2016-01-07,0.7386901378631592,0.7550349768736992,0.728931963385669,0.7499119250944987,645304000
2016-01-08,0.722832977771759,0.748935926163366,0.7213692490807829,0.748204061817878,398472000
2016-01-11,0.7240527868270874,0.7291758377685369,0.7111232790083485,0.723564915988917,409372000
2016-01-12,0.7362505793571472,0.746984554252441,0.7311275855409594,0.7369824439255974,469356000
2016-01-13,0.713806688785553,0.7467403498532454,0.713074824480676,0.7418612350997518,481672000
2016-01-14,0.6994137167930603,0.7074641690040463,0.6786776894222263,0.6991697231579341,600236000
2016-01-15,0.6613568067550659,0.6794093644054733,0.6498910284815999,0.6713589144410486,841452000
2016-01-19,0.6667240262031555,0.6940467785669712,0.6640405031668909,0.6750184144755026,457140000
2016-01-20,0.6703832745552063,0.6789216562680477,0.645256116709485,0.6540384339057608,481180000
2016-01-21,0.6781896948814392,0.6886796752908366,0.6637964564792261,0.6777018239841864,481456000
2016-01-22,0.6940466165542603,0.6986817387503963,0.6896554297906718,0.691119158711868,257996000
2016-01-25,0.6933148503303528,0.7018532314718414,0.691851121201759,0.6938027794275384,270728000
2016-01-26,0.7001456022262573,0.7030730608744432,0.687704019297409,0.6947786722552111,227944000
2016-01-27,0.6918511390686035,0.7013653204872011,0.678677692896985,0.6991697267376098,231700000
2016-01-28,0.6842885613441467,0.6999015354934038,0.6708711226063901,0.6974620064649899,276776000
2016-01-29,0.7145386934280396,0.7160024224444208,0.6874599392768201,0.6901434036982135,310504000
2016-02-01,0.7147826552391052,0.7184419194543011,0.7077080040833156,0.7138068553259167,289884000
2016-02-02,0.6845327019691467,0.7111235937976815,0.6796536424499464,0.7074643282397699,341908000
2016-02-03,0.6879478693008423,0.6940467213389575,0.6720909586950774,0.6898995275447432,326772000
2016-02-04,0.6881917715072632,0.7038047445694765,0.6813610558055126,0.6889235778181718,348140000
2016-02-05,0.6447679400444031,0.6911190375542058,0.6428163406002395,0.6835565170043912,600428000
2016-02-08,0.615249752998352,0.6381813115171263,0.6062234443155188,0.6350099183394721,608852000
2016-02-09,0.6218365430831909,0.64769556219499,0.6050037754827436,0.6079312335568943,425372000
2016-02-10,0.6203728318214417,0.6437923225967989,0.616957502745714,0.6257398190568431,335800000
2016-02-11,0.6172012686729431,0.6235440541644771,0.6045156976898751,0.6045156976898751,340144000
2016-02-12,0.627691388130188,0.6289111816902608,0.6037839694519769,0.626959523626736,340816000
2016-02-16,0.6584294438362122,0.6594053019186451,0.6347660195148632,0.6367176193538163,485352000
2016-02-17,0.6747744083404541,0.681117195706885,0.6640404336451269,0.6667239564004398,771468000
2016-02-18,0.732835054397583,0.7557666690368066,0.729419726099065,0.7301515904720257,1068660000
2016-02-19,0.7425933480262756,0.7491801289754347,0.7233210505923139,0.7289319733662896,525628000
2016-02-22,0.7689401507377625,0.7774785300835466,0.751863450209145,0.7533271790299024,449668000
2016-02-23,0.7708918452262878,0.7782104315152868,0.7591820722661173,0.7628413944920935,369380000
2016-02-24,0.7762588858604431,0.7774786794998118,0.7464966073827991,0.7677205630367104,336852000
2016-02-25,0.7779663801193237,0.7818696374826883,0.7640610730197335,0.7791861734916654,349616000
2016-02-26,0.7728434205055237,0.7835773350903268,0.765036905445875,0.7816257354068905,361964000
2016-02-29,0.7678242325782776,0.7839837953842218,0.7673345842355896,0.7739453038607736,323344000
2016-03-01,0.8018571734428406,0.8018571734428406,0.7685586397557664,0.7697828771651505,348700000
2016-03-02,0.806509256362915,0.8094473799283961,0.7959810580864242,0.7974501198691647,233812000
2016-03-03,0.7994088530540466,0.8089576374702802,0.7886357727064679,0.8055298657118959,302004000
2016-03-04,0.7969604134559631,0.8062643734439691,0.7908393425988307,0.8055298426061189,175304000
2016-03-07,0.7918186783790588,0.7979397490876753,0.7815353052735202,0.7925532091990871,239968000
2016-03-08,0.777373194694519,0.7883911013387698,0.7749247774818935,0.7837390911223199,274940000
2016-03-09,0.7768834233283997,0.7854528530289675,0.7668448734829123,0.7842286738038272,222788000
2016-03-10,0.7756591439247131,0.78594251738604,0.759989288763291,0.7815353323133891,286084000
2016-03-11,0.788880467414856,0.7891253499108845,0.7778626230887794,0.7871665818169075,277400000
2016-03-14,0.7908394932746887,0.7940224413868562,0.7815354731391626,0.7852081280281517,190312000
2016-03-15,0.7869219183921814,0.7918187520648258,0.7729659482626312,0.7866770942210077,226216000
2016-03-16,0.8104267120361328,0.8131200113531553,0.7773730563601836,0.7810457107130049,363644000
2016-03-17,0.8035712242126465,0.8114061234179722,0.7925533187639326,0.8074887030027417,353680000
2016-03-18,0.8278105854988098,0.8385836085986307,0.8079783669828058,0.8131200835331817,545512000
2016-03-21,0.8302587866783142,0.8305036108016428,0.8116508106837754,0.8204651212469622,337780000
2016-03-22,0.8287899494171143,0.8346661385907537,0.8185065745820955,0.8275657700944198,242012000
2016-03-23,0.8429906964302063,0.8491117090184427,0.8287898444857462,0.8324624987385753,429008000
2016-03-24,0.8442148566246033,0.8456839182927184,0.832707304182464,0.83540054499077,244956000
2016-03-28,0.8527842164039612,0.8564568116494333,0.841766313917847,0.8427456687583162,265388000
2016-03-29,0.8664956092834473,0.8684543195294837,0.8471530975106579,0.8491118077566944,261812000
2016-03-30,0.8755545616149902,0.8875518198718286,0.8691886670960616,0.869678373741692,376700000
2016-03-31,0.8723717331886292,0.881430869555413,0.865516189465072,0.8794721594557857,379884000
2016-04-01,0.8851035237312317,0.8855932304434422,0.8603744730743972,0.8669851926275016,348292000
2016-04-04,0.8765340447425842,0.8971007928697194,0.873106272846349,0.8924487833677649,393940000
2016-04-05,0.8753098845481873,0.8833896661220982,0.8652713344374978,0.8686991647831444,339568000
2016-04-06,0.8765340447425842,0.8770237514598445,0.8478875735921212,0.8642919605596999,453376000
2016-04-07,0.8674749135971069,0.8787376427893053,0.8638023175071818,0.8709026855143337,378104000
2016-04-08,0.8731063604354858,0.8802067874863249,0.8645368714603534,0.8745754223597791,255936000
2016-04-11,0.8784926533699036,0.8929383275893622,0.875554530350742,0.8782477708684059,387524000
2016-04-12,0.8775134086608887,0.8826550662151087,0.8603744333971046,0.8814308286784703,292764000
2016-04-13,0.899549126625061,0.8997939507736484,0.881430797007889,0.881430797007889,350716000
2016-04-14,0.9019977450370789,0.9059152241652081,0.8934282557958668,0.8971009107206347,416564000
2016-04-15,0.9090980291366577,0.9171778103238116,0.8988146553416817,0.9017527788187778,436972000
2016-04-18,0.9051806926727295,0.9073842856263548,0.8963663792330983,0.9073842856263548,307320000
2016-04-19,0.8890209794044495,0.9103221992768448,0.8833896150459605,0.9086083133905472,309152000
2016-04-20,0.8924488425254822,0.8978353832729534,0.8865726534031554,0.8875520085277322,200172000
2016-04-21,0.8914695382118225,0.8968560792663095,0.8875520591153656,0.8926937175936014,178280000
2016-04-22,0.888041615486145,0.9005285232647646,0.8851034920677125,0.8944075106428426,223540000
2016-04-25,0.8924488425254822,0.8973456765232322,0.8858381224660064,0.8882865394648813,191972000
2016-04-26,0.8931834697723389,0.9081188559383271,0.8892659904767539,0.8978354800842756,214536000
2016-04-27,0.9135051369667053,0.9139948436609837,0.8892657939096827,0.8909796797773681,352396000
2016-04-28,0.8863275647163391,0.9132602038153694,0.884124030792212,0.9078736643205929,381224000
2016-04-29,0.8699233531951904,0.8846138546887385,0.860374509711925,0.882655144506211,321904000
2016-05-02,0.8814308643341064,0.8868174046384657,0.8740856139417227,0.8782479166599207,256076000
2016-05-03,0.8709028363227844,0.875065139853727,0.8633127602810505,0.8713925431278429,224024000
2016-05-04,0.8510706424713135,0.8611091354178496,0.8422563289299029,0.8603746044248263,525764000
2016-05-05,0.8562120795249939,0.8662506282491869,0.8498461848157142,0.8581708477912326,246884000
2016-05-06,0.8650264739990234,0.8672300666199508,0.8530292142293445,0.8547431001428899,183240000
2016-05-09,0.8638023734092712,0.8709027418759326,0.8567019465677438,0.8672301455483307,333336000
2016-05-10,0.8804513216018677,0.8819203830421528,0.8608639913976627,0.8691885950594801,269676000
2016-05-11,0.8828998804092407,0.8926935470923939,0.8782478712222855,0.8831447629387202,328176000
2016-05-12,0.8709028363227844,0.8931834743926726,0.8552329774342583,0.8892659950768229,670540000
2016-05-13,1.0033621788024902,1.0038518271400818,0.954883490889238,0.9595354419706652,2110256000
2016-05-16,1.0329880714416504,1.0479235142000902,0.9925891622379408,0.9957721101373158,973032000
2016-05-17,1.0351918935775757,1.0425370873279123,1.0151147893771735,1.0283362315275788,628392000
2016-05-18,1.0616344213485718,1.0736317383446825,1.0283358861804466,1.0283358861804466,541072000
2016-05-19,1.0662859678268433,1.0738760967108745,1.0560026577901507,1.0574716020099697,398880000
2016-05-20,1.0853843688964844,1.0897915547496495,1.071183514536111,1.0728974006873857,391084000
2016-05-23,1.0870983600616455,1.0941987295528601,1.0804876390181701,1.090036484247579,413636000
2016-05-24,1.1134871244430542,1.1169239153394137,1.0874664935831062,1.0904122474640292,415788000
2016-05-25,1.1088228225708008,1.121587557189258,1.0999855635431506,1.1169235848197023,458076000
2016-05-26,1.1206055879592896,1.1287063492713563,1.107595277883936,1.110786490432716,309964000
2016-05-27,1.1267426013946533,1.1284609376826946,1.1181508029015659,1.1218330524212665,277416000
2016-05-31,1.1468719244003296,1.1493267578572464,1.1309158580890761,1.1316523549473119,412524000
2016-06-01,1.149080753326416,1.160127147488504,1.1380342421114815,1.1414709136800663,387132000
2016-06-02,1.1571818590164185,1.167000957023995,1.143925971358597,1.1552179457725982,329208000
2016-06-03,1.1409807205200195,1.1473631487381806,1.120851595864547,1.145890388736697,461076000
2016-06-06,1.1350889205932617,1.1527633218285196,1.1291974144972123,1.1439260626844452,322512000
2016-06-07,1.1372979879379272,1.1483445015066545,1.136807068195766,1.141962076647073,193400000
2016-06-08,1.133616328239441,1.1417170926257294,1.1242881469333101,1.1375439219194328,234616000
2016-06-09,1.1630730628967285,1.1647913989225438,1.127233349155025,1.1296881817935398,472168000
2016-06-10,1.1341071128845215,1.159636819917474,1.1326342361670123,1.1493267999478152,400024000
2016-06-13,1.1485899686813354,1.1709284558319153,1.135334199135721,1.135334199135721,475588000
2016-06-14,1.1507993936538696,1.156199862254684,1.1331249944432582,1.1458898448205264,298344000
2016-06-15,1.1625820398330688,1.1726465952399114,1.1476079366385332,1.1603727842971054,301036000
2016-06-16,1.1672465801239014,1.169210376589424,1.1426988316726259,1.1539908076655023,246456000
2016-06-17,1.1468719244003296,1.1689649573009728,1.1422078344745092,1.1687194973658614,471000000
2016-06-20,1.1674922704696655,1.182466382422337,1.1645465166635516,1.1652830136415406,293768000
2016-06-21,1.1603730916976929,1.1755926587555814,1.158654638316546,1.1724014459955374,212508000
2016-06-22,1.159391164779663,1.1704376797747515,1.1574273685045753,1.1628278375242886,202620000
2016-06-23,1.190321445465088,1.1915488621441759,1.1697012900574186,1.1704377868860303,297880000
2016-06-24,1.1225696802139282,1.1625825775701262,1.1120142002618756,1.1414715006131144,1017684000
2016-06-27,1.1105414628982544,1.1218334411551902,1.0940943569379762,1.1132416396849008,449088000
2016-06-28,1.1267426013946533,1.1328794498217265,1.1112774577494002,1.1316521503680401,381920000
2016-06-29,1.1451534032821655,1.153990661839629,1.1336159688206573,1.1365617216731452,318932000
2016-06-30,1.1539907455444336,1.1611095512435732,1.1377892207334546,1.1471172827057672,430940000
2016-07-01,1.1453989744186401,1.1625824563584202,1.1414713816024646,1.1476083477990215,218488000
2016-07-05,1.162337303161621,1.1643011000879242,1.1299342441923836,1.1390168488713819,371084000
2016-07-06,1.1697012186050415,1.1765746813563236,1.148344684726243,1.1542361907836591,273104000
2016-07-07,1.2001405954360962,1.204313765499938,1.1721561728787935,1.177556642620616,395400000
2016-07-08,1.2482540607452393,1.2541455664971453,1.208241171128126,1.212905260339571,481932000
2016-07-11,1.276975154876709,1.2863032175555198,1.264701221855731,1.2661740985003642,448776000
2016-07-12,1.2961220741271973,1.3079049669579477,1.275010887103337,1.2912125256933122,436760000
2016-07-13,1.2956314086914062,1.30594154529459,1.2936676121655764,1.2985771620066016,324604000
2016-07-14,1.3088873624801636,1.320670377369673,1.2917039941878248,1.3025050521522359,316892000
2016-07-15,1.2936675548553467,1.29955906122474,1.2725564797688815,1.2921946782629983,428616000
2016-07-18,1.3002955913543701,1.3115875684995266,1.2953860411631244,1.3096237718336101,252992000
2016-07-19,1.313796877861023,1.3189518877515625,1.2971043143855425,1.2995591478874589,382652000
2016-07-20,1.330979824066162,1.3380987453324538,1.3128145066865289,1.3182149748121315,296460000
2016-07-21,1.3064326047897339,1.3322077734731002,1.3020139743446932,1.3280346029884094,361308000
2016-07-22,1.3420265913009644,1.3420265913009644,1.301522780058713,1.3110964188116896,315768000
2016-07-25,1.3668196201324463,1.3700108326351437,1.344235672736877,1.3501271779888948,312528000
2016-07-26,1.3901402950286865,1.3972591008461468,1.3768845230635434,1.3788483194559917,514508000
2016-07-27,1.3761481046676636,1.4046235636657496,1.3678018817345419,1.402168730245649,446676000
2016-07-28,1.379093885421753,1.3894039050645874,1.3749207153456138,1.3793393453580725,221916000
2016-07-29,1.4016779661178589,1.4053600996042175,1.3594558098453482,1.3842490214679621,409588000
2016-08-01,1.3925949335098267,1.4127241673040984,1.3835123318069842,1.4075691581668819,301120000
2016-08-02,1.375657081604004,1.3999593687859389,1.3624013098780197,1.3992228719940003,282748000
2016-08-03,1.379339575767517,1.3820398696239027,1.3663292605460768,1.3739391051076677,299828000
2016-08-04,1.4048693180084229,1.4112517457747369,1.3832673178278583,1.385967494692351,272712000
2016-08-05,1.4286803007125854,1.4294166804594426,1.4141971122150305,1.4210704580639333,371588000
2016-08-08,1.4419355392456055,1.4517546345558996,1.426715859577655,1.4483179629025815,305064000
2016-08-09,1.4456180334091187,1.4596103004105343,1.441935901007175,1.44905470592465,372344000
2016-08-10,1.4362903833389282,1.4605926768196213,1.4316262926240977,1.4583834199769843,375740000
2016-08-11,1.465502142906189,1.4716391101794581,1.440954390866027,1.4439001445214295,681064000
2016-08-12,1.5474913120269775,1.5558375337067498,1.4883312635319803,1.5195068941470626,1425744000
2016-08-15,1.5460187196731567,1.5587835729592483,1.5251531031134227,1.5492099329946796,573304000
2016-08-16,1.536690354347229,1.5462638753752405,1.53202626525247,1.543809159408614,287652000
2016-08-17,1.5010961294174194,1.540127182408181,1.4890677741556373,1.5366905094762433,595212000
2016-08-18,1.5244160890579224,1.5268708044862407,1.49299488879489,1.4988863931074223,331684000
2016-08-19,1.5283445119857788,1.5398819499968233,1.5170525339458112,1.5236804213765618,291560000
2016-08-22,1.5347262620925903,1.5369356349630112,1.5148426085760074,1.5330079260005227,244748000
2016-08-23,1.5471457242965698,1.5572288278821256,1.5427189529900192,1.5503428173620943,339764000
2016-08-24,1.5232906341552734,1.5532941529750244,1.5161587107302568,1.5525564163180572,298448000
2016-08-25,1.5132075548171997,1.5245203379595653,1.4942710236846164,1.5237826012902869,406032000
2016-08-26,1.5255047082901,1.5341122258502446,1.5050924611976069,1.517143103050441,300024000
2016-08-29,1.5245200395584106,1.5378002351547115,1.5220608005402554,1.531652078975042,274652000
2016-08-30,1.515667200088501,1.5306689039699632,1.511486339694352,1.5225532127201744,285544000
2016-08-31,1.5085349082946777,1.5227988730061168,1.504108253631732,1.5186181305723807,388544000
2016-09-01,1.5530483722686768,1.558704705590156,1.5085349733419111,1.5097646518095693,428492000
2016-09-02,1.5378004312515259,1.5579667566610627,1.520339491917213,1.5562452539482632,323148000
2016-09-06,1.5523107051849365,1.5523107051849365,1.5353415859087578,1.5432113648732926,306812000
2016-09-07,1.529439091682434,1.5550158418145672,1.5205856643967095,1.5473919757708898,397988000
2016-09-08,1.5405056476593018,1.5429650041759781,1.5105022486747177,1.527963187415113,315808000
2016-09-09,1.463775634765625,1.5321441559570737,1.450987261410594,1.5235366420714112,697760000
2016-09-12,1.4940248727798462,1.4969760537543004,1.4096708891476752,1.444347089694647,598260000
2016-09-13,1.4723834991455078,1.507551534243434,1.4640218954849107,1.4903363851055393,471768000
2016-09-14,1.4854174852371216,1.4903360815219364,1.4635297728137002,1.4758262048914448,319048000
2016-09-15,1.5417356491088867,1.5434571521240066,1.4844338733051343,1.4878769966039718,515212000
2016-09-16,1.545424461364746,1.55550756651421,1.5277174906607314,1.5471459642617622,902444000
2016-09-19,1.565837025642395,1.6049398931801035,1.55452423971691,1.5616561650155056,417128000
2016-09-20,1.5515730381011963,1.5837898922153604,1.5429655219415919,1.5837898922153604,331112000
2016-09-21,1.5951026678085327,1.5980538496925782,1.5559998010164577,1.5562457132953595,336212000
2016-09-22,1.599037766456604,1.6093669047796644,1.5899384242711208,1.6044483065725126,308732000
2016-09-23,1.597315788269043,1.6056773910094984,1.5901838640321067,1.6010048237796,276132000
2016-09-26,1.582314372062683,1.5887085607155218,1.56239406922974,1.5791172777362636,230040000
2016-09-27,1.6364188194274902,1.6388781766891802,1.575428236922047,1.5761659737393887,402752000
2016-09-28,1.6423206329345703,1.6435503111535266,1.6214165722865923,1.6388776277363484,319788000
2016-09-29,1.6575684547424316,1.6627330804645366,1.624367959492239,1.6396155726314785,336684000
2016-09-30,1.6851128339767456,1.7015901264651991,1.6568308160183383,1.6666680090642387,429932000
2016-10-03,1.6833913326263428,1.7094600250337297,1.6804402683191173,1.6851129529360735,242596000
2016-10-04,1.6797024011611938,1.7141325789832897,1.6671599381962778,1.6858506765180035,281624000
2016-10-05,1.6779810190200806,1.7111816379775613,1.6728165095649898,1.6939664891919852,305440000
2016-10-06,1.6560931205749512,1.6681436413124302,1.6295326048743495,1.6578146235374482,360212000
2016-10-07,1.644042730331421,1.6715868991509621,1.6393700452237134,1.6671601263223006,286260000
2016-10-10,1.6501903533935547,1.6615031346334252,1.634696713258455,1.6526495924794924,287876000
2016-10-11,1.626335859298706,1.6472399288336401,1.6137933941240217,1.6447806886187992,388540000
2016-10-12,1.633713722229004,1.6423212383978323,1.6061695532201403,1.6196956668095297,419920000
2016-10-13,1.607153058052063,1.6182199305718887,1.5665746036584367,1.6145310121548142,390116000
2016-10-14,1.6228923797607422,1.6378940807790936,1.6133010994534558,1.6268272098654104,330636000
2016-10-17,1.6135470867156982,1.637894156950647,1.611333759337463,1.6226465430002248,195328000
2016-10-18,1.638140320777893,1.647485690732128,1.6292868926366133,1.6359269930597253,269372000
2016-10-19,1.6346969604492188,1.6423208255787431,1.6187114935334015,1.6270732125882776,199060000
2016-10-20,1.6656841039657593,1.6710946417778823,1.6305161945298676,1.6538794967486772,312084000
2016-10-21,1.6610115766525269,1.6639626405752121,1.6452720218114791,1.6597818982780672,279508000
2016-10-24,1.7389715909957886,1.7409390062728751,1.6720785334260568,1.6723245629457164,339836000
2016-10-25,1.7674992084503174,1.778074254946064,1.7276586137778702,1.7360202157238682,397460000
2016-10-26,1.774631381034851,1.7940598553662928,1.7510220467857118,1.7527435497474475,333792000
2016-10-27,1.7382335662841797,1.791600389387692,1.731101642629352,1.7881573836737346,388664000
2016-10-28,1.7352821826934814,1.7731553558402295,1.7320850897952684,1.746594963928038,290856000
2016-10-31,1.750038504600525,1.7615972015541985,1.7399552811881445,1.7409390474842747,252388000
2016-11-01,1.6981472969055176,1.7660240063294612,1.679456557816923,1.7564327245237776,473224000
2016-11-02,1.6910151243209839,1.7342988452328074,1.688063942875174,1.7111814526882878,295848000
2016-11-03,1.671340823173523,1.7003605800936301,1.6388780601467725,1.6988849892952687,309664000
2016-11-04,1.6617493629455566,1.6902772922883926,1.6374022932933148,1.6602737723058523,328780000
2016-11-07,1.7527434825897217,1.7638103539303263,1.7092138511932575,1.7104435296241223,487580000
2016-11-08,1.750038504600525,1.7650402076877523,1.733807122960285,1.7593837567050559,429884000
2016-11-09,1.7205268144607544,1.7436443257548018,1.6900315836167463,1.702573929662023,456532000
2016-11-10,1.6666682958602905,1.7584002599303368,1.6418293967354658,1.758154347652162,869280000
2016-11-11,2.1634469032287598,2.1831212909235798,1.930551110217553,1.9553901243605742,2175344000
2016-11-14,2.0569589138031006,2.168857062175992,2.0564670893774264,2.166397705510461,1348796000
2016-11-15,2.11967134475708,2.1506583979643703,2.0640909566098617,2.0729445008993106,626092000
2016-11-16,2.2534573078155518,2.276328671617294,2.123606257987244,2.1479533298300515,987984000
2016-11-17,2.2721478939056396,2.33117105177672,2.229355881638784,2.2701803614950644,832988000
2016-11-18,2.2960031032562256,2.3198581140846875,2.2576379808869818,2.2721478578905865,576060000
2016-11-21,2.286658763885498,2.320351217235253,2.2723946754247732,2.313957027296341,436436000
2016-11-22,2.3031349182128906,2.3053482455621093,2.2719018367497035,2.2945274037786083,330368000
2016-11-23,2.3144655227661133,2.3459915385346815,2.284909750858358,2.3083079234800836,443236000
2016-11-25,2.3191440105438232,2.342296008210204,2.3006714570824385,2.325547769572074,195564000
2016-11-28,2.3179128170013428,2.333429538596356,2.3053514600915923,2.3120016178542024,278736000
2016-11-29,2.2967309951782227,2.3260405922622533,2.2789976331194715,2.3152033158318432,444568000
2016-11-30,2.2708704471588135,2.3191449395646933,2.2684074077255287,2.3053520596713213,440500000
2016-12-01,2.1585586071014404,2.2701317705020903,2.087871057776791,2.268407689662182,1035524000
2016-12-02,2.1785078048706055,2.187128204922009,2.096490453144477,2.124322131119702,478292000
2016-12-05,2.262988328933716,2.2809680905095826,2.192054404257102,2.216437926184168,602284000
2016-12-06,2.3001792430877686,2.3085534811132598,2.2553529231331297,2.2711160427239716,498796000
2016-12-07,2.341557741165161,2.3472225433545977,2.2684071688945795,2.2866333299382133,480804000
2016-12-08,2.302396297454834,2.3797339920486693,2.2918056514353693,2.344513423204749,381544000
2016-12-09,2.2615113258361816,2.3218543890416306,2.23417219592774,2.3201303082325717,382312000
2016-12-12,2.2065861225128174,2.2154529222906736,2.1560949956843354,2.212989883204324,601332000
2016-12-13,2.2455012798309326,2.2730868012408667,2.217915993309337,2.218901115002726,387796000
2016-12-14,2.375546932220459,2.391802614318678,2.255353161972921,2.279244124282172,983980000
2016-12-15,2.4312100410461426,2.4615047607999943,2.379241002507358,2.3866298840681015,746548000
2016-12-16,2.473080635070801,2.4802231184298194,2.4070725605158145,2.4587951985761682,1089528000
2016-12-19,2.5031301975250244,2.523326608055003,2.438353610172694,2.4555946546734786,744656000
2016-12-20,2.5903189182281494,2.6139634822905973,2.564457478097818,2.5757873167431216,848056000
2016-12-21,2.606574535369873,2.609530135165365,2.5543593304633885,2.6018948552677044,576136000
2016-12-22,2.6381003856658936,2.681448784762263,2.6238149496232004,2.6309576676445467,718612000
2016-12-23,2.703862428665161,2.705340346117789,2.617411774113389,2.6201209762587503,647692000
2016-12-27,2.889571189880371,2.890556311486065,2.739329105261079,2.7600183031988808,1194272000
2016-12-28,2.6908085346221924,2.95385503656181,2.67701589220824,2.945727195869542,2295764000
2016-12-29,2.744502067565918,2.7459799852513287,2.5319466400707737,2.5836692961809296,2175368000
2016-12-30,2.628988265991211,2.7565709466720762,2.6181512205028894,2.742531902698877,1212932000
2017-01-03,2.5124893188476562,2.619875358864156,2.447712737745746,2.5713544637963417,1501996000
2017-01-04,2.5711073875427246,2.5984465075158356,2.5006660281185695,2.5467238671522447,1199220000
2017-01-05,2.505838632583618,2.606328328322069,2.4888439912374687,2.5745559218049268,984296000
2017-01-06,2.539334774017334,2.5676590131947408,2.492537980265864,2.5331771775298835,822856000
2017-01-09,2.642287492752075,2.660021090395891,2.549186927231127,2.549186927231127,916248000
2017-01-10,2.622337818145752,2.689330791284149,2.6016486182979084,2.65534174386663,880920000
2017-01-11,2.5900728702545166,2.615687915985903,2.5651967833122487,2.610762072131293,525664000
2017-01-12,2.5477099418640137,2.578743631647788,2.502883605460071,2.5671676268218047,625616000
2017-01-13,2.5474627017974854,2.5861314225486107,2.538349505657737,2.551649585688176,457820000
2017-01-17,2.4903228282928467,2.5417990973055935,2.4770227407722727,2.536873252059069,580612000
2017-01-18,2.5356414318084717,2.542537755270147,2.4410629123665792,2.468894604146227,654424000
2017-01-19,2.5900728702545166,2.6220916774187497,2.53637997430862,2.5385966157876125,644872000
2017-01-20,2.561748743057251,2.6304660414795236,2.539828255348488,2.612732439033865,492024000
2017-01-23,2.588348627090454,2.60829886892498,2.5541131805976565,2.5565762198144317,369904000
2017-01-24,2.6435186862945557,2.6496762825875155,2.5836682126790187,2.598446208893841,428052000
2017-01-25,2.65484881401062,2.6920398541054062,2.6188892933096315,2.685882257136418,522760000
2017-01-26,2.7006607055664062,2.7080495882736866,2.6280026934278364,2.6575584591453034,458800000
2017-01-27,2.752875566482544,2.7558311661687753,2.6809565221903244,2.7075566844780883,471996000
2017-01-30,2.7097740173339844,2.7341575448043405,2.657805198933953,2.7319409031958313,496004000
2017-01-31,2.6890852451324463,2.710513173723786,2.6649478789213363,2.6834204417448446,362756000
2017-02-01,2.8065693378448486,2.810756223057372,2.705833231964085,2.723566599307137,590004000
2017-02-02,2.842036008834839,2.850656646744568,2.7600188637398935,2.7905597537139184,483240000
2017-02-03,2.8171591758728027,2.8545966132425717,2.805337012667852,2.8435131737522217,372744000
2017-02-06,2.8893251419067383,2.8898177027692302,2.8078003295115046,2.8078003295115046,506768000
2017-02-07,2.9341506958007812,2.9782380523712497,2.9038559792996694,2.9235598179382603,746224000
2017-02-08,2.9213430881500244,2.938583887711195,2.8664184575807155,2.916170848281673,449580000
2017-02-09,2.8664190769195557,2.9324271600084426,2.8472080303366774,2.9275010819904432,842568000
2017-02-10,2.7984416484832764,2.9728206706254534,2.7733191613932977,2.9538557825169507,1651092000
2017-02-13,2.6693813800811768,2.8073083136669252,2.664947861681323,2.7927767084046544,1180724000
2017-02-14,2.6792328357696533,2.712975721833059,2.6179044268760476,2.659775154549227,850632000
2017-02-15,2.6846506595611572,2.7043544995114983,2.654109778104618,2.6821878557335896,373020000
2017-02-16,2.6415483951568604,2.6954876693015395,2.6023868820688807,2.694256150065435,647176000
2017-02-17,2.6410560607910156,2.645489577792925,2.5809594148586945,2.628002377407486,563740000
2017-02-21,2.7356350421905518,2.739575763876749,2.665439836116072,2.665686233985108,551952000
2017-02-22,2.7314422130584717,2.7570895798651,2.712453161566211,2.7477184085176978,433772000
2017-02-23,2.478175163269043,2.623674591625127,2.458199977467479,2.6017264405365244,1592888000
2017-02-24,2.5020954608917236,2.5154123254633967,2.360048591880915,2.3938340532666356,1029904000
2017-02-27,2.574845552444458,2.589888675226944,2.504561998126973,2.520345012163367,715400000
2017-02-28,2.5025885105133057,2.5943272457411912,2.4853259527591356,2.5844626582419963,625360000
2017-03-01,2.534895420074463,2.5738596623191294,2.493465029985055,2.55955619296747,504804000
2017-03-02,2.4414305686950684,2.5361286772223757,2.438717946980758,2.5220719157135654,754332000
2017-03-03,2.4273734092712402,2.4357579811035532,2.372872634029791,2.430825921528915,864692000
2017-03-06,2.4086318016052246,2.4192360504309836,2.3469795093791883,2.391122526153808,883568000
2017-03-07,2.4350192546844482,2.454501499045059,2.3958085274030783,2.4086322176902253,603400000
2017-03-08,2.430579423904419,2.4981503627967867,2.428359985143752,2.483353712417707,638712000
2017-03-09,2.4300858974456787,2.452527225893885,2.4019723832972653,2.414549593135382,478060000
2017-03-10,2.4443893432617188,2.4683104562360323,2.426140416486816,2.456473371751309,499740000
2017-03-13,2.511713743209839,2.521578097630543,2.4540071640155783,2.4547470552729402,774136000
2017-03-14,2.5099878311157227,2.5339087115966312,2.477681907209955,2.5245377735195125,522016000
2017-03-15,2.5289762020111084,2.539826920878077,2.4739822460794296,2.5215779952920276,615036000
2017-03-16,2.560049057006836,2.560542474662241,2.5255239322148944,2.5395806909593737,523100000
2017-03-17,2.6157829761505127,2.6170160499508905,2.5600491222234214,2.5775583938931392,1119688000
2017-03-20,2.6991372108459473,2.7030831418345667,2.617263023381701,2.6332927506628026,748568000
2017-03-21,2.611837148666382,2.7117140137631743,2.603945758255248,2.6818742381005465,913484000
2017-03-22,2.665104389190674,2.6697899749199085,2.5967935681009466,2.6007392626137897,616764000
2017-03-23,2.640937089920044,2.6771887092675812,2.631319442950074,2.657213288780605,533940000
2017-03-24,2.650308609008789,2.6951915161556625,2.624414759799915,2.6873001245448127,439500000
2017-03-27,2.669543743133545,2.6734894383514343,2.5543772793574133,2.603699057543005,506644000
2017-03-28,2.655733823776245,2.6853268921528906,2.6453762851221394,2.6707769492288462,432444000
2017-03-29,2.647102117538452,2.675462107458459,2.644882678923065,2.6631316054804843,349992000
2017-03-30,2.697903633117676,2.7127002836004364,2.6485818568164423,2.6542538081745084,525532000
2017-03-31,2.6863133907318115,2.7099880347577048,2.673243229928595,2.688286356128907,440808000
2017-04-03,2.6727497577667236,2.70406908074879,2.649075116306123,2.686806517337758,445232000
2017-04-04,2.4853267669677734,2.5750925670667173,2.47447604642249,2.5499383781094633,1271280000
2017-04-05,2.4668307304382324,2.5245373068757977,2.4537603379831845,2.466584021635977,747048000
2017-04-06,2.4848339557647705,2.4969177519570387,2.426880652485012,2.4720102681201688,635120000
2017-04-07,2.474229097366333,2.508754456018166,2.459185974257858,2.4912451854663966,429068000
2017-04-10,2.411097288131714,2.481627317988771,2.4069048844922976,2.474969002077432,756332000
2017-04-11,2.419728994369507,2.4389645245801908,2.3760791644896635,2.381011225085199,618148000
2017-04-12,2.3997528553009033,2.434031501097657,2.3945740873907235,2.4197282709435517,414092000
2017-04-13,2.354870319366455,2.3972870690047534,2.354870319366455,2.375585629310127,506892000
2017-04-17,2.4471023082733154,2.447348781919601,2.362515281011648,2.367694049800961,497292000
2017-04-18,2.448582172393799,2.4547475421199842,2.4069053078579365,2.4327991551534938,370116000
2017-04-19,2.458200216293335,2.4902592002325923,2.4515416635893703,2.466091607838575,380828000
2017-04-20,2.497163772583008,2.5018493585150003,2.451540986948844,2.4727494780483386,404016000
2017-04-21,2.507521629333496,2.5102342506775046,2.474969232466242,2.4868063180276514,341896000
2017-04-24,2.5388407707214355,2.5519109291908944,2.5181256960823966,2.539087244361555,371820000
2017-04-25,2.582984209060669,2.5975341525474755,2.5319361700161402,2.553391139539423,388440000
2017-04-26,2.5652291774749756,2.599014425674252,2.563256211548905,2.596548512247759,327004000
2017-04-27,2.6051785945892334,2.6135631667385404,2.5546237473178883,2.5726262005377376,319700000
2017-04-28,2.5721328258514404,2.605178399890905,2.566460640050646,2.5982733756305465,348248000
2017-05-01,2.6298396587371826,2.6350186630851518,2.5758322930199613,2.5829840274197338,307732000
2017-05-02,2.5519111156463623,2.6041924588984497,2.5292230743048103,2.6029593850534454,629972000
2017-05-03,2.5709002017974854,2.580517848646386,2.5302097051583075,2.5450061211081225,336904000
2017-05-04,2.561035633087158,2.5881625501953835,2.553144008076828,2.5770651215636615,209788000
2017-05-05,2.5612823963165283,2.5684341308440746,2.5339087672879455,2.5494453102398427,228428000
2017-05-08,2.5344021320343018,2.5745992113431155,2.523057993531633,2.5731196638087463,365240000
2017-05-09,2.5385937690734863,2.5876690640451523,2.531688744990291,2.540073551482596,847672000
2017-05-10,2.991121530532837,3.004191923089016,2.811836901993544,2.818495217488964,2129096000
2017-05-11,3.119605541229248,3.216523082330404,2.957090254572052,2.960542767496054,1939792000
2017-05-12,3.153883934020996,3.1960542121739643,3.10184953563685,3.122811320293868,962620000
2017-05-15,3.3122072219848633,3.3146733697717745,3.1906289112707475,3.1950680243241476,1087540000
2017-05-16,3.373859405517578,3.3893959479666393,3.288779426054846,3.363255158496102,1120700000
2017-05-17,3.149690866470337,3.3257696662341742,3.1454984636982823,3.3070273257365543,1271368000
2017-05-18,3.281627655029297,3.2905056455887096,3.1331689039446218,3.1935881111475597,1156032000
2017-05-19,3.3574166297912598,3.4122213120608347,3.338160841532898,3.3828440454494517,1018372000
2017-05-22,3.4290080070495605,3.4433263026052896,3.390249468442707,3.4011118510059744,836608000
2017-05-23,3.3828444480895996,3.4509802680138044,3.350257761840307,3.44875849130272,681248000
2017-05-24,3.4208614826202393,3.4825786904570926,3.408764727188624,3.479862976985115,815996000
2017-05-25,3.413208484649658,3.456904278711053,3.3682783181905873,3.456163608185955,608228000
2017-05-26,3.5015878677368164,3.586510720552364,3.3848190039735604,3.405062195605728,779140000
2017-05-30,3.5763890743255615,3.6114442638718547,3.531458904958791,3.5475052763021133,989652000
2017-05-31,3.563552141189575,3.6289722392113455,3.5067721802715828,3.621319270555649,887316000
2017-06-01,3.5637991428375244,3.580339453961555,3.5183752648552007,3.5793518145741046,503340000
2017-06-02,3.546023368835449,3.5870034428354756,3.540098476455767,3.5608353643522315,487456000
2017-06-05,3.6539053916931152,3.666742581898759,3.518127726237403,3.529730544065682,817376000
2017-06-06,3.637366533279419,3.695380641775376,3.6240356367618913,3.6492160882769236,758728000
2017-06-07,3.6813085079193115,3.700070594735084,3.646253314918658,3.661805985890022,612612000
2017-06-08,3.9484200477600098,3.9499011533353108,3.747221825919817,3.788448874004723,1161744000
2017-06-09,3.693157434463501,4.159739573586649,3.524052194766497,4.066917035945914,3692928000
2017-06-12,3.702291965484619,3.745000358092621,3.5082532286339285,3.601322746434236,1697532000
2017-06-13,3.7375941276550293,3.820788896032768,3.595644363703571,3.811654587451056,1672504000
2017-06-14,3.7454936504364014,3.80326100409555,3.6660020029987725,3.740556396553092,1184640000
2017-06-15,3.761540412902832,3.7919050788238335,3.616628203121284,3.6279842877639217,963824000
2017-06-16,3.743025302886963,3.819061045475842,3.7089575176371854,3.7711684299346944,924960000
2017-06-19,3.883740186691284,3.888924409074584,3.7835114164159402,3.787214297871187,778176000
2017-06-20,3.8780627250671387,3.9928567794907477,3.873866141024667,3.925955342865502,1095444000
2017-06-21,3.9368174076080322,3.9405205250834205,3.843747887705425,3.9057120683716993,682652000
2017-06-22,3.909661293029785,3.9582945726024605,3.8857149884749322,3.9449634459987757,469132000
2017-06-23,3.797584295272827,3.933115265576819,3.7825250892990288,3.917315624314615,1088588000
2017-06-26,3.756110191345215,3.865966771832364,3.6618062830917246,3.830417638560772,1063960000
2017-06-27,3.6186037063598633,3.7472223583384214,3.612925781032453,3.7385819860070386,999492000
2017-06-28,3.746234655380249,3.7509251764760045,3.5981132587376563,3.68624552034622,994948000
2017-06-29,3.6210718154907227,3.7208066505229116,3.5568858673980137,3.717844439471661,1064424000
2017-06-30,3.5687365531921387,3.6519313380531204,3.542568465514879,3.6383534745318746,731060000
2017-07-03,3.439624309539795,3.595645447799167,3.4211091890084355,3.580833445547092,709072000
2017-07-05,3.531459093093872,3.5603426572235874,3.48406017624685,3.5030689954624967,820188000
2017-07-06,3.54207444190979,3.588979659060248,3.450239286291264,3.502328727111114,746284000
2017-07-07,3.623047113418579,3.64131549663618,3.5758951673646506,3.598854071863832,654972000
2017-07-10,3.7943739891052246,3.8017799882798204,3.670445868956459,3.6966139524436694,958492000
2017-07-11,3.848191499710083,3.855844467549612,3.7561093878406187,3.798077108911768,757956000
2017-07-12,4.011866092681885,4.0239626152441375,3.8649792764180715,3.907934409437304,1145208000
2017-07-13,3.9654550552368164,4.105429581537437,3.9190437700480594,4.02396286373482,1369132000
2017-07-14,4.072100639343262,4.073581509199504,3.974834093650425,3.98174638919562,941948000
2017-07-17,4.054821014404297,4.135053585757534,3.993103796706423,4.106169784731968,930792000
2017-07-18,4.097036361694336,4.111601630317911,3.981995083291231,3.9938448731655045,776640000
2017-07-19,4.075805187225342,4.132584915530032,4.0637086650739525,4.10616985923689,687044000
2017-07-20,4.135052680969238,4.135299414176921,4.046426960326311,4.0962943784424946,699596000
2017-07-21,4.149864673614502,4.179489138775712,4.100243988760037,4.114562519493363,648332000
2017-07-24,4.1017255783081055,4.166652201525153,4.091110399367189,4.157024426338633,652524000
2017-07-25,4.0819783210754395,4.096296860500352,4.038282502729147,4.0787689039712856,496556000
2017-07-26,4.129129409790039,4.195043458728762,4.094320708373494,4.1394978589640985,640404000
2017-07-27,3.992856025695801,4.165664378682711,3.889664809904159,4.1540613262898,782856000
2017-07-28,4.058276653289795,4.082716898207458,3.932126990713674,3.9570604666601636,513348000
2017-07-31,4.011866092681885,4.107898073356324,3.965208077084623,4.071855238944093,559672000
2017-08-01,4.060745716094971,4.06247379057469,3.9745887253589647,4.002484650284441,431384000
2017-08-02,4.058276653289795,4.0958008224060345,3.981253978347177,4.091851207255869,478444000
2017-08-03,4.1098713874816895,4.113574268289608,4.040747963590121,4.057781968690232,442420000
2017-08-04,4.127894401550293,4.19849872270655,4.109872985949921,4.132584687673547,589096000
2017-08-07,4.254785060882568,4.255278527396876,4.147396765031254,4.1570250124401955,717412000
2017-08-08,4.204177379608154,4.309343203128121,4.164925128033148,4.292803126821467,755336000
2017-08-09,4.248859405517578,4.251328150241853,4.13924958825733,4.158011671469888,530784000
2017-08-10,4.0669169425964355,4.2624369918785945,4.0567952311374835,4.250093269051258,1328088000
2017-08-11,3.8501663208007812,3.925214422932154,3.774871485440957,3.8792968511659667,1497196000
2017-08-14,4.157271385192871,4.160974267189058,3.930152029082633,3.941754847840141,1279020000
2017-08-15,4.122215747833252,4.188623241431636,4.087900995232968,4.162455393841096,764532000
2017-08-16,4.0770392417907715,4.160727962089771,4.044699762575452,4.13727558892576,596632000
2017-08-17,3.9861907958984375,4.085678903157394,3.9839692552049395,4.068645364669203,525444000
2017-08-18,3.986931800842285,4.057536588953668,3.9410142271352298,4.0405025781717425,601204000
2017-08-21,3.92891788482666,4.022728079576373,3.8849753521965655,4.011372228827469,623672000
2017-08-22,4.016384601593018,4.022314709839821,3.9462122823783248,3.965485016360596,450456000
2017-08-23,4.0966901779174805,4.107809078484866,3.9743822716762427,3.983030724366112,579520000
2017-08-24,4.081615447998047,4.133256828557047,4.055177617371193,4.128808893774056,469700000
2017-08-25,4.047519207000732,4.115962190586462,4.041094724447501,4.105831565809154,357200000
2017-08-28,4.076181411743164,4.0793936533330815,4.010950663071852,4.066545158252987,389496000
2017-08-29,4.069509029388428,4.09125292139635,4.009220132405346,4.0173742097281835,324096000
2017-08-30,4.093724727630615,4.104843626486688,4.058885385540368,4.089276791064531,384400000
2017-08-31,4.186628341674805,4.190581434061662,4.106572565487039,4.113984849352143,612684000
2017-09-01,4.211831092834473,4.2474117531565305,4.190581571082092,4.1992300213399805,445432000
2017-09-05,4.09940767288208,4.165379747380813,4.041342727475319,4.16043790951823,695364000
2017-09-06,4.09693717956543,4.146107670230944,4.062098302958019,4.132270899801942,397672000
2017-09-07,4.115962982177734,4.148330937804109,4.075687897075969,4.1137390136478516,352868000
2017-09-08,4.044553756713867,4.119173798157166,4.0203394154162595,4.104348758565908,498856000
2017-09-11,4.175755500793457,4.186380494686599,4.084827797455463,4.09026400524244,567444000
2017-09-12,4.1908278465271,4.200464095998751,4.1255971250584125,4.200464095998751,411488000
2017-09-13,4.209607124328613,4.238515877410933,4.133257496133748,4.165625440419736,580960000
2017-09-14,4.18563985824585,4.263719084316634,4.146106108686931,4.170567398259757,513712000
2017-09-15,4.4502692222595215,4.4502692222595215,4.265942855645852,4.2711316429367185,1364792000
2017-09-18,4.634100914001465,4.724287780836063,4.567634956672139,4.574553339274753,1684460000
2017-09-19,4.6291608810424805,4.690932441360508,4.5617061599740625,4.583697008878175,874280000
2017-09-20,4.5918498039245605,4.680306613617843,4.5515747273397915,4.632866203195856,724920000
2017-09-21,4.4663310050964355,4.514265796818143,4.38849870617761,4.488074432476336,1075600000
2017-09-22,4.422842025756836,4.504627858754057,4.4129588247439,4.454963489427601,491232000
2017-09-25,4.225174427032471,4.393193130875098,4.2044192751817,4.39195743586709,874580000
2017-09-26,4.2488932609558105,4.414935373863232,4.209112563893136,4.359835267504038,1125620000
2017-09-27,4.342046737670898,4.355389606543033,4.268414950907524,4.339328868047219,713720000
2017-09-28,4.3408098220825195,4.353163941477248,4.293368947940803,4.349210378205623,435244000
2017-09-29,4.417160987854004,4.44088096191053,4.379603773164992,4.424820695357147,619092000
2017-10-02,4.422842025756836,4.49647378198491,4.373425078133293,4.467317608513628,503480000
2017-10-03,4.4319844245910645,4.461881920943382,4.387755791767844,4.429019134358735,390332000
2017-10-04,4.469048023223877,4.491285818678514,4.401593314174209,4.43816224856794,427848000
2017-10-05,4.466577529907227,4.49696940651892,4.436680025559609,4.493510214509091,437364000
2017-10-06,4.479672908782959,4.493015775639967,4.422843191955493,4.43890392802571,318800000
2017-10-09,4.580729961395264,4.613839697313824,4.497708906820507,4.516487506740954,563492000
2017-10-10,4.668199062347412,4.767527811217,4.626935715969351,4.729970606690063,974876000
2017-10-11,4.717864513397217,4.719347158987799,4.6387969940001605,4.684754765791894,529508000
2017-10-12,4.720086574554443,4.770986163561574,4.692906949014234,4.721321797861089,528292000
2017-10-13,4.808050632476807,4.818181257915022,4.735407600980414,4.782353643146508,628728000
2017-10-16,4.890577793121338,4.893543084393068,4.774694379882779,4.837948585844172,576640000
2017-10-17,4.886128902435303,4.9145437553441935,4.851536989551343,4.869821219035798,478596000
2017-10-18,4.88192892074585,4.895765687407841,4.776670525415842,4.895024836004821,567316000
2017-10-19,4.887364864349365,4.892306229831843,4.7551737942833485,4.804343797610327,570772000
2017-10-20,4.865127086639404,4.931593047578379,4.8562316861819,4.904413887854686,451620000
2017-10-23,4.858208656311035,4.9133087691456385,4.837947408483661,4.886870461044879,428696000
2017-10-24,4.909108638763428,4.910838234626346,4.841406978358119,4.867350916301889,407244000
2017-10-25,4.78507137298584,4.922451717344938,4.723547241958766,4.869575094726451,828160000
2017-10-26,4.835229873657227,4.846842672368622,4.788777736252599,4.812745127643644,322744000
2017-10-27,4.987682342529297,4.987929293006029,4.8614208995480475,4.887365309270496,572192000
2017-10-30,5.036604881286621,5.092198894717605,4.971868045803476,4.987681828997304,504056000
2017-10-31,5.109988689422607,5.136673945035657,5.062795237789257,5.068478396531072,411908000
2017-11-01,5.119625091552734,5.188068063787097,5.055382633072778,5.172748653925017,502576000
2017-11-02,5.088493347167969,5.134698536051244,5.031910582763899,5.089975992607951,342308000
2017-11-03,5.1564412117004395,5.1564412117004395,5.073667570030997,5.119625330482608,353640000
2017-11-06,5.1796674728393555,5.1883154515098235,5.10727140246101,5.119625523053253,389944000
2017-11-07,5.238968372344971,5.260465316191407,5.190292738806248,5.202399909574322,427700000
2017-11-08,5.168056011199951,5.2382286030816685,5.120615591472424,5.234521988921977,522988000
2017-11-09,5.073175430297852,5.098131103258393,4.950867984863866,5.07194020625333,978564000
2017-11-10,5.340522289276123,5.403035174650599,5.22908633768853,5.264913957063089,1253256000
2017-11-13,5.253793716430664,5.365970490960687,5.2384743049677445,5.340520926621515,582376000
2017-11-14,5.292091369628906,5.307410779921818,5.219200931157452,5.262935194240325,529292000
2017-11-15,5.188314914703369,5.238226706653889,5.134450502065934,5.236991011954821,501948000
2017-11-16,5.2285919189453125,5.292587449440403,5.219696987450852,5.262442991287378,441768000
2017-11-17,5.222414016723633,5.3210014552563925,5.207342025711992,5.2856682142034,515664000
2017-11-20,5.289621353149414,5.301728523593424,5.201164075467091,5.237979958998255,396100000
2017-11-21,5.338295936584473,5.349909203827224,5.297526968588016,5.329401008983641,399176000
2017-11-22,5.314313888549805,5.365496453370332,5.281675854300861,5.365496453370332,356640000
2017-11-24,5.364505290985107,5.365494722158135,5.306152432119051,5.330631185711029,180752000
2017-11-27,5.29478120803833,5.374398386069229,5.2915667342142285,5.373162303925307,422896000
2017-11-28,5.2099714279174805,5.309369217528672,5.148898785735421,5.299973390146273,512752000
2017-11-29,4.856639862060547,5.195382930810033,4.728312759220756,5.192663173060931,1396788000
2017-11-30,4.96271276473999,5.011422692257335,4.862326501765291,4.9253770545036,823768000
2017-12-01,4.88779354095459,4.948371927275592,4.758972211909841,4.928096600616302,811548000
2017-12-04,4.615313529968262,4.952573200506917,4.561905950846424,4.946391379099282,1240844000
2017-12-05,4.642018795013428,4.764658757064247,4.464982277175279,4.5099830085003445,981488000
2017-12-06,4.67960262298584,4.70136115344428,4.57031431177538,4.591578598136448,467032000
2017-12-07,4.747104167938232,4.786912986996404,4.700866873769212,4.746362330116402,542600000
2017-12-08,4.7347412109375,4.816089170850988,4.726334344878298,4.797049925385037,466876000
2017-12-11,4.8131208419799805,4.816088192507253,4.7330094518468995,4.748833749302735,372748000
2017-12-12,4.718669414520264,4.792847063420354,4.695180085085747,4.769604856049477,455016000
2017-12-13,4.603446006774902,4.760949019862094,4.596028102547145,4.759712938294229,554280000
2017-12-14,4.610616683959961,4.681579844732686,4.564379400972014,4.597017427597989,438164000
2017-12-15,4.736470699310303,4.756746021071308,4.589599592358676,4.65462851790253,670036000
2017-12-18,4.893232822418213,4.896199701410569,4.747350660805494,4.777021337156648,477704000
2017-12-19,4.848973751068115,4.889029685328241,4.820539154678573,4.88383729307294,373100000
2017-12-20,4.866033554077148,4.8974350228678345,4.810400455045951,4.888286793689628,288820000
2017-12-21,4.84353494644165,4.894469916733646,4.835128080146963,4.869496911522012,300904000
2017-12-22,4.82820463180542,4.837600457467436,4.728806860394039,4.806693223085775,466276000
2017-12-26,4.881858825683594,4.889523852932078,4.742899847109419,4.772818118420354,355080000
2017-12-27,4.875183582305908,4.944415961271547,4.853919765964039,4.868507985244181,329488000
2017-12-28,4.880869388580322,4.929826426407871,4.87468803730244,4.898919198411587,240248000
2017-12-29,4.784440994262695,4.907080998059159,4.784440994262695,4.907080998059159,279964000
2018-01-02,4.929085731506348,4.932794920418475,4.809165979772469,4.840814581109414,355616000
2018-01-03,5.2534871101379395,5.283900095222394,5.037878344043075,5.0465323304638,914704000
2018-01-04,5.281179428100586,5.3914566727145115,5.258926187264807,5.334834611060095,583268000
2018-01-05,5.325934410095215,5.363270115965067,5.219118741577012,5.296016138028854,580124000
2018-01-08,5.489123344421387,5.563300495721611,5.404560939196577,5.449562134180357,881216000
2018-01-09,5.487639427185059,5.534123823586648,5.406044375712735,5.494562615091389,497000000
2018-01-10,5.53066349029541,5.534125085037613,5.340769551912294,5.39516610809075,582664000
2018-01-11,5.540553569793701,5.594702999447297,5.519041693847916,5.563301055749088,406032000
2018-01-12,5.513354778289795,5.563053651351608,5.472804606510232,5.528684830554388,359916000
2018-01-16,5.442392349243164,5.625363098023563,5.35783040013635,5.539812189220603,702348000
2018-01-17,5.556378364562988,5.566268433201333,5.363022830194533,5.456980604489931,538408000
2018-01-18,5.549455642700195,5.6038522038125125,5.505938110846168,5.537092466351744,408632000
2018-01-19,5.689651012420654,5.7138821790844485,5.612754079411087,5.639705003532065,609380000
2018-01-22,5.778168678283691,5.779899475720904,5.639951533731707,5.697562564830449,550944000
2018-01-23,5.907236576080322,5.929984060885494,5.813031221356012,5.831575274306714,475228000
2018-01-24,5.83034086227417,5.946304775445436,5.774707744277787,5.910452269224769,579972000
2018-01-25,5.843939304351807,5.928007010548228,5.82910396549565,5.884736604107968,409884000
2018-01-26,6.0165252685546875,6.016772390580219,5.874846532783307,5.887703952214747,516356000
2018-01-29,6.103560447692871,6.134715275397127,5.949271871110835,6.001937635695346,455116000
2018-01-30,6.001443386077881,6.092929013471209,5.894875295170678,5.961635039084161,570832000
2018-01-31,6.077597141265869,6.163395634205631,6.044217279277701,6.076855303674106,478576000
2018-02-01,5.94655179977417,6.104797162986118,5.886221005590821,5.897594751063359,519224000
2018-02-02,5.773965358734131,5.88399550238079,5.715860082434142,5.860011459822233,718464000
2018-02-05,5.283901214599609,5.7667956456032465,5.068786646953531,5.612754183074267,1165204000
2018-02-06,5.57764196395874,5.580608842703883,5.0440593620580705,5.05394990108893,1114800000
2018-02-07,5.6572585105896,5.80981672341025,5.605334596628706,5.676544872637108,802932000
2018-02-08,5.378354072570801,5.816000199737856,5.37810647888514,5.782867920133255,1144000000
2018-02-09,5.73836088180542,5.906743436472376,5.378353565879385,5.890919136003815,1674604000
2018-02-12,5.63822078704834,5.822428097967515,5.5640436186124065,5.8194607471301945,1093172000
2018-02-13,5.751959800720215,5.798197089117275,5.569483282360403,5.6018741907638105,625524000
2018-02-14,5.969298839569092,5.99822815030115,5.700529593122754,5.711656214819168,744988000
2018-02-15,6.094905853271484,6.141143138716344,5.9717716450420975,6.052624878260898,698900000
2018-02-16,6.029136657714844,6.181447327447493,6.019987953437412,6.067708922993821,637656000
2018-02-20,6.1586995124816895,6.2276842950355125,6.047927521889883,6.051636710784751,686240000
2018-02-21,5.971524238586426,6.230156310111665,5.967815521667803,6.223233120339871,892292000
2018-02-22,5.99107027053833,6.07716937775899,5.9255063657260525,6.005420279041789,534364000
2018-02-23,6.084590435028076,6.084590435028076,6.000223221200734,6.05094255410309,415300000
2018-02-26,6.100672721862793,6.1353101792696005,6.038324826630573,6.130856859303006,469312000
2018-02-27,6.087807655334473,6.158319895819096,6.064798283663703,6.073952199692941,455436000
2018-02-28,5.987360000610352,6.138280732826903,5.975731438212464,6.098694920583207,523116000
2018-03-01,5.745143890380859,6.039068750054617,5.643952466131705,5.985132929081464,1040120000
2018-03-02,5.852272033691406,5.858704974940429,5.488824538222596,5.637518822901529,913428000
2018-03-05,5.830254077911377,5.869839893387657,5.678590562544019,5.802049078206995,620776000
2018-03-06,5.991317272186279,6.010615623691204,5.8725598558022165,5.915609407443938,636808000
2018-03-07,5.983401298522949,6.035605248277997,5.887158214729572,5.888395064919926,581208000
2018-03-08,5.967071533203125,6.010863387137588,5.922784656102708,6.010863387137588,411912000
2018-03-09,6.069746494293213,6.082611431572009,5.998491956679985,6.01457336422847,505524000
2018-03-12,6.17935037612915,6.259511565192006,6.102900209034932,6.111065023645987,605060000
2018-03-13,6.128632545471191,6.296625228472433,6.087314854756634,6.222154191771864,619772000
2018-03-14,6.15411376953125,6.198895190501613,6.091765871621693,6.171679774570459,505496000
2018-03-15,6.16895866394043,6.250109421177356,6.126898687888361,6.167721814012432,401952000
2018-03-16,6.197164535522461,6.216215141658403,6.1476820371770895,6.185288698167565,399456000
2018-03-19,5.962618827819824,6.169207258669689,5.863654295918688,6.1402604339249285,713772000
2018-03-20,6.174896240234375,6.213739743665158,5.965585945873619,5.965585945873619,554696000
2018-03-21,6.149662494659424,6.234772044748487,6.119230598309761,6.168465355812698,438688000
2018-03-22,5.983647346496582,6.132836648309609,5.9462884380915035,6.086323351533744,551196000
2018-03-23,5.763947486877441,5.99973049091977,5.752813947502823,5.997256318625397,735620000
2018-03-26,6.048717021942139,6.049953871945451,5.8364379801107225,5.888394174450562,611424000
2018-03-27,5.579625129699707,6.1852885757073715,5.439342924485084,6.129620884145991,1409000000
2018-03-28,5.476454734802246,5.675373361200777,5.368830842312367,5.545235115738316,945904000
2018-03-29,5.729803562164307,5.826541180790241,5.4603722398239825,5.544739471053771,916628000
2018-04-02,5.469032287597656,5.805512152026223,5.381201299188758,5.659292021775899,922092000
2018-04-03,5.575418472290039,5.699124230223077,5.476453960323612,5.636034501313235,667432000
2018-04-04,5.597438812255859,5.607830051624893,5.2946068572581115,5.31959538125032,789168000
2018-04-05,5.477196216583252,5.6689400455128105,5.405694398533135,5.655827359855179,701240000
2018-04-06,5.3007917404174805,5.4826393625081264,5.271597172883745,5.374520458006071,662988000
2018-04-09,5.329492092132568,5.491794096909345,5.309451440206582,5.363882281210419,499524000
2018-04-10,5.6387553215026855,5.665722988747634,5.502678719772305,5.559830996317057,761676000
2018-04-11,5.597438812255859,5.665229615687216,5.5647804965531655,5.623911933843662,460244000
2018-04-12,5.804275989532471,5.8220897495597805,5.646179990053035,5.690466878475058,593920000
2018-04-13,5.7275776863098145,5.876271996670059,5.679332506209749,5.867859905230021,503036000
2018-04-16,5.727328777313232,5.760729385988019,5.6330648687355005,5.734256269017634,350792000
2018-04-17,5.877012729644775,5.898290228235538,5.7238651387100745,5.779532820877773,447224000
2018-04-18,5.8480658531188965,5.919320396940565,5.758998027266827,5.826541077415477,391364000
2018-04-19,5.666714191436768,5.767163318548552,5.611294243733769,5.733762701395363,471996000
2018-04-20,5.658548831939697,5.742421037293462,5.627375116953344,5.658053808824035,386200000
2018-04-23,5.53904914855957,5.72757650882197,5.513071052600187,5.676362615630618,427508000
2018-04-24,5.472743511199951,5.660775867659746,5.40742687927811,5.564780540553449,414596000
2018-04-25,5.360419273376465,5.482145911707345,5.203065590990277,5.443054648803474,588492000
2018-04-26,5.572201251983643,5.580366064970977,5.456165300633017,5.522224215557993,375824000
2018-04-27,5.599663734436035,5.69788640272496,5.55735648951256,5.678093503727433,400848000
2018-04-30,5.564284324645996,5.6657229972684915,5.544986447487554,5.615993235183322,327844000
2018-05-01,5.619704723358154,5.6224261704524165,5.497483104497938,5.556119978365072,253788000
2018-05-02,5.599169731140137,5.660774858056326,5.572943889654946,5.616241184879557,268248000
2018-05-03,5.76444149017334,5.790667336480316,5.585810325843022,5.6310867779154075,443144000
2018-05-04,5.9146199226379395,5.917836393254127,5.7184227654509865,5.735741496615026,400660000
2018-05-07,6.152629375457764,6.209781656421466,6.009377995598094,6.019274682409126,687616000
2018-05-08,6.195183753967285,6.197905200998077,6.10388857329828,6.1528760355524,506616000
2018-05-09,6.328291416168213,6.3305183123047994,6.188009228963502,6.215224646210626,596760000
2018-05-10,6.435915946960449,6.445069863572011,6.363424081401196,6.381237835302107,994080000
2018-05-11,6.297365188598633,6.42750388950413,6.1986484226638865,6.25406836143427,1214456000
2018-05-14,6.317900657653809,6.395340870505359,6.294149456560401,6.33546713677606,523140000
2018-05-15,6.075437545776367,6.2570378979683445,5.9749884293712805,6.254315978483683,963528000
2018-05-16,6.086570739746094,6.148670895131908,5.999976613682595,6.036840971555056,553828000
2018-05-17,6.128632545471191,6.222401467457533,6.072222543727887,6.088304429399473,519784000
2018-05-18,6.084838390350342,6.243923897846285,6.079890047099771,6.180586897458933,483716000
2018-05-21,6.042778015136719,6.186029380995533,5.94999870890121,6.182318359754098,640624000
2018-05-22,6.004678249359131,6.081375695397362,5.944062213814355,6.05613989549835,518264000
2018-05-23,6.128211498260498,6.129449585175191,5.947736956949637,5.948479714660092,442956000
2018-05-24,6.131925106048584,6.174258992213824,6.071272065716584,6.12449847297469,437372000
2018-05-25,6.171287536621094,6.1876267893280135,6.108901556572018,6.144550620572662,292112000
2018-05-29,6.154205799102783,6.222286415226868,6.107416311991287,6.153215612863276,352684000
2018-05-30,6.263134956359863,6.271799677085783,6.163119053013903,6.187875600313042,390996000
2018-05-31,6.243330001831055,6.317847074520102,6.220554298717308,6.231199392447795,493868000
2018-06-01,6.377756595611572,6.3839460860221715,6.27947364527262,6.2881383652172715,421968000
2018-06-04,6.556746959686279,6.578779905209056,6.3797382767103175,6.411921458982363,642024000
2018-06-05,6.562193870544434,6.599823789929609,6.515156471312965,6.559965596820865,391712000
2018-06-06,6.564173698425293,6.567392158361437,6.455740496721031,6.472079752761289,371356000
2018-06-07,6.508471965789795,6.572343473392094,6.4181104934033755,6.560460292398204,369448000
2018-06-08,6.493122100830078,6.535702943284056,6.416872092287869,6.435687047857706,360456000
2018-06-11,6.452027797698975,6.522088332007463,6.439154428913196,6.480497666172766,265372000
2018-06-12,6.500549793243408,6.5126804032759855,6.428260990164104,6.478516846776686,319160000
2018-06-13,6.496094226837158,6.577047757706398,6.486934175360085,6.502035818039592,338208000
2018-06-14,6.607745170593262,6.6644374732379,6.526296319370757,6.54115053183261,430016000
2018-06-15,6.566897869110107,6.621857236512699,6.519613037744309,6.550558610482093,432260000
2018-06-18,6.562687873840332,6.580264742737644,6.495597913420497,6.522829688785232,356268000
2018-06-19,6.440886974334717,6.526791903776803,6.313391381634314,6.459454032349933,594932000
2018-06-20,6.4938645362854,6.546843040157841,6.4436086903568315,6.481981357337177,369780000
2018-06-21,6.365131378173828,6.544120417407566,6.357456844182729,6.525800790553898,359516000
2018-06-22,6.212631702423096,6.3992957582233005,6.197283105778945,6.385927062078425,434160000
2018-06-25,5.919763088226318,6.109892556671241,5.831135037324501,6.106179239895131,665816000
2018-06-26,5.990814685821533,6.08142359501043,5.939321211618251,6.033148580992837,478884000
2018-06-27,5.835590839385986,6.100732221916375,5.830144106551269,6.034385019153189,453892000
2018-06-28,5.962841033935547,5.974724217779136,5.818015498153808,5.825690034711459,338012000
2018-06-29,5.864803791046143,6.040574378989701,5.863565703980702,6.027948912950128,392300000
2018-07-02,5.997002601623535,6.000715917974597,5.774689505926669,5.795237404493918,357572000
2018-07-03,5.863317966461182,6.037603501810378,5.854900674750462,6.031661911908214,222732000
2018-07-05,6.009134292602539,6.014085224566068,5.879657859870504,5.9185253908875675,306216000
2018-07-06,6.123013019561768,6.13143031117656,5.9633337961685315,5.9846244537259965,296352000
2018-07-09,6.170544624328613,6.206936917303925,6.091819393545013,6.197282011898958,303880000
2018-07-10,6.269571781158447,6.291604725446444,6.142571059020056,6.182924103016281,360016000
2018-07-11,6.127964973449707,6.211394194953113,6.117319407619024,6.176735311299435,367508000
2018-07-12,6.219563007354736,6.267590582911616,6.163366040922547,6.173268848010982,345508000
2018-07-13,6.172277927398682,6.238130269602753,6.13019194344398,6.238130269602753,246988000
2018-07-16,6.144551753997803,6.197530738865277,6.132173715981831,6.144551753997803,197036000
2018-07-17,6.280465126037598,6.295566768020601,6.069787729317113,6.095287037376838,362136000
2018-07-18,6.231199264526367,6.286901378443037,6.180201126016283,6.273037825146776,277640000
2018-07-19,6.239367961883545,6.273037127219197,6.197282449597613,6.212383616104394,235752000
2018-07-20,6.211147308349609,6.275761578023965,6.200254313025779,6.236894044793634,222352000
2018-07-23,6.174507141113281,6.18639032204812,6.022749863935073,6.184657377836451,301584000
2018-07-24,6.15717887878418,6.309183613635119,6.139601532560739,6.222535914257081,354620000
2018-07-25,6.235406875610352,6.24803281192011,6.108653599898983,6.16658397763287,319112000
2018-07-26,6.308934688568115,6.345821847377965,6.1985211128845465,6.21535569840009,325124000
2018-07-27,6.239120960235596,6.352505555913222,6.185151792793048,6.345573779562055,295420000
2018-07-30,6.04379415512085,6.259175548808796,6.008887364027103,6.2532339572993925,340340000
2018-07-31,6.061863899230957,6.136628383854603,5.994526519029235,6.03339404056791,283988000
2018-08-01,6.101724147796631,6.148514122412983,6.037852628622784,6.093307325910319,283556000
2018-08-02,6.204461574554443,6.208422319466648,5.971503383548168,6.030423477747605,269668000
2018-08-03,6.241101264953613,6.264867624865823,6.212136545026433,6.228970656471044,214288000
2018-08-06,6.288881301879883,6.292347189956352,6.181933628553498,6.228475689063752,207508000
2018-08-07,6.361170768737793,6.3797382980824064,6.310915386301823,6.337652307467584,258132000
2018-08-08,6.397561550140381,6.442618564726775,6.327501034895026,6.362407814359705,262100000
2018-08-09,6.3490400314331055,6.418110370372209,6.341365496862997,6.415387239819953,204280000
2018-08-10,6.30769681930542,6.340127901874813,6.2559559220743575,6.267096345053591,256396000
2018-08-13,6.340622901916504,6.4614346132193425,6.314628738442863,6.316361682674439,375208000
2018-08-14,6.472079753875732,6.486191208571776,6.362903794306493,6.44608559021446,466220000
2018-08-15,6.413902759552002,6.526792042358602,6.335177034207872,6.492875441269269,591136000
2018-08-16,6.3733015060424805,6.486191255662856,6.313143314165692,6.48371555355449,801260000
2018-08-17,6.060874938964844,6.262640164081372,6.033890117974757,6.26189740626977,1143188000
2018-08-20,6.13563871383667,6.2683331130999695,5.90985972565034,6.02027375415718,854388000
2018-08-21,6.271305561065674,6.275761636223865,6.132174211551953,6.151979357293185,673988000
2018-08-22,6.506490707397461,6.51144211119561,6.235160295506525,6.238626183726857,749856000
2018-08-23,6.606012344360352,6.671369369345919,6.454007633900429,6.467871188025622,720684000
2018-08-24,6.739201068878174,6.753807378631787,6.609972554322541,6.614428628584489,531512000
2018-08-27,6.830306053161621,6.904575230164373,6.737469345812224,6.768909772052012,505776000
2018-08-28,6.792675495147705,6.847139993862328,6.6726065471906875,6.824363819154499,475384000
2018-08-29,6.898195743560791,6.923213395504283,6.76418998756487,6.784996691464392,420108000
2018-08-30,6.881352424621582,6.978203291393143,6.844445090068747,6.866985687510032,346608000
2018-08-31,6.952441692352295,6.96532209979279,6.851379888603767,6.861288112381122,306592000
2018-09-04,7.027247905731201,7.064897932133263,6.910828624935494,6.9393140629631205,391720000
2018-09-05,6.896461009979248,7.045081058013868,6.815463218448661,7.009660056016559,393156000
2018-09-06,6.755273342132568,6.882591110068217,6.722329390142273,6.880114053703881,322796000
2018-09-07,6.733972072601318,6.859555958859922,6.618295940180846,6.663129577500161,295420000
2018-09-10,6.805060863494873,6.834785066434242,6.712668979164902,6.756511883219111,220140000
2018-09-11,6.757255554199219,6.846427224805588,6.73793470272686,6.758741410120006,243112000
2018-09-12,6.643312931060791,6.736943581313821,6.487757290067149,6.7173751670721416,419092000
2018-09-13,6.721091270446777,6.811749267944095,6.69186266602876,6.709201588573312,305536000
2018-09-14,6.847169876098633,6.913305814251607,6.774593969570739,6.811501305017909,386936000
2018-09-17,6.785244464874268,6.870701247743686,6.765924088499533,6.821656670273034,205528000
2018-09-18,6.713163375854492,6.892002756900242,6.706475844315346,6.789207530848946,299520000
2018-09-19,6.73694372177124,6.754778244203214,6.644551833978863,6.694587144389223,224860000
2018-09-20,6.595754146575928,6.65718353212217,6.541755456951724,6.614826959036045,430584000
2018-09-21,6.525653839111328,6.653219611686341,6.492462331470898,6.6076428253031505,435128000
2018-09-24,6.581386089324951,6.584853872712715,6.407500847381252,6.494691032180784,293912000
2018-09-25,6.648512840270996,6.673530488304295,6.561817781789731,6.647522112494934,280388000
2018-09-26,6.611607074737549,6.693843641413978,6.595754481678324,6.6534685221957535,268548000
2018-09-27,6.623497486114502,6.668083558628959,6.592039860417234,6.646781250490906,214428000
2018-09-28,6.960864543914795,6.983157579538014,6.727531306502003,6.7555216192112315,709396000
2018-10-01,7.167443752288818,7.234322359152,6.9999984901976315,7.038639704526367,622060000
2018-10-02,7.0961079597473145,7.251663111699888,7.073814927662363,7.139950859854365,383964000
2018-10-03,7.102301597595215,7.173886782084846,6.998267587274388,7.166455612615424,320552000
2018-10-04,6.9180121421813965,7.0904110963959175,6.8409772533325635,7.066136607030106,391220000
2018-10-05,6.684431076049805,6.955414795856076,6.626964598911603,6.89324224251634,426636000
2018-10-08,6.5831217765808105,6.7166319458750126,6.442180438378793,6.601203862384665,408612000
2018-10-09,6.577425003051758,6.657184043097832,6.509555171883539,6.562562665166618,273500000
2018-10-10,6.085740566253662,6.517234053566455,6.083511073784917,6.471409219382642,684940000
2018-10-11,5.8241682052612305,6.132059206262456,5.802618339176637,5.998548589627341,725436000
2018-10-12,6.106793403625488,6.181103659959105,5.936128370047266,6.0812806266491855,608236000
2018-10-15,5.830360412597656,6.093417780744375,5.829369684786287,6.093417780744375,449760000
2018-10-16,6.089206695556641,6.100353209970206,5.8937715837922,5.9430637165565985,408712000
2018-10-17,6.020594596862793,6.189526229488205,5.971550020768345,6.151380133114655,329668000
2018-10-18,5.933156490325928,6.128344071040211,5.87271783299642,6.089950882405961,524020000
2018-10-19,5.676541328430176,6.007963793569048,5.640129584134401,5.988395847218427,613608000
2018-10-22,5.7273173332214355,5.828874259916589,5.624522114837357,5.728803661208219,368844000
2018-10-23,5.475654602050781,5.553184608235103,5.367904797719125,5.460049102823019,626436000
2018-10-24,4.939384937286377,5.4838294422939455,4.925513799891303,5.437261917481859,884288000
2018-10-25,5.148195266723633,5.1955059479505135,4.797452087169348,4.841790584775478,951720000
2018-10-26,4.911641597747803,5.073884735279898,4.783580696050588,4.9121367254330455,664784000
2018-10-29,4.597805976867676,5.056298486593291,4.3597662444605065,5.052830702836374,758016000
2018-10-30,5.028308391571045,5.03821661555016,4.597806170111114,4.620842365657446,807192000
2018-10-31,5.2222580909729,5.265853429575412,5.053326449169521,5.193029489314998,745772000
2018-11-01,5.402584552764893,5.411997178609997,5.1320959322400155,5.258670544637143,566528000
2018-11-02,5.323566913604736,5.498938505263026,5.206900083024402,5.393170626309231,452960000
2018-11-05,5.245542049407959,5.3337234579147905,5.084784734247469,5.310439223306944,379332000
2018-11-06,5.227956771850586,5.321835006302507,5.190801391411056,5.2376169628867375,299012000
2018-11-07,5.295576095581055,5.38524333852347,5.2309265009880415,5.294585367792474,483812000
2018-11-08,5.102370262145996,5.237118684753024,5.04886671175198,5.236375520830185,511352000
2018-11-09,5.094444751739502,5.184855177149262,4.9797598369635905,5.0134469509237825,413240000
2018-11-12,4.694906234741211,5.025090402430802,4.673108323339385,5.003044927077904,617116000
2018-11-13,4.9369072914123535,5.058280201575201,4.7865533455384375,4.792746221807563,644712000
2018-11-14,4.884394645690918,5.124415832052644,4.776397749868306,5.110049096973222,526580000
2018-11-15,5.013199806213379,5.085280588682845,4.842534257373796,4.878450866655517,840708000
2018-11-16,4.072931289672852,4.227248189093784,4.003079519389612,4.045436574600796,1963520000
2018-11-19,3.5842177867889404,4.008279772741511,3.5824838949670417,4.007537081203629,1697820000
2018-11-20,3.6927108764648438,3.821019364459403,3.3020881359532557,3.3206655850777453,1692032000
2018-11-21,3.584465265274048,3.8467794691761874,3.557218360689491,3.829935915275277,1025496000
2018-11-23,3.591648817062378,3.705342988905864,3.5369072050145935,3.549787612111137,411968000
2018-11-26,3.7910475730895996,3.801450924983319,3.630290274024545,3.712774397567715,814832000
2018-11-27,3.807891368865967,3.8891369695085185,3.7291228244184818,3.765039194346623,738060000
2018-11-28,3.964932918548584,3.970134594593303,3.793029100299068,3.9255485299527764,804524000
2018-11-29,3.9017064571380615,4.004356732968369,3.871456890931644,3.967164658875983,549172000
2018-11-30,4.052211284637451,4.062872859190397,3.861043303532666,3.9113767275238516,729564000
2018-12-03,4.216104507446289,4.331152465815573,4.149158484957535,4.279579275713682,890804000
2018-12-04,3.895507335662842,4.1764320017087915,3.8803823181221584,4.1714729330473075,812112000
2018-12-06,3.9247658252716064,3.929724658288641,3.7393008357901354,3.754921479016749,692308000
2018-12-07,3.659956693649292,3.9391459631055237,3.6106152384746335,3.9289800144561564,681676000
2018-12-10,3.7653353214263916,3.7901301964244136,3.611359663174641,3.6150789653627804,629472000
2018-12-11,3.6743381023406982,3.8652577642644252,3.595242702354769,3.8570754896611024,671912000
2018-12-12,3.6919424533843994,3.7881460746523534,3.590779763116965,3.6800408769547865,654136000
2018-12-13,3.6916942596435547,3.8030228950890743,3.6557419566620117,3.73880446743354,471384000
2018-12-14,3.631195068359375,3.7338453315542997,3.6076399648875306,3.6500389146754397,471820000
2018-12-17,3.5600340366363525,3.673346112799722,3.502014207312883,3.6011934573056377,662868000
2018-12-18,3.6433448791503906,3.727399117358225,3.5766469105384826,3.6039210822551433,564372000
2018-12-19,3.4343247413635254,3.663180631015626,3.382751556488524,3.609623771160265,745364000
2018-12-20,3.3497745990753174,3.5158996323044054,3.2900191399705427,3.4258946080453714,749588000
2018-12-21,3.2126598358154297,3.409282511134849,3.1851376127738256,3.376305358516068,863740000
2018-12-24,3.1509199142456055,3.2228247491344155,3.0869493048575865,3.1362909938536414,463840000
2018-12-26,3.300184965133667,3.301176684342134,3.0859580096509,3.197038600687574,695100000
2018-12-27,3.252330780029297,3.2823325318403334,3.103810072678482,3.2478678072232823,637044000
2018-12-28,3.313821792602539,3.4065543920783967,3.2310073306402356,3.272910421204782,628728000
2018-12-31,3.310102701187134,3.3896937205326476,3.27935704264688,3.357212671695011,465140000
2019-01-02,3.3775453567504883,3.4335815260539375,3.224561634673241,3.2391905607766227,508752000
2019-01-03,3.1734836101531982,3.351262171811859,3.166045242899346,3.3172933048553106,705552000
2019-01-04,3.3768012523651123,3.4149850477333126,3.215883085863132,3.246628513316436,585620000
2019-01-07,3.5555708408355713,3.592515097909352,3.3827511309287037,3.4340764977626783,709160000
2019-01-08,3.4670538902282715,3.6393777646665835,3.3944051330701552,3.6371460416093,786016000
2019-01-09,3.5352394580841064,3.5825974791842783,3.467797585926189,3.518378812698559,617260000
2019-01-10,3.600944757461548,3.609622890017016,3.4553994691305814,3.515898821956582,523156000
2019-01-11,3.69020676612854,3.713017962937659,3.5508600508146664,3.5786300800806794,874764000
2019-01-14,3.730125904083252,3.7554166334590917,3.6143343018729,3.6378894045494863,730168000
2019-01-15,3.715994358062744,3.8022800996257637,3.697646129168069,3.7628562950734623,617012000
2019-01-16,3.6904549598693848,3.7762448274721265,3.6850002672480735,3.743267914303752,470104000
2019-01-17,3.7618637084960938,3.801783363580027,3.6302034030080113,3.657477810196698,493436000
2019-01-18,3.8910439014434814,3.917078537487122,3.760127523061,3.8117006991417095,651336000
2019-01-22,3.688718557357788,3.8724478794601676,3.6584689968596265,3.8607943524990267,661552000
2019-01-23,3.701612949371338,3.832777415051962,3.6703716605132333,3.7440121454149358,591020000
2019-01-24,3.9136080741882324,3.9312121556717474,3.7814519020358155,3.786162923358028,708972000
2019-01-25,3.970883369445801,3.9889835452337747,3.751449773577879,3.854100040232143,1154572000
2019-01-28,3.4219274520874023,3.5119324814477597,3.2481162301587734,3.3857270964828285,2511528000
2019-01-29,3.2629921436309814,3.424158312707822,3.2483632235325217,3.375808343754077,1153932000
2019-01-30,3.4065542221069336,3.420935095153503,3.2595211039722796,3.3391123564405696,974228000
2019-01-31,3.564249277114868,3.5999537700718065,3.381511650957612,3.4033311290039148,842852000
2019-02-01,3.588548421859741,3.6396257502642957,3.5352398432141046,3.582845681072949,625048000
2019-02-04,3.698885202407837,3.736077276487446,3.582349674384186,3.6044169653657825,528592000
2019-02-05,3.7179768085479736,3.7546730201199225,3.677065435672829,3.7107862531755473,542424000
2019-02-06,3.7936015129089355,3.858067999794347,3.745747625649884,3.7512023185284105,702464000
2019-02-07,3.6552460193634033,3.7494662025740335,3.612351207362776,3.7472347160999955,637120000
2019-02-08,3.673842430114746,3.6845040032769223,3.5736714548923616,3.5880523299589884,461604000
2019-02-11,3.631195068359375,3.684007778694391,3.5828450942370194,3.6297072531604107,495180000
2019-02-12,3.7482261657714844,3.7638470428892514,3.6552457565021763,3.6696268664543163,591060000
2019-02-13,3.790625810623169,3.8637704270231525,3.764095310280993,3.777732514292954,605372000
2019-02-14,3.8315372467041016,3.8598033744424294,3.7464910518989147,3.7896341511998997,827264000
2019-02-15,3.901210308074951,4.063119936975075,3.878399111087039,4.0403089764485856,1516748000
2019-02-19,3.8838541507720947,3.9644373733081624,3.8714569501924943,3.8905488471711496,551892000
2019-02-20,3.9312121868133545,3.998406016739062,3.9019545758192185,3.9131120090797458,540988000
2019-02-21,3.8622825145721436,3.96840404035036,3.847653591659879,3.943857452084166,448548000
2019-02-22,3.9470808506011963,3.9659249359090167,3.900466733438855,3.914103937773953,401740000
2019-02-25,3.934683084487915,4.098080519122409,3.926004714319393,4.030638887763468,656020000
2019-02-26,3.8952598571777344,3.986008793383346,3.861786848202793,3.9299726334993155,488464000
2019-02-27,3.8533568382263184,3.907409324142628,3.796328721449508,3.880879059071465,500256000
2019-02-28,3.8287839889526367,3.869489456730532,3.8064458909473933,3.8471511220201773,324944000
2019-03-01,3.883141040802002,3.925335387278804,3.820345536688105,3.878673231460716,357188000
2019-03-04,3.891331911087036,3.944447361102525,3.8347413929030174,3.9216126528980455,409992000
2019-03-05,3.884878396987915,3.923101540902411,3.821338219505678,3.8756947114689986,362924000
2019-03-06,3.7739315032958984,3.8843819061686955,3.771201346278705,3.8759431314313995,403524000
2019-03-07,3.7046825885772705,3.7600320584519524,3.6585168042054814,3.7503520022985217,450104000
2019-03-08,3.7389349937438965,3.7496077918450132,3.593984103274318,3.6153296994765514,422416000
2019-03-11,3.9995481967926025,4.022382666386478,3.7153552946509762,3.762514055869077,859728000
2019-03-12,4.033802032470703,4.0802156650443315,3.951150014533504,4.027348501404682,579576000
2019-03-13,4.185204029083252,4.214492026797337,4.063832532785708,4.071278802401407,768900000
2019-03-14,4.109253883361816,4.206301561816602,4.101559546771888,4.194387719779923,519384000
2019-03-15,4.21474027633667,4.257430988320888,4.14896608279562,4.152440913694454,661484000
2019-03-18,4.19339656829834,4.300124106341274,4.166342109789452,4.246263729792407,486992000
2019-03-19,4.361180782318115,4.405609393358679,4.271083225217314,4.287960776280812,854972000
2019-03-20,4.328665256500244,4.443583210183078,4.293916476017541,4.390219468087314,719148000
2019-03-21,4.565450668334961,4.5917604380784125,4.346783934818257,4.35174811377516,824312000
2019-03-22,4.405608654022217,4.586796952653689,4.391709329569417,4.53814931706889,747644000
2019-03-25,4.313277721405029,4.429188446763211,4.247007380167557,4.364904061745985,525212000
2019-03-26,4.38997220993042,4.511095173132419,4.333629760613929,4.45500126420522,703508000
2019-03-27,4.380788326263428,4.461950725302951,4.31129170245478,4.4155371115779944,474372000
2019-03-28,4.3994035720825195,4.465177294865501,4.346287891849859,4.40684936807442,480264000
2019-03-29,4.456739902496338,4.481064202011498,4.4157865894398,4.466171657799671,456896000
2019-04-01,4.52424955368042,4.554530289501977,4.476842730916714,4.548573369112961,483824000
2019-04-02,4.542120456695557,4.586549061987976,4.505386661632689,4.548325918273567,440920000
2019-04-03,4.681612014770508,4.740684634863608,4.586798331541443,4.591762512741275,783504000
2019-04-04,4.672675609588623,4.715118258578977,4.609880107203589,4.6662220810838715,457376000
2019-04-05,4.739442825317383,4.756817457582848,4.67937794376251,4.715863677358308,481744000
2019-04-08,4.76029109954834,4.785359590117947,4.684837087482049,4.708912836852395,424192000
2019-04-09,4.697495937347412,4.737953102911111,4.655301356208773,4.726783935156464,439972000
2019-04-10,4.767985820770264,4.793798990240067,4.692284201535261,4.696751774441518,444772000
2019-04-11,4.754087448120117,4.801990898146902,4.704695122432836,4.770468867668649,374600000
2019-04-12,4.71611213684082,4.796778422135941,4.7074250566903135,4.792806982605554,471708000
2019-04-15,4.584314823150635,4.71338065396783,4.54460233265461,4.708416474303269,440092000
2019-04-16,4.671433925628662,4.690297428757743,4.5907681401376825,4.623530966959727,394964000
2019-04-17,4.648600101470947,4.727280415448126,4.626261764324953,4.706431427021271,351004000
2019-04-18,4.624028205871582,4.689305808166464,4.596229551842549,4.655302165064566,380988000
2019-04-22,4.677886962890625,4.6935237004049934,4.568925934135492,4.600447476086951,279936000
2019-04-23,4.732491970062256,4.763765921536581,4.681362247819457,4.691042066256895,346856000
2019-04-24,4.744903564453125,4.785608803838229,4.6821080528027155,4.742917608168504,318204000
2019-04-25,4.639168739318848,4.727032746583743,4.5594956772888,4.704694407556375,499296000
2019-04-26,4.420252799987793,4.489749897976611,4.301363390472027,4.485281852044919,868988000
2019-04-29,4.45103120803833,4.478829864495743,4.355968987115002,4.428196259226626,391920000
2019-04-30,4.492480754852295,4.5180453857010745,4.39965256509003,4.418764139826891,362920000
2019-05-01,4.479325771331787,4.587046021665561,4.4790772309306055,4.544851436109556,354280000
2019-05-02,4.546837329864502,4.588535311797683,4.445818666435667,4.4890059972694125,394684000
2019-05-03,4.5423688888549805,4.565203358386755,4.4808141957671275,4.555275472236926,336824000
2019-05-06,4.463935852050781,4.476097758958086,4.318736696518182,4.355967091415463,422176000
2019-05-07,4.296648025512695,4.415537442624855,4.248496519172208,4.415537442624855,555220000
2019-05-08,4.316751480102539,4.396921127904122,4.2571827499172645,4.269096590636356,419168000
2019-05-09,4.224172592163086,4.25743203422995,4.105283638144469,4.247752213406647,660248000
2019-05-10,4.190168857574463,4.258921290099019,4.070534758323746,4.193395622248543,569500000
2019-05-13,3.932781934738159,4.081207660687473,3.916896889003723,4.058124648126851,656912000
2019-05-14,4.021887302398682,4.057132228223643,3.9337749878362804,3.972494508794719,524880000
2019-05-15,3.9608287811279297,3.997314511530996,3.906968656684929,3.9662890953159273,502320000
2019-05-16,3.975969076156616,4.018660270257618,3.9129257365212378,3.9553683902143453,781088000
2019-05-17,3.8851265907287598,4.063336679179551,3.8456624005455144,3.9340227704169433,1022068000
2019-05-20,3.7664849758148193,3.841442380810871,3.7416645521148286,3.7863412200927704,572064000
2019-05-21,3.8486404418945312,3.864525486029499,3.7885753332732044,3.8272950839699766,361848000
2019-05-22,3.7776544094085693,3.8359821015032556,3.7667333085913923,3.8099208678136467,325868000
2019-05-23,3.656531572341919,3.715355640804096,3.596714525805448,3.715355640804096,591844000
2019-05-24,3.6026716232299805,3.710639945310782,3.595970026898339,3.6753950212295177,357584000
2019-05-28,3.5574984550476074,3.6530567960748073,3.5555127355741414,3.62029396334607,428356000
2019-05-29,3.483285427093506,3.54483964859207,3.4485368777206618,3.5098430322459575,559800000
2019-05-30,3.4566969871520996,3.5222974311972357,3.4184299824673445,3.4865153492657726,394300000
2019-05-31,3.365999698638916,3.475085359045798,3.364260299850263,3.4077455065418905,389720000
2019-06-03,3.324254035949707,3.415945468963733,3.2949326074787635,3.377181522479234,478644000
2019-06-04,3.553359270095825,3.5585774671837247,3.366248751464149,3.3883640015474388,641836000
2019-06-05,3.5106194019317627,3.632626388818064,3.474340374336599,3.627159604873816,511616000
2019-06-06,3.5727415084838867,3.5973416838340793,3.5123592383538353,3.514844161999397,408140000
2019-06-07,3.615480422973633,3.6497714614073336,3.5595708378395097,3.5787044614283463,348856000
2019-06-10,3.6882870197296143,3.7568693328474825,3.6716383194283226,3.6716383194283226,402780000
2019-06-11,3.7459359169006348,3.7859423270741654,3.706426680944435,3.7481722529773527,383872000
2019-06-12,3.6328742504119873,3.7086627431420967,3.6177165992610254,3.702450435637407,358892000
2019-06-13,3.6840624809265137,3.7024503419343064,3.6373468301796885,3.6549894038860207,308080000
2019-06-14,3.5941102504730225,3.6152316217197287,3.5493828219905184,3.590880040199555,394428000
2019-06-17,3.6038010120391846,3.6408255549665602,3.569509741927157,3.592370509676751,276040000
2019-06-18,3.798863172531128,3.8542755782419014,3.6542440261118205,3.665177355007258,581920000
2019-06-19,3.8048272132873535,3.8455789092207207,3.7787359948257992,3.8341486421815967,331644000
2019-06-20,3.82917857170105,3.909439734298093,3.814766445196977,3.895524544987224,350168000
2019-06-21,3.7710320949554443,3.8634692714579897,3.764571438451913,3.8142689420023124,434428000
2019-06-24,3.7933967113494873,3.822966727358728,3.7451902461291104,3.7924028369043175,282948000
2019-06-25,3.76407527923584,3.873409525271991,3.761342006026294,3.7983665542934184,311868000
2019-06-26,3.957397937774658,4.018525957113954,3.8786278172000404,3.89154913319608,584072000
2019-06-27,4.056046485900879,4.075179869390578,4.00709450389113,4.0431251722006145,445440000
2019-06-28,4.080896377563477,4.109223935573167,4.034180955140764,4.100029766391317,397668000
2019-07-01,4.1291022300720215,4.322424786421558,4.091580508503092,4.288133512182532,709756000
2019-07-02,4.031198978424072,4.133575645368102,4.018029310568986,4.112454032816839,400228000
2019-07-03,4.044119358062744,4.060271119920086,3.9842342802740562,4.054555749861173,246636000
2019-07-05,3.981502056121826,3.990199051578239,3.918137690424299,3.985726378765042,396552000
2019-07-08,3.9064581394195557,3.940749414807264,3.876391422899167,3.9218643783314424,329788000
2019-07-09,3.908942937850952,3.9370219045679558,3.8515425429015524,3.864215271198063,342860000
2019-07-10,3.9772775173187256,4.034677684211424,3.9385135651266117,3.9524287571005994,452076000
2019-07-11,4.131835460662842,4.17258715519137,4.013058700538229,4.050331597655183,682560000
2019-07-12,4.164884090423584,4.235951562123933,4.159665894238127,4.159665894238127,506392000
2019-07-15,4.156435012817383,4.202156549170008,4.128107935883614,4.186005262064048,289840000
2019-07-16,4.1517157554626465,4.178800619493557,4.096054504361904,4.141527709944799,341444000
2019-07-17,4.217066764831543,4.22402436013915,4.12413262870779,4.153454058632883,348204000
2019-07-18,4.228745460510254,4.291612643522744,4.170848123938029,4.227503235875509,442192000
2019-07-19,4.1855082511901855,4.2734725302329375,4.179544531089781,4.267012109928668,344896000
2019-07-22,4.257072448730469,4.269993763381509,4.199423469983475,4.206878238649661,315940000
2019-07-23,4.36491584777832,4.3669035966048035,4.280678711410599,4.296333773758614,428176000
2019-07-24,4.439462184906006,4.445177555919043,4.332116151944324,4.4081530042839585,366236000
2019-07-25,4.308260440826416,4.410637081474857,4.284902734913751,4.397964117199168,392700000
2019-07-26,4.350255012512207,4.396970426286395,4.33534594882803,4.33534594882803,274160000
2019-07-29,4.344042778015137,4.360194539533935,4.25583014978656,4.343048903667154,248160000
2019-07-30,4.359697341918945,4.371873132029704,4.283163330129323,4.2975756929739335,197772000
2019-07-31,4.192466735839844,4.32913467906299,4.150223985963697,4.328140330542977,359416000
2019-08-01,4.09804105758667,4.293351346307441,4.045858626325427,4.202902146351701,421212000
2019-08-02,4.005355358123779,4.074683426325934,3.9578946585082453,4.005355358123779,428348000
2019-08-05,3.74692964553833,3.8229664862300106,3.6999656448242644,3.8217240247642605,589156000
2019-08-06,3.785693645477295,3.8671972755161237,3.737984353780374,3.821724319840103,361272000
2019-08-07,3.823960304260254,3.835887744575451,3.707420122008641,3.724814108322228,372560000
2019-08-08,3.9325497150421143,3.933792176709901,3.824209569549642,3.8816099715395236,309300000
2019-08-09,3.8311665058135986,3.8950275552977573,3.780723708266258,3.8915487580169263,341816000
2019-08-12,3.7633299827575684,3.831166771411896,3.741463086208342,3.7789845716065726,279200000
2019-08-13,3.877633571624756,3.923603700360023,3.7228266091073827,3.7618389058755786,351956000
2019-08-14,3.7290384769439697,3.8006026457883832,3.68530492352807,3.789420729595488,419880000
2019-08-15,3.6967358589172363,3.767803103434235,3.662444816834416,3.747924190376735,477200000
2019-08-16,3.964852809906006,4.014052915041739,3.898258242288043,3.9596346133465294,1007960000
2019-08-19,4.243654251098633,4.259557663887588,4.062010783209554,4.078162546119248,815112000
2019-08-20,4.171346187591553,4.23868605717847,4.150224572692121,4.238188882848178,463188000
2019-08-21,4.2548370361328125,4.310001107032937,4.215824731438315,4.237443045119387,427244000
2019-08-22,4.261049747467041,4.307019650351775,4.221788617126031,4.264528545804796,303488000
2019-08-23,4.036416530609131,4.23893325882822,4.016537619946256,4.184514723115451,568056000
2019-08-26,4.11121129989624,4.139290505122958,4.072944525822391,4.115187271752885,318208000
2019-08-27,4.020513534545898,4.152211138085143,3.9911921061883855,4.1494778649248,290968000
2019-08-28,4.010067462921143,4.06279875478917,3.9548487877814344,3.994148779286204,255612000
2019-08-29,4.15383243560791,4.1861674479387165,4.098116130853561,4.101598370249486,357976000
2019-08-30,4.166520118713379,4.249845795866056,4.14836264823925,4.200099080453726,290616000
2019-09-03,4.083443641662598,4.126723067212717,4.060560474451665,4.093641770832192,296140000
2019-09-04,4.197610855102539,4.205073003243259,4.144133312810069,4.144133312810069,227728000
2019-09-05,4.470720291137695,4.476938511681045,4.2980997941497545,4.299840914878685,695676000
2019-09-06,4.44360876083374,4.504299398740004,4.405552695528104,4.4473395987908,376976000
2019-09-09,4.489623069763184,4.57618237942632,4.473206722581863,4.474699247167374,417524000
2019-09-10,4.556283950805664,4.582897951801123,4.447090070255237,4.456790531561419,352812000
2019-09-11,4.584887981414795,4.633142164700683,4.5418571597576,4.570959017071614,361512000
2019-09-12,4.583395957946777,4.686122555628932,4.575436616654706,4.631401550523646,327840000
2019-09-13,4.5254411697387695,4.553796766998046,4.481664082333933,4.5167355663372115,324592000
2019-09-16,4.482411861419678,4.51698569074757,4.4398786883485215,4.450325415965298,231832000
2019-09-17,4.503802299499512,4.508030804000582,4.442613993875636,4.489127068967522,223048000
2019-09-18,4.476689338684082,4.5125070852182265,4.390130496189609,4.496836999016965,258152000
2019-09-19,4.401075839996338,4.501066477704556,4.390380043147104,4.482659934073749,245476000
2019-09-20,4.295363426208496,4.42370964515747,4.285165772035777,4.400080216854115,350244000
2019-09-23,4.348840236663818,4.394358439168387,4.291880453151353,4.29561176445156,249712000
2019-09-24,4.291383743286133,4.409780422750438,4.2558150676938835,4.380181371489312,317268000
2019-09-25,4.43316125869751,4.452811252375424,4.246114136424576,4.290886081748511,308432000
2019-09-26,4.411023139953613,4.432165654764178,4.360032982894829,4.423460052906805,234564000
2019-09-27,4.2722320556640625,4.419979212536408,4.211540944947238,4.369237635334425,362056000
2019-09-30,4.329687118530273,4.3398852435167745,4.266757722882972,4.298098359965835,186184000
2019-10-01,4.327946662902832,4.502059653271342,4.3232209679555,4.352820015015438,366008000
2019-10-02,4.304069995880127,4.317998963579431,4.231688703511346,4.306059712860061,293372000
2019-10-03,4.509770393371582,4.515988612789562,4.278200429493553,4.308545738765872,450588000
2019-10-04,4.526187419891357,4.555537875400305,4.446841656742608,4.51200938409003,265524000
2019-10-07,4.584887981414795,4.684629518694976,4.582400598579261,4.591106201293749,480984000
2019-10-08,4.408287525177002,4.493105238511653,4.390130057744838,4.493105238511653,444436000
2019-10-09,4.494845390319824,4.544343490776721,4.456292151341837,4.485144931600306,292412000
2019-10-10,4.552551746368408,4.603541900242034,4.487384034475453,4.492607395263595,309124000
2019-10-11,4.626178741455078,4.7095039506295695,4.617721732762416,4.6366254671037055,446404000
2019-10-14,4.639609336853027,4.660502784972389,4.586380383808158,4.617471960010484,200040000
2019-10-15,4.884361267089844,4.956991606499482,4.715969305595358,4.7298987432274275,664124000
2019-10-16,4.830634593963623,4.955249935639082,4.819193014655875,4.850284582492364,428944000
2019-10-17,4.8326263427734375,4.920180047650738,4.77815345809776,4.875159503632421,263436000
2019-10-18,4.738107204437256,4.865707148616138,4.663736210797421,4.8331230492478525,307440000
2019-10-21,4.875407695770264,4.88883946883408,4.780640445254951,4.799544176164136,261868000
2019-10-22,4.8654584884643555,5.037581303518562,4.857747743872669,4.932367332493109,328720000
2019-10-23,4.852524280548096,4.8667018407863845,4.75153881508556,4.783376651052342,279916000
2019-10-24,4.896550178527832,4.93012866210685,4.859737575270974,4.8938137252049945,232020000
2019-10-25,5.087576866149902,5.108470314069489,4.969428782826784,4.9771395278094595,423092000
2019-10-28,5.143540859222412,5.196023065420324,5.102002092516538,5.131352542406616,330792000
2019-10-29,5.0472822189331055,5.136079850500866,5.027881294936696,5.129612559555518,211236000
2019-10-30,5.049271106719971,5.079865486856086,4.981118339097256,5.074144459222086,205960000
2019-10-31,5.0000224113464355,5.049271453425996,4.920179461449782,5.028378006680686,209732000
2019-11-01,5.0390729904174805,5.071408013598924,4.939579589570618,4.964701535702739,283640000
2019-11-04,5.23582124710083,5.2482581622440865,5.0970287848086295,5.120160545577461,376716000
2019-11-05,5.213684558868408,5.261689677476283,5.16567896584071,5.235572866232116,300868000
2019-11-06,5.164435386657715,5.215176483157133,5.076881210479474,5.189557338926294,269012000
2019-11-07,5.182094573974609,5.2656688324253835,5.137322632860989,5.250993606145686,280340000
2019-11-08,5.168166160583496,5.199755403331977,5.127622718426216,5.165181585587165,189100000
2019-11-11,5.178116321563721,5.201248085248823,5.0811102688957686,5.167420525750098,243436000
2019-11-12,5.213684558868408,5.269649493262924,5.181349052587211,5.2164205379863935,283504000
2019-11-13,5.187816619873047,5.209953524402727,5.121404957444309,5.182344186925834,300188000
2019-11-14,5.218161106109619,5.220399893016231,5.1368256314659595,5.196769992985601,518080000
2019-11-15,5.07887077331543,5.2676585231577295,4.9905703456970345,5.215922100294133,1053628000
2019-11-18,5.280095100402832,5.306709097989301,5.068423727285123,5.07140830175866,574588000
2019-11-19,5.173388957977295,5.27263330067502,5.115185719333257,5.249003876002134,414564000
2019-11-20,5.252735137939453,5.336557998905211,5.13782070147916,5.150506212299905,472588000
2019-11-21,5.2278618812561035,5.303973998776449,5.206222170871296,5.248258137342387,288388000
2019-11-22,5.245522499084473,5.297009860176347,5.221892596099371,5.250496791021487,224100000
2019-11-25,5.502214431762695,5.507189198089121,5.360685508388734,5.373619616185544,506476000
2019-11-26,5.397496700286865,5.4892788851793375,5.391029410873677,5.484552716082053,385244000
2019-11-27,5.432344913482666,5.477398667601776,5.405960057098674,5.443048598428453,215784000
2019-11-29,5.395008087158203,5.429856193035978,5.371111971830681,5.401480149546838,141556000
2019-12-02,5.20857048034668,5.401480884986845,5.1933868641911065,5.388039199592499,372036000
2019-12-03,5.16899299621582,5.17297536598594,4.987533098700521,5.024870426529743,465232000
2019-12-04,5.212801456451416,5.275030488981538,5.18417615845994,5.252627999289107,273424000
2019-12-05,5.195875644683838,5.250388245177091,5.1652586859870295,5.2347065967191515,184884000
2019-12-06,5.281252384185791,5.314109774854385,5.255116308986661,5.265073180359525,232236000
2019-12-09,5.281252384185791,5.3360142271970235,5.249640314593441,5.258352339659818,211880000
2019-12-10,5.326308250427246,5.3780828580650715,5.25860273864014,5.311372938767939,256388000
2019-12-11,5.409943103790283,5.415419574019419,5.33427286065805,5.336762078985866,233796000
2019-12-12,5.577462673187256,5.595633536190462,5.372107185746551,5.381067990186301,404348000
2019-12-13,5.575471878051758,5.699681151188857,5.52145684397913,5.5804503140968444,454704000
2019-12-16,5.604345321655273,5.676779991217114,5.594886484142292,5.623014217337925,320976000
2019-12-17,5.682506084442139,5.705157352064789,5.613556214513356,5.623015053432788,321196000
2019-12-18,5.712873935699463,5.773360560587124,5.7088910916610445,5.717354338511544,343548000
2019-12-19,5.860979080200195,5.874420763919292,5.742495044080471,5.74747348062605,445360000
2019-12-20,5.958305358886719,5.983694625150512,5.908273164533799,5.92743962261988,603044000
2019-12-23,5.944614887237549,6.019040755408078,5.933911676178514,5.9869306474611435,355060000
2019-12-24,5.93963623046875,5.956811503220204,5.894831253685792,5.929181799188702,138864000
2019-12-26,5.953824520111084,5.981951781932293,5.924203157740431,5.943120835049996,182852000
2019-12-27,5.89607572555542,5.982449642589246,5.869690394879797,5.969007960500388,254644000
2019-12-30,5.782819747924805,5.879399330050427,5.751456451582098,5.87417211399331,258056000
2019-12-31,5.856997013092041,5.86645585310893,5.728307317842434,5.74747377728538,231004000
2020-01-02,5.971745491027832,5.971745491027832,5.892341675381345,5.942871419408177,237536000
2020-01-03,5.876163005828857,5.919972391625994,5.827126404235172,5.8520181115010415,205384000
2020-01-06,5.900805950164795,5.906033166396497,5.756683859907929,5.782819941066442,262636000
2020-01-07,5.972242832183838,6.018043389465266,5.884126527149905,5.929180271708037,314856000
2020-01-08,5.983445644378662,6.024765810938136,5.927937456660726,5.968012776764655,277108000
2020-01-09,6.049159526824951,6.121594208507884,5.995393743948689,6.069819610250797,255112000
2020-01-10,6.081518650054932,6.186810255901487,6.067330628243906,6.156442552812923,316296000
2020-01-13,6.27218770980835,6.297328193460846,6.142004414452742,6.164656154968752,319840000
2020-01-14,6.155197620391846,6.254763967703646,6.142004717361064,6.229374228669526,359088000
2020-01-15,6.11263370513916,6.190295612396146,6.086746402720165,6.167893120888558,263104000
2020-01-16,6.196268558502197,6.202242586844452,6.142751557564768,6.166149637417852,284192000
2020-01-17,6.204980850219727,6.22290293601468,6.157437875586734,6.2154352815743295,253792000
2020-01-21,6.171626091003418,6.205229822302754,6.137524326189438,6.168390060082717,217916000
2020-01-22,6.225640296936035,6.31226299059923,6.198010595532799,6.216928271698057,239240000
2020-01-23,6.294092178344727,6.302555424293075,6.17685300571826,6.265716138636383,244516000
2020-01-24,6.234851360321045,6.459373817820836,6.180587540973648,6.409590401493531,373512000
2020-01-27,5.978965759277344,6.029993548666782,5.780579376647325,5.930177934070112,470536000
2020-01-28,6.172372817993164,6.2047317024404665,5.991659294470787,6.044927515155654,310976000
2020-01-29,6.111886501312256,6.194028800283632,6.072059486118129,6.15793584965853,258848000
2020-01-30,6.118607997894287,6.1320496832853735,5.959053027351357,6.014063191282162,290504000
2020-01-31,5.8851237297058105,6.084754469065642,5.843306003914953,6.07280641176259,370420000
2020-02-03,5.98220157623291,6.001616814042242,5.860730288532247,5.866953096816272,255564000
2020-02-04,6.151463508605957,6.170630439804868,6.07405087000954,6.124083060037123,271544000
2020-02-05,6.241821765899658,6.282643906546109,6.158434604289566,6.2724382526920195,208220000
2020-02-06,6.328692436218262,6.328692436218262,6.1950247854163525,6.27617149723825,218284000
2020-02-07,6.262480735778809,6.31077052362845,6.237090995388067,6.28861681432532,189752000
2020-02-10,6.54574728012085,6.546493618262871,6.280153451840384,6.285131888072721,529608000
2020-02-11,6.668214321136475,6.782964771080069,6.592046043560209,6.654026298752604,638556000
2020-02-12,6.783959865570068,6.790431927775322,6.682153073689096,6.720984022611155,374644000
2020-02-13,6.740151405334473,6.807358880935183,6.698582453147413,6.725963382044714,528016000
2020-02-14,7.213340759277344,7.342279230927972,7.1190016154884255,7.150364912026992,1041924000
2020-02-18,7.382104873657227,7.4005249921941605,7.090624230462112,7.110039466491015,620164000
2020-02-19,7.833390712738037,7.851064020655914,7.504572706264025,7.504572706264025,694332000
2020-02-20,7.684040546417236,7.873714406280778,7.376628997768017,7.785349300924621,810052000
2020-02-21,7.319876194000244,7.5969200503790075,7.234995896345942,7.571779564190867,768180000
2020-02-24,6.8023786544799805,7.016197863420666,6.670950989977943,6.725463579242094,856916000
2020-02-25,6.522847652435303,6.939533231849029,6.421040848946925,6.87755297413896,1055496000
2020-02-26,6.662239074707031,6.856393798090952,6.521601824049285,6.523094974974329,747732000
2020-02-27,6.291382312774658,6.650036066071049,6.198979120341221,6.348667152001121,906416000
2020-02-28,6.726499080657959,6.786025701071063,6.022143414772131,6.038830630727209,1133252000
2020-03-02,6.884903907775879,6.913795729847781,6.5005967840224015,6.896610183541208,890744000
2020-03-03,6.622389793395996,7.000470395030386,6.536960391481216,6.940694849025888,652792000
2020-03-04,7.086147785186768,7.09561228101108,6.655016081433134,6.729735860317768,597408000
2020-03-05,6.806696891784668,7.053520090805713,6.762114047962718,6.886646536783592,540328000
2020-03-06,6.626126766204834,6.684657206325355,6.425878248550761,6.627122954219677,515412000
2020-03-09,6.1130523681640625,6.460747133840763,5.932231194756795,5.975070126101023,614160000
2020-03-10,6.502589702606201,6.502589702606201,6.126750856528981,6.389514062063672,580648000
2020-03-11,6.138704776763916,6.391007738502443,6.041569580658068,6.362614249242053,499964000
2020-03-12,5.38752555847168,5.880923110581553,5.374823094278182,5.615419803966931,816540000
2020-03-13,5.998481273651123,6.002964356170122,5.469716488460371,5.740947968924527,634836000
2020-03-16,4.891636848449707,5.631360263043565,4.831861300562476,5.290389904289958,726972000
2020-03-17,5.411435127258301,5.500849751931683,4.757141639737589,5.003964863236285,833632000
2020-03-18,5.051536560058594,5.228870825133974,4.500106913978049,4.983791035215268,874268000
2020-03-19,5.304338455200195,5.397986774799926,4.816669054113508,5.0301174088840845,765512000
2020-03-20,5.124513149261475,5.736465631396354,5.109071049093193,5.45452402685337,804636000
2020-03-23,5.297363758087158,5.3917598047946,4.944438665559979,5.123516383167788,643876000
2020-03-24,6.20620059967041,6.29287557591173,5.67992658839266,5.703587588988164,1101644000
2020-03-25,6.11753511428833,6.52102018228337,6.068718107941991,6.321270024037512,793432000
2020-03-26,6.406948089599609,6.530982254261834,6.226624803465022,6.32475618614225,696108000
2020-03-27,6.294620037078857,6.5533984665307825,6.193748539241316,6.226625112233045,638828000
2020-03-30,6.6149187088012695,6.624134279128388,6.316040456879756,6.3601249824112935,602252000
2020-03-31,6.565354824066162,6.859251657017792,6.419651523807924,6.655017918401968,949960000
2020-04-01,6.054023265838623,6.513797461672745,6.009440889323961,6.367347392791303,656912000
2020-04-02,6.362864017486572,6.376064337574551,6.035094468817708,6.0831637382149895,675764000
2020-04-03,6.074944019317627,6.366847916728064,5.937460141085568,6.325254111317393,663212000
2020-04-06,6.684906005859375,6.721767812022205,6.299602151594143,6.357136402592099,727884000
2020-04-07,6.451530933380127,6.930234103748807,6.408442602975516,6.9065726237286,784520000
2020-04-08,6.648789405822754,6.6736959982368775,6.490633090304865,6.560620382212222,542444000
2020-04-09,6.549164772033691,6.797482534342987,6.4861512568647814,6.774568787947291,525564000
2020-04-13,6.721020221710205,6.72973746006088,6.40097168496723,6.489389659697716,398408000
2020-04-14,7.072201251983643,7.106322942592839,6.8216417163665195,6.849287948378058,530948000
2020-04-15,6.994741439819336,7.077680131266718,6.85875206625174,6.904081699089675,366148000
2020-04-16,7.339944839477539,7.447042857614191,7.13695722143633,7.150157540051876,745620000
2020-04-17,7.280668258666992,7.4435566034897285,7.14667126038444,7.422136903008772,539120000
2020-04-20,7.149411678314209,7.310058736928039,7.105078228319181,7.15414416472003,449388000
2020-04-21,6.712550640106201,7.092623585364658,6.652775099143894,7.031354000292277,735160000
2020-04-22,7.12699556350708,7.169834967812132,6.8592509492889135,6.9048295139792355,483356000
2020-04-23,7.073695182800293,7.301091565642666,7.0485396583616815,7.169087413152613,424160000
2020-04-24,7.212672710418701,7.214665085855016,6.988763250171881,7.0634830296786895,352328000
2020-04-27,7.399223327636719,7.5591231127049054,7.32251116430416,7.34716883200362,479388000
2020-04-28,7.2567596435546875,7.576559285364221,7.2512803717507115,7.546671268583648,442904000
2020-04-29,7.43359375,7.486395500504461,7.316283974207402,7.391501611488203,379160000
2020-04-30,7.2796711921691895,7.433593353120145,7.265723614484797,7.379546014539388,375916000
2020-05-01,7.04306173324585,7.19548942828646,6.994743050819743,7.08216484503738,342096000
2020-05-04,7.2550153732299805,7.268714026240867,6.995738579122145,6.995738579122145,317556000
2020-05-05,7.316035270690918,7.478674681372132,7.255014138136261,7.3591235982630865,368896000
2020-05-06,7.416906356811523,7.521763077483136,7.357629146127671,7.3954871319733,323464000
2020-05-07,7.593244552612305,7.656506990564309,7.50482659140134,7.556133825713607,373732000
2020-05-08,7.783282279968262,7.7895088107814665,7.631103529628599,7.664976294301974,339216000
2020-05-11,8.035334587097168,8.082158734602563,7.749656741595703,7.77829915708931,469060000
2020-05-12,7.773318767547607,8.141934869922027,7.763605342328263,8.093118340575918,493060000
2020-05-13,7.750903129577637,8.048286329956095,7.566345680475273,7.887888691686731,625852000
2020-05-14,8.000467300415039,8.00594657145442,7.6587496689661885,7.812422936821651,602312000
2020-05-15,8.45899486541748,8.468707815103887,7.8445512739843455,7.860242300500143,987660000
2020-05-18,8.717523574829102,8.883152021141349,8.648034609864695,8.727735330625507,774460000
2020-05-19,8.772567749023438,9.053512667820135,8.729977275381751,8.757374578300341,717320000
2020-05-20,8.93645191192627,9.009178841811678,8.855505601923822,8.957373279418714,587536000
2020-05-21,8.742430686950684,9.018643100840507,8.704821630062318,9.017647388137924,761068000
2020-05-22,8.99249267578125,9.058993562375434,8.680663535956443,8.792244181472723,1038764000
2020-05-26,8.68514633178711,9.14741173065854,8.639567765349282,9.122504657383137,770780000
2020-05-27,8.493363380432129,8.600460423323804,7.966839577854005,8.592739851553347,1175892000
2020-05-28,8.455260276794434,8.727736915986602,8.347912357345622,8.380788934384054,734896000
2020-05-29,8.842306137084961,8.842306137084961,8.453266504327642,8.522506550037628,745256000
2020-06-01,8.773314476013184,8.80768556853216,8.65700135357661,8.800213922369807,389876000
2020-06-02,8.792243003845215,8.80419820713607,8.625618842521979,8.763352133490903,391320000
2020-06-03,8.736701965332031,8.83309038003839,8.667461924818078,8.789255266294603,365440000
2020-06-04,8.737700462341309,8.913869029088284,8.648992148622396,8.699326160627427,424280000
2020-06-05,8.890695571899414,8.967442272418863,8.679392153122198,8.765608145573463,481748000
2020-06-08,8.776073455810547,8.860544253093519,8.657214928312351,8.848085509142086,387736000
2020-06-09,9.016282081604004,9.079822919583835,8.722501116535822,8.771090889537648,468488000
2020-06-10,9.335978507995605,9.468790996389746,9.123428908306753,9.137632847630083,632180000
2020-06-11,8.767351150512695,9.230822641484655,8.757134734601348,9.119938218175907,583652000
2020-06-12,8.903153419494629,9.15706672531287,8.674656633598799,9.132398281278823,570908000
2020-06-15,9.1436128616333,9.152085036791034,8.715025168093565,8.786291056153233,400004000
2020-06-16,9.038705825805664,9.236305261306823,8.809710968139095,9.194692472801044,535716000
2020-06-17,9.205655097961426,9.268447837126683,9.040449169223914,9.08380714688489,408304000
2020-06-18,9.187715530395508,9.25200347717217,9.084555204995517,9.196685786834397,254408000
2020-06-19,9.230823516845703,9.413969994218638,9.196935772316948,9.212135876739245,524160000
2020-06-22,9.495451927185059,9.499937531414169,9.242784751394272,9.269447433874996,398468000
2020-06-23,9.418953895568848,9.61082159286055,9.37659397631104,9.51962191479776,375108000
2020-06-24,9.205158233642578,9.525103726424007,9.114456647849954,9.445116640322798,449372000
2020-06-25,9.458822250366211,9.473773313022313,9.152083553178723,9.32501361401537,376072000
2020-06-26,9.124922752380371,9.46878958777205,9.095021577728417,9.46878958777205,592084000
2020-06-29,9.169775009155273,9.17426061310616,8.870760410375395,9.139624792643687,342248000
2020-06-30,9.466546058654785,9.494952028384905,9.23605600517906,9.28339960490962,367892000
2020-07-01,9.498690605163574,9.54429091758464,9.382075360572797,9.489471306179315,326648000
2020-07-02,9.580672264099121,9.705510657234788,9.546783565117343,9.607333997458817,364056000
2020-07-06,9.806925773620605,9.87619742226624,9.680592179480625,9.709746232057746,315892000
2020-07-07,9.839317321777344,10.036915810548884,9.818386406235929,9.913572643810939,357800000
2020-07-08,10.182437896728516,10.191409105478023,9.932761115650374,9.960918049913765,365480000
2020-07-09,10.47447395324707,10.535273416876409,10.19987877397727,10.346147095722952,494548000
2020-07-10,10.444822311401367,10.620243738461156,10.344652379153484,10.553962500909725,497676000
2020-07-13,10.019224166870117,10.75679273687105,9.99206340527175,10.560191369118831,457076000
2020-07-14,10.342905044555664,10.368570599699725,9.753348203562144,10.041897254197172,542676000
2020-07-15,10.19365119934082,10.398724775967576,10.022714411488709,10.380037134519926,403984000
2020-07-16,10.101455688476562,10.173218705450681,9.862991489974222,9.982099068314314,344964000
2020-07-17,10.167984962463379,10.214830484976233,10.05460915949439,10.191906282585094,266284000
2020-07-20,10.476219177246094,10.496652011737252,10.1233820711901,10.240496356265767,284852000
2020-07-21,10.294568061828613,10.525308149375949,10.252955266756203,10.478461674152124,277036000
2020-07-22,10.404458045959473,10.56766980850336,10.257691600378335,10.333442146554589,367292000
2020-07-23,10.09646987915039,10.51234872286437,9.998293240993792,10.415667285867867,411660000
2020-07-24,10.161006927490234,10.330697526774664,9.744879039551979,9.842556644203938,473292000
2020-07-27,10.387262344360352,10.40744518566807,10.18418111798106,10.198634096932874,292132000
2020-07-28,10.181938171386719,10.347891248375424,10.175709275279845,10.34016715105138,271636000
2020-07-29,10.431118965148926,10.48170202240806,10.313008500753721,10.3566145845978,284508000
2020-07-30,10.579132080078125,10.58810233911918,10.261428831129527,10.34091690382733,308880000
2020-07-31,10.579875946044922,10.731127945554602,10.398722775430203,10.528544826039381,386080000
2020-08-03,10.974077224731445,11.062286491322997,10.680046336092941,10.697239724104751,412720000
2020-08-04,11.190863609313965,11.190863609313965,10.870170957445996,11.013697931468695,310336000
2020-08-05,11.249669075012207,11.334389859479888,11.129565345812454,11.207060116260866,249924000
2020-08-06,11.298260688781738,11.32068681041696,11.142025913363112,11.312463677357735,244316000
2020-08-07,11.16270637512207,11.46695370483284,11.001238890163282,11.275335052663479,342516000
2020-08-10,11.128318786621094,11.370769513487343,10.820832034835066,11.29701322413298,427796000
2020-08-11,10.814355850219727,11.100163656521731,10.760283358062656,11.03736994797502,354512000
2020-08-12,11.402667045593262,11.429328779045278,10.922250155475355,10.95464365307995,464412000
2020-08-13,11.40540599822998,11.683240635337325,11.318442885169105,11.508067299164681,374460000
2020-08-14,11.526010513305664,11.666298058283543,11.402916360114054,11.49212181339611,366436000
2020-08-17,12.296468734741211,12.368979817984526,11.778426644206407,11.812314387752988,621300000
2020-08-18,12.220470428466797,12.454948049475947,12.046544187854458,12.409098691003054,503448000
2020-08-19,12.098620414733887,12.274539910906622,12.05825283457112,12.256101314316311,622624000
2020-08-20,12.101112365722656,12.334343799243422,11.839724001874044,11.935658319282323,921388000
2020-08-21,12.641831398010254,12.766669779396832,12.155184707574236,12.161663596571229,999868000
2020-08-24,12.678461074829102,12.870079738679214,12.466409575863372,12.841423771046609,490564000
2020-08-25,12.708114624023438,12.719327210078893,12.532443171490312,12.589256078912193,289076000
2020-08-26,12.731034278869629,12.826220507556279,12.636097091934104,12.757197920853272,321244000
2020-08-27,12.586761474609375,12.807783199314935,12.525213936420794,12.73950773100591,317604000
2020-08-28,13.104552268981934,13.104801310715732,12.600962317552156,12.63335580322444,537160000
2020-08-31,13.330560684204102,13.530401512522506,12.994916987240861,13.139440120722352,500840000
2020-09-01,13.779712677001953,13.951946142353602,13.396360790385742,13.439730789751346,511316000
2020-09-02,14.303646087646484,14.682760223291952,13.858479048117962,14.659828211375105,874012000
2020-09-03,12.976621627807617,13.843025331300952,12.840279891466327,13.787441967935662,945128000
2020-09-04,12.584795951843262,13.135645359790704,11.669786990581494,12.745563447837947,1463684000
2020-09-08,11.87741470336914,12.51251200002009,11.669288490108539,11.69944772697826,795728000
2020-09-09,12.677019119262695,12.770987310832087,12.195212021345103,12.362959524696853,736200000
2020-09-10,12.27497386932373,13.026223067344244,12.130655660062205,12.950449874656908,698684000
2020-09-11,12.128164291381836,12.614706528324216,11.860216870345209,12.448205547885381,636928000
2020-09-14,12.833800315856934,13.275227802988566,12.59352095644375,13.041927504215385,1201744000
2020-09-15,12.95219612121582,13.259026622446525,12.789433778597244,13.240332438440078,727556000
2020-09-16,12.477117538452148,13.053640176464782,12.476370189537633,12.918544974846363,556384000
2020-09-17,12.42626953125,12.552142668299084,11.998800238855086,12.096008838443781,792512000
2020-09-18,12.152838706970215,12.59476434999197,11.952938097299745,12.556130406850448,698460000
2020-09-21,12.47986125946045,12.485095554984731,11.868941479481355,11.88938042890733,721044000
2020-09-22,12.600000381469727,12.610219855729559,12.11919161273688,12.53743795428807,646452000
2020-09-23,12.087533950805664,12.688982438524803,12.043167481088513,12.537934295980353,647012000
2020-09-24,12.311113357543945,12.531952083428154,11.97811145478811,12.036187875080055,731240000
2020-09-25,12.835293769836426,12.845015010133675,12.20917039914584,12.410317541642243,588016000
2020-09-28,12.996063232421875,13.012763533486964,12.711914702958431,13.001297527420926,573808000
2020-09-29,13.186244010925293,13.402595828975413,12.894618179050966,12.898855058124324,621460000
2020-09-30,13.490082740783691,13.58180793033941,13.110968628427955,13.118196804225388,689184000
2020-10-01,13.573830604553223,13.721637377178999,13.42053947052414,13.716902266258668,525004000
2020-10-02,13.023232460021973,13.479116270992375,13.012015569976656,13.185496560011263,552496000
2020-10-05,13.601750373840332,13.603495139060358,13.183253935724476,13.196464708458564,479820000
2020-10-06,13.695466995239258,14.099756122403639,13.624180750405333,13.78868783495499,784420000
2020-10-07,13.922289848327637,14.077076670560935,13.822089931251925,13.957933452467028,418084000
2020-10-08,13.79741382598877,14.042430201793506,13.716905511390735,14.032958076060966,378900000
2020-10-09,13.721638679504395,13.782955519265824,13.619944080821789,13.725876509097755,346892000
2020-10-12,14.183507919311523,14.304146791132519,13.870944866174083,13.94771453870066,434744000
2020-10-13,14.2056884765625,14.305639259093581,13.976874207969084,14.253794544783366,344604000
2020-10-14,14.053146362304688,14.299906525301147,13.918300274820167,14.247812691983547,276100000
2020-10-15,13.928272247314453,13.963914900125252,13.726625883475952,13.769497664209721,267224000
2020-10-16,13.770243644714355,14.079318070595855,13.751300345846035,13.994821050040168,242392000
2020-10-19,13.457429885864258,13.941728103405332,13.366701165221105,13.861468922412797,298068000
2020-10-20,13.604738235473633,13.75852760316148,13.46665175079998,13.542923168533347,229212000
2020-10-21,13.48435115814209,13.750304707225926,13.437242499865034,13.584301953541909,219596000
2020-10-22,13.321090698242188,13.571091296191828,13.192226243674368,13.482108274250182,290480000
2020-10-23,13.549654006958008,13.552645304156187,13.251547375438108,13.409822748262625,233484000
2020-10-26,13.101995468139648,13.651848403574887,12.999552567317002,13.386892293084564,336896000
2020-10-27,13.356732368469238,13.401847139151327,13.1520947428376,13.26625275998549,250520000
2020-10-28,12.58928108215332,13.220390587409419,12.571335200800272,13.158575517020296,376520000
2020-10-29,12.98509693145752,13.15334267794349,12.711915213638713,12.80015088323555,320080000
2020-10-30,12.496559143066406,12.897856006402487,12.263257936657267,12.811615180527307,416820000
2020-11-02,12.543171882629395,12.798406779471838,12.357976708517624,12.619941549666327,299652000
2020-11-03,12.980608940124512,13.065853305359841,12.56510386899864,12.670538064484012,272900000
2020-11-04,13.753043174743652,13.786194656215446,13.297159435342872,13.349253262190707,410228000
2020-11-05,14.117701530456543,14.29616672826443,13.949206689153698,14.120194594995569,319028000
2020-11-06,14.518502235412598,14.54517194275608,13.853494808551364,14.06760266870012,383348000
2020-11-09,13.590033531188965,14.647614991238628,13.570093767264419,14.509030256532114,582976000
2020-11-10,12.731856346130371,13.565856929271977,12.590529420024712,13.565856929271977,644068000
2020-11-11,13.377918243408203,13.394867659125051,12.909571067921163,13.01475614105458,404744000
2020-11-12,13.416552543640137,13.724878644833494,13.276223053900585,13.438736254435216,365812000
2020-11-13,13.257280349731445,13.62791977043853,13.0202404815326,13.586543644162287,346312000
2020-11-16,13.474879264831543,13.60872793938212,13.11670229974728,13.133152533946083,413776000
2020-11-17,13.382157325744629,13.555637372061613,13.264011530493477,13.51201824415514,312028000
2020-11-18,13.38863468170166,13.565105979835321,13.145613210080294,13.42502562337921,510924000
2020-11-19,13.400102615356445,13.44721126806381,13.060868971282808,13.17328222556949,565936000
2020-11-20,13.048657417297363,13.454192184098973,13.02597451944593,13.413813469182104,341088000
2020-11-23,13.100749969482422,13.342524953407496,12.976621588446433,13.13190662289563,361356000
2020-11-24,12.91904354095459,13.12268279887082,12.846510765037769,13.103241268940936,346500000
2020-11-25,13.195215225219727,13.22986140553067,12.981107383719127,12.99356985381451,259916000
2020-11-27,13.221634864807129,13.36744870201462,13.131156216435764,13.335045521432349,167276000
2020-11-30,13.361467361450195,13.372435134068894,12.933499834493153,13.225375701726351,286952000
2020-12-01,13.350001335144043,13.488336933073972,13.188733728478983,13.45194598978184,296948000
2020-12-02,13.504042625427246,13.632657010490643,13.194719067672823,13.310621864355456,283360000
2020-12-03,13.359931945800781,13.623221080047625,13.29311290251921,13.550916053880409,199520000
2020-12-04,13.521742820739746,13.523488100995525,13.35269887470123,13.412287593276208,202244000
2020-12-07,13.570113182067871,13.69427823809491,13.463651071990455,13.564628150676292,223244000
2020-12-08,13.314055442810059,13.562135415958197,13.245739361979473,13.548422361809182,271920000
2020-12-09,12.895933151245117,13.37788163975025,12.833601435868163,13.264687602241741,401300000
2020-12-10,12.9373197555542,13.033560306767995,12.814900001547981,12.834348224570668,207764000
2020-12-11,12.978212356567383,12.984944288810818,12.788474206368559,12.932335731565678,209264000
2020-12-14,13.272915840148926,13.352700361038917,13.042288679729221,13.05276036242954,270156000
2020-12-15,13.324525833129883,13.427746562998335,13.151243748720166,13.403561828148067,193016000
2020-12-16,13.2068452835083,13.401070757774127,13.17692537278182,13.386359992334286,223116000
2020-12-17,13.305326461791992,13.343473435659515,13.143014454902193,13.330757143632768,231384000
2020-12-18,13.2362642288208,13.368905535790848,13.035306847011773,13.342975520360442,342064000
2020-12-21,13.29635238647461,13.334000987593647,12.932584571882952,13.03954601291587,302332000
2020-12-22,13.242499351501465,13.301340514988103,13.018853282485551,13.283389328235335,185580000
2020-12-23,12.974222183227539,13.23925658084675,12.969984052480672,13.220307685229642,179144000
2020-12-24,12.958763122558594,13.097139605461267,12.903911860303593,13.002145942784312,97884000
2020-12-28,12.865265846252441,13.027328688853025,12.728884781624679,13.027328688853025,212564000
2020-12-29,12.908400535583496,13.037303060291356,12.80767264131946,12.890200159923603,170372000
2020-12-30,13.110355377197266,13.178172128773971,12.862026207976902,12.955273646953266,225396000
2020-12-31,13.019848823547363,13.115590055450909,12.880225440728726,13.101129432482574,192424000
2021-01-04,13.078191757202148,13.615741018273493,12.927598299416385,13.068966974639455,560640000
2021-01-05,13.368657112121582,13.407302472036285,13.051762687944073,13.064478030942194,322760000
2021-01-06,12.580536842346191,13.209339128183563,12.552113971233737,13.18689966900286,580424000
2021-01-07,13.308070182800293,13.341729841116257,12.851802529047573,12.932583806792925,461480000
2021-01-08,13.24100112915039,13.384862643272994,13.006883413700384,13.326520820165339,292528000
2021-01-11,13.584824562072754,13.923410895275449,13.326522086293744,13.382620254524944,518344000
2021-01-12,13.448441505432129,13.717465785050065,13.309068260271541,13.715470363600701,291476000
2021-01-13,13.495312690734863,13.588311869743665,13.348958347643062,13.453675156897194,210028000
2021-01-14,13.164706230163574,13.563130416335552,13.145009767302131,13.538447302511603,283120000
2021-01-15,12.824872970581055,13.289368580144254,12.813902910011283,13.192380461838207,277780000
2021-01-19,12.990180015563965,13.05874433588123,12.80941745958597,12.981203471914387,226188000
2021-01-20,13.329760551452637,13.394335918542472,13.021592576037989,13.076443831586085,258572000
2021-01-21,13.830161094665527,13.961556455137426,13.217315633065317,13.382369700824514,337780000
2021-01-22,13.675578117370605,13.804480631139272,13.590557755615594,13.703004224602513,246820000
2021-01-25,13.616488456726074,13.791266650531766,13.200860598974929,13.744642456115322,251112000
2021-01-26,13.39907455444336,13.608009816021868,13.351452654248364,13.543932823051286,163980000
2021-01-27,12.882969856262207,13.197121313455945,12.759303173236244,13.194378322055535,371272000
2021-01-28,13.015857696533203,13.303830836821339,12.925601504283517,12.961255629629832,228316000
2021-01-29,12.954773902893066,13.29884522738327,12.876734666147758,13.039794261108076,271552000
2021-02-01,13.201358795166016,13.235017502136003,12.868008340793473,13.018103404390654,217204000
2021-02-02,13.520249366760254,13.535457561164439,13.249728972151189,13.362674782150295,220440000
2021-02-03,13.494068145751953,13.894237624658475,13.48010590306501,13.59928334568387,245408000
2021-02-04,13.627457618713379,13.636682399933367,13.301836822912238,13.494566175636725,201340000
2021-02-05,13.554405212402344,13.700262150398844,13.509277110977168,13.688045187348633,169152000
2021-02-08,14.399873733520508,14.4347793433625,13.690289289653045,13.690289289653045,434624000
2021-02-09,14.224847793579102,14.543985917138883,14.184207007215138,14.302138522881256,287560000
2021-02-10,14.72449779510498,14.864868764267287,14.302886507761833,14.424308580214941,485352000
2021-02-11,15.209684371948242,15.23112706545273,14.884812109876446,14.939913507325505,450828000
2021-02-12,14.920966148376465,15.250077525443757,14.735216954033524,15.009477068993924,374756000
2021-02-16,15.288971900939941,15.331108771075836,14.909745776355733,15.023688331990344,321960000
2021-02-17,14.865865707397461,15.182510952257076,14.740204559335906,15.130151585752609,274756000
2021-02-18,14.789071083068848,14.833201468922242,14.535754355600425,14.68933996817811,233868000
2021-02-19,14.886309623718262,15.136134860179705,14.806774295570746,14.984045325435936,271724000
2021-02-22,14.317096710205078,15.092503415652395,14.286429231767997,14.734968210445974,325884000
2021-02-23,14.103919982910156,14.20040972253362,13.35344570978199,14.037349195867622,391780000
2021-02-24,14.4599609375,14.467690580363728,13.718961439777777,14.084724678061631,448320000
2021-02-25,13.271668434143066,14.33604503377152,13.180664664299409,14.007681229546021,824436000
2021-02-26,13.677572250366211,13.81719467242101,13.32502373246501,13.715469085562216,500932000
2021-03-01,13.804481506347656,13.887507403021642,13.516758454288704,13.837641836811818,353184000
2021-03-02,13.37015151977539,13.883016621267926,13.359929028239604,13.862571638196355,264116000
2021-03-03,12.770273208618164,13.415281309667439,12.764288846423948,13.390099813568577,377592000
2021-03-04,12.336941719055176,12.940064005887582,12.051213169343002,12.766282588855058,573344000
2021-03-05,12.427947044372559,12.51620877715478,11.647802882766449,12.51620877715478,542840000
2021-03-08,11.562032699584961,12.437667784009614,11.535354167247325,12.416475232938414,543112000
2021-03-09,12.490848541259766,12.587121371008116,12.03093068359649,12.101764050550099,521824000
2021-03-10,12.438969612121582,12.94951707854259,12.428245040289822,12.810345017749237,384376000
2021-03-11,12.962987899780273,13.015614616203285,12.70459626900852,12.919590101501337,299916000
2021-03-12,12.82580852508545,12.858481743383917,12.56043341309026,12.618546091825653,243964000
2021-03-15,13.160271644592285,13.175735313046365,12.737267575189074,12.83453845490798,221988000
2021-03-16,13.260038375854492,13.480768395679805,13.085947690037107,13.325134593591912,272128000
2021-03-17,13.309922218322754,13.421658730462186,12.958997832015097,13.009129887201905,243864000
2021-03-18,12.692623138427734,13.15303954865002,12.687136214118757,13.105651437143646,293896000
2021-03-19,12.815584182739258,12.891156649154544,12.582882258581497,12.720059177066826,299208000
2021-03-22,13.155284881591797,13.363045900400845,12.876441214951845,12.882427642922988,297804000
2021-03-23,13.040056228637695,13.313162735268108,12.990672005055316,13.223124653879127,222048000
2021-03-24,12.613309860229492,13.128348149769211,12.60707510808042,13.120366563354045,245840000
2021-03-25,12.50581169128418,12.684890728542964,12.243180513897062,12.470146210513365,295144000
2021-03-26,12.809097290039062,12.826057564307183,12.34444133887676,12.525016026069354,363968000
2021-03-29,12.917842864990234,13.03182474930074,12.670175833913577,12.790143194302527,273520000
2021-03-30,12.841522216796875,12.944779525612617,12.675163853550226,12.81184221026854,200204000
2021-03-31,13.316902160644531,13.438864661982795,12.952010808679086,12.98493330090775,314776000
2021-04-01,13.779316902160645,13.837429591123872,13.47952168503307,13.540379263527216,308276000
2021-04-05,13.954651832580566,13.981089348588277,13.70074911424588,13.834933755719648,255672000
2021-04-06,13.828948974609375,14.021246319010455,13.741156278655797,13.966874673740291,191744000
2021-04-07,14.110286712646484,14.210051308719923,13.679301031649262,13.848153112385397,251284000
2021-04-08,14.283380508422852,14.437517711576461,14.215539397755496,14.219281391027328,244416000
2021-04-09,14.366185188293457,14.374166775460855,14.14171410964083,14.180622087424064,195172000
2021-04-12,15.173284530639648,15.31644787868243,14.106046778604638,14.256193658189272,869324000
2021-04-13,15.642680168151855,15.66313221160689,15.090230476110467,15.195732231906813,676212000
2021-04-14,15.24112606048584,15.68358417338725,15.191741835048305,15.58830843981458,385500000
2021-04-15,16.09935188293457,16.17617071026778,15.594789003646804,15.625716335840183,598480000
2021-04-16,15.875133514404297,16.12778893649542,15.827993724295668,16.015302699362998,335208000
2021-04-19,15.325675010681152,15.770378473292833,15.197227511913647,15.50001496525034,404420000
2021-04-20,15.135623931884766,15.46060837691473,14.927862916454936,15.287266467454646,334132000
2021-04-21,15.324429512023926,15.326424670836987,15.06678572052036,15.083246494304229,216776000
2021-04-22,14.815380096435547,15.402248975554055,14.74878630815501,15.338897677671989,277788000
2021-04-23,15.229403495788574,15.298989537503722,14.865260837449016,14.89918044111861,227500000
2021-04-26,15.44165325164795,15.442651306791927,15.089482501049455,15.149342023817177,197796000
2021-04-27,15.345627784729004,15.633699383146427,15.3184414890742,15.541915427259136,164572000
2021-04-28,15.240876197814941,15.495777015115989,15.179770293670448,15.328420573962038,209416000
2021-04-29,15.288763046264648,15.400250275142763,15.036107627986121,15.363836010427098,173196000
2021-04-30,14.974252700805664,15.328918099911126,14.961782244876993,15.138866144229421,201912000
2021-05-03,14.801909446716309,15.210946506859448,14.752775448772729,15.089482529603162,203912000
2021-05-04,14.317549705505371,14.603127639752627,13.977350846645164,14.60287836381595,405324000
2021-05-05,14.424546241760254,14.778713071067294,14.353712875898845,14.674457705233024,292024000
2021-05-06,14.488895416259766,14.53703230872678,14.184612294459988,14.461210566336748,193380000
2021-05-07,14.777466773986816,14.935594289419367,14.637296639322344,14.773476456357201,229328000
2021-05-10,14.232248306274414,14.771229410461338,14.216535362009177,14.752523252592804,268904000
2021-05-11,14.272655487060547,14.321041659587523,13.717712061509786,13.792535755194681,285584000
2021-05-12,13.726191520690918,14.226763272054539,13.677057522778034,13.97660155861911,303408000
2021-05-13,13.633159637451172,14.047684555705244,13.427393785260387,14.000794043152032,285404000
2021-05-14,14.209554672241211,14.29435511362323,13.716215695411607,13.85738389756372,258616000
2021-05-17,14.132233619689941,14.135974661011204,13.820966993683466,14.123753482025545,216980000
2021-05-18,13.982836723327637,14.370424621276909,13.971114095138578,14.233496978952044,186256000
2021-05-19,14.032718658447266,14.046436444593798,13.511445639183275,13.534640666820001,344000000
2021-05-20,14.578184127807617,14.649266765921203,14.236987274575467,14.268911714607903,321592000
2021-05-21,14.95654582977295,15.18625550974863,14.834583295522643,15.128141867348338,672992000
2021-05-24,15.575336456298828,15.708023533920318,15.140359558643638,15.176773817368773,554816000
2021-05-25,15.611004829406738,15.781353528165734,15.44614305534638,15.728977040449402,435408000
2021-05-26,15.663130760192871,15.756660602651946,15.549648379421935,15.69730058809484,370440000
2021-05-27,15.451628684997559,15.71301350125259,15.423694560556758,15.662881452515867,581476000
2021-05-28,16.20635223388672,16.239275683779226,15.46459939063313,15.46459939063313,644536000
2021-06-01,16.22630500793457,16.349765085274548,15.865903423678555,16.23179288363082,472804000
2021-06-02,16.738849639892578,16.87902072588437,16.19737476490016,16.21408576604293,594168000
2021-06-03,16.92989730834961,17.218469351523147,16.54405629147394,16.661529932170794,580008000
2021-06-04,17.53697395324707,17.619528058001492,17.05535759898411,17.072315974919277,617120000
2021-06-07,17.577625274658203,17.770671401569484,17.152377671861235,17.529988835613384,575756000
2021-06-08,17.416006088256836,17.580119073947483,17.210488563686916,17.48609067722979,323848000
2021-06-09,17.321453094482422,17.537744717241253,17.21917136696186,17.478620439087607,381656000
2021-06-10,17.388065338134766,17.45492466535984,17.1395944718386,17.31322544956106,287772000
2021-06-11,17.787466049194336,17.901224720638414,17.406774479525122,17.44244813608415,416308000
2021-06-14,17.980554580688477,18.00126064223166,17.62531020502997,17.868044477186118,321376000
2021-06-15,17.75079345703125,17.97806147072669,17.690422506195826,17.8770263954044,243032000
2021-06-16,17.772499084472656,17.916693536065623,17.547227610058183,17.753041588714538,307124000
2021-06-17,18.617700576782227,18.79507342417138,17.71861140852497,17.73682223567558,809656000
2021-06-18,18.5992431640625,19.333932523836037,18.54460877123465,18.744185610222374,968856000
2021-06-21,18.388193130493164,18.49721259397534,17.784974558235735,18.396175595791863,672384000
2021-06-22,18.846717834472656,18.92355619735012,18.347029610877474,18.432349104888228,580144000
2021-06-23,19.016855239868164,19.112153761685807,18.867672227313967,18.967460647533205,332356000
2021-06-24,19.164791107177734,19.37883687301,19.047789192158998,19.186995072180395,320924000
2021-06-25,18.990663528442383,19.30449774601616,18.854453436922224,19.23963498197067,278364000
2021-06-28,19.942642211914062,20.03619350789944,19.27805343979919,19.320213570767862,495436000
2021-06-29,19.984302520751953,20.056148511079694,19.61533525623531,19.840357400414543,367632000
2021-06-30,19.960098266601562,20.11975893860351,19.82164231942585,19.95685503429711,326568000
2021-07-01,20.16915512084961,20.41263737949596,19.976563444506205,20.082339647344334,480136000
2021-07-02,20.443572998046875,20.461785729384548,20.244746081288724,20.396922977659543,342764000
2021-07-06,20.654624938964844,20.797820136823574,20.307113690069503,20.693541828851433,446708000
2021-07-07,20.328563690185547,20.830746969476802,20.28889880911603,20.809292912882967,418428000
2021-07-08,19.860565185546875,20.090326565837913,19.658993669181303,19.81441382368983,503300000
2021-07-09,20.00775146484375,20.03768856334025,19.71237932557406,19.92018797362181,296624000
2021-07-12,20.46902084350586,20.4892263364535,20.144958310937707,20.19709746634535,321984000
2021-07-13,20.207077026367188,20.41787955419586,20.071365618933118,20.357257363850678,290708000
2021-07-14,19.7994384765625,20.374466993497354,19.71087767842871,20.314594716968347,380100000
2021-07-15,18.926048278808594,19.80493208076439,18.81852672845942,19.76975708657047,550564000
2021-07-16,18.12250518798828,19.11639435261983,18.034692367796808,18.990163304637974,688224000
2021-07-19,18.739946365356445,19.001639510689028,17.82763283134469,17.87727866318357,749060000
2021-07-20,18.57254981994629,18.798070626527238,18.12549943914689,18.690299739516348,434687000
2021-07-21,19.368860244750977,19.48561284120509,18.702276805336794,18.841979465500007,371017000
2021-07-22,19.552465438842773,19.844843620586143,19.23513872825936,19.60036402572014,323826000
2021-07-23,19.516544342041016,19.658243548910573,19.209196632541854,19.614336189466204,195672000
2021-07-26,19.25310516357422,19.400790275891424,18.87390954372015,19.270069328407626,203943000
2021-07-27,19.16728401184082,19.580405993496402,18.701272976137897,19.22416239427751,248863000
2021-07-28,19.461660385131836,19.604356922482342,18.95473775478679,19.278050388710913,202191000
2021-07-29,19.620319366455078,19.81091445213079,19.287025872033016,19.477620957708726,190781000
2021-07-30,19.457674026489258,19.58839499719101,19.222174148111407,19.37684442028431,183497000
2021-08-02,19.7081356048584,19.91868878630505,19.319960235369752,19.658242351991124,217444000
2021-08-03,19.77300262451172,20.179139576570748,19.179262509373736,19.69816082574955,301811000
2021-08-04,20.23102569580078,20.274933053992783,19.785970024202093,19.94762729014503,231309000
2021-08-05,20.593259811401367,20.68905701309034,20.29888497632179,20.45655104549272,211435000
2021-08-06,20.322832107543945,20.52640018775171,20.167162623068112,20.48049815988606,178497000
2021-08-09,20.251981735229492,20.464529594578934,20.100303496019695,20.402660738937794,146443000
2021-08-10,19.893741607666016,20.386693936476057,19.79295396598613,20.278923066761962,179238000
2021-08-11,19.657243728637695,20.00650221950057,19.388814822300052,20.00051441991226,185925000
2021-08-12,19.862812042236328,19.986547869110773,19.578416251935717,19.827886376992815,151652000
2021-08-13,20.14520835876465,20.171154222520798,19.80892278527907,19.862809177199853,183063000
2021-08-16,19.907712936401367,20.243998494127112,19.411764778109987,20.092320260738425,210876000
2021-08-17,19.41675567626953,19.728094613825263,19.226160548147817,19.643273795914716,204585000
2021-08-18,18.99964141845703,19.59238216691761,18.959725293725665,19.458665433034234,285913000
2021-08-19,19.756032943725586,20.451555960002374,18.722227832226636,19.452676503962294,766555000
2021-08-20,20.77187728881836,20.82077321265322,19.890749520984425,19.948625241185688,675741000
2021-08-23,21.911455154418945,21.950372043387453,20.90559242072421,20.92654781503845,575807000
2021-08-24,21.746807098388672,21.912455612295695,21.489354530572843,21.70689287160836,297299000
2021-08-25,22.165918350219727,22.422373602001286,21.67595981323892,21.690927411315318,347701000
2021-08-26,22.021224975585938,22.292647798917162,21.743814352286968,22.152945155041646,237940000
2021-08-27,22.588022232055664,22.673840394927463,22.120016423838376,22.136980589947104,304722000
2021-08-30,22.639907836914062,22.99415488450195,22.503199104539085,22.78160703661034,262580000
2021-08-31,22.341487884521484,22.65088476822685,22.077003605196023,22.65088476822685,259850000
2021-09-01,22.397382736206055,22.652885681890442,22.313546367552515,22.44129784039471,201767000
2021-09-02,22.35247039794922,22.549088005636335,22.251666871978788,22.474233016339994,187834000
2021-09-03,22.798599243164062,22.941320936100873,22.156849427126577,22.281606457901745,280532000
2021-09-07,22.617950439453125,22.854489273405534,22.478221275863913,22.788617578909854,198107000
2021-09-08,22.29557991027832,22.56605307042953,21.934282121082095,22.4692414895632,254434000
2021-09-09,22.133892059326172,22.49419040300968,22.08798194692146,22.26862987273137,196856000
2021-09-10,22.434310913085938,22.582022062631296,22.226715012884625,22.304562523639426,248376000
2021-09-13,22.108943939208984,22.919365941953245,21.815514757900516,22.639909488152735,297500000
2021-09-14,22.198768615722656,22.36644134170752,22.043071697176153,22.231703513909125,199755000
2021-09-15,22.297574996948242,22.32352543494079,21.923303891252903,22.265637607115426,166538000
2021-09-16,22.198768615722656,22.23370043363617,21.884380350859733,22.13988327929112,156033000
2021-09-17,21.857433319091797,22.27761456331861,21.78756968034166,22.25665547169357,294503000
2021-09-20,21.071958541870117,21.3913361776854,20.621835043914164,21.104893432538645,349440000
2021-09-21,21.2047061920166,21.38335723367458,20.90928197489874,21.375373361321564,204688000
2021-09-22,21.89834976196289,21.917311930112515,21.154797099739902,21.324466719758778,268726000
2021-09-23,22.438302993774414,22.491199477251058,21.84745268085838,22.096966765943165,248555000
2021-09-24,22.03807830810547,22.105946921559507,21.818506629612553,22.02710000972699,217655000
2021-09-27,21.61789894104004,21.756628703483308,21.283550999927932,21.66780099374172,245215000
2021-09-28,20.658763885498047,21.377365539849023,20.610856854722506,21.172764102960993,343069000
2021-09-29,20.477123260498047,20.976151458151683,20.427219298547783,20.899301450753928,218394000
2021-09-30,20.675735473632812,21.025055585697107,20.647790016958986,20.727634450832984,221009000
2021-10-01,20.701684951782227,20.818456217323668,20.16373112853372,20.709668823706075,240978000
2021-10-04,19.693649291992188,20.502074445309223,19.516993262994188,20.464148195395676,345635000
2021-10-05,20.4112491607666,20.607866750153438,19.815409440787132,19.911223513585874,279282000
2021-10-06,20.659765243530273,20.679724921866388,20.04096952772109,20.08089269167579,297202000
2021-10-07,21.034038543701172,21.280558205670204,20.93123809902089,21.05100379615461,256919000
2021-10-08,20.790510177612305,21.164781290413057,20.73461926843348,21.059985835702765,151258000
2021-10-11,20.654773712158203,21.02205844124708,20.471131347613763,20.535008028643823,163388000
2021-10-12,20.63081932067871,21.01606869560909,20.48809763377739,20.78751373351945,162134000
2021-10-13,20.898300170898438,20.949201636445252,20.672739613241966,20.87734107984528,180652000
2021-10-14,21.7037353515625,21.712716732449973,21.08094759284659,21.246625325232863,243589000
2021-10-15,21.81950569152832,21.888371817837406,21.619895579675383,21.76760671979113,226994000
2021-10-18,22.178804397583008,22.24767051718403,21.601926909254455,21.706724254183573,189494000
2021-10-19,22.24667739868164,22.335503212500797,21.99416887820326,22.232702766778203,161473000
2021-10-20,22.06003761291504,22.389396094484916,21.939272519065884,22.261644637445507,146276000
2021-10-21,22.64788818359375,22.666852254386622,22.040072772277952,22.05404549659232,187590000
2021-10-22,22.681827545166016,23.085041624530948,22.5171492438251,22.778639129118687,249384000
2021-10-25,23.1209716796875,23.309603490413924,22.725741492187264,22.928346029634163,230235000
2021-10-26,24.668956756591797,25.209904995015314,23.877498837400612,23.942373030271778,485898000
2021-10-27,24.403470993041992,25.04122880821701,24.23479888029176,24.426427000125734,245990000
2021-10-28,24.89252281188965,24.901506095509454,24.47533599861402,24.829645537475113,234204000
2021-10-29,25.517305374145508,25.659029569587442,24.951408004090574,24.952405512162027,292503000
2021-11-01,25.776798248291016,25.843667453082208,25.177964121870314,25.599144739630198,265740000
2021-11-02,26.349681854248047,26.62614385904909,25.749850221733695,25.77180872302394,294112000
2021-11-03,26.546302795410156,26.731942101851974,26.184009370147326,26.61816335632068,239910000
2021-11-04,29.743074417114258,31.304033544388947,27.065288978377676,27.176073281244893,1153631000
2021-11-05,29.69417381286621,31.338969516410668,29.352837576207307,30.128327799122257,851260000
2021-11-08,30.74412727355957,31.039551467751014,29.848869503912805,30.09039970844162,503101000
2021-11-09,30.597412109375,32.24720098373927,29.905760193187888,32.219255528686915,646746000
2021-11-10,29.40174102783203,30.790038127571915,28.722064911511076,29.298942489972273,636206000
2021-11-11,30.330934524536133,30.530546573480105,29.719126963968453,30.408783947008082,332172000
2021-11-12,30.330934524536133,30.620371805140735,29.572411403647248,29.95167391591248,413054000
2021-11-15,29.966638565063477,30.58443486683826,29.19015092337192,30.49261463592315,384909000
2021-11-16,30.144289016723633,30.330925790907617,29.648255369043092,29.701153746075637,264484000
2021-11-17,29.204126358032227,30.44970177167363,28.744021941865494,30.358877136697892,428508000
2021-11-18,31.613428115844727,32.69631813601563,31.260116143726005,32.30408431893123,781711000
2021-11-19,32.9208869934082,33.02368742983558,31.842986287532256,32.18032865520123,533867000
2021-11-22,31.89388656616211,34.57965605993872,31.837995656909463,33.45185137250363,754335000
2021-11-23,31.684297561645508,32.297104487807275,30.819979625082112,31.473707227590513,532163000
2021-11-24,32.6104850769043,32.791132988882204,30.86787882205734,31.39984367210979,435162000
2021-11-26,31.4417667388916,32.64641947671285,31.28906425235593,32.5366326785244,283069000
2021-11-29,33.31113052368164,33.347059854259406,31.973734768670198,32.30309521474641,454964000
2021-11-30,32.612483978271484,33.288169993579984,31.8020639511034,33.10452572885988,622066000
2021-12-01,31.37774085998535,33.22836580872918,31.322840737435783,33.15849361780224,484368000
2021-12-02,32.06747817993164,32.41883815872118,30.968483947927016,31.157140743690952,472890000
2021-12-03,30.637094497680664,32.07047969318217,30.07511835402637,31.941713047971994,544325000
2021-12-06,29.982288360595703,30.18591534356921,27.986928984047356,29.825572842929404,658938000
2021-12-07,32.36793518066406,32.38989827762411,30.595170939341617,30.90061524712522,593053000
2021-12-08,31.768030166625977,32.231185706011715,31.363767175848032,31.940715387711048,475551000
2021-12-09,30.434463500976562,32.14634175578324,30.372576157247455,31.67619708871225,488507000
2021-12-10,30.142993927001953,31.247977863240173,29.806607883251402,31.093259512246096,488825000
2021-12-13,28.10970687866211,30.238823159428765,28.06478876546768,30.19390504623433,598344000
2021-12-14,28.285381317138672,28.625759756771775,27.200361499006277,27.648543008228852,667035000
2021-12-15,30.403518676757812,30.444444360950847,27.787292529334405,28.348269122536728,698297000
2021-12-16,28.335289001464844,31.10323838426373,28.04182583511243,31.095253535946085,707366000
2021-12-17,27.7503604888916,28.86931885324772,27.709434805708423,27.934025344259943,713758000
2021-12-20,27.668508529663086,28.09273361260145,27.095554688998547,27.255263089907647,461847000
2021-12-21,29.02203941345215,29.06695752019476,27.35108698495158,28.322316101508555,524385000
2021-12-22,29.346446990966797,29.50116534107653,28.397179041320406,28.838375270706116,395184000
2021-12-23,29.586008071899414,30.004245458765496,29.37738914546088,29.700798362946347,343022000
2021-12-27,30.888629913330078,31.030371442434912,29.58600681231581,29.605970837006446,403686000
2021-12-28,30.266769409179688,31.272932772681703,29.957332698998485,31.2549659097396,420591000
2021-12-29,29.946352005004883,30.492356516503865,29.31250844227248,30.217857815509355,343139000
2021-12-30,29.532115936279297,30.401529887392716,29.48620018749958,29.772676230078847,308864000
2021-12-31,29.357425689697266,29.975299536212468,29.277571489859383,29.619947109415595,266530000
2022-01-03,30.066133499145508,30.655058939253216,29.73074509693811,29.7606911359497,391547000
2022-01-04,29.236648559570312,30.41250230504059,28.29736262619722,30.22185023080997,527154000
2022-01-05,27.55371856689453,29.362418228011627,27.48284874848691,28.89626792314442,498064000
2022-01-06,28.126670837402344,28.386197453418056,27.015699298709755,27.589650744237954,454186000
2022-01-07,27.197370529174805,28.37023146068801,27.007716072731807,28.089743152747793,409939000
2022-01-10,27.3500919342041,27.418966497963304,25.597289879667642,26.53258345671372,594681000
2022-01-11,27.766334533691406,28.013883931869568,26.790117092572483,27.273234805723128,404089000
2022-01-12,27.948001861572266,28.542915045615825,27.557713300921407,28.015876891332525,383413000
2022-01-13,26.526592254638672,28.428120924939382,26.44973094755964,28.327305072130287,540171000
2022-01-14,26.892921447753906,27.147458001744752,26.162254520636363,26.252090727471465,395832000
2022-01-18,25.855817794799805,26.589479608098458,25.72306063189079,26.212167872798418,424270000
2022-01-19,25.021339416503906,26.494650686731937,25.006367348530603,26.031497074855327,488315000
2022-01-20,24.106008529663086,25.53240634876918,24.03413918059923,25.2579076632761,435181000
2022-01-21,23.331430435180664,24.777790836554058,23.220632534030692,23.464187628925725,718958000
2022-01-24,23.329429626464844,23.337414476365872,20.84995476798677,22.289327723810725,913982000
2022-01-25,22.28333282470703,22.90120660752836,21.959923634283577,22.504928539591834,664616000
2022-01-26,22.73052215576172,24.013181488440807,22.25938174059481,23.1976701459674,755959000
2022-01-27,21.90402603149414,23.95129042839998,21.63551504917434,23.525068225789852,573353000
2022-01-28,22.79839324951172,22.81636010917041,21.257205280816873,21.97190057034506,543774000
2022-01-31,24.4414005279541,24.464359350922813,23.010012443225385,23.139774819631263,564680000
2022-02-01,24.593120574951172,25.09919700704266,23.84648201482847,25.05827132598659,518925000
2022-02-02,25.196022033691406,25.769973523352174,24.508275972398696,25.74701660609037,543419000
2022-02-03,23.904375076293945,25.031318143875318,23.736681844608352,24.413446263177633,410178000
2022-02-04,24.274703979492188,24.59012838058224,23.58895505339578,23.928335906810663,354829000
2022-02-07,24.68295669555664,25.136128268103885,24.157913870021662,24.327604278168515,376868000
2022-02-08,25.062267303466797,25.184044829914217,23.936321619111396,24.314631007237885,410359000
2022-02-09,26.65635871887207,26.67632274726425,25.306822003877873,25.575331141416935,524282000
2022-02-10,25.776960372924805,26.875954707575385,25.55336936906097,25.94765032405226,513200000
2022-02-11,23.90537452697754,26.104362619629715,23.72969643389119,25.868792450202136,605472000
2022-02-14,24.22279930114746,24.82969166731445,23.71173084298083,23.89040565806533,440424000
2022-02-15,26.446739196777344,26.49664735834343,24.738855406055166,24.903553862322717,699869000
2022-02-16,26.462709426879883,26.533581150068464,25.505456627808513,26.211169545948387,732676000
2022-02-17,24.462358474731445,25.738030371883664,24.12098239988401,25.583312031602375,810595000
2022-02-18,23.59893798828125,24.940489851461738,23.057925385234288,24.62306827367426,761255000
2022-02-22,23.34739112854004,24.02016312698906,22.958102179090826,22.99303826922734,633422000
2022-02-23,22.346221923828125,24.11100312165854,22.26038003226665,23.75864546022205,566511000
2022-02-24,23.704742431640625,23.75664775981727,20.851948450060917,20.97672076372356,735801000
2022-02-25,24.113000869750977,24.17289105475438,23.338415178233014,23.677796066376736,528866000
2022-02-28,24.340579986572266,24.62007061792842,23.663815548616952,23.94829623416064,477319000
2022-03-01,23.434234619140625,24.332596742039758,23.089863741278815,24.24675295413784,412056000
2022-03-02,24.18000030517578,24.3686892557631,23.376331351543982,23.716767798485705,389642000
2022-03-03,23.674840927124023,24.28582982223085,23.43024466651091,24.221934426127486,365095000
2022-03-04,22.89811897277832,23.64088964003528,22.444868341827025,23.345378995584436,431415000
2022-03-07,21.316740036010742,22.994965806817614,21.294777005132957,22.77932098647633,450821000
2022-03-08,21.478471755981445,22.336052458393485,20.615898244209568,21.273810368801453,557467000
2022-03-09,22.97599220275879,23.181651368149517,22.210258709065023,22.350026889020018,492742000
2022-03-10,22.620580673217773,22.75036513701818,21.845861282278218,22.49378960961242,428066000
2022-03-11,22.06350326538086,23.106777572967157,22.00959159077199,22.98397960489083,367209000
2022-03-14,21.294775009155273,22.225235088059737,21.124057875227315,21.83288444881525,385354000
2022-03-15,22.9350643157959,22.99995751463357,21.286791537231615,21.482467029838773,491996000
2022-03-16,24.455547332763672,24.556380372712788,23.133734394649547,23.461191848389458,671422000
2022-03-17,24.725099563598633,24.800972358259504,23.866519248902918,24.080166527491457,471941000
2022-03-18,26.409317016601562,26.525126591943074,24.5833386943017,24.758048953395775,730719000
2022-03-21,26.689849853515625,27.107160727661043,25.924116304309262,26.463225444702292,591727000
2022-03-22,26.48019790649414,27.193019493440183,26.028944683421926,26.682861784708894,547007000
2022-03-23,25.5916690826416,26.56805276024476,25.53276649933288,26.082855274149125,502120000
2022-03-24,28.103511810302734,28.273231143042416,25.864215941656777,26.12278899769975,877379000
2022-03-25,27.64626693725586,28.311167424037748,27.225962678243405,27.83994679587031,579016000
2022-03-28,28.17239761352539,28.20334655569767,27.16107004424797,27.71016288962151,425494000
2022-03-29,28.60867691040039,28.898197007048974,27.933792679399332,28.647612063062294,488984000
2022-03-30,27.644269943237305,28.448938574346748,27.45757850328039,28.25725622983743,463487000
2022-03-31,27.240938186645508,28.20134939752375,27.2249657673919,27.73611936328396,523440000
2022-04-01,26.667882919311523,27.450588477571923,26.223618176568404,27.329788029173752,517235000
2022-04-04,27.314815521240234,27.51248847819135,26.569049452024597,26.68385930081857,397120000
2022-04-05,25.88817596435547,27.27388423698452,25.77735921455071,27.208991048164048,436615000
2022-04-06,24.3666934967041,25.25821843251392,23.96336133874279,24.89282362740827,703833000
2022-04-07,24.168020248413086,24.681171307510272,23.43922631315806,24.400635246810964,557992000
2022-04-08,23.08081817626953,23.88349121370737,23.023913104599814,23.877500604837305,524781000
2022-04-11,21.88080406188965,22.283138388650364,21.624228525861138,22.177314452244133,575207000
2022-04-12,21.46848487854004,22.687469011899285,21.24685139974745,22.499779776636807,662258000
2022-04-13,22.166336059570312,22.462846517145003,21.419572013847418,21.6921219342343,516943000
2022-04-14,21.2228946685791,22.739387248033424,21.12805223392379,22.467835155377976,569097000
2022-04-18,21.747026443481445,22.051521138183773,21.044188623248843,21.16498908187305,525701000
2022-04-19,22.161340713500977,22.336050945283077,21.27879983247337,21.68412947440656,512781000
2022-04-20,21.4465274810791,22.63256548223424,21.16499355429564,22.47981825045816,468974000
2022-04-21,20.149669647216797,22.355021261277425,19.966971296213607,21.673148627868898,656209000
2022-04-22,19.48277473449707,20.452172015529403,19.46780011298463,20.269473635441546,624713000
2022-04-25,19.86913299560547,19.912061251453245,19.0644643191004,19.170288258529265,641566000
2022-04-26,18.756969451904297,19.755317830937148,18.639164312711245,19.685433749076594,653143000
2022-04-27,18.38458824157715,19.135345204510386,18.25979468111311,18.567284673540673,499460000
2022-04-28,19.749330520629883,20.00391046614627,18.45946438232982,18.93567592267168,570327000
2022-04-29,18.516372680664062,20.09476121936068,18.486421536646326,19.36996029108147,500435000
2022-05-02,19.500741958618164,19.541672708029544,18.36062778740059,18.510379679745746,572049000
2022-05-03,19.569629669189453,19.792262897480043,19.10140428590386,19.367963575504675,475751000
2022-05-04,20.3004207611084,20.36631175572841,18.72003469045298,19.890100173219796,648855000
2022-05-05,18.812881469726562,19.892095715504983,18.469449677687027,19.83419283544988,626331000
2022-05-06,18.6441593170166,19.479776987402545,17.9602910601571,18.705059404144578,633297000
2022-05-09,16.92201042175293,18.224853813753594,16.7992124406754,18.00421999546942,644455000
2022-05-10,17.565940856933594,18.167945631447047,16.996882526811753,17.659785477148134,761474000
2022-05-11,16.602535247802734,17.723681745955233,16.540639268818456,17.318352104897787,670167000
2022-05-12,16.148283004760742,16.76027138150345,15.541288387972504,16.192210954575692,708728000
2022-05-13,17.6767578125,17.898391300065715,16.565596974416653,16.760274626100347,670437000
2022-05-16,17.23548698425293,17.75862172154425,17.07774889432001,17.480083183897694,521446000
2022-05-17,18.146984100341797,18.340663989048206,17.604881495378272,18.044153545934023,585830000
2022-05-18,16.910022735595703,18.08807399974104,16.836145557670758,17.675756057290172,545161000
2022-05-19,17.095720291137695,17.65779022337762,16.70636308062832,16.909028847119362,621310000
2022-05-20,16.666431427001953,17.38124861372586,15.72898198152953,17.30337830808669,739105000
2022-05-23,16.870092391967773,16.8870645132197,16.15228001190613,16.247122426715357,639889000
2022-05-24,16.127323150634766,16.56959238729459,15.753941165503504,16.482736162840254,588550000
2022-05-25,16.94697380065918,17.082748937902142,15.973583193938643,15.993550629938946,781132000
2022-05-26,17.82151985168457,18.06212107603977,15.995539876042033,16.0095166948494,996575000
2022-05-27,18.77993392944336,18.849818017811725,18.070107724075864,18.15596613444211,738379000
2022-05-31,18.641162872314453,19.168290724421144,18.319694173355895,18.948652849911007,664100000
2022-06-01,18.28974723815918,19.021536611568727,18.09207424818962,18.69308133274079,544514000
2022-06-02,19.55964469909668,19.58660053766134,18.167947658558926,18.261792289244305,648656000
2022-06-03,18.6890869140625,19.300077733080343,18.491413917844703,19.05049055894073,598779000
2022-06-06,18.754972457885742,19.305063023804752,18.533338989843504,19.10739008508047,422406000
2022-06-07,18.894746780395508,18.96862398496373,18.15796462255959,18.441496029776626,388914000
2022-06-08,18.621139526367188,19.152372804754865,18.508301426768817,18.77192109157783,363252000
2022-06-09,18.02200698852539,18.905732609818287,18.015017100638353,18.454383930882635,395574000
2022-06-10,16.949552536010742,17.671510740907465,16.84470232459891,17.574650332348853,465248000
2022-06-13,15.62446403503418,16.288506201555297,15.5835227213971,15.976955298962904,604153000
2022-06-14,15.813189506530762,16.04285774637473,15.389799517519151,15.708340258379813,469680000
2022-06-15,16.503192901611328,16.843701287082457,15.903057871289542,16.071814095296862,563936000
2022-06-16,15.57852840423584,15.919037789492796,15.378816671462324,15.837155169600095,545749000
2022-06-17,15.857126235961914,15.971960359046658,15.305921302394394,15.625460063082594,630334000
2022-06-21,16.542137145996094,16.983499894154047,16.3833657846914,16.451268624993155,483089000
2022-06-22,16.336435317993164,16.638000356489247,16.156694289080086,16.202627557361957,437135000
2022-06-23,16.201629638671875,16.561109793946137,15.830164779980462,16.49520487660904,463680000
2022-06-24,17.101333618164062,17.11531339362541,16.286508882728302,16.476235767276282,472153000
2022-06-27,16.84469985961914,17.30503623569172,16.602049868165384,17.287062514954613,427968000
2022-06-28,15.958979606628418,17.177221612283553,15.922032246873021,16.875656572494353,461149000
2022-06-29,15.519613265991211,15.797212715501667,15.148149350331243,15.791221792094543,482352000
2022-06-30,15.137166023254395,15.544578349949315,14.840593877871374,15.338874735915367,686070000
2022-07-01,14.502080917358398,15.041303066342433,14.371270043261264,14.877539732875723,577610000
2022-07-05,14.942445755004883,14.94943564180237,14.034755625514359,14.154582664457305,651397000
2022-07-06,15.108205795288086,15.29693367587243,14.767696439592328,14.988378766026717,529066000
2022-07-07,15.83515739440918,15.92203196996531,15.366833095238492,15.433736974677423,492903000
2022-07-08,15.815186500549316,16.01390020969926,15.366832903101747,15.407774210465988,467972000
2022-07-11,15.130173683166504,15.504633488551995,15.016337582356337,15.503634525295542,437321000
2022-07-12,15.060275077819824,15.408772341747861,14.85557044400225,15.246007026649878,458483000
2022-07-13,15.142156600952148,15.352853108240026,14.444164068510663,14.568984012480094,521918000
2022-07-14,15.349858283996582,15.450712638434682,14.706785832690487,15.086238604158117,456235000
2022-07-15,15.739295959472656,15.759266655591743,15.422752188584846,15.636444636552923,385935000
2022-07-18,16.077808380126953,16.87266137055177,15.97895195225039,16.27851907838697,670517000
2022-07-19,16.967527389526367,17.08535746729532,16.14870872153235,16.462255651716813,702366000
2022-07-20,17.781347274780273,17.90716712113831,16.77679785796613,16.92258744576108,760538000
2022-07-21,18.02400016784668,18.117864633894918,17.519728403683327,17.859238822871024,557049000
2022-07-22,17.29405403137207,17.94111946651388,17.112315071094837,17.867226650028243,536671000
2022-07-25,16.99947738647461,17.099333719103424,16.62501756756741,16.99448352231255,480748000
2022-07-26,16.509187698364258,16.894631404697474,16.454266612677664,16.86467392943168,397865000
2022-07-27,17.76437759399414,17.910167215628285,16.888639948434598,17.007468032119625,569776000
2022-07-28,17.95809555053711,18.113870989178302,17.414880394394697,17.94910964143553,474646000
2022-07-29,18.136838912963867,18.21772161938443,17.666516650418973,17.787342656791314,435460000
2022-08-01,18.414440155029297,18.818857535494043,17.964089498853447,18.155812405222676,476469000
2022-08-02,18.499313354492188,18.91072054562352,18.065938493134848,18.095895965389474,489527000
2022-08-03,18.865785598754883,18.940678328318345,18.110874046055788,18.157807229563822,418146000
2022-08-04,19.187320709228516,19.24623573424179,18.732976218492368,18.821848713794125,409652000
2022-08-05,18.96164894104004,19.201303021248535,18.639114229543424,18.78290591582799,386068000
2022-08-08,17.767372131347656,18.212730811911012,17.21716704327838,17.47679279559304,981859000
2022-08-09,17.061389923095703,17.421870002931122,16.69991183217635,17.227151183891166,668263000
2022-08-10,18.070932388305664,18.091902047539314,17.292055249767497,17.672506958265103,597422000
2022-08-11,17.916156768798828,18.680056200111537,17.850251846796258,18.10488562543429,509327000
2022-08-12,18.68205451965332,18.691042334732174,17.9271428094848,18.133845414883826,478094000
2022-08-15,19.00458335876465,19.136393177894906,18.586188222110913,18.674060799997406,457666000
2022-08-16,18.851808547973633,19.114430240289973,18.474352717118556,18.892749861924315,451240000
2022-08-17,18.30858612060547,18.661078237142025,18.11886120140195,18.49631692261255,446799000
2022-08-18,18.745962142944336,18.837828691537812,18.156811761959567,18.274641838156523,415447000
2022-08-19,17.823291778564453,18.49332481845139,17.74440509539468,18.379488700573745,441588000
2022-08-22,17.00946617126465,17.532711616910927,16.941563319967976,17.464808765614254,409593000
2022-08-23,17.156253814697266,17.43984516322094,16.94555727793766,16.96453091770443,369986000
2022-08-24,17.197189331054688,17.380924267583183,16.870660757229743,16.98749087614457,522661000
2022-08-25,17.88719940185547,17.921150826653033,16.80875503887168,16.8197388752235,770691000
2022-08-26,16.2365779876709,17.89818058339099,16.21361040263191,17.8312776594616,769127000
2022-08-29,15.778239250183105,16.314465436808703,15.744288781285178,15.996924609001962,496132000
2022-08-30,15.445721626281738,16.015898353425058,15.160133304829227,15.937012618232298,530181000
2022-08-31,15.072259902954102,15.517617626074342,14.937454115543336,15.361842176484224,573710000
2022-09-01,13.916926383972168,14.359288157443446,13.250887267454193,14.18853397404984,1178865000
2022-09-02,13.62734317779541,14.150587623662512,13.571423131666329,14.079690745301827,743157000
2022-09-06,13.445606231689453,13.759154100445343,13.33177010829698,13.711222900637836,535751000
2022-09-07,13.698317527770996,13.822176280092572,13.330738312312004,13.547490176290989,512657000
2022-09-08,13.9739990234375,13.991979038375039,13.353709941222819,13.443606205576218,624873000
2022-09-09,14.370546340942383,14.457446736398632,14.109845154573632,14.140808885903576,486612000
2022-09-12,14.488412857055664,14.530364644872812,14.18176376823684,14.352568700528598,484159000
2022-09-13,13.115983009338379,13.90607879086274,13.084020015919732,13.786216136667264,714956000
2022-09-14,13.112984657287598,13.274799067006125,12.898230418523704,13.238839991763056,588507000
2022-09-15,12.914214134216309,13.217866376931088,12.775373157326715,13.000116225535464,523625000
2022-09-16,13.182905197143555,13.196889124161244,12.602569368158692,12.72742640372154,670751000
2022-09-19,13.36669635772705,13.447604054078598,12.995122034823089,12.997119602836856,569685000
2022-09-20,13.160930633544922,13.467579686600898,13.042067248592078,13.19988654096315,524818000
2022-09-21,13.245834350585938,14.014954232937612,13.095007011890376,13.197889860840233,807679000
2022-09-22,12.54663372039795,13.133961515714864,12.413786413091321,13.055051396378376,759162000
2022-09-23,12.50168514251709,12.596576756962303,12.24298153821407,12.405795220468217,663309000
2022-09-26,12.214016914367676,12.644524772644914,12.20003298439622,12.476716660403659,547343000
2022-09-27,12.398804664611816,12.721435237771948,12.243982188527069,12.492697029529888,553854000
2022-09-28,12.721434593200684,12.808334989361853,12.339871496224669,12.395807208221072,542414000
2022-09-29,12.206026077270508,12.485705616353377,11.932339242505304,12.433765035265326,532763000
2022-09-30,12.125117301940918,12.61855277851988,12.061190365302796,12.073176725458923,565638000
2022-10-03,12.49769115447998,12.663501679937102,12.091156065318172,12.332879889301863,547478000
2022-10-04,13.15194034576416,13.204880177780431,12.864269632842998,12.864269632842998,584182000
2022-10-05,13.193891525268555,13.305763887456804,12.60656471967671,12.896232987153471,507131000
2022-10-06,13.114984512329102,13.640382996223709,13.088014963047122,13.204881739824113,644157000
2022-10-07,12.062188148498535,12.655508616946014,12.008250010692723,12.490697375710603,672478000
2022-10-10,11.656651496887207,12.110131714727638,11.3949510983882,12.023231335247388,698699000
2022-10-11,11.57275104522705,11.832452993181196,11.270097097180281,11.547779062915492,667482000
2022-10-12,11.486848831176758,11.721579746970669,11.332026352784338,11.565758960846363,492590000
2022-10-13,11.94632339477539,12.064188488476074,10.800634713590224,10.958454027905521,850103000
2022-10-14,11.21416187286377,12.097150820842542,11.191188410196347,12.043212670300703,713432000
2022-10-17,11.874403953552246,11.934335754343225,11.503828906655514,11.50482721432823,580774000
2022-10-18,11.953313827514648,12.477713024942323,11.604712987742495,12.329882522874023,659362000
2022-10-19,12.03721809387207,12.335876896072701,11.820466247889982,11.865414862005727,523131000
2022-10-20,12.180054664611816,12.754396879534767,12.091155747711756,12.09914697198284,652398000
2022-10-21,12.451743125915527,12.483707070858399,11.873405767148114,12.084163950866346,609494000
2022-10-24,12.58459186553955,12.695464987828233,12.050203839502682,12.49369632865741,517457000
2022-10-25,13.245834350585938,13.284790260624495,12.64951696009475,12.679483337842468,505482000
2022-10-26,12.88125228881836,13.372689273585683,12.693467556378188,12.854283691329806,532953000
2022-10-27,13.160930633544922,13.822174178761271,13.10699249084429,13.614411879420391,583113000
2022-10-28,13.8181791305542,13.834161579847763,13.046063366312397,13.089014412694416,521040000
2022-10-31,13.481562614440918,13.82217315369988,13.281791553960465,13.762241359263966,486341000
2022-11-01,13.527511596679688,13.909074687035073,13.50353887693043,13.795204744517916,432817000
2022-11-02,13.203882217407227,14.19374905531883,13.195891945618369,13.834161105061225,672628000
2022-11-03,13.405652046203613,13.765240980626356,12.941184593547154,13.028084998676984,500065000
2022-11-04,14.139811515808105,14.212727988213533,13.681335835572494,13.970005849436946,612576000
2022-11-07,14.284645080566406,14.39551820241561,13.938042738906823,14.211728608772217,410061000
2022-11-08,14.58530044555664,14.873969484484578,14.199741267581862,14.784072261886399,595292000
2022-11-09,13.760245323181152,14.19474826160069,13.743264566818908,14.145803560453576,454414000
2022-11-10,15.731986045837402,15.754959503504887,14.530361900226472,14.783072792319478,700819000
2022-11-11,16.30832862854004,16.37025800166278,15.464295629433527,15.788923779288627,655487000
2022-11-14,16.2763671875,16.521087874946318,15.903793558048628,16.199455570212415,527852000
2022-11-15,16.646940231323242,16.978559364673853,16.363264632731703,16.70287594284823,545876000
2022-11-16,15.891805648803711,16.343288419851884,15.854848258100025,16.143518276953394,649547000
2022-11-17,15.65907096862793,16.247398057022366,15.517233169479347,15.697027616432967,710894000
2022-11-18,15.391379356384277,15.983701639750986,15.102709333211191,15.947741603667236,492072000
2022-11-21,15.299483299255371,15.459300164906633,15.062753876386287,15.129677641354991,404739000
2022-11-22,16.019657135009766,16.039634717861958,15.10470441618478,15.310469137677872,472866000
2022-11-23,16.500110626220703,16.50810280470266,16.029650420700868,16.079592486666538,427241000
2022-11-25,16.25139617919922,16.468147100964106,16.15350866614411,16.299341627886353,167934000
2022-11-28,15.80889892578125,16.33829347076689,15.70701629565095,16.00767074262559,303741000
2022-11-29,15.621114730834961,15.913779868644749,15.502251340847867,15.808899454307763,298384000
2022-11-30,16.907970428466797,16.914964181032015,15.583147881912108,15.68305849672562,565298000
2022-12-01,17.119781494140625,17.249665193995767,16.62022557743616,16.98390260494698,470977000
2022-12-02,16.861013412475586,16.917963908869055,16.430396388248067,16.644207055618132,371389000
2022-12-05,16.595245361328125,16.97990358093588,16.457367463744955,16.66418431011971,352255000
2022-12-06,15.97280216217041,16.55828121576056,15.804951144521732,16.515320136499295,352694000
2022-12-07,16.105682373046875,16.17162373381162,15.653083725365772,15.75799095539726,372388000
2022-12-08,17.15375328063965,17.16374462857711,15.944826859373718,16.25854908651471,515456000
2022-12-09,16.985898971557617,17.56738276437622,16.959922995009748,17.144758142343576,465338000
2022-12-12,17.519426345825195,17.522423940579902,16.78208282842497,17.02186944660051,457328000
2022-12-13,18.055950164794922,18.773312896973106,17.695270719801442,18.51454214589469,656589000
2022-12-14,17.658302307128906,18.235789967514442,17.40452819143462,17.97102403616242,496888000
2022-12-15,16.93694305419922,17.304616230476075,16.6851679759373,17.130770989108214,478542000
2022-12-16,16.556285858154297,17.025869767688917,16.395429510336715,16.849026879155286,478232000
2022-12-19,16.23956298828125,16.594247221687603,16.130660548556378,16.557281335013183,354039000
2022-12-20,16.07071304321289,16.295513588505056,15.837921135341295,16.049731786029263,403260000
2022-12-21,16.48634147644043,16.612230906424532,16.087695743741804,16.099686120718538,325025000
2022-12-22,15.32537841796875,16.12366962981493,14.868784463917573,16.07970807761634,565045000
2022-12-23,15.192495346069336,15.325376644787509,14.869782259429021,15.182503998741366,349326000
2022-12-27,14.10845947265625,15.086590117215547,14.04351666537455,15.06061318486834,464902000
2022-12-28,14.023534774780273,14.249333894789332,13.871669340252495,13.91463137268626,351066000
2022-12-29,14.590030670166016,14.669959545430306,14.214365146989318,14.38920991894021,354923000
2022-12-30,14.601020812988281,14.616006880843551,14.22035868196572,14.32126881054406,310490000
2023-01-03,14.302287101745605,14.982683046541192,14.083481722564576,14.837811356872233,401277000
2023-01-04,14.735901832580566,14.83980956745862,14.22835353833652,14.554064249371384,431324000
2023-01-05,14.252328872680664,14.551063060254682,14.135432223402361,14.478127951229405,389168000
2023-01-06,14.845803260803223,14.996669173791805,14.021536170907764,14.46114496790957,405044000
2023-01-09,15.614120483398438,16.041739858471093,15.127552540225734,15.27042613908939,504231000
2023-01-10,15.894871711730957,15.947824139665439,15.458259534317742,15.493228298581526,384101000
2023-01-11,15.986788749694824,16.013765197501424,15.54917801774992,15.82593243722272,353285000
2023-01-12,16.496334075927734,16.622221609826266,15.478239131308847,16.085699840694257,551409000
2023-01-13,16.88399314880371,16.906973440367825,16.150645718524004,16.26354433312093,447287000
2023-01-17,17.686279296875,17.712257183113643,16.883992908954816,16.883992908954816,511102000
2023-01-18,17.361568450927734,17.857126341803287,17.266651599952407,17.651309913601228,439624000
2023-01-19,16.750112533569336,17.181730042412166,16.716144233908317,17.020871801588246,452932000
2023-01-20,17.823158264160156,17.840143365009215,16.810058837010637,16.99589257194811,564967000
2023-01-23,19.175952911376953,19.227906768927827,17.802174233572078,18.04795411193346,655163000
2023-01-24,19.247888565063477,19.47768573151411,18.80328411093273,18.810277863168658,496204000
2023-01-25,19.305837631225586,19.352796770938472,18.5634975192787,18.896201937921386,449537000
2023-01-26,19.78441047668457,20.14808746569954,19.26087576369776,19.683500359889386,489535000
2023-01-27,20.346914291381836,20.609681217666772,19.387767750203274,19.444716337644525,542142000
2023-01-30,19.144981384277344,20.122111480612517,19.132991005740035,19.93228160654775,488611000
2023-01-31,19.5196533203125,19.669519750857543,18.93317463733689,19.15297860842595,498017000
2023-02-01,20.924402236938477,21.173179754180076,19.593584395695807,19.673513274993415,660477000
2023-02-02,21.689720153808594,21.929506784254198,20.681617361721663,20.981350173364984,564276000
2023-02-03,21.08125877380371,21.725686324206944,20.77053418941779,20.981347215456356,429366000
2023-02-06,21.07027244567871,21.550844283584937,20.767540124697106,20.78752282089384,452197000
2023-02-07,22.153310775756836,22.239234850118407,21.131218480261126,21.363012815575058,664150000
2023-02-08,22.185277938842773,22.85768053067308,21.988452406748905,22.36711549775643,559651000
2023-02-09,22.31716537475586,22.99955945737948,22.10035900879631,22.585927517822917,523876000
2023-02-10,21.246112823486328,22.058390480944603,20.792517477854553,21.67073650199082,550737000
2023-02-13,21.768648147583008,22.02841744596163,20.94338158194869,21.51887019594832,474919000
2023-02-14,22.95059585571289,23.028525685190193,21.34702010626192,21.558831682937534,675474000
2023-02-15,22.74378204345703,22.834700825235142,22.08636740802222,22.528972843717096,420575000
2023-02-16,21.98246192932129,22.529973707597556,21.907527770818145,22.113344207439248,412026000
2023-02-17,21.36900520324707,21.72069186561659,20.956371893451113,21.611789418600182,465888000
2023-02-21,20.636653900146484,21.474907454748386,20.599686109819366,20.98134676815922,410015000
2023-02-22,20.73556900024414,21.08525856184471,20.40286453988305,20.688611760297764,513184000
2023-02-23,23.642982482910156,23.866784468278883,23.004550068861985,23.419182403196057,1117995000
2023-02-24,23.265316009521484,23.453150653800915,22.92661832336166,23.20437127387263,589716000
2023-02-27,23.48012924194336,23.858792378976418,23.433172002016676,23.64897978549694,452994000
2023-02-28,23.19537925720215,23.80383950478864,23.18538791047847,23.351240835913334,455963000
2023-03-01,22.67784309387207,23.235348128467578,22.48801128896413,23.171403880977884,460026000
2023-03-02,23.29329490661621,23.359236279299715,22.412078207513495,22.46803013779007,389415000
2023-03-03,23.868783950805664,23.878775299015683,23.109458637737486,23.299290442418233,412393000
2023-03-06,23.533079147338867,24.226461044059512,23.466137318126673,23.86977970229094,437429000
2023-03-07,23.271268844604492,24.10766739527253,23.224301727377593,23.583044962685058,515154000
2023-03-08,24.16362762451172,24.182614980874536,23.407171499495316,23.470125964528833,513573000
2023-03-09,23.419164657592773,24.436432986839232,23.36620132941234,24.157632182310337,501257000
2023-03-10,22.948501586914062,23.610026647081675,22.709672969612804,23.392182851427492,474866000
2023-03-13,22.94949722290039,23.28125939386339,22.28097921836798,22.735652198682082,421890000
2023-03-14,24.04570960998535,24.201597655704894,23.443142246378383,23.479117583684822,474910000
2023-03-15,24.21059226989746,24.268549253766167,23.34321591719625,23.743926859434243,524486000
2023-03-16,25.52265167236328,25.569616885886756,23.87683361412043,24.009739393277343,583253000
2023-03-17,25.70651626586914,26.380031764985397,25.649556108835185,25.963331573852056,848547000
2023-03-20,25.881391525268555,26.005302985248274,25.111944281425373,25.59659643862163,432747000
2023-03-21,26.18017578125,26.37303790626991,25.362764616181867,26.161190332112522,547408000
2023-03-22,26.448984146118164,27.569179039359145,26.218149211334993,26.406013865923246,797295000
2023-03-23,27.171464920043945,27.479244205116395,26.670825406717857,27.095519307910028,564889000
2023-03-24,26.759761810302734,27.147483566492234,26.33606661722122,27.01158158648211,454920000
2023-03-27,26.511940002441406,26.980602930937245,26.346058892547795,26.817719925026797,361026000
2023-03-28,26.391027450561523,26.493954097903753,25.831430276636002,26.4280015261845,356104000
2023-03-29,26.964614868164062,27.058547204541636,26.577893744882736,26.805730597872664,393694000
2023-03-30,27.363325119018555,27.479242902984097,27.082526876348233,27.209436436763664,364516000
2023-03-31,27.75704574584961,27.814004004810442,27.085527618637744,27.120502322557275,433933000
2023-04-03,27.94490623474121,27.979880933429747,27.316358484909628,27.489234513271896,398716000
2023-04-04,27.433277130126953,27.979885054676217,27.28738210668596,27.945909083523457,368592000
2023-04-05,26.86168670654297,26.978601316294384,26.376035833177692,26.80972402243849,515015000
2023-04-06,27.017578125,27.060546503256354,26.408015719906235,26.564902524351552,397654000
2023-04-10,27.559186935424805,27.601156578457452,26.64984085776074,26.80372954888045,395279000
2023-04-11,27.149484634399414,27.770038848423994,27.106514348004904,27.704086272681735,314378000
2023-04-12,26.475963592529297,27.448264043474452,26.42899647869956,27.350334885590687,446259000
2023-04-13,26.443988800048828,26.867683992588354,26.31008619158329,26.714794027025235,353615000
2023-04-14,26.73877716064453,26.863687363855078,26.201163539291557,26.48495991742943,395660000
2023-04-17,26.982601165771484,26.986598002254567,26.414009721025014,26.545914854858225,321471000
2023-04-18,27.647125244140625,28.08980780824291,27.337348466129004,27.513222631299666,604812000
2023-04-19,27.910934448242188,27.979885123404387,27.212437196433893,27.341344234615143,358660000
2023-04-20,27.08452796936035,28.00986330483547,26.980602593808353,27.651120059660737,427713000
2023-04-21,27.099515914916992,27.163471016898853,26.70280177882077,26.93263607855508,345103000
2023-04-24,27.02257537841797,27.346342052515727,26.651841580341635,26.993596880204745,339282000
2023-04-25,26.222150802612305,27.227428730044743,26.2061634539482,27.058549494424454,378527000
2023-04-26,26.936635971069336,27.310367863179685,26.685816821754994,26.98260436101404,406337000
2023-04-27,27.206439971923828,27.475247721744942,26.605871913545112,27.343342584443867,377161000
2023-04-28,27.729066848754883,27.73805925519881,27.0515524922884,27.205443100319112,292216000
2023-05-01,28.889230728149414,29.037125120699496,27.76004336563465,27.819999727596734,570329000
2023-05-02,28.18973159790039,28.81528320497445,28.062823938951198,28.659395146014408,402730000
2023-05-03,27.782026290893555,28.346620912349294,27.45226344860526,27.81999909733756,383387000
2023-05-04,27.542200088500977,27.838985705920198,27.220430905977167,27.631134947468425,321850000
2023-05-05,28.659399032592773,28.73434401538544,27.71108130813232,27.806012382061127,361494000
2023-05-08,29.130054473876953,29.199005142283028,28.329631292767775,28.501506691508787,344979000
2023-05-09,28.55047035217285,28.952181934648433,28.42955890918882,28.878235699687504,314869000
2023-05-10,28.86425018310547,29.092087035721274,28.440554984400553,28.98416291165598,369350000
2023-05-11,28.55746841430664,28.92920281280788,28.225708100280915,28.875240753032415,322149000
2023-05-12,28.319637298583984,28.759321683502982,28.025847918273,28.508500674940795,274222000
2023-05-15,28.932201385498047,28.948190639404935,28.131778076973347,28.48752134610021,293926000
2023-05-16,29.192012786865234,29.84854229374042,28.811287884012522,28.820280290092327,449405000
2023-05-17,30.15631675720215,30.177301577321927,29.408854999535183,29.56274368041356,432535000
2023-05-18,31.655241012573242,31.805132866599582,30.298216841251755,30.388152334863225,748725000
2023-05-19,31.24153709411621,31.557310036295906,30.893787555280724,31.513341024657798,473908000
2023-05-22,31.153600692749023,31.49735339211536,30.65795677817988,30.87879675498939,372000000
2023-05-23,30.665952682495117,31.26552200836537,30.608994425638024,30.977728808186782,356253000
2023-05-24,30.51605796813965,30.585008634281714,29.78458357347646,30.188292620825063,721419000
2023-05-25,37.95271682739258,39.45163931099555,36.60868178060233,38.49532603456111,1543911000
2023-05-26,38.91801834106445,39.14185643210818,37.523021390592284,37.8627772696222,714397000
2023-05-30,40.08218765258789,41.90787495219455,39.9203052702445,40.56584114605257,923401000
2023-05-31,37.80681610107422,40.26604642153366,37.7948236861599,39.459627039739445,1002580000
2023-06-01,39.74142837524414,40.02122599416547,38.312455429541636,38.461346644765726,635873000
2023-06-02,39.298744201660156,40.47090176603985,39.02993646505513,40.06819143341224,482731000
2023-06-05,39.14285659790039,39.53657069855397,38.679189286090256,38.88104381120459,396094000
2023-06-06,38.62622833251953,39.1318653148493,38.12059135018976,38.8021043858252,388729000
2023-06-07,37.45194625854492,39.474703297474356,37.33301997819247,38.89106290280478,511998000
2023-06-08,38.48632049560547,38.84010293062973,37.4819411635342,37.7008044682283,417772000
2023-06-09,38.746158599853516,39.68657800450454,38.54328432045777,39.01299269857506,427717000
2023-06-12,39.45771789550781,39.505688712065734,38.59425082216785,39.17589363712525,388701000
2023-06-13,40.996768951416016,41.075722741706215,39.715559758019225,40.16128459363338,613208000
2023-06-14,42.970558166503906,42.97355467454548,40.5270583526463,40.79889424246381,740465000
2023-06-15,42.62677001953125,43.26238049136282,42.121080670450745,42.57580269390377,568622000
2023-06-16,42.665740966796875,43.694107345246216,42.634757991858756,43.423274132181255,655709000
2023-06-20,43.78105163574219,43.962942703926494,42.64775030627481,42.97155231998725,451153000
2023-06-21,43.01852798461914,43.588180974948955,42.054125063664856,43.47424885194241,551603000
2023-06-22,42.998538970947266,43.39928949924953,42.208025110021616,42.227010618169004,417737000
2023-06-23,42.18304443359375,42.78267395605411,41.989163484276936,42.43788869619759,358140000
2023-06-26,40.60700607299805,42.73769458878432,40.0753318268569,42.434879569739635,594322000
2023-06-27,41.85024642944336,41.91420624707346,40.4231270343507,40.773909101453334,462175000
2023-06-28,41.09170913696289,41.81926197798382,40.49307856329963,40.634989509868575,582639000
2023-06-29,40.79689025878906,41.574411613272915,40.57502668206587,41.53243762915507,380514000
2023-06-30,42.27598571777344,42.523834315125356,41.475479581580665,41.65437036454599,501148000
2023-07-03,42.38691329956055,42.87161562417635,42.17604453301068,42.49084942883537,198209000
2023-07-05,42.29097366333008,43.150441505603716,42.05911410135034,42.10908258566203,323618000
2023-07-06,42.07710647583008,42.1530599478422,41.32057207606587,41.81826689432813,303582000
2023-07-07,42.47685623168945,43.187421268653814,42.15405684971211,42.29596780250317,355881000
2023-07-10,42.154056549072266,42.78466895683642,41.62338110912279,42.630764348967396,353908000
2023-07-11,42.3789176940918,42.73170122282659,42.04112814202054,42.454871163979334,298244000
2023-07-12,43.874996185302734,43.90797683237442,42.750688175915705,43.00653122808704,481277000
2023-07-13,45.9487190246582,46.12660712082418,44.46463189348064,44.49061687587423,478204000
2023-07-14,45.44103240966797,48.05842086495261,45.03228360147306,46.55434556858439,772075000
2023-07-17,46.43242263793945,46.46740095865017,45.23416258534188,46.26053135464742,510488000
2023-07-18,47.46479034423828,47.866543538451424,45.705874433801,46.67227877667429,569164000
2023-07-19,47.04804992675781,47.78859538140971,46.71325684809784,47.43481298023266,427502000
2023-07-20,45.492000579833984,47.05803804198633,45.03428211792996,46.47839297675557,537865000
2023-07-21,44.281742095947266,45.837787350260115,44.07287102513101,45.75983240289845,963769000
2023-07-24,44.584564208984375,45.081260212918075,44.01291737812117,44.70349050837734,382516000
2023-07-25,45.650901794433594,46.15458956708273,44.8953663231092,44.91335680599696,348081000
2023-07-26,45.424049377441406,46.02468153648156,44.602556261685095,45.99269972014387,364237000
2023-07-27,45.871768951416016,47.365848326279796,45.721859689787834,46.4903876930014,455976000
2023-07-28,46.721248626708984,46.9980786979618,46.35247608116189,46.639298324953806,331194000
2023-07-31,46.70025634765625,47.101010662202654,46.47739394545159,46.72524249470283,251055000
2023-08-01,46.4783935546875,46.87115337617215,45.998689259747614,46.431421579880784,237858000
2023-08-02,44.24177551269531,45.8118084916432,43.360317974364946,45.802815155111105,530142000
2023-08-03,44.48762130737305,45.0902510844573,43.77306090168559,43.77306090168559,324176000
2023-08-04,44.65251541137695,45.61392162433643,44.36569320982408,44.95732809567227,362666000
2023-08-07,45.38906478881836,45.511990232098384,44.53558997451051,45.08325324688341,322154000
2023-08-08,44.636539459228516,45.2141831870071,44.028911584781994,44.825422427653535,353843000
2023-08-09,42.527828216552734,44.28474638744964,42.108084553153404,44.24676774624943,586449000
2023-08-10,42.361934661865234,43.54720617350496,41.80927331747047,42.134074226362216,492705000
2023-08-11,40.829872131347656,41.99215885411626,40.61400537621823,41.72532096506458,533085000
2023-08-14,43.72608947753906,43.77306145616608,40.28620883934567,40.46110044875355,690286000
2023-08-15,43.91297149658203,45.24015758263932,43.683113425163896,44.53259288459705,676512000
2023-08-16,43.459251403808594,44.647519214995704,43.379298782650274,44.49261577693997,527451000
2023-08-17,43.31734085083008,44.03489771419594,42.97454951240832,43.94295524890926,452395000
2023-08-18,43.272369384765625,43.551197119018596,41.634377488176604,42.6087763040824,583768000
2023-08-21,46.938114166259766,47.03605346889401,44.19480341942979,44.46663549789338,692573000
2023-08-22,45.639915466308594,48.15736739909562,45.30512239146773,48.10539742487358,755293000
2023-08-23,47.0870246887207,47.170972662557176,45.18019716729646,45.837793441366706,779046000
2023-08-24,47.133995056152344,50.235087489831194,47.129999711888594,50.185119000074536,1156044000
2023-08-25,45.98970031738281,47.77560005540554,44.99630833714143,46.98308848527299,925341000
2023-08-28,46.806190490722656,46.95110175751029,44.86038950940657,46.45340698345563,685192000
2023-08-29,48.75399398803711,49.05081219163771,46.362464335996904,46.63729671198836,701397000
2023-08-30,49.23370361328125,49.896294082770865,48.395218879194125,49.01383768871002,735206000
2023-08-31,49.324649810791016,49.7134105431144,48.92789457736262,49.34963596255174,528570000
2023-09-01,48.47916793823242,49.76937439515169,48.11239304785446,49.73139956293517,463830000
2023-09-05,48.51814270019531,48.82095775430036,47.83056610340423,48.19334181684409,382653000
2023-09-06,47.035926818847656,48.52313297844175,46.55518410120882,48.41519262521216,468670000
2023-09-07,46.216365814208984,46.31931158054762,45.1279452873573,45.50074766625408,433330000
2023-09-08,45.54772186279297,46.58117143549053,45.246883520548714,45.917527504610845,473069000
2023-09-11,45.15393829345703,46.13841045132627,44.28839842155769,46.12341905078663,473966000
2023-09-12,44.84609603881836,45.64866967224263,44.5072759274583,44.71416638761609,349256000
2023-09-13,45.46077346801758,45.905536138090774,44.47929426365029,44.57624271955083,398355000
2023-09-14,45.556724548339844,45.962506541061096,45.10696345869066,45.92552749805252,370097000
2023-09-15,43.87661361694336,45.574705966498,43.78465976320307,45.31684399659929,506831000
2023-09-18,43.94257736206055,44.21843130315232,41.977625116232176,42.72522772825451,500271000
2023-09-19,43.4968147277832,43.94257626263728,42.97908914206893,43.80964769928678,373064000
2023-09-20,42.21649932861328,43.8796144440897,42.20050901024611,43.57677443743624,367108000
2023-09-21,40.99515151977539,42.077574867465316,40.95817247753812,41.560851943830684,450736000
2023-09-22,41.587833404541016,42.09256543967266,41.20903369546633,41.549851635477154,479236000
2023-09-25,42.19950866699219,42.51334057717651,41.15506335084768,41.5688442791152,419091000
2023-09-26,41.888671875,42.797188016120394,41.632807736435275,41.97862408142771,402282000
2023-09-27,42.445377349853516,42.8491652954161,41.60682736570568,42.307454182067374,444935000
2023-09-28,43.0660514831543,43.422859789246104,42.09257121198041,42.43738487223192,424663000
2023-09-29,43.475833892822266,44.12049083685333,43.28393480594203,43.80365832235464,397830000
2023-10-02,44.75814437866211,45.150932755154926,43.83763359767802,44.0065422837391,433298000
2023-10-03,43.493812561035156,45.10595593495173,43.222957040550035,44.78412508601,470850000
2023-10-04,44.01754379272461,44.11949065629647,43.26894216682684,43.71870325591972,361821000
2023-10-05,44.6641960144043,44.87608488910876,43.86462290853571,44.026535366332816,393483000
2023-10-06,45.73762130737305,45.764607350127264,44.00254610128737,44.169456948941246,434436000
2023-10-09,45.24888229370117,45.580706172342126,44.34436559905115,44.818112127505174,409675000
2023-10-10,45.77360153198242,46.23435447098409,45.06398069826679,45.28586255016455,368582000
2023-10-11,46.781070709228516,46.834043884295625,46.02547283907055,46.171394987432684,378137000
2023-10-12,46.91999435424805,47.58364213748823,46.30532407022369,46.75208457178931,481325000
2023-10-13,45.43677520751953,47.090895953965976,45.255871895128834,46.934977033037434,474115000
2023-10-16,46.07044982910156,46.200377842615175,44.88807745493638,45.03899800446754,375099000
2023-10-17,43.91459274291992,44.73015992833072,42.45736927666252,43.976559988324446,812333000
2023-10-18,42.17352294921875,43.195980659324874,41.802722183311644,42.56831300533291,627294000
2023-10-19,42.078575134277344,43.27393718803966,41.85969002338792,42.788196012329266,501233000
2023-10-20,41.36495590209961,42.447379216014696,41.056118571974906,41.867686327831784,477266000
2023-10-23,42.952110290527344,43.2249675157508,40.92319267438126,41.20704181448495,478530000
2023-10-24,43.639739990234375,43.6737222757847,42.668261441476595,43.05405360213857,401463000
2023-10-25,41.75674057006836,43.62674594627998,41.53286088745417,43.37487749067412,398379000
2023-10-26,40.30451965332031,42.23349189998,39.858758079391365,41.830706689092274,541001000
2023-10-27,40.47842788696289,41.18405312081342,39.993685609648104,41.1080933883064,416784000
2023-10-30,41.13907241821289,41.74374967108506,40.45943435606488,41.065114339868316,388028000
2023-10-31,40.758277893066406,40.85722799874781,39.20910424104983,40.42845564545798,517969000
2023-11-01,42.302459716796875,42.35842964883917,40.847233858365946,40.86222525978218,437593000
2023-11-02,43.482826232910156,43.86062323706015,42.87115271419189,43.30491964488263,409172000
2023-11-03,44.98102569580078,45.284860788211226,43.69970715705382,43.99654982171858,424610000
2023-11-06,45.72662353515625,45.91052742241196,44.875076287164106,45.26087221426332,400733000
2023-11-07,45.93052291870117,46.19337950149492,45.13394657321991,45.694648568134504,343165000
2023-11-08,46.549190521240234,46.84203370294661,45.943510541994904,46.07544019276808,346719000
2023-11-09,46.924991607666016,48.20430856187874,46.725097380403966,47.441714505916444,540496000
2023-11-10,48.30924987792969,48.446177931807874,47.257812163994814,47.47469561737959,421245000
2023-11-13,48.59409713745117,49.089835094749,48.07337478624012,48.29425772183734,384136000
2023-11-14,49.62954330444336,49.80744987552175,49.01387417114993,49.65353259219839,416954000
2023-11-15,48.86195755004883,49.933385086001586,48.174324326387854,49.90840069125428,475497000
2023-11-16,49.45364761352539,49.498625630129254,48.30426236511625,48.65307551956687,339756000
2023-11-17,49.27174377441406,49.690519330165195,48.98089839763263,49.497621330678015,325205000
2023-11-20,50.382144927978516,50.52107081452241,49.15479850624835,49.285729234329025,414120000
2023-11-21,49.91739273071289,50.490085514630344,49.19577725200011,50.09929497773503,565747000
2023-11-22,48.69004440307617,50.30818130409849,47.66459006542007,49.825440744304,899420000
2023-11-24,47.750553131103516,48.89494370536702,47.719567599637976,48.44418371661637,294645000
2023-11-27,48.216304779052734,48.50414957807058,47.626618886367,47.77453886553829,395662000
2023-11-28,47.7955322265625,48.2972676026987,47.4477179798593,48.21031213469003,401491000
2023-11-29,48.11436080932617,48.73603118931914,47.834511152822905,48.353235748412,382005000
2023-11-30,46.74509048461914,48.08437694536423,46.39727625845336,47.99842040086038,526247000
2023-12-01,46.740089416503906,47.17485908076749,46.16239818011134,46.50021939065631,369317000
2023-12-04,45.48575210571289,46.05245136899975,44.98601848910901,46.05245136899975,437543000
2023-12-05,46.5452880859375,46.57926954537756,45.25086215389837,45.44577510763007,371718000
2023-12-06,45.48275375366211,47.36591823339589,45.39179463674292,47.193993872768374,380590000
2023-12-07,46.57527542114258,46.60826168882766,45.583716069310206,45.67967404093923,350823000
2023-12-08,47.484867095947266,47.71976316440486,46.52929109899644,46.57427306314803,359224000
2023-12-11,46.606258392333984,47.509855606149344,45.809615840333315,47.46987629673305,509728000
2023-12-12,47.635799407958984,47.64479427530774,46.02551606352427,46.02551606352427,372387000
2023-12-13,48.06661605834961,48.57239155389096,47.58682997648847,47.60782054607612,447792000
2023-12-14,48.3284912109375,48.64834856206219,47.40090641787607,48.36847433307818,391232000
2023-12-15,48.868255615234375,49.382026953281624,48.09859761434249,48.172566014594665,479948000
2023-12-18,50.05472183227539,50.41056245137458,49.128136088938405,49.37802487105305,412587000
2023-12-19,49.58193588256836,49.67789385217957,48.87325161681536,49.40201564279745,464444000
2023-12-20,48.08959197998047,49.97675235960813,48.07659727656144,49.63290366098113,397894000
2023-12-21,48.96820831298828,49.073161145828394,48.3974593653526,48.78928708762263,300425000
2023-12-22,48.80828094482422,49.361032545869435,48.4454396410346,49.173116447816035,252507000
2023-12-26,49.257076263427734,49.577932603982376,48.93821793497618,48.946213796388726,244200000
2023-12-27,49.395015716552734,49.6578992040216,49.063162681025496,49.48897566808163,233648000
2023-12-28,49.49997329711914,49.861811801128255,49.39002161209968,49.62092167584078,246587000
2023-12-29,49.49997329711914,49.97476431761222,48.72931630882886,49.79084423414316,389293000
2024-01-02,48.14657211303711,49.27306967783242,47.57382895982364,49.22209367645226,411254000
2024-01-03,47.54784393310547,48.16256827659866,47.29895412677383,47.463881658150314,320896000
2024-01-04,47.97665023803711,48.478425836176726,47.486866526095774,47.745750186964564,306535000
2024-01-05,49.075157165527344,49.52495772586613,48.28450871056519,48.4404413508827,415039000
2024-01-08,52.22975540161133,52.2517487880838,49.45699105890023,49.48997732560851,642510000
2024-01-09,53.116363525390625,54.300837828077086,51.66700770075754,52.377693807569635,773100000
2024-01-10,54.325828552246094,54.575717375049436,53.46521138550337,53.59215762234406,533796000
2024-01-11,54.79761505126953,55.32138406257686,53.53617913526717,54.974538278058645,596759000
2024-01-12,54.6856575012207,54.94554395725101,54.30582931625337,54.59569739151791,352994000
2024-01-16,56.3569221496582,56.80971977782299,54.8755828754699,54.99353042144443,449580000
2024-01-17,56.02806854248047,56.44588188035791,54.71565285080781,56.321936487561636,474394000
2024-01-18,57.081600189208984,57.574380958680926,56.08204493775271,57.23453202066577,491650000
2024-01-19,59.464534759521484,59.47352962695146,57.1995402042503,57.96320025475475,543501000
2024-01-22,59.627464294433594,60.30416510647555,59.04372443283781,60.02228904980068,452955000
2024-01-23,59.846370697021484,59.883352989442805,58.558941562294194,59.54350406262355,294654000
2024-01-24,61.33470153808594,62.82103953170251,59.91133524326615,60.27717355032384,560271000
2024-01-25,61.58959197998047,62.69110297574928,60.82293105370839,62.32226382064944,482777000
2024-01-26,61.00385284423828,61.75552108430859,60.546060183592516,60.93288527775175,390309000
2024-01-29,62.437217712402344,62.461205299239374,60.87991200329709,61.2047644032602,348733000
2024-01-30,62.74607467651367,63.46475661496494,62.23230337871972,62.872021892210576,410735000
2024-01-31,61.4996337890625,62.241304333932014,60.673001966523444,61.412670686118,453795000
2024-02-01,62.998966217041016,63.162894734552545,61.622579800424674,62.07237659144927,369146000
2024-02-02,66.13057708740234,66.57037619899856,63.661670658163956,63.94554473750389,476578000
2024-02-05,69.3011703491211,69.46609789244776,67.17511727638595,68.19466034985767,680078000
2024-02-06,68.19265747070312,69.72297479094898,66.27051620023909,69.59902939073692,683111000
2024-02-07,70.06781005859375,70.18875841866728,67.5699213830753,68.28860324951218,495575000
2024-02-08,69.61001586914062,70.76250278254372,69.42410160910691,70.04282188718702,414422000
2024-02-09,72.10092163085938,72.15289282978941,70.1807707609263,70.50162714005796,436637000
2024-02-12,72.21585845947266,74.57780613987647,71.2183013646698,72.5676992337477,613710000
2024-02-13,72.0959243774414,73.41733510553199,69.58904403080706,70.36869595920534,602580000
2024-02-14,73.86713409423828,74.20298319220025,71.90600871778067,73.169446485829,504917000
2024-02-15,72.62567901611328,73.94209455962387,72.367798166515,73.83614652782032,420122000
2024-02-16,72.58069610595703,74.36890170975214,72.46874641870774,74.06703410620473,495327000
2024-02-20,69.42110443115234,71.9239882106181,67.70386644737499,71.91498953034679,704833000
2024-02-21,67.4419937133789,68.85736435043377,66.21853903151819,67.97575281438615,673755000
2024-02-22,78.5030746459961,78.54005312771558,74.18699415098794,74.99163645696194,865100000
2024-02-23,78.78193664550781,82.35734113444056,77.53548977298179,80.75405845544982,829388000
2024-02-26,79.05682373046875,80.6101333847281,78.47007920802383,79.6645473818615,503973000
2024-02-27,78.6659927368164,79.44465321768179,77.12768339613434,79.34569059981222,391705000
2024-02-28,77.62845611572266,78.89788784146795,77.09069341452309,77.5854759749912,393110000
2024-02-29,79.07681274414062,79.95442058749313,78.31515062293454,79.05882300732509,507289000
2024-03-01,82.24240112304688,82.26339550360602,79.3996643825277,79.96441550736878,479135000
2024-03-04,85.19908905029297,87.65599600015865,83.6817664613462,84.09257914820665,615616000
2024-03-05,85.92979431152344,86.0627446282655,83.38381061731276,85.23607018990775,520639000
2024-03-06,88.66470336914062,89.68829799563825,86.99536968964857,87.98697936730527,582520000
2024-03-07,92.63212585449219,92.73008643335444,89.56634486722336,90.12212339156478,608119000
2024-03-08,87.49317169189453,97.36124518073565,86.47157518241058,95.10014421389317,1142269000
2024-03-11,85.7398681640625,88.76166015314031,84.13250636211416,86.39460628547256,678364000
2024-03-12,91.87642669677734,91.92340506535315,86.11571950288663,88.01396590040753,668075000
2024-03-13,90.85183715820312,91.4675893741384,88.39981025124858,91.0187705277177,635713000
2024-03-14,87.90900421142578,90.60993246753917,86.56553726731572,89.54135761646017,602318000
2024-03-15,87.80204772949219,89.5103673539837,86.2226822059932,86.895410942326,642086000
2024-03-18,88.4197998046875,92.3682247909847,87.05034227173738,90.35202919541369,668976000
2024-03-19,89.36243438720703,90.5079745304904,84.97617972588029,86.66550214997781,672171000
2024-03-20,90.3360366821289,90.37402357278715,88.18788983626096,89.76126093664821,479063000
2024-03-21,91.39861297607422,92.61113535282396,90.36902406254626,92.26327425898415,480372000
2024-03-22,94.2514877319336,94.74029159257357,90.79786050463842,91.10473756876755,586719000
2024-03-25,94.96418762207031,96.72748548007746,93.47278467924312,93.90361289500508,552136000
2024-03-26,92.524169921875,96.33665544167545,92.4651952874423,95.81286185029995,513648000
2024-03-27,90.2140884399414,93.20289654761277,89.08753798498677,93.07494912764517,586067000
2024-03-28,90.3200454711914,91.26367004870988,89.15750627580795,89.96418433554203,435212000
2024-04-01,90.32704162597656,92.18830020895638,89.16850623304367,90.26307172974768,452441000
2024-04-02,89.4164047241211,90.05814752237067,87.58513306363145,88.41279885088287,433064000
2024-04-03,88.92859649658203,90.33803909261785,88.36482555925463,88.44879176806333,370067000
2024-04-04,85.87081146240234,90.59793338323315,85.8458198862947,90.3700196658157,434965000
2024-04-05,87.97297668457031,88.44578800690704,85.8918045734179,86.83142527427668,399678000
2024-04-08,87.09832763671875,88.79465089246293,86.69748624318682,88.66469774661466,283220000
2024-04-09,85.32002258300781,87.60012052713442,82.98895768982644,87.40719655433202,501700000
2024-04-10,87.00436401367188,87.36522041356919,83.67568736757892,83.89260387924026,431929000
2024-04-11,90.57994079589844,90.7028929518332,86.89141424964939,87.38521335302488,431637000
2024-04-12,88.1509017944336,90.13911627593212,87.495164630831,89.6633001567652,426805000
2024-04-15,85.9667739868164,90.57693808006732,85.89480404361007,89.06254160849194,443077000
2024-04-16,87.38021850585938,88.08293408447673,86.02975814283229,86.39860698604153,370453000
2024-04-17,84.00155639648438,88.73966766585035,83.9165835166389,88.30483561683317,495400000
2024-04-18,84.6373062133789,86.15570660849322,82.36921187685391,84.93619083803762,447260000
2024-04-19,76.169677734375,84.290445825424,75.57591993805586,83.11691697495651,875198000
2024-04-22,79.48635864257812,80.041138120895,76.36960303384217,78.07291978914027,596341000
2024-04-23,82.39020538330078,82.73606840189474,80.23206773575617,80.73686408123375,438559000
2024-04-24,79.64530181884766,84.04854803404984,79.15149506612265,83.91659676863443,512208000
2024-04-25,82.59912872314453,83.28984807445538,78.19187862968657,78.83661866147602,424641000
2024-04-26,87.70008850097656,88.29585200771425,83.35381911384516,83.78464736334433,551011000
2024-04-29,87.72207641601562,87.95697586955025,85.23206289442511,87.56013832970822,388971000
2024-04-30,86.36762237548828,88.78366050463956,86.26566558321609,87.20528638548105,363709000
2024-05-01,83.00794982910156,85.96577177323404,81.22265755025684,85.04314260728708,559863000
2024-05-02,85.78285217285156,86.20268321187375,83.16688916320159,84.41539269757547,377898000
2024-05-03,88.75366973876953,89.24547072408387,87.00536516764065,87.75406766785412,398341000
2024-05-06,92.10333251953125,92.18330251406795,89.01956110232028,89.35442687478945,376203000
2024-05-07,90.5179672241211,91.7444763476329,88.97558195332661,91.06174947211589,437342000
2024-05-08,90.37602233886719,91.15770881690996,89.38441272091335,89.44739118815833,325721000
2024-05-09,88.7116928100586,91.03576473617252,88.19589926476827,90.49298150601264,378013000
2024-05-10,89.84223175048828,91.36462830200051,89.19148983724465,90.26906377983879,335325000
2024-05-13,90.363037109375,90.9617978228875,88.49377833765243,90.44200043253207,289680000
2024-05-14,91.31965637207031,91.61453717454157,88.89861527885883,89.56335162049751,296507000
2024-05-15,94.59234619140625,94.82425614143621,91.56255392471043,92.43520767663021,417735000
2024-05-16,94.32144927978516,95.78086733108053,94.06554682786754,94.87223250076393,323952000
2024-05-17,92.44219970703125,94.70230166153023,91.76947096536315,94.33145470909692,359691000
2024-05-20,94.7422866821289,95.16211773763297,93.40282351656103,93.71269772995323,318764000
2024-05-21,95.34805297851562,95.3620473477093,93.14292933791309,93.56176136066378,328946000
2024-05-22,94.91222381591797,95.98179784206016,93.21190410961067,95.42102400934887,548648000
2024-05-23,103.75769805908203,106.27769095331759,101.47959800397635,101.98739908517513,835065000
2024-05-24,106.4266357421875,106.43263006008718,102.95901435352869,104.40743526760016,429494000
2024-05-28,113.85567474365234,114.8932636910207,109.83927594050425,110.20013234368999,652728000
2024-05-29,114.77930450439453,115.44603890128045,110.85687001297053,113.00501693328442,557442000
2024-05-30,110.45602416992188,115.7729076045519,109.61935928526937,114.60437411424489,484553000
2024-05-31,109.5893783569336,112.6721508136538,106.89744915530943,112.47522298026993,613263000
2024-06-03,114.95423889160156,114.95423889160156,111.95842981858523,113.57578982337094,438392000
2024-06-04,116.39067077636719,116.55360793846174,113.99962416702796,115.66996458903934,403324000
2024-06-05,122.39127349853516,122.40026497481516,117.42125214406589,118.32389264410774,528402000
2024-06-06,120.94985961914062,125.53703068197429,118.27292371185669,123.99864153970435,664696000
2024-06-07,120.83989715576172,121.64357808503144,117.9750402689876,119.72233818274681,412386000
2024-06-10,121.74153900146484,123.05101529403815,116.9634422493321,120.32210586929361,313434100
2024-06-11,120.871826171875,122.83120638409855,118.70250555567614,121.7315476089346,222551200
2024-06-12,125.16044616699219,126.8399157587,122.53127973185372,123.02112280489804,299595000
2024-06-13,129.56907653808594,129.75901898663975,127.11985317098477,129.34914478228376,260704500
2024-06-14,131.83836364746094,132.79805198433587,128.27949016143847,129.91897171973997,309320400
2024-06-17,130.9386444091797,133.68777621457593,129.53909250074847,132.94801960039305,288504400
2024-06-18,135.5371856689453,136.28694881895896,130.64873054101508,131.0985853802292,294335100
2024-06-20,130.73870849609375,140.71555330717922,129.47911179878915,139.75586494370089,517768400
2024-06-21,126.530029296875,130.58875234831092,124.26074951143192,127.07985865944181,649445800
2024-06-24,118.07270050048828,124.42069359285091,118.00272291214357,123.20107765857003,476060900
2024-06-25,126.0501708984375,126.46004506116948,119.28231255419921,121.16171601176531,414192600
2024-06-26,126.36009216308594,128.0795426859815,122.56128891907002,126.09017314140297,362975900
2024-06-27,123.95083618164062,126.37007763205357,122.88117444139863,124.06080204879507,252571700
2024-06-28,123.50098419189453,127.66966538119843,122.71123277650611,124.5406566516343,315516700
2024-07-01,124.26075744628906,124.80058023875378,118.79248328515592,123.43101767415311,284885500
2024-07-02,122.63126373291016,123.37103556099011,120.99178219157349,121.09174909004807,218374000
2024-07-03,128.23948669433594,128.23948669433594,121.32167392885506,121.62158223669927,215749000
2024-07-05,125.7902603149414,128.8093107644133,125.64030616479143,127.33976619453144,214176700
2024-07-08,128.1595001220703,130.72869561210538,126.99987051805138,127.44972531770834,237677300
2024-07-09,131.33851623535156,133.77774814549483,128.60936736242857,130.30884272059,285366600
2024-07-10,134.86740112304688,135.0573435645553,132.37818193596397,133.98767413246904,248978600
2024-07-11,127.35977172851562,136.10700106603016,127.00988377533271,135.70713347781276,374782700
2024-07-12,129.19918823242188,131.87833449876962,127.17982192837307,128.21948675833656,252680500
2024-07-15,128.39942932128906,131.34849439022378,127.1398252091714,130.51875474979,208326200
2024-07-16,126.3200912475586,128.99923747826654,124.54065466054338,128.39943613379464,214769500
2024-07-17,117.9527359008789,121.81151749943197,116.68314033051901,121.31167540248971,390086200
2024-07-18,121.05176544189453,122.36135703112477,116.52319688736792,121.81152762797629,320979500
2024-07-19,117.89276123046875,121.56160051418016,117.33294050381654,120.31199523005621,217223800
2024-07-22,123.50098419189453,124.03081558560177,119.82214611396347,120.31198922533628,258068900
2024-07-23,122.55128479003906,124.65062775227732,122.06144165810996,122.74122723235222,173911000
2024-07-24,114.21391296386719,119.91210950952006,113.404171251323,119.13235710085017,327776900
2024-07-25,112.24453735351562,116.59316196631043,106.26643028982559,113.00429945804284,460067000
2024-07-26,113.0242919921875,116.16329973616865,111.54476366325866,116.15330838570574,293399100
2024-07-29,111.55474853515625,116.24326955093025,111.26484684886643,113.6540913121793,248152100
2024-07-30,103.6972427368164,111.95462852357666,102.50761612898444,111.48477574142504,486833300
2024-07-31,116.98303985595703,118.30262267375933,110.84497957634794,112.86434589914217,473174200
2024-08-01,109.1755142211914,120.12206115379604,106.77627053548454,117.49288673851923,523462300
2024-08-02,107.23611450195312,108.68566108330708,101.33798416873923,103.72722865674588,482027500
2024-08-05,100.41827392578125,103.37734584261189,90.66136171396138,92.03092417423306,552842400
2024-08-06,104.21707916259766,107.67598562292382,100.51825062680557,103.80720497448247,409012100
2024-08-07,98.87876892089844,108.76564515252367,98.65883717427215,107.7759522927054,411440400
2024-08-08,104.93685150146484,105.4666829061735,97.48919964896103,101.96778821260376,391910000
2024-08-09,104.71692657470703,106.5663409363095,103.39734365230565,105.60664495883447,290844200
2024-08-12,108.9855728149414,111.03492856386595,106.22644979571741,106.28642840966148,325559900
2024-08-13,116.10331726074219,116.19329280080893,111.54475995028979,112.4044889345572,312646700
2024-08-14,118.04270935058594,118.56254176631195,114.03397366865786,118.49256417906065,339246400
2024-08-15,122.82120513916016,123.20108240094191,117.43290774825016,118.722501320516,318086700
2024-08-16,124.54065704345703,124.96052256881184,121.14172930418835,121.90149141696253,302589900
2024-08-19,129.9589385986328,129.9589385986328,123.38101510677953,124.24074407997541,318333600
2024-08-20,127.2098159790039,129.83899033787588,125.85024484050366,128.3594467212338,300087400
2024-08-21,128.4594268798828,129.30916459896468,126.62001151002669,127.27979915287139,257883600
2024-08-22,123.700927734375,130.70871650633163,123.0611304205258,129.97895127037188,376189100
2024-08-23,129.32913208007812,129.5590704147264,125.18044900805843,125.8202462463596,323230300
2024-08-26,126.42005920410156,131.21853864319473,124.33072295006603,129.52908520948145,331964700
2024-08-27,128.25949096679688,129.15920068067538,123.84088083210607,125.01051718872198,303134600
2024-08-28,125.5703353881836,128.28947768481862,122.60127203673997,128.07953728703234,448101100
2024-08-29,117.55286407470703,124.39070812333074,116.67314470453282,121.32167786502487,453023300
2024-08-30,119.33230590820312,121.71155156264531,117.18298334905096,119.49225141445028,333751600
2024-09-03,107.96588897705078,116.17329499238285,107.25611414068058,115.97336121173781,477155100
2024-09-04,106.17645263671875,113.23422029378455,104.08711642455602,105.37670989305681,372470300
2024-09-05,107.17613983154297,109.61537166703076,104.7269166457022,104.9568397355808,306850700
2024-09-06,102.79752349853516,108.11584289854254,100.91811240569285,108.00587703132368,413638100
2024-09-09,106.4363784790039,106.51635504584455,103.65725761066608,104.84687662773341,273912000
2024-09-10,108.06585693359375,109.36544940156337,104.91685028196345,107.77594760990868,268283700
2024-09-11,116.87307739257812,117.15298773367408,107.38606933752642,109.35544832921772,441422400
2024-09-12,119.11256408691406,120.76218565399151,115.35342779588602,116.81309067491064,366052700
2024-09-13,119.07256317138672,119.9323656761346,117.57290870417117,119.05257113465082,238358300
2024-09-16,116.75309753417969,118.15277655804964,114.33365683196332,116.76309736633479,248772300
2024-09-17,115.5633773803711,118.77264486908852,114.80355789094266,118.14278506866847,231925900
2024-09-18,113.3438949584961,117.67289201304244,113.19392797621738,115.86331127575549,310318900
2024-09-19,117.84285736083984,119.63244604030882,117.22299740049117,117.32297284502805,293506400
2024-09-20,115.97328186035156,118.59268114487098,115.36342175070251,117.03303527099015,382462400
2024-09-23,116.23323059082031,116.96305822001592,114.83355144756428,116.52316472695202,206228500
2024-09-24,120.8421630859375,121.77194918665968,115.35342209088209,116.4931589075561,354966800
2024-09-25,123.48155975341797,124.91123075234002,121.58199576757475,121.99189738474502,284692900
2024-09-26,124.01143646240234,127.64059778478497,121.77195443476235,126.77080301373226,302582900
2024-09-27,121.3720474243164,124.00143908292871,119.23254080039722,123.94145533963831,271009200
2024-09-30,121.41203308105469,121.47201682135709,118.12278989954673,118.28274908289889,226553700
2024-10-01,116.97305297851562,122.41180249801877,115.76333257670387,121.74195101301775,302094500
2024-10-02,118.82262420654297,119.3525009132392,115.11347963203208,116.41318325903728,221845900
2024-10-03,122.82170867919922,124.33136309340041,120.31228454416183,120.89215281287986,277118000
2024-10-04,124.89122772216797,125.01120283080023,121.80194304435166,124.91122738742537,243678100
2024-10-07,127.69059753417969,130.6099234614245,124.92123097183868,124.96122267835906,346250200
2024-10-08,132.85939025878906,133.4492507002601,129.39018829854146,130.22999115642648,285722500
2024-10-09,132.61944580078125,134.48902553025528,131.34974925411063,134.07911628828677,246191600
2024-10-10,134.77896118164062,134.96891988009384,130.9698407725355,131.8796349307713,242311300
2024-10-11,134.7689666748047,135.74873676795113,133.6292297588208,133.97914002159231,170209500
2024-10-14,138.03822326660156,139.5678698363904,136.26862645350758,136.43858548845338,232347700
2024-10-15,131.5697021484375,138.53809836462625,128.7103601195905,137.8382473516489,377831000
2024-10-16,135.68873596191406,136.58852253050404,131.5496902869071,133.94913130666296,264879700
2024-10-17,136.89846801757812,140.8575630403271,136.83848427190068,139.30791683746315,306435900
2024-10-18,137.9682159423828,138.86800255294065,137.24838055182667,138.63805979784692,176090200
2024-10-21,143.67691040039062,143.67691040039062,137.96821869705386,138.09819363983328,264554500
2024-10-22,143.55694580078125,144.3867565878425,141.74736485471627,142.8771096409394,226311600
2024-10-23,139.52786254882812,142.3971968224879,137.42835524686083,141.99729502838238,285930000
2024-10-24,140.37767028808594,141.31745626734755,138.4281223817854,140.78757953525755,172354900
2024-10-25,141.5074005126953,144.096815700832,140.76758067774944,140.89754036873228,205122100
2024-10-28,140.48765563964844,143.1070476166606,140.01776261632966,142.96708045579604,173586700
2024-10-29,141.21746826171875,142.22723015349655,138.86800339560858,140.25768265006158,157593600
2024-10-30,139.3079071044922,140.29768460484607,136.778490969974,139.50785799453917,179418100
2024-10-31,132.72943115234375,137.57832071125284,132.07958689426476,137.5683285053032,270039600
2024-11-01,135.3688201904297,137.27838410441936,134.5390247094388,134.66898440540822,207127800
2024-11-04,136.0186767578125,138.9280103748792,135.53879155204424,137.17841332242185,187528200
2024-11-05,139.87777709960938,140.33766260126754,137.29836954050154,137.41833701827767,160537400
2024-11-06,145.5764617919922,146.45626398045817,141.9273086103062,142.92707827709958,242043900
2024-11-07,148.84571838378906,148.89569466475916,146.13633577416354,146.3562863294221,207323300
2024-11-08,147.5959930419922,149.73549940640058,146.226298296804,148.73572979209249,175665800
2024-11-11,145.22654724121094,148.81573220925225,143.5369491915439,148.64575792845778,182325600
2024-11-12,148.25582885742188,149.61551613817602,145.97635536546252,146.74618223717314,198634700
2024-11-13,146.236328125,149.2956211718962,145.8664029375352,149.03568652431434,191903300
2024-11-14,146.7261962890625,148.9656859182561,145.51648348999578,147.60599851040197,194463300
2024-11-15,141.94729614257812,145.20655509140138,140.04773983599173,144.83662993296312,250132900
2024-11-18,140.11770629882812,141.51739292157006,137.11839743544738,139.46786214720512,221205300
2024-11-19,146.97613525390625,147.0961179891657,140.9575327604593,141.28745858569204,227834900
2024-11-20,145.8563995361328,147.52601308862683,142.69712365290204,147.37605373716247,309871700
2024-11-21,146.63623046875,152.85479966423284,140.6676037159947,149.3156213875326,400946600
2024-11-22,141.9173126220703,147.12611971943554,141.0675174897679,145.89639194607773,236406200
2024-11-25,135.98867797851562,142.01728800977313,135.78872709087477,141.95730426900835,344941900
2024-11-26,136.8884735107422,139.2679304177918,135.6387613125482,137.66829270199315,190287700
2024-11-27,135.30882263183594,137.1883944813901,131.7696447344509,134.97889681216265,226370900
2024-11-29,138.21817016601562,139.3179230108574,136.018679731608,136.74850738939793,141863200
2024-12-02,138.59808349609375,140.41765648435037,137.7882724501192,138.79803439240126,171682800
2024-12-03,140.2277069091797,140.50764123326277,137.91824110785586,138.22816730557096,164414000
2024-12-04,145.1065673828125,145.7564115576455,140.2576784450533,141.96729127056176,231224300
2024-12-05,145.03659057617188,146.51634749056768,143.9267690762933,145.08658555940238,172621200
2024-12-06,142.41702270507812,145.67649127950102,141.28720012508654,144.57667789545363,188505600
2024-12-09,138.78758239746094,139.92739769900004,137.10786100838232,138.9475602220375,189308600
2024-12-10,135.04820251464844,141.79711283924593,133.76839511357173,138.9875536517665,210020900
2024-12-11,139.28750610351562,140.14736786765778,135.1881771980721,137.3378239802647,184905200
2024-12-12,137.3178253173828,138.41765384511186,135.77808063488797,137.05787278188586,159211400
2024-12-13,134.22833251953125,139.5774751507731,132.51860179476702,138.91757801094644,231514900
2024-12-16,131.9786834716797,134.3782897959075,130.39893679330513,134.1583241029487,237951100
2024-12-17,130.36895751953125,131.56876081657285,126.83952839876781,129.06916425760008,259410300
2024-12-18,128.88919067382812,136.6779262372523,128.25928750759206,133.83838842708505,277444500
2024-12-19,130.6588897705078,134.00835489709178,129.52908262326224,131.73871719708123,209719200
2024-12-20,134.67825317382812,135.2581613788304,128.19930347129645,129.78904314606552,306528600
2024-12-23,139.64744567871094,139.7674214203078,135.098177315152,136.25799367167244,176053500
2024-12-24,140.19737243652344,141.8770939941236,138.6276184809867,139.97740671974344,105157000
2024-12-26,139.90740966796875,140.8272746166671,137.70776777261636,139.67745105895742,116205600
2024-12-27,136.9878692626953,138.99755443917667,134.6882528863639,138.52762911725588,170582600
2024-12-30,137.46780395507812,140.24735382720857,133.9983630613892,134.80822982362736,167734700
2024-12-31,134.26832580566406,138.0477299443946,133.80840856948805,138.0077278547889,155659200
2025-01-02,138.2876739501953,138.85758927368732,134.608275235204,135.97804923146714,198247200
2025-01-03,144.44668579101562,144.87660907201655,139.70744526818353,139.9873988596089,229322500
2025-01-06,149.40586853027344,152.13543878056797,147.79614309655065,148.5660078023331,265377400
2025-01-07,140.11737060546875,153.1052785673635,139.9873867148958,153.00528861210353,351782200
2025-01-08,140.08738708496094,143.92676365371082,137.53779559953318,142.55698965149892,227349900
2025-01-10,135.88807678222656,139.89742434133598,134.1983469953677,137.42782161536184,207602500
2025-01-13,133.20849609375,133.46846390099535,129.4890951782822,129.96902870412282,204808900
2025-01-14,131.7387237548828,136.357988296776,130.02900835327767,136.02803973976037,195590500
2025-01-15,136.218017578125,136.42797514246556,131.26880425867054,133.6284239860889,185217300
2025-01-16,133.54844665527344,138.72760318445665,133.46845773799356,138.61762033023757,209235600
2025-01-17,137.68777465820312,138.47764040694682,135.43813790068955,136.6679350563591,201188800
2025-01-21,140.80726623535156,141.80710479535009,137.06786452867982,139.1375376709131,197749000
2025-01-22,147.04627990722656,147.76614971080585,143.64681928959496,144.63666506104835,237651400
2025-01-23,147.1962432861328,147.20623618008437,143.6968081059284,145.02659530516527,155915500
2025-01-24,142.5969696044922,148.9459505211395,141.8570988390214,148.34604128656673,234657600
2025-01-27,118.40088653564453,128.37927160601726,116.68116290346629,124.77986175863892,818830900
2025-01-28,128.9691925048828,128.97918539907013,116.23124265613879,121.79034308969104,579666400
2025-01-29,123.6800308227539,126.86951837337095,120.03062606319732,126.47958193260648,467120600
2025-01-30,124.62987518310547,124.97981714548027,118.08092971341723,123.08012239923644,392925500
2025-01-31,120.05062103271484,127.82936416140842,119.17076580619347,123.7600213429819,388161100
2025-02-03,116.64117431640625,118.55086206886682,112.99176191394916,114.73147893578255,371235700
2025-02-04,118.63085174560547,121.18043560579926,116.6811618932845,116.94112206589325,256550000
2025-02-05,124.80985260009766,124.97982332906605,120.74050985762979,121.74034844426231,262230800
2025-02-06,128.65921020507812,128.74920726442895,125.18977703531333,127.39941919373811,251483600
2025-02-07,129.81903076171875,130.34894396083934,124.97981594966575,129.19913575663247,228186300
2025-02-10,133.54844665527344,134.97820850379568,129.93902876577076,130.0689974070653,216989100
2025-02-11,132.77857971191406,134.45830137072844,130.99886808260132,132.5586139818797,178902400
2025-02-12,131.11883544921875,132.21866402899062,129.0591703419428,129.9990210816885,160278600
2025-02-13,135.26815795898438,136.477969382041,131.1488277944593,131.5387642395835,197430000
2025-02-14,138.8275909423828,139.22752026611062,135.4781256449407,136.45796316750187,195479600
2025-02-18,139.37750244140625,143.41685915221993,137.90773839766058,141.2472111010542,219176600
2025-02-19,139.20751953125,141.33718056281413,137.1978495021305,139.48747310974449,167536000
2025-02-20,140.08738708496094,140.637301367124,136.7679156045049,140.0073981660712,143903600
2025-02-21,134.40829467773438,141.4371740194045,134.00836534323213,140.0173897923713,228217600
2025-02-24,130.25897216796875,138.56762852998253,130.0590074983429,136.53795738344377,251381100
2025-02-25,126.60955810546875,130.17898157227808,124.41991677706234,129.9590158616247,271428700
2025-02-26,131.25881958007812,133.70842127410083,128.4692763992483,129.96903440656757,322553800
2025-02-27,120.13060760498047,134.98820197149917,119.99063081322677,134.97820907791893,443175800
2025-02-28,124.89983367919922,125.06980440717122,116.38121232741895,118.00094594624423,389091100
2025-03-03,114.04158782958984,123.68003128569312,112.26187634904674,123.49006713958599,411381400
2025-03-04,115.97127532958984,119.29073912641502,110.09222719636827,110.63214094760745,398163300
2025-03-05,117.28106689453125,118.26090441787001,114.49151637878758,117.56102047262804,284337900
2025-03-06,110.55215454101562,115.33138186500223,110.20221255397621,113.51167590423404,321181900
2025-03-07,112.67181396484375,113.46168737204893,107.54263707893918,111.232043943795,341755500
2025-03-10,106.96273040771484,111.83193921740828,105.44297155454524,109.88225711490554,366487400
2025-03-11,108.74244689941406,112.2218809117277,104.75308544348755,106.97272832797886,354865700
2025-03-12,115.73196411132812,116.75189758318456,112.87216201952944,114.1120814413496,323857500
2025-03-13,115.57197570800781,117.75182462929007,113.7820990939805,117.02187196535417,299033100
2025-03-14,121.66155242919922,121.87153693655638,118.1418001271865,118.6017672807591,277593500
2025-03-17,119.52169799804688,122.88146527258023,118.02180216580395,122.73147416358299,255501500
2025-03-18,115.42198181152344,119.01172876569431,114.53204424682897,117.99180297800854,299686900
2025-03-19,117.51183319091797,120.44162996547794,115.67196466720779,117.26185055700965,273426200
2025-03-20,118.52176666259766,120.19164884723557,116.46191217445423,116.54190844924116,248829700
2025-03-21,117.69182586669922,117.98180664950618,115.41198537165405,116.93188412092742,266498500
2025-03-24,121.40157318115234,122.21151449504808,119.33170959432591,119.87167301321132,228452500
2025-03-25,120.68162536621094,121.28158219452679,118.9117439494844,120.5416356938994,167447200
2025-03-26,113.75210571289062,118.83174729689935,112.70217554499752,118.72176195088541,293463300
2025-03-27,111.4222640991211,114.4420510740887,110.6523209143036,111.34226782232153,236902100
2025-03-28,109.66238403320312,112.86216644188174,109.06242721559616,111.48225736963437,229872500
2025-03-31,108.37247467041016,110.95229742526604,103.642807248706,105.12270025073305,299212700
2025-04-01,110.14234924316406,110.19234119227177,106.46260459302538,108.51245759918966,222614000
2025-04-02,110.4123306274414,111.97222748899677,106.78258544027105,107.28255072037597,220601200
2025-04-03,101.79293060302734,105.62265871984647,101.59293992049946,103.50281088710224,338769400
2025-04-04,94.30345153808594,100.12304726897904,92.10360729078229,98.90313835695446,532273800
2025-04-07,97.63321685791016,101.7429319683666,86.61398571543218,87.45392370324234,611041300
2025-04-08,96.29331970214844,105.84265234199715,94.45344343361101,103.80279300527448,476243400
2025-04-09,114.32205963134766,115.0920027848049,97.52322363090776,98.88312976565122,612918300
2025-04-10,107.56253051757812,110.85230299023063,99.14311699545735,109.36240858521514,437812400
2025-04-11,110.92229461669922,111.54225429514813,107.47253732050476,108.49246311009279,313417300
2025-04-14,110.70230865478516,114.282061802319,109.06242318709587,114.10207400079875,264705000
2025-04-15,112.19220733642578,113.61211454925541,110.49232841239639,110.96229700273265,228966900
2025-04-16,104.48274230957031,106.78258565420647,100.44302192276541,104.54274333093115,397016900
2025-04-17,101.48294830322266,104.46274466720584,100.04305351417702,104.44274178425454,292517500
2025-04-21,96.90327453613281,99.43309764026857,95.03340163666236,98.76313836502491,288501100
2025-04-22,98.88313293457031,99.80306722318255,97.2732441150665,98.77313996214224,241004800
2025-04-23,102.70286560058594,104.79272441151089,102.01291108169299,104.51273745001276,247526000
2025-04-24,106.422607421875,106.53260039132012,103.10283834219908,103.47281538750215,220815000
2025-04-25,111.0022964477539,111.9122293136747,105.72266417620379,106.84258154964476,251064700
2025-04-28,108.72245025634766,110.36233572086073,106.01263179735646,109.68238265297498,207708500
2025-04-29,109.0124282836914,110.19234667117642,107.43254376799985,107.66252352883211,170444300
2025-04-30,108.91243743896484,108.91243743896484,104.07277707156662,104.46274938923446,235044600
2025-05-01,111.60224914550781,114.93201970345093,111.29227311666197,113.07214827264656,236121500
2025-05-02,114.49205017089844,115.39198920893173,113.36213137411846,114.17207269391602,190194800
2025-05-05,113.81209564208984,114.6620350893898,112.65218016349414,112.90216280263321,133163200
2025-05-06,113.53211975097656,114.73203340369881,110.81230733401684,111.47226518321953,158525600
2025-05-07,117.05187225341797,117.67183196470502,112.27220526080853,113.04215608614977,206758800
2025-05-08,117.36185455322266,118.67176116768113,115.84195580422112,118.24179071447391,198428100
2025-05-09,116.64189910888672,118.2217911942619,115.20199668891294,117.34184743589364,132972200
2025-05-12,122.99146270751953,122.99146270751953,120.27165027906005,121.96153541928634,225023300
2025-05-13,129.9209747314453,131.21089374180312,124.46136223351174,124.97132897244262,330430100
2025-05-14,135.33059692382812,135.43059608188196,131.67084745036084,133.19074615794872,281180800
2025-05-15,134.8206329345703,136.29053200968949,132.65078555171073,134.2806619130786,226632600
2025-05-16,135.39059448242188,136.34054073998118,133.45074197294815,136.21054488205627,226542500
2025-05-19,135.5605926513672,135.86055961165334,132.38080555276906,132.38080555276906,193154600
2025-05-20,134.37066650390625,134.5706495538956,132.610779045451,134.28066116234166,161514200
2025-05-21,131.7908477783203,137.39044962876582,130.58092511560693,133.0507547616815,270608700
2025-05-22,132.82078552246094,134.2406851659139,131.54087555490528,132.22082104991222,187344000
2025-05-23,131.2808837890625,132.67078673422913,129.15104195341007,129.99098000853303,198821300
2025-05-27,135.49058532714844,135.65057787204648,133.300735049259,134.14067302338051,192953600
2025-05-28,134.80064392089844,137.24047706552236,134.7806410364111,136.0205604932104,304021100
2025-05-29,139.1803436279297,143.48004828952517,137.90043367160317,142.24012884407688,369241900
2025-05-30,135.12062072753906,139.61029915281162,132.91076748843994,138.7103677567503,333170900
2025-06-02,137.37046813964844,138.11040700485356,135.39059460313518,135.48059995132564,197663100
2025-06-03,141.21018981933594,141.9901344074345,137.94041273370485,138.77035689954903,225578800
2025-06-04,141.91014099121094,142.38010956756776,139.53030141372145,142.18012651028872,167120800
2025-06-05,139.98028564453125,143.99000172763624,138.82036252431462,142.16012695808664,231397900
2025-06-06,141.7101593017578,143.26005471165655,141.50016717206393,142.50009772583994,153986200
2025-06-09,142.62010192871094,144.98993249459744,141.9301473949137,143.18006060607402,185114500
2025-06-10,143.95001220703125,144.279975869788,141.52017297716907,142.68009610535242,155881900
2025-06-11,142.8300018310547,144.99000549316406,141.8699951171875,144.61000061035156,167694000
2025-06-12,145.0,145.0,141.85000610351562,141.97000122070312,162365000
2025-06-13,141.97000122070312,143.5800018310547,140.85000610351562,142.47999572753906,180820600
2025-06-16,144.69000244140625,146.17999267578125,143.1999969482422,143.35000610351562,183133700
2025-06-17,144.1199951171875,145.22000122070312,143.77999877929688,144.49000549316406,139108000
2025-06-18,145.47999572753906,145.64999389648438,143.1199951171875,144.00999450683594,161494100
2025-06-20,143.85000610351562,146.1999969482422,142.64999389648438,145.4499969482422,242956200
2025-06-23,144.1699981689453,144.77999877929688,142.02999877929688,142.5,154308900
2025-06-24,147.89999389648438,147.9600067138672,145.5,145.55999755859375,187566100
2025-06-25,154.30999755859375,154.4499969482422,149.25999450683594,149.27000427246094,269146500
2025-06-26,155.02000427246094,156.72000122070312,154.0,155.97999572753906,198145700
2025-06-27,157.75,158.7100067138672,155.25999450683594,156.0399932861328,263234500
2025-06-30,157.99000549316406,158.66000366210938,155.9600067138672,158.39999389648438,194580300
2025-07-01,153.3000030517578,157.1999969482422,151.49000549316406,156.2899932861328,213143600
2025-07-02,157.25,157.60000610351562,152.97000122070312,152.97999572753906,171224100
2025-07-03,159.33999633789062,160.97999572753906,157.77000427246094,158.3699951171875,143716100
2025-07-07,158.24000549316406,159.30999755859375,157.33999633789062,158.1999969482422,140139000
2025-07-08,160.0,160.22000122070312,158.38999938964844,159.3300018310547,138133000
2025-07-09,162.8800048828125,164.4199981689453,161.16000366210938,161.22000122070312,183656400
2025-07-10,164.10000610351562,164.5,161.61000061035156,164.32000732421875,167704100
2025-07-11,164.9199981689453,167.88999938964844,163.47000122070312,163.72000122070312,193633300
2025-07-14,164.07000732421875,165.49000549316406,162.02000427246094,165.3699951171875,136975800
2025-07-15,170.6999969482422,172.39999389648438,169.1999969482422,171.19000244140625,230627400
2025-07-16,171.3699951171875,171.75,168.89999389648438,171.05999755859375,158831500
2025-07-17,173.0,174.16000366210938,170.8300018310547,172.02000427246094,160841100
2025-07-18,172.41000366210938,174.24000549316406,171.25999450683594,173.72999572753906,145456141
