Price,Close,High,Low,Open,Volume
Ticker,UPS,UPS,UPS,UPS,UPS
Date,,,,,
1999-11-10,33.96561050415039,34.99204378861648,32.099368168757515,32.34820048014323,80793700
1999-11-11,37.324851989746094,38.289077332814536,34.21444765726726,34.21444765726726,28309000
1999-11-12,35.08534622192383,38.13354119510515,34.463265615152125,37.8225008917193,14768100
1999-11-15,34.33887481689453,35.27199641517971,33.49906537843788,35.08537209552267,8675100
1999-11-16,32.84587097167969,33.84120039506392,32.34820625998757,33.7789923061024,6978600
1999-11-17,33.68566131591797,33.93449353247138,32.41039620608174,32.628124395565976,5806900
1999-11-18,33.001380920410156,34.307750381915554,32.908068816016915,33.81008582515159,4718700
1999-11-19,32.348201751708984,33.00138659477234,31.974953269958498,33.00138659477234,5091100
1999-11-22,31.41508674621582,31.974959579316696,30.357549172580832,31.88164744046655,4785400
1999-11-23,32.93915557861328,33.34350781895509,31.477266709685214,31.539474746660876,2832200
1999-11-24,33.839046478271484,34.08901173388198,32.96416808363473,32.995413740586045,2179400
1999-11-26,34.55768966674805,34.71391792021436,34.08900490634912,34.21398750912216,1322500
1999-11-29,34.057769775390625,35.120122227100055,33.495347889191514,34.99513958572248,1987000
1999-11-30,33.02665710449219,33.807798474040254,33.02665710449219,33.68281585491256,1686100
1999-12-01,32.932926177978516,33.6828220302285,32.80794353593685,33.12040014104101,1405700
1999-12-02,33.52659606933594,33.52659606933594,32.93292847817342,32.995419803558946,1391000
1999-12-03,33.214134216308594,33.83904737183651,33.1516429007558,33.714064740730926,1753500
1999-12-06,33.12039566040039,33.245378285533974,32.682956472432835,33.245378285533974,1398900
1999-12-07,33.99528884887695,33.99528884887695,32.93293607234955,32.96418174224741,1793100
1999-12-08,34.18274688720703,34.18274688720703,33.37035984966829,33.99527295546732,1774000
1999-12-09,33.745304107666016,34.37021714669687,33.30786498034442,34.18274323498761,1713600
1999-12-10,33.05789566040039,33.49533473341136,32.68294788353384,33.182878252689235,1248600
1999-12-13,32.99541473388672,33.46409960226579,32.43299289183183,33.182888681238346,1417800
1999-12-14,32.4954948425293,32.995425532414366,32.37051217005803,32.995425532414366,1886600
1999-12-15,31.87057113647461,32.52672995399026,31.839325478497674,32.49548429601333,1602800
1999-12-16,31.995553970336914,32.02679962851107,31.62060607224703,31.870571337640285,1364600
1999-12-17,33.30787658691406,33.80780719234617,32.339261038889354,32.370506701728864,1980800
1999-12-20,34.2452507019043,34.2452507019043,33.464109034433854,33.83905703481967,1501300
1999-12-21,34.49518966674805,34.49518966674805,33.74529423921005,34.12024195297904,1265200
1999-12-22,33.4953498840332,34.46396541239611,33.026664950954384,34.46396541239611,1264700
1999-12-23,33.870304107666016,33.932795443658016,32.80795139580195,33.24539074774598,1180600
1999-12-27,34.83891296386719,34.83891296386719,33.74531479908212,34.24524538869815,1478800
1999-12-28,34.49518966674805,34.838891737702966,34.026505024536796,34.74515480926071,1051400
1999-12-29,33.99528884887695,34.68269358662998,33.7765691595919,34.49521956724279,904700
1999-12-30,33.99528884887695,34.74518492642571,33.99528884887695,34.620202246834246,926700
1999-12-31,34.49518966674805,34.74515480926071,34.18273323860721,34.43269838111988,649300
2000-01-03,33.52659606933594,34.870159565124794,33.495350406643176,34.83891390243203,1273200
2000-01-04,32.4642333984375,33.495339945259865,32.308005133767445,33.495339945259865,1385800
2000-01-05,33.99528884887695,33.99528884887695,32.37051401418798,32.43300535398371,1401700
2000-01-06,33.99528884887695,34.05778018867268,32.49549669377944,32.93293607234955,1959100
2000-01-07,33.182891845703125,33.80780506313633,32.87043523698652,33.80780506313633,996000
2000-01-10,33.52659606933594,33.71407004549253,33.214139442408296,33.43285908125765,1191700
2000-01-11,32.620479583740234,33.714078037218115,32.620479583740234,33.557849686721276,1020000
2000-01-12,33.682823181152344,33.745314504308475,32.71420767223238,33.05790994959108,1097700
2000-01-13,34.151512145996094,34.24524914182225,33.682827166865316,33.80780982796686,1071200
2000-01-14,34.526451110839844,34.62018808218149,34.151503225473256,34.432714139498195,1160000
2000-01-18,34.33896255493164,34.49519077401686,33.68280403477371,34.49519077401686,980500
2000-01-19,34.12025451660156,34.276482788197725,33.714061010451545,34.24523713387849,1087300
2000-01-20,34.432735443115234,34.55771814889787,34.057787325767336,34.057787325767336,1972000
2000-01-21,33.62032699584961,34.43271407939245,33.33911608231555,34.43271407939245,1270100
2000-01-24,32.99541473388672,34.12025841799649,32.99541473388672,33.93278447064486,831400
2000-01-25,32.932926177978516,33.307874104103504,32.370504288791025,32.80794353593685,1263000
2000-01-26,32.5579833984375,32.80794872203395,32.24552674394194,32.620474729336614,933400
2000-01-27,32.5579833984375,32.68296606023572,31.99556142034549,32.65172039478617,1128400
2000-01-28,32.4642333984375,32.932918192447666,31.995548604427334,32.55797035723953,1324700
2000-01-31,29.995824813842773,31.995546468098958,29.495894400278726,31.49561605453491,5745800
2000-02-01,30.68324089050293,30.745732216145502,29.15220341225991,29.839607994328205,4761000
2000-02-02,29.12095832824707,29.96459124118985,28.589782049727543,29.870854250862877,4740600
2000-02-03,28.808500289916992,29.745870147506484,28.683517642238392,29.620887499827884,1951900
2000-02-04,28.18358039855957,29.08970438033144,28.02735212584028,29.08970438033144,1745200
2000-02-07,27.871116638183594,28.402292627924762,27.746134052362144,28.308555688558673,1480200
2000-02-08,29.683380126953125,29.683380126953125,27.87113165604441,28.121096962376644,2055100
2000-02-09,28.995960235595703,29.808347052541272,28.995960235595703,29.745855758930077,1209400
2000-02-10,28.527280807495117,29.24593081688437,28.246069934255843,29.02721124880938,995700
2000-02-11,27.55866813659668,28.496037801106773,27.55866813659668,28.40230083465576,1013900
2000-02-14,27.183727264404297,27.746149207805765,27.05874461031508,27.652412217238854,2052800
2000-02-15,27.464937210083008,27.496182872438048,26.777532638272056,27.21497191124266,1182900
2000-02-16,27.996109008789062,28.214828610420227,27.246213231767925,27.589915462902614,1530000
2000-02-17,28.995960235595703,29.120942822818098,28.05859083142774,28.246064712261333,1036000
2000-02-18,28.46479606628418,29.714622457778546,27.621163252025486,28.995972282669285,1529200
2000-02-22,27.496198654174805,28.46481474312869,27.27747889215296,28.46481474312869,1226000
2000-02-23,27.464937210083008,28.121096119538915,27.0274979371124,27.527428534793092,855700
2000-02-24,27.11139488220215,27.58153467784727,26.986024270030114,27.58153467784727,1049300
2000-02-25,27.832275390625,27.957646000492677,27.111394383885838,27.550191518422718,961700
2000-02-28,27.581544876098633,27.894971522417936,27.33080355904319,27.863628857786004,565600
2000-02-29,27.39348793029785,27.73825722919176,27.33080260322623,27.581543911512707,750900
2000-03-01,26.32782745361328,27.4248202641805,26.01440093630836,27.393477612450006,1471000
2000-03-02,26.735292434692383,26.89200575494263,26.10843915369139,26.139781817741436,1136600
2000-03-03,26.421852111816406,26.829306533469563,26.359166816177456,26.73527859001114,1030700
2000-03-06,26.453187942504883,27.268096575804794,26.327817383535663,27.268096575804794,1431500
2000-03-07,25.387537002563477,26.48452934218042,24.572628407419465,26.45318670390565,2319100
2000-03-08,27.236774444580078,27.330802434607396,25.732326604142973,26.453207861019084,2275300
2000-03-09,26.57856559753418,27.330789152181374,26.296481764541483,27.330789152181374,1199700
2000-03-10,26.797954559326172,27.268094112998558,26.609898737857215,26.954667743883633,776700
2000-03-13,26.453187942504883,27.174068656577884,26.13976154508184,26.202446824566447,671700
2000-03-14,26.35917091369629,26.82931070407137,26.233800302929602,26.327828261004615,1072500
2000-03-15,27.550188064575195,27.769586604338592,25.889027692080898,26.54722331137109,2274800
2000-03-16,28.208389282226562,28.89792768690321,27.612878841824,28.020333353678385,1635300
2000-03-17,27.832275390625,28.615841702298,27.832275390624996,28.615841702298,622400
2000-03-20,28.365089416503906,28.52180261770006,27.706893971480056,28.333746776264675,843400
2000-03-21,29.18000602722168,29.274033973603704,27.70690153390329,28.239726563401433,889000
2000-03-22,28.52181053161621,29.618803244370678,28.490467882680367,29.180006159268892,763100
2000-03-23,29.90089225769043,30.05760552948126,28.0830183049168,28.490472811572957,1472900
2000-03-24,31.96950340270996,32.15755930507884,29.9949164278367,30.08894437902114,2148200
2000-03-27,31.687421798706055,32.09487628276459,31.405337925127068,31.593393840846392,960400
2000-03-28,30.214313507080078,31.59339005719577,30.120285560481282,31.342648866265645,639300
2000-03-29,29.618812561035156,30.71580561885127,29.2427006554982,30.71580561885127,869700
2000-03-30,29.36806869506836,30.151635095683844,29.24269807096988,29.493439319166836,682400
2000-03-31,31.585552215576172,31.593387877252077,29.1800040810731,29.869542308552806,727100
2000-04-03,29.775516510009766,31.09190776624177,29.587460616262334,31.09190776624177,830000
2000-04-04,28.991958618164062,29.963581015097127,27.769594957506335,29.77552506730363,1309000
2000-04-05,29.18000602722168,29.21134867601569,28.4904677537535,28.4904677537535,478000
2000-04-06,30.026262283325195,30.182975552027308,29.24269593981462,29.24269593981462,800700
2000-04-07,30.527748107910156,30.80983202266497,29.650153706450727,30.02626559279048,778200
2000-04-10,32.09487533569336,32.09487533569336,30.590428054332733,30.65311335772276,1275600
2000-04-11,31.687421798706055,31.750107103945826,31.154596704167968,31.750107103945826,616700
2000-04-12,30.84115982055664,31.530697946625992,30.71578925218039,31.49935530453193,608700
2000-04-13,30.214313507080078,30.84116648440539,29.806859071818625,30.84116648440539,566300
2000-04-14,27.581544876098633,29.462104754014447,27.581544876098633,29.336734095486726,859800
2000-04-17,29.085966110229492,29.83818937170095,27.58151958728659,28.584483935915195,1152900
2000-04-18,30.433704376220703,30.68444550393416,29.08597081476088,29.08597081476088,714900
2000-04-19,29.618812561035156,30.33969371331432,29.462099267061422,30.182980419340584,510200
2000-04-20,31.84413719177246,32.03219312007033,30.402375074822135,30.590431003120003,1730600
2000-04-24,31.40532875061035,31.71875518524718,31.09190231597352,31.593384611392448,1071000
2000-04-25,33.31723403930664,33.31723403930664,32.00084285431052,32.25158403240501,1644600
2000-04-26,33.191864013671875,33.5679757871979,32.56501105779516,33.34857725264105,1239300
2000-04-27,33.066497802734375,33.37992432219157,32.69038597938574,32.847099239114335,689400
2000-04-28,33.348575592041016,33.4739461769735,32.847093252311076,33.44260353074038,1011200
2000-05-01,32.22023391723633,33.56796743712072,32.22023391723633,33.411254237134166,904600
2000-05-02,32.00083541870117,32.31426181849256,31.71875165888892,32.126205978617726,1565300
2000-05-03,31.27996826171875,32.12621990807787,31.24862560814989,32.12621990807787,566400
2000-05-04,30.55907440185547,31.154584569686502,30.08893479567308,31.154584569686502,669000
2000-05-05,30.026262283325195,30.52774474317196,29.58746513095927,29.963576975844347,834300
2000-05-08,30.62176513671875,30.96653424265929,29.242688712956596,29.587457818897136,1726400
2000-05-09,31.3426570892334,31.78145428848267,30.4964053478241,30.841174575805667,859200
2000-05-10,30.49640464782715,31.279971057072448,30.40237667871771,31.091915118853578,880400
2000-05-11,30.715782165527344,30.935180609566828,30.527726356350648,30.527726356350648,934200
2000-05-12,30.872499465942383,31.405324329821592,30.77847154878723,30.841156826890664,603600
2000-05-15,31.750097274780273,32.09486634686574,30.433706272272104,30.872503273108162,1110200
2000-05-16,31.09189796447754,32.09486241494456,31.02921268632335,32.09486241494456,526500
2000-05-17,31.248634338378906,31.530718299307104,30.68446641652252,30.966550377450712,466300
2000-05-18,31.154600143432617,31.21728545559244,30.77848827047367,31.21728545559244,626500
2000-05-19,31.029216766357422,31.18592998234913,30.339678615993925,31.029216766357425,754800
2000-05-22,30.8098201751709,31.029218691169064,30.026254046606024,30.903848110598684,701700
2000-05-23,31.029216766357422,31.21727262554747,30.653105047977334,30.684447691175677,669500
2000-05-24,29.90089225769043,30.778486579719083,29.650151022825103,30.590430653570085,592700
2000-05-25,29.60920524597168,30.300715347257643,29.16915336333516,29.8920957419523,795300
2000-05-26,28.76052474975586,29.829221844282305,28.540498877353354,29.672060506851942,1003100
2000-05-30,29.70349884033203,29.82922793595248,28.666233801463292,28.666233801463292,602100
2000-05-31,30.112112045288086,30.646460588889234,29.986382976205466,30.143544312558742,794000
2000-06-01,30.929349899291992,31.212240294712345,30.489298173082553,30.583594971556003,1261000
2000-06-02,30.677881240844727,31.40082311434824,30.646448985475008,31.275094092869367,745100
2000-06-05,30.96078109741211,31.432265073514834,30.583593916529935,30.615026181603447,812100
2000-06-06,31.055086135864258,31.11795068269799,30.55216976119439,30.960789315613656,585000
2000-06-07,31.21224021911621,31.275104751279585,30.89791755829933,31.05507888870777,729800
2000-06-08,30.30069923400879,31.24366705249454,30.30069923400879,31.18080253126216,606300
2000-06-09,29.829219818115234,30.30070379838049,29.829219818115234,30.30070379838049,505500
2000-06-12,29.844945907592773,30.112120252210506,28.91769377039005,29.67206839048718,1105100
2000-06-13,30.835058212280273,31.212245468699603,29.79779325712711,29.923522342600222,958400
2000-06-14,30.803613662719727,31.117936251114827,30.615020109682668,30.772181403880214,898600
2000-06-15,31.369407653808594,31.432272198205006,30.89792357083552,30.929355843033726,1076100
2000-06-16,31.055086135864258,31.558002510534124,30.866492495363055,31.40084114344979,721300
2000-06-19,31.24367332458496,31.2751055915111,30.300705316800705,31.055079723028108,1019300
2000-06-20,30.897918701171875,31.180809106370802,30.615028295972948,31.117944571882152,630200
2000-06-21,31.055086135864258,31.086518409281123,30.45787294094379,30.64646658144499,627200
2000-06-22,31.65228843688965,31.652288436889652,30.803617346724785,30.96077865971828,1331900
2000-06-23,30.897918701171875,31.589428580547033,30.835054166683225,31.589428580547033,672500
2000-06-26,30.55215835571289,30.677887402444217,30.332132523933062,30.552158355712887,596300
2000-06-27,30.237831115722656,30.646450455124313,29.98637306070625,30.55215368449316,1001700
2000-06-28,29.986387252807617,30.583600416123495,29.95495498105415,30.269277698588823,754100
2000-06-29,30.30069923400879,30.33213149462498,29.483460457987807,29.986376627846873,1002300
2000-06-30,29.624916076660156,31.180813525779183,29.62491607666016,30.33214218989608,1990200
2000-07-03,29.89208221435547,30.112108056101516,29.829217688142315,29.92351447746205,375000
2000-07-05,30.677881240844727,30.835042517693317,29.923507111971496,29.98637162271093,829500
2000-07-06,30.835058212280273,30.897922755016825,30.677896855438885,30.677896855438885,570100
2000-07-07,30.520729064941406,30.677890388653772,30.23783868225915,30.36356774122904,733000
2000-07-10,30.677881240844727,30.709313496214445,30.112100644189802,30.17496515492924,596000
2000-07-11,30.583600997924805,30.646465542627627,30.3321428191135,30.3321428191135,469800
2000-07-12,30.520729064941406,30.709322653396246,30.26927094700162,30.426432270713985,613300
2000-07-13,30.33212661743164,30.55215240636638,30.20639759518322,30.457855639680062,631200
2000-07-14,30.61503791809082,30.67790247233741,30.395011978227743,30.52074108672093,678100
2000-07-17,30.395002365112305,30.866486372844143,30.206408762019574,30.646460502569287,944800
2000-07-18,30.55215835571289,30.615022879078552,30.269268000567397,30.269268000567397,565500
2000-07-19,30.803613662719727,30.929342698077765,30.489291074324626,30.552155592003647,1013500
2000-07-20,29.9549503326416,30.6464602039093,29.766356731386775,30.615027937033496,1154700
2000-07-21,29.92353057861328,30.17498881876969,29.672072338456864,29.829233738554624,1013100
2000-07-24,29.672060012817383,29.923518148519225,29.42060187711554,29.54633094496646,930800
2000-07-25,29.51491355895996,29.703507255822323,29.452048993339172,29.452048993339172,572700
2000-07-26,29.232027053833008,29.51491763822494,28.949136469441076,29.483485351070282,868000
2000-07-27,29.232027053833008,29.51491763822494,28.917704182286418,29.169162479523692,508100
2000-07-28,28.854825973510742,29.609200508765923,28.79196142890614,29.514903691859026,468600
2000-07-31,29.54633140563965,29.54633140563965,28.791956986772256,28.85482152167787,644900
2000-08-01,29.3262939453125,29.452022965442456,29.106268160085076,29.452022965442456,365400
2000-08-02,29.26343536376953,29.420596670771516,29.043409533966756,29.357732147970722,314000
2000-08-03,29.137714385986328,29.420604816918235,28.823391684950877,28.980553035468603,447800
2000-08-04,29.01197624206543,29.16913754348507,28.88624720092972,28.88624720092972,339500
2000-08-07,28.854825973510742,29.13771642423143,28.79196142890614,29.074851879626834,507300
2000-08-08,28.603361129760742,28.791954719627295,28.509064334827464,28.729090189671776,637200
2000-08-09,28.03757095336914,28.666216042009705,28.00613869893711,28.60335153314565,705200
2000-08-10,29.420597076416016,29.546326123751125,27.597525890056904,27.880416246560902,2150100
2000-08-11,29.672060012817383,29.672060012817383,29.043414673562776,29.1691437414137,734100
2000-08-14,29.48347282409668,29.703498740694418,29.42060827649733,29.546337371696037,990300
2000-08-15,29.106279373168945,29.420602044585458,28.94911803746069,29.357737510302155,756500
2000-08-16,28.82339096069336,29.169145923144427,28.791958691379627,28.980552307262027,487600
2000-08-17,28.540494918823242,28.88624981321427,28.54049491882324,28.823385286961354,718500
2000-08-18,28.257610321044922,28.666229825131225,28.069016703774324,28.540500746950823,736100
2000-08-21,28.069013595581055,28.57192985261274,28.037581329516573,28.289039458032416,590800
2000-08-22,28.289047241210938,28.35191179063585,28.037589043511286,28.06902131822374,789700
2000-08-23,28.03757095336914,28.289028988825365,28.00613869893711,28.163299971097253,710800
2000-08-24,28.470151901245117,28.659322345771667,28.028754197349848,28.028754197349848,678600
2000-08-25,29.06918716430664,29.22682917712826,28.470147515584486,28.470147515584486,815400
2000-08-28,28.627788543701172,29.132242967378723,28.627788543701172,29.06918616441903,975400
2000-08-29,28.375572204589844,28.72238475375705,28.24945855034722,28.501685858832463,543500
2000-08-30,27.80805015563965,28.154862572546715,27.744993352565633,27.87110695871366,849500
2000-08-31,27.9656982421875,28.312510734480696,27.871113017016633,27.965698242187504,673000
2000-09-01,28.1863956451416,28.344037678951118,27.934168391046374,28.060282018093986,869000
2000-09-05,28.028738021850586,28.344021914109874,27.808039297269087,27.871096075720942,735800
2000-09-06,28.15486717224121,28.24945239230473,27.618884258547926,27.902639918738487,1159900
2000-09-07,27.524288177490234,28.123327668180174,27.366646206256043,27.808043725711787,1080200
2000-09-08,26.89373779296875,27.492777673468638,26.79915254867929,27.461249258705486,981700
2000-09-11,26.420804977416992,27.08290152219713,26.16857772226265,27.019844708408545,1184200
2000-09-12,27.019845962524414,27.209016412670444,26.483863020443998,26.7045618789477,747900
2000-09-13,27.745014190673828,28.37558269500732,27.11444568634033,27.11444568634033,2352100
2000-09-14,27.9656982421875,28.56473800160302,27.839584608626343,28.501681184822438,1018700
2000-09-15,27.934171676635742,28.217927370867937,27.776529624284528,27.99722849757623,571400
2000-09-18,26.736083984375,27.808049615824,26.609970380675122,27.77652121489903,938200
2000-09-19,26.48386573791504,26.578450972693304,26.23163844517299,26.420808914729523,1429600
2000-09-20,27.24055290222168,27.335138155354393,26.483870877159966,26.483870877159966,1792900
2000-09-21,27.871112823486328,28.50168098691362,27.871112823486328,27.997226456171788,4193000
2000-09-22,28.24945068359375,28.34403589793614,27.7765246118818,27.997223445347377,1909700
2000-09-25,28.627788543701172,28.753902149620558,28.40708973334224,28.470146536301936,1227000
2000-09-26,28.722373962402344,28.880015970977546,28.501675150397055,28.6908455606873,1777500
2000-09-27,28.56473731994629,28.659322542860018,28.501680504670468,28.659322542860018,785100
2000-09-28,28.91155242919922,29.03766607120227,28.50168309268931,28.50168309268931,1712800
2000-09-29,28.438615798950195,28.627786192291328,27.871104618926797,28.407087400060007,1004800
2000-10-02,28.596256256103516,28.690841447689305,28.1863870925651,28.249443886955625,694100
2000-10-03,28.56473731994629,28.880021396325386,28.501680504670468,28.56473731994629,575700
2000-10-04,29.636701583862305,30.172684484847046,28.501678970012257,28.564735781892814,2134700
2000-10-05,29.510583877563477,29.857396294928,29.3844702712491,29.762811090192223,1271500
2000-10-06,29.289905548095703,29.69977505522729,29.163791853593672,29.447547666223233,531300
2000-10-09,28.690847396850586,29.447529086437854,28.533205378186572,29.416000682705054,549900
2000-10-10,29.699769973754883,29.951997319604178,28.564746917433038,28.690860590357687,1053300
2000-10-11,29.00613021850586,29.76281187637992,28.943073413683017,29.76281187637992,856500
2000-10-12,27.618896484375,28.848504889501285,27.618896484375,28.753919627568493,902100
2000-10-13,28.56473731994629,28.753907765773747,27.524299867895262,27.650413498446902,930400
2000-10-16,28.21793556213379,28.501691338736254,28.06029346402131,28.501691338736254,474200
2000-10-17,27.80805015563965,28.21791937562073,27.713464951028627,28.154862572546715,924900
2000-10-18,26.76761245727539,27.240538472421598,25.85328882799272,26.483856848187667,3462100
2000-10-19,30.267263412475586,30.771717802683515,28.911542238791785,29.132241034507754,3883400
2000-10-20,31.27617645263672,31.370761663683002,30.07809711271717,30.235739131127637,1827500
2000-10-23,30.677146911621094,31.0870162948185,30.64561849752899,30.992431052542177,1449700
2000-10-24,30.141151428222656,30.235736631449296,29.983509422844925,30.01503782392047,1838300
2000-10-25,30.078105926513672,30.23574799111804,29.888935448988427,30.204219578197165,1044100
2000-10-26,30.141151428222656,30.141151428222656,29.636697011013908,29.857395818542738,697600
2000-10-27,29.92045783996582,30.20421349914358,29.857401026815207,30.141156685992968,380800
2000-10-30,30.834781646728516,30.960895273095506,29.510588569875146,29.762815822609124,1395000
2000-10-31,30.645606994628906,31.24464663752803,30.298794569792573,31.213118235270183,812600
2000-11-01,30.078105926513672,30.614088946168525,30.015049100671924,30.58256053324765,568000
2000-11-02,30.96089744567871,31.023954263287017,29.258363370254422,30.015045181554108,1145800
2000-11-03,30.551027297973633,30.80325456152759,30.141157994698442,30.519498890029386,1713400
2000-11-06,30.267263412475586,30.487962208191558,29.951979418595634,30.487962208191558,811600
2000-11-07,30.235740661621094,30.58255311967931,30.015041824674952,30.26726906689911,757600
2000-11-08,30.141151428222656,30.33032183467594,29.951981021769377,30.267265032524843,523000
2000-11-09,29.573652267456055,30.204220546079853,29.510595439593676,29.951993234630333,574400
2000-11-10,29.41599464416504,29.825863808553194,29.352937849643787,29.44752304142567,638500
2000-11-13,29.7628173828125,30.267271914724574,29.132249217922404,29.132249217922404,723800
2000-11-14,30.141151428222656,30.235736631449296,29.384469802409537,29.384469802409537,865100
2000-11-15,29.7628173828125,30.015044648768537,29.44753330036745,29.636703749834478,847000
2000-11-16,29.479063034057617,29.66823349203018,29.384477805071334,29.510591443719708,593300
2000-11-17,29.888935089111328,30.015048739276356,29.258366838286197,29.51059413861625,687000
2000-11-20,29.92045783996582,30.141156685992968,29.73128740051398,29.76281580708929,663300
2000-11-21,30.424901962280273,30.83477110788612,29.542106879436904,29.636692066884407,2427500
2000-11-22,30.44766616821289,30.44766616821289,30.163108540472585,30.44766616821289,1026000
2000-11-24,30.79547119140625,30.827088718296814,30.3528258149384,30.3528258149384,520100
2000-11-27,30.92193031311035,31.08001789139824,30.637372672192157,30.795460250480044,1140000
2000-11-28,30.890316009521484,30.985168566357274,30.66899337690465,30.732228414795173,1186900
2000-11-29,30.542531967163086,30.890324774242586,30.257974215916228,30.858707246326265,973400
2000-11-30,30.700620651245117,30.79547323822116,30.226357716364916,30.416062890316997,1442800
2000-12-01,30.79547119140625,30.79547119140625,30.3528258149384,30.3528258149384,796600
2000-12-04,30.51091194152832,30.637382042840354,30.163119162920225,30.352824314888277,860400
2000-12-05,30.858713150024414,30.985183285885167,30.479302742442144,30.732243014163654,1345300
2000-12-06,31.522666931152344,31.902077165027798,30.985169099828784,31.080021658297646,3166600
2000-12-07,31.206499099731445,31.58590942313244,31.01679393803095,31.111646518881198,1144800
2000-12-08,32.21826171875,32.439584419467614,31.14326574383587,31.14326574383587,2438200
2000-12-11,32.37633514404297,32.53442271798849,31.80721987783909,32.24986508488655,1722500
2000-12-12,32.1550178527832,32.34472297285862,31.743990092619796,31.965312732707783,1028800
2000-12-13,31.680776596069336,32.24989234330412,31.617541513043253,31.90209938666064,1220100
2000-12-14,29.688846588134766,30.352814403204874,29.341053923098045,29.341053923098045,4803000
2000-12-15,29.0565185546875,29.15137117238507,28.392550230804545,29.088136093920024,2285200
2000-12-18,28.771949768066406,29.18297762189593,28.645479659195786,28.74033224084875,1364600
2000-12-19,28.202829360961914,28.803562273359084,28.202829360961914,28.297681926077257,1088800
2000-12-20,27.538860321044922,27.918270566570225,27.34915519828227,27.380772718742712,1515400
2000-12-21,27.064607620239258,27.570488136505414,26.87490242663945,27.34916541063897,1339900
2000-12-22,28.582242965698242,28.89841821974358,26.969749170067036,27.064601746280637,1540000
2000-12-26,29.0565185546875,29.15137117238507,28.202844995409414,28.360932691572025,628000
2000-12-27,28.993270874023438,29.182976026961434,28.708713144616446,28.83518324657511,912000
2000-12-28,29.94178581237793,29.94178581237793,28.74032027819592,28.835172820368186,1253400
2000-12-29,29.720478057861328,29.846948177256486,29.404302759373444,29.49915534891981,1096000
2001-01-02,28.519012451171875,29.530773425049368,28.2660722077025,29.34106824244734,695800
2001-01-03,30.63737678527832,30.63737678527832,28.171210232902975,28.42415039212096,2451800
2001-01-04,30.890316009521484,31.617518945262525,30.352818187452023,30.352818187452023,3776700
2001-01-05,30.669004440307617,30.858709622412615,30.163123954694296,30.858709622412615,2331200
2001-01-08,30.890316009521484,30.92193352846675,30.352818187452023,30.637375857959388,868300
2001-01-09,30.858713150024414,30.92194821795479,30.6057728783029,30.795478082094032,1372200
2001-01-10,29.594009399414062,30.605770404522236,29.34106914813702,30.352830153245193,2986400
2001-01-11,29.973413467407227,30.03664851691653,29.3726804970689,29.467533071332845,1547500
2001-01-12,29.81532859802246,30.19473893012879,29.752093542671403,29.910181181049044,2705400
2001-01-16,30.068273544311523,30.068273544311523,29.53077548936589,29.783715750516777,961400
2001-01-17,30.036645889282227,30.036645889282223,29.72047066939504,30.036645889282223,511600
2001-01-18,30.47929573059082,30.54253078397379,30.09988541029301,30.163120463675977,1202800
2001-01-19,30.35283660888672,30.57415937582652,30.25798399448395,30.47930676142375,869700
2001-01-22,30.51091194152832,30.51091194152832,30.25797173890425,30.352824314888277,943600
2001-01-23,30.827075958251953,30.858693472055286,30.352813251201923,30.542518334021935,2050800
2001-01-24,30.47929573059082,30.827088524197144,30.25797304375043,30.827088524197144,943000
2001-01-25,30.542531967163086,30.763854662577312,30.289591743832545,30.47929691133045,854600
2001-01-26,30.542531967163086,30.605767022995725,30.384444327581498,30.47929691133045,609000
2001-01-29,30.75753402709961,30.884004152153295,30.58047662393684,30.656357541100473,982900
2001-01-30,31.162242889404297,31.207772218698118,30.86377327065173,30.88400895695593,1232400
2001-01-31,31.314006805419922,31.364594088488897,30.712007716080926,31.18247678179075,2782200
2001-02-01,31.14706039428711,31.31400187573964,31.086355278204756,31.31400187573964,1891300
2001-02-02,30.90928840637207,31.202699933704377,30.86375909798535,31.11164131693093,959200
2001-02-05,30.4742374420166,30.858705713275224,30.378118926866446,30.858705713275224,1030500
2001-02-06,30.15553092956543,30.403411244697605,30.104941731736,30.357881931541407,634500
2001-02-07,30.190954208374023,30.302248557336327,29.852013204616714,29.852013204616714,759700
2001-02-08,30.33258819580078,30.4742360194676,29.872237110889888,29.872237110889888,910400
2001-02-09,30.261764526367188,30.448939728788208,30.201059420405333,30.22635305374106,968400
2001-02-12,30.454008102416992,30.605771874516233,30.12518498805109,30.175774198604877,1396600
2001-02-13,30.367992401123047,30.52987393532916,30.322463099016325,30.35281661034751,1058400
2001-02-14,30.398353576660156,30.428707095644246,30.23647200163954,30.35282426307432,873900
2001-02-15,30.423648834228516,30.61082405349929,30.35282588260069,30.35788383781095,775600
2001-02-16,30.367992401123047,30.555169492995205,30.029053541935287,30.029053541935287,766000
2001-02-20,30.403423309326172,30.696834983826186,30.342718177622544,30.368011821683947,1672700
2001-02-21,29.796340942382812,30.266809625772616,29.75081165270704,30.25163190936097,654100
2001-02-22,29.583192825317383,29.867401360184175,29.4360122991754,29.6390200549592,952800
2001-02-23,29.233013153076172,29.56797469355425,29.055382766468863,29.334517060862925,912500
2001-02-26,29.25838279724121,29.364961000848247,28.928495668714096,29.258382797241207,631200
2001-02-27,29.491838455200195,29.63901897598424,29.05537315137186,29.05537315137186,830800
2001-02-28,28.68996238708496,29.557818745096395,28.674737482286254,29.466465444253085,850200
2001-03-01,28.420982360839844,28.9284999029977,28.26365122580163,28.695042298251273,1126000
2001-03-02,28.89805793762207,28.908208524225042,28.27381138173752,28.42099198344097,1687900
2001-03-05,29.309146881103516,29.314221206201026,28.674749762464913,28.674749762464913,537900
2001-03-06,29.116281509399414,29.430943786585726,29.014777611469174,29.430943786585726,743400
2001-03-07,29.613645553588867,29.62887239519067,29.01477474460161,29.227933102796115,1052500
2001-03-08,30.0450496673584,30.298808529521857,29.694861198515888,29.93339514847801,1049600
2001-03-09,29.857255935668945,29.943532982767657,29.77097695254458,29.943532982767657,863600
2001-03-12,29.111207962036133,29.842032561776573,29.111207962036133,29.842032561776573,857600
2001-03-13,29.131513595581055,29.16196341522239,28.679821265297434,28.882829097695158,1054600
2001-03-14,28.852375030517578,29.05538284665131,28.573240735353203,28.92850344557423,1020500
2001-03-15,28.750864028930664,28.95386984528203,28.60368350525878,28.811765580233534,901700
2001-03-16,28.294105529785156,28.74579587332161,28.289031205756796,28.700119212962534,1035000
2001-03-19,28.426048278808594,28.62398168798277,28.04033591267537,28.37022299194046,1213900
2001-03-20,28.177379608154297,28.542792928521973,28.167229023030064,28.4260621676064,936100
2001-03-21,29.283737182617188,29.618698392610746,28.009868171988142,28.177349744996974,1772200
2001-03-22,28.365148544311523,28.59860609492533,27.710450602088823,27.710450602088823,2672800
2001-03-23,28.04033851623535,28.420976595641257,27.69522650269196,28.2991715583802,1162800
2001-03-26,28.497116088867188,28.623995498103415,28.04034944120631,28.04034944120631,668900
2001-03-27,28.644287109375,28.72548983223545,28.426054428682747,28.527558316264713,624700
2001-03-28,28.573240280151367,28.598615772757324,28.344856974645808,28.461587725479973,526200
2001-03-29,28.492036819458008,28.547864063390566,28.344856255640526,28.420984667553277,571400
2001-03-30,28.87774658203125,28.87774658203125,28.37022908101858,28.497108456271746,925700
2001-04-02,28.20782470703125,28.75594262221149,28.16722237611568,28.750868298859892,1040000
2001-04-03,27.005006790161133,27.994666341938238,26.999932466809508,27.948989687670814,1545500
2001-04-04,26.878131866455078,27.152191837498503,26.527945416361376,26.903507359471835,2005300
2001-04-05,27.060840606689453,27.147119612850428,26.390917471900234,27.147119612850428,1898400
2001-04-06,27.497299194335938,27.50744977698735,26.700496848443855,27.06083382045351,1621400
2001-04-09,27.228313446044922,27.811957383635193,26.984703353108817,27.497297089628894,848900
2001-04-10,27.71554183959961,27.89824852092107,27.202947879667036,27.22832531342664,861100
2001-04-11,27.6394100189209,27.76121510353142,27.304448456274645,27.41610295583211,558400
2001-04-12,27.512531280517578,27.63433636809755,27.32982461716071,27.512531280517575,368500
2001-04-16,27.25370216369629,27.451633766275286,27.202949229684705,27.405957093678097,603300
2001-04-17,27.35011863708496,27.35011863708496,26.999932247891174,26.999932247891174,673300
2001-04-18,27.63433074951172,28.370231577953692,27.025309307489888,27.025309307489888,1978200
2001-04-19,28.964035034179688,29.182267800438996,27.53790959774526,27.634339199968814,2309800
2001-04-20,29.552745819091797,29.562896402110894,28.62398973714085,28.801620099910615,1781700
2001-04-23,28.547863006591797,29.385267762528837,28.299178548105218,29.385267762528837,951100
2001-04-24,28.644287109375,28.78131706720681,27.98959100332386,28.05049256146279,1598700
2001-04-25,28.88788604736328,28.979239323394225,28.3549932278661,28.54785035904532,1198400
2001-04-26,28.725502014160156,29.055389304693893,28.705202776855753,28.776254947487278,500800
2001-04-27,29.024927139282227,29.23300925126003,28.83207186985697,28.877748525463108,749000
2001-04-30,29.15686798095703,29.334498253680515,28.958936552486648,29.15179172400792,1041500
2001-05-01,29.385276794433594,29.436027792078317,28.984337330550314,29.03001400284115,1309700
2001-05-02,29.527387619018555,29.608590394693014,29.233026347181834,29.309154796388402,1131100
2001-05-03,29.4715576171875,29.522308621271858,29.258401076801153,29.30915208088551,1003300
2001-05-04,29.476612091064453,29.613640088010946,29.293905513768763,29.385258802416608,1597000
2001-05-07,29.385276794433594,29.410652293255954,28.928510071525242,28.928510071525242,1756700
2001-05-08,29.25838279724121,29.34973609634024,29.060449358509644,29.28375828342972,1509400
2001-05-09,29.248245239257812,29.32944799283441,29.070612884790883,29.23301839194408,1239600
2001-05-10,29.283737182617188,29.415690777331697,29.156857907073803,29.375090415890348,771400
2001-05-11,29.430940628051758,29.476617280417045,29.131505226107226,29.41063946343927,1225500
2001-05-14,29.233013153076172,29.4258703842684,29.03508159770631,29.30914156792274,680600
2001-05-15,29.283737182617188,29.329413799253768,29.106105035241992,29.106105035241992,727600
2001-05-16,29.4715576171875,29.552760385338498,29.15689713260573,29.20764813669009,1120500
2001-05-17,30.26326560974121,30.359693226755873,29.588266482562386,29.68977035817147,3129000
2001-05-18,30.37491226196289,30.395213420367543,30.04502714999992,30.04502714999992,1605300
2001-05-21,30.405366897583008,30.451043540334513,30.32416419224979,30.349539674661692,1399600
2001-05-22,30.329254150390625,30.42568374370486,30.248051403193806,30.42568374370486,1381700
2001-05-23,30.060264587402344,30.324173948650937,29.867407374177244,30.308949041510427,1441300
2001-05-24,30.0450496673584,30.11610183899993,29.75576471937418,29.75576471937418,909400
2001-05-25,29.95339584350586,30.034860038903954,29.826107916805103,29.989036307601296,674100
2001-05-29,29.9381103515625,29.999207992913682,29.72426763570386,29.86173878543827,533000
2001-05-30,29.9381103515625,29.9381103515625,29.576613222034418,29.9381103515625,1118600
2001-05-31,30.26906394958496,30.269063949584957,29.744636464543063,29.795552791481697,1716100
2001-06-01,29.810827255249023,30.1417765884022,29.63262496340304,30.039945874950504,861400
2001-06-04,29.683542251586914,29.75482317529547,29.47479014261493,29.581711528177763,832200
2001-06-05,29.678451538085938,29.724275266427803,29.505339891267734,29.683542200230814,855800
2001-06-06,29.566442489624023,29.93812304062127,29.530802021874962,29.93812304062127,563500
2001-06-07,29.749738693237305,29.785379162495396,29.530803272217657,29.530803272217657,699100
2001-06-08,29.57660675048828,29.658070901884656,29.530783043936655,29.64788764017779,438000
2001-06-11,29.33733367919922,29.530811956540518,29.28132665610617,29.530811956540518,699900
2001-06-12,29.35769271850586,29.36278338191289,29.057293078731593,29.225314105063294,810900
2001-06-13,29.143850326538086,29.327143345806622,29.07766004770611,29.250771740009736,852000
2001-06-14,28.909629821777344,29.148931716783107,28.899446555792053,28.945270281596148,817800
2001-06-15,28.868898391723633,28.90962951297031,28.624505837465474,28.73142721577979,880600
2001-06-18,28.792531967163086,29.006376718771424,28.58887242620165,28.63978682587705,1017100
2001-06-19,28.5023136138916,28.83326301531363,28.349568483335165,28.792529944626732,977000
2001-06-20,28.68051528930664,28.680515289306637,28.094990075857904,28.247735192591627,1389500
2001-06-21,29.169300079345703,29.271130803329825,28.461579558158324,28.614324673004745,1093100
2001-06-22,29.011459350585938,29.225304042995596,28.8994453715971,29.042009147289978,1044600
2001-06-25,28.527782440185547,28.76708447236397,28.41067772761709,28.76708447236397,913800
2001-06-26,28.41065216064453,28.60922092683918,28.237540579966858,28.349554526952044,882000
2001-06-27,28.63470458984375,28.75180929736829,28.308845732339318,28.33430488192935,1098100
2001-06-28,29.072561264038086,29.3780534490885,28.497221242040048,28.51249517150171,1887400
2001-06-29,29.428972244262695,29.632633731427653,29.052201017945382,29.199853556767096,2619300
2001-07-02,29.586795806884766,29.754814802308847,29.09291819979591,29.42895813290303,1271100
2001-07-03,29.815927505493164,29.831201436637173,29.530801823159468,29.556259022486092,709300
2001-07-05,29.815927505493164,29.912665639838256,29.6631804250138,29.775194432762717,940600
2001-07-06,29.393321990966797,29.744635900008902,29.32713173833246,29.739545238541297,597400
2001-07-09,29.479887008666992,29.53080140660205,29.434063273621526,29.515527475673487,510500
2001-07-10,29.322038650512695,29.60716422558602,29.230391213605525,29.530790714077018,503800
2001-07-11,29.26094627380371,29.32713459061612,28.919813654519118,29.24567040339672,853600
2001-07-12,29.428972244262695,29.500253182092464,29.235494025681977,29.26095316827251,632200
2001-07-13,29.70391273498535,29.785376936094536,29.225310796251364,29.428970327894447,935200
2001-07-16,29.632625579833984,29.831194406952882,29.627532975812837,29.831194406952882,808900
2001-07-17,29.67336082458496,29.724277160575785,29.439151505806034,29.581713362061098,705700
2001-07-18,29.546062469482422,29.734449932766207,29.352586287785094,29.479874169445466,768500
2001-07-19,29.62753677368164,29.673360504449196,29.174392070680046,29.551165183908786,1016700
2001-07-20,29.327131271362305,29.5155187610712,29.255850358395353,29.33731453639461,787900
2001-07-23,29.006372451782227,29.403510149156865,28.940182188133264,29.378052953064053,638100
2001-07-24,28.84345054626465,29.123483650719063,28.644879710705336,29.123483650719063,944500
2001-07-25,29.021652221679688,29.02165222167969,28.61433117544144,28.817990727430587,782300
2001-07-26,28.99618148803711,28.99618148803711,28.868893599101266,28.868893599101266,575400
2001-07-27,28.716148376464844,29.011455267336697,28.716148376464844,28.955448285725044,581300
2001-07-30,28.833267211914062,28.935097961192767,28.74161973178923,28.767076933543905,360300
2001-07-31,28.935087203979492,28.93508720397949,28.69578532347893,28.833256492558448,660600
2001-08-01,28.99618148803711,29.062371734116283,28.736513106942922,29.02163867737247,830400
2001-08-02,28.84345054626465,28.90963888252442,28.593965307080897,28.90963888252442,554100
2001-08-03,28.726329803466797,28.868893559616108,28.644865632349642,28.868893559616108,439400
2001-08-06,28.68560028076172,28.756881191662128,28.639776560574433,28.66523375128756,473500
2001-08-07,28.573585510253906,28.756880385866953,28.410657163544336,28.558311584705855,587900
2001-08-08,28.537954330444336,28.63978506579689,28.487039933897922,28.487039933897922,607900
2001-08-09,28.431047439575195,28.543061499845308,28.415773501269534,28.537968892236275,439900
2001-08-10,28.553226470947266,28.58377432797823,28.38520548823906,28.410662683184686,607500
2001-08-13,28.49721908569336,28.63978092924033,28.49721908569336,28.56340740319191,613900
2001-08-14,28.476858139038086,28.614329347535467,28.359753467116573,28.56341300609579,609100
2001-08-15,28.431047439575195,28.51251168097326,28.349583198177132,28.502328408015916,404300
2001-08-16,28.38521385192871,28.446311526252515,28.257925897435754,28.283383099882336,474700
2001-08-17,28.359743118286133,28.385200308586402,28.26300307598233,28.385200308586402,525200
2001-08-20,28.263004302978516,28.436115923698516,28.257913641601107,28.410658732293058,505100
2001-08-21,28.176464080810547,28.461589822339857,28.05426677950935,28.334301857020378,650900
2001-08-22,28.20699691772461,28.227361503803273,28.07970902900249,28.156080596880336,764800
2001-08-23,28.27318000793457,28.385193950877856,28.18662519184835,28.206991716430526,778500
2001-08-24,28.605266571044922,28.605266571044922,28.27318108503032,28.406014110079894,903000
2001-08-27,28.354938507080078,28.610388403540263,28.293631077629488,28.610388403540263,575800
2001-08-28,28.298736572265625,28.42646150855419,28.186338004674774,28.303846661116772,897600
2001-08-29,28.344717025756836,28.365153482871992,28.125029984088464,28.354935254314416,914900
2001-08-30,28.012649536132812,28.232334755671133,27.79296236766555,28.17613738956023,1508900
2001-08-31,28.217002868652344,28.21700286865234,27.910463690564626,28.01264406623672,1157100
2001-09-04,28.283409118652344,28.35493476840185,27.869579639337342,28.099484905623456,930500
2001-09-05,28.273189544677734,28.324278735230834,28.109701796194575,28.242534860989256,614200
2001-09-06,28.02285385131836,28.21699632518118,27.879802527907913,28.022853851318356,835400
2001-09-07,27.44552993774414,27.941101275069578,27.39443880317154,27.920666770168044,1041500
2001-09-10,27.12875747680664,27.44551650939259,27.04701365041304,27.38420717790247,1365300
2001-09-17,25.734020233154297,26.56678738337133,25.49389867246019,26.515698187205242,3918900
2001-09-18,25.62161636352539,26.439054964499356,25.550088780628734,26.439054964499356,2782500
2001-09-19,24.497638702392578,25.662489285258072,24.456765794748698,25.6216183265417,3853700
2001-09-20,25.31508445739746,25.642060014432687,23.578026323415795,23.88456542090431,3905400
2001-09-21,25.391706466674805,25.54497593248431,24.57426606747911,25.320180845892168,2532400
2001-09-24,25.453022003173828,25.882177814042095,25.340623449468833,25.391714587029114,1702600
2001-09-25,26.209156036376953,26.209156036376953,25.16181196858682,25.45302466185218,1895900
2001-09-26,25.263994216918945,26.045670247569657,25.14648750275712,26.004799279087617,2246900
2001-09-27,25.401931762695312,25.41725812886495,24.86037742054679,25.187352891682675,1644800
2001-09-28,26.556562423706055,26.592325241743964,24.737759046813704,25.161806673445252,2781500
2001-10-01,25.871973037719727,26.18873045956947,25.61652306388927,26.18362231762146,1854700
2001-10-02,25.596080780029297,25.810659722714117,25.504118654439832,25.790223261710192,1319700
2001-10-03,26.10698890686035,26.178516543101463,25.468363914530805,25.544999693181875,1626400
2001-10-04,26.566787719726562,26.714949118983125,26.081432554292125,26.106977152698583,1407700
2001-10-05,26.7098388671875,26.709838867187504,26.234701933796504,26.56678755784068,925300
2001-10-08,26.275575637817383,26.66385861008192,26.168287152591017,26.46460800925354,1108800
2001-10-09,26.030349731445312,26.403306416502488,25.87708015454801,26.403306416502488,494800
2001-10-10,26.464603424072266,26.46460342407227,26.020121241624203,26.18360898571838,615900
2001-10-11,26.97039794921875,26.99083440671819,26.490150942621206,26.551460315119524,1444900
2001-10-12,26.030349731445312,26.725173892236704,25.570539051825005,26.5157050157271,1611700
2001-10-15,25.994577407836914,26.03034023109624,25.68803641699283,25.825979570533516,575100
2001-10-16,25.979244232177734,26.306221617703816,25.933263189598076,26.081424543346674,704900
2001-10-17,25.938379287719727,26.173392693618386,25.672711196688628,26.055885990669054,1278500
2001-10-18,25.805543899536133,26.055885618892926,25.49389670864477,25.78510939200053,1181900
2001-10-19,25.92816925048828,26.055894222165563,25.442813968328927,25.596083544555984,1039500
2001-10-22,25.969038009643555,26.10187110134363,25.744240848250698,25.902620489329475,992300
2001-10-23,26.173385620117188,26.49014281850252,25.933262190460567,25.953698641692462,1372200
2001-10-24,26.009902954101562,26.336878441536893,25.928159082242733,26.285789252472988,865600
2001-10-25,25.871973037719727,25.953716951388323,25.519452775448006,25.912845969018342,1197600
2001-10-26,25.953710556030273,26.045672679862772,25.69826064514626,25.836203830895005,1074200
2001-10-29,25.97414779663086,26.439066570443856,25.80044177405632,26.26025240702663,1869100
2001-10-30,25.636953353881836,26.035454593405667,25.468355476281346,25.999691761598562,1032700
2001-10-31,26.05588150024414,26.05588150024414,25.519437270906955,25.64205209244991,1543300
2001-11-01,26.05588150024414,26.158061817481567,25.6267257269889,26.00479231608915,1422100
2001-11-02,26.219377517700195,26.229595747547254,25.85663912830602,26.030345137849835,942600
2001-11-05,26.403308868408203,26.43396356620573,26.234710953914682,26.362435938011497,1409100
2001-11-06,26.847780227661133,26.873324824190934,26.2908994480291,26.311335904824062,1651700
2001-11-07,27.067472457885742,27.17476095324734,26.71495228072841,26.720060421443083,1653700
2001-11-08,27.169639587402344,27.358671884682238,26.95506075219966,27.01126001734625,1673400
2001-11-09,27.287158966064453,27.379121088425507,27.011272598981286,27.011272598981286,1152300
2001-11-12,27.149208068847656,27.23606202592407,26.847777186513458,27.230951937840274,717000
2001-11-13,27.711200714111328,27.736745309444316,27.271826658244148,27.435314407088537,1143000
2001-11-14,27.706083297729492,27.966643168422767,27.53748745398136,27.89511559190988,1797300
2001-11-15,27.833826065063477,27.951332807123695,27.675446395889225,27.706101091224753,1448500
2001-11-16,27.77761459350586,27.833813869198767,27.563037666963027,27.82870573001195,972800
2001-11-19,27.890003204345703,27.997291629377415,27.716297299992362,27.792933002973236,680800
2001-11-20,27.849132537841797,28.033056680569647,27.716299517497813,27.89000543574889,892000
2001-11-21,27.792936325073242,27.81337082590738,27.38421512555651,27.741845200670088,1206700
2001-11-23,28.09543228149414,28.09543228149414,27.777564795218947,27.798072879690526,528500
2001-11-26,28.146696090698242,28.14669609069824,27.81344663898776,28.06979176930101,917500
2001-11-27,28.197978973388672,28.295389469405265,27.967267845181844,28.146710703013444,1305100
2001-11-28,28.290250778198242,28.39278922887051,28.197966368169023,28.315884901926736,1591900
2001-11-29,28.351781845092773,28.351781845092773,28.17234096767326,28.29025953794307,1268500
2001-11-30,28.823455810546875,28.823455810546875,28.259495179546732,28.351779610878417,2367200
2001-12-03,28.659395217895508,28.78243982328854,28.60299895885756,28.695283390781707,1168100
2001-12-04,28.71067237854004,28.736306516297578,28.42869295168839,28.664530148272725,1709800
2001-12-05,29.115680694580078,29.166948938910373,28.674766752610164,28.710654914793004,1906600
2001-12-06,29.213096618652344,29.223350660592697,28.849086930683146,29.11568615385677,1365300
2001-12-07,29.290010452270508,29.300264497535615,29.049045277938355,29.213106090661775,1468600
2001-12-10,28.828584671020508,29.28487887287915,28.69528601038273,29.28487887287915,1158900
2001-12-11,28.802940368652344,28.95162102068892,28.64400567622446,28.82857449175149,998800
2001-12-12,28.49532699584961,28.761924223139413,28.26461597631206,28.761924223139413,1039900
2001-12-13,28.192838668823242,28.408167642397597,28.095426266318324,28.40304160025647,977600
2001-12-14,28.244108200073242,28.2902504044783,28.018525176180866,28.095427546350464,1048200
2001-12-17,28.351781845092773,28.42868619584907,28.146706836007457,28.244117318641067,1078000
2001-12-18,28.910619735717773,29.01315823663603,28.35178695926047,28.35178695926047,1773200
2001-12-19,28.38254165649414,28.864469941997562,28.382541656494144,28.68502907924595,1397600
2001-12-20,28.336389541625977,28.70552713690935,28.24410514280513,28.254359182202784,1588400
2001-12-21,28.310758590698242,28.454311246821547,28.187712059908083,28.42867712333642,1364000
2001-12-24,28.351781845092773,28.53122467827117,28.22360923100487,28.22360923100487,525100
2001-12-26,28.39791488647461,28.479945254749126,28.274870311941964,28.274870311941964,800800
2001-12-27,28.290250778198242,28.413295354398343,28.213346451254466,28.300504818841294,711300
2001-12-28,28.223604202270508,28.28000045534222,28.14670182097516,28.213350160279422,813800
2001-12-31,27.941646575927734,28.177483857461407,27.94164657592773,28.146723663376175,1198500
2002-01-02,27.921127319335938,28.049299958836112,27.813462771538013,27.967269547786373,1004500
2002-01-03,28.433815002441406,28.433815002441406,27.941632585906696,27.941632585906696,2075900
2002-01-04,29.04391860961914,29.218233463865168,28.52097404688106,28.55686222665885,2813900
2002-01-07,29.279752731323242,29.300260819278943,29.05416767532837,29.146452115370106,1812000
2002-01-08,29.33616065979004,29.336160659790043,28.977276800903695,29.233622134999703,1622900
2002-01-09,29.125938415527344,29.336141373060013,29.02339995814981,29.336141373060013,1871700
2002-01-10,29.146448135375977,29.223352476828982,28.874722852223666,29.125942005979333,1301400
2002-01-11,28.977252960205078,29.038775242158664,28.710653797395437,28.961872878656205,1754500
2002-01-14,28.726041793823242,28.931118731184092,28.61837728180017,28.92599073208283,1048800
2002-01-15,28.71067237854004,28.931129483621717,28.495343274465473,28.731180471049807,1160200
2002-01-16,28.71067237854004,28.91574939211906,28.582499733992982,28.71067237854004,1123600
2002-01-17,28.956754684448242,28.967008727538417,28.726043604316096,28.813201992703235,951800
2002-01-18,28.977252960205078,29.131059642968083,28.792684158586244,28.823446277442077,1165300
2002-01-22,28.741422653198242,29.064416175982327,28.674772357933584,28.94137158323369,908600
2002-01-23,29.105424880981445,29.12080496219169,28.679891047089505,28.72603324647829,1517800
2002-01-24,29.018278121948242,29.207974992896236,28.946501773269027,29.105436513743584,1105600
2002-01-25,29.238737106323242,29.248991150494298,28.741428676460245,29.023408046007933,1183400
2002-01-28,29.27463150024414,29.37717000797236,29.043922302554844,29.238743315903164,961100
2002-01-29,28.915740966796875,29.120815964862835,28.19797358416906,29.043913573997642,2666400
2002-01-30,29.187467575073242,29.35152836317526,28.71066529847711,28.96701052435637,1627700
2002-01-31,29.469444274902344,29.479698317703892,28.920865697450985,29.09518051355993,1562800
2002-02-01,29.115680694580078,29.469436274278696,28.9670000479608,29.469436274278696,1545100
2002-02-04,28.997766494750977,29.11568503891173,28.741421323334094,28.87984795059023,1038000
2002-02-05,29.17207908630371,29.197713210357673,28.813195482273308,28.813195482273308,1402900
2002-02-06,28.792688369750977,29.172080068096378,28.761926246395934,29.172080068096378,788400
2002-02-07,28.520963668823242,28.700404502418202,28.46969346225439,28.608120086352677,1085800
2002-02-08,28.89008903503418,28.89008903503418,28.490191345747576,28.526079499619055,1068600
2002-02-11,29.110553741455078,29.15156990299789,28.86446263947289,28.890096762558034,1387900
2002-02-12,29.069557189941406,29.13620751504686,28.982398771609756,29.1105714206344,1176200
2002-02-13,29.059282302856445,29.192580901710052,28.987505983800034,29.01826614581963,1112800
2002-02-14,29.197708129882812,29.197708129882812,28.874712746881634,29.043901456563475,1234600
2002-02-15,29.22334861755371,29.274616867912734,29.05415987100385,29.19258649388327,1566800
2002-02-19,29.079795837402344,29.105429962480883,28.972129382859055,29.09517592129779,1050200
2002-02-20,29.14130973815918,29.22334008824675,29.028517273379585,29.028517273379585,1225000
2002-02-21,29.120807647705078,29.22334609533157,29.090047482447886,29.172077849397436,967000
2002-02-22,29.120807647705078,29.218220053041446,28.879844544904778,28.99263507711152,1103100
2002-02-25,29.372873306274414,29.45003575694218,29.161964831748172,29.192830204479804,1737300
2002-02-26,29.99532127380371,30.057050075546552,29.4088907891154,29.542638815601993,4481800
2002-02-27,30.453153610229492,30.453153610229492,29.964462414439144,30.067345081288217,3972500
2002-02-28,30.31938934326172,30.453137327349367,30.129057786869016,30.37597487788937,1780200
2002-03-01,30.350257873535156,30.35540112161711,30.226798334017385,30.350257873535156,1927600
2002-03-04,30.85953712463379,30.85953712463379,30.35026903503042,30.58175453030468,2832000
2002-03-05,30.484006881713867,30.78750956853669,30.484006881713867,30.730925984826506,2428200
2002-03-06,30.545734405517578,30.818371685013076,30.545734405517575,30.607463193600505,1713800
2002-03-07,30.864673614501953,30.95212258116129,30.756647727808744,30.864673614501957,3593500
2002-03-08,31.37908935546875,31.502548931109274,30.952127033798785,30.967560707205966,3364500
2002-03-11,30.905820846557617,31.3790781322105,30.895532388740467,31.3790781322105,1188100
2002-03-12,30.905820846557617,31.04471012128246,30.813226688525937,30.90582084655762,1503500
2002-03-13,30.828662872314453,30.869814747238166,30.658906237156337,30.864671498743814,1317500
2002-03-14,30.823511123657227,30.916105275499554,30.761782343203187,30.838944790512645,942800
2002-03-15,31.034427642822266,31.09101122465664,30.78750854789528,31.07043626868184,1819300
2002-03-18,31.16303253173828,31.224761328454527,31.024141267384437,31.137310400977036,1280200
2002-03-19,31.096149444580078,31.271049286145256,30.97783513445106,31.265904076566063,1169300
2002-03-20,31.10129737854004,31.20418000008001,30.972694592195776,31.121874295312594,1708800
2002-03-21,30.993257522583008,31.147580404089993,30.76691742719422,31.101283343405708,1629000
2002-03-22,31.224756240844727,31.296773485666712,30.813227725917113,30.916108382906955,1522400
2002-03-25,31.193891525268555,31.379079851478437,31.132162737306196,31.16302811244877,2131600
2002-03-26,30.977846145629883,31.245340231477265,30.895540424009397,31.09101528640606,1751000
2002-03-27,31.13731575012207,31.18875805815888,30.90068702012297,30.993281212265817,1131500
2002-03-28,31.276203155517578,31.353365626831668,31.19904264652665,31.265914695187487,1259600
2002-04-01,31.147592544555664,31.147592544555664,30.900675445438686,31.09615221811063,1269600
2002-04-02,30.76177978515625,31.024130514334153,30.741202872608497,31.018985305036022,1484200
2002-04-03,30.710346221923828,30.761786552286924,30.49429251728861,30.761786552286924,1974600
2002-04-04,31.065288543701172,31.121874083278776,30.61775139972258,30.71034556224543,1996400
2002-04-05,31.224756240844727,31.281341779582785,31.070433293037212,31.121873621532135,1500300
2002-04-08,31.024137496948242,31.121874910064292,30.87495779088467,31.121874910064292,1239900
2002-04-09,31.16303253173828,31.199041160016346,30.941835550988422,31.116735443620335,980500
2002-04-10,31.281330108642578,31.36877902692165,31.08585340111252,31.291618562967532,1523300
2002-04-11,31.060155868530273,31.25048750636125,30.9469847508518,31.199047159592915,942400
2002-04-12,31.229917526245117,31.358520384082386,31.08073774019615,31.142468524831234,1804900
2002-04-15,31.044708251953125,31.152736071367073,30.916105480466452,31.04470825195312,788300
2002-04-16,31.35337257385254,31.379092749215047,31.0550130451414,31.07044672021778,1523900
2002-04-17,31.327651977539062,31.45625481494715,31.188760677659502,31.368803865101395,1304500
2002-04-18,31.389375686645508,31.620861148809027,31.250484409347393,31.379087225846767,1960100
2002-04-19,31.605424880981445,31.662010429566028,31.33793080915083,31.379084648966195,1344300
2002-04-22,31.322484970092773,31.502529994577944,31.276187902347697,31.399647403775305,958600
2002-04-23,31.075571060180664,31.36878519799778,31.03956244412048,31.32763333492432,1276400
2002-04-24,30.828662872314453,31.235048184672088,30.741211949326733,31.224759725360418,1193300
2002-04-25,30.977846145629883,31.02414323668661,30.787512569994917,30.828666411966754,1169600
2002-04-26,31.075571060180664,31.16302195798567,30.94182505228891,31.049850900469448,1000100
2002-04-29,30.725780487060547,31.276200309534225,30.633186314838525,31.276200309534225,2486700
2002-04-30,30.8852481842041,30.8852481842041,30.561168586463445,30.79779726187658,1775900
2002-05-01,30.787511825561523,30.921259846412823,30.597180216851914,30.885251216719737,1821700
2002-05-02,30.828662872314453,30.85952825024946,30.658906237156337,30.658906237156337,947400
2002-05-03,30.916101455688477,30.967543734979728,30.71548147225837,30.787498700943814,1147000
2002-05-06,30.64861488342285,31.00870109065529,30.60746105269763,30.844089692399702,768300
2002-05-07,30.37596893310547,30.746345478312094,30.33481707381708,30.736057022909442,1206500
2002-05-08,30.700042724609375,30.70004272460937,30.386251761069335,30.386251761069335,1035400
2002-05-09,30.051902770996094,30.633188003698695,30.026182602254867,30.489153488889343,2978700
2002-05-10,30.21651268005371,30.314250094917448,30.057044512549115,30.057044512549115,1272200
2002-05-13,30.345123291015625,30.39142038626536,30.195943543841675,30.195943543841675,763700
2002-05-14,30.658899307250977,30.710341592181702,30.468567758813585,30.468567758813585,971500
2002-05-15,30.710346221923828,30.710346221923825,30.463429103999875,30.63318376405636,1030400
2002-05-16,30.64861488342285,30.72063212486934,30.52001210589051,30.679478294144115,582400
2002-05-17,30.633180618286133,30.71548631580868,30.401695230778152,30.581740293205524,992200
2002-05-20,30.31938934326172,30.617748721362936,30.247372103671104,30.530297814486765,966800
2002-05-21,29.974733352661133,30.298812876949686,29.83584212796604,30.267947506243274,1269000
2002-05-22,29.96445083618164,29.964450836181637,29.82555958395149,29.871856668028208,1162300
2002-05-23,30.1554012298584,30.181205560628083,29.804456818906797,30.03669973332245,1022100
2002-05-24,30.134761810302734,30.289589788494062,30.062508885063085,30.08831321997088,728100
2002-05-28,30.088308334350586,30.217331956683772,29.94380250733557,30.217331956683772,1416700
2002-05-29,30.279266357421875,30.397969836628388,29.96961041436825,30.08831192483029,1057000
2002-05-30,30.44957733154297,30.475381664346248,30.29474936597892,30.29474936597892,1412000
2002-05-31,31.161800384521484,31.161800384521484,30.81085581021787,30.965683835647077,3957300
2002-06-03,31.724321365356445,31.744963643788488,31.151456303062044,31.161778426649953,4339000
2002-06-04,31.610801696777344,31.71402103484237,31.425007282009307,31.672732512118312,2250700
2002-06-05,31.662391662597656,31.729484487986344,31.51788585598567,31.714002285490476,1550200
2002-06-06,31.693363189697266,31.806904609779433,31.559179485845476,31.68820311094093,1427000
2002-06-07,31.6727237701416,31.703690153637623,31.481769327110882,31.55918430147866,1112200
2002-06-10,32.193973541259766,32.395250069256925,31.621108365425297,31.626268443870075,3054600
2002-06-11,32.33333206176758,32.44171147063506,32.12689340500052,32.12689340500052,2453800
2002-06-12,32.142356872558594,32.31782903786694,31.935920304912404,32.281702589310264,1959200
2002-06-13,32.395263671875,32.46235653229408,32.075285517848975,32.075285517848975,2043300
2002-06-14,31.930749893188477,32.2146013298009,31.853336938881416,32.049451331453916,1591900
2002-06-17,32.11139678955078,32.204293946547565,31.87915389705882,31.894636100310265,1801800
2002-06-18,32.29201889038086,32.48297322242686,31.8894659826235,31.941074623043463,1463100
2002-06-19,32.307525634765625,32.513964290776464,32.23011261532026,32.26107703560044,1413200
2002-06-20,32.16816329956055,32.32299121812318,32.05978198469729,32.28170272317645,1420800
2002-06-21,31.935928344726562,32.25074630604145,31.843031176838753,32.10107842791728,1646400
2002-06-24,31.889480590820312,32.06495280487077,31.68820404473921,31.68820404473921,1490100
2002-06-25,31.07404899597168,31.739811365403146,30.81084167040849,31.45595978759148,5552600
2002-06-26,31.068876266479492,31.3527277287109,30.8108291246794,30.939852695579447,2431600
2002-06-27,31.218555450439453,31.3475790683275,30.96050821466336,31.115336162380185,2578800
2002-06-28,31.868825912475586,31.86882591247559,31.19790365543537,31.270156548982882,5258400
2002-07-01,31.600465774536133,31.79658223439303,31.53853498622395,31.73981152479675,1323800
2002-07-02,31.404342651367188,31.7243225887,31.280481101023522,31.50756192248281,2051000
2002-07-03,31.316619873046875,31.54886283225388,31.135987554077328,31.27533136085691,1820900
2002-07-05,31.579814910888672,31.579814910888672,31.481757685860824,31.559172631602287,815600
2002-07-08,31.497257232666016,31.63660303049036,31.455970682613394,31.63660303049036,943300
2002-07-09,31.347585678100586,31.559184377303712,31.316619294530156,31.368227965069618,1053000
2002-07-10,32.642982482910156,32.90102977526518,31.347585941535574,31.347585941535574,10827900
2002-07-11,32.25590515136719,32.452021605935876,31.946249249411743,32.30751381211169,6101500
2002-07-12,31.615942001342773,32.21977347163025,31.50756265010324,31.76560984947959,5858300
2002-07-15,31.223718643188477,31.677882374701458,30.810843418515024,31.352742273945452,6763200
2002-07-16,31.068876266479492,31.50755562004226,31.043071946048173,31.06887626647949,7206500
2002-07-17,31.378541946411133,31.53336988657758,31.12049472321903,31.12049472321903,6009800
2002-07-18,32.023651123046875,32.353951162129285,31.430143855553027,31.45594817696693,10935700
2002-07-19,34.57833480834961,34.57833480834961,31.662399816864134,32.02882844316856,94752600
2002-07-22,32.570716857910156,34.320276502988285,32.53975048615216,33.546134927732915,31436300
2002-07-23,31.120492935180664,32.5139482541054,30.867607773478685,32.20429239156389,20086100
2002-07-24,31.915285110473633,31.9823779491432,30.346357301357255,31.017279781819916,13967000
2002-07-25,32.10623550415039,32.178488412696275,31.172105802601294,31.910121029167016,7915000
2002-07-26,32.467506408691406,32.477828535415206,31.848192586474415,32.10623984833613,4815800
2002-07-29,33.288089752197266,33.417113355887956,32.64813181164412,32.66877606073318,5565300
2002-07-30,33.288089752197266,33.49969035224419,32.92682326811455,33.288089752197266,4806400
2002-07-31,33.72160339355469,33.73708953175286,32.98875035167321,33.05584513806955,4590200
2002-08-01,33.09198760986328,33.57195575174996,32.901031187826,33.56679370318426,5172700
2002-08-02,32.410743713378906,33.09199046445552,31.972064047197566,33.09199046445552,4910800
2002-08-05,31.62110137939453,32.41072511285357,31.502399913947624,32.41072511285357,3847300
2002-08-06,32.359127044677734,32.76684219108761,31.894641185635557,31.972056151724043,3614500
2002-08-07,32.575889587402344,32.64298243456377,31.874000638237092,32.591373763667036,3330900
2002-08-08,33.1590690612793,33.23648401779161,32.29203021081558,32.57588177012051,3530400
2002-08-09,33.36552810668945,33.494551800885866,32.90620210160416,33.03006571428066,4815500
2002-08-12,32.90618133544922,33.107459825120564,32.56555907647753,33.08165352757064,3145300
2002-08-13,32.77716064453125,33.35518593003411,32.6429769415329,32.6429769415329,3205000
2002-08-14,33.494529724121094,33.49969177098395,32.57072021007313,32.77715680347462,3844800
2002-08-15,33.79901885986328,33.850627508863504,33.46871878127685,33.53581356871591,3737000
2002-08-16,34.10870361328125,34.38223716614711,33.60809496225975,33.752600876986854,4459800
2002-08-19,34.50091552734375,34.629939148566045,33.93321238146334,34.01062734169441,3839700
2002-08-20,34.01063919067383,34.500927547134914,33.90741789524162,34.39771018919252,2798400
2002-08-21,34.10870361328125,34.191280671691516,33.695830133702515,33.95903958552165,3167400
2002-08-22,34.16560363769531,34.21218414231141,33.83435133096203,33.9275162890332,2418100
2002-08-23,33.787776947021484,34.14491005086781,33.69978889063157,34.0569219944779,2338800
2002-08-26,33.492759704589844,33.64285908822898,33.156330323939414,33.539344178263015,3749400
2002-08-27,33.565223693847656,33.761907567347606,33.399597454966184,33.642861857132324,2526500
2002-08-28,33.358184814453125,33.56521856865248,33.109747468486226,33.56521856865248,2864700
2002-08-29,33.04765319824219,33.37890579623184,32.79403879171564,33.125291389705296,3504800
2002-08-30,33.07870101928711,33.48241675489348,32.918249716405796,33.09940479535324,2422100
2002-09-03,32.374778747558594,32.91823987305129,32.250560077147775,32.778494362444164,3238200
2002-09-04,32.892364501953125,32.91824322972588,32.14704648022761,32.29714586549814,2759400
2002-09-05,32.50935745239258,32.94412683025405,32.3489061670128,32.762971771066454,2648200
2002-09-06,33.114933013916016,33.12528490237851,32.73709796992876,32.76297670387458,2177000
2002-09-09,32.81473922729492,33.11493612321058,32.400671547600034,33.11493612321058,3207000
2002-09-10,32.809547424316406,33.02175612548618,32.63356933253512,32.81472435389769,2024700
2002-09-11,32.6180534362793,33.10458033588749,32.6180534362793,33.047645937912115,1532900
2002-09-12,32.074581146240234,32.50417350064511,31.90895494039497,32.50417350064511,3273500
2002-09-13,32.06424331665039,32.13670456666793,31.63982573132968,31.83133074557903,2534400
2002-09-16,32.17810821533203,32.31785574957675,31.701933187020437,32.03836265550818,1790300
2002-09-17,32.29197311401367,32.731919440763065,32.17292937131789,32.504181868283645,2877100
2002-09-18,32.012474060058594,32.34372848985528,31.919309060181458,32.11599094596878,2187800
2002-09-19,32.42654037475586,32.99588026405377,32.017649776838475,32.017649776838475,4847200
2002-09-20,32.50418472290039,32.60770163089851,32.100470953570586,32.4265485227174,3939200
2002-09-23,32.26091766357422,32.34890573946371,32.028005147365974,32.29714828004877,2032700
2002-09-24,31.960718154907227,32.157400050236696,31.62428875298212,32.06423504583961,3104300
2002-09-25,32.20398712158203,32.33338276000122,31.83132705112013,32.01765708635108,3290200
2002-09-26,32.918243408203125,32.918243408203125,32.13151981265978,32.29714604060789,3507600
2002-09-27,32.436893463134766,32.97000476653825,32.3489053882007,32.73709225285911,2727200
2002-09-30,32.36442947387695,32.52488074172511,31.831320190309047,32.348902632427894,4126900
2002-10-01,33.22880554199219,33.25468625480135,32.06424651916352,32.55595044621991,4389400
2002-10-02,32.809547424316406,33.30642604543293,32.76296493018547,33.22878789707467,4452600
2002-10-03,33.125267028808594,33.38405817747116,32.88200271725145,33.02175017445961,3921500
2002-10-04,31.883085250854492,33.13046112938127,31.727810876060296,33.13046112938127,8739300
2002-10-07,30.718528747558594,31.17400202142173,30.666771273574156,30.822045669948544,7251700
2002-10-08,31.184337615966797,31.417250076032296,30.547711541401114,30.77027211719481,4149600
2002-10-09,31.148103713989258,31.41724675333138,30.640873284835976,31.10669618128132,4347000
2002-10-10,31.603599548339844,31.727818287423386,30.27858716011414,30.666774174987395,5168900
2002-10-11,32.00213623046875,32.16776252068713,31.54666294515765,31.60877231038426,3690100
2002-10-14,32.05389404296875,32.16776285909973,31.753695154776572,31.81580649507773,1961500
2002-10-15,32.95448303222656,32.99589058774499,32.61287859688321,32.65946110963099,3852200
2002-10-16,32.83024597167969,32.95964154874782,32.50416856463045,32.73708099823705,2868300
2002-10-17,32.819908142089844,32.87684253628633,32.5041824829425,32.83543498617228,3194100
2002-10-18,32.65946960449219,32.75263465422034,32.49902022117704,32.60771212105274,2486600
2002-10-21,33.21842956542969,33.25466016563323,32.328187447469276,32.530044212723176,3218600
2002-10-22,32.224674224853516,33.21843330133836,31.857191253220304,33.21843330133836,6298900
2002-10-23,32.34890365600586,32.35407861184585,31.629464354603552,31.831321197509766,3920600
2002-10-24,32.34890365600586,32.75779427207867,32.24538676942256,32.607694885253906,2994000
2002-10-25,32.447242736816406,32.452419666937104,31.971067835570246,32.131519104165974,2057300
2002-10-28,31.691564559936523,32.47828990696387,31.608751469429425,32.44723425761628,2301300
2002-10-29,31.199874877929688,31.727809305635542,30.79616112856315,31.572534938526925,4506500
2002-10-30,31.329275131225586,31.71746209343078,31.117066337530254,31.272340727528135,2824700
2002-10-31,31.06012725830078,31.624292304091142,30.899677935038106,31.329270415179007,2750900
2002-11-01,31.541481018066406,31.717459170358165,30.847920297201327,31.054954114398978,2437700
2002-11-04,31.950359344482422,32.61804107316298,31.75367749177543,32.0538762129819,4279300
2002-11-05,32.012474060058594,32.28161717365694,31.86755160443655,32.07976033206327,1499300
2002-11-06,32.571475982666016,32.64911416912454,32.01766271089712,32.29715781284248,3365500
2002-11-07,31.888273239135742,32.48349221130338,31.83133882127156,32.47831725259822,2570100
2002-11-08,32.26609420776367,32.566291041101785,31.908962981614714,31.908962981614714,2655800
2002-11-11,32.33856964111328,32.63359164753993,32.01249195922329,32.24540458914471,2709800
2002-11-12,32.1004638671875,32.6594518879039,31.960716368403308,32.343728251117795,2762300
2002-11-13,32.29716110229492,32.431731734851745,31.836510843169677,32.141884713563044,2177800
2002-11-14,32.628379821777344,32.71119288835366,32.34888498167505,32.364411814652094,2275900
2002-11-15,32.726749420166016,32.726749420166016,32.35408929518175,32.41620063229316,2165600
2002-11-18,32.411014556884766,32.8613127390146,32.390312758108834,32.685334615686045,1761900
2002-11-19,32.23503494262695,32.478299330382185,32.09011248579595,32.4110130578162,1657300
2002-11-20,32.67498779296875,32.721570302669676,32.266097093862975,32.426548399370766,1826000
2002-11-21,33.199317932128906,33.199317932128906,32.706129863507805,32.80995924327762,3312800
2002-11-22,32.9657096862793,33.17336849220359,32.75286030137841,33.17336849220359,2393500
2002-11-25,32.60231018066406,33.09549839597445,32.5036733297545,32.96571212775494,1923000
2002-11-26,32.23889923095703,32.61268421277289,32.12987927138765,32.56077051213435,3539400
2002-11-27,32.9657096862793,33.02281595692754,32.35311838722188,32.368692104532805,2702600
2002-11-29,32.89302062988281,33.121443669119564,32.815148104034975,33.095486820630484,1399300
2002-12-02,33.2097053527832,33.277192775017056,33.00204656645192,33.0954928222629,2668800
2002-12-03,33.12145233154297,33.20451545666031,32.88783667328134,33.19932487775721,2874100
2002-12-04,33.178558349609375,33.25124031636898,33.017622679499034,33.121452080203085,2125100
2002-12-05,33.09549331665039,33.47447090442338,32.95013335227564,33.27719327211882,2231700
2002-12-06,33.26679992675781,33.26679992675781,32.8410993663488,32.91378130228808,1627700
2002-12-09,33.12145233154297,33.25124056869375,33.02800606823832,33.24604800940954,1770900
2002-12-10,32.9657096862793,33.2200916245175,32.809966572026646,33.19932534784885,1829800
2002-12-11,33.090309143066406,33.126649141194086,32.73209776097733,32.835927175791284,2001900
2002-12-12,33.01763153076172,33.03839781254571,32.84112209636106,32.96571780668338,2469100
2002-12-13,32.991668701171875,33.287583212114484,32.86188243407019,32.887839291414274,2407500
2002-12-16,33.370635986328125,33.43812736316646,32.9760867047517,33.095489802865366,2374300
2002-12-17,33.17336654663086,33.32910767136836,33.04877087430742,33.25123908938064,2297400
2002-12-18,33.19413375854492,33.225283174458205,32.97090122878603,33.04358319925037,2674300
2002-12-19,33.0331916809082,33.318720989680735,32.98646855908137,33.15778535219261,2639700
2002-12-20,33.11105728149414,33.27199091454797,32.91378366804878,32.97608049437993,3749100
2002-12-23,33.16297912597656,33.199319113131615,33.02280975535815,33.1110634440545,1525700
2002-12-24,33.043582916259766,33.19413347426498,32.99685978298058,33.18375033571614,687000
2002-12-26,32.996856689453125,33.225279774968875,32.82553789003056,33.0799198096753,1236500
2002-12-27,32.7113151550293,33.02280324400087,32.70612457805094,32.99684639834833,1387500
2002-12-30,32.90340805053711,32.90340805053711,32.57634617191404,32.76842925220594,1358300
2002-12-31,32.7476692199707,32.91379547000889,32.57115983175749,32.90341233183386,1800500
2003-01-02,33.2200927734375,33.22528335259361,32.83073398414929,32.96571082640147,2805000
2003-01-03,33.1318244934082,33.20450445625992,33.00723083719968,33.09548451198235,1935500
2003-01-06,33.33428955078125,33.474460874975165,33.13701593834478,33.16297278415164,3052500
2003-01-07,33.22527313232422,33.3498667975573,33.06953006059257,33.20450686132517,2370400
2003-01-08,32.991668701171875,33.21490123901727,32.90341499012574,33.19932752068708,1680900
2003-01-09,33.29276657104492,33.303151688805556,32.93974980204102,32.991663508558396,2114000
2003-01-10,33.2408561706543,33.349876153412474,33.11626247046815,33.168176182148855,2164900
2003-01-13,33.069541931152344,33.38103016680728,33.022818794823166,33.277198774540985,2409300
2003-01-14,33.12145233154297,33.13702802901449,32.98128293658599,33.07472919989064,1737400
2003-01-15,32.90340805053711,33.05915114213543,32.83591865137152,33.01761859483942,2028100
2003-01-16,32.976097106933594,33.09550024271251,32.89303396985341,33.03320338499773,1748400
2003-01-17,32.93455123901367,33.017614342527196,32.8618712709869,32.9241681035269,2188500
2003-01-21,32.524436950683594,33.126645106805874,32.44656440396163,33.06434627727585,2098600
2003-01-22,32.26486587524414,32.576352115269536,32.12988705228692,32.44656585186208,2808000
2003-01-23,32.145442962646484,32.46731414346529,31.9845093526172,32.31157110972916,1788100
2003-01-24,31.564006805419922,32.17659789308992,31.54843309348304,32.10910850739599,2754700
2003-01-27,31.3927001953125,31.906652659409296,31.174658255709993,31.174658255709993,3296500
2003-01-28,31.68341636657715,31.901458280204885,31.200611393952382,31.460183874702004,4760100
2003-01-29,31.434226989746094,31.787245721625933,31.153888235539018,31.688608891981602,2362500
2003-01-30,31.018901824951172,31.538046625368764,31.018901824951172,31.538046625368764,3014600
2003-01-31,31.32000732421875,31.47055781396405,30.920265583047506,31.02409296069798,2402900
2003-02-03,31.460186004638672,31.589972253800347,31.283676626563548,31.4082722971264,1823000
2003-02-04,31.122737884521484,31.20060843312822,30.951419112901444,31.17465158359264,2191000
2003-02-05,31.19541358947754,31.553622816997922,31.060436802121863,31.356349203199663,2035500
2003-02-06,31.003345489501953,31.29406547321724,30.915089794173127,31.0189192085206,1929400
2003-02-07,30.707427978515625,31.26291297797878,30.639938573049893,31.008531052996275,1857400
2003-02-10,30.707427978515625,30.84759538777216,30.380366069361276,30.733384832808277,2395900
2003-02-11,30.525712966918945,30.982560932300153,30.401119327511463,30.90468842238533,1742900
2003-02-12,30.234996795654297,30.62954600846373,30.058487468254715,30.53090920035648,1798100
2003-02-13,29.89236068725586,30.18827308613532,29.653552556969302,29.980614359028852,2170200
2003-02-14,30.629554748535156,30.629554748535156,29.902750962349717,29.902750962349717,2181700
2003-02-18,30.883939743041992,30.95142717333357,30.57764408584241,30.62955779843304,1698900
2003-02-19,30.619171142578125,30.883936195367564,30.42708805160018,30.883936195367564,1699400
2003-02-20,30.306577682495117,30.791107979568444,30.228428852699384,30.739008759704625,1708100
2003-02-21,30.431623458862305,30.634813231263806,30.218013443330193,30.624392988133195,2123600
2003-02-24,29.785564422607422,30.353454413955962,29.66052555499244,30.348245289245742,2979500
2003-02-25,29.87935447692871,29.884565590824234,29.176005147812706,29.44692543410874,3009700
2003-02-26,29.84288215637207,30.11901353368026,29.759522228070484,29.884563114251595,2538000
2003-02-27,29.837669372558594,30.129430079575855,29.571958267293873,29.879348337871217,2181200
2003-02-28,29.978336334228516,30.301355733101836,29.889765312990527,29.967916097173635,2312100
2003-03-03,30.139842987060547,30.39513380887434,30.03564459852286,30.24404336305509,1992100
2003-03-04,29.60841941833496,30.11378786996898,29.592788072954097,30.087738277609535,2392800
2003-03-05,29.202062606811523,29.60844413925286,28.91551287669626,29.60844413925286,4017500
2003-03-06,28.899866104125977,29.175995424839122,28.764405012391897,28.863396268841488,2483300
2003-03-07,28.675853729248047,28.84778277522555,28.498713567886206,28.65501324262708,4493200
2003-03-10,27.99854278564453,28.67584243438513,27.930812224533245,28.67584243438513,3229000
2003-03-11,27.706777572631836,28.20693704895334,27.706777572631836,28.02979698599067,2964600
2003-03-12,28.425771713256836,28.446610210851606,27.61301068331952,27.61301068331952,4068600
2003-03-13,28.852977752685547,28.86339799016783,28.165257978511644,28.285087728372254,4983900
2003-03-14,29.176000595092773,29.254151391669698,28.65500058446612,28.905080351072034,3234900
2003-03-17,29.894975662231445,30.0512752391514,28.86860519427738,28.993646048287513,4192300
2003-03-18,30.10338592529297,30.12943752093695,29.72305608089184,30.02523710073416,2868400
2003-03-19,30.546239852905273,30.582709705007893,29.988769842241894,30.19195958608733,3937300
2003-03-20,30.718162536621094,30.853623662886605,30.270102174670885,30.478502990098995,2852500
2003-03-21,31.181840896606445,31.239151199329264,30.686892618451378,31.051590931311587,4334100
2003-03-24,30.10338592529297,31.187067115469645,29.90540731311115,31.187067115469645,3475700
2003-03-25,30.400346755981445,30.5826979337657,29.853297197542922,29.89497814816462,2811000
2003-03-26,30.19715690612793,30.379508082799767,30.030437079572437,30.296148169522017,2241000
2003-03-27,30.03566551208496,30.233644178122805,29.79600388418622,29.98356429408165,1630400
2003-03-28,29.853302001953125,29.91061232455258,29.525071419083716,29.9054031986151,1855500
2003-03-31,29.696998596191406,29.905399381322994,29.306248614662575,29.306248614662575,3006500
2003-04-01,29.96792221069336,30.061702375861646,29.446922176406183,29.749101162814895,2295900
2003-04-02,30.348247528076172,30.593118144117312,30.21799753868529,30.21799753868529,3078200
2003-04-03,30.139842987060547,30.53059290644745,30.139842987060543,30.442023878699047,2217300
2003-04-04,30.1190128326416,30.327411654816224,29.749101296171865,30.233631489227548,2547200
2003-04-07,30.19715690612793,30.75983781134556,30.191947781060556,30.478497358736746,2652200
2003-04-08,30.254467010498047,30.30656621064091,29.962706322309565,30.21799717290662,2429300
2003-04-09,29.926227569580078,30.572268191161907,29.832447447294705,30.238828639683476,2182900
2003-04-10,29.957496643066406,29.983546242655926,29.644897473078103,29.926235931084758,1708100
2003-04-11,30.113794326782227,30.259675652695787,29.88976420703416,30.072115367561874,2089600
2003-04-14,30.426406860351562,30.55665688631633,30.0825468713029,30.098176238432217,1961600
2003-04-15,30.58270835876465,30.634807577344176,30.395147991945876,30.4785079341478,2630600
2003-04-16,30.07732582092285,30.718155498469645,30.046065109533856,30.63479558888934,2196800
2003-04-17,30.400346755981445,30.478497544668574,30.165898364834305,30.21799756565431,1863500
2003-04-21,30.150257110595703,30.400336769806128,29.98353733778875,30.21798763937867,2382300
2003-04-22,31.291259765625,31.296468890985672,30.608749070858284,30.66084827429388,11286300
2003-04-23,31.520492553710938,31.54654215006562,31.30167355938345,31.364192988126046,6922400
2003-04-24,31.530914306640625,31.650744045602394,31.343354023932836,31.52049407010609,3927700
2003-04-25,31.530914306640625,31.62990357253333,31.405873455683132,31.598644850386634,2988800
2003-04-28,32.13527297973633,32.26552295063751,31.5204929580862,31.635113568465428,4330700
2003-04-29,32.34888458251953,32.4739254357528,32.06754415333738,32.14569493504029,3876000
2003-04-30,32.3645133972168,32.5520736801702,32.17174398971776,32.34888403612298,5443000
2003-05-01,32.26552963256836,32.463510185826244,31.921669717676895,32.35409867714382,3320500
2003-05-02,32.51041030883789,32.562509529101305,32.119660194488674,32.14570980462038,2126700
2003-05-05,32.32805252075195,32.510403729687106,32.0779727366722,32.510403729687106,3398700
2003-05-06,32.520809173583984,32.71878966997051,32.23947076945824,32.32803978859159,3208500
2003-05-07,32.31242370605469,32.56250349439676,32.30200346644158,32.458303085723195,3050600
2003-05-08,32.10403060913086,32.30201123447555,31.97899167861903,32.2082310428627,2717600
2003-05-09,32.260311126708984,32.38535197049496,31.978972706239905,32.119642910202835,2450400
2003-05-12,32.562496185302734,32.6145953842164,32.124856157073985,32.22384542999277,2197300
2003-05-13,32.51041030883789,32.562509529101305,32.328059063000204,32.44267973252916,2657000
2003-05-14,32.47392272949219,32.61459094490354,32.307200943256184,32.56249175308132,2343300
2003-05-15,32.986244201660156,32.986244201660156,32.547124537115955,32.798051769006804,4224200
2003-05-16,32.43735122680664,33.02807229020398,32.43735122680664,32.94443052855119,3346100
2003-05-19,32.40597915649414,32.5105298382269,32.20732927168432,32.41643262932627,2868600
2003-05-20,32.28050231933594,32.56802056464065,32.128901101096424,32.43733027184982,2249000
2003-05-21,32.296180725097656,32.38505115073427,32.07139328835109,32.17594590914548,1908300
2003-05-22,32.20210266113281,32.400752559020845,32.01913696187842,32.22824232746335,2049600
2003-05-23,32.22823715209961,32.285739223933774,32.050498218147546,32.09754681814004,989600
2003-05-27,32.42688751220703,32.557577856195195,32.05050067756106,32.07140961702511,2730700
2003-05-28,32.32233428955078,32.53666635706276,32.26483022365163,32.385065091360666,1930300
2003-05-29,32.311885833740234,32.405983053957925,32.10278045677278,32.25438175536535,2412100
2003-05-30,32.635990142822266,32.66212781060827,32.30664994502522,32.43734027813145,2392400
2003-06-02,32.913055419921875,33.08033889900796,32.67258566800767,32.75622740755071,2777200
2003-06-03,33.0803337097168,33.101244639866366,32.16027471907238,32.91305025687236,2721400
2003-06-04,33.378318786621094,33.38354751801696,32.91306140122548,32.975794212915496,2863800
2003-06-05,33.27375030517578,33.346936552188595,33.106466885096296,33.16919766908219,1824200
2003-06-06,33.252845764160156,33.45672234689337,32.98623639121976,33.40444701589677,2722300
2003-06-09,33.06986999511719,33.24760886869812,32.93395297140261,33.19533355054073,1732800
2003-06-10,33.26852035522461,33.26852035522461,32.933953527348216,33.069870553357156,1862300
2003-06-11,33.42534637451172,33.45671276062798,33.20055892611721,33.32602247640678,2022800
2003-06-12,33.35215759277344,33.472392405793244,33.10123250549184,33.456710211017935,1528700
2003-06-13,33.28420639038086,33.45671855262221,33.05419216823488,33.45671855262221,1475600
2003-06-16,33.55605697631836,33.61356105184408,33.25285439415604,33.37831601877891,2048900
2003-06-17,33.45671081542969,33.62399420997281,33.414888969706226,33.561261441387614,1485500
2003-06-18,33.388763427734375,33.56127361849749,33.310350429815166,33.4410407538566,1903100
2003-06-19,33.29988479614258,33.582174294298355,33.1953321700004,33.43057508027644,1890100
2003-06-20,33.55605697631836,33.61356105184408,33.341722878749195,33.41490915880863,3131400
2003-06-23,33.362613677978516,33.540354528241075,33.3051096371598,33.46193956454732,1838600
2003-06-24,33.247623443603516,33.43581786215066,33.14307276145638,33.35217611992709,2006100
2003-06-25,32.86601257324219,33.247628201382945,32.85033036751126,33.247628201382945,2490400
2003-06-26,33.22148513793945,33.35217548230127,32.75100109474273,32.80327643481691,1998400
2003-06-27,32.93395233154297,33.34693411715968,32.829399703083915,33.19533290560283,1732400
2003-06-30,33.29988479614258,33.29988479614258,32.88167628574932,33.028048765843096,5387600
2003-07-01,33.508995056152344,33.58218131149192,32.98623381038288,33.12737958604174,3035300
2003-07-02,33.5874137878418,33.63446039080091,33.37308173293157,33.37830846853498,1854600
2003-07-03,33.41489028930664,33.57172022278769,33.33124858873195,33.4567121366817,1305500
2003-07-07,33.66059875488281,33.76514941633326,33.535137163471866,33.6501452840786,2172300
2003-07-08,33.854026794433594,33.90107340243001,33.587417384062604,33.66583238574262,2017900
2003-07-09,33.759925842285156,33.885387438033675,33.69196432047587,33.81220117481769,1960200
2003-07-10,33.70764923095703,33.7390136316162,33.540365780187976,33.62923424095702,1486700
2003-07-11,33.56127166748047,33.744241301183635,33.51422506796956,33.66582631364684,1417000
2003-07-14,33.56127166748047,33.86970288823134,33.535135997202836,33.77037697146127,2211900
2003-07-15,33.4724006652832,33.68673468236889,33.40966987652749,33.63968409808233,2179000
2003-07-16,33.399200439453125,33.5873947211611,33.367836055285125,33.46715793460046,1727400
2003-07-17,33.430572509765625,33.488074555255736,33.26851585199717,33.39920612608212,1691000
2003-07-18,33.650146484375,33.79129028120288,33.430585700310075,33.587413692255815,1958400
2003-07-21,33.86969757080078,33.8958332369752,33.55081292967308,33.65013883084931,2136600
2003-07-22,33.576969146728516,34.14154847247246,33.446276792160106,33.95335403444005,3532000
2003-07-23,33.57174301147461,33.66584023776679,33.34695541468516,33.566514279915715,1484800
2003-07-24,33.29988479614258,33.718093306535835,33.1953321700004,33.65013579459257,2187300
2003-07-25,33.43581008911133,33.53513600590718,33.0489678690752,33.35216836633249,2049800
2003-07-28,33.446258544921875,33.45148727322383,33.20578889159618,33.414892157636785,1514500
2003-07-29,33.23715591430664,33.58217621016094,33.16919640431081,33.50376123753686,2389300
2003-07-30,33.184879302978516,33.31556959733217,33.02282262007676,33.19533476582789,2343300
2003-07-31,32.97577667236328,33.40444068667879,32.97577667236328,33.24761073505182,2394200
2003-08-01,32.960105895996094,33.0280654364167,32.80327787471324,32.93396822481169,1988400
2003-08-04,32.86076736450195,32.96009126859416,32.69871068439568,32.88690502408669,1626500
2003-08-05,32.724849700927734,32.90781731395885,32.68825657715664,32.82940233777756,1828700
2003-08-06,32.59416961669922,32.771908556785206,32.51575661012311,32.646446948592924,1819800
2003-08-07,32.892147064208984,32.8973757950644,32.48962253210898,32.63076635838084,1688600
2003-08-08,33.04896545410156,33.08555858050735,32.709169858418306,32.9548682735793,1565700
2003-08-11,33.148292541503906,33.28943832579388,32.98623582750223,33.03851315178149,1263800
2003-08-12,33.20056915283203,33.211024618091365,32.933961768335365,33.15352055625308,1284000
2003-08-13,33.116939544677734,33.336500407123815,33.04375325525464,33.27376958678643,1043600
2003-08-14,33.29988479614258,33.373071036189465,33.01759330381133,33.184876707968634,1543600
2003-08-15,33.446258544921875,33.456714007350236,33.2685196719908,33.456714007350236,1520900
2003-08-18,33.430572509765625,33.49853201065889,33.32079315813635,33.44625470451972,1912200
2003-08-19,33.378318786621094,33.571741964733555,33.273768088824525,33.482873472771125,2518000
2003-08-20,33.38352966308594,33.409667323555546,33.14828673050812,33.352163274017,2398000
2003-08-21,33.3992805480957,33.561974183170214,33.14212190138038,33.48325100445367,2024600
2003-08-22,33.44126892089844,33.57772017047169,33.26283143944805,33.44651619887622,2607800
2003-08-25,33.2313346862793,33.43601251804358,33.07389035430779,33.3887790182508,1767100
2003-08-26,33.27333450317383,33.36255226033643,32.953196429563796,33.10014426583825,1725700
2003-08-27,33.00566101074219,33.24182849015545,32.93743440513099,33.24182849015545,1107100
2003-08-28,32.926944732666016,33.052899405679824,32.806235334842086,33.026659015636405,1850600
2003-08-29,32.937442779541016,33.06339946792387,32.806238813398465,32.90595510895554,1748400
2003-09-02,33.19984436035156,33.24183058245133,32.80098526047008,33.00566308817329,2336200
2003-09-03,33.24183654785156,33.32580700510672,33.12637641837061,33.22084343303437,2333000
2003-09-04,33.168365478515625,33.268079779386255,33.04240878087723,33.184109314965255,1930800
2003-09-05,33.16311264038086,33.31530971644444,33.01091756633085,33.11587913408573,2091900
2003-09-08,33.03715896606445,33.184106767014775,32.963685065589296,33.16311365201798,1696600
2003-09-09,32.85346984863281,33.06864425683134,32.81148562367416,32.905952632348004,1891400
2003-09-10,32.612064361572266,32.968939384683,32.491356927581,32.81149499260804,2282400
2003-09-11,32.43362808227539,32.690788800645635,32.30242408355905,32.64355528102718,2354500
2003-09-12,32.281410217285156,32.43360723846845,32.102972813625094,32.27616294159494,2363100
2003-09-15,32.85871887207031,33.02141049528643,32.5385809009485,32.722265637487176,4044000
2003-09-16,33.56721496582031,33.703668182257886,33.131618933377,33.19459626295646,5112500
2003-09-17,33.61969757080078,33.71941385024567,33.43601284868648,33.56721679362907,2826100
2003-09-18,33.9660758972168,34.05004433491682,33.6249448597494,33.66693108061261,2832600
2003-09-19,33.86111068725586,33.98182007245087,33.672180699514904,33.97132551914221,3123600
2003-09-22,33.58819580078125,33.729894240044814,33.53046576892666,33.67216821221518,2003000
2003-09-23,33.74565887451172,33.95033672427403,33.630198753306935,33.693174089217216,2337500
2003-09-24,33.4517707824707,33.73516988451794,33.32581406888323,33.65120141147835,2100600
2003-09-25,33.50424575805664,33.708925632329766,33.32580827931519,33.64069700555836,2799300
2003-09-26,33.54621124267578,33.64592748514487,33.35727931370754,33.44124972725317,2398900
2003-09-29,33.66169738769531,33.68793978889191,33.457019471252266,33.57247963007209,2218000
2003-09-30,33.48324966430664,33.609206344809046,33.388782654433214,33.530483169243354,2654400
2003-10-01,33.771907806396484,33.866374843780555,33.462266295418495,33.483259415284756,3015000
2003-10-02,33.83488845825195,33.94509933873796,33.708933738272,33.8506322977459,1632500
2003-10-03,34.1130256652832,34.1130256652832,33.97132716659913,34.00806411100068,4303900
2003-10-06,34.165496826171875,34.43315391949192,34.12875989211034,34.17599538106117,2456900
2003-10-07,34.31246566772461,34.35970118572961,34.039563133125384,34.06055625179117,1872800
2003-10-08,34.28097152709961,34.375438541267236,34.18650451293198,34.375438541267236,1467400
2003-10-09,34.67460250854492,34.67460250854492,34.04482473672779,34.50666150245839,3629500
2003-10-10,34.65357971191406,34.75329597528607,34.601098943201535,34.63258660362386,2241400
2003-10-13,34.88450241088867,35.04194472836268,34.774291587448985,34.79528469725077,2108700
2003-10-14,35.372596740722656,35.650748560733305,34.79005070091513,34.91600541102734,4090100
2003-10-15,35.52477264404297,35.58250268588819,35.3358386896451,35.5300179176466,2775900
2003-10-16,36.02336883544922,36.08109891403393,35.65599924811761,35.68748692588083,4244200
2003-10-17,35.939388275146484,36.08108678146186,35.823928156801514,36.06534294787425,2941800
2003-10-20,36.08108901977539,36.08108901977539,35.84492349325679,35.928891945608726,2470400
2003-10-21,36.196537017822266,36.411709358153736,35.87114986441344,36.08107693099895,3476200
2003-10-22,36.14930725097656,36.212286582134126,35.86066099223046,35.87115554541019,2492300
2003-10-23,36.43796920776367,36.50094855913316,36.012869597095765,36.15456813264251,2563000
2003-10-24,36.68986892700195,36.737100419894965,36.15980392838757,36.21228469961075,3897400
2003-10-27,36.55343246459961,36.842078840576,36.51669550751069,36.689885735513336,2750500
2003-10-28,36.91029357910156,36.989016744370396,36.416965480508274,36.55341870003915,2813100
2003-10-29,37.057247161865234,37.120226504759344,36.74760373100309,36.800088518761754,2794200
2003-10-30,37.58732604980469,37.78150542111483,37.14647849617926,37.23569626159358,4897900
2003-10-31,38.05965042114258,38.36929390957905,37.58731927570764,37.58731927570764,5924400
2003-11-03,37.93894958496094,38.332561589779836,37.912707183028324,38.06490430537504,2915000
2003-11-04,38.04915237426758,38.20659874432383,37.84447449561096,37.99667158559133,3296600
2003-11-05,37.98090744018555,38.201329037178134,37.828710431588185,37.944170507353455,2104400
2003-11-06,38.25908279418945,38.526740044489074,37.6975298990293,37.98093098687104,4279100
2003-11-07,38.385032653808594,38.73141305212847,38.24333412978606,38.26957252103531,3174300
2003-11-10,38.154109954833984,38.53197800016388,38.148864679335084,38.32205086342204,3083900
2003-11-11,37.89168930053711,38.25381338961596,37.87070019754119,38.164595687793145,2405000
2003-11-12,38.22233200073242,38.25381966441701,37.89169551593868,37.89169551593868,2154400
2003-11-13,38.211856842041016,38.24859380684392,37.89696800029772,38.04916514134656,1924100
2003-11-14,38.01765441894531,38.27481301672255,37.81822187027909,38.00715586163318,2013100
2003-11-17,38.00189208984375,38.012386638021304,37.72373651283256,37.9651511611611,2336000
2003-11-18,37.83396530151367,38.164601784894714,37.708010643287096,38.0281485694672,3035500
2003-11-19,37.98616409301758,38.05439270587755,37.68177398866149,37.80772865267182,2894200
2003-11-20,37.88084030151367,38.14415769440119,37.707049857910825,37.707049857910825,2749600
2003-11-21,37.42792510986328,37.812370179380416,37.206739517052455,37.812370179380416,4500600
2003-11-24,38.17575454711914,38.27054896940221,37.82291020447281,37.85977447881042,3427000
2003-11-25,38.3284912109375,38.486483303894566,38.13890230655136,38.20209994731535,2194100
2003-11-26,38.36008071899414,38.481208502920495,38.144162518827684,38.418010874188695,1337900
2003-11-28,38.323219299316406,38.35482012499256,38.13889789081121,38.35482012499256,919300
2003-12-01,38.7024040222168,38.74453578542266,38.32849366405347,38.444354003916544,2249800
2003-12-02,38.36008071899414,38.62866561872297,38.34428231628746,38.62866561872297,2709700
2003-12-03,38.46540451049805,38.58126480405057,38.34954421694553,38.5496639853243,1665800
2003-12-04,38.749786376953125,38.88144506617797,38.391674581545374,38.46540312607895,2027500
2003-12-05,38.56019592285156,38.860377560955286,38.47593243669409,38.75504820325844,1939700
2003-12-08,38.660274505615234,38.723468129622596,38.34955778859075,38.470685597781355,1201300
2003-12-09,38.51280212402344,38.80772034914905,38.40747676941733,38.78665447464688,1384800
2003-12-10,38.35480499267578,38.565459669816214,38.19154550849246,38.48646366365058,1143800
2003-12-11,38.417999267578125,38.523328616976336,38.14415099495048,38.47592940527118,1910600
2003-12-12,38.649723052978516,38.755048393287645,38.349541413402896,38.40747155594418,1493000
2003-12-15,38.602325439453125,38.944634782987954,38.602325439453125,38.78137931035418,2210300
2003-12-16,38.7813835144043,38.860379532208086,38.62339147879672,38.6971240418768,1316900
2003-12-17,38.72871780395508,38.73398527616998,38.25474575221509,38.70765193299952,2846700
2003-12-18,38.72871780395508,38.7708495458662,38.42326870195552,38.72871780395508,2617100
2003-12-19,38.834041595458984,38.83930906746427,38.60758851407829,38.78137892911777,2210400
2003-12-22,39.107906341552734,39.134235674155,38.849852363876415,38.86038731124146,2027700
2003-12-23,39.20270538330078,39.402825209787004,38.99205060821202,39.102643461104854,1852900
2003-12-24,39.207950592041016,39.207950592041016,39.00256338684217,39.181621268599805,623300
2003-12-26,39.31855392456055,39.360681652625786,39.20269363209615,39.20269363209615,446500
2003-12-29,39.39753723144531,39.42913804290099,39.060491373877575,39.355409512677014,1355300
2003-12-30,39.04996871948242,39.41334397600563,38.92884095537175,39.397545575883456,1748300
2003-12-31,39.2606315612793,39.36595692917855,38.965713298931966,39.02891093041466,1933100
2004-01-02,38.786651611328125,39.39228240036603,38.52333422634681,38.54966355410228,2802800
2004-01-05,38.93410110473633,38.97096537072222,38.65498537399979,38.8919693670657,2118300
2004-01-06,38.6971321105957,38.93411619551613,38.42327972749567,38.93411619551613,1895900
2004-01-07,38.570743560791016,38.62867372814701,38.349557840653176,38.6023443907435,2484500
2004-01-08,38.25474548339844,38.6444540485777,38.13362174863517,38.61285725131842,2748300
2004-01-09,37.854515075683594,38.22316191555164,37.6859920687999,38.1441658771581,3285200
2004-01-12,38.033565521240234,38.202088494850834,37.89137187662543,37.917705223525836,2727300
2004-01-13,37.87030792236328,38.1230903598213,37.67018413997925,38.0335634139676,1957200
2004-01-14,38.15995788574219,38.26528725858244,37.93877222963477,37.93877222963477,2421100
2004-01-15,38.09676742553711,38.26002697966171,37.93877936342667,38.18103093965374,1934900
2004-01-16,38.4443359375,38.4443359375,38.12835589775892,38.175751095663195,2076200
2004-01-20,37.97035598754883,38.349533563695104,37.90189493215151,38.33900263898143,2289300
2004-01-21,38.0756950378418,38.17575291080968,37.9703656743172,37.97563314696953,2413400
2004-01-22,38.09151077270508,38.12837506223891,37.83872420311148,38.07571236546289,2260600
2004-01-23,38.0651741027832,38.20210031680997,37.91771695748016,38.091507457832684,1860300
2004-01-26,38.4759407043457,38.51807245647765,38.00723601111664,38.06516616582181,2033400
2004-01-27,38.333740234375,38.61812345407262,38.18101568946866,38.47592983527186,2184800
2004-01-28,38.14942932128906,38.449611021150844,37.97563885876251,38.37588246454655,2091800
2004-01-29,38.186309814453125,38.24950345100184,37.775535105259685,38.14944552049748,2910200
2004-01-30,37.53325653076172,37.99669767809812,37.53325653076172,37.94403500714742,2303000
2004-02-02,37.438472747802734,37.8176505149749,37.22255453021633,37.60173229738849,2544900
2004-02-03,37.391075134277344,37.654392564800425,37.27521482198237,37.43847034317704,1897200
2004-02-04,37.438472747802734,37.617530701369766,37.17515530036711,37.443740221764955,2128400
2004-02-05,37.285743713378906,37.49113095439605,37.212015166239645,37.45953013569031,1915100
2004-02-06,37.57539367675781,37.780780935526295,37.24361518595599,37.280479462711746,1853800
2004-02-09,37.41213607788086,37.57012410462008,37.31207418174614,37.57012410462008,1202200
2004-02-10,37.422664642333984,37.443730514816345,37.20674648072241,37.41213371504498,1665700
2004-02-11,37.80710983276367,37.90190425010488,37.0698203665437,37.39106789098309,2328900
2004-02-12,37.44900131225586,37.75445046351231,37.422667964838865,37.67545443916603,1475800
2004-02-13,37.296295166015625,37.63860876206203,37.23309751172951,37.501682520062126,1695900
2004-02-17,37.517459869384766,37.64385510700722,37.30680515791843,37.50692894186844,1196100
2004-02-18,37.49113464355469,37.62805680576972,37.39107274063189,37.47006876831279,1041300
2004-02-19,37.2320556640625,37.73962084838392,37.184473318861826,37.59686977901239,2197000
2004-02-20,37.09462356567383,37.337831832327375,37.02588807625091,37.32725527990561,2380100
2004-02-23,36.819671630859375,37.105177899732716,36.639910665515536,37.105177899732716,2626500
2004-02-24,36.98356246948242,37.126317584753906,36.75093092800682,36.81966233261577,1934100
2004-02-25,36.93070602416992,36.994153214619836,36.78795488787187,36.94128257279728,1993400
2004-02-26,37.44882583618164,37.52813376887377,37.20561780068973,37.27434919101276,2165500
2004-02-27,37.343101501464844,37.686766713144124,37.221499432480215,37.221499432480215,2077300
2004-03-01,36.93070602416992,37.253222183190374,36.798527402727814,37.221500604851116,2760300
2004-03-02,36.72977828979492,37.020568696716424,36.63460956682056,37.00999618695014,2244000
2004-03-03,36.45484924316406,36.67162404161057,36.349107997044285,36.666335769173585,2957800
2004-03-04,36.676902770996094,36.69805182147122,36.349098539285,36.45483975789171,1623300
2004-03-05,36.819671630859375,36.851393205032785,36.386125970815606,36.42842409222741,2559900
2004-03-08,36.52886962890625,36.79322678309004,36.486575549902085,36.74564443154658,1646600
2004-03-09,36.42842102050781,36.62933102961641,36.322675725894975,36.55531134027269,1926200
2004-03-10,36.243370056152344,36.68748817088089,36.169350370364256,36.40198193979668,2181200
2004-03-11,36.02131271362305,36.46014665923576,35.899710653466414,36.09004817123166,2405600
2004-03-12,36.45484924316406,36.5288689222019,35.95257227344017,36.05831351955994,1789600
2004-03-15,35.9420051574707,36.349113453288474,35.91027955185656,36.349113453288474,1966500
2004-03-16,35.989585876464844,36.23808226797907,35.69350712935192,36.074182109223045,2353000
2004-03-17,36.72977828979492,36.85666857583759,36.201064058552774,36.481281955708,3175700
2004-03-18,36.872535705566406,36.93069460371758,36.51829807775119,36.63990414673187,2004400
2004-03-19,36.438995361328125,36.8725410065666,36.43371112166026,36.8725410065666,2293500
2004-03-22,36.13233947753906,36.40198494590342,36.02659821304397,36.19049838314256,1839000
2004-03-23,36.121761322021484,36.44956564478308,36.07417897056273,36.26980068269767,1699800
2004-03-24,36.14290237426758,36.3015182448769,35.92084338242984,36.14290237426757,1677900
2004-03-25,36.761505126953125,36.80909151215215,36.31209877267588,36.53415781355122,2416900
2004-03-26,36.518287658691406,36.83551535479015,36.4812778280427,36.66632698128622,1977900
2004-03-29,36.89896011352539,36.978268040846864,36.58701667506596,36.63989131579277,2293800
2004-03-30,36.92540740966797,36.9782820704555,36.676915059309884,36.89897411304449,1805400
2004-03-31,36.92540740966797,36.96770552478988,36.61346788662702,36.85138772508977,2273600
2004-04-01,37.03115463256836,37.08931353545756,36.846105411452946,36.92540933923778,2038700
2004-04-02,37.25849914550781,37.48584646671451,37.03644009700922,37.48584646671451,2116600
2004-04-05,37.16862869262695,37.25850918403038,37.01001273880926,37.25850918403038,1621300
2004-04-06,37.374820709228516,37.39596976842227,37.1368968186268,37.179194937014294,2201500
2004-04-07,37.17919158935547,37.432976243058775,37.06816206391346,37.38010158295001,1900600
2004-04-08,37.25849914550781,37.40653851117354,37.01000276723883,37.390677726819376,1967800
2004-04-12,37.23734664916992,37.40124678405184,37.17918775606283,37.27435648716809,1304600
2004-04-13,37.084014892578125,37.36423278244874,37.025856005951844,37.337799491835476,1856000
2004-04-14,37.45410919189453,37.538705393779736,37.036428554835325,37.084010893069056,2558400
2004-04-15,37.713199615478516,37.750209462613824,37.432981625201094,37.507001319471705,2789900
2004-04-16,37.86652374267578,37.91939437168059,37.649748919854524,37.85594719661257,1687000
2004-04-19,37.58101272583008,37.81364427061835,37.512277286472475,37.74491286503066,1797300
2004-04-20,37.2320556640625,37.67617772144969,37.195045828761025,37.64445212421306,1673200
2004-04-21,37.64447021484375,37.72377819539373,37.04173601669825,37.23207355650962,3141400
2004-04-22,38.03572082519531,38.0674424030577,37.36425117945165,37.69734388209206,3045200
2004-04-23,37.96169662475586,38.17846743742636,37.744921778314485,38.12030852905287,1908000
2004-04-26,37.824214935302734,38.06213471546378,37.660314821581544,38.02512488224385,2248200
2004-04-27,37.83480453491211,38.0410028465317,37.76078483503693,37.93526157064461,2194900
2004-04-28,37.46469497680664,37.84008163930258,37.46469497680664,37.84008163930258,2335400
2004-04-29,37.19506072998047,37.744924241726025,37.115752755770515,37.52815341490803,2093900
2004-04-30,37.08932113647461,37.46470792874567,37.02058567328059,37.27437039551368,2100600
2004-05-03,37.38010787963867,37.38539615329441,37.062880034400095,37.115750669644704,1855400
2004-05-04,37.13688659667969,37.39595947516521,36.925400096724566,37.33780058683332,2109200
2004-05-05,37.247920989990234,37.35366627073059,37.06816006338665,37.35366627073059,1764200
2004-05-06,37.19506072998047,37.29551776623114,36.851395530918104,37.08931945354795,1820300
2004-05-07,36.84609603881836,37.242631711956676,36.66633110276887,37.02585694109839,2318900
2004-05-10,36.62934112548828,36.84611601386475,36.423142786373504,36.84611601386475,2487500
2004-05-11,36.93070602416992,36.93070602416992,36.45486218022406,36.67163705559939,1689900
2004-05-12,36.90953063964844,36.92539141750738,36.26978705213713,36.671610904227265,2114600
2004-05-13,36.77151870727539,36.9201582538948,36.56449011557242,36.77151870727539,1829100
2004-05-14,36.824607849121094,36.97855292000703,36.57511080492711,36.65473812435276,1419200
2004-05-17,36.81930923461914,36.920170805898096,36.38932725182344,36.548577888036895,1741400
2004-05-18,36.8670768737793,37.05287532578238,36.771524888468704,36.925469978692114,1646300
2004-05-19,36.7025260925293,37.09534922158885,36.633517882699245,36.99979721181595,2358100
2004-05-20,36.60696029663086,36.71843692438143,36.42116591704657,36.70251227041902,2280400
2004-05-21,36.691898345947266,36.89361738587946,36.52733413309436,36.76090653197342,1518700
2004-05-24,36.89363098144531,36.97856790325169,36.75030498841623,36.88301589122718,1826600
2004-05-25,37.55717849731445,37.62618669591204,36.7768378861877,36.89893367602991,2431700
2004-05-26,37.67396545410156,37.67927502333268,37.27052324284459,37.44570257733949,1665700
2004-05-27,37.960628509521484,38.14642296705344,37.66335332745492,37.68989712853753,2156800
2004-05-28,38.072086334228516,38.15701916561413,37.78543043452694,37.99776858801108,1320000
2004-06-01,37.97124099731445,38.06148343478522,37.748287663557804,38.01901902598525,1968000
2004-06-02,38.20481491088867,38.22073957104083,38.06679443954452,38.10395332990464,1724200
2004-06-03,38.093345642089844,38.18889767158568,37.9765593782598,38.18358810049811,1799800
2004-06-04,38.082706451416016,38.21541730862754,37.91814628447819,38.10394067457154,1678600
2004-06-07,38.618873596191406,38.6188735961914,38.17296689661392,38.215431308467416,1947900
2004-06-08,38.83119583129883,38.83119583129883,38.45429750027901,38.496761894608994,1793500
2004-06-09,38.61356735229492,38.884298757512056,38.60295226092098,38.79405630577827,1463400
2004-06-10,38.852439880371094,38.974531626222685,38.64541122434901,38.64541122434901,1662100
2004-06-14,38.682559967041016,38.86304477880597,38.544539549211876,38.555154635192395,1530600
2004-06-15,38.825889587402344,39.01699355329717,38.661329413998395,38.778115620935694,2211600
2004-06-16,38.825889587402344,38.905516914860875,38.57108699955198,38.873667603883106,1564200
2004-06-17,38.69316864013672,38.82587946797366,38.459596287139526,38.82587946797366,1585500
2004-06-18,38.974517822265625,39.01167669480063,38.491452479310645,38.491452479310645,1941900
2004-06-21,39.0912971496582,39.15499979854867,38.767482438653765,38.974510985032,1594700
2004-06-22,39.34081268310547,39.34081268310547,38.92675539506541,39.0700813601506,2016600
2004-06-23,39.590328216552734,39.675261111336994,39.3620652399214,39.49477617866016,2496900
2004-06-24,39.47883987426758,39.600931633901105,39.431061844399714,39.457605644328,1733900
2004-06-25,39.69116973876953,39.781416218660304,39.4151328797328,39.54253419544092,2738800
2004-06-28,39.77079772949219,39.945977072711635,39.69117038711836,39.73894841254861,2986700
2004-06-29,39.80795669555664,39.9512867221192,39.760182720045705,39.82919092356646,1912700
2004-06-30,39.90352249145508,39.940681390814575,39.415147228439935,39.813280028727206,2301400
2004-07-01,39.69647216796875,39.967203458914994,39.32488337648495,39.85572682146985,2100200
2004-07-02,39.425743103027344,39.54783888427368,39.17625007180972,39.51068000302728,1696100
2004-07-06,39.155029296875,39.356748428645524,38.979849917960344,39.356748428645524,1883100
2004-07-07,39.0912971496582,39.351409211772165,39.027594500767734,39.054138283641926,1899700
2004-07-08,38.592308044433594,39.19746910994368,38.58700252720174,39.1072267168443,2538000
2004-07-09,38.7834358215332,38.809979624072675,38.502089334683596,38.809979624072675,1950600
2004-07-12,38.73562240600586,38.7940154721389,38.4861254961668,38.71969776069895,1623000
2004-07-13,38.87897872924805,38.9957649530275,38.650715850955834,38.735652759164424,1918800
2004-07-14,38.86836242675781,39.20279237985085,38.60825024101879,38.687873527459104,1711400
2004-07-15,39.30896759033203,39.6805564656566,38.889600688171456,38.97984312217671,2486700
2004-07-16,39.17094039916992,39.72832361638762,39.02761039330373,39.72832361638762,2069100
2004-07-19,39.01170349121094,39.26120068532661,38.99577882775949,39.25589111417075,1409900
2004-07-20,39.33549118041992,39.39388427255792,39.117847514280115,39.117847514280115,1660500
2004-07-21,38.7834358215332,39.54785197449489,38.75689606900937,39.52130817195541,2038200
2004-07-22,38.55516052246094,38.71972475539048,38.00839238566521,38.22073058782265,3682300
2004-07-23,37.907535552978516,38.71441587551827,37.817289081695954,38.353442140431284,3010700
2004-07-26,37.84914779663086,38.08271621117207,37.74297665364396,37.9287710913523,2190200
2004-07-27,37.6951904296875,37.99777100136586,37.6951904296875,37.88098480703147,1864900
2004-07-28,37.742958068847656,37.93937154914734,37.4297624637889,37.689874548500256,2104900
2004-07-29,38.28973388671875,38.50207206172761,37.97122864921238,38.14109837921669,2342800
2004-07-30,38.199485778808594,38.1994857788086,37.95529833148872,38.1623269074776,1641700
2004-08-02,38.50738525390625,38.53392499702145,37.97654179143169,38.1994950736676,1445400
2004-08-03,38.57109832763672,38.581713417742186,38.28974781465052,38.41184362594757,1748800
2004-08-04,38.650726318359375,38.687885213260344,38.247288045153375,38.39592362475725,1567100
2004-08-05,37.7588996887207,38.613558115438444,37.7588996887207,38.54454991297598,2046000
2004-08-06,37.29706954956055,37.546566670026806,37.24929152329374,37.477554415420855,2687000
2004-08-09,37.429779052734375,37.557180368035226,37.29706816804167,37.30237368741873,1951700
2004-08-10,37.769508361816406,37.811976805416954,37.38199090148538,37.5306264040736,1179300
2004-08-11,37.37668991088867,37.663341814879544,37.31829680636834,37.5518651744355,2854600
2004-08-12,37.005096435546875,37.38730436777686,36.893619796982144,37.37137971226963,2422500
2004-08-13,36.76091003417969,37.281138413059544,36.707826497562785,36.973248230661554,2485600
2004-08-16,37.49348068237305,37.49348068237305,36.75560842850187,36.75560842850187,1821500
2004-08-17,37.42447280883789,37.63681105321731,37.291761912352655,37.520024816307874,1431400
2004-08-18,37.82259750366211,37.87037147229145,37.33422247982878,37.41384981089198,1600000
2004-08-19,37.70535659790039,37.838591073511346,37.34295866159885,37.77463706146042,1754400
2004-08-20,38.0037956237793,38.13170363139488,37.57211727955746,37.705351737995606,1776800
2004-08-23,38.1263542175293,38.478090899153926,38.05707379723728,38.25425809575726,2042100
2004-08-24,38.46744918823242,38.478106154813744,38.15834429947034,38.334214743006626,2258000
2004-08-25,38.74457550048828,38.80319898235582,38.29690971094627,38.46744964019931,2368100
2004-08-26,38.78721618652344,38.98973517235469,38.65931224062532,38.691287210601566,1751700
2004-08-27,38.78187561035156,38.968407062812474,38.69660769053384,38.792536641573825,1460900
2004-08-30,38.691287994384766,38.856501496592806,38.510091072857946,38.53140907527167,981200
2004-08-31,38.93112564086914,38.952439584499295,38.659326100646915,38.78723009240078,1311500
2004-09-01,38.83518600463867,39.11231192194514,38.54206853499324,38.861830459883315,1496100
2004-09-02,39.059017181396484,39.154946161130304,38.74991223936602,38.85117173630542,1547900
2004-09-03,38.925785064697266,39.13363052234417,38.82985607916842,39.11231251822737,1130100
2004-09-07,39.26153564453125,39.432075616525935,39.08566515485102,39.160280204467746,2192100
2004-09-08,39.28816604614258,39.40008246995813,39.21888154616738,39.38409499026902,2062500
2004-09-09,39.02170181274414,39.394756602811725,38.979065817881484,39.38409963709219,1660700
2004-09-10,39.31483459472656,39.378788618685824,38.80321460103528,38.9897461544179,2125200
2004-09-13,39.19758605957031,39.32549002325335,39.075008547628535,39.21889999852274,1515600
2004-09-14,39.43739318847656,39.49068614985712,39.0963133564502,39.160267349702266,1530100
2004-09-15,39.357452392578125,39.46936883320627,39.22954846985916,39.437393869024625,1758900
2004-09-16,39.44805145263672,39.57062892723926,39.314817011804266,39.35745300870884,1241700
2004-09-17,39.991668701171875,40.01298670946073,39.645258181968025,39.677233161404146,3817600
2004-09-20,40.002323150634766,40.130231192304784,39.869088656724045,39.9916661801593,2045000
2004-09-21,39.98632049560547,40.114224422769034,39.85841656844191,40.00230797825185,1749700
2004-09-22,39.1122932434082,39.67720584313311,39.03768229876497,39.67720584313311,3242400
2004-09-23,38.813873291015625,39.12830474131507,38.70195680535002,39.11231725279056,2390900
2004-09-24,39.2242317199707,39.30417322447348,38.840515751152424,38.851176786949495,1677100
2004-09-27,39.50136184692383,39.62393529700625,39.11764587693849,39.22423183927049,2030900
2004-09-28,39.719844818115234,39.74649332863157,39.426731532394754,39.67720882768584,1575300
2004-09-29,40.268795013427734,40.49263206933398,40.00765652519722,40.09825501168616,4564700
2004-09-30,40.46063232421875,40.50326831934042,40.0556025685398,40.27410492805183,2822700
2004-10-01,40.908294677734375,40.977575107673395,40.407331991430766,40.492603966117144,3240000
2004-10-04,41.180110931396484,41.355981419306175,40.98292650494649,41.00957096111868,3627500
2004-10-05,41.02022171020508,41.18010060512808,40.860338749289475,41.18010060512808,1806300
2004-10-06,41.13214111328125,41.35064350518111,40.86034168658315,41.14279808064517,2225000
2004-10-07,40.7324333190918,41.02555071463765,40.65249184157997,41.02555071463765,1745500
2004-10-08,40.51926040649414,40.849683307254985,40.37536898909396,40.73243634034008,1522800
2004-10-11,40.663169860839844,40.76975583138699,40.49795632069938,40.74843782407873,1131200
2004-10-12,40.871002197265625,40.98824916673375,40.375369868327596,40.50327380502336,2914100
2004-10-13,40.716453552246094,41.21741237866265,40.55657056692585,40.94561699600874,3465400
2004-10-14,40.6098518371582,40.94027468080253,40.583207391278656,40.583207391278656,1958200
2004-10-15,41.43058395385742,41.46256298713411,40.74842421184887,40.823035179506505,3104700
2004-10-18,41.80897903442383,41.87826356764651,41.249396646819775,41.249396646819775,2609300
2004-10-19,41.41459274291992,41.888907022909436,41.222734824498055,41.81429606196676,2099900
2004-10-20,41.46256637573242,41.659750778088785,41.062862988046035,41.32933191317029,2441000
2004-10-21,41.595794677734375,41.835615048430284,40.90297394862451,40.98291542752065,3596800
2004-10-22,40.7644157409668,41.71837499753817,40.60453682268804,41.59580156679044,2379200
2004-10-25,41.14281463623047,41.21742563577951,40.58323213961268,40.71113612941182,2043800
2004-10-26,41.78765106201172,41.78765106201172,40.9615959204889,41.30267575629374,2478400
2004-10-27,42.07543182373047,42.13938581458094,41.414590182244275,41.611778604539104,2741900
2004-10-28,42.064781188964844,42.1393921565232,41.69705280171813,42.022145188647855,1726600
2004-10-29,42.198001861572266,42.261955841164905,41.97949548079101,42.09141596157599,2563400
2004-11-01,41.94219207763672,42.23530941606919,41.84093668744413,42.18734697850296,1944900
2004-11-02,42.10741424560547,42.448494092311414,41.62243892438742,41.70238040289498,3675200
2004-11-03,42.52842712402344,42.635013030202266,42.315251245674084,42.61369503576816,2814500
2004-11-04,43.46107864379883,43.557007609174676,42.50711950644808,42.58173047218566,3550100
2004-11-05,43.57301330566406,43.67426876377914,43.23725975350928,43.67426876377914,2373800
2004-11-08,43.86079025268555,43.88210419034706,43.55168529867887,43.6689322857844,2588000
2004-11-09,43.82882308959961,44.18056414622023,43.519722117835656,44.18056414622023,1771600
2004-11-10,44.05796813964844,44.2125205937402,43.65826477885716,44.121922141132465,2773200
2004-11-11,44.69749450683594,44.793423472954295,44.164556709732345,44.22318019269316,2386700
2004-11-12,45.05989456176758,45.107857014161745,44.516295705342856,44.71348416361346,2755200
2004-11-15,44.628204345703125,45.065213121408654,44.4949699132808,45.05988667162614,2088600
2004-11-16,44.10062026977539,44.62822776050638,43.98337325716977,44.62822776050638,2279100
2004-11-17,44.420372009277344,44.713489473135546,44.17522106950202,44.17522106950202,1739800
2004-11-18,44.53761672973633,44.64953319224671,44.23384231263866,44.55360421495307,1515500
2004-11-19,44.27647399902344,44.64419832112472,43.8607831599568,44.55359986973692,2244000
2004-11-22,44.71349334716797,44.782773814630914,44.23384839474905,44.2764844051849,1648200
2004-11-23,44.660179138183594,44.798740007245435,44.31909934881444,44.71347209289905,2377200
2004-11-24,44.65485763549805,44.804579888016,44.56929973141613,44.75645254706357,1930700
2004-11-26,44.7243537902832,44.85268651919842,44.515811575937015,44.75643595260603,540400
2004-11-29,44.922218322753906,45.28583124254779,44.494436977246295,44.99707944627395,2961600
2004-11-30,44.99708938598633,45.12007379623957,44.86340819593861,44.9222282459297,2592200
2004-12-01,45.63874435424805,45.63874435424804,44.916866951312656,45.114716524406056,3448000
2004-12-02,45.76707077026367,45.95957192829917,45.41415470028154,45.451585254364865,2850900
2004-12-03,45.788448333740234,46.00233890700418,45.52108613706614,45.76705886845151,2555800
2004-12-06,45.927486419677734,46.034429686526536,45.7189441935857,45.788456909075,2435700
2004-12-07,45.927486419677734,46.37130872838608,45.84727692972908,45.986306440331816,2332700
2004-12-08,46.537078857421875,46.56916102626816,46.13068704032834,46.20020384566161,2949400
2004-12-09,46.804443359375,46.8953455618263,46.34992826749354,46.53173267239615,2775900
2004-12-10,46.3124885559082,47.64929978525638,46.301791781483914,47.64929978525638,2468100
2004-12-13,46.708194732666016,46.75097368136834,46.41409863949402,46.65472308660066,2000700
2004-12-14,46.3927116394043,46.686807748261316,46.17347257533105,46.68146343910731,2147400
2004-12-15,46.119998931884766,46.38201285598536,45.85263661923616,46.20555683015238,2790700
2004-12-16,45.932838439941406,46.13068390722257,45.724296197354825,45.87936680228769,3009500
2004-12-17,45.932838439941406,46.2002007078344,45.53179503810191,45.53179503810191,3944500
2004-12-20,45.761722564697266,46.37130815334919,45.665471993877276,46.10394590991856,2632500
2004-12-21,46.242984771728516,46.32853858552559,45.86332671919963,45.98631517108749,1917800
2004-12-22,46.360618591308594,46.49429973382059,46.17881419571215,46.296454253862656,1878200
2004-12-23,46.34993362426758,46.56916861314207,46.25368302242318,46.467573702035764,1743800
2004-12-27,45.6013069152832,46.45152103285529,45.6013069152832,46.35527045500985,2008600
2004-12-28,45.91679382324219,45.97561384402231,45.63873480144084,45.65477588354012,1512600
2004-12-29,45.836578369140625,46.002341635430604,45.82053728912851,45.975607861951616,1019100
2004-12-30,45.72963333129883,46.01304071768887,45.72963333129882,45.90074499272129,870200
2004-12-31,45.69754409790039,45.87935250481503,45.601293548268686,45.809835725866854,1196800
2005-01-03,45.45159149169922,45.90075820233837,45.31791034025305,45.63339589944603,2176500
2005-01-04,44.87409210205078,45.72430642554183,44.62811925012186,45.60131795976469,3127400
2005-01-05,44.78317642211914,45.11470707743116,44.735053175825406,44.84199644289425,2130700
2005-01-06,44.73505401611328,45.17352794673028,44.69761938434948,44.84199728519091,1773600
2005-01-07,44.649505615234375,45.387424119611545,44.56929610658739,44.943605787064996,2396900
2005-01-10,44.71369552612305,45.01848854175584,44.54258372927003,44.62278919683626,2170200
2005-01-11,44.542564392089844,44.75645098558165,44.48908866409162,44.7029793372087,1897000
2005-01-12,41.27003860473633,42.44643091654315,40.90642576805751,42.44643091654315,22627900
2005-01-13,40.692527770996094,41.430450085633915,40.53211289188357,41.1363500211589,9028300
2005-01-14,40.61231231689453,40.98662180567057,40.553492312652914,40.71925963352611,5439000
2005-01-18,40.26476287841797,40.644416844175915,40.050872228513896,40.60698628641457,6923300
2005-01-19,40.409141540527344,40.740672291398376,40.18455816717534,40.302198242633615,4839700
2005-01-20,40.221981048583984,40.6390655421982,40.16316102208716,40.409133823971835,4441100
2005-01-21,40.0989875793457,40.69253207801888,39.97065484654783,40.23801708632407,5409300
2005-01-24,40.318241119384766,40.655116194369185,40.008099830248035,40.41983603300677,5181300
2005-01-25,40.68717575073242,40.85294308118815,40.334259784504646,40.521412499899924,4594400
2005-01-26,40.3716926574707,40.75134649621793,40.10433045444109,40.69252648518154,4253900
2005-01-27,39.5749626159668,40.31822936767285,38.50016519530312,40.31822936767285,15411900
2005-01-28,39.62308120727539,39.62308120727539,39.22738625379181,39.54287172328747,7152900
2005-01-31,39.933223724365234,40.06690484233919,39.64982040700028,39.676554182820695,4107700
2005-02-01,40.22732925415039,40.291493588493026,39.84767123770873,40.02413131640001,3326100
2005-02-02,40.21128463745117,40.36101093874278,40.10968974681972,40.29684252390352,2229900
2005-02-03,40.008087158203125,40.371699983491055,39.89044711478288,40.23267047039221,2292400
2005-02-04,39.62308120727539,40.1043340315791,39.569609577824714,40.040165628464,3524200
2005-02-07,39.64447784423828,39.927881203238606,39.38781234461045,39.59635459291727,2192200
2005-02-08,39.61240005493164,39.61774436369718,38.96003537853475,39.56962110705725,5812100
2005-02-09,39.462677001953125,39.91719209476239,39.462677001953125,39.612399236796186,2807500
2005-02-10,39.84232711791992,40.10434100351468,39.676559734294045,39.756769232225984,2584900
2005-02-11,40.21128463745117,40.39844149415954,39.83697908328357,39.986701304950614,3065900
2005-02-14,40.104331970214844,40.37704256990691,40.09363927672384,40.275443623436146,1861600
2005-02-15,41.18447494506836,41.19517171855408,39.98669333096428,40.18454284421255,5191000
2005-02-16,42.17372512817383,42.23788946078136,41.22726042596871,41.31816261691231,6306600
2005-02-17,41.70656204223633,42.22742488562538,41.5454731019744,42.17909943257664,4064500
2005-02-18,41.464927673339844,41.77637203483824,41.464927673339844,41.722671623240004,1969200
2005-02-22,40.93331527709961,41.42195692563285,40.793701621762246,41.35751890853137,3311800
2005-02-23,41.15884780883789,41.44344192053644,40.99775479248201,40.99775479248201,2079500
2005-02-24,41.56159210205078,41.59380907890134,40.9709243114434,41.10516717734358,2313300
2005-02-25,41.44881057739258,41.58842014759807,41.22865040652449,41.34678473267172,2079300
2005-02-28,41.60990905761719,41.87302797064303,41.13737574112326,41.368273587120974,2508300
2005-03-01,41.572322845458984,41.86228787940484,41.48103869498524,41.67434871761581,2085300
2005-03-02,41.2984619140625,41.51324714242357,41.07830172919708,41.507880379450484,2334400
2005-03-03,41.481040954589844,41.69583033552035,41.10516261053649,41.50789116349367,2171600
2005-03-04,41.8354377746582,42.01800605817572,41.4971432189688,41.69045322314387,1935200
2005-03-07,42.08781051635742,42.27575375545586,41.70119460788766,41.910613094596044,1726800
2005-03-08,42.1790885925293,42.31333138996349,41.91596975988743,42.087800376732595,1846400
2005-03-09,41.40587615966797,42.050240374913805,41.346808961980855,42.04487360913699,2357600
2005-03-10,41.325340270996094,41.64215569458432,41.180359719027805,41.6153054717015,2293300
2005-03-11,40.84203338623047,41.45418030480532,40.70242380604017,41.303829005052286,2442600
2005-03-14,41.099796295166016,41.105167156894154,40.61652115881235,40.94407407918721,2910400
2005-03-15,40.47690963745117,41.5078980167889,40.47690963745117,41.239412270488245,5342600
2005-03-16,39.95602035522461,40.47687886579204,39.77344805621771,40.47687886579204,3516500
2005-03-17,40.02045822143555,40.57890869603395,39.75734351116094,39.95602430686647,2636700
2005-03-18,39.46739196777344,39.91307914600752,38.94115827229273,39.90770828572013,7292800
2005-03-21,39.45665740966797,39.61774635991146,39.0217078214479,39.504982865711106,2869900
2005-03-22,39.19890594482422,39.85938246400583,39.17742660063979,39.531829634533835,2467500
2005-03-23,38.80155563354492,39.290197491361674,38.69952975362819,39.19891333394501,3327600
2005-03-24,38.76933288574219,39.18817401302434,38.76933288574219,38.823033302386015,1921100
2005-03-28,38.887451171875,39.27944192879045,38.72099142003833,38.903559651502434,2610400
2005-03-29,38.586761474609375,39.037815441411894,38.441776916161224,38.89283497973002,2592800
2005-03-30,39.3922233581543,39.467399028562596,38.56528688689621,38.597503860852115,2352400
2005-03-31,39.05928421020508,39.49423367100419,38.98410856942798,39.46738347211301,2149500
2005-04-01,38.60822296142578,39.33313312805063,38.527676476964274,39.19889035286957,2429400
2005-04-04,38.8498649597168,38.930411457948324,38.42565722601148,38.58675022247454,2065600
2005-04-05,39.19890594482422,39.19890594482422,38.74248114701166,38.91431180372107,1739600
2005-04-06,39.22037887573242,39.719762280255175,39.16668257243472,39.45127666700134,2007700
2005-04-07,39.155921936035156,39.327752481629275,39.0270500510304,39.2418392572139,2348500
2005-04-08,38.500831604003906,39.188158149200945,38.40417662864533,39.188158149200945,3540100
2005-04-11,38.66193389892578,38.70489258648175,38.26457628094795,38.61360844799977,2179100
2005-04-12,39.01095199584961,39.19889106516532,37.96922673055046,38.473980885367894,2862400
2005-04-13,38.14105987548828,38.95188745369272,37.79739866951383,38.79616532961606,2726800
2005-04-14,37.54505157470703,38.27533324510846,37.217498585919564,38.22163690691353,4016400
2005-04-15,36.916778564453125,38.02293818211014,36.87381987526336,37.507446202131156,4670200
2005-04-18,36.981224060058594,37.55578332941266,36.29926804606032,36.94363622362485,3454900
2005-04-19,36.60533142089844,36.85770857968062,36.49256794295091,36.51404728590745,4291300
2005-04-20,36.11669158935547,36.68050900885124,36.030774212994594,36.648292041098905,4665000
2005-04-21,37.88869094848633,37.990716799265606,37.40004923022025,37.931649632684504,8920800
2005-04-22,36.46035385131836,37.88332868443752,35.789139693881594,37.66853933470454,7900500
2005-04-25,37.051021575927734,37.319507239521414,36.56237570173951,36.78253591233406,3958400
2005-04-26,36.777156829833984,37.10470959392979,36.63754726564886,37.04564243340332,6063500
2005-04-27,37.53966522216797,37.6148408757713,36.62144070201927,36.76105438589654,3453900
2005-04-28,37.4644889831543,37.9370263892533,37.33024614674276,37.491339189143105,3501400
2005-04-29,38.291412353515625,38.36122122669156,37.416150831953516,37.65241945482924,5046200
2005-05-02,38.651180267333984,38.71561417521553,38.259189575076235,38.2860397678697,3367300
2005-05-03,38.4739875793457,38.72636470066479,38.216239598893296,38.60823038032265,3087300
2005-05-04,38.4525146484375,38.608236815136706,38.146441175067565,38.47936485181406,2417500
2005-05-05,38.4739875793457,38.63507648245894,38.32900306010211,38.39344107940651,2251500
2005-05-06,38.4041748046875,38.76931535017078,38.24308591791722,38.554530167810405,2303900
2005-05-09,38.699520111083984,38.76395813972838,38.189399032137906,38.25920382392835,2271700
2005-05-10,38.4632568359375,38.62972074244696,38.26458005573217,38.58676205065314,2419600
2005-05-11,39.65533447265625,39.725143372013434,39.20964725663112,39.40295727570789,5247100
2005-05-12,39.12673568725586,39.72544949957705,38.927163044763994,39.66072223616376,3693400
2005-05-13,38.9163818359375,39.57442802223125,38.727599105891315,39.23461499299324,2513900
2005-05-16,39.47193145751953,39.57441524151343,38.85164201756001,38.9163692677383,2544700
2005-05-17,39.87107849121094,39.887259277379954,39.14830927463352,39.47733231058418,3136800
2005-05-18,40.3996696472168,40.658570427318296,39.914225540584354,39.914225540584354,2698200
2005-05-19,40.53993225097656,40.65320191891805,40.18393833874104,40.64241197997736,2125100
2005-05-20,40.44821548461914,40.65857392975508,40.302584297661205,40.53991346249316,1940800
2005-05-23,40.620819091796875,40.928266379493564,40.44821717791723,40.50754947160907,1948300
2005-05-24,40.67476272583008,40.68554854564894,40.22168010550332,40.421252750965095,1699200
2005-05-25,40.3996696472168,40.572271539002365,40.12997893410474,40.572271539002365,1565600
2005-05-26,40.42664337158203,40.77724218342504,40.32416368084965,40.64239680311268,1952100
2005-05-27,40.28641128540039,40.49137480311521,40.15156589120923,40.48058898224805,1200900
2005-05-31,39.72544479370117,40.205493957141904,39.64453675280752,40.205493957141904,2600800
2005-06-01,39.72544479370117,40.129980883015534,39.54205295999863,39.730839760468456,2416000
2005-06-02,39.72005844116211,39.8117523203224,39.45576262440106,39.77939074300813,2131700
2005-06-03,39.27777099609375,39.64455067716901,39.121349826133894,39.50970526670245,2294000
2005-06-06,39.29933166503906,39.40181545449062,38.997279378428715,39.36405891866432,1758000
2005-06-07,39.385650634765625,39.84412838017187,39.385650634765625,39.41262136631512,2200800
2005-06-08,39.0296516418457,39.45576358587131,38.889411278141786,39.45576358587131,2144400
2005-06-09,38.403961181640625,38.56577727781906,38.02639577742998,38.29608652762452,6074900
2005-06-10,38.274505615234375,38.4201409051974,37.86996954446507,38.26911064871441,2554100
2005-06-13,37.848392486572266,38.19359625916265,37.77827438484888,38.18820540798256,2872100
2005-06-14,37.77827453613281,38.01560367392169,37.648824149681424,37.848392638136986,2791000
2005-06-15,37.675811767578125,37.99404911760177,37.557147132489845,37.86998951314878,2593400
2005-06-16,38.020999908447266,38.074937234176105,37.70276680603923,37.9239110760737,2460100
2005-06-17,38.28530502319336,38.3985746572225,38.02100509530396,38.37699890095675,3466300
2005-06-20,38.1342658996582,38.231354722796596,38.026391258461665,38.20438812007435,2306200
2005-06-21,38.05875015258789,38.274503534969135,37.93469473544727,38.1342632191483,1848400
2005-06-22,37.88077163696289,38.40396833303781,37.78368278420728,38.32306438503733,2903000
2005-06-23,37.16878128051758,37.62725473421662,36.51612604171926,36.94763288940911,8818600
2005-06-24,37.00156784057617,37.37913733684825,36.996172873659056,37.24429196999837,3297100
2005-06-27,36.893699645996094,37.09866315800131,36.88830467813538,37.00157431228205,2110800
2005-06-28,37.65963363647461,37.67581443055653,36.953044860522866,37.08249532833442,2945100
2005-06-29,37.42229080200195,38.042580413242405,37.406110013777756,38.021004657225255,3182300
2005-06-30,37.30363082885742,37.810646699181,37.21732780360377,37.702772032768685,3061100
2005-07-01,37.33060073852539,37.751317735948405,37.228116915764105,37.46005117269668,1607400
2005-07-05,37.17417907714844,37.476235573020325,36.9530347598822,37.24430131921131,2077600
2005-07-06,36.52151870727539,37.168778938017674,36.51612374035185,37.0824759278571,3266000
2005-07-07,37.05549621582031,37.211917297410814,35.65310556227316,36.27339492302085,4042600
2005-07-08,37.729740142822266,37.89155626403312,36.81279309637382,37.109454613542084,3207200
2005-07-11,37.643428802490234,37.918514471675806,37.605672268692494,37.772879187631986,2487200
2005-07-12,37.643428802490234,37.810635721429726,37.38991888335388,37.58949148494396,2009800
2005-07-13,37.735137939453125,37.77289448854516,37.38993402913876,37.44387136853378,1770900
2005-07-14,38.11809539794922,38.30687812854715,37.7728915148116,38.21518424727885,2616600
2005-07-15,37.837623596191406,38.301492144718424,37.78907710777767,38.118100243713236,2305700
2005-07-18,37.74052047729492,38.1288757772743,37.74052047729492,37.789062832215414,1789600
2005-07-19,37.837623596191406,38.15046594104086,37.78907710777767,37.8214428051053,2365000
2005-07-20,39.27777099609375,39.434192166053606,37.63805031100172,37.71356341165057,4937200
2005-07-21,39.01883316040039,39.91420790765584,38.73296178921581,39.752391905212704,6498900
2005-07-22,39.331695556640625,39.61756707551257,39.08897554273343,39.4287843852343,2382400
2005-07-25,39.21302795410156,39.60138323855253,39.137514883808734,39.509689383933186,2155400
2005-07-26,39.60138702392578,39.74162736008348,39.240002422244494,39.45575583591308,2746100
2005-07-27,39.48271942138672,39.89804543109052,39.47732856994396,39.68229203392071,2280900
2005-07-28,39.76860809326172,39.90345349636287,39.520488930219074,39.7092757866848,1460600
2005-07-29,39.35865783691406,39.77937463222701,39.3478679054094,39.77937463222701,1799700
2005-08-01,39.39102554321289,39.67150619392455,39.326302404705416,39.3640589405527,1705700
2005-08-02,39.60138702392578,39.644538529690315,39.256183208117676,39.391028577266276,2570700
2005-08-03,39.98434066772461,39.99513059993186,39.38023614902724,39.38562699997747,2064000
2005-08-04,39.76860809326172,40.03290393109655,39.612186931845756,39.75242318815927,1453600
2005-08-05,39.612178802490234,39.78478071843152,39.56902729471635,39.61756965459627,1551100
2005-08-08,39.40183639526367,39.87109585919295,39.34789493099763,39.69849387294711,1685500
2005-08-09,39.46114730834961,39.811741944965,39.38563012237223,39.71465312316976,1463100
2005-08-10,39.40720748901367,39.9681646918124,39.26697127467941,39.54205285174931,1840500
2005-08-11,39.49351119995117,39.64993231732937,39.159093212954275,39.26697197415681,1500500
2005-08-12,39.40720748901367,39.67150736288633,39.245395522823245,39.493510496438354,1411600
2005-08-15,39.37485122680664,39.542058182290226,39.10516046497919,39.3047331101871,1728900
2005-08-16,38.910980224609375,39.579812117649524,38.910980224609375,39.40181935408324,2059600
2005-08-17,39.002681732177734,39.11595137306106,38.56578395803422,38.94334942764529,2469000
2005-08-18,38.894317626953125,39.19233927301969,38.74259901950906,38.959341659010015,1629700
2005-08-19,38.731754302978516,39.176074745296575,38.731754302978516,39.08395635550719,1430600
2005-08-22,39.203163146972656,39.23025751929126,38.7805173965356,39.12188416403765,1920200
2005-08-23,39.073116302490234,39.28443916174211,38.93765271917388,39.208579885806586,3814900
2005-08-24,38.98643493652344,39.717941918469286,38.97559966401581,39.07313365267377,2382900
2005-08-25,38.96474838256836,39.11104723843622,38.758841083320945,38.981003351662494,1556800
2005-08-26,38.65047073364258,38.964747240318324,38.50416774804295,38.964747240318324,2358900
2005-08-29,38.58002853393555,38.661307514224674,38.20073213794718,38.38496063484991,1797300
2005-08-30,38.15736770629883,38.47164410097843,37.832256047742256,38.44454974025746,2988900
2005-08-31,38.41205596923828,38.41205596923828,37.794342317988516,38.15738375382428,3143700
2005-09-01,37.740177154541016,38.314541759972435,37.68057281238988,38.211588053707224,2655700
2005-09-02,37.37712097167969,38.09778423273892,37.377120971679695,37.87562606273426,2315900
2005-09-06,37.956905364990234,38.09236897566612,37.70223311547617,37.76725300282695,2026500
2005-09-07,37.78350830078125,37.98399177860274,37.664299673957174,37.9298071665975,1997200
2005-09-08,37.295841217041016,38.011088895597595,37.22539749573013,38.011088895597595,2111700
2005-09-09,37.117027282714844,37.382534787503246,37.00865805374601,37.382534787503246,2862000
2005-09-12,37.1224365234375,37.29041002121136,36.808160060360024,37.01948289111421,2525500
2005-09-13,37.0791015625,37.39879371559933,37.06284658983685,37.225400450489865,2825600
2005-09-14,37.0086555480957,37.3175123771691,36.9111215950188,37.25248836377756,2226400
2005-09-15,37.09534454345703,37.30666738780729,36.98155563757768,37.10618394440946,1745900
2005-09-16,37.37712097167969,37.38795624147597,36.716057895531925,37.11702902233484,4465500
2005-09-19,36.44512939453125,37.25249132164907,36.358430703125265,37.117027716843076,2711000
2005-09-20,36.22838592529297,36.781075600587286,36.1687816098958,36.558917443760514,3184600
2005-09-21,36.802757263183594,37.71307300376511,36.445135436895406,37.03575486744023,3985000
2005-09-22,37.17121505737305,37.27958842957652,36.43971236459076,36.68354521751104,2511100
2005-09-23,37.046600341796875,37.279597984224125,36.67271934640787,37.171224584244875,2078200
2005-09-26,36.9978141784668,37.442134577967224,36.82984065366194,37.2253920122064,2049300
2005-09-27,37.117027282714844,37.3337698746736,36.79733516344202,37.149537224601275,2074500
2005-09-28,37.35542678833008,37.458376266701485,36.94903617186529,37.33375212603633,2282300
2005-09-29,38.13029479980469,38.1682244416317,36.997816978362295,37.2470695009428,2697700
2005-09-30,37.4583854675293,37.929800186668,37.36085153025992,37.92438048625855,2310300
2005-10-03,37.561344146728516,37.7943416873663,37.10618846772673,37.55050887847544,2633800
2005-10-04,37.035762786865234,37.73475574910208,36.927393515489186,37.68599081718967,2605500
2005-10-05,36.250057220458984,37.04658378472251,36.250057220458984,36.86235115410736,4191800
2005-10-06,37.0086555480957,37.68597351834621,36.385522188661085,36.385522188661085,4047600
2005-10-07,37.084510803222656,37.50715650932268,36.781069574365425,37.14411510885424,1926000
2005-10-10,37.295841217041016,37.49632470933521,37.08993388892758,37.20914252435721,1822800
2005-10-11,37.63720703125,37.92438920869932,37.285000835992484,37.2958402393044,2737400
2005-10-12,37.23624038696289,37.92981345731025,36.97073285028777,37.415053356855395,2479900
2005-10-13,36.91654968261719,37.20915164108452,36.737740819683445,36.98157371806178,2403600
2005-10-14,37.935218811035156,38.06526267903222,37.22538690225696,37.36627017076546,3023600
2005-10-17,38.14655685424805,38.449994045215774,37.718491311834754,38.14655685424805,2221800
2005-10-18,37.648048400878906,38.39038633969387,37.59927935147033,38.24408745951075,2230700
2005-10-19,38.37953567504883,38.60711345694611,37.39877671855304,37.57758960462361,2931700
2005-10-20,39.25192642211914,39.39280556221489,38.48249018196299,39.01350920961835,4549700
2005-10-21,38.84013366699219,39.79921438566041,38.818458989268,39.55538149580197,5054900
2005-10-24,40.03760528564453,40.053860249705444,38.97557158213181,39.15980002018126,3291800
2005-10-25,39.83713912963867,40.091811393990795,39.5066117036315,39.93467310036881,2413700
2005-10-26,39.4470100402832,40.09181409700745,39.4470100402832,39.842561518119325,1969100
2005-10-27,38.99724197387695,39.495746775896656,38.99182227511053,39.46865241608343,2043200
2005-10-28,39.45783996582031,39.484934341298626,39.11105345660853,39.32779605837121,2057000
2005-10-31,39.522865295410156,39.84797714181007,39.47951594681779,39.826302467513884,2378100
2005-11-01,39.4470100402832,39.772121919962416,39.344056360343075,39.544544017589146,2133000
2005-11-02,40.03219223022461,40.140565565315754,39.27901512092623,39.446992756812506,2572300
2005-11-03,40.23809814453125,40.58488453710193,40.070120514303035,40.0972148806682,3571900
2005-11-04,40.151405334472656,40.23810401226814,39.826293560780584,40.23810401226814,1721000
2005-11-07,40.53614044189453,40.57407009772779,40.135169203939746,40.259797578261846,2185900
2005-11-08,40.47110366821289,40.61198282600349,40.25978079750628,40.25978079750628,1346000
2005-11-09,40.47652816772461,40.63908616599725,40.25978968205659,40.4819478700728,2436100
2005-11-10,41.01295471191406,41.01295471191406,40.37356645038397,40.606563972823416,2500300
2005-11-11,41.321807861328125,41.38141216185589,40.926252424554754,41.034625759159795,2705700
2005-11-14,41.82032012939453,41.934109050161574,41.47895336709339,41.581902885489825,2922600
2005-11-15,40.942535400390625,41.85827106767099,40.91544514872169,41.820341408116214,3682600
2005-11-16,40.87749099731445,41.17550839125185,40.6065638388148,41.077974448831164,2507900
2005-11-17,41.62525177001953,41.62525177001953,40.98586345985593,41.07797770889136,3645200
2005-11-18,42.34592056274414,42.37843050261059,41.722787199838486,42.237547206487896,4662600
2005-11-21,42.367591857910156,42.508471008785975,42.14000989491747,42.389266527434245,3068500
2005-11-22,43.229156494140625,43.33211018428221,42.64937227548954,42.75232596563112,5292000
2005-11-23,43.1039924621582,43.39236740580559,43.05502086069843,43.3651604993067,2192400
2005-11-25,43.27811813354492,43.44678937829609,43.25635343241699,43.33797002384868,1254800
2005-11-28,42.85914611816406,43.43045798991298,42.66871021131156,43.41413550521011,1992300
2005-11-29,42.70682144165039,43.21283950834415,42.61432454211988,43.20195922947918,2584700
2005-11-30,42.38579177856445,43.04960072204873,42.38579177856446,42.82107340541821,2253400
2005-12-01,42.47829055786133,42.7938725535055,42.40755838002095,42.576229654744246,1943700
2005-12-02,42.14093017578125,42.33137024486487,41.9613786824498,42.276956424445736,2798300
2005-12-05,41.373748779296875,41.95049880780681,41.0799315521714,41.874324432388214,3440100
2005-12-06,41.98313522338867,42.461946031229516,41.61858179289202,41.62402400411489,3174200
2005-12-07,42.00492477416992,42.276977406518675,41.732872141821176,42.03213169788229,2245800
2005-12-08,40.818763732910156,41.86888676658928,40.53583090079844,41.81447708555155,4403000
2005-12-09,41.23771286010742,41.30844500609364,40.97654066897396,41.00918978736011,2191800
2005-12-12,41.12889862060547,41.42815805773593,40.8187589090303,41.39551308320973,1977900
2005-12-13,41.025516510009766,41.569621492500104,40.65008274371013,41.569621492500104,2714400
2005-12-14,41.422698974609375,41.49887331827488,41.07991442811457,41.07991442811457,1984100
2005-12-15,41.4989013671875,41.68389929197896,41.096264685502355,41.40640448038837,2150400
2005-12-16,41.36286926269531,41.79815501777083,41.286694878235984,41.68933565459825,2998100
2005-12-19,40.8459587097168,41.56417708257961,40.79699125645384,41.46079581299157,1774400
2005-12-20,40.933013916015625,41.24315354647218,40.73169360631222,41.025510753774896,2220300
2005-12-21,41.689334869384766,42.364024040970776,41.3411079323602,41.455369506897085,5418800
2005-12-22,41.809024810791016,42.048432331174915,41.749177081886614,41.89608360045482,2769700
2005-12-23,41.97226333618164,42.10284738619406,41.765504911062635,41.88520868657073,1575700
2005-12-27,41.67844772338867,42.17902339380406,41.64036053436125,42.08652652776492,1635900
2005-12-28,41.569610595703125,41.72740149740599,41.335645348514795,41.72740149740599,1469300
2005-12-29,41.27579879760742,41.89063585137308,41.27035658617487,41.54240904112815,1485300
2005-12-30,40.88949203491211,41.161544537937225,40.69905611303289,40.69905611303289,1872600
2006-01-03,41.10713195800781,41.42815189628361,40.10053444710848,41.42815189628361,3555000
2006-01-04,41.161556243896484,41.40640190577418,40.99832303518273,41.161556243896484,2958500
2006-01-05,41.17786407470703,41.384622467768736,41.06360252976309,41.16154158988525,2298600
2006-01-06,40.933013916015625,41.35197286722532,40.573902685386464,41.31388568984262,2995700
2006-01-09,41.43358612060547,41.536963221698244,40.862274354352635,40.922126221338765,2999100
2006-01-10,41.210514068603516,41.433599124876274,41.08537223558531,41.433599124876274,2118700
2006-01-11,40.99831771850586,41.330222155640854,40.873175872420966,41.330222155640854,1837800
2006-01-12,40.628326416015625,40.82420458215988,40.41612576122475,40.76979490294035,2774200
2006-01-13,40.53582763671875,40.93302616357628,40.39980136948144,40.79699989633897,1747000
2006-01-17,40.764347076416016,41.07448677157283,40.63920524656235,40.80787647427462,2863100
2006-01-18,41.12889862060547,41.30301622125743,40.628322972307316,40.769791447241,2377200
2006-01-19,41.66756820678711,41.89064913195275,41.07993372150459,41.23772469354484,2527000
2006-01-20,40.938472747802734,41.88521875372235,40.80788866640431,41.72742775273575,4267100
2006-01-23,40.92214584350586,41.19419840527723,40.60656387556484,41.177875915761774,2405500
2006-01-24,41.43358612060547,41.62402199229286,40.94933312494725,41.07447491868868,3234300
2006-01-25,41.7654914855957,41.863430529420654,41.24315130225955,41.65122995966505,3627600
2006-01-26,41.10713195800781,41.73284934972388,40.40523605174021,41.73284934972388,6852000
2006-01-27,41.025516510009766,41.264919879495245,40.802431474616775,41.24315933324422,4092600
2006-01-30,40.753448486328125,41.19417202579022,40.753448486328125,41.10711742039067,2288500
2006-01-31,40.75891876220703,41.052731890035744,40.60112777062918,40.75891876220703,2570800
2006-02-01,40.67728805541992,40.7861073871667,40.41067363561491,40.76978490252383,2350500
2006-02-02,40.10598373413086,40.86228944033233,40.100541521161816,40.66641128536871,2363600
2006-02-03,39.7523078918457,39.882896073871585,39.583636679051644,39.71966292193498,2547200
2006-02-06,39.98628234863281,40.14951553793398,39.69246509860617,39.75231699127043,1779700
2006-02-07,39.60540008544922,40.18215000809896,39.578193177282536,40.057008193391475,2514800
2006-02-08,40.198463439941406,40.26375751412259,39.610833377072446,39.610833377072446,2091200
2006-02-09,40.138641357421875,40.20937769473218,39.94820535542008,40.20937769473218,2206000
2006-02-10,40.688175201416016,40.9493474533951,40.1440701483857,40.209364249178506,2860700
2006-02-13,40.824195861816406,40.96022210640526,40.45964652260425,40.48141121988145,1659300
2006-02-14,41.30845260620117,41.50433074779198,40.81875725222413,40.94390323481512,3490900
2006-02-15,41.51521301269531,41.542415771883455,40.96022359000355,41.31389266898294,2140500
2006-02-16,41.61363220214844,41.66284891787035,41.28553606122123,41.504268212495624,2119300
2006-02-17,41.69566345214844,41.73394127138967,41.455057632935336,41.72300653959334,2228700
2006-02-21,41.14885330200195,41.65740408111817,40.93559047578915,41.64646934447934,2432200
2006-02-22,41.487876892089844,41.624584007518145,41.31289195122042,41.4113212412076,1987000
2006-02-23,41.1597785949707,41.504283213634075,41.12697022061049,41.203525875431176,1841900
2006-02-24,41.187110900878906,41.45505562257354,41.01759544845545,41.21991926664623,2007400
2006-02-27,41.5316047668457,41.55894784869147,41.187104464219175,41.187104464219175,1466700
2006-02-28,40.853546142578125,41.509742675633305,40.80979887264726,41.44959122247068,2858600
2006-03-01,41.187110900878906,41.285540170150085,40.94650509333398,41.066807997106444,2283600
2006-03-02,40.984779357910156,41.10508225125404,40.749643022365895,41.05040025572559,2122500
2006-03-03,41.291011810302734,41.558956546199155,40.694966711466044,40.70043616337356,3008700
2006-03-06,41.61363220214844,41.73940454502107,41.094146993344424,41.230854066394826,2521300
2006-03-07,42.051109313964844,42.089387139200085,41.526154494180076,41.65192270339442,2742100
2006-03-08,42.10578155517578,42.10578155517579,41.564422674760586,41.96907447220443,2975600
2006-03-09,41.94175338745117,42.23157605983151,41.788642041723456,42.05112161437902,2462100
2006-03-10,42.302635192871094,42.38466026755523,41.79408473619173,41.9417265330483,2747300
2006-03-13,42.04562759399414,42.488557181339964,41.941728882110525,42.48309190216523,1810100
2006-03-14,42.70729446411133,42.75104173457578,42.01282427635784,42.04563264322151,3244400
2006-03-15,42.778385162353516,42.86587553200997,42.4666931587579,42.61980443463373,2676000
2006-03-16,42.65262985229492,42.74558971095637,42.41202393861022,42.65262985229492,3310100
2006-03-17,42.72917175292969,42.8276010339063,42.59246465001605,42.81666630133987,3406800
2006-03-20,42.772918701171875,42.87134798139837,42.54871705155664,42.70729779036432,1974300
2006-03-21,42.67449951171875,42.92057068448594,42.630752227502605,42.90963594941723,2429200
2006-03-22,43.117408752441406,43.15022128595854,42.570580476134054,42.67447918366242,2283200
2006-03-23,43.12289047241211,43.1775724812069,42.84947625646832,43.12289047241211,2461900
2006-03-24,43.10100555419922,43.14475281857355,42.69635378865854,42.69635378865854,1854900
2006-03-27,43.1392936706543,43.2377229530204,42.95883929098815,43.101015848176914,1779300
2006-03-28,43.12834930419922,43.28146055990776,42.69088499763012,42.69088499763012,1996300
2006-03-29,43.52754211425781,43.68065340686353,43.15023333518511,43.2650668046394,3219100
2006-03-30,43.48379135131836,43.84470008806152,43.34161897499786,43.44551353123676,3355100
2006-03-31,43.407230377197266,43.73533070554423,43.39629564650456,43.56581109003991,3190300
2006-04-03,43.5166015625,43.76267265385997,43.33614720378574,43.6369044683095,2992900
2006-04-04,44.101707458496094,44.232945094929754,43.56581383744066,43.636904193317875,3416000
2006-04-05,44.243896484375,44.353260516938526,44.04156843496501,44.09625045124677,2824800
2006-04-06,44.48448944091797,44.5501103507316,43.828297030660025,44.205605789172026,2663300
2006-04-07,44.697757720947266,44.74697445239789,44.309510010043915,44.48449495259148,3766300
2006-04-10,44.60479736328125,44.81806012915295,44.30404004116984,44.730569744883304,2064300
2006-04-11,44.44075012207031,44.703229636335934,44.167335873530035,44.67588654269377,2730900
2006-04-12,44.54463577270508,44.675873405260845,44.435271774236796,44.6211914060267,2121000
2006-04-13,44.621192932128906,44.63759711526328,44.413399659144716,44.55010674789019,1609600
2006-04-17,44.314979553222656,44.70322726491763,44.243893354282484,44.55558541420494,2488100
2006-04-18,45.05865478515625,45.15161459907336,44.41886664659396,44.75242808641601,3651000
2006-04-19,45.12428665161133,45.315679967017864,44.9383669614078,45.30474106055269,2328400
2006-04-20,44.86727523803711,45.15162419159654,44.566517926798355,44.566517926798355,3574900
2006-04-21,44.85634231567383,45.18990804282102,44.60480169998373,45.091478743466595,2716900
2006-04-24,44.83445358276367,45.0695899314072,44.71415068271781,44.85632721658738,2210200
2006-04-25,44.23841857910156,44.845398439393435,44.118115663084126,44.83992898721911,3041500
2006-04-26,44.282161712646484,44.511828618861294,44.01968226842297,44.25481862630077,1786000
2006-04-27,44.53915786743164,44.659460746094126,44.03060744433825,44.243874293219775,3009900
2006-04-28,44.331363677978516,44.506348541695004,44.183721894079824,44.506348541695004,2682700
2006-05-01,44.227474212646484,44.522762014047615,44.07436294643163,44.46808001496647,2336400
2006-05-02,44.63759231567383,44.81257720357428,44.123576554198706,44.52275887411123,2220000
2006-05-03,44.64854431152344,44.921958539797345,44.47355937230694,44.63760540608926,2148400
2006-05-04,45.05865478515625,45.310195313856745,44.834453169506595,44.839922620904375,2551600
2006-05-05,45.578147888183594,45.88437463975582,45.24458221884386,45.386758775932044,3585500
2006-05-08,45.446922302246094,45.928129936809576,45.40864446963276,45.92266465498685,2061600
2006-05-09,45.44144058227539,45.62736441333223,45.11881381904667,45.45237948690977,2107300
2006-05-10,45.30473327636719,45.3867583728808,45.09693998090647,45.25005126934803,2226200
2006-05-11,44.95315170288086,45.348682967408386,44.70045210414227,45.30473411775133,2348200
2006-05-12,44.42026901245117,44.95862757688043,44.3598404115797,44.953137115849664,2332700
2006-05-15,44.6729621887207,44.86523307729913,44.11262928612199,44.22249716782651,2408800
2006-05-16,44.36534118652344,44.71692353582827,44.36534118652343,44.67297469436711,1805900
2006-05-17,43.799503326416016,44.23348441392354,43.60722823736869,44.090656999054,3031400
2006-05-18,43.67316436767578,44.11264442772687,43.66217925221112,43.947838357409594,3292100
2006-05-19,43.91487121582031,44.07418260522373,43.56877936631946,43.72809075572288,2810000
2006-05-22,44.1126594543457,44.464241945673294,43.68416436379591,44.112659454345696,3239600
2006-05-23,44.22250747680664,44.71692144211493,44.17306817587182,44.24997654923177,3188300
2006-05-24,43.94785690307617,44.370853181642815,43.72811678032194,44.05772486885616,3691100
2006-05-25,44.24999237060547,44.590585519779296,44.15110954218873,44.27745726165853,1986300
2006-05-26,44.51367950439453,44.53565393313069,44.222525658229486,44.43127644443238,1389000
2006-05-30,43.83796310424805,44.38181633940475,43.78302496253803,44.3763216869954,1807600
2006-05-31,44.24999237060547,44.24999237060547,43.82149732000392,43.9753183129138,2632100
2006-06-01,44.5026741027832,44.579582472710605,44.12362271443255,44.425765732855794,1871700
2006-06-02,44.524662017822266,44.634529953538355,44.315907072291374,44.50268759244043,2190200
2006-06-05,43.73359298706055,44.55761495638158,43.66766972068557,44.50817145880223,2053400
2006-06-06,43.969825744628906,44.04673414913646,43.349063853619754,43.81051428066506,2042900
2006-06-07,43.74457550048828,44.43126043407671,43.71711061786008,44.00276970610829,2332300
2006-06-08,43.71711349487305,43.86543560616461,42.98647967156598,43.7610623394011,3121200
2006-06-09,43.39298629760742,44.11812530532254,43.37650653239437,43.71710371449979,2006700
2006-06-12,43.21171951293945,43.695144286858856,43.21171951293945,43.50836377092188,1624400
2006-06-13,43.24469757080078,43.72812255170878,43.134825399325244,43.288646439391,2440600
2006-06-14,42.959007263183594,43.371018218487244,42.60193445487417,43.10733355416052,2917000
2006-06-15,43.70612716674805,43.777545091771444,42.84914559600955,42.94802840734036,3273700
2006-06-16,43.55231475830078,43.92037696302689,43.519355214950146,43.70613154886135,3510700
2006-06-19,43.55780792236328,43.9203754603955,43.42596556227821,43.86544149295948,2440400
2006-06-20,43.78853225708008,44.052221163365466,43.60724639595844,43.618235703949864,2393200
2006-06-21,44.1126594543457,44.42029308645887,44.008281961509915,44.090685024738484,3397700
2006-06-22,44.22250747680664,44.326884922591724,43.859935838516556,44.08517049706501,1927800
2006-06-23,44.167579650878906,44.491692956263904,43.870931230537465,43.969814037317946,1579100
2006-06-26,44.3213996887207,44.3213996887207,43.9643226272707,44.013766129904894,1166700
2006-06-27,44.22250747680664,44.530140970246464,44.18405329012666,44.24997654923177,1890500
2006-06-28,44.60707473754883,44.67299803418279,44.2225326518367,44.26098686040792,2652600
2006-06-29,45.46955108642578,45.50800529482172,44.77188067947241,44.964151721452126,3161500
2006-06-30,45.22783279418945,45.66730878585785,45.22783279418946,45.5739206091376,2656700
2006-07-03,45.557437896728516,45.59589209590866,45.343192473982974,45.58490697808292,757600
2006-07-05,45.30471420288086,45.56290834212885,44.964117054546534,45.56290834212885,1970100
2006-07-06,45.024574279785156,45.370662108597145,44.72243530925863,45.30474301236275,1955500
2006-07-07,44.54662322998047,44.97511815135353,44.431260663485034,44.969623498322626,1586300
2006-07-10,44.7059326171875,44.83228448403237,44.480702147410184,44.57409028875219,966100
2006-07-11,44.854270935058594,44.89821978672261,44.189560270614734,44.623545750612266,1620400
2006-07-12,44.3268928527832,44.96962902707508,44.10165815393971,44.964134373368644,1865600
2006-07-13,43.57978057861328,44.14011372962494,43.41497449180185,44.14011372962494,3462000
2006-07-14,43.16226577758789,43.59625113603222,42.42064692604561,43.57977136907226,3273600
2006-07-17,43.16775894165039,43.491872190531154,42.99196778148635,43.17324940298637,1709900
2006-07-18,43.38200759887695,43.475395743020066,42.83815431047581,43.04690501935903,2092400
2006-07-19,44.195037841796875,44.43125761159319,43.62921016305481,43.69513342132074,3679400
2006-07-20,43.38200759887695,44.409285566835536,43.35453852533266,44.09615740791461,2612400
2006-07-21,43.25017547607422,43.64570256661134,42.80520068853106,43.64570256661134,3569400
2006-07-24,43.94785690307617,44.11815350739344,43.28864072600772,43.28864072600772,2378500
2006-07-25,39.44319152832031,39.4871361868597,36.94365623309818,39.4706564160083,46443200
2006-07-26,37.26228332519531,39.11358377442623,37.23481424320465,39.058649801638374,19921900
2006-07-27,37.60287094116211,37.71274306177304,36.696450045480816,37.13043130051723,12591300
2006-07-28,38.459861755371094,38.536770154277264,37.438073951396625,37.63034494866206,7975900
2006-07-31,37.85558319091797,38.262099650130295,37.76768547476731,38.23463056603477,4932700
2006-08-01,37.80063247680664,37.91599504757053,37.36664707753728,37.71823363425557,3991900
2006-08-02,37.40510559082031,37.88303988881491,37.300732314462074,37.77317195858743,6407200
2006-08-03,37.685264587402344,37.844575979170955,37.07548809142972,37.26775901556708,5710700
2006-08-04,37.21284103393555,38.94878313096984,37.08099865669042,38.44338385886882,7276400
2006-08-07,36.537132263183594,37.65780255146547,36.5316376103099,37.65780255146547,4752300
2006-08-08,36.36135482788086,36.73491173175697,36.11964030443347,36.674483100895124,5283500
2006-08-09,36.213035583496094,36.690970069158084,35.987804980732065,36.619556305587935,5758100
2006-08-10,36.52064895629883,36.58656801962597,35.98228618904073,35.98228618904073,4155300
2006-08-11,36.537132263183594,36.69094901410995,36.32288690422301,36.65249482637836,3543200
2006-08-14,36.97113037109375,37.35017772612351,36.83379334028166,36.910701742240946,5040800
2006-08-15,37.90500259399414,37.95993654212393,37.36114938248352,37.46003216559377,4489300
2006-08-16,39.62446975708008,39.651938833575095,38.20715510145973,38.300543255634565,10158300
2006-08-17,39.56924819946289,39.83432942309434,39.33177732104009,39.486408737056784,4311500
2006-08-18,39.25445556640625,39.62446699964944,39.04459506551831,39.569242104348724,3609400
2006-08-21,38.641448974609375,39.149524745394345,38.63040146767658,39.144000991927946,3191200
2006-08-22,39.177146911621094,39.29864423115306,38.51443540873494,38.779520852567444,3276000
2006-08-23,38.9451904296875,39.541629439571814,38.702200036074714,39.315206094001994,3185400
2006-08-24,38.65802001953125,39.3483418055943,38.53099895700413,39.265502348588775,2733700
2006-08-25,38.972808837890625,39.050124545327,38.619364400070054,38.65802225378824,2055400
2006-08-28,38.95071029663086,39.497443894438454,38.812645958864046,39.166090326475945,3185200
2006-08-29,38.84578323364258,39.19923184359595,38.6635414950381,39.19923184359595,4225600
2006-08-30,38.95623779296875,39.05564429424782,38.75742479041062,38.9893718889319,2156800
2006-08-31,38.68563461303711,39.27654989393219,38.37636758748234,39.15505258532744,4597300
2006-09-01,39.25445556640625,39.31520421525387,38.939669028463776,39.15504906950918,2704700
2006-09-05,39.243412017822266,39.56372234162156,38.93414920223114,39.46983958880138,2328800
2006-09-06,38.82371520996094,39.22686094253792,38.68012703851291,39.22686094253792,3697100
2006-09-07,38.50340270996094,38.98938790845159,38.47578814305261,38.71325909293367,2387700
2006-09-08,38.41501235961914,38.762937118234554,38.315605887641645,38.542033379019195,2202500
2006-09-11,39.18265914916992,39.21579745684091,38.10575895112434,38.22173249449929,3029100
2006-09-12,40.07179641723633,40.07179641723633,39.09982640695026,39.348340556689266,4427800
2006-09-13,40.30927658081055,40.629586964556495,39.707317885893076,40.027628269639024,3367700
2006-09-14,39.62447738647461,40.28166518897428,39.61343408987544,40.198825717613644,2676800
2006-09-15,40.04420852661133,40.127048027433844,39.62449147893141,39.62449147893141,4449200
2006-09-18,40.104923248291016,40.30925573542722,39.97237847386982,40.060741656817285,2479000
2006-09-19,39.87298583984375,40.276135628546896,39.712834888592155,40.276135628546896,2748300
2006-09-20,40.09941482543945,40.42524470699427,39.99448455892311,40.1988213375628,2666900
2006-09-21,39.21579360961914,40.26508336395379,39.14399746119998,40.1988109685028,3703200
2006-09-22,39.14952850341797,39.47536257498283,39.033554949827355,39.22132045181508,2340500
2006-09-25,39.65762710571289,39.784648240268595,39.04462067500639,39.75703366781103,3374200
2006-09-26,40.15463638305664,40.22642833062262,39.663127617791,39.79566821844731,2796900
2006-09-27,39.98343276977539,40.29821928906366,39.77357228132376,39.97238526333626,2587600
2006-09-28,40.05523681640625,40.20986824618428,39.81776591684987,39.983444856406585,2256900
2006-09-29,39.72941207885742,40.132557757074856,39.41462542342272,40.12703821485725,3164500
2006-10-02,39.98343276977539,40.176721998568325,39.71834738929566,40.00552356926447,2554400
2006-10-03,40.651668548583984,40.944364303623836,39.801191626108185,40.033138728586216,3340600
2006-10-04,41.13768005371094,41.24261037815918,40.09391320684836,40.59094604187635,3515000
2006-10-05,41.65677261352539,41.816927752687015,40.97749421041845,41.0271995635186,4414600
2006-10-06,41.01616668701172,41.39722574760622,40.850491948824676,41.391701992316094,2669500
2006-10-09,40.8670539855957,40.994075061334534,40.60196853828391,40.79526202919825,2012400
2006-10-10,40.800777435302734,40.99407090662698,40.7068946833617,40.867049843761606,2135700
2006-10-11,40.7068977355957,40.93332532143218,40.491517658692295,40.53569926764431,2625200
2006-10-12,40.74004364013672,40.977514590323885,40.65168461002059,40.94438048070426,2120200
2006-10-13,40.53569030761719,40.83942932189588,40.48598495518553,40.72345578407428,2180200
2006-10-16,40.93331527709961,41.19839643898507,40.32582883655148,40.35896714182899,2855900
2006-10-17,40.701358795166016,41.13212300164181,40.37552903084209,40.66270095510405,3075500
2006-10-18,39.988948822021484,40.99405683157272,39.8122224601424,40.86703581231922,4499300
2006-10-19,41.557373046875,42.015747740864754,40.67376197094834,40.85600794037414,10637100
2006-10-20,42.026790618896484,42.10963007812159,41.08795465005171,41.51319102776871,5014600
2006-10-23,41.99916458129883,42.496192724149616,41.75064629648509,41.971550034078966,3199600
2006-10-24,42.004703521728516,42.1482916494952,41.83350504737728,41.86111960735212,2595500
2006-10-25,41.79484939575195,42.19799924033971,41.49110607357005,41.93843753109163,2574500
2006-10-26,41.667823791503906,41.87768432347721,41.568417279882354,41.75618700778531,1577000
2006-10-27,41.3475227355957,41.63469479694044,41.281250315258966,41.62917104189806,2379300
2006-10-30,41.916343688964844,41.97156859443737,41.35303869833045,41.35303869833045,2796100
2006-10-31,41.61260223388672,42.21456510638198,41.42483670427652,41.97157045546018,3017100
2006-11-01,40.97748947143555,42.01573587925459,40.83942514813099,41.910805645258726,3311100
2006-11-02,40.8670539855957,41.14318272874162,40.75108041908125,40.93884594199315,1929600
2006-11-03,40.425254821777344,41.14319139045721,40.425254821777344,41.071399418945674,2163200
2006-11-06,41.19841384887695,41.36961656055623,40.717952459902165,40.72347200195665,3422100
2006-11-07,41.59050369262695,41.673343145796665,41.04377004313023,41.1984014419059,3622200
2006-11-08,41.380653381347656,41.524241506717246,41.0934813439987,41.524241506717246,1992000
2006-11-09,41.08244705200195,41.35857588241648,40.949906393152624,41.297827202653956,3089100
2006-11-10,41.728580474853516,41.82798700559356,41.19841371537026,41.275729437791306,2191000
2006-11-13,42.11514663696289,42.181414822309165,41.6622957790768,41.728563964423074,3737600
2006-11-14,42.86068344116211,42.94904240593602,42.170361911976265,42.18692895453461,5348400
2006-11-15,43.02637481689453,43.10921005379649,42.69501701572884,42.7999472669906,3493800
2006-11-16,43.39638137817383,43.56757979972592,43.020846230641915,43.03188952319183,3287200
2006-11-17,43.70011901855469,43.898931985383605,43.446081163915274,43.62832708573992,5244800
2006-11-20,43.78297424316406,44.02596889321002,43.45714433823006,43.70013477488563,2749900
2006-11-21,43.91551208496094,44.003875302436185,43.512366492052934,43.78297147213818,3900700
2006-11-22,43.84892654418945,44.03204761055354,43.704653189134305,43.94881037733155,2108100
2006-11-24,43.74903869628906,43.99320009570167,43.704649178449536,43.90441682640146,1024800
2006-11-27,43.4327392578125,44.11527940575134,43.39389578491328,43.70464780172804,3739600
2006-11-28,43.35504150390625,43.45492529983548,42.972157147527504,43.36614205546503,2901100
2006-11-29,43.604759216308594,43.67689587706179,43.26071404135067,43.416087915970195,2849000
2006-11-30,43.238529205322266,43.660261434990176,42.94997824836322,43.34951359924632,4187900
2006-12-01,42.90001678466797,43.33839543692882,42.53932929340298,43.238511639785585,2973700
2006-12-04,43.29955291748047,43.510421068059074,42.96660833094913,42.97215860691702,2980000
2006-12-05,43.38835525512695,43.560375766452125,43.08870375455881,43.421648455094,2757800
2006-12-06,43.305118560791016,43.44939615181394,43.1109011691957,43.388355795366614,1888800
2006-12-07,43.2884635925293,43.71019149457752,43.2107766509088,43.55481761133652,2830400
2006-12-08,43.34395980834961,43.493783435977505,42.92777789051265,43.17748534776627,2136800
2006-12-11,43.15530014038086,43.49934547626289,42.933339777744756,43.310678321297694,1523900
2006-12-12,42.672523498535156,43.14974580706309,42.450558944909325,43.033215368974425,3439500
2006-12-13,42.456111907958984,42.922233689791646,42.289637423806184,42.894490764847504,2430200
2006-12-14,42.63921356201172,42.68360730644518,42.08985473391416,42.311819222461004,2146100
2006-12-15,42.54488754272461,42.87228617370665,42.39506392083197,42.63922109108743,3352200
2006-12-18,42.561546325683594,42.8001575204291,42.4339195433909,42.68362706257047,1785600
2006-12-19,42.03438186645508,42.42836698383537,41.92340169358989,42.372876897402776,2881600
2006-12-20,41.490562438964844,41.73472386183627,41.31299164968242,41.56270335042498,3888700
2006-12-21,41.36848068237305,41.812405482121825,40.974491442606315,41.60709179692564,2968700
2006-12-22,40.991153717041016,41.28525498445985,40.86352270839134,41.28525498445985,2950800
2006-12-26,41.18534851074219,41.24638884217861,40.85240394248344,40.85240394248344,1374600
2006-12-27,41.684783935546875,41.87345104637832,41.429526191328215,41.479465991152466,2750800
2006-12-28,41.595977783203125,41.77909876773647,41.3407201533777,41.67366470386218,1925600
2006-12-29,41.60707092285156,41.84568191769412,41.34071278973611,41.490536329000555,2752600
2007-01-03,41.601539611816406,42.161999038177036,41.28524156597344,41.86789363272583,3955300
2007-01-04,41.668128967285156,41.89564376689918,41.35183089891964,41.75691646965779,2306000
2007-01-05,41.14653015136719,41.64039914620581,40.8524288660838,41.64039914620581,3602400
2007-01-08,41.274131774902344,41.39066216217302,40.9189903374241,41.152055345585346,2354800
2007-01-09,41.107669830322266,41.618185219613885,41.013336293226786,41.60708889968178,3322200
2007-01-10,40.85795974731445,40.98004043935782,40.647095791543755,40.924550370325626,2895100
2007-01-11,40.869056701660156,40.99668342583111,40.81356663751537,40.857956148658886,3060900
2007-01-12,41.30744552612305,41.324092126082945,40.70259224797693,40.86906671481901,3027600
2007-01-16,41.551612854003906,41.812420940006795,41.40178918418447,41.50722332115311,3693000
2007-01-17,41.618194580078125,41.74027529489249,41.44062378588133,41.590447423576066,2737600
2007-01-18,41.51276779174805,41.84016651503948,41.40733789240202,41.684792571900125,2895700
2007-01-19,41.6292839050293,41.784662028252924,41.479460292518446,41.784662028252924,4242100
2007-01-22,41.21864318847656,41.71251189987597,40.907895478010424,41.64592552398753,3972600
2007-01-23,40.852413177490234,41.224201292197776,40.74142880723518,41.224201292197776,2702800
2007-01-24,41.31298065185547,41.518298542214865,40.85240931807588,41.00778318813361,3481600
2007-01-25,40.846866607666016,41.31298830417801,40.746982782181846,41.307442260377556,2706500
2007-01-26,40.225372314453125,40.95230634636915,40.06999839423346,40.95230634636915,4726200
2007-01-29,40.869056701660156,40.96339023406834,40.21426378406245,40.23091037994384,3937400
2007-01-30,40.341888427734375,40.341888427734375,39.0544995313138,39.49287821260455,12995800
2007-01-31,40.10883712768555,40.29195818353982,39.67600862011821,40.11993768274288,6078800
2007-02-01,40.86351776123047,40.91900784076892,40.364098578141004,40.42513893571981,4495700
2007-02-02,41.157615661621094,41.329640397974295,40.785827501823256,40.824670977718235,5510000
2007-02-05,40.88571548461914,41.24640735950484,40.86906888377579,41.16317012166633,2751500
2007-02-06,41.024436950683594,41.063280424984,40.874613330845214,40.89680597305587,2259700
2007-02-07,41.01887130737305,41.152052512473446,40.763613681360006,41.152052512473446,2461100
2007-02-08,40.69150924682617,41.024454055883034,40.62491859156562,41.01890377620558,2348500
2007-02-09,40.819122314453125,41.19646076676514,40.663748404728445,41.129874367524,3573800
2007-02-12,40.991153717041016,41.11323021335618,40.88571958961834,41.0355432458728,2636700
2007-02-13,41.27970886230469,41.31300207068646,40.82468333538914,41.00780444873412,3617300
2007-02-14,41.6292839050293,41.79575834881555,41.346283277662025,41.346283277662025,4576900
2007-02-15,41.56233596801758,41.958539232730374,41.51211074033018,41.852511507857365,3738800
2007-02-16,41.31679916381836,41.62929654867177,41.19961264449832,41.406082306294664,3249700
2007-02-20,41.23866653442383,41.42839583498801,41.12705730692428,41.29446901944525,2550200
2007-02-21,41.182861328125,41.350268772127336,40.98754625727097,41.166116752013984,2891300
2007-02-22,40.95964813232422,41.39491345765774,40.881523805082644,41.16611774398131,2760600
2007-02-23,40.9261589050293,40.95964379705766,40.5969213118523,40.95964379705766,3844700
2007-02-26,40.619239807128906,41.149369678970395,40.56343733495439,41.004284102807794,3836400
2007-02-27,39.190670013427734,40.51320585468454,39.06232051559626,40.51320585468454,6281200
2007-02-28,39.1683464050293,39.581289725430274,39.02325660044603,39.28553285038141,7900600
2007-03-01,39.12929916381836,39.22974533488108,38.31457100184583,38.72751447956747,4972800
2007-03-02,38.76656723022461,39.11812661485589,38.694020189181714,39.03442078305164,3676800
2007-03-05,38.894920349121094,39.12371605183015,38.364790402899914,38.6549658533938,7667000
2007-03-06,39.012107849121094,39.196255592081776,38.73866848215481,39.06232879971329,4800800
2007-03-07,39.06232833862305,39.25763912882498,38.939560339794426,39.012107388623654,4024800
2007-03-08,38.98978042602539,39.341339802212296,38.922814910699394,39.11254415127334,3170600
2007-03-09,39.413883209228516,39.614775500937625,39.268797643237264,39.592453662141565,3071500
2007-03-12,39.70406723022461,39.83799402029994,39.40831028414097,39.553395866115956,3238800
2007-03-13,39.012107849121094,39.6092032761899,38.9284020073448,39.341345433996956,4159900
2007-03-14,39.190670013427734,39.24089095336936,38.36477907781776,39.12928602630682,5049200
2007-03-15,38.733089447021484,39.41946795185697,38.688445765784245,39.22973869278238,4343700
2007-03-16,38.649375915527344,38.96187310707082,38.39825845164711,38.89490759854511,6065400
2007-03-19,38.77213668823242,38.97860618397894,38.54334110300028,38.86700128127564,3494000
2007-03-20,39.20183563232422,39.27437842180671,38.649383909450975,38.66054270111913,2839400
2007-03-21,39.776615142822266,39.79893698695161,38.69402911855924,38.89492145826694,5350600
2007-03-22,39.670597076416016,39.832427292540885,39.38042154721598,39.458545891902816,3341600
2007-03-23,39.88264083862305,39.97192395320795,39.50317802236073,39.692907301763775,3123600
2007-03-26,39.7933464050293,39.815668244078445,39.34134087228665,39.759865775183314,2782100
2007-03-27,39.5645751953125,39.70966509444427,39.419485296180724,39.637118016149564,2160000
2007-03-28,39.285545349121094,39.56456200038267,39.08465301961626,39.39715030664324,3141600
2007-03-29,39.151615142822266,39.89379613494934,38.850276674778314,39.89379613494934,3389300
2007-03-30,39.118125915527344,39.469689551329054,38.83352779546295,39.15161080212369,3216900
2007-04-02,38.98421096801758,39.14045962801658,38.8000589369659,39.11255625696389,3251700
2007-04-03,39.04001998901367,39.29113759816161,38.92283347439425,39.06234183810176,3802800
2007-04-04,38.99536895751953,39.05117569847364,38.82237998144022,38.95072952519546,3278500
2007-04-05,39.20742416381836,39.27996696626529,38.867023481451895,38.92282596467697,3813900
2007-04-09,39.11255645751953,39.614787336846355,39.0623354983152,39.196262313650124,2729500
2007-04-10,39.50316619873047,39.564550184271944,39.06231951050305,39.10138165971536,3257200
2007-04-11,39.32460403442383,39.48643418874747,39.16835540471986,39.40830987389548,3452100
2007-04-12,39.27438735961914,39.39715538318658,38.95630850649296,39.2241663994998,2920400
2007-04-13,39.23532485961914,39.51434154445775,38.900505689304154,39.51434154445775,2679100
2007-04-16,39.665008544921875,39.71522949905082,39.16835924151742,39.291127250440994,2963900
2007-04-17,39.977508544921875,40.111435355800594,39.5422432164736,39.759875880697734,2762800
2007-04-18,39.843589782714844,39.94403597552883,39.67059651553345,39.704081418109716,2788500
2007-04-19,40.17280960083008,40.206294488504014,39.62035791494862,40.038882822500895,3236000
2007-04-20,40.63597869873047,40.84802978854346,40.17281010675034,40.17281010675034,5555800
2007-04-23,40.144920349121094,40.736434334607374,40.12259850434433,40.541123514631394,2575200
2007-04-24,40.13935470581055,40.262122771931054,39.86591944965193,40.072389144983475,3482200
2007-04-25,40.73643493652344,40.76433830727083,39.68175223561272,39.8882261097562,4411100
2007-04-26,40.12818145751953,40.59692744213819,39.98309159003706,40.40161661521375,5186400
2007-04-27,39.89938735961914,40.12260156696853,39.67059162628537,40.10586124647228,3895900
2007-04-30,39.302284240722656,39.910538474820335,39.26880360617227,39.83799568080915,4423100
2007-05-01,39.028865814208984,39.44180942758758,38.90051623112026,39.3971657241256,5320900
2007-05-02,39.47526931762695,39.5533936288733,39.06232592140256,39.06232592140256,4514300
2007-05-03,39.558982849121094,39.84358104257378,39.430637566014525,39.60362653779141,3284000
2007-05-04,39.670597076416016,39.81010544299358,39.52551144054474,39.61479458127649,2524900
2007-05-07,39.49760437011719,39.88823031447441,39.48086404888676,39.8101017196373,2178900
2007-05-08,39.53107833862305,39.55898170760093,39.201840723457046,39.408314584506876,2739200
2007-05-09,39.5645751953125,39.67618019005531,39.386004649249415,39.53109029092354,2854400
2007-05-10,38.96747589111328,39.653854633806304,38.92283219440523,39.34135727176442,4801800
2007-05-11,39.771026611328125,39.854732447703384,39.01768259886218,39.05674475484321,4383200
2007-05-14,39.441795349121094,39.86032034040741,39.30786854399725,39.64826921083997,2577400
2007-05-15,39.33018493652344,39.77660897754648,39.2855412551844,39.50875540442381,3706300
2007-05-16,39.810089111328125,39.82125216025099,39.21857524208792,39.39714570775227,2932600
2007-05-17,39.377872467041016,39.810100962425054,39.34418926549337,39.810100962425054,2761000
2007-05-18,39.321739196777344,39.49575265316013,39.29367057615487,39.434005113926844,3364000
2007-05-21,39.467681884765625,39.57433749812276,39.23753548233231,39.30489331588841,3340400
2007-05-22,39.349796295166016,39.57433237082515,39.24314497829673,39.57433237082515,2839600
2007-05-23,39.28243637084961,39.54626164177906,39.209459687625774,39.34979419207874,3491300
2007-05-24,39.658531188964844,39.804480270439626,39.355408150210685,39.43399512885038,4341300
2007-05-25,39.899906158447266,39.9897180116633,39.675370101403566,39.70343871453493,2920700
2007-05-29,40.04585647583008,40.135672624096905,39.804485213369716,39.9111365360995,2906300
2007-05-30,40.16935348510742,40.16935348510742,39.79887256222612,39.95043196643441,3048700
2007-05-31,40.39950180053711,40.528607159036916,40.051470653503124,40.16935113491714,3332100
2007-06-01,40.61843490600586,40.68018245428527,40.39951333762281,40.47248576619354,3521200
2007-06-04,40.56791305541992,40.618435724425986,40.298473096290685,40.618435724425986,2285600
2007-06-05,40.2591552734375,40.69699815456311,40.20863263494775,40.69699815456311,3407300
2007-06-06,40.203033447265625,40.20864374435031,39.85500230788643,40.20864374435031,3409800
2007-06-07,39.995338439941406,40.584745140545266,39.81571042457057,40.203035072548516,5872900
2007-06-08,40.595970153808594,40.66333226579942,39.99533857390032,39.99533857390032,4188800
2007-06-11,40.685787200927734,40.91031901384571,40.27600850527978,40.45563652521605,3589700
2007-06-12,39.995338439941406,40.64087809234809,39.96726982270515,40.44441061970337,3650700
2007-06-13,40.49493408203125,40.56229620226436,39.83255488908484,40.2198795857523,3435500
2007-06-14,41.51095962524414,41.56148229199558,40.494938818249885,40.494938818249885,6573000
2007-06-15,41.56709671020508,41.80847231498616,41.539028086267685,41.68497722193481,5461300
2007-06-18,41.15732192993164,41.617619141644646,41.118028422200204,41.53903212618177,3545500
2007-06-19,40.977691650390625,41.0899575856795,40.67456848590558,40.977691650390625,3702300
2007-06-20,40.92716598510742,41.58954088124267,40.55106617517298,40.55106617517298,4110000
2007-06-21,41.185359954833984,41.30885068546809,40.78681059178423,41.02818175802449,2782400
2007-06-22,40.89348602294922,41.03382056955005,40.60720234873578,40.97768760744382,3625300
2007-06-25,41.14048385620117,41.488515138339615,40.79806715612,40.79806715612,3951900
2007-06-26,41.0618896484375,41.39869170748975,40.88226159809827,41.219063657150514,2990400
2007-06-27,41.29203414916992,41.34817139194516,40.68579218429853,40.74192514440343,3532700
2007-06-28,41.32572555541992,41.48289958798422,41.03944183457998,41.44360607984315,2633700
2007-06-29,40.977691650390625,41.387470451269735,40.736316035115735,41.303268858467625,4397400
2007-07-02,41.16292953491211,41.45482350248963,40.915939366651614,41.24713111797096,3063500
2007-07-03,41.089942932128906,41.247121181219484,41.00013107246082,41.17414449490294,1444700
2007-07-05,41.39869689941406,41.42676552563464,40.80929001015059,41.033826171901964,2994900
2007-07-06,41.37061309814453,41.44920008353056,41.19098509116654,41.40429629378819,2325900
2007-07-09,41.763553619384766,41.858980064254865,41.30325656938056,41.42675163105699,3806300
2007-07-10,41.561492919921875,41.81970805304016,41.33134213535689,41.38186481502777,4503400
2007-07-11,41.72427749633789,41.814089398703786,41.30327376498619,41.437993759870736,2224600
2007-07-12,41.96562957763672,41.99369390769989,41.28641111967401,41.40429158434499,2926700
2007-07-13,42.18455123901367,42.33611061349851,41.7298645502211,41.86458875272877,4441100
2007-07-16,42.39785385131836,42.66168336789945,41.965625522623036,42.65045849349261,3712200
2007-07-17,42.39223861694336,42.60554977139069,41.993689200302995,42.24629383856928,3057000
2007-07-18,42.212608337402344,42.594318280442046,41.89826048407611,42.42030490201764,4200500
2007-07-19,42.571876525878906,42.650467794540084,42.156487559541745,42.246303705057635,3588200
2007-07-20,42.105987548828125,42.448404258237,41.96003839006252,42.448404258237,5094400
2007-07-23,41.842132568359375,42.40908511409886,41.701798076628634,42.08912264425951,4390100
2007-07-24,41.92073440551758,42.745902194712286,41.56709290272141,41.56709290272141,7001100
2007-07-25,42.779579162597656,44.00891106043137,42.04984214973715,42.36980471843317,5703200
2007-07-26,42.493282318115234,42.95919385779038,42.223842492698175,42.43714937804241,8206100
2007-07-27,42.476470947265625,43.16130440386391,42.3866590403046,42.49331041215383,7603500
2007-07-30,43.121986389160156,43.22302740374842,42.38102037640267,42.47644681166124,6635200
2007-07-31,42.5045051574707,43.30721850092889,42.45959709902047,43.22301696200175,7073500
2007-08-01,43.18373489379883,43.262321875521025,42.19016846335711,42.386635917662616,6828700
2007-08-02,42.98726272583008,43.44755968944565,42.67291055074149,43.200569612447936,5554100
2007-08-03,42.19579315185547,43.17252474239813,42.173339109037975,42.90869509263101,5924300
2007-08-06,43.68893814086914,43.68893814086913,42.29681799823556,42.34172606666515,7055700
2007-08-07,43.63842010498047,44.0650382348089,43.22864571459504,43.22864571459504,7464400
2007-08-08,43.992069244384766,44.12678919170433,43.27916744603434,43.537382462842636,5706300
2007-08-09,43.84051513671875,44.34010582142896,43.447580086723356,43.503713053484006,7435200
2007-08-10,43.08269119262695,43.789978266728156,42.84131568304228,43.13320955658538,10144000
2007-08-13,43.06024169921875,43.582286261846335,42.94797580124981,43.11076435117341,4634200
2007-08-14,42.4989128112793,43.16690661149195,42.47645877030815,43.121998529549664,5010800
2007-08-15,41.66812515258789,42.5213571004602,41.578309009301634,42.49890306463863,6679200
2007-08-16,41.99932861328125,42.38665338471655,40.90472071488286,40.97769314721907,8968000
2007-08-17,42.8413200378418,43.099535028326706,42.11719343548066,42.70098552457807,7609000
2007-08-20,42.62802505493164,43.06586817367974,42.414713794136965,42.734676402658316,3671800
2007-08-21,42.39223861694336,42.852535548537574,42.19577119784861,42.43714667921317,3257700
2007-08-22,42.68416213989258,42.796428079706764,42.36981408227599,42.52698811108428,3334000
2007-08-23,42.89746856689453,43.020963668646914,42.48769403763002,42.81888155353774,3655800
2007-08-24,43.23988342285156,43.30163097112391,42.813265166425516,42.82449432938641,3733300
2007-08-27,42.89746856689453,43.28479333463227,42.72345507770037,43.0153490869297,2788600
2007-08-28,42.29119110107422,43.08267951660381,42.26874135606737,42.72342363914393,3936400
2007-08-29,42.706600189208984,42.74589368169421,42.25191345311482,42.42031658243406,3459400
2007-08-30,42.36979675292969,42.72905275260384,42.11719206765705,42.38663620874733,3425700
2007-08-31,42.583106994628906,42.76273500851385,42.24069042399359,42.61117561163298,3196800
2007-09-04,42.74589157104492,42.84131800770156,42.16771408902385,42.403475032294125,3009200
2007-09-05,42.30244445800781,42.63924650048166,42.12843099730822,42.53820545947247,3993400
2007-09-06,42.38711166381836,42.55645862712255,41.8677872928047,42.5056571221346,2779400
2007-09-07,41.84518814086914,42.14436821249036,41.55730446516355,41.99760119899111,5186900
2007-09-10,41.653282165527344,42.1048668605455,41.404907783930625,41.991971763458935,3354000
2007-09-11,41.85650634765625,42.01456124235353,41.38233735689155,41.6645794707575,4538000
2007-09-12,41.86778259277344,42.21776426786653,41.70972774165775,41.82262283340561,3060800
2007-09-13,41.986324310302734,42.38710749020958,41.82826945700671,42.020196283631705,3138500
2007-09-14,41.986324310302734,42.166959043594154,41.52344753707649,41.82826945700671,2980000
2007-09-17,41.95811080932617,42.27422057708635,41.83392359865679,41.92988487720219,1984300
2007-09-18,42.776615142822266,42.855642592118784,41.83392749287593,42.24035683592831,4172600
2007-09-19,42.883853912353516,43.137870011857856,42.51693841899162,43.12658222580786,3911700
2007-09-20,42.488704681396484,42.74272504086523,42.36452183099414,42.545156521281136,4061500
2007-09-21,42.75967025756836,43.07013823293233,42.48871599664419,42.52258797092963,4322900
2007-09-24,42.59596252441406,43.024971574322855,42.511289062282295,42.708861909480156,2816300
2007-09-25,42.562103271484375,42.74838406364467,42.087934373864705,42.43791607671084,3649600
2007-09-26,42.245994567871094,42.748389457391156,42.071005847704974,42.59597631487592,3963400
2007-09-27,42.23469161987305,42.499999782106755,42.03712308629615,42.42097236867599,3848600
2007-09-28,42.392765045166016,42.52259831371721,42.2347101489631,42.42099097949064,3267700
2007-10-01,42.84434509277344,43.19996853401587,42.641130467300044,42.641130467300044,4193500
2007-10-02,42.703216552734375,43.06448597743393,42.54516171776223,42.77659792420823,2958000
2007-10-03,42.669349670410156,43.008043564782724,42.466139363127084,42.73708931061903,2277000
2007-10-04,42.67500686645508,42.79354803778708,42.601625467060856,42.68629896277597,1820900
2007-10-05,43.13225173950195,43.39191402664373,42.737110106019706,42.900811086175715,2971400
2007-10-08,43.15481948852539,43.2902988102677,42.962896909400065,43.10401797287683,1351500
2007-10-09,43.39755630493164,43.465295978937796,42.97983908191185,43.14918611359026,2803000
2007-10-10,43.087066650390625,43.39753028005524,42.90643193470552,43.30156902943189,3245600
2007-10-11,43.18867874145508,43.894283850845795,42.95159215162922,43.12658514729495,3293700
2007-10-12,43.250762939453125,43.39752566951871,42.99110083240915,43.18866935878273,2613600
2007-10-15,43.205604553222656,43.386239255422176,42.99674392921936,43.22253838363651,2674900
2007-10-16,42.79353713989258,43.21125846392989,42.691929832244554,43.18303253698863,3063800
2007-10-17,42.90079116821289,43.09835973989003,42.62983690800435,43.03062440484179,2782900
2007-10-18,42.91207504272461,43.13786952119997,42.69757265684232,42.878207378288316,3049200
2007-10-19,42.353248596191406,42.87257302363806,42.33066871151903,42.62420290558725,5153900
2007-10-22,42.38711166381836,42.67499977876662,41.975040656675496,42.15002936053023,5263300
2007-10-23,42.69758987426758,43.16611285236419,42.138751652364874,43.1265991256978,4293300
2007-10-24,42.59596252441406,42.84433686488829,41.77181639345191,42.53386893929551,4424800
2007-10-25,42.319374084472656,42.816118546982004,41.9637463416866,42.69193135468668,2980800
2007-10-26,42.319374084472656,42.5169426600916,41.99761831655838,42.43791522984402,2802500
2007-10-29,42.392765045166016,42.58469192389306,41.99762780465875,42.09923513888532,2115600
2007-10-30,42.19520568847656,42.48873565919902,41.946831193244876,42.33632677773568,2216100
2007-10-31,42.392765045166016,42.68065320992012,42.16132874906116,42.358897369314796,3741800
2007-11-01,41.54039001464844,42.392762358491986,41.42749489785058,42.183905961748685,3984300
2007-11-02,41.78876876831055,42.093590783246995,41.46701291476759,41.60248793029275,3720200
2007-11-05,42.04278564453125,42.29680181508609,41.28637456746131,41.28637456746131,3292300
2007-11-06,41.90165710449219,42.22341287280792,41.42748821574313,42.00890615614946,4689700
2007-11-07,40.462215423583984,41.74923832230957,40.43398949942875,41.4895761854326,5568900
2007-11-08,40.676719665527344,40.89686810266206,40.10659387021515,40.5017309864386,6771400
2007-11-09,39.914676666259766,40.59770202120991,39.86951689733597,40.21949864648648,5231500
2007-11-12,41.0097770690918,41.58554904520766,40.02192974130687,40.15740474039191,5669700
2007-11-13,41.77183532714844,41.8169951016442,40.9476888226298,41.26944467923415,4405900
2007-11-14,41.393619537353516,42.037131058281076,41.30894606214266,41.941169796155634,3292100
2007-11-15,41.501495361328125,41.82510466617757,41.18356462855853,41.44472263497375,3390300
2007-11-16,40.882667541503906,41.04731148907395,40.24680170931771,40.30925301120571,6782100
2007-11-19,40.854270935058594,41.013236278810915,40.22976237111128,40.54201881882531,5405300
2007-11-20,40.67829132080078,41.37093003692934,40.388744704890094,40.83725673142388,5461200
2007-11-21,39.82099914550781,40.689634455076984,39.74151645910812,40.309252408523946,6158200
2007-11-23,40.26383590698242,40.275193052563374,39.95725794852537,40.00267786788535,1726900
2007-11-26,39.94589614868164,40.86562981716066,39.781252226649414,40.29789394731752,4704700
2007-11-27,40.55904006958008,40.61581277366979,40.025367121881494,40.07078701774513,4511400
2007-11-28,41.76832580566406,41.85916561967529,40.5306614943859,40.780466651436036,5644900
2007-11-29,41.61503982543945,41.81942507937163,41.32549332712206,41.55258853498902,3295300
2007-11-30,41.83077621459961,42.19412680003634,41.62639096885636,41.96135736162248,4507900
2007-12-03,41.38794708251953,41.83078038191952,41.25736592248773,41.444719804997284,3981400
2007-12-04,41.234642028808594,41.580961149783334,40.96780989021132,41.22328922074303,2525700
2007-12-05,41.63774490356445,41.751294671753904,41.359555551591626,41.70019619319846,2321800
2007-12-06,41.91593551635742,42.012449563637496,41.44471375872347,42.012449563637496,2361400
2007-12-07,42.108970642089844,42.47232127138708,41.91026394348685,41.91026394348685,3431400
2007-12-10,42.65968322753906,42.83000576226411,42.10330436620362,42.31336391668493,4582400
2007-12-11,42.02947235107422,43.028688376229915,41.94998970115633,42.81295037380702,5334200
2007-12-12,42.03516387939453,43.0457330240145,41.58097345572041,43.0457330240145,5685800
2007-12-13,41.96703338623047,42.01245329421204,41.382266148280394,41.745616749171326,4957000
2007-12-14,41.22329330444336,41.64909511849712,41.211936163773096,41.50148261014407,3901800
2007-12-17,40.88833236694336,41.387942667000694,40.68395145412427,40.962140796623075,5147300
2007-12-18,41.149497985839844,41.24033347316066,40.757758847348825,41.18923932369538,3780600
2007-12-19,40.47957229614258,41.1892421868079,40.40576385536537,41.07569240541269,4293600
2007-12-20,40.64988327026367,40.67259322251986,39.88344079040955,40.1502773150691,4802400
2007-12-21,41.104068756103516,41.615031792300435,40.8542636425228,40.8542636425228,7099700
2007-12-24,41.70588684082031,41.78536953582753,40.93376551947989,41.160860790135665,1554000
2007-12-26,41.55827331542969,41.728595847399596,41.15518127668162,41.54124192852908,2556600
2007-12-27,40.820213317871094,41.55259317092467,40.79182478941517,41.54691459893723,2768500
2007-12-28,40.6271858215332,41.17789042166056,40.456867624415004,41.01892503842417,2860000
2007-12-31,40.1502799987793,40.49659921374378,40.087828708770566,40.41711654127463,3319200
2008-01-02,39.264625549316406,40.05377827717009,39.08862443624281,40.05377827717009,6506100
2008-01-03,39.30435562133789,39.67905903778512,39.128354558759135,39.31570843272319,3842500
2008-01-04,38.61170959472656,39.22486091318941,38.49248560692879,38.89557746990604,5501300
2008-01-07,38.51519775390625,39.05454940706013,38.219977019528294,38.77068148376254,6548000
2008-01-08,37.8509521484375,38.70823458689901,37.731728126900144,38.5435906529242,5459700
2008-01-09,37.87366485595703,38.12914863336615,37.322960289220944,37.805534982351624,5093900
2008-01-10,39.54847717285156,40.019694586177806,38.78203039189712,39.04886690597989,12525400
2008-01-11,39.50871276855469,40.053742679605435,39.315684770811174,39.48600715944932,7260800
2008-01-14,39.69609069824219,39.77557337293784,39.338418662111756,39.74718917853563,5293900
2008-01-15,39.151065826416016,39.62796621873399,38.91261779599755,39.28164698487244,6674600
2008-01-16,38.963714599609375,39.45764640895401,38.69120378385333,39.01481308473946,6663600
2008-01-17,38.13481140136719,39.25325158388769,38.08939149929482,39.003446453969936,9622500
2008-01-18,38.12913513183594,38.70822369224112,37.90771420389391,38.16319789083623,7247800
2008-01-22,38.34487533569336,38.589001895846906,36.34076871306271,36.34076871306271,8553400
2008-01-23,40.66692352294922,40.86563456566891,37.470571763655556,38.16888887055734,10772500
2008-01-24,40.43414306640625,40.757752288721605,39.97427846929503,40.21840069720917,6769800
2008-01-25,39.7244758605957,40.81452759110916,39.56551052466423,40.740723494135416,5934900
2008-01-28,40.33763885498047,40.37170162411184,39.27597112507907,39.7017730651465,6135700
2008-01-29,40.26383590698242,40.85428186421653,39.951583707216805,40.286545866662415,6929800
2008-01-30,40.88833236694336,41.67181058058577,39.3497687950899,39.3497687950899,8812400
2008-01-31,41.427677154541016,41.7399292089877,39.91182378608994,40.58175212468523,8450400
2008-02-01,41.887542724609375,41.984056762053356,40.7634283710712,41.46174091431885,4694100
2008-02-04,41.28574752807617,41.98406012729726,41.240327625116,41.88754608211717,3495000
2008-02-05,40.735050201416016,41.42768868184989,40.61014761229107,41.138142164467624,5139100
2008-02-06,40.74073028564453,41.22898351681512,40.68963180115952,41.081370966779964,3559900
2008-02-07,40.98640823364258,41.46060386920529,40.30654184650318,40.68932438463947,5950800
2008-02-08,40.32367706298828,40.969265659570624,40.2037006525871,40.84357484139339,4583200
2008-02-11,40.7978630065918,41.01496250376005,39.95230956717206,40.2665365382978,5447800
2008-02-12,41.40346145629883,41.620560964652306,40.82071401779,40.96925808077669,5182300
2008-02-13,41.99761199951172,42.129012775542584,41.409154812247394,41.45485696632036,6273400
2008-02-14,41.32917785644531,42.10046131212693,41.32917785644531,41.929064020016746,3570900
2008-02-15,41.37488555908203,41.523429592548545,41.06066299302765,41.24919478913455,3398600
2008-02-19,41.266334533691406,41.76337880726185,40.912115517172346,41.76337880726185,4156700
2008-02-20,41.500572204589844,41.63197736706127,40.88354722734072,40.88354722734072,3046100
2008-02-21,41.07780838012695,41.70625797093975,41.049240706483864,41.420598669768935,3115700
2008-02-22,41.07208251953125,41.30632517339739,40.38650213144064,41.16349556264403,4738100
2008-02-25,41.4091682434082,41.51200575135067,40.81499645960887,41.26633861342224,4584600
2008-02-26,41.43772506713867,41.631975600093604,40.974958533249776,41.28918105473946,3655200
2008-02-27,41.31204605102539,41.70625727488273,41.15207754244993,41.15779194884618,2618600
2008-02-28,40.992103576660156,41.1749253276669,40.79785737319677,41.13493320584712,3109100
2008-02-29,40.12940979003906,40.79785574058371,40.06656440700654,40.563613065859904,6565100
2008-03-03,40.34080123901367,40.44935315315391,39.6552207552576,39.99801099713564,4747600
2008-03-04,40.59218215942383,40.68930526067929,39.992295976254276,40.049426955886055,5142500
2008-03-05,41.30631637573242,41.329165272830316,40.500755450426,40.500755450426,7372100
2008-03-06,41.15778350830078,41.50628812714747,40.88354872211448,41.18634681679445,5347200
2008-03-07,41.11208724975586,41.44345309448506,40.757868137236876,40.757868137236876,5511100
2008-03-10,40.672176361083984,41.329189325937854,40.506493428415006,41.066383268233224,5227000
2008-03-11,41.58627700805664,41.626269131464056,40.73501360477628,40.84927556913616,6412000
2008-03-12,41.100669860839844,41.56915103402871,40.580767736580455,40.580767736580455,5195200
2008-03-13,40.40936279296875,40.94639926376323,39.99801274125239,40.46077937002599,8300800
2008-03-14,39.76948165893555,40.563614035718416,39.375270493908694,40.32937135539397,8540100
2008-03-17,39.76948165893555,40.152264012875484,39.05533352450389,39.163885435758075,6428300
2008-03-18,41.07780838012695,41.07780838012695,39.92945676895205,40.220830476614495,8871300
2008-03-19,40.35794448852539,41.43202185896122,40.33509122207166,41.07780712596568,6768700
2008-03-20,40.94070053100586,41.037823664831336,39.99802379510681,39.99802379510681,9024500
2008-03-24,41.91192626953125,42.11760128197,40.649312884668774,41.02067078817287,6906800
2008-03-25,41.9005012512207,42.1290295478184,41.437734610751036,41.991914313385664,5154600
2008-03-26,41.551998138427734,41.814804136220445,41.414878554420255,41.72339108021546,4439700
2008-03-27,41.609127044677734,41.963341722002305,41.374884369453504,41.563420518953855,4169300
2008-03-28,41.283470153808594,41.883351878127506,41.254902489349476,41.72909782296367,3279700
2008-03-31,41.71767807006836,41.92906750004057,41.13493507439287,41.24348699232652,4543200
2008-04-01,42.69464874267578,42.70607319889687,41.80338859887797,41.80338859887797,7955900
2008-04-02,42.56893539428711,42.89458670938668,42.33469275701213,42.65463402643194,6149300
2008-04-03,42.608924865722656,42.69462349255289,42.077598609951046,42.397535500716494,3954100
2008-04-04,42.51182556152344,42.79177049748501,42.37470593839414,42.64322641850277,3793200
2008-04-07,42.15187454223633,42.63178430680412,41.997620478619375,42.53465685760871,5374200
2008-04-08,41.88335418701172,42.19758107812978,41.76337783553406,42.16330336594012,6779900
2008-04-09,40.317962646484375,40.91213464940159,40.237978372900905,40.592197555067706,14156500
2008-04-10,40.75215148925781,40.98638981823983,40.25510280266511,40.397932434107496,4672700
2008-04-11,40.50077819824219,41.123517784845525,40.28367868337226,40.34652408272164,5579300
2008-04-14,40.135128021240234,40.63217672747369,40.00372283724244,40.232251128343385,5526500
2008-04-15,40.58075714111328,40.83213870556585,40.106561684101294,40.32366552933388,3495800
2008-04-16,41.58627700805664,41.68340011364399,40.66645381087163,40.843561163273804,4895000
2008-04-17,41.24919891357422,41.48915602510975,40.934976316101235,41.38060410224403,3794800
2008-04-18,41.81481170654297,41.90050601354406,41.472017043277745,41.70625977258796,5709200
2008-04-21,41.4320182800293,41.72910635945014,41.34060958092523,41.5120068851153,4238000
2008-04-22,41.07780838012695,41.30633669282661,40.80357353312436,41.13493936859811,4410400
2008-04-23,40.94640350341797,41.64912730766364,40.53505340910978,40.77501053666626,4960600
2008-04-24,41.57484817504883,41.78623760370238,40.71787036634482,40.71787036634482,4795600
2008-04-25,41.54627990722656,41.803371475642884,40.854985080395934,41.69482393014982,3254200
2008-04-28,41.56914138793945,41.774816426863026,41.31775981618511,41.69483217381662,2809300
2008-04-29,41.81481170654297,41.96335141122167,41.432024913738836,41.432024913738836,3222800
2008-04-30,41.36918640136719,42.07190591458377,41.3063409998515,41.974782788174245,5178100
2008-05-01,42.03762435913086,42.27757712915368,41.232063027006284,41.232063027006284,4325300
2008-05-02,41.86621856689453,42.357552820721146,41.44915850697155,42.357552820721146,4061100
2008-05-05,41.55770492553711,41.637689163860315,41.23205356698862,41.506288354678226,3412100
2008-05-06,41.89479446411133,41.93478659221692,41.180646205929214,41.27776932292637,3316500
2008-05-07,40.89496994018555,41.991900163651465,40.82069576250052,41.991900163651465,4912200
2008-05-08,40.603607177734375,41.30633087756103,40.36936885033509,41.12921917177538,4633000
2008-05-09,40.15797424316406,40.44934787218585,40.020859036077155,40.283664999166156,4179600
2008-05-12,40.232242584228516,40.38078659572005,39.76376164842938,39.87802794912044,4075500
2008-05-13,40.4493522644043,40.637884060065446,40.15797860374352,40.35793921054432,3876600
2008-05-14,40.906402587890625,41.15778411570342,40.4493504159204,40.552187917406165,3553400
2008-05-15,41.02714538574219,41.10188496211703,40.40046726278325,41.10188496211703,4504400
2008-05-16,40.68792724609375,41.00989208185914,40.27397997676478,41.00989208185914,4228900
2008-05-19,40.774192810058594,41.308879960872076,40.590214671412284,40.78569391106545,3536000
2008-05-20,40.360233306884766,40.762688425082786,40.23375192430322,40.53271469845306,3336000
2008-05-21,39.88877868652344,40.71093158293347,39.75654678917784,40.509706269766575,6819800
2008-05-22,39.87152099609375,40.11874185511858,39.72778804053005,40.02100449806687,4198100
2008-05-23,38.53192901611328,39.94626516689999,38.40544769906028,39.76228715818995,11591500
2008-05-27,39.32533645629883,39.42307381070809,38.47443545235887,38.47443545235887,6319700
2008-05-28,40.55571365356445,40.808685198630215,39.957783702017096,40.400479519498056,9399900
2008-05-29,41.165130615234375,41.33761197101322,40.457966706583925,40.75692941869975,6796400
2008-05-30,40.83167266845703,41.23412773930326,40.73968582045847,41.205379381963,4534500
2008-06-02,40.81440353393555,41.03862656458905,40.54418491074258,40.83165078454257,4275100
2008-06-03,40.7224235534668,41.245609250462515,40.48095323177647,40.87765322130148,4314300
2008-06-04,40.670692443847656,40.906416692449056,40.39472751313481,40.53270997849123,3499700
2008-06-05,40.848915100097656,40.946652474793616,40.492455726851645,40.659186511770784,3028100
2008-06-06,39.43458557128906,40.521211136271255,39.405841601809236,40.521211136271255,5946200
2008-06-09,39.940521240234375,40.0612564172378,39.532320102827796,39.791037712637646,3328100
2008-06-10,40.23949432373047,40.371730629749266,39.40584457735118,39.72205458380586,5522400
2008-06-11,39.129852294921875,39.90026309708707,39.055112748823426,39.77377741416584,5124200
2008-06-12,39.26210021972656,39.9980123544481,38.91139140765109,39.38283539310597,4015600
2008-06-13,39.27360153198242,39.75079612060317,38.807908039155066,39.54382026015038,6231100
2008-06-16,39.1413688659668,39.35409088375377,39.03213038999009,39.089622708678924,3431900
2008-06-17,38.715911865234375,39.27934705469141,38.65267339199243,39.262099799590665,3534600
2008-06-18,37.83052062988281,38.198476693565105,37.376323904253866,37.6580393059895,8196400
2008-06-19,38.42844772338867,38.56643454344709,37.53155532492141,37.73278062119516,5741400
2008-06-20,38.15824508666992,38.5664463516309,37.859277938055456,37.859277938055456,8470500
2008-06-23,38.09499740600586,38.46295355303972,38.043251242563116,38.45145245610432,4323500
2008-06-24,35.79526901245117,37.20960354378928,35.74927558821129,36.61167367632859,14626600
2008-06-25,35.30082321166992,35.96199364957517,35.17433747868311,35.89300242848753,9857600
2008-06-26,34.42692565917969,35.3123191922446,34.39817950041891,35.15708949629817,10591600
2008-06-27,34.70288848876953,34.74888189852603,34.09345990886074,34.39817529541067,9467000
2008-06-30,35.341064453125,35.72051941787597,34.46141715828187,34.68564244066342,9080500
2008-07-01,34.78337097167969,35.070836847478695,34.20843922008167,34.73737537882037,9432700
2008-07-02,33.656517028808594,35.047851301254596,33.656517028808594,34.93286447210576,8839400
2008-07-03,34.191200256347656,34.507412357729436,33.495531001478405,33.55877386039298,5184400
2008-07-07,33.28856658935547,34.783389042845705,33.12758412390251,34.398185621880096,8549200
2008-07-08,34.72587585449219,34.754622001100145,33.78873656137798,33.88647389848312,10272100
2008-07-09,34.08771896362305,35.07085216179257,34.047473898892704,34.69714548279194,6207200
2008-07-10,34.09347152709961,34.43843208718742,33.70826809050546,34.156714406108634,5098300
2008-07-11,33.34029769897461,33.880732828203826,32.85735487531776,33.639260319779964,7010000
2008-07-14,32.88036346435547,33.78875716477362,32.771127163359964,33.679520863778116,5187000
2008-07-15,32.44916534423828,33.14483481797197,32.25368835209021,32.79987425896205,6206400
2008-07-16,34.00147247314453,34.04171753099468,32.43190863741522,32.546895456926144,6108600
2008-07-17,34.36366653442383,34.518898350111854,33.58750745598372,34.20843471873581,7337600
2008-07-18,34.96160888671875,35.082344056791065,33.92672973412433,34.32918249422315,9593800
2008-07-21,34.18544006347656,35.369800214193575,33.95546868790184,35.369800214193575,5252500
2008-07-22,35.709014892578125,35.760758842948654,33.938223873845324,33.938223873845324,7114100
2008-07-23,36.450679779052734,36.54841713978011,35.36405675184558,36.180461110609635,7172800
2008-07-24,35.939002990722656,36.594427397545914,35.90450846991583,36.52543396954864,7029700
2008-07-25,35.962005615234375,36.444948709920546,35.720535164487345,36.12873646543139,4292000
2008-07-28,35.410057067871094,36.071229653658136,35.410057067871094,35.92749667354715,4613100
2008-07-29,36.57141876220703,36.66340777911399,35.47904726739459,35.70327035903086,5923700
2008-07-30,36.186222076416016,37.284342193232256,35.76077359184814,36.79565083288468,6184700
2008-07-31,36.2667121887207,36.519681483189416,35.921751667327115,35.96774728078955,5922700
2008-08-01,35.79526901245117,36.33570655131407,35.289330379853745,36.030991068808895,4805900
2008-08-04,35.9734992980957,36.36445327956055,35.63428929044802,35.709031073337655,3443500
2008-08-05,37.51429748535156,37.61778537800778,36.20345376929361,36.20345376929361,7080400
2008-08-06,36.968135833740234,37.44532614372344,36.64617306776277,37.44532614372344,4251300
2008-08-07,36.37019348144531,36.922129809487764,36.22646049675337,36.40469018732025,4446000
2008-08-08,37.77302551269531,37.95700355224031,36.55992099981774,36.55992099981774,6374000
2008-08-11,37.66380310058594,38.135247247148094,37.10611826174382,37.62930419184366,5256800
2008-08-12,37.33032989501953,37.738531033537214,37.12910459946609,37.30733209175879,3594200
2008-08-13,37.14059829711914,37.376322471646056,36.508174111054466,37.13484775017451,3971200
2008-08-14,37.70979309082031,37.991512968732664,36.65192016714644,36.95088291928533,4744300
2008-08-15,38.02601623535156,38.43996813073388,37.73855012871215,37.945526076403304,5080800
2008-08-18,37.54305648803711,38.18123127622439,37.324579549072006,38.094990610126715,4029000
2008-08-19,36.7956428527832,37.43956818180459,36.73815053810222,37.31883300505979,5559700
2008-08-20,36.26095199584961,37.2383343968576,35.8412520039976,36.8416343988109,5139200
2008-08-21,36.011959075927734,36.116190684977184,35.31708462753409,35.96563514354576,3702700
2008-08-22,36.782108306884766,36.909502964775704,36.13934756418283,36.13934756418283,3655700
2008-08-25,36.405723571777344,36.78211575047006,36.174099484772036,36.51574705638553,3795400
2008-08-26,36.36520004272461,36.452060481603105,35.94248380535155,36.13357588730315,3934300
2008-08-27,36.782108306884766,37.06005848041367,35.988792048544866,36.34201887541695,3561900
2008-08-28,37.465396881103516,37.68544378099312,36.82842808132872,36.95582272486422,3203100
2008-08-29,37.12955856323242,37.73178522020096,37.08323241625687,37.34960113450948,3243700
2008-09-02,37.64491653442383,38.79145970397379,37.55226426081388,37.6333327912708,5300500
2008-09-03,38.01551818847656,38.10816604758373,37.378549246689666,37.66808098549314,5342000
2008-09-04,37.152713775634766,38.18923348299374,36.857390173533375,37.92865669272425,5090000
2008-09-05,36.99636459350586,37.100596194395564,36.278327130656564,36.92687759589666,4067500
2008-09-08,38.21238708496094,38.36873665471195,37.500141678458576,37.569626449101236,5804300
2008-09-09,37.731788635253906,38.76252120027515,37.731788635253906,37.783902241889734,5907500
2008-09-10,38.61774826049805,39.06941710739676,38.24714795443222,38.61195638818023,6493000
2008-09-11,39.445804595947266,39.52108125551246,38.12553619241639,38.322420066676806,7220200
2008-09-12,39.723751068115234,39.984332266645396,38.95359563324472,39.29524535987667,7063000
2008-09-15,39.17363739013672,40.11171721072946,38.72196867386571,38.72196867386571,6421200
2008-09-16,39.85115432739258,39.97854901843199,38.090800561375254,38.2529376525511,7931000
2008-09-17,37.963401794433594,39.069415204344,37.39592203624503,38.94781239901788,9927500
2008-09-18,38.49613952636719,38.90148216816704,37.482778503964106,38.07921314171394,10911800
2008-09-19,39.20260238647461,40.53445038042169,37.13534559378928,38.803051522614076,9194700
2008-09-22,38.148704528808594,39.14469452718992,37.876548375305795,38.785677958869364,5135600
2008-09-23,37.51752853393555,38.889910759802866,37.3843419714302,38.18345251065355,4756400
2008-09-24,36.70682144165039,37.911274139961954,36.31305822942939,37.25692979762133,6116800
2008-09-25,36.92687225341797,37.37275132405942,36.72419874369831,36.99635924097398,5241300
2008-09-26,37.28589630126953,37.52331444342607,36.32465103403193,36.32465103403193,4972900
2008-09-29,36.8052978515625,37.74338063820459,35.658751732565904,36.75897168483785,8223700
2008-09-30,36.41730880737305,37.662296408965275,36.24359017223169,36.80528256117595,7289400
2008-10-01,36.94426345825195,37.31486608016763,35.69927783401399,36.19148109330182,6013000
2008-10-02,35.36919403076172,36.72999215635908,35.01596499835134,36.72999215635908,7295900
2008-10-03,35.18389892578125,36.701046956846,34.97543791159757,35.74559125379121,7101600
2008-10-06,34.74380874633789,35.757169834772746,33.19191844561865,34.76117994384646,9678900
2008-10-07,34.2747688293457,35.68768522675377,34.043144747556454,35.25338758832792,7611400
2008-10-08,33.527774810791016,34.84803877670779,32.8502694221562,33.527774810791016,11890900
2008-10-09,30.69036293029785,34.10683817781737,30.499270931001035,33.56251711966409,9971600
2008-10-10,29.937580108642578,30.921988392476415,25.085027892298154,29.236913880630613,18956000
2008-10-13,32.22488784790039,32.69971978817868,29.97232875444341,30.840924090408897,8526100
2008-10-14,31.790592193603516,33.93891759715594,30.730904756305655,32.960298709584244,8139100
2008-10-15,29.70595932006836,31.48368422071879,29.624890777464437,31.147828514366516,7453800
2008-10-16,29.902849197387695,30.325565434484144,28.026684041204913,30.140265226687145,11270300
2008-10-17,29.265859603881836,30.481891645802758,28.42621738019778,28.99369914702429,8691800
2008-10-20,30.209739685058594,30.644037280592745,29.265867834543005,29.578562633476025,5513100
2008-10-21,29.358516693115234,30.418201634005207,29.19058776626299,29.8217670008527,4953500
2008-10-22,26.862756729125977,29.09215263884404,25.92467443162168,29.09215263884404,9101300
2008-10-23,27.87032127380371,28.1714344983783,26.81063422141902,27.60974230936883,11372700
2008-10-24,26.955411911010742,28.026680966837272,26.057863713771336,26.1447241430649,6456400
2008-10-27,25.87256622314453,27.088599106293515,25.837821606014984,26.63114046332769,5727900
2008-10-28,28.293045043945312,28.316208115797068,25.970999001181884,26.636922958731006,7761500
2008-10-29,27.621334075927734,29.16164315878149,27.447615438258218,28.258303150366743,6438400
2008-10-30,29.60750961303711,29.763856982130893,28.252501289842325,28.449382916595457,9270500
2008-10-31,30.562971115112305,31.06675795537053,29.23691736624761,29.42800717441813,7466200
2008-11-03,30.70193862915039,31.13623613524351,30.11708341726557,30.412406958421645,4174400
2008-11-04,31.952714920043945,32.010620369814866,30.9046094911603,31.246256946291883,6101800
2008-11-05,30.36610221862793,32.32333830980477,30.157641124396527,31.570555877491493,5750400
2008-11-06,28.877891540527344,30.545594774193553,28.825775745445537,30.186576079714218,7734100
2008-11-07,30.064983367919922,30.377678266158608,28.895276749683358,28.970553433037022,5418900
2008-11-10,31.03780174255371,31.85428116357716,30.574551398879393,31.25784648415597,6979900
2008-11-11,30.910411834716797,31.68056518058326,30.29660369799569,30.661414340222994,5379300
2008-11-12,29.648059844970703,30.881466059742532,29.283249120526417,30.366097546628037,6524700
2008-11-13,32.1834716796875,32.259418052575995,28.81264855734453,30.132937440008288,11316600
2008-11-14,31.044286727905273,32.13673655269048,30.05114951058286,31.570065910175636,8083600
2008-11-17,31.126070022583008,31.879686008803763,30.086198252427575,30.69376473256858,7915400
2008-11-18,31.727800369262695,32.21852687409695,30.62366406198141,30.997552726862846,7778000
2008-11-19,30.004411697387695,32.33536062950491,29.64805053634524,31.686902676938608,8231100
2008-11-20,28.74837875366211,30.933279928062277,28.251811419203886,29.65972829989191,10811900
2008-11-21,30.559402465820312,30.60613715353114,28.222610138269452,28.83601767854379,10213300
2008-11-24,31.90305519104004,32.399622631602284,30.61781906256647,31.050126590962897,10863800
2008-11-25,32.9662971496582,33.030559293692974,32.2009968784404,32.42299276823176,9228400
2008-11-26,33.52711868286133,33.70237761530019,31.89720593124961,32.24772602466557,6360600
2008-11-28,33.64982223510742,33.73161187162442,32.78520899164236,33.29930413562203,3165900
2008-12-01,31.383119583129883,33.21165785317422,31.307173213548964,32.80856200577767,6513500
2008-12-02,32.24190139770508,32.39379419437347,31.073504869349243,31.949802265616118,5380400
2008-12-03,33.141563415527344,33.29929719598567,31.32470666809237,31.634333227602095,6825600
2008-12-04,33.1999626159668,34.25735922592901,32.57486890893731,32.773496253502564,8714100
2008-12-05,33.78417205810547,33.87764365075789,31.68690110871179,32.814401220096045,6155400
2008-12-08,34.245689392089844,34.74810007642522,33.42197022291215,34.40926636304893,8454400
2008-12-09,31.844633102416992,32.68003644963518,31.313012993145282,31.832951103126263,10479700
2008-12-10,31.64016342163086,32.28862355472873,31.079333879479705,31.797897148211845,5862800
2008-12-11,30.278982162475586,31.476587567437267,29.945987265936562,31.37727275268812,6600800
2008-12-12,30.395824432373047,30.7813950638933,29.519527339959858,29.79994214210743,5783600
2008-12-15,30.290658950805664,30.91575049925698,29.852510544216166,30.594442113465618,4521400
2008-12-16,30.752174377441406,30.974170183782384,29.244945087691857,29.595462905250933,7827700
2008-12-17,30.64702606201172,31.02091241955138,30.056987071870413,30.29650815895291,5613200
2008-12-18,30.83396339416504,31.774522337558494,30.413342435958675,30.962487640900953,7177900
2008-12-19,31.155284881591797,31.69274604903814,30.997551131526766,31.54669652807483,6949300
2008-12-22,31.073490142822266,31.277960775504354,30.687919560338248,31.120227051505648,4197800
2008-12-23,30.763870239257812,31.476592596914475,30.559401806424564,30.874867070147467,3815700
2008-12-24,30.898229598999023,30.962491730855618,30.68207697883096,30.863179147832412,1204600
2008-12-26,31.05596351623535,31.126066647561487,30.740496082460194,30.96249193162105,1281300
2008-12-29,31.032604217529297,31.050131676935184,30.30819978020458,30.94497583465595,3167600
2008-12-30,31.651851654052734,31.733639027398077,30.565242885804512,31.149440956601296,3410000
2008-12-31,32.224361419677734,32.510619418714036,31.657688649555663,31.657688649555663,3977400
2009-01-02,32.77935028076172,32.937084008880205,31.76284477573319,32.317833323882276,4233200
2009-01-05,32.23604202270508,32.732609372822196,31.93225883104889,32.680031469871345,3593500
2009-01-06,32.376251220703125,32.83776816315642,31.751159555775633,32.387935447813916,4578400
2009-01-07,31.2020206451416,32.130895719632534,31.079339578152343,32.05494934212251,5222100
2009-01-08,30.50098991394043,31.37144628175496,30.197206558345407,31.120240857484834,5726800
2009-01-09,29.753202438354492,30.81060155381757,29.747359210742122,30.495134118900843,4417500
2009-01-12,29.58963394165039,30.086201423239785,29.426056962195297,29.89925821403868,4044500
2009-01-13,29.058012008666992,29.67141951590488,28.85938458238115,29.59547314535887,4530700
2009-01-14,28.1291446685791,28.85354920011282,27.907148725059077,28.85354920011282,5578500
2009-01-15,28.21676254272461,28.37449626784854,27.486515053375946,28.129134181125856,6495800
2009-01-16,28.158361434936523,28.67245661640738,27.597531543444614,28.573141736235335,5857200
2009-01-20,26.832218170166016,28.076560712787646,26.785481253758242,28.041508025481814,5306200
2009-01-21,27.87793731689453,27.98309316551876,27.00748106518044,27.276211687869402,5867900
2009-01-22,27.825347900390625,28.216759441970623,27.28204364973612,27.433934130272387,5012900
2009-01-23,27.410566329956055,27.912976915927615,27.217782168210164,27.50404013993987,5856900
2009-01-26,27.439775466918945,27.98892067845319,27.165201746882783,27.579981711824757,4972200
2009-01-27,27.52157211303711,27.80782792641539,27.12431723735642,27.650096404739344,3864500
2009-01-28,27.369678497314453,27.848720733092367,26.902320490279752,27.714355445353565,6525700
2009-01-29,26.195438385009766,27.32294070225417,26.078598339409698,27.09510383903022,6384100
2009-01-30,24.82257652282715,26.76211390162423,24.676527007986774,26.318122128527794,11081500
2009-02-02,24.78168296813965,25.091309484490367,24.185802851965025,24.647317669116823,7534900
2009-02-03,26.288908004760742,26.62190066120464,24.76999421145657,24.945253152447304,12611900
2009-02-04,26.306440353393555,26.767957398181956,26.037709755873326,26.639433100003174,7367900
2009-02-05,26.820528030395508,27.019155424277677,25.950072096710556,26.15454271812539,6893900
2009-02-06,27.498207092285156,27.690993553938203,26.767959395488674,26.803012087208987,5884300
2009-02-09,27.60919761657715,27.825352489871022,27.130155415477038,27.825352489871022,4769900
2009-02-10,26.125343322753906,27.60920500626533,25.88582215809528,27.422261766948314,7184700
2009-02-11,26.464176177978516,26.545963563737114,25.87997801851524,26.323969867689236,5426700
2009-02-12,26.230506896972656,26.25971636886553,25.289947193659145,25.90335501756887,6390000
2009-02-13,26.195438385009766,26.803004839299305,26.09612356626123,26.195438385009766,4030900
2009-02-17,25.091312408447266,25.64630112806902,24.647320541334178,25.64630112806902,6473700
2009-02-18,24.962779998779297,25.31330013205784,24.682365229279558,25.225669541603583,5958900
2009-02-19,25.346555709838867,25.730326960014786,24.968689880147007,25.37017288725911,6161500
2009-02-20,25.26979637145996,25.68308789142872,24.649860217635613,25.22256427754622,7247800
2009-02-23,24.159818649291992,25.688995990156343,24.100777957501222,25.4882544849065,5575100
2009-02-24,25.48825454711914,25.624052192633812,24.236573409583904,24.32513669974425,6988000
2009-02-25,24.815174102783203,25.317028858848097,24.549488807977735,25.14580774493452,7472600
2009-02-26,24.319229125976562,25.252087291307156,24.24247668370847,25.122195077841422,5721200
2009-02-27,24.313323974609375,24.65576398363862,23.29780802983599,23.88232069048658,8382200
2009-03-02,22.97898292541504,24.130294239501524,22.731009358946565,23.905937846675087,9002400
2009-03-03,22.725099563598633,23.362747300152048,22.571590231955987,23.25647230201698,6553700
2009-03-04,24.029926300048828,24.301517059035575,22.860903150609627,23.03212204077044,8823800
2009-03-05,23.598928451538086,23.65796915116219,23.008512446263744,23.65796915116219,13430600
2009-03-06,23.250574111938477,24.36055415981173,22.695581835744385,23.776043797244185,9498700
2009-03-09,22.612926483154297,23.256479846289785,22.429899012081798,23.043929781069593,7429700
2009-03-10,24.33694076538086,24.437310373467316,22.902230145886325,23.026216927260517,10005100
2009-03-11,25.21666145324707,25.458731871643142,24.260188367420863,24.496355618066804,9720700
2009-03-12,25.547304153442383,25.58863309902601,24.649871438003323,25.122203853429507,6623100
2009-03-13,25.44101905822754,25.795267667208,25.13990796581992,25.759844157664592,5570900
2009-03-16,26.409303665161133,26.95248747931757,25.71261270376409,25.71851812419141,9306900
2009-03-17,27.30084228515625,27.324457218157736,26.090487441544905,26.379792330335892,6448300
2009-03-18,27.466142654418945,27.9502834191008,26.303022834453824,26.96428788460947,8582500
2009-03-19,27.153221130371094,27.867623641985176,27.046946115985506,27.714114286869403,7202100
2009-03-20,26.397499084472656,27.389398154611374,26.320746625328084,27.18865662250572,8956500
2009-03-23,28.068361282348633,28.127401948004103,26.586416700471837,26.781254951197536,6403800
2009-03-24,27.891244888305664,28.611550671646004,27.672789408890022,27.97980591173085,5976100
2009-03-25,28.38128089904785,29.04254581467625,27.70820739982253,28.162827733147374,9207600
2009-03-26,29.792388916015625,29.839623274081795,28.49347334855197,28.49347334855197,9107300
2009-03-27,29.58573341369629,30.105299901181965,29.31414271088275,29.72743193157408,8372700
2009-03-30,28.700111389160156,29.18425214795539,28.34586057026239,29.036648203145685,6402500
2009-03-31,29.060274124145508,29.473563492237332,28.221882294034653,28.90676471406157,7949200
2009-04-01,29.562124252319336,29.721536817313176,28.74734967088124,28.74734967088124,6245700
2009-04-02,30.920082092285156,31.658102015975185,29.821908085473105,30.128924643999127,10843900
2009-04-03,31.144432067871094,31.185760991856394,30.554016294072593,30.660291313536916,6790900
2009-04-06,31.044052124023438,31.132613109231638,30.441827965129605,30.801979575253643,5649400
2009-04-07,30.276521682739258,30.66619602295872,30.12301456482267,30.577635003788302,5166500
2009-04-08,30.819717407226562,30.85514092780045,30.063983352612823,30.45956326633585,4206900
2009-04-09,31.581336975097656,32.053669087504396,31.114908028733492,31.36288154315059,6553100
2009-04-13,31.545913696289062,31.852930156497738,31.144430806189817,31.256608987854445,3567200
2009-04-14,31.545913696289062,31.8706419082718,31.014538620493784,31.262514406617363,4690100
2009-04-15,32.030059814453125,32.065485576212765,31.303848590313407,31.33336893231758,4834300
2009-04-16,33.01604461669922,33.14003362449001,31.764363972665638,32.21898432854616,5854300
2009-04-17,32.2662239074707,33.140039008649396,31.776177719425508,32.9983382276913,8297600
2009-04-20,31.386507034301758,31.793893166977117,31.10901085931922,31.793893166977117,5956900
2009-04-21,32.67951583862305,32.83892838567215,31.144435555736276,31.16214731021139,6243600
2009-04-22,32.32526397705078,33.801303428057665,32.15404286019219,32.32526397705078,7635100
2009-04-23,31.486881256103516,31.717143098409743,29.880949275751245,31.233002237084357,12637600
2009-04-24,31.457355499267578,31.906072802708934,31.014543615540244,31.297942950854814,6055600
2009-04-27,30.235198974609375,31.044070413375493,30.052171479329317,31.044070413375493,5839300
2009-04-28,30.134822845458984,30.50088000928316,29.886847039330817,30.09349391981388,4366500
2009-04-29,30.57762908935547,30.94958935198894,30.252900910692244,30.294229828762628,4456600
2009-04-30,30.902359008789062,31.24479895669908,30.707520739261362,30.925976178233128,4972300
2009-05-01,30.500885009765625,31.055875139600566,30.235197406876274,30.76066719244749,3775900
2009-05-04,31.95331573486328,32.04778221200279,30.34148020177504,30.58945611192779,4982000
2009-05-05,32.56142807006836,32.56733123631346,31.88835225300729,31.88835225300729,4698900
2009-05-06,32.96292495727539,32.96292495727539,32.230808157460764,32.77398977324403,4875100
2009-05-07,32.96292495727539,33.60647620770018,32.61457944202022,33.16956964757159,7717400
2009-05-08,34.019752502441406,34.17916501405087,33.299446869409316,33.376199289910126,7036100
2009-05-11,32.96292495727539,33.5710526906541,32.82122413231642,33.429351865695125,4451100
2009-05-12,32.26032257080078,33.20498930813385,31.79979891585881,33.069191676912595,6669500
2009-05-13,30.94369125366211,31.78208284094225,30.660291946657654,31.78208284094225,6810200
2009-05-14,31.122343063354492,31.545170359826827,30.89008712785944,31.15212132935149,4387400
2009-05-15,30.96156883239746,31.860817062049254,30.84841681320144,30.997299135921295,5344800
2009-05-18,31.44395637512207,31.66430164862844,30.997309261067027,30.997309261067027,5103700
2009-05-19,30.860319137573242,31.801256247404364,30.82458657216687,31.49753512085854,5819900
2009-05-20,30.88414192199707,31.646418503071715,30.836498499798203,31.27123450442755,5133300
2009-05-21,29.47273826599121,30.645929132079925,29.383407985898458,30.645929132079925,7131700
2009-05-22,29.56803321838379,29.93726078031601,28.936771287794222,29.65140696413324,6093900
2009-05-26,30.455360412597656,30.610199264014362,29.270258674530993,29.311945533351626,4902400
2009-05-27,29.627580642700195,30.663802553196852,29.52038519431213,30.508963673630166,4487400
2009-05-28,29.186891555786133,30.05636610686938,29.091606953556145,29.716914569439798,5929800
2009-05-29,30.455360412597656,30.455360412597656,29.26430211083466,29.28216725839681,5962100
2009-06-01,31.301008224487305,31.563040193161864,30.67570089381609,31.08661739931581,6763300
2009-06-02,31.301008224487305,32.23003210454634,30.907959135593924,31.18785624911175,5131700
2009-06-03,30.3839054107666,30.979434715708877,30.151649345321356,30.800776378578995,6510600
2009-06-04,30.371992111206055,30.62806987349262,29.93129946138894,30.431544128208767,4668500
2009-06-05,30.681665420532227,31.128312331652964,30.49705054610073,30.907967158260558,4023000
2009-06-08,30.62807273864746,30.812687643448115,29.895571956524655,30.55660985720632,4225600
2009-06-09,30.896045684814453,31.074703933519242,30.401755515909546,30.586370326903467,3064600
2009-06-10,30.75907325744629,31.16403315258797,30.25287225263778,31.074702895338582,4698300
2009-06-11,30.83649444580078,31.15808068807478,30.699523032631436,30.741209885693277,3692600
2009-06-12,30.092086791992188,30.81267877972249,29.824100495737145,30.729302791634122,5606500
2009-06-15,29.180919647216797,29.776448619608974,29.00226140985169,29.728805211371483,6316900
2009-06-16,28.847421646118164,29.53823514026387,28.81169136289026,29.347666057172823,4237500
2009-06-17,28.65686798095703,28.942721759388267,28.30550561901291,28.567539953064458,6353900
2009-06-18,28.764057159423828,28.99631316176721,28.38291887129485,28.740235448474916,3756800
2009-06-19,28.668779373168945,29.026098306688265,28.400790740970436,29.020141741659447,6419200
2009-06-22,27.894582748413086,28.56753125818362,27.63850505721978,28.53775298618559,7168200
2009-06-23,28.10898780822754,28.442482814429074,27.95414889383596,28.108987808227543,5780900
2009-06-24,28.371007919311523,28.87720905231864,28.2161713421971,28.38291877474546,4696600
2009-06-25,29.401277542114258,29.448920971111722,28.210219078342405,28.210219078342405,5046500
2009-06-26,29.693082809448242,29.836008528577093,29.180927393749283,29.246435961584734,5543700
2009-06-29,29.967023849487305,30.288610105697426,29.41913817306699,29.7407221575139,4090000
2009-06-30,29.770496368408203,30.21118656597365,29.478686152374678,29.925332912259144,4541400
2009-07-01,30.282655715942383,30.51491398771649,29.746680855555315,29.746680855555315,3703300
2009-07-02,28.942712783813477,29.937247542630463,28.942712783813477,29.853873833747294,4427300
2009-07-06,29.264314651489258,29.288136372956075,28.66878524540518,28.73429384355673,4400800
2009-07-07,28.418655395507812,29.28217095591302,28.341235960023557,29.258351513410236,4574500
2009-07-08,28.513952255249023,28.722386665396623,27.858868461507875,28.591369452295453,7529600
2009-07-09,28.597305297851562,28.936756675135648,28.466288179684707,28.716411562388426,3978200
2009-07-10,28.924840927124023,29.049901461432828,28.30549027374328,28.36504453181604,3783300
2009-07-13,29.431041717529297,29.44295256999028,28.531793938471935,28.930799544744968,3829400
2009-07-14,29.526334762573242,29.579930202303537,29.002268502609578,29.246435350132995,3559800
2009-07-15,30.092086791992188,30.157595361037068,29.60375307772011,29.859830790297345,4497200
2009-07-16,31.521364212036133,31.807217986931395,29.949167314230255,30.050406198942305,7806700
2009-07-17,31.06875991821289,31.521363420927383,30.913923312608755,31.312929091890314,5167500
2009-07-20,31.414159774780273,31.51539863052754,31.068751809085164,31.164038645218888,3884700
2009-07-21,31.140235900878906,31.723854497047842,30.794827724827,31.503509233704325,3768000
2009-07-22,31.14617347717285,31.884630608203647,30.907963184922842,30.907963184922842,5073200
2009-07-23,31.86675453186035,32.158564729911085,30.252871550823063,30.4910840501201,7732600
2009-07-24,31.80125617980957,31.979914462935017,31.330787625894004,31.75361275936901,3424100
2009-07-27,32.27767562866211,32.307451627422324,31.60472715221845,31.82507226915974,3574800
2009-07-28,31.848896026611328,32.09901943017341,31.449892619666517,32.039465157057094,3442000
2009-07-29,31.527324676513672,31.90846538941192,31.318890301444892,31.700028742578834,3920200
2009-07-30,31.932279586791992,32.18835736077184,31.592828076495714,31.950147010119746,4325600
2009-07-31,31.99778175354004,32.15857490065493,31.789347454556,31.950140601670892,3444100
2009-08-03,32.38486862182617,32.52779431390109,31.67023334616283,32.28958406985525,3473100
2009-08-04,32.20622634887695,32.50399100548226,31.991835432638887,32.25982180617243,2698900
2009-08-05,31.968000411987305,32.33722779643672,31.52730790402141,32.31936265143915,3264100
2009-08-06,31.705976486206055,32.09902567822761,31.574959331610977,32.02756053657739,2817300
2009-08-07,32.22407913208008,32.4563351115984,31.890582026860102,31.979912298257844,3875400
2009-08-10,31.991832733154297,32.20026706648462,31.81912870167269,32.027563035003006,2315400
2009-08-11,31.956113815307617,32.128817920590656,31.62261646770225,31.962068110905562,2886900
2009-08-12,32.474212646484375,32.777933867699545,31.70598156077951,31.98587879253454,3987200
2009-08-13,32.23005294799805,32.73625433963176,31.99779682778126,32.6350131525992,3602000
2009-08-14,31.87866973876953,32.384870800984366,31.568994356085454,32.253853681297194,3386200
2009-08-17,31.03302001953125,31.68214679290213,30.925824605817667,31.616638232103487,4219500
2009-08-18,31.318889617919922,31.420128520239736,30.90797517099628,31.07472266741209,3419000
2009-08-19,31.43202018737793,31.783382391538744,31.033016844087673,31.033016844087673,3439800
2009-08-20,31.696304321289062,31.780394964089858,31.377960518886574,31.642245723588815,3194800
2009-08-21,32.20685958862305,32.26692597688623,31.83445714658505,31.960593124990083,5157700
2009-08-24,32.14681625366211,32.40509616175765,31.97863484050219,32.18886160695209,2565000
2009-08-25,32.6573600769043,32.74745854920424,32.224893367242814,32.296970770303176,4165900
2009-08-26,32.44112777709961,32.71142092103572,32.21888776599636,32.62132473392334,3316800
2009-08-27,32.40507125854492,32.64532990823525,31.924551667866123,32.3209806165884,2900500
2009-08-28,32.26093292236328,32.73544729545701,32.05070619570123,32.555252630989614,3064200
2009-08-31,32.11076736450195,32.24291117555481,31.762391350770685,32.10476186913558,3474100
2009-09-01,31.58219337463379,32.573264979189425,31.492094914538267,32.06871864351235,4098800
2009-09-02,31.68430519104004,31.84047327006594,31.269857284498887,31.49810276220603,3802000
2009-09-03,31.732357025146484,31.930570436270926,31.335925620299403,31.762389082432115,4018900
2009-09-04,32.321006774902344,32.35103884400718,31.684316369899864,31.7864258631163,2914900
2009-09-08,32.49517822265625,32.61530873318655,32.062711592565634,32.37505000342485,3716100
2009-09-09,33.294036865234375,33.48023923026775,32.891600086948934,33.12585556217095,6638300
2009-09-10,33.816619873046875,33.972790273157614,33.36012653926856,33.4382094480243,5785900
2009-09-11,35.318233489990234,35.39031087689238,34.51936986596949,34.74160981217542,12311500
2009-09-14,35.552494049072266,35.600547177784506,34.9758702523211,35.1620726891321,4696400
2009-09-15,35.61256408691406,35.73870012568105,35.35428422202955,35.60655629956353,4690600
2009-09-16,35.55849838256836,35.81677819606574,35.246159950169215,35.81677819606574,4489000
2009-09-17,35.342262268066406,35.79274997425796,35.01190507511906,35.25817159618515,4127900
2009-09-18,35.30022048950195,35.600545657228224,35.144050119156745,35.45038307336509,5066100
2009-09-21,35.150054931640625,35.35427612006758,34.78365789140706,35.21612682955802,2943100
2009-09-22,35.216129302978516,35.408337224256755,35.017913595304556,35.408337224256755,3619400
2009-09-23,34.981876373291016,35.69064165765224,34.927817751713555,35.2221351315137,3128800
2009-09-24,34.86775207519531,35.19810930674426,34.56742690264186,34.95785054348104,3565800
2009-09-25,34.1229248046875,34.903769288757935,33.82860531825366,34.83769742703007,4016900
2009-09-28,34.615482330322266,34.789669200590815,34.0628827846273,34.273111794164265,2729300
2009-09-29,34.104915618896484,34.76563217485425,34.044851518945116,34.741605618354285,3178400
2009-09-30,33.918724060058594,34.29713210920602,33.51028166208753,34.17099609282354,5314500
2009-10-01,33.1558952331543,34.00881751340962,33.08982333710374,33.85865494649433,5132900
2009-10-02,32.999725341796875,33.31807154619128,32.78949866169592,32.903621389279444,4673900
2009-10-05,33.40217208862305,33.46223621745837,32.77749506701727,33.0598015134025,3542500
2009-10-06,33.390159606933594,33.9307459446399,33.23999698993737,33.54632772043781,4088500
2009-10-07,33.4141731262207,33.51628256607715,33.12586128913925,33.3360879543136,2349600
2009-10-08,33.834617614746094,34.04484421074637,33.46822072631872,33.48623949417644,7005400
2009-10-09,33.6183967590332,33.912714111829494,33.42018106766923,33.816610159098204,3299800
2009-10-12,33.5943717956543,33.89469694863436,33.3781373189008,33.66644919080577,2179200
2009-10-13,33.474239349365234,33.600375356444474,33.11385010305344,33.600375356444474,3435600
2009-10-14,34.363197326660156,34.40524265727621,33.66043769382159,33.70248302443764,4870400
2009-10-15,34.66353225708008,34.71759088196077,34.05687639235173,34.27911638739487,4223900
2009-10-16,34.30914306640625,34.45330014057767,34.056871050729974,34.33316962731798,4499400
2009-10-19,34.609474182128906,34.6935648685463,34.30914899275289,34.4172662442322,2738900
2009-10-20,34.675537109375,34.78365433285177,34.29712682720631,34.71157694763351,3331000
2009-10-21,34.29713821411133,34.99990040003259,34.05087163249608,34.5313938036181,4453400
2009-10-22,34.29713821411133,34.47132738657808,33.5223009103411,34.213047521554834,5528400
2009-10-23,33.45623016357422,34.291133913490285,33.2219768572006,34.291133913490285,6065400
2009-10-26,32.747459411621094,33.86466949932579,32.591289027694955,33.43820598268088,8866100
2009-10-27,32.735450744628906,32.909639931530606,32.43512550843965,32.79551487534687,5855800
2009-10-28,32.6573600769043,33.08382358231813,32.57927717829696,32.675381146143884,4765700
2009-10-29,32.999725341796875,33.1378746303345,32.62131731761516,32.80151194217297,3260600
2009-10-30,32.24290466308594,32.969690894480784,32.19485154466373,32.801509562600664,5477300
2009-11-02,32.44112777709961,32.54323953871969,31.936581338852037,32.296972961200005,4203400
2009-11-03,32.55525207519531,32.771486585384345,32.351030847938944,32.47116138596612,4269200
2009-11-04,32.13479232788086,33.04778109514291,32.11677355138002,32.81953333050261,4113800
2009-11-05,32.711421966552734,32.76548059706777,32.218888795771115,32.22489658321699,2954300
2009-11-06,32.9516716003418,33.05378103842825,32.465144094844916,32.66936526231658,3276200
2009-11-09,33.75654602050781,33.8286234121731,33.035765229958024,33.09582934112927,5100600
2009-11-10,34.146968841552734,34.285120427717494,33.64242249490023,33.71450218106421,5075400
2009-11-11,34.8797607421875,35.12602725944637,34.24307063574557,34.369208932916344,6085800
2009-11-12,34.401546478271484,35.103742279428914,34.25021115639106,35.103742279428914,5330900
2009-11-13,34.31679153442383,34.52866233832066,34.23204413654246,34.51655523730997,4447300
2009-11-16,34.95240783691406,35.24902378211374,34.50445425683271,34.540775566307566,4234200
2009-11-17,34.546817779541016,34.88580964046321,34.44391089682131,34.782900448550365,3745900
2009-11-18,34.728416442871094,34.78895193521871,34.25625114852422,34.510493288805485,4308600
2009-11-19,34.60129928588867,34.66788718040521,34.20177422798262,34.4923376965331,3981200
2009-11-20,34.81318664550781,34.89188168255351,34.401556573655505,34.401556573655505,4227500
2009-11-23,35.2066535949707,35.59407169798756,35.000837439093736,35.10374667162924,4056800
2009-11-24,35.061363220214844,35.36403383769264,34.91608261697389,35.230860336254025,3624300
2009-11-25,35.23086166381836,35.38219697825985,35.07347164365077,35.12190005268499,3004700
2009-11-27,34.764747619628906,34.946349529903515,34.20783247770073,34.5831457093543,2082700
2009-11-30,34.788963317871094,35.09163395106171,34.504452183729946,34.65578750032525,4321400
2009-12-01,35.03715133666992,35.206646143568115,34.92213502410881,35.049258438476016,3998700
2009-12-02,35.04925537109375,35.26112386117454,34.910024867105406,35.06136016264693,4060600
2009-12-03,34.849483489990234,35.19452769807388,34.81316219627882,35.04319243806552,5309200
2009-12-04,35.03108596801758,35.41245147664778,34.71025594999137,35.28533041016866,4978700
2009-12-07,35.03108596801758,35.091621458621574,34.867643607176056,35.091621458621574,4357500
2009-12-08,34.95240783691406,35.50932072703237,34.782910701891865,35.50932072703237,6394000
2009-12-09,34.964508056640625,35.218752571315434,34.746587155882445,35.12189806791396,4119700
2009-12-10,34.88581848144531,35.37009104178073,34.65578814933835,35.164274914988965,4972000
2009-12-11,35.11583709716797,35.551683439307716,34.90396863040176,35.02503731535092,4969800
2009-12-14,35.70909118652344,35.715143584644856,35.2490304166911,35.3943133727419,3614900
2009-12-15,35.86647415161133,36.11466400695936,35.545643982530535,35.636443797398,4683300
2009-12-16,35.71513366699219,36.169139603437,35.63643865810088,35.933056885956674,4451300
2009-12-17,35.249019622802734,35.40035493063335,34.78896130304283,35.24296722653467,4150800
2009-12-18,35.097694396972656,35.55170045088016,34.916092437248494,35.43063170799932,5633600
2009-12-21,35.48509979248047,35.52142109506854,35.17032209763062,35.17032209763062,3192700
2009-12-22,35.46089553833008,35.757511491181155,35.3761458140359,35.6061761615895,3125400
2009-12-23,35.10979461669922,35.551693478737185,35.018992500047496,35.345877348961196,2667100
2009-12-24,35.18242263793945,35.32165080810812,35.1339965527122,35.224796328460656,684800
2009-12-28,35.08558654785156,35.327724028479246,34.946358304708596,35.327724028479246,1788400
2009-12-29,35.442726135253906,35.53352823723295,35.10373654747803,35.10373654747803,2576800
2009-12-30,35.21875762939453,35.43668087064412,35.0189938885178,35.255078939334076,2596900
2009-12-31,34.728416442871094,35.121889060955425,34.69209745665543,35.1037295678476,2357500
2010-01-04,35.21875762939453,35.606175698640975,35.09768890545656,35.21875762939453,3897200
2010-01-05,35.2792854309082,35.71513184662246,35.18243092843765,35.26112593331794,5966300
2010-01-06,35.018985748291016,35.27323024038055,34.99477385648659,35.23690893888396,5770200
2010-01-07,34.752647399902344,35.08558468620408,34.61947156170404,35.08558468620408,5747000
2010-01-08,36.42337417602539,37.00450340771252,36.0299038325254,36.18123911291612,13779300
2010-01-11,38.02753829956055,38.36653024120465,36.623146741482174,36.653413343066156,13744900
2010-01-12,37.77330017089844,38.10018273631969,37.591695923316266,37.845940484414946,5662500
2010-01-13,37.57353973388672,38.26968325312447,37.48879230911568,38.21520243588679,5822600
2010-01-14,37.65221405029297,37.74906852664154,37.42823850671057,37.44639799940316,4698000
2010-01-15,37.48877716064453,37.77328823671985,37.361656074855084,37.652219546313766,6066300
2010-01-19,37.6824951171875,38.00332526036774,37.53115979543173,37.53721219225671,3525000
2010-01-20,37.022674560546875,37.65828247649686,36.7260563015335,37.62801587272664,5261100
2010-01-21,36.13886642456055,37.11951842220102,36.035957230251405,36.96818313760001,6344200
2010-01-22,35.56380081176758,36.048073382259275,35.472998694528115,36.0117543827185,5623300
2010-01-25,35.56380081176758,36.02991388248889,35.26718256341992,35.781724045787286,3520500
2010-01-26,35.49720764160156,35.83619954532253,35.043201741050666,35.406407847007436,3285800
2010-01-27,35.92095184326172,36.01780635622163,35.18243473869636,35.50326718909595,5247300
2010-01-28,35.69091796875,36.10860489067794,35.14611225333902,36.02385517970007,5711600
2010-01-29,34.970577239990234,36.19336729491998,34.93425592022994,35.79384201433457,6565200
2010-02-01,35.34587097167969,35.43061836702741,34.776851096349766,35.07952168498781,6331100
2010-02-02,35.48509979248047,36.29020468089913,35.29139079706415,36.163083585630936,7843800
2010-02-03,35.636436462402344,35.89673336799496,35.261125557973195,35.551689062291906,4745400
2010-02-04,34.67999267578125,35.49114985390408,34.64972608218124,35.370081170310975,7259900
2010-02-05,34.625526428222656,34.94635661169636,34.03834456712335,34.6134193238584,5799400
2010-02-08,34.274417877197266,34.7465855804149,34.195725184322164,34.60735507321931,3485100
2010-02-09,34.752647399902344,35.218760524402384,34.44392432221739,34.71632608697716,5253000
2010-02-10,34.546817779541016,34.77684805335226,34.24414721738685,34.77684805335226,4704000
2010-02-11,34.62007522583008,34.88253366362859,34.400342363638835,34.67500844137789,6647300
2010-02-12,34.272159576416016,34.43695686554884,34.04021911529864,34.33929809166291,6148400
2010-02-16,34.99239730834961,35.090056091728314,34.46748047455066,34.75435184101802,5065200
2010-02-17,35.102272033691406,35.157205261502526,34.876436465298916,35.102272033691406,4489000
2010-02-18,34.89472579956055,35.16328912010913,34.748238832323466,34.9801792468786,4332500
2010-02-19,35.28538131713867,35.49900922453196,34.656700579837796,34.76046436940708,4886100
2010-02-22,35.370826721191406,35.53562636364989,35.19992209473307,35.444070230605455,2916300
2010-02-23,35.64548873901367,35.718732240099826,35.09615665994522,35.37082269947945,5622400
2010-02-24,35.865211486816406,35.98118286085828,35.560027581853014,35.66379132029214,4748300
2010-02-25,35.65768051147461,35.65768051147461,35.065625415884035,35.38911955720507,4441400
2010-02-26,35.8530158996582,35.98119261568427,35.340306707184865,35.6576960054297,3895100
2010-03-01,35.920143127441406,36.34129838820994,35.846899645364914,35.88962520394023,3944600
2010-03-02,36.10936737060547,36.371825772044154,36.017811247919816,36.12157500885482,6304900
2010-03-03,36.121585845947266,36.62208752248499,36.09106790535245,36.58546459674944,6077200
2010-03-04,36.13379669189453,36.42677313864869,35.956789361031646,36.21314520717269,4370400
2010-03-05,36.310791015625,36.445070383721735,36.14599138679042,36.353516586615186,5400400
2010-03-08,36.499996185302734,36.55492938376503,36.29247102759722,36.42064771455308,4076700
2010-03-09,36.799076080322266,36.8845272017792,36.27415938752288,36.426751341086955,5471000
2010-03-10,37.067630767822266,37.25074061524216,36.67089315314052,36.76244691266645,6309500
2010-03-11,38.129669189453125,38.14187682228911,36.89672621343239,36.982177314916456,10353600
2010-03-12,38.038124084472656,38.16630077368821,37.84280655946747,38.14799048333414,5878800
2010-03-15,38.270076751708984,38.33111262464521,37.855026296308594,37.983203026496255,4937900
2010-03-16,38.13579559326172,38.422669322657335,38.025929157679116,38.30669790267051,5827100
2010-03-17,38.379940032958984,38.58746524361196,38.14799954378939,38.14799954378939,5771400
2010-03-18,39.319889068603516,39.362614624542,38.14798411423106,38.42875271850344,7749200
2010-03-19,39.264976501464844,39.63730137243618,39.07575924551544,39.264976501464844,7976500
2010-03-22,39.03913116455078,39.46028651476182,38.97199032156822,39.069651422901984,3829600
2010-03-23,39.441986083984375,39.49691697466558,38.88044625275947,39.1123867696808,4073400
2010-03-24,38.92314147949219,39.42974536825607,38.78275721324756,39.39312480302469,4127800
2010-03-25,38.84992599487305,39.36263290423183,38.78278513911342,39.08796915375227,4120000
2010-03-26,38.86212921142578,39.22834907790168,38.72784983551482,38.89264947393971,2906000
2010-03-29,39.142887115478516,39.41145044983266,38.89263872761513,38.941466943081394,3226100
2010-03-30,39.38704299926758,39.64339642020038,39.16120983847634,39.246660978787276,3493100
2010-03-31,39.31379699707031,39.42976372654155,38.97809280369676,39.28327674067733,3177900
2010-04-01,39.15510559082031,39.637296838342564,38.886542198089444,39.49691015848652,3573900
2010-04-05,39.17341232299805,39.441975691311754,39.069650896781404,39.31989931628845,3827300
2010-04-06,39.197845458984375,39.338227533306046,38.92317931094887,39.0391484275106,3543000
2010-04-07,38.86212921142578,39.12458763613552,38.605775770566474,39.075757078808536,4836600
2010-04-08,39.22834777832031,39.30159361188426,38.47149279177857,38.84381762977031,4319600
2010-04-09,39.33209991455078,39.429756334573334,39.05743395708667,39.23443883779179,2790700
2010-04-12,39.52743148803711,39.66781351495115,39.466395621694566,39.55794709283933,3687800
2010-04-13,39.60066604614258,39.777673288667835,39.21003097875487,39.30158709133516,4793600
2010-04-14,39.94858169555664,39.99130726710343,39.533531290500086,39.61288210675701,6098900
2010-04-15,42.048240661621094,42.56705240089402,41.73695175536249,41.810197573522494,15257900
2010-04-16,41.633182525634766,42.44497272846345,41.505005860462276,42.0543377517274,8515500
2010-04-19,41.682029724121094,41.84072670208862,41.34022514702623,41.572163301949445,5006500
2010-04-20,41.54163360595703,42.152001444571674,41.266969941275256,41.99330915938255,5222600
2010-04-21,41.57826232910156,42.036038246446054,41.55384705470136,41.657608478349125,3890900
2010-04-22,41.66371536254883,41.72475122296611,40.98010161835735,41.462292832107906,4666300
2010-04-23,42.029930114746094,42.054345387317085,41.35242143529673,41.77357673785636,4269300
2010-04-26,41.82240295410156,42.3900452397997,41.791887355701434,42.09096629775057,6395400
2010-04-27,40.41856002807617,41.79188769927439,40.1194810835683,41.75526711819833,8133600
2010-04-28,41.69422149658203,41.73694705484589,40.662703116572565,40.85191563792159,7691300
2010-04-29,42.54265594482422,42.69524797426296,41.84073633479738,41.932287827069274,5838400
2010-04-30,42.200836181640625,42.91496550614671,42.09096977350604,42.573160972722434,7025900
2010-05-03,43.15301513671875,43.26898654526095,42.20694754392869,42.4144704258061,5424700
2010-05-04,42.07876205444336,42.71354519211546,41.5721556094641,42.71354519211546,6279200
2010-05-05,41.00452423095703,41.68203311331455,40.687134905952966,41.46230025110463,8384200
2010-05-06,39.67390823364258,41.163207202107436,37.385028912470894,40.79698278533044,11149400
2010-05-07,39.02082443237305,39.75326413225133,38.42876675754804,39.46029011499524,8678000
2010-05-10,41.1876335144043,41.4439869494766,40.11948954486489,40.28428685120047,7940600
2010-05-11,40.88855743408203,41.52944579737276,40.595583355869536,40.82141657100437,4941200
2010-05-12,41.64541244506836,41.92618117809922,40.851932148913576,41.07166501071833,4184400
2010-05-13,41.049251556396484,41.78677178277891,40.99393496044622,41.63312134486263,3586500
2010-05-14,40.41004943847656,40.98162903254427,40.059726763985864,40.73578748978788,4656400
2010-05-17,40.28712463378906,40.858704137370395,39.63564394526449,40.50838151833904,4882700
2010-05-18,40.12732696533203,40.95703793813236,39.869195496289564,40.65588455758281,4282200
2010-05-19,40.028987884521484,40.24410212784967,39.42053380551486,39.777003746361814,5304000
2010-05-20,38.98418045043945,39.899935539711,38.85511467455862,39.4082570633609,7218400
2010-05-21,38.33885192871094,38.996475512571365,37.79800181537514,38.43104077032957,13071700
2010-05-24,37.89018249511719,38.71989356221434,37.87789018407266,38.136021682451826,6607100
2010-05-25,38.08686065673828,38.136027563980534,36.58723130128663,37.029745189061735,7427100
2010-05-26,38.080718994140625,38.7014679951346,37.834879732312345,38.41260445935408,5863000
2010-05-27,39.070220947265625,39.10095055633481,38.191340529677326,38.76906749606115,4861100
2010-05-28,38.5723991394043,38.971891156102146,38.123740209069986,38.873554984309955,4276800
2010-06-01,37.59517288208008,38.41873899139102,37.552150964352684,38.17289979645142,5406500
2010-06-02,38.46791458129883,38.504791521655,37.44152868098331,37.84102066235839,4652600
2010-06-03,38.72602844238281,38.93499298658649,38.26507744880278,38.56623312952965,3619700
2010-06-04,37.22027587890625,38.129886017835105,36.931412360060484,37.99467290781893,5186400
2010-06-07,35.92345428466797,37.23255599549716,35.84970276905628,37.22026368547547,7057100
2010-06-08,36.24305725097656,36.31680878681389,35.34573712945976,35.905024493974146,7424300
2010-06-09,36.0279541015625,36.86381286069994,35.88045099378508,36.39056922958478,5420700
2010-06-10,37.39236068725586,37.49069684750133,36.56879446600539,36.75317447340078,6315700
2010-06-11,37.61363220214844,37.70582106929249,36.96215342287227,37.14038851501196,4411200
2010-06-14,37.539859771728516,38.41873773697662,37.50912782191066,37.920912035380255,3873300
2010-06-15,38.51094055175781,38.572399780955415,37.736543479079174,37.85946193747438,4834900
2010-06-16,38.35729217529297,39.02106313964002,38.22822638039863,38.301977928264044,8791700
2010-06-17,38.228206634521484,38.67071803766461,37.73037866840247,38.67071803766461,5598500
2010-06-18,38.412601470947266,38.431038769407195,38.10530065917969,38.26509604971041,5100000
2010-06-21,38.209774017333984,38.99031820138223,38.00695674207976,38.738331680903556,5075400
2010-06-22,37.12194061279297,38.283537356638796,36.9437055715364,38.16676154259935,6483100
2010-06-23,37.10963439941406,37.42308009205428,36.65482831698495,37.12192670915738,3502600
2010-06-24,36.9314079284668,37.50298756828755,36.74088060035358,36.980574834242496,4603500
2010-06-25,37.0911979675293,37.12192991680225,36.56878765314888,36.962132220849696,4359700
2010-06-28,36.64870071411133,37.23257280895457,36.5749468206755,37.09121235212897,2573100
2010-06-29,35.36418533325195,36.26150332748466,35.05073712715118,36.26150332748466,6077500
2010-06-30,34.964691162109375,35.806694854492726,34.84791768038363,35.24126240253295,4703900
2010-07-01,35.64690017700195,35.732944043685386,34.95239956881214,35.315014681634835,6305900
2010-07-02,34.88478088378906,35.800538170731635,34.7065482266617,35.6407428087681,4630300
2010-07-06,35.15521240234375,35.782106323058564,34.79259736029848,35.24125625223261,4749400
2010-07-07,36.55036926269531,36.64255812463768,35.204389839850826,35.204389839850826,6372400
2010-07-08,36.85150909423828,37.10964296942393,36.42128753194147,36.771612579233185,4122500
2010-07-09,36.91297912597656,37.05433723632335,36.59953094451763,36.876102179769795,2700000
2010-07-12,36.888389587402344,37.183398084249134,36.531919521721356,37.11579153079107,3555100
2010-07-13,37.67506790161133,37.890179812884874,37.281723354105736,37.30016064710805,5123400
2010-07-14,37.957801818847656,38.314271947669965,37.64435596808971,37.64435596808971,4290000
2010-07-15,37.69966506958008,38.01311087753609,37.13423033595772,37.98852859352407,3607000
2010-07-16,36.6794319152832,37.66894108869105,36.53807379687059,37.48456103617545,6274700
2010-07-19,37.158817291259766,37.269445782058334,36.40285750048248,36.78390988850011,4435000
2010-07-20,37.41695022583008,37.45997215505328,36.42744116465776,36.79005624276713,3071100
2010-07-21,36.88222885131836,37.76110903775594,36.48888433183938,37.76110903775594,4417600
2010-07-22,38.81208801269531,39.52502335756076,38.47405529161411,38.71989684430611,11500700
2010-07-23,39.131690979003906,39.334510675041464,38.658449710622,38.94116594341418,4716200
2010-07-26,39.87534713745117,39.94910101198843,39.43898059677398,39.777013327105905,4998000
2010-07-27,39.74014663696289,40.10275937521091,39.67254007745247,39.98598355623133,4474000
2010-07-28,39.82619094848633,40.12734446033491,39.50659544734852,39.70326779841843,4010300
2010-07-29,39.574180603027344,40.14576004683479,39.42667759176496,40.010546999412526,3781200
2010-07-30,39.9490966796875,40.16420626246299,39.11323828172798,39.303765586842424,5191500
2010-08-02,40.932464599609375,40.96319655445686,40.0843161008517,40.39776422195174,5489500
2010-08-03,40.932464599609375,41.030803103890946,40.44692878505456,40.85871541043617,5170600
2010-08-04,41.411865234375,41.608537611597896,40.914039305256914,40.98164587452472,4940100
2010-08-05,41.43644332885742,41.62082570486248,40.94476480790827,41.09841522489962,4357700
2010-08-06,40.99392318725586,41.47945899431324,40.563703960262174,40.975485890247256,4663600
2010-08-09,41.43644332885742,41.62082570486248,41.147579794667514,41.22748101248772,2623300
2010-08-10,41.3073616027832,41.510181200322904,40.98162359469405,41.17214853775673,4724800
2010-08-11,40.078182220458984,40.94477299633571,39.82005059365978,40.76039058345654,5524900
2010-08-12,39.91721725463867,40.07198313233906,39.347677596700514,39.60768313769802,3950500
2010-08-13,39.892452239990234,40.115315471069025,39.69435211492903,39.756257518433245,3299900
2010-08-16,40.0224494934082,40.20197844500598,39.4529099411248,39.63862848760481,2895800
2010-08-17,40.87055587768555,41.198663385158866,40.26387650508844,40.307210745988236,4400400
2010-08-18,40.96343994140625,41.2296374956344,40.4743790988438,40.8148659902103,3845400
2010-08-19,40.49912643432617,40.96961594008966,40.13388129594638,40.746752738574266,5560200
2010-08-20,40.301029205322266,40.344363457420535,39.85530277055193,40.1834103628151,4976900
2010-08-23,40.37532043457031,40.96962080143651,40.35674928608692,40.66628102235553,3380500
2010-08-24,39.52720642089844,40.115319622753326,39.44053790240699,39.89245636860958,6716100
2010-08-25,39.217681884765625,39.40340287184826,38.759576099197616,39.21149228724841,4544700
2010-08-26,39.26719665527344,39.7810204762959,39.19909929474856,39.34148361150978,3493900
2010-08-27,39.911033630371094,40.047228386877244,39.19910949968576,39.57054673910571,3802800
2010-08-30,39.582916259765625,40.158647820429046,39.55196355948213,39.74387171816361,3007100
2010-08-31,39.49624252319336,39.781013468087565,39.1743292874942,39.37862133307879,3966400
2010-09-01,40.9758186340332,41.167726826651496,39.86769429253116,40.14007904780999,6207400
2010-09-02,41.55154037475586,41.75582772327531,41.18009852709296,41.18009852709296,4991400
2010-09-03,41.873451232910156,42.30679375715464,41.6691591615895,41.78678272806126,4317900
2010-09-07,41.52677536010742,41.77440167280057,41.310104107655576,41.613443861088165,3024600
2010-09-08,41.82391357421875,42.30059494347509,41.53914503294522,41.53914503294522,3622200
2010-09-09,41.8796501159668,42.49252170820707,41.76821848800674,42.356326971469215,3312000
2010-09-10,41.9477424621582,42.15202981972669,41.817739698949346,42.00345590792793,3600200
2010-09-13,41.80535125732422,43.024906928841574,41.644393448509604,42.33774616695189,4532000
2010-09-14,41.75582504272461,41.984880204335106,41.724874706125775,41.811543205528885,3912000
2010-09-15,41.885841369628906,41.9539340137728,41.458686015784544,41.66916535223656,4227300
2010-09-16,41.30392074584961,41.47106582592794,40.99438897134304,41.396781222817594,5561000
2010-09-17,41.27914810180664,41.50201130581729,40.9200901927807,41.384387747289736,5438000
2010-09-20,41.41534423828125,41.662970553860696,41.211052173697276,41.51439193066555,3417500
2010-09-21,41.47106170654297,41.7558303440329,41.34725089827069,41.7558303440329,3937400
2010-09-22,41.799163818359375,42.08393717360885,41.45868174043155,41.45868174043155,6831000
2010-09-23,41.0996208190918,41.62582379099046,40.88294956278989,41.402960577914456,4042800
2010-09-24,41.64440155029297,41.81155134817864,41.43392221734646,41.43392221734646,4637500
2010-09-27,41.52677536010742,41.89821246760761,41.52677536010742,41.7372546558952,3187800
2010-09-28,41.58869552612305,41.80536685551731,41.09344272486693,41.68774325252582,3699700
2010-09-29,41.316307067871094,41.52059920783559,41.0067752399543,41.37202525289817,4560200
2010-09-30,41.28535461425781,42.09632645067172,41.26059150251715,41.545360202913784,4538900
2010-10-01,41.13058853149414,41.74346019443054,40.96343870873292,41.57631509474992,3910900
2010-10-04,40.93247985839844,41.248198839218276,40.51151649422569,41.012956412181595,3936300
2010-10-05,42.02202606201172,42.269652391202264,41.17391214261431,41.402962600575066,7262300
2010-10-06,41.97871017456055,42.1891942995383,41.91061278616316,42.09633379507992,3600600
2010-10-07,41.70631408691406,42.26965947523196,41.48963806063469,42.213946021443675,3442600
2010-10-08,41.80535125732422,41.941545963007435,41.42772219995857,41.823922403903026,4287200
2010-10-11,41.693931579589844,41.84869747611622,41.452497158855124,41.75583699358433,2811700
2010-10-12,41.62582778930664,41.75583055557504,41.01914821338748,41.53915927846105,3010600
2010-10-13,42.50490188598633,42.99395789132694,41.92917264600598,42.040604264166035,8406100
2010-10-14,42.96302032470703,42.963020324707024,42.424433222947144,42.4368171414691,5099000
2010-10-15,42.90728759765625,43.278729458148746,42.71537943332673,43.15491393029143,5733000
2010-10-18,43.02490234375,43.179668179518885,42.548225647736366,42.987760054550584,3982700
2010-10-19,42.55442810058594,42.77109940354143,41.904414191719454,42.610146277391735,4388600
2010-10-20,43.11778259277344,43.26635654088599,42.55443242476403,42.55443242476403,4773000
2010-10-21,43.08061981201172,43.334438073520225,42.47394032390663,43.303483014236136,6172200
2010-10-22,43.22922134399414,43.303505968726746,42.78968666302765,43.09302656787579,2969600
2010-10-25,42.913482666015625,43.32825408747949,42.870148408893726,43.29730374558088,4036000
2010-10-26,42.975379943847656,43.10538269062257,42.51108239547485,42.74013755298051,2869300
2010-10-27,42.083927154541016,42.77727505977251,41.75581962301153,42.6782273832016,5400400
2010-10-28,41.885841369628906,42.34394706661504,41.458686015784544,42.25108659102974,5237100
2010-10-29,41.68773651123047,41.81155205306274,41.47725717473558,41.76202583632983,4329100
2010-11-01,41.68773651123047,42.114891865161844,41.43392291586427,41.71249961959692,2841000
2010-11-02,42.28205108642578,42.43062504664722,42.040616629910545,42.08395089843684,3069000
2010-11-03,42.486328125,42.52966238293345,41.91059885640994,42.288227985435675,2704500
2010-11-04,42.944435119628906,43.11158018034111,42.51727980891622,42.77109337860208,4203400
2010-11-05,43.204437255859375,43.309676905199666,42.888713584759365,42.92585587909614,3685200
2010-11-08,43.012535095214844,43.0930116518465,42.68442746491703,43.0930116518465,3304700
2010-11-09,42.709197998046875,43.260164244280055,42.55443209240653,43.229213897000356,4615200
2010-11-10,42.4286994934082,42.70295733748765,42.14197754526902,42.547129881620066,4962500
2010-11-11,42.559600830078125,42.59699790374802,42.060955744396104,42.24171143745211,2770800
2010-11-12,42.459861755371094,42.60945476339178,42.23546986560207,42.441158468327025,2802100
2010-11-15,42.4286994934082,42.84008625952738,42.34767092832861,42.52843134779221,2456100
2010-11-16,42.07965850830078,42.32898345392614,41.699439036204616,42.198084171977534,4070300
2010-11-17,41.911354064941406,42.14821485756411,41.743062493504596,42.0110859261461,2560500
2010-11-18,42.491031646728516,42.77775360918704,42.229242649111185,42.341438613158154,2885300
2010-11-19,43.07695007324219,43.07695007324218,42.30404708385158,42.51597017954037,4166400
2010-11-22,42.877479553222656,43.058239956776205,42.47856168175144,42.865010694783855,3441300
2010-11-23,42.48480987548828,42.54713992144799,42.02979150457477,42.39131242880987,3775400
2010-11-24,43.376121520996094,43.550652238760236,42.72788359120395,42.72788359120395,4635100
2010-11-26,43.07071304321289,43.30757384819202,42.97721560732519,43.064478612693144,1842200
2010-11-29,43.556884765625,43.61921954664814,42.75281459628299,42.98344092183067,5209100
2010-11-30,43.71271896362305,44.03684275532704,43.04577760068532,43.17044242652411,7606600
2010-12-01,44.529239654541016,44.815961501872316,44.17395337029627,44.23628337963353,5762100
2010-12-02,44.791046142578125,45.00296920867079,44.52302271721127,44.53548682178511,4513800
2010-12-03,44.753662109375,44.80352329767087,44.173983590567005,44.52927011787009,3859200
2010-12-06,44.685081481933594,44.8907701036044,44.39212511244689,44.672612622755715,3498500
2010-12-07,44.685081481933594,45.14009497692137,44.62898112658598,44.97180342183136,4994600
2010-12-08,44.88453674316406,44.984263831014495,44.49808298348805,44.716240446419654,2932200
2010-12-09,45.52656173706055,45.86937937448475,45.06531368109243,45.07154335697954,6291600
2010-12-10,45.433048248291016,45.8568990773842,45.096460405586775,45.71977016863698,3404000
2010-12-13,45.35826110839844,45.651217533757155,45.32086403468536,45.651217533757155,2979200
2010-12-14,45.2523078918457,45.55149880305242,44.96558584448996,45.52656583082867,3857900
2010-12-15,45.03413391113281,45.376956209878735,44.89077056198184,44.978038310688824,3520800
2010-12-16,45.975337982177734,46.08753395055727,44.610287826139434,45.0341387338536,7250500
2010-12-17,45.539005279541016,46.050119044660896,45.42680934302808,45.96285606687035,6813000
2010-12-20,45.33955764770508,45.83820743528749,45.084003079289786,45.76964297060798,3515200
2010-12-21,45.42681884765625,45.613813699461176,45.414354743425015,45.501617739473545,2127400
2010-12-22,45.41435241699219,45.61381136281071,45.295922033217444,45.53901247482512,1531600
2010-12-23,45.33332443237305,45.48291745477325,45.18996108411037,45.4268170992004,1540500
2010-12-27,45.3831901550293,45.595117983873806,45.10893704569929,45.18996561690274,1612800
2010-12-28,45.3831901550293,45.58264912339517,45.30216158382585,45.47045315647206,1632900
2010-12-29,45.30215072631836,45.489145544865714,45.2148877457898,45.37071517608734,1484700
2010-12-30,45.30215072631836,45.56393966790403,45.20241888829957,45.29591629757324,1443000
2010-12-31,45.23982238769531,45.539008401926424,45.189956466831475,45.28345387958218,2054500
2011-01-03,45.470455169677734,46.05636799571494,45.414359561471,45.61381853866793,4232600
2011-01-04,45.37070846557617,45.588865884631204,45.09021627924107,45.43303847738117,3834900
2011-01-05,45.43928909301758,45.632513625092116,44.96557227468215,44.978041134770244,3391300
2011-01-06,45.18372344970703,45.495378331630334,45.009197476706156,45.42681387716912,3354100
2011-01-07,44.97180938720703,45.45175590873761,44.25500206464206,45.38319144059366,7145200
2011-01-10,44.96556854248047,45.20865898377701,44.54795211825064,44.71624367165734,2783300
2011-01-11,44.72248840332031,45.08400931151889,44.42953196927931,45.065310774108184,3020900
2011-01-12,44.84714126586914,45.12763354828132,44.72871562951781,45.02790169085209,2498300
2011-01-13,45.03413391113281,45.17126283063118,44.60404861915637,44.784809035269994,2397900
2011-01-14,45.17751693725586,45.42060748934365,44.89702454643866,44.9157230880641,2422900
2011-01-18,45.51408386230469,45.626279827268334,45.2834622577238,45.3146248974223,4370800
2011-01-19,44.99049758911133,45.55770698427425,44.74740716897351,45.43928136643528,3354500
2011-01-20,45.289695739746094,45.408121376884175,44.865844853809435,45.12139941808537,4188200
2011-01-21,45.433048248291016,45.557708298710615,45.15879043079658,45.51407680551615,4601400
2011-01-24,45.63251876831055,45.657451735820146,45.15257222131331,45.35826088118223,3255700
2011-01-25,45.395668029785156,45.750954536345226,45.165041619903825,45.61382557671189,3820100
2011-01-26,45.42059326171875,45.68861670384385,45.177502785777044,45.52032037097525,2825700
2011-01-27,45.44550323486328,45.750923593998266,45.15877664656146,45.59509620080037,3096100
2011-01-28,44.086708068847656,45.4766863802958,44.030607709135886,45.45798784555081,5646400
2011-01-31,44.64146041870117,44.666393387407474,43.8498541175781,44.13657612448426,5369500
2011-02-01,46.49269104003906,46.86668084782136,45.9878114572021,46.12494041932521,12457000
2011-02-02,46.149845123291016,46.64848996911603,46.062582156384764,46.61109291343479,4992300
2011-02-03,46.305686950683594,46.473978509136856,46.062596502097485,46.137390636753814,4063600
2011-02-04,46.336856842041016,46.49891875162703,45.87560883604094,46.41165574388316,2959000
2011-02-07,46.28074645996094,46.39917682787335,45.84443156050851,46.280746459960945,4781300
2011-02-08,46.41789245605469,46.48645693057735,46.02520414642901,46.19350049497645,2959400
2011-02-09,46.486446380615234,46.486446380615234,45.788337687308015,46.243355937195375,3056400
2011-02-10,46.93210983276367,47.076479811286504,46.17260986647231,46.25421216302019,5216900
2011-02-11,47.2773323059082,47.47191352804095,46.6935838506435,46.8567836308429,4248300
2011-02-14,46.950927734375,47.277322437779425,46.8191094236232,47.13923071327028,3273900
2011-02-15,46.950927734375,47.195724959144684,46.56803878509617,46.93837132912937,3874900
2011-02-16,47.49075698852539,47.578632704498496,46.988605935364184,46.988605935364184,4256300
2011-02-17,47.91128921508789,47.94894885498082,47.183170918053186,47.28360300958861,3835700
2011-02-18,47.99917221069336,48.33184518405328,47.760648351404036,47.99917221069336,5038700
2011-02-22,46.831661224365234,47.62254706678855,46.64335347511898,47.44051751954783,5887000
2011-02-23,46.11610412597656,47.2647709776094,45.71438535636707,46.919541665195545,7181200
2011-02-24,46.2479248046875,46.55548973769795,45.833649565686066,45.96546789727105,5193800
2011-02-25,46.109832763671875,46.48017015273361,46.00940545080397,46.43623230544149,3729300
2011-02-28,46.3232307434082,46.68728499980843,46.10981500385629,46.31067434109462,3680100
2011-03-01,45.413108825683594,46.417406080122085,45.16831151956631,46.29814892385152,6660100
2011-03-02,45.36289596557617,45.75834147940366,44.73520953866766,45.28757665922228,6457400
2011-03-03,46.109832763671875,46.273032534556684,45.52608434172446,45.66417608717575,3913700
2011-03-04,45.46958923339844,46.22908895026084,44.96116016198117,46.17259470282977,4913300
2011-03-07,45.06787872314453,45.78344072945947,44.7414791619928,45.61396274493587,3597400
2011-03-08,45.70811080932617,45.9968458987711,45.11181080986514,45.30011380444269,3889800
2011-03-09,45.978004455566406,46.16003398984947,45.21222668681166,45.48841008901558,4058300
2011-03-10,45.89015579223633,46.30442635044576,45.350345073306265,45.41939096448575,4873500
2011-03-11,46.505271911621094,46.775177190372645,45.82109619854509,45.82109619854509,4736900
2011-03-14,45.940364837646484,46.20399195158104,45.3817243771756,46.034513957718296,4789700
2011-03-15,45.07414627075195,45.36915956262846,44.83562722931807,45.13064052119458,5519100
2011-03-16,44.176570892333984,45.055332885385376,44.06986534452132,45.04278126341172,7607300
2011-03-17,44.94861602783203,45.695564252312565,44.66615911025297,45.57630232366673,8259800
2011-03-18,44.94233322143555,45.57001945298874,44.741473818893155,45.557467835458674,5949600
2011-03-21,45.72065734863281,46.07216485276142,45.40681427032907,45.55118419344954,3825300
2011-03-22,45.22480010986328,45.770884129361484,45.099259975768064,45.689286633849434,3932800
2011-03-23,44.95490264892578,45.136932283464624,44.77914643053611,44.98001068012431,4445500
2011-03-24,45.25617218017578,45.281280201795504,44.94232909322746,45.0741426150819,3982600
2011-03-25,45.218528747558594,45.56375339360381,45.18714251206941,45.2812964296698,3459600
2011-03-28,46.14750289916992,46.48645413628485,45.356621468102375,45.356621468102375,4499600
2011-03-29,46.35462188720703,46.386008110705085,45.877579065455606,46.00311917058248,2472600
2011-03-30,46.76262664794922,47.01370211121479,46.41739728735079,46.54921561693648,3960700
2011-03-31,46.64964294433594,47.045083566625216,46.599426893893,46.67475096955741,3307900
2011-04-01,46.750091552734375,47.16436214300266,46.624551382298655,47.07020821239283,3620300
2011-04-04,46.913272857666016,46.9823187339763,46.699861813700736,46.81911895461868,2306900
2011-04-05,46.54293441772461,47.00114267899095,46.492718370530376,46.7186857940386,2842400
2011-04-06,46.743812561035156,46.83168828442868,46.41741291225827,46.63710700960984,2703900
2011-04-07,46.44878387451172,46.70613754328303,46.25420266369081,46.59942723808707,2652000
2011-04-08,45.978004455566406,46.53036647110958,45.72065086917373,46.51781485685697,4208900
2011-04-11,45.95292663574219,46.00942090916525,45.53865604906684,45.902710568003414,3487800
2011-04-12,45.96546936035156,46.35463179727983,45.67045603631473,45.67045603631473,3184300
2011-04-13,45.57632064819336,46.14751291684736,45.39429097455003,46.109853256392995,3639300
2011-04-14,45.45075225830078,45.80225493767734,45.26872271680511,45.37542820320659,3412500
2011-04-15,45.63908386230469,45.796005483941904,45.41311634403766,45.57003796567488,3606700
2011-04-18,45.143184661865234,45.21850872035809,44.86700602512155,45.07413880546305,3448700
2011-04-19,45.18086242675781,45.287567949482394,44.99883282329833,45.099260142078386,2705300
2011-04-20,45.63908386230469,46.08474069309025,45.43822437816376,45.66419189643078,3003300
2011-04-21,45.92780685424805,46.134944489037004,45.683009572721666,45.808549709957354,2613600
2011-04-25,46.222816467285156,46.50527337279622,45.708113918246056,45.87131368907295,3831100
2011-04-26,46.63710021972656,47.076478772725174,46.47390041909834,47.02626271270617,4294800
2011-04-27,46.618263244628906,46.856787123205805,46.247930595694825,46.85050891880462,3410700
2011-04-28,46.95721435546875,47.07019809013027,46.442511739536684,46.442511739536684,2885200
2011-04-29,47.05764389038086,47.28988476249359,46.837954637490476,46.982319808447066,4400000
2011-05-02,46.99488067626953,47.440537428386804,46.76263499325052,47.28988925022296,2452700
2011-05-03,47.13295364379883,47.227107529942806,46.76262109086224,46.863053179779975,3481700
2011-05-04,46.6057014465332,47.22710945827123,46.285580136119044,47.057636287384774,4214700
2011-05-05,46.42366409301758,47.03252038556982,46.18514509535241,46.29185058466065,5406300
2011-05-06,46.51155471801758,47.045087124946335,46.448787044649464,47.01370568269553,3976200
2011-05-09,46.26048278808594,46.486450260656724,46.18516348980693,46.4550688159961,3403200
2011-05-10,46.681034088134766,46.89444514168811,46.360912718938096,46.360912718938096,2871700
2011-05-11,46.856773376464844,47.04507635345514,46.58686813279988,46.76261949353699,4816300
2011-05-12,46.98950958251953,47.04640011912903,46.57865545375945,46.95158577308518,3793500
2011-05-13,46.863094329833984,47.22338499191151,46.641864067586035,47.046400782113146,3773000
2011-05-16,46.64817428588867,46.96421881405199,46.54071548124598,46.77459016817128,3810400
2011-05-17,46.40800476074219,46.6102731853023,46.15516802442715,46.5154588063767,4723300
2011-05-18,46.6734619140625,46.812522302805576,46.098263278075166,46.40166820101076,3114300
2011-05-19,46.96424102783203,47.18547133769549,46.74932813935104,46.77461229225817,3354900
2011-05-20,46.80622482299805,47.02113291718383,46.74301202121662,46.81886448987851,4704800
2011-05-23,46.45856475830078,46.553379120258455,45.9528913761657,46.37639488324881,4397400
2011-05-24,46.08563232421875,46.50913098998497,45.95921157308503,46.49016908292955,3790300
2011-05-25,46.01609802246094,46.16779808786545,45.8833550399666,45.94024557852962,4145200
2011-05-26,46.12356185913086,46.33215250752952,45.69374089688173,45.889687057369414,4098800
2011-05-27,46.11722183227539,46.407982250140904,45.9781614536316,46.35741396291456,2702200
2011-05-31,46.452239990234375,46.667152853822145,46.23100970599587,46.31317957658202,4642000
2011-06-01,45.700050354003906,46.57233169989045,45.6747662077156,46.46487769500849,6098900
2011-06-02,45.712703704833984,46.13620243145207,45.428265413215094,45.88968795939323,4694800
2011-06-03,44.9731559753418,45.358730845419856,44.777205007336676,45.358730845419856,5370200
2011-06-06,44.47380447387695,44.98579527451257,44.32210438895876,44.840417433016434,3988800
2011-06-07,44.088233947753906,44.58758513316909,44.05031012840516,44.46748660861908,4596400
2011-06-08,43.77851104736328,44.12615730683885,43.62680612663221,43.90492699218,4896600
2011-06-09,43.7974739074707,44.06295029082353,43.77218975346673,43.96813591892344,4299600
2011-06-10,43.29811477661133,43.79746587608769,43.06424001180592,43.6457658023412,4866900
2011-06-13,43.2728271484375,43.53830346176618,43.15272865421157,43.24754300110267,4534800
2011-06-14,43.74692153930664,43.98711385617314,43.48776730564292,43.76588345610386,4270600
2011-06-15,43.68368148803711,43.803779969574336,43.28546706011643,43.48141315318665,5497300
2011-06-16,43.64577102661133,43.98077760652757,43.37397241645041,43.62048687421741,4450200
2011-06-17,43.72160720825195,44.138788379780586,43.72160720825195,44.01868989298458,5584200
2011-06-20,43.80379867553711,44.10087665166791,43.48775396596602,43.5825635208697,3058400
2011-06-21,44.65713119506836,44.796191678632766,44.05664318171852,44.10721150709847,4478600
2011-06-22,44.947879791259766,45.352416641006464,44.9289178799372,44.992125858498945,5037100
2011-06-23,45.08061599731445,45.213354193155844,44.3157883989182,44.36635670851285,5557400
2011-06-24,44.954193115234375,45.188063071750086,44.56861825332293,45.036362988813046,4743900
2011-06-27,45.15645980834961,45.2639138288022,44.78984686773176,44.97315333804069,2932700
2011-06-28,45.54204559326172,45.6937457069484,45.17543256459755,45.270246944074096,3440200
2011-06-29,45.497798919677734,45.81384363208254,45.2323176961884,45.73799116501993,3857200
2011-06-30,46.09827423095703,46.256296560718646,45.61156757717312,45.70005969604292,4070000
2011-07-01,46.749324798583984,46.85046140298511,46.07931167303205,46.199405362684985,3674300
2011-07-05,46.63554763793945,46.77460805510206,46.37007129015192,46.77460805510206,2834400
2011-07-06,47.09065628051758,47.3940612885022,46.60394960594318,46.61658927098216,4803500
2011-07-07,47.64057922363281,47.912377855162546,47.1538676910878,47.35613610368252,4707200
2011-07-08,47.1348991394043,47.37509133849787,46.85677830285272,47.27395955768008,4053100
2011-07-11,46.610267639160156,46.87574883305422,46.275261052950405,46.86942658922222,3704100
2011-07-12,46.3005256652832,46.81883852420106,46.24995738088707,46.458547937178366,3836900
2011-07-13,46.40800476074219,46.86943216620161,46.27526655923021,46.55338745142272,2704700
2011-07-14,46.37007522583008,46.78725169026727,46.11723852066197,46.40168162239823,3552200
2011-07-15,46.193092346191406,46.5533830944208,45.71902531839172,46.5533830944208,4210000
2011-07-18,45.77592468261719,46.14253778404536,45.59894037777893,46.08565203854476,3337600
2011-07-19,46.395362854003906,46.47121049551465,45.95921962547952,46.04138951126929,3096000
2011-07-20,46.47120666503906,46.61026709295898,46.23733669304556,46.439605091167536,2692300
2011-07-21,47.02745819091797,47.40038866865855,46.62923873286818,46.673484803489266,4600800
2011-07-22,46.87574768066406,47.1981097712849,46.74932691942742,46.92631116269978,2886800
2011-07-25,46.80622482299805,47.02113291718383,46.28791167662443,46.49649752614013,3452300
2011-07-26,45.25127029418945,45.75694365894851,44.00605843445726,45.725337265229086,12590500
2011-07-27,44.37900161743164,44.992129181935695,44.18937766773946,44.966845024151404,7097100
2011-07-28,43.70266342163086,44.62551342376943,43.59520937440357,44.3789989283846,7355600
2011-07-29,43.75321960449219,44.04398008709642,43.209622451918676,43.38660667415966,6237100
2011-08-01,42.74188995361328,44.157768958356534,42.34999276211714,44.157768958356534,8837400
2011-08-02,41.89487838745117,42.602820145535844,41.85063232897455,42.46375972676397,7928900
2011-08-03,42.51434326171875,42.65972115346367,41.749515506889914,41.97074587854116,6849000
2011-08-04,41.23118591308594,42.22988331179338,41.212219183794666,42.02129751417447,8060900
2011-08-05,41.521949768066406,42.331023341545986,40.706553950977444,41.8253499468918,10325100
2011-08-08,39.44237518310547,41.559873475542474,39.157934502167656,40.56749341967122,13977300
2011-08-09,40.51692199707031,40.586452203861874,38.39310403575018,39.27170775161608,13460000
2011-08-10,39.18320846557617,40.43474472504592,38.99357978677233,40.09341599667358,10562000
2011-08-11,40.9088249206543,41.68629214750831,39.20850296706912,39.51190557623129,11682900
2011-08-12,41.21223068237305,41.5535595679721,40.70656201006543,41.11109887689546,5740100
2011-08-15,41.64204406738281,41.69261237207529,41.05420078709488,41.62308215873787,4226200
2011-08-16,41.21223068237305,41.471389674617825,40.7697699912964,41.16166719086418,5874000
2011-08-17,41.13636779785156,41.75581253592982,40.78871679615393,41.35127581893151,5166600
2011-08-18,39.683597564697266,40.33989507965877,39.020931745385916,40.30166337770502,8434100
2011-08-19,39.314029693603516,40.19333929325063,39.20570776572259,39.21208093064807,6606800
2011-08-22,39.50518798828125,40.24431721470694,39.26305873615802,40.12325380397059,4648300
2011-08-23,40.6776123046875,40.73495865972482,39.42236566145461,39.63263644014187,5478800
2011-08-24,41.30203628540039,41.4613313967852,40.51193389409603,40.59476560194777,4596900
2011-08-25,40.56291198730469,41.53779984010532,40.37812905232245,41.39124618087748,5316800
2011-08-26,41.22557830810547,41.37850513530031,39.63900015104676,40.30166848498613,4754900
2011-08-29,42.51906204223633,42.65923768568282,41.65249606861108,41.65249606861108,4593200
2011-08-30,42.837646484375,43.13711723120076,42.22594893599123,42.366129421608285,4477700
2011-08-31,42.93958282470703,43.67234118969081,42.69108288042648,43.16259497197161,5617100
2011-09-01,42.480812072753906,43.59587766701017,42.3724925817382,42.901353430297505,6335100
2011-09-02,41.8054084777832,42.18134259874741,41.59513776878582,42.05390845703434,5252000
2011-09-06,41.002559661865234,41.22557183990721,40.35263776281419,40.95795722625684,7391900
2011-09-07,41.41036605834961,41.67798560639668,41.02168550132874,41.58877584951285,7151300
2011-09-08,41.35301971435547,41.907363695658795,41.12363432164309,41.22558068434752,4822100
2011-09-09,40.919742584228516,41.27656219665271,40.531061994422465,40.938857226136584,6722200
2011-09-12,40.696712493896484,40.74131492856945,39.753685769788895,40.225200347167885,6720300
2011-09-13,41.20647048950195,41.58240959194497,40.715843539634996,40.73495818087232,6061100
2011-09-14,42.15586853027344,42.97782718149846,41.27018307218009,41.633375799919726,8365100
2011-09-15,42.16859436035156,43.003299035580625,41.8563773603598,42.710196667647516,7860700
2011-09-16,42.429847717285156,42.54454040323936,41.54416719958939,42.25781111900459,8253100
2011-09-19,41.92646789550781,42.053902017708076,41.23193880400594,41.7671728121074,6386200
2011-09-20,42.1877326965332,42.88226217313564,41.62701544212703,42.14950341093589,5804200
2011-09-21,40.99619674682617,42.11763594419284,40.97708210697197,42.11763594419284,6587200
2011-09-22,39.61350631713867,40.371752587340495,39.103762457328905,39.88112336269533,12778100
2011-09-23,39.50518798828125,39.84289284972775,38.94446851044608,39.43509774972054,9247700
2011-09-26,40.276187896728516,40.34627815642546,39.403251095619424,39.79830241405072,5466600
2011-09-27,40.785919189453125,41.53779226372676,40.575648488553554,41.263804494424484,5103800
2011-09-28,40.237953186035156,41.098145966563315,40.18060683862321,40.951592299337634,4261600
2011-09-29,41.20647048950195,41.21284365701521,40.46734105029366,40.88788017207336,5197500
2011-09-30,40.237953186035156,41.219211828127925,40.21883611646388,40.79229715993235,6157000
2011-10-03,39.645362854003906,40.88149431042073,39.63898968922743,40.21245298660123,6140400
2011-10-04,40.817779541015625,40.88786978194329,39.04004786880333,39.26943322796636,8300000
2011-10-05,41.77992248535156,41.97107856749502,40.747690822769435,40.84963959894235,6314100
2011-10-06,42.38526153564453,42.45535180735409,41.32754401391515,41.601531932060695,4255600
2011-10-07,42.219581604003906,42.69109381633333,41.74169622546286,42.65923284657668,5511000
2011-10-10,43.23906326293945,43.23906326293945,42.761177952660546,43.00967792510151,3491000
2011-10-11,43.296417236328125,43.42385626548851,42.85676595430502,42.96508548311492,2737400
2011-10-12,43.685096740722656,44.169355317540855,43.48119916016264,43.48757232679627,4852400
2011-10-13,43.385623931884766,43.583153219979444,43.168984865248014,43.334653179401,3312000
2011-10-14,43.93996047973633,44.15023118169822,43.519423937113274,43.9272190105117,3865700
2011-10-17,43.334659576416016,44.09290128287756,43.194479048462654,43.6723645603203,3773300
2011-10-18,44.124759674072266,44.55804270720118,43.079783804991216,43.30279605852025,4269500
2011-10-19,43.850772857666016,44.417863256561645,43.65324840854359,44.15662171365482,3320800
2011-10-20,44.0928955078125,44.44971994895039,43.42385879562054,43.93997352521179,3581700
2011-10-21,44.64085388183594,45.05502208267641,44.290407605201914,44.513419756023616,7502600
2011-10-24,45.15700149536133,45.647628533809545,44.73645986700285,44.81929161442043,6009000
2011-10-25,44.1884651184082,44.60263340081892,43.468452929292006,44.15660901133123,6197000
2011-10-26,44.20757293701172,44.73006065324586,43.48756085893922,44.284036332546165,5992600
2011-10-27,45.59025192260742,45.87698111002514,44.81925948989786,45.09324721042361,5827200
2011-10-28,45.552032470703125,45.90248368935332,45.31627879752155,45.34813490566158,3817900
2011-10-31,44.75555419921875,45.373620023917184,44.74281272897701,45.06777612510424,3634400
2011-11-01,43.7105827331543,44.411480333429786,43.54491443666321,44.09289007318624,5585000
2011-11-02,44.1884651184082,44.60263340081892,43.793416333805176,44.2649285257352,3443700
2011-11-03,44.95945358276367,45.112380399697834,44.08014626124818,44.52617065738619,3802200
2011-11-04,44.596256256103516,44.72369525694535,43.97819047059786,44.64085869107295,4583400
2011-11-07,44.89572525024414,45.07413496396902,44.194827862910635,44.526159493928255,3150800
2011-11-08,45.59025192260742,45.666710446558895,44.838378982185574,45.01678868647214,4106500
2011-11-09,44.280921936035156,45.04471968706066,44.03060256999858,44.90993271280195,5680200
2011-11-10,44.852142333984375,45.1409756219124,44.556894119599804,44.88423655382874,4910100
2011-11-11,45.429813385009766,45.76357571144001,45.34637525184792,45.39130423076452,3051700
2011-11-14,45.089630126953125,45.42980733586747,44.858565438465874,45.20516247119675,3116100
2011-11-15,45.29501724243164,45.603105104451664,44.9740946305689,44.9740946305689,4446400
2011-11-16,44.48628616333008,45.07036760537677,44.377173662142205,44.96767002998353,4903900
2011-11-17,44.24239730834961,44.80721941691778,43.959983805619984,44.29374610828065,4913400
2011-11-18,44.377174377441406,44.588984457436595,44.15894937154818,44.47987195448999,3691500
2011-11-21,43.78668212890625,43.88937481874814,43.39515614904747,43.72249858564376,4399200
2011-11-22,43.6711540222168,44.12686358947758,43.54278202636739,43.77384672200538,3331300
2011-11-23,42.939449310302734,43.36948446362472,42.939449310302734,43.35022988913132,5294900
2011-11-25,42.65703201293945,43.09990677426261,42.65703201293945,42.69554115848396,1690700
2011-11-28,43.79951858520508,44.14611560859428,43.47859595949923,43.767429260768886,4618600
2011-11-29,43.90863037109375,44.36433985355343,43.86369650823981,44.03057762334435,3121300
2011-11-30,46.052398681640625,46.08449290428661,44.89707522285706,44.94200419642693,6995600
2011-12-01,45.65446090698242,46.03957205916356,45.57102276901876,45.93687444607747,3766300
2011-12-02,45.615936279296875,46.27061620155671,45.57100731303287,46.05881101596356,4107400
2011-12-05,46.180763244628906,46.495270939252656,45.89835466778081,46.174348317964366,4760000
2011-12-06,46.08449172973633,46.37332013862545,45.88551636880601,46.33481098994443,3468500
2011-12-07,47.05367660522461,47.278326374057514,45.89193819825977,46.03314494544928,7583000
2011-12-08,46.2256965637207,47.0472626648833,46.08449471046051,46.7841037401667,5756800
2011-12-09,46.501670837402344,46.623622961084116,46.05880109303774,46.456741880817845,3741900
2011-12-12,46.11017608642578,46.14227031859372,45.590282824173016,46.10376115750604,4156600
2011-12-13,45.60310363769531,46.508102827657254,45.35278440024476,46.24494884077679,5511200
2011-12-14,45.33993911743164,45.827742782260906,45.17305801424722,45.429797042941026,4714700
2011-12-15,45.92401123046875,46.36688094597204,45.81489385996974,46.03312370407908,6363900
2011-12-16,46.05880355834961,46.469584011077586,45.802064551172315,46.270608709648315,6937500
2011-12-19,45.442649841308594,46.411832732251156,45.282188514039696,46.20644242922261,3735400
2011-12-20,46.57228088378906,46.71348759533958,45.96894979383192,46.09089703817033,3615300
2011-12-21,46.514530181884766,46.80335861127891,46.1550983769692,46.69424608434255,3105800
2011-12-22,46.854698181152344,47.130691804670356,46.623633524398194,46.68140213703179,3819000
2011-12-23,47.1563720703125,47.162791894046606,46.79694029145372,46.95098178283738,1870500
2011-12-27,47.169193267822266,47.37458349628285,46.93812864869294,47.111429561484584,1337000
2011-12-28,46.68140411376953,47.20129716503634,46.533777561356935,47.16278801957667,2098500
2011-12-29,47.19489288330078,47.25907644583292,46.73918322336314,46.74560304868393,1926900
2011-12-30,46.976661682128906,47.336093503079276,46.9253128800242,47.2077263947088,1774600
2012-01-03,47.5992431640625,48.08704199831092,47.387433069331024,47.50296540310362,5152300
2012-01-04,47.39385223388672,47.73403433928105,47.18846194402283,47.45162085438417,3698900
2012-01-05,46.93172073364258,47.17562013609161,46.30913013337814,47.14994574158802,5064700
2012-01-06,47.16278076171875,47.45802892421803,46.88678716898623,46.93813105606773,3177500
2012-01-09,47.143516540527344,47.17561075149487,46.745575747108774,47.01514949043536,3959000
2012-01-10,47.61851119995117,47.971523227419596,47.04726919281692,47.47730443020712,3803700
2012-01-11,47.88807678222656,47.984354553704605,47.35534402402014,47.48371601828782,4047500
2012-01-12,47.971519470214844,48.11272622889937,47.7597142290794,47.7597142290794,2777700
2012-01-13,47.5992431640625,47.66984163208266,46.85470036933017,46.97665252633744,5020600
2012-01-17,47.62491226196289,47.97792908354105,47.43236163855777,47.90732571922542,4093200
2012-01-18,48.09346008300781,48.22824698472168,47.55430757926217,47.66983990885837,4578400
2012-01-19,48.33735656738281,48.510657499739196,48.119131567396096,48.119131567396096,4714100
2012-01-20,48.407958984375,48.52991112722604,48.138385202494575,48.33735562766016,5051000
2012-01-23,48.221839904785156,48.45290462503853,47.93301145291416,48.42723022313355,3198600
2012-01-24,48.138389587402344,48.19615330439992,47.79179259474622,47.92657949796412,3577700
2012-01-25,48.53633117675781,48.619769281952124,47.881646392683145,47.984343965435954,4219800
2012-01-26,48.677547454833984,49.03056434493196,48.49783154601728,48.581274572890216,4011600
2012-01-27,48.80591583251953,49.107583898572045,48.53634198932444,48.709638060838174,4284000
2012-01-30,48.87649154663086,49.04337259664969,48.45929137002783,48.49138557472349,4318400
2012-01-31,48.55559539794922,49.37715655569945,48.03569740211449,49.12683729347526,6997700
2012-02-01,49.28086853027344,49.53760756286199,48.61976882675849,49.01771457211524,7305600
2012-02-02,49.024139404296875,49.52478282261306,48.95353603364552,49.409250479446364,3043100
2012-02-03,49.229522705078125,49.640303223168566,49.19101356178529,49.47342700430623,4149200
2012-02-06,49.370731353759766,49.44775454024246,49.12041211880382,49.12041211880382,3922300
2012-02-07,49.608211517333984,49.775092625061966,48.998455695473595,49.13966240994421,5027900
2012-02-08,49.370731353759766,49.61463566250983,49.26161884557697,49.53761247602714,3262300
2012-02-09,49.14608383178711,49.44133201852004,48.9406935759342,49.32579969354716,3848700
2012-02-10,49.223114013671875,49.268042985500855,48.76098464806479,48.84442276806414,3620600
2012-02-13,49.5247917175293,49.588975275951675,49.11400617046452,49.39641970379292,3115800
2012-02-14,49.49268341064453,49.56328677389203,49.19743520837782,49.44133461975722,2918600
2012-02-15,49.2487678527832,49.63387386439845,49.01128344545763,49.63387386439845,3424300
2012-02-16,49.63676452636719,49.70142842129694,49.18410739478103,49.274637834390475,3692400
2012-02-17,49.63676452636719,49.97948760967992,48.79611909166358,49.85015488628147,7105100
2012-02-21,49.40398406982422,49.85016852034863,49.18412084668354,49.766105927302654,3652400
2012-02-22,49.080650329589844,49.51390388941037,49.02244936571908,49.332842994771305,3284900
2012-02-23,49.55915832519531,49.65615662150607,49.009507890818725,49.14530353223847,3018200
2012-02-24,49.468650817871094,49.64971175698832,49.31991937014448,49.52684686249853,3575300
2012-02-27,49.64323425292969,49.88249612379051,49.04185057409756,49.36517502651183,3439000
2012-02-28,49.70144271850586,49.85016922627334,49.436314259425906,49.572114891443675,3209000
2012-02-29,49.785499572753906,49.856631349499125,49.3587138458224,49.701436988209466,4314300
2012-03-01,49.7208251953125,49.96008702429709,49.5268285844019,49.88895526253245,3659700
2012-03-02,49.494503021240234,49.79196089691138,49.20350808184909,49.20350808184909,1992900
2012-03-05,49.35224914550781,49.513911387852055,49.10005644213401,49.494512708137165,2102500
2012-03-06,48.89314270019531,49.28759907697574,48.74441122471191,48.94487581632358,3290300
2012-03-07,49.145320892333984,49.24878709389075,48.86726164257523,48.88019245099981,2552500
2012-03-08,49.61090087890625,49.72083000006045,49.171179460750196,49.326373804352556,3405400
2012-03-09,49.89543914794922,50.06356433559749,49.42985107914404,49.74023983598727,2954900
2012-03-12,50.238182067871094,50.30284600649297,49.86959219082987,50.04418531846317,3243400
2012-03-13,50.677886962890625,50.71668432649792,50.154097886489005,50.28989359265516,4442600
2012-03-14,50.59381866455078,50.729614368661494,50.445092150613576,50.65201964262141,3453000
2012-03-15,51.04646682739258,51.07233337596594,50.37395136510425,50.600277498196554,3956700
2012-03-16,50.70375442504883,51.16933759730114,50.6972865531515,51.040009760598956,4612000
2012-03-19,52.44969177246094,52.889413214246964,51.330987023925786,51.492649246148005,11886200
2012-03-20,51.98408508300781,52.197480323626564,51.699558095516146,51.95821854473242,5137500
2012-03-21,52.06172180175781,52.210448335915274,51.706062813918244,51.9905900041899,3846800
2012-03-22,51.9129753112793,52.01644150817889,51.395659127400734,51.550853489210326,3711800
2012-03-23,51.544395446777344,51.89358652758599,51.2792719003642,51.854789163120834,4198300
2012-03-26,52.100494384765625,52.275087392575834,51.90003483255041,51.90003483255041,3218600
2012-03-27,51.98408508300781,52.37854115801664,51.951750676779135,52.3397438173724,3059400
2012-03-28,51.75779342651367,52.00351830307641,51.37626790039833,51.86772258706482,3656600
2012-03-29,51.63490295410156,51.7577677983161,50.98825418840577,51.56377119519194,3231500
2012-03-30,52.197505950927734,52.249239052877826,51.738385771585996,51.880649335178674,3470100
2012-04-02,52.1651725769043,52.35916924634477,51.8095185943171,51.932378546991835,2979300
2012-04-03,52.068180084228516,52.242778093022864,51.69312737932444,52.242778093022864,2947100
2012-04-04,51.64139175415039,51.97118413971565,51.49266030700039,51.85478711737148,2629600
2012-04-05,51.848289489746094,51.893554698372014,51.2921712503204,51.408568205863865,2389200
2012-04-09,51.20812225341797,51.453847031913696,51.052922982594225,51.31158350042811,2386200
2012-04-10,50.652008056640625,51.11759604054626,50.458011418833465,51.03999639871551,4226800
2012-04-11,50.9494743347168,51.40212665270676,50.9042091029178,51.04000479831479,3998400
2012-04-12,51.356868743896484,51.47973364781606,50.91714717220326,51.04647994831359,4016100
2012-04-13,51.4473876953125,51.537918151538896,50.839541051155265,51.27279465360156,3945000
2012-04-16,51.4473876953125,51.65431515719281,51.1499297772058,51.589651250393935,3212400
2012-04-17,51.925899505615234,52.15222559407898,51.583171504754475,51.62197378673306,3541700
2012-04-18,52.04875564575195,52.35914921137811,51.69310179925392,51.79656303210373,3696500
2012-04-19,51.64139175415039,52.145777206461645,51.350401665060225,52.10697984352711,3471400
2012-04-20,51.90651321411133,52.074643336004264,51.272799955003165,51.72545228293757,4216000
2012-04-23,51.10466384887695,51.77071145350516,50.74254202893303,51.77071145350516,4307900
2012-04-24,51.38273239135742,51.8224539381667,51.188740638481384,51.279271109865,2874800
2012-04-25,51.50558853149414,51.790110707380165,51.363324976781215,51.693117314203015,3318200
2012-04-26,50.600303649902344,50.6261702118443,49.507464842180525,50.16704983784469,8120500
2012-04-27,50.723140716552734,51.07879464737498,50.41921494765077,50.70374203914019,3788600
2012-04-30,50.52915573120117,50.923612041379556,50.373961342561685,50.600287520481906,2405100
2012-05-01,50.74253845214844,51.02706553835683,50.41274614163774,50.529143137492134,3313400
2012-05-02,50.7102165222168,50.839549290314324,50.4774224731819,50.61321817952882,4227400
2012-05-03,50.48388671875,50.852476447656265,50.47741884742454,50.74901517415044,3025300
2012-05-04,50.264034271240234,50.60028961614224,49.94717267548813,50.3739634288485,3991500
2012-05-07,50.309295654296875,50.67788539780489,49.94070591078886,50.018300635607076,2953900
2012-05-08,50.21876907348633,50.399830023464474,50.05710680621429,50.134701537038715,6463400
2012-05-09,49.88897705078125,50.1605684778385,49.60444987945979,49.92130654435993,3984600
2012-05-10,49.908512115478516,50.631635447531245,49.8303348738134,50.468769921758316,2984900
2012-05-11,49.791236877441406,50.21468813763384,49.700032602355066,49.75215075105018,2529800
2012-05-14,49.647918701171875,50.064853985882294,49.28961758132483,49.47202614710306,2629700
2012-05-15,49.563228607177734,50.01925000485195,49.4199061764057,49.51762646741031,3022100
2012-05-16,49.45900344848633,50.130008643505136,49.44597639287209,49.72610530606322,3047700
2012-05-17,48.73588180541992,49.595811643804915,48.716338736180084,49.47203721519872,3099300
2012-05-18,48.22773742675781,49.081151168853154,48.11699006501104,48.963892764835116,4986700
2012-05-21,48.62512969970703,48.742393073993355,48.22773742964012,48.39711896366732,3667900
2012-05-22,48.70330810546875,49.05509823675097,48.39712012248637,48.59255577080223,3662500
2012-05-23,48.859649658203125,48.98994006918743,47.92154279428224,48.38408021461529,4455500
2012-05-24,48.976924896240234,49.36128518105838,48.5795325850062,49.00298397881021,3607100
2012-05-25,48.820587158203125,49.296151861704466,48.67726465459572,49.296151861704466,1998600
2012-05-29,49.19190216064453,49.55671932834695,48.931316339316595,49.11372492316781,2342900
2012-05-30,48.605587005615234,49.16584480147867,48.54695283289118,48.9769201986632,3140700
2012-05-31,48.820587158203125,49.029054898833095,47.95414109204049,48.62514647687247,4673900
2012-06-01,47.719600677490234,48.345003721337214,47.64142343316127,48.208197271457706,4813300
2012-06-04,47.55021667480469,47.921549868210874,47.270087776602736,47.79125943799377,3605000
2012-06-05,47.42644500732422,47.589310539670436,47.00299362917172,47.36129481817644,2762400
2012-06-06,48.846641540527344,48.846641540527344,47.589319203113604,47.589319203113604,4085800
2012-06-07,49.16584396362305,49.57626328465204,49.0160054983362,49.16584396362304,3997000
2012-06-08,49.92153549194336,49.93456751639126,49.13326700172067,49.13326700172067,3562900
2012-06-11,49.40036392211914,50.24075048611919,49.322186693981735,50.16908926955837,2316800
2012-06-12,49.63490295410156,49.71307523137833,49.152817383006486,49.60884387158871,3416900
2012-06-13,49.68701171875,50.03880184591505,49.33522656184628,49.569748343028316,2298500
2012-06-14,50.40363311767578,50.703305138680726,49.73262286448266,49.804284105403646,3693200
2012-06-15,50.50784683227539,50.846609847354905,50.279836131891386,50.80751874853158,4579600
2012-06-18,50.67723846435547,50.89222215492249,50.20818494684977,50.429684650232566,3083500
2012-06-19,50.91827392578125,51.1397686271034,50.58602690353724,50.58602690353724,2814500
2012-06-20,50.92478561401367,51.113710198854776,50.488307247446734,51.01598990045271,2577100
2012-06-21,50.22772979736328,51.20492300342195,50.17561163351069,51.13326177069005,3709400
2012-06-22,50.625118255615234,50.77495672275116,50.025774327594114,50.33847334644805,3830200
2012-06-25,49.79775619506836,50.24726158919442,49.57625653353707,50.18863239571472,2557400
2012-06-26,49.74562454223633,49.98015119302707,49.263544191281675,49.79122667043124,2309900
2012-06-27,50.025779724121094,50.11698402864725,49.70656465827952,49.70656465827952,1942600
2012-06-28,50.234249114990234,50.344996492766086,49.432948446394704,49.875942927760114,2512300
2012-06-29,51.30915069580078,51.30915069580079,50.344984707843494,50.43618899410503,4822400
2012-07-02,51.2635612487793,51.32219046007024,50.559980891715625,50.96388923823634,3584100
2012-07-03,51.771697998046875,51.941079549185744,50.93131122580549,51.14629492875924,2817400
2012-07-05,52.058345794677734,52.25378146879238,51.4589968047115,51.660953462637295,3660800
2012-07-06,51.706539154052734,52.038781185343325,51.419894292301976,51.73910927090411,3014400
2012-07-09,51.595802307128906,51.836845101337815,51.413393693246256,51.647920474027366,2357600
2012-07-10,51.1918830871582,51.901974252779375,50.91827025106163,51.88243118880968,3230600
2012-07-11,51.387351989746094,51.537190527691244,51.022534638594266,51.25054548306416,3768800
2012-07-12,51.198402404785156,51.530649456760635,50.73586492510934,51.20491841724854,3637000
2012-07-13,51.75215530395508,51.94759096875219,51.13977928634815,51.13977928634815,3462400
2012-07-16,51.57626724243164,51.8694282490415,51.43294474634629,51.8694282490415,2634100
2012-07-17,51.68048095703125,51.79122830267759,51.048562030297774,51.75214217368725,2981500
2012-07-18,52.253780364990234,52.46224806179944,51.465511731109736,51.47202774452119,3722000
2012-07-19,52.09741973876953,52.377548612654586,51.90197914014801,52.182108014033055,3199200
2012-07-20,51.10718536376953,51.98666292729466,51.0355241553303,51.98666292729466,4664000
2012-07-23,50.781463623046875,50.911759012159536,49.76518443927255,50.696775347819305,4214400
2012-07-24,48.4296989440918,49.99972527661431,47.888989080063254,49.01601593487328,12643000
2012-07-25,48.384090423583984,48.8270848727666,48.058359357133874,48.384090423583984,4243700
2012-07-26,48.774986267089844,49.322212236664036,48.553486491121866,49.002997087745754,4626400
2012-07-27,49.5111198425293,49.810791813565864,48.92480295560495,49.009496209987105,3446900
2012-07-30,49.66096496582031,49.745653261286,49.24402459128364,49.46552432057694,2770100
2012-07-31,49.257049560546875,49.66746889243574,49.211447412559224,49.5697485838161,2815200
2012-08-01,48.95738983154297,49.511131758473375,48.71634700605586,49.38735233859315,3493000
2012-08-02,48.859649658203125,49.055090244940175,48.25378980363098,48.82056352895995,3111800
2012-08-03,49.354766845703125,49.83684737636348,49.30916470050905,49.4003689908972,2844400
2012-08-06,49.26356506347656,49.771704698727504,49.2440170257458,49.50460285594819,2104600
2012-08-07,49.56973648071289,49.673972776526206,49.37430088145314,49.530650354912964,2156600
2012-08-08,49.36780548095703,49.58278920313041,49.23099901328185,49.51112796240595,2261400
2012-08-09,49.53066635131836,49.60232758526866,49.06812882235114,49.30265559341364,2868400
2012-08-10,49.706565856933594,49.7391359834716,49.257055366456434,49.48506613327023,2222600
2012-08-13,49.60882568359375,49.6218527349432,49.276578716193235,49.51110540256302,1624000
2012-08-14,49.62838363647461,49.85639438045307,49.50460424534568,49.80427621889758,2197300
2012-08-15,49.88896560668945,50.03879909671986,49.50460040783981,49.60232071061589,2349200
2012-08-16,50.12525177001953,50.33528273365088,49.908655930406,49.99397928804171,2153200
2012-08-17,50.204002380371094,50.33527484176718,50.098989418786594,50.33527484176718,1746300
2012-08-20,50.17119216918945,50.354968622807576,50.026794953480135,50.144937674739325,2186100
2012-08-21,49.8167610168457,50.45997856592174,49.77081690619741,50.164624284258814,2732700
2012-08-22,49.97429656982422,50.184327562463984,49.69206695400824,49.8758434466263,2142500
2012-08-23,49.672367095947266,50.05960962452537,49.40326228182391,49.86927330177083,2312100
2012-08-24,49.69862747192383,49.79708058648661,49.409833004548574,49.573919859642075,2253000
2012-08-27,49.3967170715332,49.849593467258956,49.31138868684113,49.73801558769858,1893300
2012-08-28,48.95696258544922,49.350775131407666,48.897893708076175,49.272011620709065,2954300
2012-08-29,48.76661682128906,49.042281544429535,48.720672700765654,48.98977254739319,2829800
2012-08-30,48.45155715942383,48.67471784383795,48.399048173969625,48.55001025526734,2587000
2012-08-31,48.44499206542969,48.79942020434515,48.287470117311415,48.615643763618415,2717800
2012-09-04,48.372798919677734,48.517196141547764,48.110263979040965,48.28747556472408,4513400
2012-09-05,47.21764373779297,47.76240839151039,47.11919060506137,47.58519675862099,10182200
2012-09-06,47.21764373779297,47.952749779449,47.00761272481492,47.34891124307888,8389000
2012-09-07,47.65082931518555,47.65739419254536,47.17825829596329,47.26358667903822,4799000
2012-09-10,47.946189880371094,48.116836635632374,47.41454496695671,47.41454496695671,4762600
2012-09-11,48.267784118652344,48.41874120305352,47.64425113939971,47.867411839536985,3914900
2012-09-12,48.33342742919922,48.52376879695068,47.86085644823475,48.458135051268684,3917800
2012-09-13,49.0488395690918,49.39013798708342,47.9789901859459,48.156206774304,4915600
2012-09-14,48.35967254638672,48.989765396246106,48.274349194307675,48.96351090156036,6255200
2012-09-17,48.72067642211914,48.897888041235525,48.202161303730826,48.24810542776351,4361200
2012-09-18,48.24809646606445,48.74691686075775,48.12338886362462,48.484381919354135,3774600
2012-09-19,48.746917724609375,49.140730158759666,48.17589870865106,48.64846962360492,4477700
2012-09-20,47.65738296508789,48.635339144869334,47.493296122488786,48.43187306245701,8127000
2012-09-21,47.178253173828125,47.87398487994063,46.71881195920695,47.473612532542035,29326400
2012-09-24,47.276710510253906,47.473616766959594,46.928847129936756,47.112623632177204,5919700
2012-09-25,47.30295944213867,48.26122609637497,47.27670494383355,47.42110218074499,7047400
2012-09-26,47.11262130737305,47.42767030104902,47.053552437796604,47.322652300645736,3928100
2012-09-27,47.2701301574707,47.41452736411013,46.981340751724346,47.204496429234375,2651100
2012-09-28,46.97477722167969,47.184808162569304,46.76474628079008,47.17168341955922,3350900
2012-10-01,47.26358413696289,47.85429787921913,47.06667788703283,47.31608813041482,3788900
2012-10-02,47.2701301574707,47.58517906355058,47.05353935504406,47.43421698182778,2791300
2012-10-03,48.16931915283203,48.21526325514339,47.27668658718425,47.43420850831869,5109300
2012-10-04,47.89366912841797,48.333420671289105,47.795216019893644,47.9658677408336,3868100
2012-10-05,47.97898864746094,48.49093876179872,47.90023017296756,48.11682098535706,3964000
2012-10-08,48.41218566894531,48.49094415219371,47.74927339224944,47.95930436013395,2949500
2012-10-09,47.9265022277832,48.569725115054766,47.86086846562122,48.490961595939346,2328800
2012-10-10,47.427669525146484,48.49094922039848,47.41453977154393,48.45813485145969,4014900
2012-10-11,47.45391082763672,47.96586091001669,47.427656335266924,47.854283073094365,3006700
2012-10-12,47.3292236328125,47.81491943208731,47.243900251497934,47.631142913850056,2335800
2012-10-15,47.644248962402344,47.795211047438464,47.35545955031762,47.38827391138975,2407000
2012-10-16,47.98555374145508,48.169330192820475,47.45391400607195,47.53267248092413,2755500
2012-10-17,48.103702545166016,48.202155658715796,47.86085219941434,48.12339216636929,2913500
2012-10-18,48.31372833251953,48.49093991186529,47.98555466092656,48.116822126550616,3003900
2012-10-19,47.45391082763672,48.215271076231126,47.197935786446735,47.93304154267135,5469900
2012-10-22,46.96821975708008,47.34233758605361,46.613791549494614,47.28326872188941,6481900
2012-10-23,48.39250183105469,48.66160169353303,47.755843975205195,48.051198337748176,8209600
2012-10-24,47.99212646484375,48.609089651384004,47.906798093090146,48.55002078558556,3894200
2012-10-25,48.04462814331055,48.20215512626346,47.8345971735733,48.182465505277676,3080100
2012-10-26,47.9265022277832,48.28749543097669,47.749290569192354,48.1693526560711,3044500
2012-10-31,48.077449798583984,48.6353441189721,47.91336293920315,48.208717283075224,3002000
2012-11-01,48.504085540771484,48.648482804746116,47.94619111794313,48.16278200637061,3674900
2012-11-02,48.22841262817383,48.89788482106693,48.16933875400271,48.72067321362081,3158800
2012-11-05,48.208717346191406,48.32030021644196,48.06432511607541,48.274356096056515,3312700
2012-11-06,48.2874870300293,48.68785941935708,48.04463664399196,48.353120780772464,3832500
2012-11-07,47.913360595703125,48.45156526784668,47.453919414922034,48.45156526784668,3866200
2012-11-08,47.644248962402344,48.17589369010991,47.58518010795294,47.62455934425254,3695100
2012-11-09,47.421104431152344,47.82804166289308,47.217638319048866,47.42766930792355,3607300
2012-11-12,47.45391082763672,47.67050162650582,47.17168129407694,47.41452658531583,1835300
2012-11-13,47.16511917114258,47.70988865265468,47.13886467724086,47.191373665044296,2194100
2012-11-14,46.141231536865234,47.3554734178282,45.99026940762157,47.14544241683749,4037100
2012-11-15,46.538230895996094,46.5779320215803,46.02870955816403,46.31986460835378,4172200
2012-11-16,46.3331184387207,46.87572262040439,46.134607668914654,46.87572262040439,4610300
2012-11-19,47.272735595703125,47.272735595703125,46.538234425896256,46.783064783521894,4126100
2012-11-20,47.20658874511719,47.29923318173991,46.92205708754774,47.16026905103983,3226400
2012-11-21,47.24629211425781,47.43818942063869,47.13380215659348,47.28599326438223,2157100
2012-11-23,47.63008499145508,47.69625525540721,47.233053310807236,47.32569269003372,1594600
2012-11-26,48.02709197998047,48.04694254620024,47.53080763062443,47.53080763062443,3433900
2012-11-27,47.74919509887695,48.2057734694967,47.716107441549454,48.086664970972485,2355900
2012-11-28,48.11312484741211,48.13297541860939,47.48449986665348,47.65654151600773,2523200
2012-11-29,48.67556381225586,48.85422899210834,48.28515590922246,48.305006473991604,4449100
2012-11-30,48.37779998779297,48.63586745202853,48.09988195684169,48.60277980852526,3520000
2012-12-03,47.82197570800781,48.63588456906059,47.775656019880735,48.63588456906059,2703800
2012-12-04,48.33149719238281,48.54986359943621,47.61684625028115,47.821975575924874,3832800
2012-12-05,48.6358642578125,48.75497269874984,48.099878797827124,48.40426591389692,3216100
2012-12-06,48.258689880371094,48.85423210370177,48.066792661272025,48.80129389530228,4269300
2012-12-07,48.417510986328125,48.62264533060657,48.139592898750834,48.36457276532294,4098100
2012-12-10,48.75497817993164,48.93363833719053,48.364565171898036,48.38442078800754,3018600
2012-12-11,48.807918548583984,49.138774819835426,48.529995443898564,48.78806798006347,3021900
2012-12-12,48.58957290649414,48.99983667514553,48.52340263373571,48.88072816479308,2749500
2012-12-13,48.5366096496582,48.860847352966935,48.31824331849564,48.63586753186534,2753300
2012-12-14,48.20576477050781,48.675580138664934,48.11974394483401,48.46383229599599,2874800
2012-12-17,48.54324722290039,48.569716338432436,48.278561116047534,48.40428815270784,2950300
2012-12-18,49.661537170410156,49.66815066211635,48.30502419753107,48.51015350669609,6385800
2012-12-19,50.032081604003906,50.42248954852343,49.701225360119984,49.84018437673536,6184000
2012-12-20,49.71446990966797,49.99900655301035,49.39023212256937,49.89313515350479,3631700
2012-12-21,49.52257537841797,49.661539486199416,49.15201788691328,49.36376574612555,5567400
2012-12-24,49.390228271484375,49.582125532121566,49.22480012077644,49.45639852207425,1451400
2012-12-26,49.1387939453125,49.522583532506026,48.999834863118075,49.396861533454704,1917000
2012-12-27,48.90718460083008,49.171865623225905,48.437364174603616,49.07261276406091,3355100
2012-12-28,48.19252395629883,48.93363874634379,48.17928687878181,48.668957777593945,2599500
2012-12-31,48.788082122802734,48.85425238654132,48.02711146864024,48.172689077945634,4700000
2013-01-02,50.49530029296875,50.49530029296875,49.64169020658732,49.68800989894285,4810800
2013-01-03,50.54161834716797,50.63425772887639,50.27693728426828,50.45559750657234,4528900
2013-01-04,50.6673469543457,50.92541453258857,50.561475535602185,50.62764580337536,2632000
2013-01-07,50.52176284790039,50.753361279597364,50.43574201568928,50.587933107175644,2955900
2013-01-08,50.3828010559082,50.57469833132415,50.164434668524514,50.396038136125526,2653300
2013-01-09,50.95187759399414,51.01804785390328,50.45559307197471,50.4886807261629,3123900
2013-01-10,51.74592208862305,51.75915916745424,50.951869006607915,51.057745443391994,4761000
2013-01-11,51.56064987182617,51.898124746030454,51.46139196194644,51.851805061215515,2323800
2013-01-14,52.434112548828125,52.81790712363784,51.970915681621385,52.05032302248563,7255400
2013-01-15,52.493656158447266,52.53997583355737,51.99737176149641,52.103243140976964,3562200
2013-01-16,52.712032318115234,52.74511492165803,52.27529954422846,52.30838719623815,3018700
2013-01-17,52.79805374145508,52.97010044660705,52.67232672055937,52.81128577332817,3076500
2013-01-18,53.10243606567383,53.1421372061015,52.480424607152294,52.90392026660247,5850000
2013-01-22,53.3869743347168,53.393592874481406,52.87083929934346,52.90392190123322,3310000
2013-01-23,53.16197967529297,53.51930503009094,53.08257740653723,53.17521675239607,3029500
2013-01-24,54.35307312011719,54.58467152281003,53.4663806502456,53.572252042133805,6434300
2013-01-25,54.5582160949707,54.763350487485525,54.154570899707494,54.518514944114585,4211300
2013-01-28,54.59790802001953,54.756717630392046,54.167793820480256,54.67069680987078,3083800
2013-01-29,54.39937210083008,54.591269289603225,54.28688221210725,54.538331089569674,4021600
2013-01-30,53.75092697143555,54.37293350111591,53.73107134893656,54.22074240122918,3877000
2013-01-31,52.46719741821289,53.48623552044829,52.44072830599636,52.77158463600264,9502800
2013-02-01,52.91714859008789,52.93699915701727,52.27528666755455,52.40762714606084,5220500
2013-02-04,52.87745666503906,53.10243652737397,52.61277061346476,52.6789408642417,4074200
2013-02-05,53.46638107299805,53.57225246572336,52.963478074269666,53.09581857729297,3394100
2013-02-06,53.53917694091797,53.5722595468133,53.12229470920529,53.214934083259834,3733500
2013-02-07,54.128089904785156,54.13470339554783,53.38035147437189,53.50607847738996,4602400
2013-02-08,54.51188659667969,54.56482482061,54.03545772670759,54.095009442279014,3805400
2013-02-11,54.71699905395508,54.743468155327015,54.33320465675937,54.33320465675937,3063900
2013-02-12,54.465572357177734,54.97509397862113,54.41263917642318,54.96847543785154,3941800
2013-02-13,54.59128952026367,54.71701652981962,54.518500730359335,54.551588379758215,2926400
2013-02-14,54.71699905395508,54.809638384524405,54.18762712344618,54.38614285950324,3761400
2013-02-15,55.23979949951172,55.65667684216412,54.783215946747774,55.014814470443554,4983000
2013-02-19,56.086734771728516,56.15952352706149,55.23974385345112,55.252975877846154,5442400
2013-02-20,55.4581413269043,56.04045175025519,55.4581413269043,56.007364094940286,4456000
2013-02-21,55.07147979736328,55.42480042260266,54.84481811624689,55.244808719853246,5027400
2013-02-22,55.29148483276367,55.45814592272393,55.11148800739461,55.32481399910002,2394500
2013-02-25,54.62483215332031,55.77812387198188,54.62483215332031,55.51813301812906,3996800
2013-02-26,54.62483215332031,55.00481917711229,54.33817491880412,54.88482300717313,3806400
2013-02-27,55.21815872192383,55.3914826097414,54.51818004404422,54.55817708183392,4015400
2013-02-28,55.09815979003906,55.46481115247943,55.09815979003906,55.324816441064776,3744700
2013-03-01,55.244808197021484,55.324802248112256,54.85148546348876,55.0314822506265,2722800
2013-03-04,55.28480529785156,55.298135944354264,54.93148467547484,55.231472539657254,2737600
2013-03-05,56.044776916503906,56.30476774402576,55.4114669696874,55.48479823756193,3581100
2013-03-06,56.28477096557617,56.491429043537444,56.1381084253101,56.344766503271366,3221500
2013-03-07,56.19811248779297,56.43143695881508,55.98478653055962,56.29144227620181,2404600
2013-03-08,56.291446685791016,56.49810479258601,56.15811477326811,56.46477054293218,2225800
2013-03-11,56.45143127441406,56.63142297121917,56.21810682074387,56.21810682074387,2793400
2013-03-12,56.351436614990234,56.631425974241594,56.078115122223494,56.531433407431756,2503500
2013-03-13,56.78477478027344,56.87810459692148,56.318125697033224,56.35145486806835,2885700
2013-03-14,57.08475112915039,57.1314160279747,56.78476322043587,56.811429603491554,3410800
2013-03-15,56.97808837890625,57.104752421775494,56.6514341003455,56.764762409179916,5015600
2013-03-18,56.95142364501953,57.078087691554245,56.39143977947511,56.538102341548466,3374300
2013-03-19,56.71809387207031,57.231407705435544,56.54476494338809,57.03808026307691,3640300
2013-03-20,56.01811599731445,56.638095358610244,55.88478918060027,56.111445786232785,5285400
2013-03-21,55.331478118896484,56.09812009800331,55.11148427438807,55.85812773782913,5824100
2013-03-22,56.50474166870117,56.5714050453537,55.51143853804689,55.53144212852331,4667000
2013-03-25,56.40478515625,56.68477459383996,56.071462944044804,56.65144542427544,4080300
2013-03-26,56.691436767578125,56.71810315220712,56.34477885349399,56.564772712113594,3184600
2013-03-27,56.95142364501953,57.02475492605621,56.431441896644856,56.55810085708711,2611500
2013-03-28,57.2647590637207,57.28475758337292,56.6714459122684,56.77144359662302,3498300
2013-04-01,56.31145095825195,57.29808178132943,56.21812115299038,57.20475197606786,2959800
2013-04-02,55.94477844238281,56.23143564362329,55.764786751413894,55.891445687247035,4133000
2013-04-03,55.551483154296875,56.05146649103306,55.40482056174597,56.00480158304809,4010900
2013-04-04,55.778114318847656,55.904778333781884,55.51145564397669,55.63811965891092,2730700
2013-04-05,55.691463470458984,55.75812688089213,54.88482450620596,55.2048109107219,3031000
2013-04-08,55.48481750488281,55.79813611103963,55.231489369313785,55.69814351657113,3057900
2013-04-09,55.69812774658203,55.878119451757016,55.311472870467625,55.664793500468356,3164600
2013-04-10,56.371429443359375,56.54475835183625,55.778116538360344,55.81811864714202,3446100
2013-04-11,56.21144485473633,56.518100609760616,56.11144719664116,56.43810655215821,3788200
2013-04-12,56.091426849365234,56.25141998838692,55.918097981872464,56.09809471360077,2491500
2013-04-15,54.938167572021484,56.05812528395488,54.91150118562881,55.97813121087001,3678000
2013-04-16,55.4781379699707,55.484805836897515,54.998153273085386,55.24481348845485,2365500
2013-04-17,55.0114860534668,55.331477559159474,54.724828797608176,55.25814627839849,3113900
2013-04-18,54.91149139404297,55.458139502383915,54.6314969298939,55.36480970969831,4188900
2013-04-19,55.324806213378906,55.61813131797975,54.938156404513926,55.11814811846037,3115200
2013-04-22,55.50479507446289,55.618123362815616,54.82481517216374,55.33813403179427,3410400
2013-04-23,55.82479476928711,55.9914558517847,55.338147256606,55.58480240360317,3729400
2013-04-24,55.66480255126953,55.958127689269,55.41147953232898,55.86479788828603,4387400
2013-04-25,56.94474411010742,57.251399819750155,56.118106758631725,56.36476693395131,4825000
2013-04-26,57.138084411621094,57.318081227350454,56.75142948295827,56.90475991539097,3266300
2013-04-29,57.511417388916016,57.638081468408664,57.06476680535974,57.1780951469617,3000300
2013-04-30,57.224754333496094,57.59141079740861,57.07142896574597,57.59141079740861,4296400
2013-05-01,56.54476547241211,57.2647424880509,56.431437169790826,57.21140972702017,3372200
2013-05-02,56.88475799560547,56.96475205461627,56.53143733872841,56.55143585348111,3566400
2013-05-03,57.391380310058594,57.65137615284661,57.19805802315211,57.28471991335467,3471700
2013-05-06,58.02474594116211,58.36473610744144,57.37809987266609,57.41809692066556,3259000
2013-05-07,59.104705810546875,59.29802824632339,58.20473163623005,58.28473080992983,4853800
2013-05-08,59.351341247558594,59.97132065034004,58.558032902576855,58.92468930221355,6309100
2013-05-09,59.230499267578125,59.74741283289534,59.09623234545981,59.41175321023862,4937000
2013-05-10,59.30435562133789,59.633305827673205,59.1499550215779,59.183523041574816,2604900
2013-05-13,59.102935791015625,59.33118183279851,58.941820636712514,59.170066678495395,1858700
2013-05-14,59.344635009765625,59.55945700936729,59.1835197905045,59.25065070504993,3233400
2013-05-15,59.478904724121094,59.539326140454534,59.143244985134224,59.3043602257548,3534400
2013-05-16,58.97538375854492,59.51244110407603,58.87468486603803,59.337896698514655,3115400
2013-05-17,59.5460319519043,59.572885343967954,58.98884071230606,59.049257003128666,3440500
2013-05-20,59.44534683227539,59.64673961958062,59.31107985231032,59.492338994822774,2640000
2013-05-21,59.599708557128906,60.029352369071404,59.418454654679955,59.44530803314614,2907300
2013-05-22,59.17009735107422,60.109945628264434,58.92170730470448,59.566178499514564,4191600
2013-05-23,58.612884521484375,58.948544160474455,58.40477718427361,58.80756772670978,5157400
2013-05-24,58.2906608581543,58.337653008161524,57.9885640751705,58.21681531932005,3587400
2013-05-28,58.23696517944336,58.74045479194576,57.97515099068301,58.55920078501982,4191300
2013-05-29,57.96170425415039,58.14296332817783,57.77373567498095,57.96841888105206,3306300
2013-05-30,57.97515869140625,58.25039705281776,57.94159066407617,58.00872671873633,2882600
2013-05-31,57.666343688964844,58.25710298069381,57.6462049242797,57.94829663807904,4082000
2013-06-03,57.90129852294922,58.01542159226466,57.478369142789305,57.64619899358046,4186800
2013-06-04,57.70661926269531,58.29737853440383,57.58578155691846,57.90130251765584,3454900
2013-06-05,57.035301208496094,57.673057774160455,56.847332577525066,57.57906833691388,4156200
2013-06-06,56.9010009765625,57.09568410494543,56.525058846483425,56.867432977209106,3918000
2013-06-07,57.981842041015625,58.06911169452672,57.129263775697005,57.203109298575285,4231900
2013-06-10,57.96842956542969,58.11612065392994,57.69319127284699,58.09598189127274,2101600
2013-06-11,57.498497009277344,57.901287550494075,57.39779809353326,57.55891328566803,2478600
2013-06-12,57.4045295715332,58.0154276286603,57.15613952268396,57.88116578276191,2771200
2013-06-13,57.948272705078125,58.055686234717896,57.13597709377356,57.404505796114,2282000
2013-06-14,57.67304229736328,58.27722555713196,57.458215209033476,57.8878642639334,2505600
2013-06-17,58.095985412597656,58.270529902473896,57.706618905089485,58.02885449241785,3198600
2013-06-18,58.69343948364258,58.95525356914056,58.250366340948034,58.270510219782565,2916200
2013-06-19,57.981842041015625,58.84784443696706,57.941559405598944,58.753855035500884,3027000
2013-06-20,56.98832321166992,57.62607481404686,56.645948764890406,57.61265067496793,4213900
2013-06-21,57.3373908996582,57.63948257298361,57.00173120851423,57.45822347158003,4676900
2013-06-24,57.243408203125,57.92815692173728,56.860756315110265,57.048730066526105,3472300
2013-06-25,57.54549026489258,57.76031223247356,57.25682276579066,57.61262116943169,2661300
2013-06-26,58.015411376953125,58.35107101943273,57.874434941722846,57.94156584586683,2291800
2013-06-27,58.4652099609375,58.606191556249726,58.14969411351982,58.41821780308712,3002700
2013-06-28,58.05569076538086,58.713580759609684,58.04897613881461,58.38463576249527,3271100
2013-07-01,58.438350677490234,58.84114125770193,58.31751299125071,58.35107588524162,2556200
2013-07-02,58.14295959472656,58.72700917543715,57.914708390563135,58.32421353535574,2127800
2013-07-03,57.84088134765625,58.05570334850249,57.6260542250495,57.96171392148179,1223300
2013-07-05,58.76730728149414,58.88814499150554,58.156404102614,58.189972124968705,1994800
2013-07-08,59.31106185913086,59.599729376280806,58.97540219368953,59.076101117673936,2852500
2013-07-09,60.237483978271484,61.11691063596889,59.50574326658992,59.50574326658992,5645300
2013-07-10,60.57984924316406,61.11019207890811,60.02936764888384,60.17034408039663,3625400
2013-07-11,61.392154693603516,61.613691316209945,61.130340547526956,61.25789286752951,3446700
2013-07-12,57.81400680541992,58.74042538479849,57.39107246472384,58.129522502352444,15335100
2013-07-15,57.384395599365234,57.94158691596317,57.36425171121313,57.48508943131806,6194200
2013-07-16,57.720035552978516,57.77373720433445,57.22997021137717,57.39780003604397,4152400
2013-07-17,58.169830322265625,58.26381463383702,57.90130152273555,58.01542459796356,3185700
2013-07-18,58.97538375854492,59.28418993960986,58.149664107856985,58.216794995608765,4752400
2013-07-19,59.12984085083008,59.13655036021139,58.66662861537516,59.01571773019312,3172000
2013-07-22,58.814292907714844,59.16337674133283,58.680031076729584,58.95526936677752,2946200
2013-07-23,58.74713134765625,59.0760762472133,58.16979655640876,58.881393108605856,3141600
2013-07-24,58.39134216308594,59.11636295556053,58.3376354016408,58.975386548086064,3720300
2013-07-25,58.2906608581543,58.53233623583725,57.93486241927668,58.34436763580834,3190500
2013-07-26,58.3980712890625,58.47863145829891,57.90129638317225,58.02884870402314,2820600
2013-07-29,58.27720642089844,58.43832668423943,58.15636878427169,58.23692891594219,2786000
2013-07-30,58.00872039794922,58.552487553465376,57.93487484327896,58.35780428404027,3191400
2013-07-31,58.2704963684082,58.83440191950992,57.988538471099396,57.988538471099396,3386300
2013-08-01,59.102935791015625,59.40502734555377,58.64643858569146,58.65315321096696,2942300
2013-08-02,59.02239990234375,59.06939205506215,58.6666014429386,58.84114591950433,2253200
2013-08-05,58.98212432861328,59.25736262599358,58.80757984627414,58.82771860928237,2086500
2013-08-06,59.04254150390625,59.53932156711614,58.89485553237546,58.95527182230704,2700700
2013-08-07,58.99555206298828,59.06268810612628,58.646468198771274,58.86129022023428,2039900
2013-08-08,59.15669250488281,59.39836800130083,58.94857991966784,59.19697004703157,2029200
2013-08-09,58.94853973388672,59.26406059032572,58.780709926994426,59.156652177229454,1828100
2013-08-12,58.92170715332031,59.02912072609971,58.6733222293498,58.7270290157395,2160900
2013-08-13,58.881412506103516,59.07609570884609,58.65316641294575,58.982111420868236,2384900
2013-08-14,58.70689392089844,58.935145236354835,58.633048358994465,58.72703781013192,2435400
2013-08-15,58.11865997314453,58.3620610118368,57.73327585493706,58.34177845166773,4775800
2013-08-16,58.17951202392578,58.47024075185178,58.03076637359179,58.03752378800216,2822900
2013-08-19,58.199764251708984,58.31470213676221,57.969883323273606,58.0172109911384,2682500
2013-08-20,58.34854507446289,58.65279381478023,58.08486145729932,58.2133194000636,2205300
2013-08-21,58.20655822753906,58.55137725764051,58.07810028168336,58.32150134312766,4179700
2013-08-22,58.794776916503906,59.024657983864984,58.138946580942644,58.21331941229487,2872900
2013-08-23,58.936771392822266,59.119324798987016,58.73394057949071,58.76774313587945,1805000
2013-08-26,58.95701599121094,59.4573430235611,58.92321345659033,58.92321345659033,2208100
2013-08-27,58.037513732910156,58.53107829093195,57.87524812353658,58.46346805022053,3425100
2013-08-28,57.90229415893555,58.19978541272501,57.86848645888464,58.01723208577937,1964400
2013-08-29,57.94962692260742,58.531084337791505,57.69946333196688,57.79412386873915,1571600
2013-08-30,57.86174011230469,58.09837858292866,57.59129393516366,57.983440634101555,2471100
2013-09-03,58.11865997314453,58.483761531182935,57.94286918779308,58.30121333132958,2006800
2013-09-04,58.517574310302734,58.821823055879605,58.06457474114918,58.19303784446623,2187600
2013-09-05,58.693355560302734,58.997609441443196,58.44995451872307,58.510807358283856,1429700
2013-09-06,58.6595458984375,59.07873251828522,58.18626386017151,58.86237663626769,1861500
2013-09-09,58.90970993041992,59.0043653154148,58.71363658769292,58.767726852927595,2099100
2013-09-10,59.54524612426758,59.63313891951084,59.13281695877194,59.213952340917686,2828000
2013-09-11,60.0050048828125,60.1131853957831,59.4505926496651,59.55876800430492,2763900
2013-09-12,59.8968505859375,60.35660765063088,59.83600288950735,60.07940399189402,2187900
2013-09-13,59.94417190551758,60.167285241126365,59.79542624289036,60.018539578499144,1553100
2013-09-16,60.572933197021484,61.127350552767744,60.52560551522978,60.7960516218954,3454700
2013-09-17,60.775779724121094,60.98537304333385,60.34306794090882,60.593231536150526,2355900
2013-09-18,61.506004333496094,61.5938971720668,60.681145595884466,60.843411281835444,4019200
2013-09-19,61.99953079223633,62.236174357280674,61.39779091873639,61.49244628142197,3140800
2013-09-20,61.89812469482422,62.283508758288356,61.816989307341416,62.01306262500997,5317500
2013-09-23,61.72234344482422,61.925174207287625,61.09355828035734,61.877846513546324,3229200
2013-09-24,61.70206832885742,62.19562788623231,61.55332265677216,61.66149804480448,2931200
2013-09-25,61.526268005371094,61.89136955539176,61.29639211739413,61.654731094729726,2544100
2013-09-26,62.067176818847656,62.067176818847656,61.57361204840202,61.64798489269291,2734300
2013-09-27,61.69529724121094,61.99954595879383,61.35724081797142,61.86432545283069,2390500
2013-09-30,61.776424407958984,62.11448078615183,61.15439675175262,61.316667527283485,2436600
2013-10-01,62.067176818847656,62.100979374586196,61.776448016164984,61.8170131463844,1800900
2013-10-02,61.7155876159668,61.823768161100915,61.40457628620464,61.70206762699118,2558900
2013-10-03,60.917762756347656,61.62768326560044,60.71493200965496,61.587112989596825,3168000
2013-10-04,61.526268005371094,61.580358270188576,60.60675413680012,60.958335699782204,2253700
2013-10-07,60.87044906616211,61.21526812067697,60.53239258559177,60.992149605500735,1707200
2013-10-08,60.12668228149414,60.95830289089172,60.10639973268692,60.76898706592382,2149200
2013-10-09,59.971214294433594,60.34307846596009,59.80218606343651,60.295750767614194,2455300
2013-10-10,61.03947830200195,61.06652343988859,60.113206831464545,60.43097559538415,2540900
2013-10-11,61.37078857421875,61.39107630179148,60.99216685953831,60.99216685953831,1825800
2013-10-14,61.09356689453125,61.30992283333072,60.95158379328777,61.080041746794265,2283200
2013-10-15,61.03947830200195,61.90490208104389,60.97186803645167,61.10708856755224,3144200
2013-10-16,61.74937057495117,61.84402593483674,61.18819582825083,61.228760937250286,2607500
2013-10-17,62.14829635620117,62.209149199363665,61.546556289550516,61.66825681754346,1954900
2013-10-18,62.87848663330078,62.88524920522844,62.16180875889897,62.41196717858134,3168500
2013-10-21,63.40584945678711,63.51402996696304,62.83115468188679,62.946092605200725,3778800
2013-10-22,63.399085998535156,64.12252638564306,63.317955775368645,63.52754906298955,3000900
2013-10-23,63.52080535888672,63.57489562928427,63.02724582692235,63.230076603415014,2654400
2013-10-24,63.88591384887695,64.50117913487578,63.67632047635687,63.67632047635687,4802700
2013-10-25,64.64315032958984,65.582946783198,63.66278875544173,65.35982830356483,5203400
2013-10-28,66.10355377197266,66.78642922266802,64.53497210230509,64.53497210230509,5926700
2013-10-29,66.4686508178711,66.53626622769016,65.35306877249802,66.13735697475012,6452700
2013-10-30,66.4483871459961,66.7932062324272,66.26583889925787,66.40105944066892,3975200
2013-10-31,66.42133331298828,66.92841801441327,65.81283063961182,66.15764968091386,4213200
2013-11-01,66.40779113769531,66.81345773163923,66.0900173389679,66.44835624959053,2944500
2013-11-04,67.53015899658203,67.54368414412954,66.69178039026991,66.77967321599918,3009600
2013-11-05,67.81412506103516,68.06428352948484,66.9419388122543,67.17857729254399,3912700
2013-11-06,67.00277709960938,68.01018372203343,66.78642121106867,67.82087296435174,4088400
2013-11-07,66.65796661376953,67.56396055870778,66.6241640646416,67.28675180086643,2961400
2013-11-08,67.35436248779297,67.52339069656328,66.57683169578323,66.58359426846687,3886000
2013-11-11,67.12446594238281,67.47604742410999,66.99600288271361,67.27997412821028,4214600
2013-11-12,67.48957061767578,67.66536136689959,66.77289279455427,66.89459328888911,3549900
2013-11-13,68.31443786621094,68.32795785253235,67.03658508808935,67.09743276403262,3862700
2013-11-14,68.6885986328125,69.08996558495916,68.21239448412362,68.55253808025309,6082800
2013-11-15,68.668212890625,68.96073668480645,68.26684061945463,68.77705617743288,4083600
2013-11-18,68.89949035644531,69.21922618744507,68.68860297437301,68.85187045758448,2448900
2013-11-19,68.51854705810547,68.95393057444096,68.36888300120621,68.8314786360853,2447200
2013-11-20,68.11714935302734,68.66818546488584,68.1035458939274,68.60015259884922,2128400
2013-11-21,68.79743957519531,68.89267936370007,68.16477230002556,68.27362073841913,2262600
2013-11-22,69.37568664550781,69.38929010498684,68.61376316020426,69.00833095742463,2014300
2013-11-25,68.85865783691406,69.54574922867964,68.8382500553075,69.52533625689463,2219000
2013-11-26,69.5865707397461,69.6273863064479,68.92669139711279,68.92669139711279,3997300
2013-11-27,69.75664520263672,69.94712477480557,69.40289297702678,69.59337773937472,1879700
2013-11-29,69.64781188964844,70.09680399883253,69.64101275357974,69.86550361799158,1281700
2013-12-02,69.61377716064453,70.0015405831708,69.47771663245557,69.48452095640963,2336900
2013-12-03,69.32128143310547,69.9199324277186,69.04236113061195,69.69543635842098,2600100
2013-12-04,69.19879150390625,69.55253844506299,68.53891231176652,69.30083558756725,2249300
2013-12-05,69.1375732421875,69.44370553862059,69.02192568561829,69.02192568561829,2230900
2013-12-06,69.68180847167969,70.01514770035287,69.3484692430065,69.64779204030991,3723900
2013-12-09,69.62059020996094,70.0967943685368,69.36888726531406,70.08318571790863,2373400
2013-12-10,69.20561218261719,69.66820763972083,69.08316029131979,69.4913315322515,2199300
2013-12-11,68.62057495117188,69.44372187896076,68.48451439068218,69.35528121709753,3010000
2013-12-12,68.67498779296875,69.04234348789805,68.54573675988232,68.54573675988232,2303200
2013-12-13,68.96752166748047,69.23283328796363,68.47091486613711,68.74303081258086,2712600
2013-12-16,69.47773742675781,69.66141789724286,69.13759378974996,69.14439811574053,3116600
2013-12-17,69.37568664550781,69.79746136168623,69.17840274689763,69.54575843498083,3190600
2013-12-18,70.05597686767578,70.09679243807727,68.87227342423904,69.47772860603146,4224900
2013-12-19,70.1920394897461,70.23285506436952,69.66141625892203,69.88591229971064,2508600
2013-12-20,70.2940673828125,71.1308176104334,70.06957139386887,70.2260397107571,8363500
2013-12-23,70.72264099121094,70.79747298181519,70.37569314297104,70.61379776226366,2155500
2013-12-24,71.06277465820312,71.08998675920978,70.69541907987967,70.83827871753142,904500
2013-12-26,71.2056655883789,71.3621339403854,70.7770864870774,70.98797387483499,2108300
2013-12-27,71.23966979980469,71.49137271871916,71.14443001586208,71.43014936768989,3433500
2013-12-30,71.37574768066406,71.47098749466886,71.15125160900394,71.39615547078215,1479800
2013-12-31,71.48457336425781,71.68185725615426,71.20565314772799,71.38933358060835,1778400
2014-01-02,70.28727722167969,71.36893662897971,69.94713360268392,71.1784518425911,2799700
2014-01-03,70.13081359863281,70.70906194203143,70.10360667463813,70.39613041429176,3719600
2014-01-06,69.21922302246094,70.5253732087896,68.86547595998088,70.43013341542269,3884800
2014-01-07,69.44371795654297,69.99474892240804,69.253238372796,69.28044529317752,3385700
2014-01-08,69.3893051147461,69.57978472973028,68.98793809605516,69.47094145981657,3024400
2014-01-09,69.47093200683594,69.75665139043409,69.06955985257987,69.57297093656418,2352000
2014-01-10,69.74307250976562,69.82470887857454,68.93353391068305,69.57300063405005,3499500
2014-01-13,68.18519592285156,69.74985354275628,68.04913535361202,69.14439828263534,3510100
2014-01-14,68.66139221191406,68.70220778597437,67.7770167126221,68.2736286878017,3620300
2014-01-15,68.74304962158203,69.00836131465796,68.511749187255,68.85869724365483,2027700
2014-01-16,68.36206817626953,68.75663604928982,68.0967565489373,68.55935211277968,2603900
2014-01-17,67.96747589111328,68.23958653588753,65.9878382522601,66.33478607157849,10135500
2014-01-21,67.05589294433594,68.43007047365262,66.35519812754418,68.34163502741906,5783200
2014-01-22,67.34162139892578,67.59332950494252,67.00828215920116,67.52530183012631,3234100
2014-01-23,66.62733459472656,67.03550590466202,66.40283855769913,66.9334617796332,4255100
2014-01-24,65.53205108642578,66.45724186584086,65.49803465872948,66.38240987705153,5251600
2014-01-27,64.74293518066406,65.72935478965627,64.63409192150132,65.40281463180858,4973700
2014-01-28,65.17829895019531,65.17829895019531,64.7429156644277,64.83815543380322,3881700
2014-01-29,64.85177612304688,65.3075672740037,64.59326368087264,64.98102715395487,4554500
2014-01-30,65.15792083740234,65.98787222572174,65.06948535133802,65.79739260024134,4010000
2014-01-31,64.78375244140625,65.28716351694649,63.96060036075578,64.26673271534415,4082600
2014-02-03,63.688507080078125,65.25316495706883,63.62047418918998,64.69532950697982,5448600
2014-02-04,63.8721809387207,64.1034813440833,63.395981854416455,64.04225278171234,3537300
2014-02-05,63.78373718261719,64.17150072677768,63.60686103557799,63.84496054687302,4591300
2014-02-06,64.45042419433594,64.57968045592253,63.95381731908987,64.04905713599133,4195600
2014-02-07,64.87899017333984,65.0354533181147,64.33475835370201,64.83137027838498,2889700
2014-02-10,64.44361114501953,64.94021791305475,64.25993068766321,64.79735821854409,4233800
2014-02-11,65.41641235351562,65.62729970115767,64.429992909331,64.429992909331,3264600
2014-02-12,65.32797241210938,65.82458430181802,65.21912916995475,65.40960873635953,2471300
2014-02-13,65.68852233886719,65.81097422750116,64.92660408974804,65.09667586895196,2376400
2014-02-14,66.15113830566406,66.2395789799984,65.50486742029065,65.61371069385082,3304300
2014-02-18,65.64092254638672,66.60693449257668,65.43003513646107,66.08991467224436,3037500
2014-02-19,64.74971771240234,65.55926091382146,64.64767362303539,65.32796063191115,4445200
2014-02-20,65.54446411132812,65.93497655259418,64.48254688253915,64.98267419184057,4908700
2014-02-21,65.84593200683594,66.27070214975794,65.62669698432222,65.73631188209146,3422600
2014-02-24,65.73628997802734,66.45565743277983,65.71573751822987,65.91442000789459,2762600
2014-02-25,65.39373779296875,65.90072288183751,65.25671790390751,65.76369776580255,3291400
2014-02-26,65.22245788574219,65.66778034904388,65.023780622105,65.42799293864252,2915700
2014-02-27,65.46224212646484,65.52389949824222,65.01691972028337,65.1333871294003,2681600
2014-02-28,65.61297607421875,66.00348852748948,65.11970131243518,65.37318864273216,4097100
2014-03-03,65.61981201171875,65.6335171340308,64.9552547078463,65.26355723619542,3013500
2014-03-04,66.44194030761719,66.5926600493766,66.0651278857883,66.07882777977656,3310100
2014-03-05,66.510498046875,66.7160279662902,66.31866803129712,66.45568797757392,2444900
2014-03-06,67.0448989868164,67.13396145022958,66.56532383462688,66.70919638028374,3229100
2014-03-07,67.29148864746094,67.68885360515651,67.14076364785413,67.31889366802338,2741400
2014-03-10,67.64775085449219,67.65460341712506,67.14077098610892,67.27779087692372,2630100
2014-03-11,67.35314178466797,67.87382668863893,67.2229744789049,67.82586921241614,2583500
2014-03-12,67.49702453613281,67.54498201969008,66.7913621808014,67.14076969070362,2625300
2014-03-13,66.524169921875,67.77792228726634,66.16791507547174,67.70255978047405,4769500
2014-03-14,65.95552825927734,66.61323836786208,65.82536093166004,66.51047083670986,4129300
2014-03-17,66.44879913330078,66.69543908352242,66.28437424214404,66.31863182349768,2130500
2014-03-18,66.73657989501953,67.01747232870454,66.35291467004488,66.35291467004488,2023100
2014-03-19,66.42140197753906,67.13391689287349,66.03088954794913,66.82561953208227,2511300
2014-03-20,66.39400482177734,66.42140461882614,65.92812986733956,66.3117897497093,1941700
2014-03-21,66.35973358154297,67.17501589080887,66.20900859391672,66.9489284093695,4303700
2014-03-24,66.68859100341797,66.77080606800781,65.99663381093693,66.50361364180755,3500000
2014-03-25,66.90099334716797,67.14763336828177,66.67490578998455,66.86673575596761,2308300
2014-03-26,66.28438568115234,67.30519801258586,66.26383321958255,67.14077309305354,3253100
2014-03-27,66.48992156982422,66.51732136760549,65.94183152866647,66.35289644604778,2846100
2014-03-28,66.68859100341797,66.99004101327404,66.51046620393338,66.55842368486745,1937100
2014-03-31,66.71599578857422,66.97634087869966,66.51046596828786,66.85986823086667,2397600
2014-04-01,66.68859100341797,67.00374613752571,66.51731353908582,66.96263599174408,2552200
2014-04-02,67.12022399902344,67.31205395259792,66.72971152868276,66.77081645388465,3117400
2014-04-03,67.49702453613281,67.70255959536321,67.12706979267598,67.18872717426089,2182600
2014-04-04,67.20928192138672,68.10677946845558,66.96264193270851,67.75051938393202,2958400
2014-04-07,66.70230865478516,67.43537613072252,66.68860352795957,67.38056607736894,2899300
2014-04-08,66.743408203125,67.01060065797533,66.33234329004557,66.53102579721165,3315400
2014-04-09,67.03800964355469,67.21613969963816,66.56528731771962,66.80507476226991,2984800
2014-04-10,66.2021713256836,67.22983623110729,66.06515142908337,67.10651623337748,3962800
2014-04-11,65.95552825927734,66.38715084472194,65.90072343937342,66.05829579042957,2899400
2014-04-14,65.83221435546875,66.5173243238777,65.59242691192047,66.35289939501234,3179700
2014-04-15,65.61981201171875,66.1679019108021,65.39372453632392,66.04458194485699,6511200
2014-04-16,66.69544219970703,66.70914732367804,65.70203501771363,66.04458993936285,3636500
2014-04-17,67.14076232910156,67.22297738917405,66.31863263626916,66.48991009119034,3261200
2014-04-21,67.75737762451172,67.8121876770273,67.08596754863156,67.30520253171959,2660400
2014-04-22,67.82585906982422,68.0930514298203,67.68883922309827,67.92862656835474,2156400
2014-04-23,67.99030303955078,68.40822048458183,67.67515312193244,67.8190255695208,3132800
2014-04-24,67.57925415039062,68.36713174438485,67.48333916263218,67.89440414259336,3568400
2014-04-25,66.72969055175781,67.64773510583487,66.5926654658692,67.37369016103024,2708900
2014-04-28,67.31888580322266,67.46961078522042,66.75709601475903,67.00373594403307,3387400
2014-04-29,67.14761352539062,67.62718829862843,67.09965604806685,67.35999589254266,2803100
2014-04-30,67.48332214355469,67.6888571951874,67.08595716478398,67.2572346321534,2546500
2014-05-01,67.21613311767578,67.55183550717342,67.03800307903522,67.48332556214974,2383600
2014-05-02,67.52442932128906,67.94919933628114,67.15446935216183,67.1955795000473,2280300
2014-05-05,67.10652160644531,67.33946172168548,66.86673415470867,67.32575659474372,2390200
2014-05-06,66.71599578857422,67.09280829955927,66.68859076714136,66.93523073306368,1876200
2014-05-07,67.70941925048828,67.7436716126322,66.86673169173974,67.01060415748233,1922900
2014-05-08,67.81902313232422,68.13417303861709,67.58608829040168,67.68885581412125,2246500
2014-05-09,68.34656524658203,68.50413759684339,67.73681785232117,67.8738377418505,2340500
2014-05-12,69.54550170898438,69.54550170898438,68.4698794632773,68.51098438127461,2861300
2014-05-13,70.23060607910156,70.37447850785219,69.64826380264249,69.70992117483296,3687500
2014-05-14,69.90863800048828,70.1484254995918,69.49072040477553,70.1484254995918,3410500
2014-05-15,69.28104400634766,70.06723103204165,69.10173662424445,69.88792364993844,4405800
2014-05-16,69.88104248046875,69.9293169456739,69.29485104254276,69.39139997295305,2278100
2014-05-19,69.92241668701172,70.07413793287678,69.68794222450893,69.69483481821413,1455500
2014-05-20,69.32931518554688,70.05343727253626,69.10863121090114,69.88102775292174,2090000
2014-05-21,70.16377258300781,70.18446088232517,69.43965579929662,69.43965579929662,2017500
2014-05-22,70.10860443115234,70.19135762711454,69.8810226192151,70.0879108706412,2316600
2014-05-23,70.84651184082031,70.99133518491153,70.0396314072832,70.09480370832372,1867600
2014-05-27,71.14997100830078,71.36376242566293,70.98445931544126,71.00514761935847,1982500
2014-05-28,71.31549072265625,71.56375564079269,71.19824822671825,71.35686733209198,1866200
2014-05-29,71.7637710571289,71.84652956024236,71.3293007542111,71.67411995823194,1890700
2014-05-30,71.63959503173828,71.82580024205181,71.52925568544032,71.72235348760213,2627800
2014-06-02,71.77753448486328,71.92925570822916,71.44650588283581,71.81201323284208,2914100
2014-06-03,71.32927703857422,71.83271522413129,71.08100687330247,71.6603056794438,2319200
2014-06-04,71.01203155517578,71.37753888346032,70.75686357999562,71.3016782762857,2822100
2014-06-05,71.4603042602539,71.47409470765626,71.01203842761795,71.26030857303105,2514900
2014-06-06,71.43962097167969,71.61892838282724,71.32928159202726,71.54306775740028,2103700
2014-06-09,71.37066650390625,71.74307181890721,71.26721970615219,71.30860158216743,3199000
2014-06-10,70.97066497802734,71.27410218805683,70.75687357237932,71.13617666181811,2578100
2014-06-11,70.68791961669922,71.053427042142,70.54999407327551,70.74309193867758,2106000
2014-06-12,69.57759094238281,70.70859706161195,69.54310693106234,70.64653215506078,3116800
2014-06-13,69.67413330078125,70.00516188912037,69.51551949129113,69.64654714662625,1942300
2014-06-16,69.777587890625,69.8741368102372,69.3293220429846,69.58449005140058,1918400
2014-06-17,70.07412719726562,70.13619210023536,69.32241893833188,69.6603453929041,2057800
2014-06-18,70.88789367675781,71.0189265860366,70.13618548868558,70.77065647451923,4459900
2014-06-19,70.59823608398438,71.01201778555267,70.43961704659797,70.83271045231582,2159300
2014-06-20,70.68791961669922,70.91550149871831,70.57757497274248,70.63274729472086,3193900
2014-06-23,70.66030883789062,70.94995553508176,70.09480588843729,70.84651404431378,1768300
2014-06-24,70.15687561035156,70.88789020203122,70.1430799039876,70.42583400772503,1685000
2014-06-25,70.62584686279297,70.73618623298238,70.0051714632224,70.12240868827416,1575500
2014-06-26,70.78445434570312,70.86031495782053,70.08791838968013,70.54308206238461,1557900
2014-06-27,70.83273315429688,70.96376608537231,70.54998425118642,70.72928638037003,2370200
2014-06-30,70.79826354980469,70.95687739699714,70.43275086650961,70.7292955172631,2069400
2014-07-01,70.92928314208984,71.37754899484487,70.79135761579056,71.30858623169523,1496700
2014-07-02,71.41203308105469,71.41892567431168,70.82583643987239,70.82583643987239,2175100
2014-07-03,71.63959503173828,71.69476733564751,71.41201848577359,71.52925568544032,1269200
2014-07-07,71.1982421875,71.68788464987095,70.99824648965469,71.68099205656435,1700200
2014-07-08,70.96376037597656,71.11548159732634,70.39135949961921,71.11548159732634,2299300
2014-07-09,71.01895904541016,71.25343355705445,70.70172077673858,71.22584739188635,1188800
2014-07-10,70.40514373779297,70.65341384874102,70.30170224283177,70.45342345080232,1597300
2014-07-11,70.70860290527344,70.9637709301775,70.37757951993385,70.41895612772083,1559100
2014-07-14,71.34304809570312,71.52925329980636,70.92236850008658,70.96375035739858,2054900
2014-07-15,71.9223403930664,71.97751269026337,71.19132587052603,71.35683750059708,2201800
2014-07-16,72.08097839355469,72.47407193552318,71.89477840484189,72.03270393266459,2309200
2014-07-17,70.79136657714844,71.88099626202047,70.70860809397966,71.70858670156055,2842600
2014-07-18,71.59823608398438,71.59823608398438,70.92238834829683,71.0258351282468,1943700
2014-07-21,71.7637710571289,72.04652532995726,71.30861244381362,71.41205925732457,1766800
2014-07-22,72.05339050292969,72.43958615256224,71.86718527077034,71.90856187279637,1471600
2014-07-23,71.95681762695312,72.26715784605221,71.9016505924304,72.08785051467406,1138300
2014-07-24,71.78440856933594,72.10853923358843,71.6188969417567,71.8602691614597,1274500
2014-07-25,71.4258041381836,71.89475816690333,71.33615309648722,71.55683703579533,1192100
2014-07-28,70.79826354980469,71.33618052988724,70.34309979033657,71.31549222473363,2521000
2014-07-29,68.17764282226562,68.79142048891407,68.17074496603287,68.67418324057058,8905800
2014-07-30,68.51553344726562,68.79828754949214,67.71555611260193,68.44657070037536,3948900
2014-07-31,66.95696258544922,68.17762500503363,66.9086881274811,67.87418254836473,3853400
2014-08-01,66.91558837890625,67.16385853207026,66.28802040284052,66.66731822574224,3345700
2014-08-04,67.01903533935547,67.31557995304152,66.48111842651134,67.06730979918709,2882900
2014-08-05,66.55696868896484,67.23970887508608,66.2949028664887,66.79834095057127,2973200
2014-08-06,66.01904296875,66.20524289933559,65.67422399531597,66.14317800964706,4037300
2014-08-07,65.55010986328125,66.48112033621845,65.46045353421746,66.0742310817883,3779000
2014-08-08,66.16387939453125,66.23974000461483,65.42596685587178,65.7569901893992,3450800
2014-08-11,66.25353240966797,66.59835146150584,66.19836009860883,66.48801210090873,2971100
2014-08-12,66.48800659179688,66.71558314839707,66.19835461349716,66.2535269199848,2356800
2014-08-13,66.63282775878906,66.92937231950651,66.48110655169819,66.5845533075802,2930400
2014-08-14,66.71617126464844,66.8828386804209,66.47311351284242,66.86200591573204,2277700
2014-08-15,67.25785064697266,67.38285254508996,66.70923149958354,67.19535234704507,4873500
2014-08-18,67.7925796508789,67.91063552144313,67.48007227212076,67.57035465406197,2913200
2014-08-19,68.24398040771484,68.44537266856278,67.91759153488813,68.0703669378386,2640100
2014-08-20,68.61202239990234,68.80646857321874,68.15368045000439,68.15368045000439,2629700
2014-08-21,68.34117889404297,68.8620190755607,68.26478857689288,68.65368088364949,2411400
2014-08-22,67.89672088623047,68.39672828725652,67.73005351864182,68.27172643700001,2569600
2014-08-25,67.98703002929688,68.27175334036555,67.86202812978175,68.25092057349005,1785500
2014-08-26,67.6536636352539,68.03561520742964,67.62588485743565,68.00089041059181,2053200
2014-08-27,67.62589263916016,67.84811758901748,67.3550561470922,67.63283865897903,2690800
2014-08-28,67.66757202148438,67.73007031297965,67.32034516225798,67.35506466922378,1946200
2014-08-29,67.59119415283203,68.00786540108821,67.43841345887688,67.88980951876373,2339100
2014-09-02,68.02173614501953,68.25785315238556,67.70923410690749,67.7995111783427,3278100
2014-09-03,68.03560638427734,68.38977913270418,67.88282577522031,68.11199668880587,1967100
2014-09-04,68.38288879394531,68.79956014992914,68.00788298408074,68.02871575714038,3352700
2014-09-05,68.6537094116211,68.68843422412242,68.098144201175,68.36898078424528,2155100
2014-09-08,68.34813690185547,68.7161965421637,68.15369069929729,68.52175033960552,2159300
2014-09-09,67.85508728027344,68.2925913127937,67.70925260276668,68.24397975362479,2617400
2014-09-10,67.7925796508789,67.91758154272979,67.53562984589045,67.75090882142071,1772500
2014-09-11,68.01478576660156,68.25784346154317,67.2925534028748,67.2925534028748,2088800
2014-09-12,68.09119415283203,68.34119793347084,67.9106346894236,68.12591366231634,2650900
2014-09-15,67.7925796508789,68.07730294449036,67.46618552780926,68.07730294449036,2296200
2014-09-16,68.02867889404297,68.34118621538849,67.63978654562459,68.11895596113698,2789700
2014-09-17,69.02177429199219,69.36205522734132,68.50787987763145,68.5842702322576,3795600
2014-09-18,69.18843078613281,69.43149385684853,69.08426695383987,69.15371127478919,2337700
2014-09-19,69.05648803710938,69.71621703229151,69.05648803710938,69.47315926029083,3901600
2014-09-22,68.15370178222656,68.92454599504983,68.05647866513736,68.86204769046213,2944800
2014-09-23,67.58422088623047,68.35506476897908,67.5356093485013,68.07728228270079,3636700
2014-09-24,68.11203002929688,68.20230711599373,67.45924176133823,67.47313380437592,2925200
2014-09-25,67.03559875488281,68.02866751992337,67.02171201544434,68.02866751992337,3310000
2014-09-26,67.69536590576172,67.8203678148959,67.03563154711807,67.30646813386504,2418400
2014-09-29,67.59812927246094,67.63285408121283,67.0425694202644,67.18145805874805,2541800
2014-09-30,68.25784301757812,68.72312564462008,67.53561065854893,67.59116821653433,4283200
2014-10-01,67.30643463134766,68.38978573734819,67.18837880322413,68.36200696044972,3485900
2014-10-02,67.45923614501953,67.6259035597617,66.79256118778925,67.3828458094582,3549800
2014-10-03,68.60508728027344,68.80647950556681,67.76479887021179,67.83424318624978,3285200
2014-10-06,68.44537353515625,69.38983124710185,68.3412096905218,68.93843516005595,2497900
2014-10-07,66.9661636352539,68.03562285936748,66.95227689391301,68.03562285936748,2962900
2014-10-08,68.15370178222656,68.19536731861835,66.70229574977893,67.1745245891818,3253600
2014-10-09,67.03559875488281,68.22311366162195,66.92448894459505,68.22311366162195,3100200
2014-10-10,66.51477813720703,67.51479321475865,66.39672227340206,66.98006086979947,3595900
2014-10-13,65.7439193725586,67.0633822387372,65.70919987239569,66.57032083103695,3094700
2014-10-14,66.52864837646484,67.05642922931112,66.01474896432426,66.28558540936007,3283400
2014-10-15,66.98006439208984,67.24396021713324,65.31337957287299,65.9800545602121,4864000
2014-10-16,66.4106216430664,67.13980032545794,65.98700435874562,66.21617540729868,5222600
2014-10-17,67.5425796508789,67.73702587170376,66.81340102452353,66.94534894505274,3617900
2014-10-20,68.11203002929688,68.11203002929688,67.27174156642565,67.27174156642565,3014700
2014-10-21,69.96621704101562,70.07733218692631,68.53564397611704,68.67453261024363,3629800
2014-10-22,68.7925796508789,69.9662080622046,68.75786014593372,69.95232131987873,3564900
2014-10-23,69.7787094116211,70.30649040361162,69.46620207077967,69.46620207077967,4168000
2014-10-24,69.85509490966797,71.69539826825658,69.72315230992037,71.4940060601288,4249700
2014-10-27,71.0079116821289,71.10513480482533,69.59817110476811,69.81345011955833,4172900
2014-10-28,71.45928192138672,71.53567224704342,71.04955151120433,71.1814994006588,3530500
2014-10-29,71.26485443115234,71.84124708732952,70.49401025070011,71.48013342448614,2727200
2014-10-30,71.73014068603516,72.07736762015386,70.77179625524202,70.84124058241325,3020000
2014-10-31,72.85513305664062,73.50096984789617,72.61207004689757,72.63984882796137,5470400
2014-11-03,73.36209106445312,73.41764863402021,72.68152938117144,72.85514281237249,3592400
2014-11-04,74.36209869384766,75.00099478525051,73.41764129861697,73.42458731868422,4777300
2014-11-05,74.6815414428711,75.04960100641732,74.18153399870997,74.95932394498955,3124900
2014-11-06,75.20240783691406,75.27185216206269,74.53573277861489,74.84823489091492,2990400
2014-11-07,75.23017120361328,75.41767137290122,74.84127352563694,75.34822706198945,3172300
2014-11-10,75.73015594482422,75.90376931902303,74.95236612104006,75.2301485794101,3635600
2014-11-11,75.52877807617188,75.97322797429798,75.26488230660526,75.8621128506361,2746900
2014-11-12,75.43155670166016,75.51488774803445,74.83432614409384,75.30655483383788,3569500
2014-11-13,75.31976318359375,76.06045122896298,74.19475285177128,75.89274938175865,5920600
2014-11-14,74.64897918701172,75.45255906624945,74.40441278841266,75.41761872452916,4476100
2014-11-17,74.39739227294922,74.75376334981742,74.23667423243363,74.59304530930183,2918400
2014-11-18,74.08995056152344,74.70486633075957,74.048026424947,74.64197479474834,3360700
2014-11-19,73.8174057006836,74.19473878370638,73.63572562415901,73.95017252558362,3621400
2014-11-20,74.5650863647461,75.00530565078954,73.48200564574066,73.60777801505749,6990400
2014-11-21,75.01229095458984,75.85081069193502,74.8865132605453,75.19397103068631,3807100
2014-11-24,74.94942474365234,75.45253565388604,74.93544647884252,75.22194226483793,2689100
2014-11-25,74.85157775878906,75.24288376819028,74.73977299544897,74.92844220079924,2735900
2014-11-26,74.75375366210938,75.04024404788501,74.57207358140731,74.85856396718295,1783900
2014-11-28,76.80811309814453,77.62566543786394,76.0255010797374,76.30500232565736,3988800
2014-12-01,76.71728515625,77.78639301362531,76.20718519057112,77.07365621909017,4819000
2014-12-02,77.15052032470703,77.67459321959262,76.89197577735122,77.0946179364444,3354000
2014-12-03,77.492919921875,77.7165241633975,77.08064643620017,77.40906633212445,3428900
2014-12-04,77.16450500488281,77.40907132683684,76.654404963825,77.40907132683684,2402200
2014-12-05,77.54882049560547,77.73748440418575,77.12257408721223,77.3042488640242,1912400
2014-12-08,77.01073455810547,77.63263372626133,76.87098397266445,77.63263372626133,3085400
2014-12-09,76.8849868774414,76.92691100319198,75.89973260428656,76.35392484963829,2961300
2014-12-10,76.90596008300781,77.73050177282089,76.4098383088786,76.99680281015625,4480700
2014-12-11,77.30423736572266,77.96107704446163,76.95485546531168,77.17147586874489,3574800
2014-12-12,76.864013671875,77.71650631285526,76.82907335138457,77.1085799218748,4212900
2014-12-15,77.3880844116211,77.91215721802034,76.90593572376763,76.98280016186439,4275700
2014-12-16,76.74523162841797,77.8422906125485,76.74523162841797,77.05268408403282,4884300
2014-12-17,75.850830078125,76.16527172803005,74.39739976017013,76.03949400183885,6501500
2014-12-18,77.51386260986328,77.63265116728962,76.38186342135971,76.67534824654943,3766100
2014-12-19,77.53483581542969,78.25456172478265,77.1225677046916,77.4230363721166,5581100
2014-12-22,78.26156616210938,78.26156616210938,77.56979131107593,77.8213467716601,2349800
2014-12-23,78.57598114013672,79.03017864146727,78.32442576497345,78.32442576497345,2664400
2014-12-24,78.5480728149414,79.0092543356812,78.5480728149414,78.83456331562962,1283300
2014-12-26,78.21263122558594,78.66682875530115,78.12179385210075,78.56900225119568,1289600
2014-12-29,78.57598114013672,78.72272621826887,77.89818478437692,78.10781070958343,1760600
2014-12-30,78.3593978881836,78.8974491766602,78.07989120998828,78.4712026919203,2346100
2014-12-31,77.68159484863281,78.75070294658943,77.61171951283987,78.57601194153388,1393800
2015-01-02,77.12956237792969,78.0169955740741,76.44477669684481,77.75146186287539,2662900
2015-01-05,75.5853042602539,76.85705458858433,75.43856445288652,76.85705458858433,3519600
2015-01-06,75.08915710449219,76.07441661876794,74.43231742830835,75.58527876140849,3808900
2015-01-07,75.78793334960938,76.00454845663096,75.18000682620435,75.64818269949458,1949500
2015-01-08,77.15052032470703,77.30424389571154,76.36790288246563,76.36790288246563,2876100
2015-01-09,76.58451080322266,77.31821491983129,76.2491071673376,77.1644860320737,2060200
2015-01-12,76.61248016357422,77.28329292557387,76.23514698535955,76.80813321943089,2198200
2015-01-13,76.9408950805664,78.17072106326239,76.4657354052847,77.20642344896228,3233600
2015-01-14,76.423828125,76.64044328036425,75.77397732776052,76.17925643599897,2981000
2015-01-15,76.3678970336914,77.11557409322018,76.19320608210857,76.75920305927065,2847300
2015-01-16,77.07366180419922,77.10160766933572,75.78793343095181,76.37489789058417,4495200
2015-01-20,77.77941131591797,77.99603175932347,76.7522274861835,77.47195881200146,4124800
2015-01-21,78.03795623779297,78.48516472834743,77.41605676401737,77.64665014134425,2144300
2015-01-22,79.83375549316406,79.93857111802724,78.19166180745472,78.58296778705684,3008100
2015-01-23,71.92377471923828,73.3562429717519,71.76305666250349,72.46182062350603,19275400
2015-01-26,71.51848602294922,71.62330167699834,69.59688524624926,71.06428840950011,10903700
2015-01-27,70.47036743164062,71.2320231702497,70.26772517698588,70.26772517698588,4766300
2015-01-28,69.38725280761719,71.21102689233805,69.31737215732832,70.68695400204228,5481400
2015-01-29,70.16984558105469,70.36549855321557,68.68148090185048,69.35928250622476,4648300
2015-01-30,69.06581115722656,70.76380739769117,69.04484909629343,69.55494901395996,5916300
2015-02-02,69.96721649169922,70.05805919648527,68.71642866574862,69.17761532687724,3811800
2015-02-03,70.27467346191406,71.02235049667884,69.34531635080009,70.49827765928826,5581600
2015-02-04,70.24671936035156,70.75681924664728,69.76457066396259,69.92528867314037,4278600
2015-02-05,70.8966064453125,71.44164160185329,70.36554422536247,70.56818645838482,4026400
2015-02-06,70.34457397460938,70.96647353794715,70.10000762910798,70.66600479028929,2965400
2015-02-09,70.19779968261719,70.56115978698693,69.78553166431969,70.09997319247393,2626200
2015-02-10,70.6310806274414,70.79179339437358,69.98122976328922,70.46337339523308,2750900
2015-02-11,70.51226043701172,71.11319242439221,70.23973763945932,70.64502193914296,2826100
2015-02-12,70.86166381835938,71.0503277633564,70.2677101197522,70.48433059721877,2981600
2015-02-13,71.12715911865234,71.25293680047267,70.6450104498171,70.69392369657255,2106000
2015-02-17,71.63029479980469,71.84690992073483,71.03634650196186,71.20404835909663,3814800
2015-02-18,71.7071533203125,71.83293103552869,71.3088581106522,71.63028886483899,2348400
2015-02-19,71.57342529296875,72.1082921341907,71.5312008002782,71.82678298779281,2435200
2015-02-20,71.75639343261719,71.81973552897853,71.04558418089198,71.42562065104191,3411700
2015-02-23,71.62269592285156,71.84790218789826,71.39748965780485,71.84790218789826,1728100
2015-02-24,72.0097885131836,72.08016448068338,71.53122441710605,71.60863959215845,2715800
2015-02-25,71.75639343261719,72.19273279523512,71.60860236689322,72.10123925263979,2215100
2015-02-26,71.68601989746094,71.91122610552,71.43266224222707,71.55934106984401,2125500
2015-02-27,71.59453582763672,72.0942119626361,71.57341821403969,71.65083335587592,2130900
2015-03-02,71.73530578613281,72.04496643154066,71.4186113037593,71.59455387604262,2315600
2015-03-03,71.43269348144531,71.72124191417171,71.21452638210518,71.34823910298694,2767400
2015-03-04,70.67259979248047,71.32710627100077,70.58815080772968,71.08078778324374,4511700
2015-03-05,70.88375854492188,71.04562273693591,70.60224929914783,70.84856787569677,2589300
2015-03-06,70.81336975097656,71.2356308584918,70.49666989333416,70.64446101249742,3008500
2015-03-09,70.76409912109375,71.40452724147569,70.72890846168497,70.92596326795633,3602000
2015-03-10,70.0040283203125,70.67260791670155,69.99698911432729,70.37702569741424,3579600
2015-03-11,69.4761962890625,70.3277576025036,69.46211787797122,70.03217540167425,3079300
2015-03-12,70.14478302001953,70.20108593146358,69.72252192287144,69.85623999521577,1951700
2015-03-13,69.34249114990234,70.18701878448607,68.8639271011074,69.99699778473455,3449500
2015-03-16,70.56000518798828,70.65853259123415,69.40582243338733,69.46915917718506,2714200
2015-03-17,70.09552001953125,70.51778112092445,70.06736856352622,70.21515968054678,1987000
2015-03-18,70.56000518798828,70.77817224241261,69.25099212276074,69.60991644563687,3016000
2015-03-19,70.3136978149414,70.79225649544107,70.2925801943238,70.44037132259723,2128400
2015-03-20,70.55297088623047,70.86263152900757,70.34887685979474,70.58112234187757,4137400
2015-03-23,70.2925796508789,70.70780694368209,70.2925796508789,70.49667369387144,2670900
2015-03-24,69.85623931884766,70.43333073220874,69.74363349704983,70.19404604555892,2656000
2015-03-25,68.58943176269531,70.0462356222345,68.54016807157426,69.91955679230328,3483600
2015-03-26,68.01237487792969,68.39945076758625,67.84347147578062,68.38537235195746,3278700
2015-03-27,67.97718048095703,68.1812745416451,67.78716483512582,68.08274711501528,2506900
2015-03-30,68.45572662353516,68.77242644268986,68.23755957452282,68.32201393349887,2488000
2015-03-31,68.2235107421875,68.62465969332754,68.11090489026061,68.32907201669076,2718100
2015-04-01,67.9419937133789,68.2727666539161,67.3297115445542,67.90680304633975,3394700
2015-04-02,67.8927001953125,68.26569747707228,67.72379688022761,68.26569747707228,3010600
2015-04-06,68.15312957763672,68.34315061092279,67.43528606243143,67.56196496150795,2513600
2015-04-07,68.0405044555664,68.89910497512602,67.95605009698427,68.47684392089656,2518300
2015-04-08,68.0334701538086,68.096812269646,67.57601840819535,68.01939711103417,2992000
2015-04-09,68.05459594726562,68.23757775579723,67.50565589101286,67.85754109315869,3378400
2015-04-10,68.117919921875,68.35016538203853,67.85752300872129,68.1249591274577,3173700
2015-04-13,67.66751098632812,68.3642420342734,67.65343257441921,67.89975645875685,3192000
2015-04-14,67.94901275634766,68.12495530064753,67.42118512344803,67.63231295500367,3221200
2015-04-15,67.9982681274414,68.20939593314398,67.7026806085143,68.02641957540301,2705000
2015-04-16,67.66049194335938,68.08275314766587,67.61826743373149,67.76605858677163,2520800
2015-04-17,67.12560272216797,67.46341479567037,66.7737176065508,67.21709628860651,3699300
2015-04-20,68.58943176269531,68.9905804959209,67.42821004988241,67.42821004988241,5021400
2015-04-21,68.69499969482422,68.95539656404462,68.37830529846244,68.70907273427463,3277600
2015-04-22,69.06800079345703,69.15948897827523,68.35719145190004,68.69500348006119,2904900
2015-04-23,69.12432098388672,69.39175176979393,68.61760549956455,68.65983000014427,2420200
2015-04-24,69.03984832763672,69.32839665675085,68.79352985725878,69.31431824739215,2253000
2015-04-27,68.56832885742188,69.22283533964558,68.43461080502271,68.99762909680196,3906300
2015-04-28,70.9189224243164,71.62269264151226,69.46915749508196,69.81400339809254,8282700
2015-04-29,71.25675201416016,71.77050676156284,70.94005748627846,71.36935785388644,5454500
2015-04-30,70.75000762939453,71.29191361579446,70.4333132306287,71.03855594904587,4045700
2015-05-01,71.34823608398438,71.37638754227932,70.58112898047855,71.04561461899087,2846100
2015-05-04,71.38341522216797,71.75641258799624,71.17228200372064,71.30600006669333,2993000
2015-05-05,70.45443725585938,71.3200716208832,70.32071919567656,71.08783152864551,2845200
2015-05-06,69.82809448242188,70.84152549730129,69.37768189121805,70.65854370420548,3403200
2015-05-07,70.12364196777344,70.53886905744531,69.8702843396812,69.8843627464302,3151700
2015-05-08,70.63038635253906,71.32711743246114,70.5670442347237,70.67261085152187,2964400
2015-05-11,70.75000762939453,70.98929225658587,70.53887981999723,70.63036800046875,4080400
2015-05-12,70.35591125488281,70.63742042276233,70.1518172424037,70.53889301940562,2438400
2015-05-13,69.97589111328125,70.4755674531495,69.78587546771978,70.11664304559775,3205100
2015-05-14,71.37256622314453,71.83340140537113,70.47216966846982,70.47926093839598,5966400
2015-05-15,72.40766143798828,72.71961236980098,72.08862464612783,72.33676497413634,5347800
2015-05-18,72.2516860961914,72.48564386888431,71.84047906325358,72.13824743508314,2769300
2015-05-19,72.3722152709961,72.91103271875178,72.10280113806482,72.4218433361592,3198300
2015-05-20,72.28710174560547,72.66994895504007,72.06022992620542,72.45725425789279,2627600
2015-05-21,72.3509521484375,72.63453802201684,72.04609246619125,72.25878187137577,2159500
2015-05-22,71.91136932373047,72.50690601605908,71.73412548781563,72.50690601605908,2200500
2015-05-26,71.2662124633789,71.9042914735524,71.03225466719331,71.89011434401682,2364900
2015-05-27,71.5498046875,71.70578015973463,70.88337140938884,71.2662134115328,2068600
2015-05-28,70.80538940429688,71.55690174874209,70.72740166186718,71.32293852145303,2722100
2015-05-29,70.34455108642578,70.72739851155868,70.03260013060181,70.72030724191163,4231800
2015-06-01,70.52888488769531,70.98262877347659,70.11058653136502,70.73448302205082,2857600
2015-06-02,70.49345397949219,70.89756991162625,69.88373444552778,70.14605740146071,2324900
2015-06-03,71.32295227050781,71.89013497768708,70.54308010492768,70.79122051092293,3611600
2015-06-04,70.96843719482422,71.37964422926517,70.82664427697365,70.93299166988812,3125800
2015-06-05,71.2591323852539,71.39383405845957,70.73448659595505,71.00390076047448,2692100
2015-06-08,70.3799819946289,71.3087433994972,70.33744520369163,71.26620119950717,2819900
2015-06-09,70.62816619873047,71.03228216007692,70.20277642126624,70.30203800264874,2348300
2015-06-10,71.22367858886719,71.47891020341176,70.61395922179447,70.85501370622161,2682400
2015-06-11,71.60652160644531,71.71996027662298,71.22367420817592,71.4718145378727,1899000
2015-06-12,70.94007873535156,71.58524896336095,70.67776129196359,71.24493838206035,2420400
2015-06-15,70.86919403076172,71.01807824444802,70.18857816431546,70.62814494452316,2152500
2015-06-16,71.14568328857422,71.23076228739738,70.06095174658189,70.84791490627303,3061900
2015-06-17,71.19530487060547,71.39381710740018,70.54304883283633,70.83373132889486,2846600
2015-06-18,71.89010620117188,72.08861844650664,71.24493599478089,71.24493599478089,2948900
2015-06-19,71.49309539794922,71.86176573123464,71.22368662289792,71.66325343287532,3600600
2015-06-22,71.8830337524414,72.08863732009681,71.62780211045914,71.71997239781933,3236200
2015-06-23,71.42926788330078,72.08861518781644,71.31582922877851,71.81211522873434,1493300
2015-06-24,70.46509552001953,71.46475386939328,70.1956866969601,71.39385197101227,2565500
2015-06-25,70.14603424072266,70.7273939056831,70.0893149053476,70.45089390704665,2227900
2015-06-26,70.43670654296875,70.69193812561672,70.20983462606536,70.49342587445788,2782500
2015-06-29,68.99040222167969,70.18857251366877,68.94077415444632,69.98296897540088,3507600
2015-06-30,68.70682525634766,69.6639411964231,68.6359233719274,69.6639411964231,3059400
2015-07-01,68.72809600830078,69.43707160431279,68.4303221470943,69.1392977431063,2893300
2015-07-02,68.91242218017578,69.02586086597664,68.62883628378216,68.92660472042802,1836000
2015-07-06,68.52958679199219,69.06840437469901,68.16800770721291,68.47286744358469,2721000
2015-07-07,69.1250991821289,69.14636757796725,68.13253257360059,68.74225182988,3755900
2015-07-08,67.70005798339844,68.70680714074494,67.55117380166935,68.64299654340223,2782300
2015-07-09,67.88441467285156,68.64301835936092,67.8631462699955,68.47286572745774,2042100
2015-07-10,68.74226379394531,68.99749540653235,68.50830058089822,68.77771473254776,1951700
2015-07-13,69.3094253540039,69.43704112162524,68.81313940923107,69.21016924685978,2489900
2015-07-14,69.38744354248047,69.55759617102125,68.96205385754672,69.40871194491625,2419200
2015-07-15,68.89822387695312,69.45122377766297,68.76351683122287,69.41577825603311,2092900
2015-07-16,69.1109390258789,69.4654268010425,69.03295128261858,69.38743905778217,1548400
2015-07-17,69.19601440429688,69.56468472899,68.81316694821754,68.89115469347746,2653400
2015-07-20,69.18891143798828,69.38742910721682,68.98331331784506,69.1960027070098,1777000
2015-07-21,69.45121765136719,69.93332105723835,69.17471772540233,69.21725451122704,2178900
2015-07-22,68.93370819091797,69.92626982207457,68.65011683527813,69.78447684878226,2691000
2015-07-23,68.13961791992188,69.23144055350805,67.9340144295986,69.23144055350805,1940400
2015-07-24,67.17542266845703,68.11127002911192,67.01235593793272,68.11127002911192,2959700
2015-07-27,67.437744140625,67.51573186983023,66.75003711529881,66.99817743138217,3628300
2015-07-28,70.8550033569336,71.23075945428077,69.35906482704168,69.40160162023477,7592900
2015-07-29,71.5285415649414,72.28005390399677,71.04643798294921,71.15278539541372,5563700
2015-07-30,71.89010620117188,71.98936232383926,71.08896054228842,71.18113080551743,2871000
2015-07-31,72.57072448730469,72.854315737363,72.01063325592914,72.25168771164734,4222900
2015-08-03,72.84724426269531,73.13083558981114,72.24461607323333,72.66290908871181,2756900
2015-08-04,72.76925659179688,73.10956726651759,72.47857940275108,72.96776889827785,2431500
2015-08-05,72.98191833496094,73.78305846816254,72.98191833496094,73.05990604985384,3196700
2015-08-06,72.62035369873047,73.18044493896272,72.45728696942608,73.10954847759037,2043100
2015-08-07,72.41474914550781,72.59908426969946,71.96100530830778,72.54945620653862,2982900
2015-08-10,73.3293228149414,73.36477374710095,72.86139647388889,72.86139647388889,2690800
2015-08-11,73.01737976074219,73.35769035523323,72.69125170425886,72.76214816713725,3465200
2015-08-12,72.89685821533203,73.10955302172248,71.99646174092688,72.71252307706389,3762500
2015-08-13,72.71835327148438,73.11108027125194,72.47558054270588,72.79689867143789,1829900
2015-08-14,73.35384368896484,73.37526416687291,72.38987860125467,72.64693523161326,2278800
2015-08-17,73.47522735595703,73.48950585813267,72.50412577609272,73.00395506820051,2181600
2015-08-18,73.375244140625,73.5323348660507,73.07534118857166,73.5323348660507,2080900
2015-08-19,73.05392456054688,73.54661723481087,72.61835677993982,73.08962898101488,2119900
2015-08-20,72.15424346923828,72.80402153274727,72.15424346923828,72.3898741594999,3779400
2015-08-21,70.7904052734375,72.03284177444097,70.4905077469418,71.51873406376113,6566500
2015-08-24,68.19844055175781,69.58368416916437,67.12023105937548,67.63434433912683,7929500
2015-08-25,67.44869232177734,69.91215092352523,67.41299333921158,69.65509427903449,6023000
2015-08-26,68.99815368652344,69.09811953230164,66.86316105493202,68.2698303176066,5886900
2015-08-27,70.79756164550781,70.86182307951312,69.54798291658261,69.61224435058793,4739800
2015-08-28,70.43340301513672,70.75472110726203,69.89786922977362,70.42626103930043,2778400
2015-08-31,69.72650146484375,70.19063184516264,69.6193936158884,70.17634789317846,2892700
2015-09-01,67.9770736694336,69.09098744031567,67.69146006186779,68.41264150302094,5168600
2015-09-02,69.0552978515625,69.06958180364782,67.96280976949161,68.75540023054923,3578900
2015-09-03,69.09812927246094,69.58368006942602,68.84821462278717,69.39803229980025,3320200
2015-09-04,68.04849243164062,68.48406032867689,67.58436208014102,67.96994704379925,3334000
2015-09-08,69.92642974853516,69.9621341789963,68.79109532219205,69.14098130797124,2857800
2015-09-09,69.29805755615234,70.59047704144625,69.18380776081605,70.44052827086492,2773200
2015-09-10,69.13383483886719,69.64794809679702,68.8910621602508,69.29806758149012,2928200
2015-09-11,69.39087677001953,69.39801874368104,68.68397391396185,68.88390559464648,2129000
2015-09-14,69.26949310302734,69.54082818750494,68.91960720073133,69.44800431727758,1788100
2015-09-15,71.77581024169922,71.9757474435284,69.73364629075242,69.90501558744572,5206700
2015-09-16,71.4616470336914,71.62587438381075,70.65477244731588,71.36881766840136,3237200
2015-09-17,71.84719848632812,72.68262969660714,71.30452284687989,71.66868726459003,3879700
2015-09-18,70.20490264892578,71.36879401232505,70.0335333780329,71.340237006952,5127500
2015-09-21,71.15457916259766,71.20456209034938,70.14777318508787,70.32628441959126,3044700
2015-09-22,70.34059143066406,70.89040381619235,70.01213130521788,70.3263074764916,3606800
2015-09-23,69.66937255859375,70.32629267118934,69.66937255859375,70.22632680395658,3395600
2015-09-24,69.61937713623047,69.9335586327343,68.94817319287417,69.39802496245561,3826000
2015-09-25,70.51909637451172,71.06890871053768,69.74792635060125,70.03354548327903,3294200
2015-09-28,69.45515441894531,70.3191536587931,69.39803495949562,69.91928475625923,2499000
2015-09-29,70.07637023925781,70.19775657205888,69.212376512337,69.43372870129546,2616000
2015-09-30,70.4690933227539,70.90466115003532,69.96212209461477,70.6547410754379,2985000
2015-10-01,70.39055633544922,70.76899930804879,69.84788061834915,70.6904539234265,3053300
2015-10-02,70.96180725097656,70.96180725097656,69.23381924173452,69.30522266940697,3554600
2015-10-05,72.49698638916016,72.82544642823227,71.22598718865862,71.22598718865862,3088100
2015-10-06,72.42559051513672,72.78975502040477,71.98288061760043,72.76119256433164,2339000
2015-10-07,73.00395202636719,73.5323491962711,72.43271935172119,72.82544079409085,2901800
2015-10-08,73.8179702758789,73.93222009100192,72.88257306741602,72.98253893178315,2689600
2015-10-09,74.03218841552734,74.38921092805444,73.7537112915747,73.8179727289186,2418200
2015-10-12,74.55343627929688,74.55343627929688,73.79654492342493,73.96077765988441,1792500
2015-10-13,73.76087188720703,74.68198540804715,73.74658793237066,74.01078661951763,3060800
2015-10-14,73.4466781616211,74.0036324584278,73.22532592769323,73.79655872925295,2227500
2015-10-15,74.11788940429688,74.24641775034235,73.48952618019354,73.79656581531707,2847400
2015-10-16,74.2249755859375,74.39635030833853,73.78940770003082,74.30352097177189,2083200
2015-10-19,74.44634246826172,74.48918343030671,73.93937110904633,73.93937110904633,2296800
2015-10-20,74.66056060791016,74.810509438629,74.15358919517531,74.25355508232121,2248700
2015-10-21,75.160400390625,75.98869000207253,74.84621875469699,74.84621875469699,3286500
2015-10-22,75.99581146240234,76.13148175905837,75.43885722015504,75.5531015901829,3570200
2015-10-23,76.26002502441406,76.58134316629865,75.31034365718045,76.58134316629865,4060200
2015-10-26,75.81729888916016,76.6313097594749,75.66020811633959,76.35997461861368,3486800
2015-10-27,73.6180191040039,74.66052387687755,72.80400845329805,73.3966669553278,5144600
2015-10-28,73.28243255615234,73.8322502281263,72.66835345245015,73.68230143969633,3542700
2015-10-29,73.88225555419922,73.98936342061226,73.11108545330411,73.38242066018245,2762500
2015-10-30,73.56090545654297,74.09643914796364,73.49664402848309,73.88222894003363,3232500
2015-11-02,74.66770935058594,74.78195920209477,73.54665855938616,73.55380053703865,2648200
2015-11-03,74.60342407226562,74.99614555402322,74.06789032172534,74.46061180348293,2785900
2015-11-04,74.26070404052734,74.8033799415733,74.06077224744008,74.71769255265042,2817500
2015-11-05,74.4249038696289,74.7248014264018,74.05359746318881,74.34635849317928,2540900
2015-11-06,74.96758270263672,74.99614515624177,73.81083329415301,74.09644693474144,2877700
2015-11-09,74.26782989501953,74.81050023052161,73.90366538082165,74.61771045696486,3416800
2015-11-10,74.50344848632812,74.91759587044363,73.96791476650898,74.2463973127272,2148900
2015-11-11,74.83191680908203,75.2389222337214,74.22497421200902,74.68196256782407,2581000
2015-11-12,73.77490234375,74.52991085989154,73.66704320059493,74.41485964427444,3296100
2015-11-13,73.18528747558594,74.16320098343908,72.93361976825857,74.16320098343908,3114400
2015-11-16,74.1631851196289,74.19194792087735,73.08460475955758,73.13493829025651,2226500
2015-11-17,74.1631851196289,74.9541429531592,73.93308819558476,74.31418571172568,2098200
2015-11-18,74.55149841308594,74.68092831688772,73.77491899027527,74.2207343224692,2141600
2015-11-19,74.8534927368164,75.27773729327383,74.52272867693915,74.78158846048564,1552700
2015-11-20,74.8534927368164,75.50064219568262,74.7384469918761,75.1986409435266,2646800
2015-11-23,74.48677062988281,75.20582433451779,74.2566736638374,74.87506028869902,2290400
2015-11-24,74.35015106201172,74.59462667815929,73.82523946565934,74.11286203273143,1557700
2015-11-25,74.41485595703125,74.5299071669476,74.09128402954289,74.32138096343195,1354700
2015-11-27,74.91099548339844,75.07638020582066,74.57303945327607,74.6305650511571,954100
2015-11-30,74.06973266601562,75.06921699823634,74.06254059202945,74.81754926817088,3998700
2015-12-01,75.05482482910156,75.14111324987876,74.17039183139936,74.39329672764318,3424200
2015-12-02,74.27825927734375,74.73126119361618,74.09130375442945,74.58745262887908,3577100
2015-12-03,73.55201721191406,74.58745648659915,73.27158665601108,74.37893021678366,3927900
2015-12-04,74.24949645996094,74.34297147843641,73.49448778030214,73.65987256708425,3560900
2015-12-07,73.66703796386719,74.2494751011236,73.2859404396282,74.06251963200775,2521500
2015-12-08,72.73947143554688,73.33628180859694,72.48061167709024,73.13494766000713,3738100
2015-12-09,72.23612213134766,73.30032384566744,71.97007033128185,72.71070012833908,3118900
2015-12-10,72.22893524169922,72.91923155702155,72.17141512037557,72.30084499375553,3232400
2015-12-11,70.0789794921875,71.18632295197607,69.93517093312711,71.04251439291569,5746600
2015-12-14,70.37378692626953,70.40254973230998,68.89972466087694,70.0789722788133,4132600
2015-12-15,71.11439514160156,71.59615968958349,70.55353426652493,70.85553543219034,3434200
2015-12-16,72.27208709716797,72.5237547886209,71.31574438370255,71.61055354056336,3483100
2015-12-17,71.90535736083984,73.6742284936033,71.89097870318277,73.63108703468868,4792100
2015-12-18,70.4672622680664,71.25102816412121,69.67630429898107,71.12879035232365,7053500
2015-12-21,69.66910552978516,71.04250059156685,69.27362384028159,70.83397438127804,3311100
2015-12-22,70.4672622680664,70.68298057142802,69.46777806864999,70.14369029896832,2458600
2015-12-23,69.92079162597656,70.24436913517965,69.6619318129922,70.09336849192965,4812200
2015-12-24,69.9926986694336,70.25875056713947,69.52531805873706,69.74103092076344,1497600
2015-12-28,69.74821472167969,69.94235682306864,69.2448792840455,69.85607388287124,2274600
2015-12-29,70.26592254638672,70.36658961706512,69.86325426367308,69.97110792086859,1688900
2015-12-30,69.81292724609375,70.25874255428342,69.76978577579776,70.10774192230261,1727300
2015-12-31,69.19453430175781,69.79134465459562,69.03634162295361,69.67629892470232,2178600
2016-01-04,68.19506072998047,68.59773459415804,67.63419963574391,68.55458763510086,3730800
2016-01-05,68.87096405029297,69.10106102000714,67.96495483194269,68.19505180165686,2839600
2016-01-06,67.89306640625,68.69840873121825,67.66296938282275,68.2310226094594,2443000
2016-01-07,66.58438873291016,67.5694945314709,66.34709963395129,66.8935821232653,3790800
2016-01-08,65.71430969238281,66.87198645592541,65.58487982174005,66.7569352438235,3941100
2016-01-11,65.90846252441406,66.1097966757872,65.22535824117612,65.99474545446301,3484000
2016-01-12,66.87196350097656,66.94386774088602,65.9084346171178,65.9084346171178,4436200
2016-01-13,65.15343475341797,67.42564084492776,64.7867159510433,67.1020689807953,4274500
2016-01-14,65.54175567626953,66.07385395796155,64.42722007983359,65.29727452893309,4001900
2016-01-15,64.74360656738281,64.793940115311,63.57873740482932,64.40565039445984,5459500
2016-01-19,64.96651458740234,65.75747272931729,64.41284553384556,65.31884943966575,3772000
2016-01-20,63.780067443847656,64.28340837630252,62.77339655082776,64.03892724089417,4836900
2016-01-21,64.04609680175781,64.85143871903185,63.21918415663641,63.85914135050896,3467600
2016-01-22,64.6429214477539,65.21097446509881,64.21867695983697,64.90896777579005,2866000
2016-01-25,64.29776763916016,64.9017754786865,64.11081766454251,64.69324928920379,2069800
2016-01-26,65.38355255126953,65.66398305278125,64.62854397892607,64.65730678497142,2307700
2016-01-27,65.34040832519531,66.25360406329831,64.98088149373137,65.44107539912969,3333900
2016-01-28,65.43388366699219,65.87250684253657,64.90178548972057,65.41231293474314,2286100
2016-01-29,67.01581573486328,67.05177062126359,65.88690142480637,65.88690142480637,5220900
2016-02-01,67.64857482910156,67.95057607279843,66.18170459207384,66.18170459207384,5521800
2016-02-02,68.08719635009766,69.02915493802054,67.59823961651557,68.38919758632485,7634600
2016-02-03,68.54739379882812,68.8350163897009,67.5694802814275,68.47548952259609,4857500
2016-02-04,69.20891571044922,69.74820596273844,68.43233643052615,68.54738765093437,5545600
2016-02-05,68.57615661621094,69.51811525265649,68.3676303749473,68.93568348336659,4273300
2016-02-08,69.96394348144531,70.05022643451458,67.82116054311268,67.87149409438497,4545100
2016-02-09,70.12928771972656,71.1215850712357,69.25204156268808,69.28080436130574,5427500
2016-02-10,69.11543273925781,70.4672515075237,68.95004800047603,70.13648751590365,3634400
2016-02-11,68.37479400634766,68.81341707589041,67.74922097853043,68.02245933089198,3897000
2016-02-12,69.92797088623047,69.97830442475707,68.96444158130839,69.20891720102502,3266700
2016-02-16,70.86991882324219,71.20068281048724,70.11491585864265,70.40253838675156,3205700
2016-02-17,70.68299865722656,71.54586111956665,70.66861450748497,71.04971218645093,3004300
2016-02-18,70.63948822021484,71.06712600688049,70.48003024992673,70.90041843890033,2654700
2016-02-19,70.57426452636719,70.66123758689285,69.93643259012146,70.46554267088682,2313000
2016-02-22,71.04537200927734,71.69045344086551,70.57425326044032,70.57425326044032,2574300
2016-02-23,70.28433227539062,70.46553350100324,69.58852023261691,70.38580451934789,3699700
2016-02-24,70.21186828613281,70.32783422044444,69.09566782803645,69.71900062320486,2366700
2016-02-25,70.82792663574219,70.92214926993087,69.92917022327359,70.42203771330253,2146400
2016-02-26,70.625,71.40778518658819,70.60325673507023,71.0091457599547,2372900
2016-02-29,69.97991943359375,70.82069029166567,69.95092657230536,70.6249953902476,3124000
2016-03-01,71.29182434082031,71.35705414025507,70.32783230824461,70.61775543087641,2666900
2016-03-02,71.58897399902344,71.73393828974689,71.08161280604699,71.0961064702082,2605000
2016-03-03,72.20507049560547,72.31378681332247,71.28456512023388,71.34980044068695,2541400
2016-03-04,72.77042388916016,73.36476377436384,72.12534787460336,72.1543407384942,3789700
2016-03-07,73.42273712158203,73.47347324238001,72.31378100158777,72.45149569939188,3349700
2016-03-08,72.92987823486328,73.66917687279071,72.74867699195897,72.87189250997636,2985100
2016-03-09,72.16157531738281,72.58921309125625,71.67595735317583,72.118088792177,3442800
2016-03-10,72.38627624511719,72.52398543275301,71.64697205960604,72.52398543275301,2455200
2016-03-11,73.07481384277344,73.27775828569405,72.60368965466695,72.60368965466695,2315100
2016-03-14,73.41548919677734,73.64017694688357,72.82839899562364,72.8863791851261,2097100
2016-03-15,73.50971984863281,73.59669843709243,72.90813038722258,73.18355981909978,1796300
2016-03-16,73.69090270996094,74.02431225447788,72.98784116898797,73.35024356909183,2252200
2016-03-17,75.19850158691406,75.6551266419589,74.36497492119109,74.74912059874308,4641200
2016-03-18,76.0972900390625,76.40171240028425,75.2565189528472,75.30725509141344,4963700
2016-03-21,76.21324920654297,76.44518659250348,75.69138870567595,75.82910342946683,2789700
2016-03-22,76.0030517578125,76.33646138991459,75.60440680104739,75.71312865560361,2482600
2016-03-23,76.01752471923828,76.25671162814885,75.78558740660972,75.91605249057714,2210400
2016-03-24,76.41616821289062,76.45965473016837,75.60438486816925,75.61888406047625,1996700
2016-03-28,76.14800262451172,76.51765467962932,76.01753751857743,76.37993997619239,1930900
2016-03-29,76.90179443359375,77.04675872328644,75.82908633897897,76.04652447878466,1988400
2016-03-30,76.63362121582031,77.27144750966553,76.59012916341061,77.09024629245495,2277700
2016-03-31,76.44517517089844,76.75684150513804,76.29296680252412,76.57564027662252,3303900
2016-04-01,76.06827545166016,76.3364552674133,75.67688565436596,76.04653218845745,2764400
2016-04-04,76.01752471923828,76.64085728376912,75.8508227135043,76.13349614046342,2796200
2016-04-05,75.32173156738281,75.91607142484196,75.19126645087601,75.66964038800863,2178700
2016-04-06,75.86531829833984,75.98128972250319,74.99555473640218,75.39419406486451,2411100
2016-04-07,75.37245178222656,75.70586133628487,74.95206918874031,75.29997240609596,2107700
2016-04-08,75.60440063476562,76.33645516392659,75.40870573638384,75.7276216757852,1735100
2016-04-11,75.2782211303711,76.32918579690953,75.2347346152877,75.82182468819883,1922500
2016-04-12,76.27120971679688,76.56112720602015,75.37969740095254,75.43043351454878,2555700
2016-04-13,76.49591064453125,76.94529167817235,76.44517452217036,76.51765390699697,2000900
2016-04-14,76.1624984741211,76.8148239751395,75.95955399154256,76.55389377473215,2092000
2016-04-15,76.49591064453125,76.81482657355542,76.1987379779728,76.307459820124,2668400
2016-04-18,76.95980072021484,77.01778645159105,76.16251626817503,76.47418266204248,1333400
2016-04-19,77.43816375732422,77.56138481032669,76.95254573315461,77.01778105884101,2032000
2016-04-20,76.95252990722656,77.70632761784073,76.93078664641055,77.51787680773164,1952800
2016-04-21,76.0972900390625,76.88008091679094,76.05380350024127,76.68438596227101,2187300
2016-04-22,76.48141479492188,76.82932359905853,76.24223336751469,76.39444174125484,2166400
2016-04-25,76.1552505493164,76.32920217680052,75.68412625880035,76.1697442141807,1732100
2016-04-26,76.99604034423828,77.08301340827026,76.3292155176599,76.3437147148809,2216300
2016-04-27,77.16275024414062,77.43093012174424,76.43069554515306,77.03228510501238,2871900
2016-04-28,76.03927612304688,77.22070598584291,75.42318760378926,76.17698527821035,4210000
2016-04-29,76.1552505493164,76.42343035279724,75.64788933172836,75.83633462407677,2516700
2016-05-02,75.93058013916016,76.53941373929567,75.80011500629915,76.33646920591717,2905300
2016-05-03,75.65513610839844,75.80010041134503,74.77087874462654,75.51017733527458,2171900
2016-05-04,74.73465728759766,75.37973340997011,74.65492828102809,75.11880312116504,2524800
2016-05-05,74.0315933227539,74.96659257608246,73.92287145053912,74.87236990273585,3945400
2016-05-06,74.00984191894531,74.4084868966382,72.9443776420421,74.20553684356139,3658500
2016-05-09,74.43022155761719,74.56793073686177,73.93010437611778,74.133048875908,2476200
2016-05-10,75.12602996826172,75.14052363332834,74.43021791878877,74.43021791878877,2346300
2016-05-11,74.25624084472656,75.43042647383973,74.25624084472656,75.25647489057815,2646500
2016-05-12,74.34391021728516,74.76752357484446,73.56241929942429,74.58493218681858,3391700
2016-05-13,73.51860046386719,74.60684359572912,73.1315020336439,74.25626567266275,2838500
2016-05-16,74.24164581298828,74.46075209491924,73.5331904663617,73.63544117904534,2113900
2016-05-17,73.8326644897461,74.75292681392028,73.56243275228672,74.19054768774315,2465100
2016-05-18,73.98603057861328,74.37312341879465,73.07307366413012,73.6500575305063,3444600
2016-05-19,73.9787368774414,74.39504507235188,73.372532054533,73.58433876032923,2475700
2016-05-20,74.13941192626953,74.78943684967285,74.01524554219186,74.22705223003355,2917000
2016-05-23,73.8326644897461,74.35122903015032,73.77423946980092,74.33661859597805,2562500
2016-05-24,74.48267364501953,74.75290530472317,74.11749090726099,74.13209576498294,2444600
2016-05-25,74.71640014648438,74.98663184153173,74.60684419637867,74.60684419637867,1650500
2016-05-26,74.82594299316406,75.08157537509717,74.64335161878128,74.8989840007144,1835500
2016-05-27,75.21305847167969,75.46138012256651,74.94282117020185,75.08889207398848,1987700
2016-05-31,75.29338836669922,75.6804868222627,75.110796963456,75.50519506313105,3200100
2016-06-01,75.14730072021484,75.30067679607693,74.73829785124929,75.28607193886222,1765400
2016-06-02,75.2641830444336,75.37373343498408,75.00125096261698,75.03776590205122,2229400
2016-06-03,75.3153076171875,75.410253145405,74.46077557423932,74.9501247932388,2001900
2016-06-06,75.30799865722656,75.89959301949845,75.08888674484943,75.22765799417144,2172300
2016-06-07,75.8630599975586,76.30127814560028,75.30798070484121,75.4102314203094,1921000
2016-06-08,76.46197509765625,76.65186613828682,75.8192498147613,75.88498561516974,1908400
2016-06-09,76.6664810180664,76.76142654388968,76.03836613093387,76.08949150210756,1610900
2016-06-10,76.33781433105469,76.35242476433059,75.82656061135069,76.19904864841939,2640800
2016-06-13,75.69509887695312,76.49850001313077,75.67318879804115,76.28669329656839,2593700
2016-06-14,75.7608413696289,75.97994775032643,75.29340216519431,75.69510555484574,1916700
2016-06-15,75.87769317626953,76.44737753858603,75.85578309652631,76.06028460379396,2829300
2016-06-16,76.11139678955078,76.20634230939889,75.16192487432807,75.55631738584928,2653000
2016-06-17,76.7029800415039,76.73219532929109,76.03104513913794,76.14060107527827,3417200
2016-06-20,77.49178314208984,77.93000135425615,76.91479369337624,76.92209890904897,3223800
2016-06-21,77.90811157226562,78.11261308639342,77.36764248889239,77.65978989718138,3688100
2016-06-22,77.38224029541016,77.98113992027798,77.03166789523026,77.80585372018804,3590700
2016-06-23,78.3097915649414,78.57272359664184,77.8861782280633,77.98112373919253,3040500
2016-06-24,76.25747680664062,77.10469802546957,75.80464811772937,76.4108529176636,3627400
2016-06-27,75.79002380371094,75.87036445271032,74.88437216400914,75.51979214093704,3609400
2016-06-28,76.46197509765625,76.72490715479559,75.73890915439944,76.28668334473187,3198400
2016-06-29,77.66708374023438,77.91541096901517,76.91480798135808,77.06088446071381,2728600
2016-06-30,78.67497253417969,78.68957739238797,77.51368849186801,77.95921189254932,2673000
2016-07-01,79.14240264892578,79.2884735137946,78.39742675025441,78.58732333238092,2793400
2016-07-05,79.20814514160156,79.25197086565107,78.54351535952827,79.02555374609557,2823100
2016-07-06,78.67497253417969,79.23735151726697,77.9153917456779,79.10588550440615,3267500
2016-07-07,78.76992797851562,79.03286003740128,78.53621121197808,78.65307238137048,2343800
2016-07-08,79.98963165283203,80.23065361886489,79.20084110292417,79.20814074632139,2445700
2016-07-11,80.3475341796875,80.56664055169024,79.6609886217995,79.67559348436707,2239500
2016-07-12,80.55201721191406,80.88067948065297,80.24526501812483,80.70539330880868,2370400
2016-07-13,80.9172134399414,80.99755410961183,80.32561902895719,80.58124589961407,1792800
2016-07-14,81.43577575683594,81.67679777578763,81.06328768866041,81.3408302216041,2514500
2016-07-15,81.09246826171875,81.65485273179378,80.85875156009223,81.65485273179378,2280500
2016-07-18,80.99755096435547,81.34812335271513,80.79304947577106,81.09249649198462,1964400
2016-07-19,80.8076400756836,80.91719601730411,80.54470804469302,80.77842478643501,1431900
2016-07-20,80.77112579345703,81.0340578447032,80.58123475708254,80.8514664520182,1329300
2016-07-21,80.25985717773438,80.7053805387051,80.04074531841414,80.61043503819756,1198600
2016-07-22,80.60316467285156,80.68350535118833,80.02617506127321,80.17224598247725,2012400
2016-07-25,80.41323852539062,80.64695525694898,80.27447287281456,80.4862739592064,1323600
2016-07-26,80.6104736328125,80.65429379675831,80.20877022248018,80.52282773267216,1404100
2016-07-27,79.46379089355469,80.69080550023709,79.36154014068516,80.42056818351156,4763800
2016-07-28,79.41265869140625,79.61716017956789,79.03286543717951,79.07668559257196,4481700
2016-07-29,78.9525146484375,79.20084183240166,77.38953282102042,78.14911365984179,3993900
2016-08-01,78.88676452636719,79.28846213322242,78.60922212180832,78.9817100176794,2834700
2016-08-02,78.48506927490234,78.97441278087422,78.09067126983295,78.81373706524988,2440300
2016-08-03,79.0912857055664,79.1497162866304,78.44126081490846,78.44126081490846,2335000
2016-08-04,78.76262664794922,79.60985345109843,78.71880649338893,79.16432997224368,2196000
2016-08-05,79.45646667480469,79.5441125444107,78.83565708877408,78.93060260166217,2413000
2016-08-08,79.58062744140625,79.90929527309439,79.28848011509905,79.67557295425121,2037000
2016-08-09,80.08457946777344,80.34020628240448,79.60984077074626,79.66096613367247,1790400
2016-08-10,80.2525634765625,80.34020934731389,79.8946859224263,80.06267244830477,1519500
2016-08-11,80.99755096435547,81.09249649198462,80.26718532098391,80.29640061538849,2786800
2016-08-12,80.84308624267578,80.95341259246501,80.62977928022215,80.88721678259148,1700600
2016-08-15,80.7989273071289,81.46091327777893,80.76950508490945,80.93868145974254,1548800
2016-08-16,80.76952362060547,80.88721253649157,80.42381944483552,80.42381944483552,1267300
2016-08-17,81.08578491210938,81.13727239676484,80.55619614895885,80.76950304587864,1542700
2016-08-18,81.2696762084961,81.2917414734725,80.88719852156902,80.93132905152184,1833400
2016-08-19,81.32852172851562,81.4535619728408,80.96810930181312,81.2181897904635,1613300
2016-08-22,80.78424835205078,81.18879142818614,80.66655942041474,81.18879142818614,2061500
2016-08-23,80.49737548828125,81.08580321549518,80.46795326016311,80.78423519778774,2150000
2016-08-24,80.64450073242188,80.74011878839451,80.21788673798845,80.51210347938108,2774100
2016-08-25,80.41647338867188,80.68126785512564,80.18845250206536,80.68126785512564,1845000
2016-08-26,80.13694763183594,80.7768683890207,79.87215322277434,80.33554624448989,1922900
2016-08-29,80.26199340820312,80.44587810254876,80.10753093835865,80.35761142904526,1924600
2016-08-30,80.4532470703125,80.6003582250378,80.20316652485462,80.38705125947368,1360100
2016-08-31,80.33555603027344,80.47531021088946,79.9383643682986,80.21786711781442,2272800
2016-09-01,80.5414810180664,80.9092503377836,80.27668665893287,80.54883797574081,2739200
2016-09-02,80.60770416259766,81.21820278736072,80.31349309633167,81.1225847519959,1920300
2016-09-06,80.5414810180664,80.56354627937513,79.997183996165,80.55618932170073,1789600
2016-09-07,80.52677917480469,80.6591763649932,80.19578339347592,80.45322081558834,1517800
2016-09-08,80.12958526611328,80.51206290898917,80.12958526611328,80.34289215584369,2524900
2016-09-09,79.1660385131836,80.17372868290192,79.15133020643337,79.76182875330758,3533700
2016-09-12,79.84273529052734,80.10017273627311,78.7835576717843,78.96008540433631,2718400
2016-09-13,78.5997085571289,79.26904621903232,78.3569793076804,79.24698094394027,3023600
2016-09-14,78.5997085571289,78.95276418203765,78.0186319955937,78.0186319955937,1955300
2016-09-15,78.76151275634766,78.9380405345093,78.2687030026331,78.43051685911308,2134200
2016-09-16,78.5997085571289,78.84978915712944,78.08483343258781,78.42318074467453,3618600
2016-09-19,78.79092407226562,79.23224626238719,78.66587820216301,78.82034629983588,2168900
2016-09-20,79.69562530517578,79.967776672677,79.13661426379933,79.13661426379933,3242400
2016-09-21,80.6591796875,80.83570741111791,79.93099230561025,80.29141032312887,2937500
2016-09-22,80.66654205322266,81.43886006858502,80.54885875864049,80.9239795211048,2693800
2016-09-23,80.32819366455078,80.85778251154471,80.32083670508813,80.56356586191299,1651600
2016-09-26,80.0560531616211,80.37969208137176,79.90159066220825,80.23993789116732,2360800
2016-09-27,80.91663360595703,81.07845305712343,79.81332528805852,80.07076277322491,2466000
2016-09-28,80.3576431274414,80.75483489731269,79.92367777122436,80.73276962316169,2752700
2016-09-29,79.5926513671875,80.57091929947184,79.58529440804644,80.43852209351068,2473400
2016-09-30,80.43853759765625,80.75481956109665,79.9015917111768,80.04134590321597,2952500
2016-10-03,80.3061294555664,80.43852666905865,79.66620865506789,80.43852666905865,1445300
2016-10-04,79.8206787109375,80.47531349268347,79.6000204086527,80.31349403731141,1742000
2016-10-05,80.29141998291016,80.56356575378868,79.72505195107895,79.8206699771017,3019100
2016-10-06,80.26199340820312,80.51207389888974,79.91628928495884,80.10753093835865,1861600
2016-10-07,80.02662658691406,80.43852653410292,79.79125438684675,80.20315433403559,1443000
2016-10-10,80.21051025390625,80.62241019575612,80.14430884227134,80.3796810392878,1307700
2016-10-11,79.95306396484375,80.49000974892922,79.65885293918576,80.10017508938834,1944400
2016-10-12,79.98247528076172,80.21784743621453,79.76181704161431,80.19578217347127,1483900
2016-10-13,79.65886688232422,79.96779188036734,78.96745850523253,79.57795715259151,2088600
2016-10-14,79.74713134765625,80.21787582515738,79.73977999861677,79.9604383158547,1566000
2016-10-17,79.46027374267578,80.00457100721847,79.37201265809516,79.66622375565318,1759900
2016-10-18,79.5338134765625,80.151669025907,79.47497463372841,79.76918568304706,1692300
2016-10-19,79.47496795654297,79.8280234307494,79.29108326031007,79.60736516229927,1991400
2016-10-20,78.99687957763672,79.37200599074416,78.84241708087872,79.37200599074416,1946100
2016-10-21,78.8203353881836,78.86446591757162,78.25396740636572,78.51140484732142,2816400
2016-10-24,79.76917266845703,79.82066015485906,79.25429780443677,79.3057852908388,1808300
2016-10-25,79.32051086425781,79.97514563633318,79.27638032679606,79.7397734170099,2242500
2016-10-26,79.88688659667969,80.20316857276912,79.13663371771553,79.14399067856884,3310100
2016-10-27,79.49703979492188,80.35761889763157,77.87149961923154,80.35761889763157,3532000
2016-10-28,79.21752166748047,79.77653269255136,78.6952898248451,79.65884940984533,2397500
2016-10-31,79.26166534423828,79.58529861123456,79.0924889453526,79.49703754374279,2328700
2016-11-01,78.58496856689453,79.46026160000812,78.08480753279089,79.45290464017833,2906600
2016-11-02,78.62910461425781,79.01158234917939,78.4084407133733,78.64381292218259,2568900
2016-11-03,79.05570983886719,79.5632277765767,78.46727657542615,78.86446818649154,2245500
2016-11-04,78.65851593017578,79.47496439378678,78.62173674789173,78.98950612387091,2559300
2016-11-07,80.76216888427734,80.76216888427734,79.40877446694226,79.40877446694226,3615400
2016-11-08,82.40242004394531,83.02762697123649,80.54886453065484,80.62241729650387,5834300
2016-11-09,83.4764404296875,83.4764404296875,81.65432887163328,81.72099445297279,6744000
2016-11-10,83.92825317382812,84.52081217227877,83.56531375408436,83.63197932566423,4532600
2016-11-11,84.60969543457031,84.66894681196761,83.69863698796883,83.79492542091806,3092600
2016-11-14,83.6319808959961,84.99485870653692,83.5801267554262,84.81709326408844,3396800
2016-11-15,83.83196258544922,83.94306810118817,83.06904670900241,83.71344852837801,3690800
2016-11-16,83.55790710449219,83.987512105543,83.22459619223021,83.83196663641665,2297800
2016-11-17,84.06156921386719,84.11341769657206,83.33569045599897,83.63937281153872,1621400
2016-11-18,84.50598907470703,84.66894307023614,83.88380725657154,84.23934376054969,1992400
2016-11-21,84.95783233642578,84.98005796420651,84.15788491924879,84.5060073062756,1942500
2016-11-22,84.90596771240234,85.1800272256844,84.73561082254523,85.13558728068882,1987300
2016-11-23,85.6836929321289,85.73554141363685,85.06891404349147,85.06891404349147,1855400
2016-11-25,86.1133041381836,86.20959256769517,85.75035909012851,85.76517617224481,1077600
2016-11-28,85.69109344482422,86.26883522780524,85.51332239539919,86.11328979785344,2659100
2016-11-29,86.12812805175781,86.27627063908557,85.7503715178994,85.87629412989347,2772400
2016-11-30,85.8614730834961,86.63179754886762,85.8614730834961,86.26144957423102,3353600
2016-12-01,86.23921203613281,86.48364300586607,85.83182708657739,85.95034112683368,2485200
2016-12-02,86.17996215820312,86.66882413818426,85.92071973748325,86.43180168908883,2088700
2016-12-05,86.33550262451172,86.62437354106801,86.18736572153026,86.59475068132022,2310000
2016-12-06,86.3207015991211,86.45402708829877,85.94294510460746,86.29107308474147,1755400
2016-12-07,87.8613510131836,87.98726796182177,86.12071110116791,86.12071110116791,2539300
2016-12-08,88.12799835205078,88.34279518447102,87.51321941495536,88.14280978319452,2157800
2016-12-09,88.58721923828125,88.72795325289168,87.7280150227571,88.07614296349196,3196800
2016-12-12,88.97979736328125,89.20941693740454,88.38724402772031,88.44650105659481,2760200
2016-12-13,89.00201416015625,89.20199954894639,88.40945523230421,89.12793109573008,3123400
2016-12-14,86.85399627685547,88.824244283959,86.60956529200455,88.77239580090526,4983900
2016-12-15,86.8687973022461,87.3132136253411,86.24661558012511,86.81694882540268,3045700
2016-12-16,85.77999877929688,87.0539967563511,85.24669677484982,86.94289123024767,5543300
2016-12-19,86.64662170410156,86.8836442011711,85.96517708034735,86.1133196729296,2209900
2016-12-20,87.04656219482422,87.23173613262479,86.74287987538256,86.80213689173316,2074900
2016-12-21,85.99479675292969,86.97251515915033,85.93553972199231,86.69105273879006,3028400
2016-12-22,86.1429443359375,86.46884672290784,85.76518780558763,86.39477825546285,1969700
2016-12-23,85.89849853515625,86.3206949431542,85.83183297017717,86.15774095216186,1229800
2016-12-27,86.01700592041016,86.49845934693347,85.97256597832089,86.14292850809774,990800
2016-12-28,85.32817077636719,86.1281237548419,85.27632228615465,86.05405529040422,1541700
2016-12-29,85.16522216796875,85.55038157256428,84.83190560237375,85.35039615405655,1412300
2016-12-30,84.91339111328125,85.4985416460549,84.70599713226014,85.35780759419251,1734000
2017-01-03,85.2392807006836,85.97256801785633,84.91337271480197,85.5651830355043,2390700
2017-01-04,85.26151275634766,85.8096261866918,85.15040723168097,85.40224679766291,1830800
2017-01-05,85.30593872070312,85.90590619511967,85.06891627743387,85.18002178388589,1856200
2017-01-06,85.47630310058594,85.6688856058665,84.82448712919353,85.1800236273222,1767000
2017-01-09,85.0096435546875,85.32074004551352,84.80965820085484,85.18000605326031,1965200
2017-01-10,84.38007354736328,85.03929243046291,84.0023227161901,84.90596694561911,2892600
2017-01-11,84.5726547241211,84.78745720470455,84.17267827590301,84.17267827590301,2302700
2017-01-12,84.37268829345703,84.59489371393619,83.92086325876843,84.59489371393619,1917000
2017-01-13,84.61708068847656,84.88373160990204,84.46153525948839,84.58745218042262,1788000
2017-01-17,84.49118041992188,84.52080893381532,84.00232406833311,84.20971801452599,2474700
2017-01-18,85.150390625,85.51332999380368,84.45413474720218,84.71338280455116,2040000
2017-01-19,84.63933563232422,85.29115177674143,84.44675872698498,85.1578262609345,1848000
2017-01-20,85.150390625,85.18001913587018,84.67634575319826,84.76523128580882,2372900
2017-01-23,84.78002166748047,85.20962649184976,84.54299929042486,85.17258944969201,1689500
2017-01-24,85.95774841308594,86.11329385035773,84.55042528640632,84.88373613040869,2157200
2017-01-25,86.65399932861328,86.75769628765356,85.82442365629103,86.09107459412617,2045000
2017-01-26,86.60957336425781,86.92807283300473,86.3207024101689,86.63920187891583,1796400
2017-01-27,87.46878814697266,87.54286226800814,86.35774414418475,86.66143221745655,2283800
2017-01-30,86.68363952636719,87.34285841960553,86.11330617474547,87.33545552943337,2910300
2017-01-31,80.83213806152344,82.8172032143232,80.49882718126098,82.8172032143232,12755500
2017-02-01,78.03229522705078,80.40252499019027,76.46202387194565,79.83959464442388,14684600
2017-02-02,77.84712219238281,78.29153851215706,77.33604596761947,77.9878561932177,4353400
2017-02-03,79.21742248535156,79.40259645623931,78.01749877067812,78.29155263091285,4859700
2017-02-06,78.55821990966797,79.25447599308737,78.32860594643914,78.97301353328874,3444300
2017-02-07,78.2841567993164,78.87671016894797,78.00268872150941,78.79523316232611,3589500
2017-02-08,78.63226318359375,78.81002858050812,78.15080981801809,78.37301515139603,3398500
2017-02-09,78.85448455810547,79.26186956209494,78.5285765549139,78.63227917952494,2416000
2017-02-10,79.50629425048828,79.62480830559203,78.70634698278279,78.88411241437721,4012800
2017-02-13,80.36550903320312,80.38772900710698,79.64703307131708,79.74332715964916,3877700
2017-02-14,80.72845458984375,80.98769705684441,79.71370469743235,80.49884064065203,5878800
2017-02-15,80.75066375732422,80.86176927147123,80.20255037887648,80.6395638942384,2843000
2017-02-16,80.02667236328125,80.70587357138471,79.60870238906374,80.68348313625361,5150000
2017-02-17,79.78784942626953,79.89980732140239,79.42212561695628,79.83263030655664,2919000
2017-02-21,80.39987182617188,80.51182971066619,79.56392607561753,79.78784184460615,3822500
2017-02-22,78.83248138427734,79.73559848161874,78.54885397402128,78.69813305689678,5234400
2017-02-23,78.43687438964844,79.18325251433173,78.28760104247705,79.11608121642855,3976300
2017-02-24,79.2504653930664,79.25793077212943,78.19806902739558,78.26524605013121,2717400
2017-02-27,79.66095733642578,79.69080745691828,78.92950410724184,79.22059118456646,2776200
2017-02-28,78.93697357177734,79.85501572643885,78.72798855102236,79.62364026694793,3793900
2017-03-01,79.76545715332031,80.14610601584457,79.63110882113088,79.84009385022222,3386200
2017-03-02,79.07876586914062,79.85499985943375,79.01159456627963,79.85499985943375,2490900
2017-03-03,79.06388092041016,79.56395318788655,78.93699793213999,79.21315435432605,2732500
2017-03-06,79.19074249267578,79.39226783782074,78.54139696688969,78.75784167920843,2481900
2017-03-07,78.847412109375,79.40719589793706,78.75038496934704,79.116108783438,2186500
2017-03-08,78.91456604003906,79.19818769328589,78.5488366385206,78.84738904396717,2269800
2017-03-09,79.0414810180664,79.29524696424562,78.832495957821,79.2131448770898,2301000
2017-03-10,79.66095733642578,79.75051908673215,78.92950410724184,79.31761831220318,2957100
2017-03-13,80.22820281982422,80.23566819734843,79.34747618764884,79.51168032669393,2644500
2017-03-14,79.735595703125,80.17595616982955,79.44450861967955,80.00429234852304,2748900
2017-03-15,80.41477966308594,80.82528992016849,79.75050357028933,80.07891177595536,3253800
2017-03-16,80.45958709716797,80.54914885328357,80.07893255043224,80.45958709716797,2409400
2017-03-17,80.72080993652344,81.33283988178492,80.34762080662219,80.54168074860682,4412200
2017-03-20,79.95203399658203,80.75811811638476,79.81022031785497,80.64616594308833,2370900
2017-03-21,79.49674987792969,80.71334438884654,79.39225737733139,80.2431281361542,3088500
2017-03-22,79.50421905517578,79.98936611984234,79.02653736841899,79.83262735022666,2282200
2017-03-23,78.85486602783203,79.78037349598283,78.64588102158001,79.511676860969,2414200
2017-03-24,78.40703582763672,78.99666962192504,78.22044126897448,78.88471744225892,2526900
2017-03-27,78.20552825927734,78.35480735672513,77.43675941427104,77.98161815472865,2148400
2017-03-28,79.25791931152344,79.50421984083063,77.9965380698085,78.16074221895659,3191600
2017-03-29,79.13849639892578,79.37733724574326,78.71306096258166,78.8548746728347,1889300
2017-03-30,79.60870361328125,79.7430462261338,78.63094427368104,78.97427757127002,1721600
2017-03-31,80.08641052246094,80.38495734901484,79.47438041696032,79.47438041696032,2478100
2017-04-03,79.41463470458984,80.40731899082036,79.17579392916123,80.35507274914578,2645900
2017-04-04,79.5863037109375,79.63854995604162,78.89217177203219,79.34000323796874,2138600
2017-04-05,79.66840362548828,80.44463759932493,79.51913027046386,79.81768267492619,2622900
2017-04-06,79.61615753173828,79.81768282525563,79.49673998637653,79.69079420939106,2824600
2017-04-07,78.36226654052734,79.56393621883788,78.30256059634469,79.34748579973188,3212200
2017-04-10,79.4295883178711,79.77292170008236,78.64589441100254,78.70560035551493,3687700
2017-04-11,78.92951202392578,79.2355298866049,78.54139778003632,79.22806450852576,3029400
2017-04-12,77.7950210571289,78.62349582011157,77.75769986036084,78.41451078480674,3036000
2017-04-13,77.42929077148438,78.04132080917968,77.3994349532535,77.75769907760895,2840900
2017-04-17,78.272705078125,78.272705078125,77.56364217948165,77.66813470022231,1723800
2017-04-18,77.69799041748047,78.17567213864264,77.29494539754702,78.01146797929029,3042300
2017-04-19,77.9666748046875,78.43689107326476,77.86964767782965,78.05624224868934,2047100
2017-04-20,78.76531219482422,78.92205097659668,78.04878960911499,78.18313794983642,2424700
2017-04-21,78.94442749023438,79.21312412427366,78.70558667046771,78.8996466160326,3040600
2017-04-24,79.84008026123047,80.0341401956779,79.32507745975664,79.67587613934525,2441500
2017-04-25,80.13118743896484,80.47452082803038,79.92220239296107,79.92966207716448,2626100
2017-04-26,80.32524108886719,81.04922331417886,79.83262863834247,80.03415398425348,4565600
2017-04-27,81.22835540771484,81.56422338004978,78.80262582365319,80.45958663525705,4672800
2017-04-28,80.20580291748047,81.57914180473884,79.92218124358796,81.35522606075102,3112000
2017-05-01,79.51915740966797,80.17596836811823,79.49676696821399,80.17596836811823,1976600
2017-05-02,79.8027572631836,79.95203632261126,79.53406065062764,79.57138183908802,1908800
2017-05-03,80.12369537353516,80.21326280388257,79.5564463701619,79.78036209882367,1909000
2017-05-04,79.89981842041016,80.48199272267365,79.56394468835484,80.16851512828806,1744300
2017-05-05,80.18341064453125,80.28043776101514,79.87739284772134,80.10130858657804,2221500
2017-05-08,80.2506103515625,80.30285661653137,79.66097637309191,80.13119275781183,2508200
2017-05-09,79.49674987792969,80.35508601377072,79.1832666817206,80.2804436324169,2336500
2017-05-10,78.44434356689453,79.2131121614682,78.19803740715341,79.16833129402926,3713100
2017-05-11,78.35408020019531,78.42931100524945,77.47386772760267,78.33903059533898,3076700
2017-05-12,78.33902740478516,78.47444514426438,77.97791725933541,78.09076633219182,2052300
2017-05-15,79.21171569824219,79.35465823067429,78.40673411512282,78.65500091153376,2592900
2017-05-16,78.61739349365234,79.2643887701001,78.18857157691305,79.21172663084238,2458300
2017-05-17,77.39111328125,78.61739206728403,77.32340153786562,78.61739206728403,3073100
2017-05-18,77.63186645507812,77.97040800139669,76.82688465984332,77.44378654273594,2890800
2017-05-19,77.80488586425781,78.15847696830261,77.49643783587875,77.66946811674582,2361200
2017-05-22,78.07573699951172,78.27134172726674,77.57168418158892,77.75223930119307,1916000
2017-05-23,78.39170837402344,78.48198880194718,77.7823312698332,77.9929798619116,2099600
2017-05-24,78.78289794921875,78.85060394827521,78.03810326088676,78.10580925994321,1865300
2017-05-25,79.70074462890625,79.73835716712188,79.01613100030772,79.12898009444129,2391800
2017-05-26,79.64806365966797,79.81356912023935,79.39227205743585,79.60292058883759,1826000
2017-05-30,80.35525512695312,80.80665148148705,79.19668224715265,79.37724308486345,2400800
2017-05-31,79.72329711914062,80.64112781352046,79.24181310565321,80.57341607488574,5007300
2017-06-01,80.99471282958984,81.32572947674923,79.52016169143478,80.11449473167013,4832300
2017-06-02,81.00222778320312,81.91253356127261,80.47560650324276,81.05488991119917,4182800
2017-06-05,81.2128677368164,81.61160179504299,80.68624651235241,80.86680154077708,2619900
2017-06-06,80.82170104980469,81.20538568232902,80.76151409965509,81.1226300608092,2593900
2017-06-07,80.25745391845703,80.8668309483308,79.9565249351546,80.80664974346467,2442300
2017-06-08,80.31011199951172,80.6336096357505,79.91138355618678,80.25744986057715,2322100
2017-06-09,80.52075958251953,80.54332825039846,79.6932092350839,80.12955594655195,2834200
2017-06-12,81.95767974853516,81.96519881014841,80.52074689605166,80.52074689605166,3337500
2017-06-13,82.64230346679688,82.74762774722659,81.96521470707525,82.04797031880472,2507300
2017-06-14,82.29622650146484,82.92817784198537,82.04795969841243,82.70247970471189,2434300
2017-06-15,82.95075988769531,83.0034220295879,81.86741783762713,81.86741783762713,2311600
2017-06-16,83.19903564453125,83.56767644244947,82.77773843518928,83.17646697113707,4107600
2017-06-19,83.40966033935547,83.64287753451903,82.92065154391469,83.34947340520294,2150900
2017-06-20,82.46175384521484,83.4096781716788,82.44670423858825,83.39462856505222,2081000
2017-06-21,82.14575958251953,82.6498122180751,81.90501759690034,82.61971875240499,2796900
2017-06-22,82.05548858642578,82.41660447609769,81.76208443720463,81.82227137544035,1613600
2017-06-23,82.9582748413086,83.73316880468755,81.97273806053734,82.16834275205241,4352100
2017-06-26,83.51499938964844,83.9212526574876,83.13883959421325,83.2516886807924,2199700
2017-06-27,82.50688934326172,83.83849825256493,82.50688934326172,83.29682722096655,2154600
2017-06-28,82.81533813476562,83.41719033595798,82.45422222225604,83.04855536050017,2996400
2017-06-29,82.58963775634766,82.93570405419146,82.31880226416685,82.54450042089837,2208800
2017-06-30,83.19903564453125,83.51501429128173,82.5670898305183,82.91315621529834,2178100
2017-07-03,83.21407318115234,83.98143666395043,83.19150451103228,83.4322465585516,1288200
2017-07-05,83.14635467529297,83.62031966827672,82.93570611829695,83.18397294893198,1628700
2017-07-06,82.1833724975586,83.01844751968375,82.07052343569865,82.83789246455288,1637200
2017-07-07,83.0260009765625,83.22160570198106,82.12321964958159,82.33386824322756,1742700
2017-07-10,82.91313934326172,83.19901871432089,82.59716650055272,82.82285892831221,1698700
2017-07-11,82.80782318115234,83.03352137078299,82.42413855467761,82.94324094698206,1785900
2017-07-12,83.18399047851562,83.59024381250853,82.86049277217371,83.2291278246002,2196000
2017-07-13,83.62786865234375,83.94384157920284,82.89059274992819,83.0711478881699,2285900
2017-07-14,84.56826782226562,84.71872947987237,83.3946450819046,83.5300628696484,3275700
2017-07-17,84.2823486328125,84.45538463501745,83.79333983326845,84.1694995652651,2615100
2017-07-18,84.13188934326172,84.37263134875235,83.90619120197707,84.22968880995592,2142400
2017-07-19,85.00459289550781,85.00459289550781,83.70308315738275,84.04914949641436,2541800
2017-07-20,84.69615936279297,85.17011874195236,84.58331025163761,85.17011874195236,2237100
2017-07-21,84.77136993408203,85.08734277801949,84.3726414777215,84.5231030968128,1772900
2017-07-24,84.37265014648438,84.69614782653663,84.24475718314228,84.62091700926148,2296000
2017-07-25,85.1776123046875,85.5838655119923,84.57575442577473,84.88420816714661,2219400
2017-07-26,84.47796630859375,85.49359659342426,84.39521069563231,85.41836578338919,2978400
2017-07-27,81.09252166748047,83.50746663546677,80.4831446936149,83.50746663546677,7446500
2017-07-28,82.49938201904297,82.68746194623603,81.19786639737966,81.53640797042962,4274800
2017-07-31,82.97331237792969,83.50745849575513,82.7250455832421,82.78523251645277,3564200
2017-08-01,82.8830337524414,83.35699868694451,82.49183015768108,83.35699868694451,2663500
2017-08-02,83.70309448242188,83.84603132761009,82.64232091165032,82.65737052045581,2256100
2017-08-03,83.89869689941406,84.09430164365216,83.37960016934132,83.48492447629778,2515300
2017-08-04,84.29742431640625,84.3275120533016,83.59776676884172,83.97392661721526,2185400
2017-08-07,84.15447235107422,84.28236530771808,83.82344988470834,84.25979663769189,1696000
2017-08-08,84.17703247070312,85.16256922669393,84.10932646750187,85.01210761530723,2809500
2017-08-09,84.56826782226562,84.63597384626536,84.04916534595701,84.2372452878376,1888700
2017-08-10,84.06802368164062,84.75014909491244,84.04528713160472,84.53793358465876,2058200
2017-08-11,84.4621353149414,85.2503684101544,84.34844679287866,84.50002763400336,2077900
2017-08-14,86.16742706298828,86.24321746707135,84.95475746791044,85.02297287929123,2424900
2017-08-15,86.53883361816406,86.72831258424145,86.02345059913598,86.15987568600927,1985800
2017-08-16,86.9784164428711,87.41800320016796,86.56914122819731,86.60703354769544,2196300
2017-08-17,85.5838394165039,87.01629962624422,85.5762644228627,86.85713802321061,2439900
2017-08-18,85.90218353271484,86.55399165566931,85.40196205605172,85.59144102708639,2249300
2017-08-21,86.27357482910156,86.5540000326121,85.78092830024377,85.90219184657377,1455200
2017-08-22,86.8571548461914,87.03905303025546,86.28113718380975,86.40240649481179,1594100
2017-08-23,86.06134033203125,86.49335210135776,85.84154405887374,86.49335210135776,1528400
2017-08-24,85.9097671508789,86.37209631808363,85.82639593827219,86.28114432730189,1147500
2017-08-25,85.94763946533203,86.48575890547195,85.89458559890804,86.20532802155209,2015100
2017-08-28,86.24324798583984,86.44788272752164,86.08408634621195,86.24324798583984,1928000
2017-08-29,87.07695007324219,87.16790205538413,85.61417227614982,86.0613456269657,2083100
2017-08-30,87.1375961303711,87.64539841995767,87.0618056932214,87.06938068922858,1968500
2017-08-31,86.67525482177734,87.51654185606442,86.31903345632116,87.51654185606442,3262200
2017-09-01,86.697998046875,87.19064453102398,86.697998046875,86.94811167793455,1548400
2017-09-05,86.34176635742188,86.6828319361314,86.05376043573621,86.48577220948403,1771500
2017-09-06,86.25841522216797,86.82685220313986,86.19778633885203,86.5919001013856,2144400
2017-09-07,86.91020202636719,86.99357322564629,86.31144785992566,86.31144785992566,1616300
2017-09-08,87.1982192993164,87.47106946304218,86.44787845785105,86.86473448088736,1645400
2017-09-11,88.06980895996094,88.19865903375694,87.3952643964552,87.53927024117161,2021500
2017-09-12,88.78984069824219,89.0778466321499,87.9030805643557,88.09255952197789,2151700
2017-09-13,88.72160339355469,89.16877663016693,88.41844176205059,88.55486102676495,2302600
2017-09-14,88.96415710449219,89.03995331264308,88.29719326281159,88.44877411423573,2102800
2017-09-15,89.3582763671875,89.43406679272748,88.7519413979901,88.94900113034508,3411300
2017-09-18,89.12330627441406,89.70690461393565,88.97930622042296,89.38100062473785,2292400
2017-09-19,88.65341186523438,89.41890844071153,88.59277721357628,89.12331595948798,2002700
2017-09-20,89.30521392822266,89.72964489650187,88.41087311474982,88.64582514612749,3481800
2017-09-21,88.87319946289062,89.43405547986816,88.7367744012001,89.30521119450434,1765700
2017-09-22,89.1839370727539,89.47194873318948,88.7822426857651,88.97172160660418,1883300
2017-09-25,89.60079193115234,89.65384579705004,88.79740316686214,89.48710342353222,2361100
2017-09-26,90.1313247680664,90.19195940587213,88.66854738001821,89.44919954884546,2870700
2017-09-27,89.90398406982422,90.32083433576345,89.72208009465581,89.95703795030519,2302400
2017-09-28,90.6543197631836,90.73769097340072,89.67660757445132,89.85850576836172,1629300
2017-09-29,91.01810455322266,91.26821815200385,90.51788313809887,90.61641010923755,2445800
2017-10-02,91.54865264892578,91.55623342621338,90.84379070458758,90.9498984568588,1989900
2017-10-03,90.7301025390625,91.38191060988032,90.57852168733507,91.20001243131965,1857000
2017-10-04,90.19197845458984,90.66188832317398,89.94944563458093,90.5785171241923,2309700
2017-10-05,89.58562469482422,89.58562469482422,88.31232621163922,88.5093858935138,4480300
2017-10-06,89.2066879272461,89.98734606357216,88.97931665523042,89.42648420456834,2828300
2017-10-09,88.78984069824219,89.90397789425084,88.61551751295667,89.54017575134314,1839200
2017-10-10,89.5250244140625,89.88882079255373,88.88079130028076,89.15364147536877,2064200
2017-10-11,90.1313247680664,90.1313247680664,89.3961456863748,89.52499573732126,1810000
2017-10-12,90.62399291992188,90.9650527205037,89.92671176443443,90.04040029210795,2290300
2017-10-13,89.70691680908203,91.03326949247466,89.61596482911428,90.98021561643651,1665500
2017-10-16,89.6917495727539,89.95702471857886,89.02478577589088,89.8963900691081,1247300
2017-10-17,89.19153594970703,89.60839197312725,88.97932044048908,89.43406878630454,1484400
2017-10-18,89.54776000976562,90.01766414217457,88.98690389248442,88.98690389248442,2089300
2017-10-19,90.51031494140625,90.59368615258799,89.1915429010286,89.1915429010286,2119600
2017-10-20,90.76799774169922,91.27579993943625,90.57851879187746,90.63914766116704,2427600
2017-10-23,90.70734405517578,91.26062501682317,90.66944596018882,91.13177496332999,2052200
2017-10-24,90.72252655029297,91.26822689721718,90.66189767586518,91.0863287090555,1845600
2017-10-25,89.85090637207031,90.75282210117099,89.76753518449426,90.63155859897532,3397000
2017-10-26,90.44209289550781,91.5486492585269,88.67614771141824,89.65385977751369,4104500
2017-10-27,91.5183334350586,92.27624923990379,90.42693282570112,90.42693282570112,3638300
2017-10-30,89.5022964477539,91.34403253401535,89.31281745032965,91.34403253401535,3442000
2017-10-31,89.07783508300781,90.03281052469178,89.0172004366448,89.81301426845445,2499000
2017-11-01,89.02479553222656,89.56291509476623,88.81258001826039,89.38859768648219,2088600
2017-11-02,88.57762908935547,89.24459296786182,87.19064167073196,89.14606598723994,3522300
2017-11-03,87.50895690917969,88.5776209546301,87.28916063495714,88.5776209546301,2957600
2017-11-06,86.34176635742188,87.91823260572357,86.09923353325536,87.59990935821226,3351100
2017-11-07,86.36449432373047,87.05420040723757,86.12196152366559,86.27354813772993,2730400
2017-11-08,85.74302673339844,86.17503858045843,85.37923032663193,86.14472703192759,2371900
2017-11-09,85.30342864990234,85.64448845910908,84.67435712564745,85.51564415629223,2713900
2017-11-10,86.45638275146484,86.48691948864473,84.98273760311378,85.18889261876785,2840000
2017-11-13,87.66277313232422,87.7009527880631,86.68543452954367,87.09775034485376,3301300
2017-11-14,87.09774780273438,87.42607302615417,86.79232804193033,87.27336605845086,3238200
2017-11-15,86.19678497314453,87.2657514993267,86.02117249747253,86.85343558956791,2153400
2017-11-16,86.81524658203125,87.20465698135048,86.25786082309422,86.80761531027473,2518400
2017-11-17,86.23495483398438,86.66253906568764,85.94480339784437,86.5327375418346,2155400
2017-11-20,86.43346405029297,86.67016743363,86.14331846877384,86.41819568301203,2811100
2017-11-21,86.98322296142578,87.15120413716129,86.12805454007845,86.31894118061462,2205400
2017-11-22,86.86869049072266,87.18938447663142,86.73125187544689,86.99086073781133,1846200
2017-11-24,86.38765716552734,87.18938338213815,86.25021855197687,87.04430767189099,891700
2017-11-27,87.45661163330078,87.54823930502128,86.56326367926516,86.60143750676751,3060500
2017-11-28,87.95293426513672,88.1361838170814,87.34209465812347,87.89184913935574,2025800
2017-11-29,90.89259338378906,91.06057457787101,88.0598360278941,90.3581072366739,4122100
2017-11-30,92.73271942138672,93.15267232349589,90.88493830290129,90.89257539895712,5654200
2017-12-01,91.86229705810547,93.0687021823846,90.93840629596221,93.0687021823846,3141900
2017-12-04,94.46598815917969,95.56549714913199,93.22904054548334,93.22904054548334,4535000
2017-12-05,91.9081039428711,94.67977593146337,91.83938172145577,94.5499744109432,3690900
2017-12-06,90.31993103027344,91.5874153994079,90.07559634312713,90.43446418917918,3347000
2017-12-07,91.41942596435547,91.6408493253216,89.9839548010871,90.37336515127133,3280000
2017-12-08,91.28964233398438,91.72486372352549,90.01452073265854,91.67141568710461,3030400
2017-12-11,90.13665771484375,91.17508131787824,89.76251577266729,90.15956317550825,2765500
2017-12-12,90.22064208984375,90.77039058421744,89.80068925518694,90.02975549689002,2541000
2017-12-13,90.40392303466797,91.11402164047712,90.12904577916774,90.46500816375658,2738500
2017-12-14,89.21279907226562,90.35811919211059,88.82339442580589,90.35811919211059,2817400
2017-12-15,90.09849548339844,90.55662226145475,89.57164648466475,89.67854253869795,4997200
2017-12-18,90.71694946289062,91.56448646602355,90.56424250708524,90.69404400205951,2581000
2017-12-19,90.86204528808594,91.2361814905136,90.51845164866845,90.98421554012663,2111200
2017-12-20,90.35047912597656,92.18299230446723,90.26648852599665,92.144812640695,3420000
2017-12-21,90.54134368896484,90.74749867696671,89.71671208616262,90.74749867696671,3377700
2017-12-22,90.58715057373047,90.86202776240481,90.25882536644707,90.86202776240481,1933400
2017-12-26,90.29702758789062,90.9231356018268,90.16722023134153,90.81623953789125,1309100
2017-12-27,90.9231185913086,90.96129242105886,90.13666662860389,90.25119394325216,1508000
2017-12-28,90.90023803710938,91.28964266441417,90.48792211519923,91.23619462779985,1367300
2017-12-29,90.97657775878906,91.86992587487427,90.86204460471188,90.900224264537,2614400
2018-01-02,94.42779541015625,94.45833796957697,91.32779844642302,91.65612367844878,5413000
2018-01-03,96.51993560791016,96.73372773958563,94.6034318697072,94.79431853376012,5655600
2018-01-04,97.14602661132812,98.45932173656537,96.74897915744435,96.97804544433097,5473100
2018-01-05,97.44381713867188,98.23790628500996,96.03125129807732,97.59652412529921,3699200
2018-01-08,98.62731170654297,98.89455767356294,97.53543984900406,97.81795418466034,3243000
2018-01-09,98.58150482177734,99.26106084925189,98.39061816629803,98.67312668815244,2957700
2018-01-10,99.10070037841797,99.61228681332162,98.10809919627151,98.13100466042593,2927900
2018-01-11,101.9029312133789,102.13962878793711,99.27632912641788,99.53593216620455,4252300
2018-01-12,102.38397979736328,102.56723520965701,101.55171664511008,101.895310348712,4212500
2018-01-16,101.46007537841797,102.85736704683111,100.6048952685782,102.62830073793124,4126500
2018-01-17,102.32288360595703,102.54431866157343,101.0859417462979,101.95638447176125,3508800
2018-01-18,102.00216674804688,103.48344871484495,101.95635582549339,102.81152411527614,3371100
2018-01-19,101.61277770996094,102.33051334124454,100.72706090323668,102.20834309532479,3891700
2018-01-22,101.44478607177734,101.54405084269871,100.13148519058022,101.18518306406958,3100000
2018-01-23,100.84160614013672,101.45243410607625,99.95588927840912,101.45243410607625,2952700
2018-01-24,100.55144500732422,101.52115236850558,99.37557681957459,101.17754710729328,2862900
2018-01-25,100.24604034423828,100.76525815465261,99.039646820236,100.7576268819987,3166800
2018-01-26,101.33792114257812,101.33792114257812,100.05515660048563,100.1849697949888,2044500
2018-01-29,99.74971008300781,101.9792643707912,99.72680462103838,101.36842486641895,2753800
2018-01-30,97.81794738769531,99.82607850962701,97.81031611660651,99.54355836820369,4124900
2018-01-31,97.21475982666016,98.47461297177811,96.39776513928769,98.11574511206707,5788300
2018-02-01,91.25146484375,92.38914775942798,90.15195576661762,91.0300356087498,14405900
2018-02-02,88.93028259277344,90.96895082663525,88.20490975283013,90.8544176597601,9235600
2018-02-05,86.50984191894531,88.80811325124455,86.44111968794626,88.48742504097939,8119600
2018-02-06,86.0593032836914,88.48738076508901,83.74575891305138,85.99058691247446,11749100
2018-02-07,85.44850158691406,86.47928831717421,85.2270723770155,85.81500068747856,7219700
2018-02-08,83.44039154052734,85.89901311462773,83.40221769660508,85.3339901261412,6999100
2018-02-09,81.23372650146484,82.54702765332459,79.26377477367522,82.53939055581884,11369600
2018-02-12,81.17263793945312,81.7605720891633,80.48545065335823,81.69948696249762,6677300
2018-02-13,82.12706756591797,83.05095822062955,80.5541634889344,80.92829967876682,7557900
2018-02-14,81.3940658569336,81.7758391544102,80.24110886744273,81.46278807968646,6504000
2018-02-15,82.69973754882812,82.71501174437485,80.56944165116384,81.81402644527739,5535100
2018-02-16,81.92970275878906,82.89992455405562,81.54469476262442,82.47641340837218,6119600
2018-02-20,80.62838745117188,82.12222060817281,80.33578343964622,81.81421298433924,5228600
2018-02-21,80.62067413330078,82.43021646190715,80.4743750858062,80.65147547876174,5516000
2018-02-22,80.91329193115234,81.99131562922598,80.58218477834593,81.12119369000449,3357000
2018-02-23,81.32139587402344,81.32909767948962,80.34347219628819,80.389677154329,4417000
2018-02-26,83.21563720703125,83.50054527043574,81.62940596832128,82.16071306662093,4092400
2018-02-27,81.38298034667969,83.59292216541155,81.37527854293793,83.34651731847005,3605100
2018-02-28,80.39738464355469,82.08371592497568,80.3742792255227,81.92971505330252,3729200
2018-03-01,81.95282745361328,84.15507433762434,80.04318462158862,80.82090265748955,8701900
2018-03-02,81.13658142089844,81.85269647751309,80.36656548366786,81.43688716643793,4670600
2018-03-05,81.47539520263672,81.7526014466435,80.56677604167143,81.11348672436364,4997400
2018-03-06,84.54777526855469,84.73257749885475,81.86041468639728,82.76903397461169,8590500
2018-03-07,84.09346771240234,84.3552762728334,83.03084748122969,83.94716275584506,7097600
2018-03-08,83.77776336669922,85.11758988508727,82.36863233671393,84.24747371002765,6079000
2018-03-09,84.994384765625,85.02518611813366,83.86246590340727,84.33987218039837,3201900
2018-03-12,83.8624496459961,85.27927633818777,83.84704603534922,84.87116877738814,3124800
2018-03-13,84.18586730957031,85.13298388668291,84.02416462261833,84.4707695259708,3517900
2018-03-14,83.7469711303711,84.83269101568149,83.56216299583313,84.72488920791331,2310900
2018-03-15,84.4861831665039,84.70948858206268,83.86247188926725,83.96257188599729,2718300
2018-03-16,85.40249633789062,85.62579585767443,84.37067161396875,84.37067161396875,5679200
2018-03-19,83.51593017578125,85.38706919041583,82.73051648279828,84.93276259466467,3351200
2018-03-20,83.18484497070312,84.18586833036125,82.79213508348252,83.65455529910732,2513000
2018-03-21,82.89222717285156,84.37835835234667,82.88452536758562,83.30803653587029,2805100
2018-03-22,80.42818450927734,82.48413209437999,80.28188543562725,82.18382626589161,4150000
2018-03-23,78.27983093261719,80.8516816037488,78.11812239962443,80.76697937208822,4278800
2018-03-26,79.85066986083984,80.02007434840328,78.46464435985655,79.35786001052266,3836100
2018-03-27,78.67253112792969,80.5898751445728,78.30292674804463,79.90455551880602,3850200
2018-03-28,79.06526184082031,79.83527802319108,78.31064339720378,78.78805554518625,3811400
2018-03-29,80.58992004394531,81.49083783094709,79.42719362346978,79.49649228027347,3813400
2018-04-02,79.95845794677734,81.18278643134018,78.84963891094883,80.33577001342418,4594400
2018-04-03,81.26750946044922,81.32911216563863,79.8968815811499,80.39739327998862,4453200
2018-04-04,81.93742370605469,81.98362279646572,79.56577248566839,79.93537695847107,3832800
2018-04-05,82.53031921386719,82.67662414105531,81.12118845394114,82.09141030705896,3154700
2018-04-06,81.10579681396484,82.10681421406323,80.38197980369257,81.99131649945093,4397200
2018-04-09,80.54368591308594,81.82191550702412,80.35888368707016,81.2829006919059,3938500
2018-04-10,81.63709259033203,82.27620727131129,81.28288594026968,81.28288594026968,2751100
2018-04-11,81.69100189208984,82.19921531721282,80.89019035058833,81.0364894087776,1623900
2018-04-12,82.38402557373047,82.88453724211237,82.02981885258124,82.07601794128338,2000000
2018-04-13,82.58423614501953,83.42355096987329,82.08372444797705,82.76134245311418,3970800
2018-04-16,84.124267578125,84.23206937323309,83.28495276267523,83.39275455778332,4595600
2018-04-17,84.33216094970703,84.58626767343988,83.66995250642108,84.3475645616187,2832900
2018-04-18,85.39478302001953,85.49488299383454,83.63144552131381,84.60166741083339,3559500
2018-04-19,84.4553451538086,85.24075879627951,83.92403229655302,85.24075879627951,2737200
2018-04-20,83.58525085449219,84.63247323111706,83.1540378392747,84.63247323111706,3632400
2018-04-23,84.0164794921875,84.10118175570169,83.48516636191823,83.70076998731498,2246600
2018-04-24,83.33114624023438,84.37066683718625,82.62273281302713,84.04726147364687,3626100
2018-04-25,83.66996002197266,83.8393586449206,82.70743980751828,83.1463487903192,3195100
2018-04-26,87.22742462158203,87.99744073706177,82.93843509335025,83.20024362748686,7309000
2018-04-27,87.77415466308594,87.7818564708665,86.80393837402319,87.06574109098227,4557400
2018-04-30,87.39682006835938,88.13603475779944,86.90401027539934,87.92043120772394,4479400
2018-05-01,86.58831024169922,87.7048371392329,85.84139954097819,87.43533267250297,4376200
2018-05-02,85.58728790283203,86.43430441029791,85.14837897511521,86.30340308750226,3563800
2018-05-03,84.55545043945312,85.44867177031361,83.28492880898737,85.30236685842134,4079400
2018-05-04,85.71047973632812,86.09548773927598,83.78543972158889,84.07804956367303,2412800
2018-05-07,86.33422088623047,86.8193289909568,85.83370916720693,86.0801141231444,2583800
2018-05-08,85.67967224121094,87.17350506534623,85.18686250279103,86.24178647005999,2848700
2018-05-09,85.77979278564453,86.00309815459288,84.9481740064072,85.73358782584924,3205400
2018-05-10,87.77415466308594,87.87426053995925,85.88761711515035,86.18792299625426,2477900
2018-05-11,88.89835357666016,89.31416296244811,87.5662290557576,87.73563353234785,3388100
2018-05-14,89.58367156982422,91.45481095529574,89.41427296013184,90.8233979790125,4618600
2018-05-15,89.02157592773438,89.6837903488755,88.4363619538697,89.15247727558011,3480400
2018-05-16,89.56828308105469,89.83778757288981,88.95996958533694,88.96767139217718,1970000
2018-05-17,89.77616882324219,90.43068716827112,89.62986976796756,89.77616882324219,3697200
2018-05-18,89.5433578491211,89.97020064036757,89.32605821756685,89.76841987350825,2450900
2018-05-21,90.86268615722656,91.01789848773845,89.63648861488176,90.02452536213232,3333300
2018-05-22,89.52783203125,90.90924179967558,89.47350712758059,90.80835438456678,2027100
2018-05-23,89.46575927734375,89.57440910234281,88.30164893437838,89.13204740885482,2013600
2018-05-24,89.73736572265625,89.87705917244807,88.7905611418119,89.54334737133262,2303400
2018-05-25,89.62873077392578,89.94692376489692,89.403668738574,89.62873077392578,1583600
2018-05-29,88.34043884277344,89.20963728398011,87.70405887504555,89.14755591030129,2724100
2018-05-30,90.56001281738281,90.60657532969392,88.4025295727334,88.56550428679283,2911700
2018-05-31,90.11766815185547,90.66867969482162,89.95469340711661,90.38153033258362,5893000
2018-06-01,90.99462127685547,91.02566492853255,90.27287265803388,90.56002199531856,2237800
2018-06-04,90.77731323242188,91.78620517415932,90.73850719117519,91.27399977133243,2248500
2018-06-05,90.65312194824219,91.40591401046473,90.45134714962319,90.64536547819726,3341000
2018-06-06,90.81610870361328,91.19638894125754,89.94691026550136,90.80058984049141,2783700
2018-06-07,90.17198944091797,91.06446930417646,89.86932122414882,90.93253821911738,3106400
2018-06-08,90.49017333984375,90.52897938512933,89.82274962353594,90.14094261615834,2879800
2018-06-11,90.68418884277344,91.38265618892117,90.45912681340522,90.490170464453,2004700
2018-06-12,91.84052276611328,92.48466510530386,91.04893050806193,91.27399250323587,3414600
2018-06-13,91.05668640136719,92.04229693792033,90.88594931921554,91.9569283968445,1668400
2018-06-14,90.94804382324219,91.3671241705997,90.45135731992295,91.14206217363157,1869300
2018-06-15,90.62210845947266,91.0799949461724,90.0633404608648,90.4979397667725,4286900
2018-06-18,90.62210845947266,91.03343242653128,89.8693220677315,90.17199028734173,2177100
2018-06-19,89.1087646484375,90.0245316729843,88.55775313923148,90.0245316729843,2739000
2018-06-20,88.20075988769531,89.0777208651202,88.10762893041385,89.05443960604265,3112600
2018-06-21,88.02225494384766,88.52670390301249,87.16857527809148,88.20851684693588,2721900
2018-06-22,88.23955535888672,89.86155206707927,88.18523045024703,89.17084711967273,3536300
2018-06-25,85.5232925415039,87.72734423696119,84.89467493642309,87.72734423696119,4044300
2018-06-26,85.03436279296875,85.91132360952281,84.74721350142104,85.67074274855891,2332300
2018-06-27,84.11083984375,85.49225558241454,84.00995242504302,85.11197532219539,2940800
2018-06-28,82.17066192626953,83.00106035340751,81.56532552979132,82.84584801824887,6173000
2018-06-29,82.44229888916016,83.23389133438559,82.38021158181697,82.49662380284258,3409300
2018-07-02,82.17066192626953,82.62854838063834,81.81366881862779,82.16290545419133,2252300
2018-07-03,82.07752990722656,82.92344712748857,81.84470550333525,82.46556663306504,1145700
2018-07-05,82.48886108398438,82.52766121019226,81.44116294082727,82.25603664285102,2866800
2018-07-06,82.28707885742188,82.79929025056947,81.58085499468456,82.6363155130147,2022400
2018-07-09,84.2738265991211,84.37471995321135,82.47333614341409,82.49662332426134,2103600
2018-07-10,84.21173095703125,84.56872403029152,83.79265058729862,84.35918088493997,1503900
2018-07-11,83.29597473144531,83.94787366503128,83.07091269362029,83.58311815272765,1765000
2018-07-12,84.22724914550781,84.6152858638938,83.66847532367672,83.8780184673486,1920100
2018-07-13,84.56873321533203,84.9102074620471,83.76161603644167,84.10309028315675,1997900
2018-07-16,85.87252807617188,86.58651422622454,85.24390455797788,86.24504001490783,4288800
2018-07-17,86.19847869873047,86.28384725274405,85.10421820241997,85.88029166001941,2102400
2018-07-18,87.04440307617188,87.40915263278144,85.99669915683431,86.113111361313,2798600
2018-07-19,87.57213592529297,87.6187043642266,86.49339417204202,86.83486842635614,2457900
2018-07-20,86.97454071044922,87.34705852630053,86.72619747353829,86.9357346742879,1776000
2018-07-23,87.47122955322266,87.69629154292,87.0754304733432,87.2849736007376,1871000
2018-07-24,87.26170349121094,88.21627055045573,86.88142322506786,87.96016488247464,2646000
2018-07-25,93.28402709960938,93.4702889922616,87.11424548904104,87.11424548904104,6725700
2018-07-26,92.2518539428711,93.65654500499143,91.61547394512353,93.1210524250801,3630300
2018-07-27,92.0888900756836,92.53900823372197,91.69309090821156,92.53900823372197,2094700
2018-07-30,92.127685546875,93.08225856821369,91.99575447137231,92.20529171358417,2020400
2018-07-31,93.04345703125,94.18428609214484,92.59333295317413,92.83391977888849,2395100
2018-08-01,92.63213348388672,93.12882005047825,91.42146071794119,93.04345149175431,1913000
2018-08-02,92.04230499267578,92.50794785322138,91.59994338701192,92.35273554002958,1653500
2018-08-03,92.46915435791016,92.61660428971145,91.73188101502119,92.05783636962073,1912900
2018-08-06,92.77179718017578,93.07446527453546,92.23630474201525,92.23630474201525,1603400
2018-08-07,93.13658142089844,93.23746884329604,92.0733586054447,92.75630114676798,1957400
2018-08-08,93.57894897460938,93.74192370766764,92.98136903242451,93.13658729317373,1603100
2018-08-09,93.80400085449219,94.56454952640883,93.22970223336426,93.30731431582034,2050100
2018-08-10,92.56227111816406,93.7419059930551,92.35273390696335,93.53236286088428,2341400
2018-08-13,91.70082092285156,92.72523740797148,91.35934678748853,92.52345669880522,2339100
2018-08-14,92.33721923828125,93.24522372967627,91.77844542173958,91.77844542173958,1914800
2018-08-15,93.16764068603516,93.50135258032165,91.46803755920716,91.9492053363792,2619100
2018-08-16,93.99024963378906,94.37052394064746,93.04343914159578,93.50132552497112,2126800
2018-08-17,95.24137878417969,95.30393016242239,93.81823201916535,94.18574299235422,2384200
2018-08-20,95.82783508300781,96.1327946608376,95.16317378003873,95.24137343859722,2272500
2018-08-21,96.18753051757812,96.35173906156308,95.56196904600047,95.78873493030247,2594900
2018-08-22,95.29609680175781,96.18751790409245,95.1631609795675,96.18751790409245,2272200
2018-08-23,95.1709976196289,95.57761437871892,94.72528699595489,95.28046998573856,1263600
2018-08-24,95.97640228271484,96.1406108289193,95.2648319158288,95.475955485007,1969600
2018-08-27,96.84436798095703,97.01639768977036,96.06241909783942,96.10151892831392,2641100
2018-08-28,95.98422241210938,97.30571789245923,95.86692889013693,97.0163946670334,2126400
2018-08-29,96.54724884033203,96.57852751780088,95.7105636068832,96.1484531598515,1528000
2018-08-30,96.06243896484375,96.6645430702136,95.73402179780443,96.3830409368091,1314400
2018-08-31,96.08586883544922,96.28135604041165,95.28828366415276,96.07805364262389,2188500
2018-09-04,97.22752380371094,97.27444479466563,96.25790883373314,96.79745548623696,2396900
2018-09-05,97.4777603149414,97.73579893799437,96.56287549681807,96.96167113724121,2368300
2018-09-06,96.72705841064453,97.6106643201083,96.5393923802486,97.39953481584179,2282200
2018-09-07,96.17188262939453,97.26661215835131,95.5306848427735,96.48466334706733,2530000
2018-09-10,97.22752380371094,97.81398548137275,96.53158975681599,96.71926178904138,2458000
2018-09-11,96.23445129394531,97.1962510699893,96.06242158068568,96.8443704840137,2260400
2018-09-12,96.41429901123047,96.9303821683224,95.86693121733703,96.10933942617696,3243100
2018-09-13,93.59928894042969,97.70452101616428,93.09884207893724,96.25009546064024,5029200
2018-09-14,94.13880920410156,94.50632606983609,93.05972208058365,94.06843668043093,3730600
2018-09-17,93.12228393554688,94.63144542636043,92.77040934596806,94.28739199555781,2945200
2018-09-18,92.4576187133789,93.58362682467192,91.76168480175906,92.81731442319851,2851300
2018-09-19,92.46544647216797,92.88769954404633,92.16830807305178,92.50454629885513,1944800
2018-09-20,93.145751953125,93.52108407153528,92.70004133389001,92.99717975811453,1905500
2018-09-21,92.6530990600586,93.87294307915516,92.60618404748395,93.37249639237531,4348400
2018-09-24,91.74606323242188,92.8016930239285,91.53493369464266,92.50455459815372,1889400
2018-09-25,90.90937042236328,92.07447248013919,90.68260455131498,91.98845763367963,2108700
2018-09-26,91.25341796875,91.7616858562604,90.90154341282505,90.90936457085321,2220600
2018-09-27,91.27690124511719,91.75388460399517,90.85464810692318,91.09705036622465,1599800
2018-09-28,91.29254150390625,91.37855636716941,90.49495618595348,91.06577558855763,2641800
2018-10-01,91.84771728515625,92.94244694078343,91.63659370663085,92.7000446902919,1820200
2018-10-02,91.48019409179688,91.91808950358443,91.20651318805231,91.86335332283552,1336100
2018-10-03,92.09795379638672,92.69223671668857,91.80863647968785,91.87900902727486,1802900
2018-10-04,91.73041534423828,92.53582168466352,90.94065132125989,91.86335117935202,1799800
2018-10-05,91.67568969726562,92.37944491832434,90.89374077737746,91.84771941416851,2039200
2018-10-08,92.8799057006836,93.22396518616834,91.45675869135722,91.57405224011772,2867100
2018-10-09,92.20740509033203,92.81732422643606,91.82425183202496,92.4732707961546,4652400
2018-10-10,91.21434020996094,92.46545725449455,90.95629564164557,91.75388089322429,4669000
2018-10-11,88.95450592041016,92.1213952928701,88.4931529807532,91.74606317274572,5239800
2018-10-12,90.42456817626953,91.15178087467125,88.89977024371586,90.3541956405193,2993000
2018-10-15,90.52619934082031,91.19867570726561,90.12740979493395,90.21342463011617,2648300
2018-10-16,91.86335754394531,92.03538128720618,90.51058334928203,91.09704501245233,2681100
2018-10-17,92.27779388427734,92.30907255702877,90.65133869598397,91.7460683790967,2104400
2018-10-18,89.71299743652344,92.07448042414991,89.28292316711963,91.94936574003371,2270000
2018-10-19,91.08921813964844,91.31598401774606,89.14216721047416,89.71299248510559,2460000
2018-10-22,90.42456817626953,90.97193000698199,89.71299779634333,90.85464244739826,2358900
2018-10-23,89.32982635498047,90.45583449964943,88.32111171968049,89.36110502186524,3120200
2018-10-24,84.39575958251953,87.68776430383096,84.02824258155785,86.85107907504917,5794600
2018-10-25,84.30975341796875,85.42011973049522,82.5816465881301,83.70765522381795,4269800
2018-10-26,82.3470458984375,83.77801397620466,81.66675409796913,83.27756710187035,3965200
2018-10-29,82.20628356933594,84.00476837883681,81.18975360527604,83.32447070585938,3355100
2018-10-30,83.72328186035156,84.09862001726769,81.87788168425894,82.45652229228193,3047400
2018-10-31,83.308837890625,85.2480678536396,83.246280545806,84.64596981569791,3620800
2018-11-01,84.07515716552734,84.57561003376641,82.83968223088628,83.58253142381716,2897800
2018-11-02,82.87875366210938,84.19242791676777,82.47996405976018,83.74671732853346,2854000
2018-11-05,83.52777862548828,84.02040426926753,82.91003829807187,83.21499788219185,2445600
2018-11-06,84.958740234375,85.14640628019595,83.24627041459536,83.48085744621855,2582900
2018-11-07,86.89797973632812,87.04655193745508,84.45830296883442,85.42009678192815,3720900
2018-11-08,87.18728637695312,87.53916093116969,86.60082480939515,86.67119733392023,2566400
2018-11-09,85.63124084472656,87.67994350672446,85.40447490775013,87.49227740797757,3377000
2018-11-12,84.23152160644531,86.3662383860949,84.0438555739674,85.81887663895286,1810300
2018-11-13,85.54522705078125,86.42100616649641,84.45049719033952,84.50523338507172,3578300
2018-11-14,85.6233901977539,87.63299829527028,84.73979023655029,86.37406030003052,2964400
2018-11-15,86.36624145507812,86.78849451750467,83.98130122544508,85.20896058691277,3303700
2018-11-16,86.79988098144531,87.35179592418767,85.79067264830701,86.28739669831076,2583900
2018-11-19,87.74602508544922,88.23486304130411,86.64220113002774,86.8156599535684,2932500
2018-11-20,85.55413818359375,87.35967731280336,85.17568207153757,86.95756882162289,3485400
2018-11-21,85.75914764404297,86.50028776214793,85.53838403831564,85.9404926146659,1660600
2018-11-23,85.69607543945312,86.71317005064876,85.34915776933327,85.80645724078998,835900
2018-11-26,87.23355102539062,87.45431465459873,85.97204027608879,86.65798956572061,3400000
2018-11-27,87.91948699951172,87.95890563283874,86.43720683013713,86.81566300528891,1933800
2018-11-28,89.52792358398438,89.58311448808561,87.46219571624572,88.02199089080325,2322000
2018-11-29,89.29927062988281,89.82752726666274,88.58966902021571,89.18100269237877,1998400
2018-11-30,90.89981079101562,91.01807872589704,89.2440777487469,89.67771882283604,3564200
2018-12-03,90.88404083251953,92.47670289660094,89.70925961767733,91.94844625812205,3529800
2018-12-04,84.1822509765625,89.70925086166284,83.45688318419438,89.56733055312503,6865900
2018-12-06,85.18360137939453,85.23090615606685,83.08633472166822,83.68555462606977,4269600
2018-12-07,83.03902435302734,86.20857049915294,82.368847328748,85.17570950897371,3172100
2018-12-10,82.31364440917969,83.17304641735107,79.5462012722606,82.51864175663658,3993400
2018-12-11,81.66712951660156,83.89054403912321,80.64214867355187,83.40170600368515,2382600
2018-12-12,79.79850769042969,82.70787129938002,79.7669691725539,82.52652632543361,4453700
2018-12-13,79.45948791503906,80.30312384329675,78.64739050932985,79.89313508088287,3490500
2018-12-14,77.78797912597656,78.87603095608215,76.90491864515054,78.74199676262458,4532200
2018-12-17,76.37665557861328,77.9220067788273,75.9745470166353,77.58297524919034,4649200
2018-12-18,76.69992065429688,78.11123777924409,76.24262115820859,77.17298640198663,3404700
2018-12-19,74.36611938476562,77.70124380861509,73.53036975324534,73.88516753615495,6326000
2018-12-20,74.06652069091797,75.51725651473906,73.08096450124899,74.49228168669788,5200000
2018-12-21,73.7196044921875,75.12303557246923,73.4515360904967,73.75902914672214,7889200
2018-12-24,70.87330627441406,73.60132470236015,70.87330627441406,73.349022593861,2728300
2018-12-26,76.17166137695312,76.30569556469555,70.91273539931099,71.6144508708533,6259400
2018-12-27,77.0941390991211,77.0941390991211,74.17689546079838,75.09148838999651,4335500
2018-12-28,76.10856628417969,77.91410537745921,75.8010733309713,77.40950124832978,2972200
2018-12-31,76.89702606201172,76.92067844530192,76.03762405389783,76.36876945067436,2656700
2019-01-02,76.64472198486328,76.76298991364192,75.5172456258395,75.78531999876152,3297300
2019-01-03,74.46862030029297,76.20320273379706,74.26362895211604,76.06128240755906,2705000
2019-01-04,77.06260681152344,77.21241327515492,75.55668010293248,75.8405207627829,3347300
2019-01-07,76.80242156982422,77.38586911891926,75.83263168377519,76.85761247290947,3795700
2019-01-08,76.81029510498047,78.14276881358634,76.10857967645421,77.63027846294125,3034300
2019-01-09,77.20452117919922,77.52778646725875,76.60530740166365,76.94433292520355,3678200
2019-01-10,77.98509216308594,78.16643113129105,76.36089149082125,76.79453861541177,2432200
2019-01-11,77.1966323852539,78.02449580670883,76.72356069830094,77.49623924034859,5282800
2019-01-14,78.1664047241211,78.56851319331804,76.18740690238533,76.73932178498721,4731000
2019-01-15,76.9206771850586,78.16642148435879,76.3372296838175,78.16642148435879,4777100
2019-01-16,76.47125244140625,78.0166033855743,76.37664292392724,77.18874003085351,4463400
2019-01-17,78.51335906982422,78.56854998239154,76.3214828059242,76.43974475045539,4004300
2019-01-18,80.10599517822266,80.31887865531607,78.93121404157642,79.18351615176937,4249100
2019-01-22,80.95752716064453,81.20982930232873,79.75120735773704,80.02716188530452,5593900
2019-01-23,79.56985473632812,81.31231717498697,78.24526711578496,81.24136002414785,4573100
2019-01-24,78.60796356201172,79.34910378191186,77.92202026648177,79.12834014586278,2807000
2019-01-25,79.4989013671875,80.2163831041267,78.84449065109764,79.39639967951243,3445500
2019-01-28,79.10467529296875,79.33332502723351,77.9850850206574,78.74199137441819,3126200
2019-01-29,79.86947631835938,79.89312870454349,78.6710366185985,79.13622226986391,2209000
2019-01-30,79.7827377319336,80.46080079636242,79.04159763468418,80.33464673072127,4013000
2019-01-31,83.10208892822266,85.15204434835236,81.01270885919634,83.18093221065901,7327400
2019-02-01,83.6460952758789,83.96936049001872,82.99169074701669,83.35437458691493,3526100
2019-02-04,84.032470703125,84.04035082217598,83.11787160313398,83.57517115312949,3184700
2019-02-05,84.88397979736328,84.92339843267342,83.60669690924334,84.21379682816234,3690400
2019-02-06,85.798583984375,85.81435023749346,84.49764854153837,84.71841217734426,4490600
2019-02-07,85.10475158691406,85.90107667181555,84.67110444930813,85.42801089510944,3395700
2019-02-08,85.23088836669922,85.2466606325368,84.15860287330705,84.6710932366037,2951000
2019-02-11,85.88530731201172,85.95626446903952,85.06532385488696,85.31762599435939,2765300
2019-02-12,87.24932098388672,87.35181666177517,86.3820267273013,86.3820267273013,2881600
2019-02-13,88.31371307373047,88.35313170868613,87.10739336458839,87.51738205719832,2731500
2019-02-14,88.14813995361328,88.43986070926387,87.20988862188784,87.84064693176927,2359400
2019-02-15,87.41488647460938,88.26640237785283,86.42933036938388,87.46219124274593,4273400
2019-02-19,87.3360366821289,88.10871531103197,86.86297095735584,87.43853836632373,2658700
2019-02-20,87.57256317138672,87.64352633094745,87.04430660223314,87.46218138127571,3346700
2019-02-21,88.1166000366211,88.52658872078035,87.28873051997422,87.3360352870888,2260100
2019-02-22,87.01277160644531,88.21909122954082,85.03377340597751,88.21909122954082,4085000
2019-02-25,88.17400360107422,88.4682902989807,87.21161443415926,87.41045532157496,3112700
2019-02-26,88.3171615600586,89.00117463840816,88.0228748878853,88.06264548914773,2927600
2019-02-27,88.38876342773438,88.4444386425166,87.82405594404521,88.22969311925469,2620800
2019-02-28,87.64906311035156,88.35693620319846,87.48203748859311,88.07856016693437,2843600
2019-03-01,89.18411254882812,89.37500416961632,87.76836640276505,88.23763405202482,3904100
2019-03-04,87.87178802490234,89.79656680532288,87.33888971119607,89.65340109044031,2730700
2019-03-05,87.46614837646484,88.16606625846853,86.70259994114893,87.40251782315262,3150900
2019-03-06,86.57532501220703,87.49794968350041,86.16173861799653,87.35478399547704,2679500
2019-03-07,84.99256896972656,86.71850681349257,84.48353666620243,86.41627077957003,3979700
2019-03-08,84.8493881225586,84.88915872936188,83.46545717342978,84.4596616620855,2648600
2019-03-11,86.55944061279297,86.63102043943954,84.93689779255345,85.0005283505575,2963400
2019-03-12,86.70259857177734,87.36274583049872,86.39240721445887,86.75827378801031,2549600
2019-03-13,88.17400360107422,88.86597207381213,87.15593922840854,87.26728963990996,3323800
2019-03-14,88.1899185180664,88.42853003813367,87.55363124479206,88.4126254352626,2539600
2019-03-15,87.10823822021484,88.484220224932,87.02870305611337,88.16607350038208,4874400
2019-03-18,88.038818359375,88.18198408186554,87.09233352356848,87.13210413964964,2394600
2019-03-19,87.76836395263672,88.30125605914077,87.57747840531957,88.12628118051629,2940800
2019-03-20,85.83565521240234,86.69464952645014,84.70624013364166,86.161757265532,4199100
2019-03-21,87.33091735839844,87.46612770111804,85.04822186009335,85.31864254553257,1819900
2019-03-22,85.38226318359375,87.16387557161036,85.34249865289163,86.9093595161794,2727900
2019-03-25,85.02438354492188,85.4697852897906,84.5789757319095,85.15959392202221,2088200
2019-03-26,86.22537231445312,86.52760830326977,85.32660754693829,85.65270954141711,2204400
2019-03-27,86.6787338256836,86.80598885509879,86.02653587105499,86.29695660115173,1911300
2019-03-28,87.72862243652344,87.81611293286359,86.71055175803284,86.941207969462,1621000
2019-03-29,88.87390899658203,89.10456512212559,88.22966655263926,88.28534175065725,3428600
2019-04-01,91.01345825195312,91.29183430218221,89.79655289799258,90.02720907336605,3721700
2019-04-02,90.41693115234375,91.1088996448568,89.96357415880553,90.97368322576173,2456400
2019-04-03,90.94982147216797,91.4906689333138,90.5759996297101,91.06912721927148,2556500
2019-04-04,90.64759063720703,91.12480758449612,90.26581343849014,90.91006208206598,2889400
2019-04-05,90.93392181396484,91.39523415816493,90.7032656418648,90.79871145836428,2487300
2019-04-08,90.64759063720703,90.71917044863618,90.13060308258439,90.45670507191994,1854500
2019-04-09,89.80449676513672,90.09082204584944,89.40681501040982,89.93175177121549,2230000
2019-04-10,89.93973541259766,90.09085040061852,89.32730191940428,90.01131523826902,1767700
2019-04-11,90.26581573486328,90.4567073731494,89.7806434401361,90.03515955637472,2384800
2019-04-12,91.03731536865234,91.3713666185769,90.24195178227431,90.62372897371851,2853700
2019-04-15,90.3851089477539,91.39522400536583,90.05105772932846,91.24410299639821,1768300
2019-04-16,90.62370300292969,90.79072858002606,90.18625072852907,90.42486216331865,2072500
2019-04-17,91.0611801147461,91.24411641925758,90.52033260471842,91.00550490348485,2108400
2019-04-18,90.790771484375,91.24412857020225,90.72714092927622,91.0930075188786,1859700
2019-04-22,90.36922454833984,90.56011013466116,89.7647464454884,90.33740927259572,2585500
2019-04-23,90.35331726074219,90.7112345751624,89.73293453085283,90.14652099473119,2851300
2019-04-24,91.01345825195312,91.45091066527225,90.23399924316891,90.35330499845074,3570600
2019-04-25,83.61656188964844,87.3945384838875,82.87687359794542,87.16388234258851,10116600
2019-04-26,82.67803192138672,83.5290706084643,82.08150930703864,83.44158620771707,5421700
2019-04-29,83.38591003417969,83.48931117726319,81.93834864429057,82.72576291241266,4551000
2019-04-30,84.48353576660156,84.64260608420514,82.16902441616448,83.25867490299431,5101400
2019-05-01,83.21095275878906,84.70623433529357,82.92462134037322,84.35627236430899,2615100
2019-05-02,83.9188232421875,84.33240968415987,82.79735754513808,83.21095005525373,2589800
2019-05-03,84.82552337646484,85.06412879932866,83.76768840415596,84.41988626901139,3107500
2019-05-06,83.21095275878906,84.22106199120803,82.72578041470351,83.15527754232728,2704900
2019-05-07,81.19868469238281,82.78146297009704,80.41127625600383,82.62238657457239,4221600
2019-05-08,81.00779724121094,82.03381721344066,80.92826207933177,81.3179886202404,2497800
2019-05-09,80.13289642333984,80.39536791264425,79.35343729186903,80.39536791264425,3998700
2019-05-10,80.03744506835938,80.33173181498547,78.28764739667642,79.70339377855245,3071200
2019-05-13,79.01937103271484,79.12277218247633,77.8422363239337,78.43875901326192,3766300
2019-05-14,79.34547424316406,80.276048196559,79.1863978826632,79.25798376192427,2889100
2019-05-15,80.76123046875,81.13505237699852,78.637610855503,79.06710797977938,3818300
2019-05-16,80.57828521728516,81.84291650995121,80.31581983832744,80.80894139187563,3337900
2019-05-17,79.81546783447266,80.81918346084632,79.49427760879428,79.92788349453099,2587000
2019-05-20,79.10884857177734,79.36579952857223,78.59494665818758,79.17308784252457,2088500
2019-05-21,79.82350158691406,80.09650930462227,79.12491328529346,79.77531906964059,1762100
2019-05-22,78.2898178100586,79.34974125228547,78.24164142101907,79.26944522848831,2580700
2019-05-23,77.22187805175781,77.88834681957294,76.40284864670672,77.82410753747617,3111900
2019-05-24,76.96491241455078,77.7437967148315,76.55539472679818,77.41458117752785,2401700
2019-05-28,75.53564453125,77.04523105952252,75.53564453125,76.98902321342183,3357400
2019-05-29,76.09768676757812,76.37873199049174,74.70854803541856,75.4472811257111,3388100
2019-05-30,76.8846206665039,77.18974802612118,76.2984480170719,76.60358150288349,2518800
2019-05-31,74.6122055053711,76.28238982659795,74.3954056192841,75.78454465598392,4192400
2019-06-03,75.58380126953125,76.33859740038469,74.53994066693637,74.54796598129435,4971400
2019-06-04,78.41828918457031,78.43434593738519,76.03346012589614,76.66780907046756,5096000
2019-06-05,78.85991668701172,79.21322649451446,78.35404629315443,78.95627557801967,2766900
2019-06-06,78.6913070678711,79.05264225188876,78.23361297589145,78.86796200270432,2643200
2019-06-07,78.87598419189453,79.44609387986465,78.73144891000116,79.2453507731346,2803200
2019-06-10,80.36951446533203,80.64252830054835,79.43003811201075,79.61472448226243,3327200
2019-06-11,80.30528259277344,81.37323137719183,80.18483549080614,81.09219222339752,3229200
2019-06-12,80.61844635009766,80.64253454673668,79.79138559245406,79.96000909512169,2261700
2019-06-13,81.91926574707031,82.13607178977149,81.06811671206798,81.10023635269759,2943100
2019-06-14,81.59805297851562,81.81485281899482,80.81916881342127,81.78273318962884,1829500
2019-06-17,81.42141723632812,81.8469917047157,81.07613879715049,81.62216037245014,2317800
2019-06-18,82.02364349365234,83.17991974748318,81.61412579636115,81.81486892477136,2524200
2019-06-19,81.54988861083984,82.3207415085084,81.07613775624746,82.11197306048172,2056500
2019-06-20,83.02735900878906,83.26022177253225,82.2324179368341,82.5054256504815,2622900
2019-06-21,82.0396957397461,83.22006625011961,82.01560754585174,83.03538601280039,5283100
2019-06-24,80.07243347167969,81.8951786878634,80.02425707316232,81.62217092800479,3704600
2019-06-25,77.99272155761719,80.07242364724621,77.88030589073934,80.07242364724621,5339400
2019-06-26,80.27315521240234,80.60237072474318,78.00074175374782,78.37813977794336,4624000
2019-06-27,81.66230010986328,81.97545889212306,80.43375317542971,80.57025702899035,2613600
2019-06-28,82.92296600341797,83.08356417646934,82.09590532233359,82.09590532233359,3130400
2019-07-01,82.68209075927734,84.40848309867613,82.20833373302612,83.9748771534647,2627600
2019-07-02,81.90320587158203,82.81056271159198,81.35718425405703,82.81056271159198,2020200
2019-07-03,82.86676025390625,82.87479169430884,81.79078003533333,82.079850627886,1193300
2019-07-05,82.24044036865234,82.53754239326206,81.3009640323429,82.53754239326206,1572000
2019-07-08,81.83895874023438,82.44921957801769,81.67033524417468,81.67033524417468,1675300
2019-07-09,81.68639373779297,81.71048193219418,81.22869966558827,81.60609158819707,1952300
2019-07-10,81.59805297851562,82.26451537773264,81.30898244041478,82.2484586261461,1992400
2019-07-11,82.97116088867188,83.01933728467299,81.46959990929051,81.61413522348869,1820000
2019-07-12,85.0428466796875,85.28373482836552,83.26827151558781,83.26827151558781,3541300
2019-07-15,84.94645690917969,85.31582350403036,83.95077277844335,84.89024908227184,2288200
2019-07-16,84.80193328857422,86.34363914688406,84.76178220974755,85.31583524134416,2958400
2019-07-17,82.087890625,84.3763612827602,81.97546882622724,84.3763612827602,3672300
2019-07-18,82.54557037353516,82.67404278001261,81.75865467640882,81.83092538258472,2359000
2019-07-19,82.95508575439453,84.17560736652145,82.83464478217942,82.87478973085315,3011800
2019-07-22,83.51718139648438,83.87851661408183,83.22007933063676,83.43688536215102,2495400
2019-07-23,84.52891540527344,84.56103504156648,83.51717442991682,83.89457249861721,3362300
2019-07-24,91.85202026367188,92.3819850339283,88.01381284100415,88.38317944170086,12086000
2019-07-25,94.95146942138672,94.98358904682031,92.24545070898019,92.5827037129368,8941300
2019-07-26,96.82244110107422,97.40058237430047,94.3011075354336,94.33322717574562,8526500
2019-07-29,95.35301208496094,96.19613590545364,94.8310785830462,95.85888270153909,4171100
2019-07-30,96.20413970947266,96.8224320065616,94.07626734287861,94.49381037532505,3265900
2019-07-31,95.9311294555664,97.32026850637749,94.90332559396892,96.0756647564907,4859500
2019-08-01,93.93173217773438,96.9749927700785,93.60251048961698,95.4493498165615,5106700
2019-08-02,94.10836791992188,94.82301290448214,93.38569762178663,93.66673675174962,3669300
2019-08-05,92.22140502929688,92.91999342054723,91.24177744370269,92.72728170531074,4332900
2019-08-06,92.34184265136719,93.08860736307385,91.20964842263366,92.83165639378738,4875200
2019-08-07,92.67107391357422,92.79151490678642,90.10958927054845,91.24980893172047,3529400
2019-08-08,94.38941955566406,94.59016268009023,93.34555285817036,93.578415617648,2349100
2019-08-09,92.9440689086914,94.3010944237663,92.69514938862692,94.14852768504593,2113800
2019-08-12,92.25350952148438,93.09663309226973,91.9082311033582,92.44622120507756,1724000
2019-08-13,93.00829315185547,94.6945339410457,91.73959530880835,91.86004239222048,2804800
2019-08-14,91.57098388671875,92.62287589273939,91.45856822773307,92.14912506218455,3775700
2019-08-15,91.45857238769531,92.20533708560599,90.50303311666063,92.10094673594686,3698000
2019-08-16,93.36968231201172,93.47495379450788,92.23596423527441,92.23596423527441,2723300
2019-08-19,94.5762939453125,95.15124969141748,94.14710206288676,94.48721568538254,2382600
2019-08-20,93.15914154052734,94.32525237319479,93.09435623243093,94.13899615698433,2599100
2019-08-21,93.87985229492188,94.42241529822454,93.37777547168074,94.1956729194274,1906900
2019-08-22,93.30491638183594,94.69776977859084,92.40604020551777,94.21188608891893,3005000
2019-08-23,90.11429595947266,92.84331670193359,89.49075438738203,92.58418165949418,4375800
2019-08-26,92.60848236083984,92.92430302719376,91.13465052509915,91.5395494489649,3215800
2019-08-27,92.42223358154297,93.12675998999148,91.87967046264642,92.85952519593158,2883900
2019-08-28,94.20377349853516,94.57627972118725,91.78247378389688,92.21167178003934,2609900
2019-08-29,95.85577392578125,96.77894298241814,95.02167694882161,95.402282927627,2708100
2019-08-30,96.09062194824219,97.05427724971173,95.99344397589525,96.8437280654272,2209700
2019-09-03,95.0135726928711,95.86385663417323,94.09040374044787,95.28080743653746,1981800
2019-09-04,96.7465591430664,97.12716515655482,95.91246826836688,96.01773977450006,2732900
2019-09-05,98.14752197265625,99.23265458102364,97.17576677620177,97.27294476715477,2854900
2019-09-06,97.2405014038086,98.70623314476038,96.98136640797846,98.40660579591137,2116500
2019-09-09,98.52000427246094,98.94919612211554,97.40247934349327,97.98553475369084,2882300
2019-09-10,99.11925506591797,99.17594066656602,97.79928065640765,98.14749396846491,3070200
2019-09-11,99.48367309570312,99.52416546295301,98.15560500304208,99.14355945256823,2437000
2019-09-12,99.24880981445312,100.11529315590687,98.64956121207574,99.45935895841629,2224400
2019-09-13,99.337890625,99.96953189492741,99.06256234970515,99.75898892379605,3107300
2019-09-16,99.25691223144531,99.5727328668784,98.30945032514606,98.84391363962257,2294400
2019-09-17,99.11116027832031,99.21643177667396,98.0341276342686,98.56859719114266,2007500
2019-09-18,98.0179443359375,98.22849353226516,96.13921334430958,96.46313375905952,4116500
2019-09-19,96.46311950683594,97.79118745065014,96.28496299613234,97.66971654078249,3733700
2019-09-20,97.74258422851562,97.92074071889377,96.58457321932411,97.03806415254114,5308400
2019-09-23,96.40644073486328,97.8964658785342,96.29306952516083,97.01378914895541,2999900
2019-09-24,95.54804992675781,97.15145244416333,95.09456509197413,96.54410403546339,3160500
2019-09-25,96.40644073486328,97.09476770184752,95.51565811824746,95.74240671591994,3203000
2019-09-26,95.92056274414062,96.36595407883738,95.28082781360227,96.36595407883738,1999400
2019-09-27,96.32544708251953,96.77083834957752,95.82337639412724,96.36593944434915,2456000
2019-09-30,97.02998352050781,97.17574738872159,96.35784978495158,96.6169848641908,2639000
2019-10-01,93.78268432617188,97.74259520418174,93.0052791539892,97.37818865350044,4295800
2019-10-02,93.32110595703125,93.92036083655654,92.59228662941096,93.03767793469767,3903400
2019-10-03,93.8555679321289,94.31715243924319,92.32505055705171,93.45066902489648,2936300
2019-10-04,95.14315795898438,95.23223622638207,93.87987515337046,94.04993197887481,2321800
2019-10-07,93.58834075927734,94.77064492287231,93.47496955032081,94.50341013964582,2775800
2019-10-08,91.29660034179688,92.64896733513095,91.05366471381359,92.64896733513095,3373900
2019-10-09,92.20358276367188,92.72185288817408,91.62862703737308,92.31695396726504,2553200
2019-10-10,93.3534927368164,93.47496364681751,92.17118864789101,92.34934515879036,2209500
2019-10-11,93.9527587890625,95.53996826450694,93.84748727598709,94.64918554514476,3083300
2019-10-14,93.83128356933594,94.4791181732076,93.53975583520004,93.88796917440305,1960300
2019-10-15,94.32526397705078,95.6857247231038,93.79889409598086,94.0094371057946,2616300
2019-10-16,95.15125274658203,95.18364540380277,94.05802682301952,94.05802682301952,2260600
2019-10-17,95.87195587158203,96.30114769388713,95.28890049853867,95.40227169015637,2197500
2019-10-18,95.02977752685547,96.07441750645494,94.77064245908201,95.91246040594679,2720600
2019-10-21,95.97724914550781,96.568404360239,95.23223652337455,95.31321508173374,3251100
2019-10-22,94.01752471923828,94.3900309712937,90.5191984192102,93.79888202847833,8275700
2019-10-23,93.24822998046875,93.99324257015718,92.85143073700151,93.45067945668416,3644200
2019-10-24,92.32505798339844,93.53165509409129,91.84727402173384,92.96479904967653,2969600
2019-10-25,93.70980834960938,93.91225781245306,92.21168356021954,92.31695505672204,2704400
2019-10-28,94.1390151977539,94.9731061288326,93.9203724615391,94.00135102390503,1730400
2019-10-29,94.67346954345703,95.26461851371768,94.17949236103799,94.45482066427888,2867300
2019-10-30,94.649169921875,94.74634788747427,93.1915375074896,94.6410763917755,2417300
2019-10-31,93.264404296875,94.64915769183118,92.7299410008076,93.96893055533332,2954200
2019-11-01,96.7789535522461,96.83563916092294,94.02563932022461,94.30906736360889,4171900
2019-11-04,99.62134552001953,99.6861308416844,97.17575832071948,97.17575832071948,4230700
2019-11-05,98.30136108398438,100.23677746238143,98.21228282570942,99.86427119062586,3117800
2019-11-06,98.75482940673828,98.75482940673828,97.77497490768388,98.29324495382396,2820200
2019-11-07,100.00193786621094,100.94940607556147,98.81153400129082,99.07876878285809,3156200
2019-11-08,100.65787506103516,101.4757664398398,100.01813401919348,100.02622754932774,2310700
2019-11-11,99.71849060058594,100.22056741042694,99.39457027740679,99.93713944449505,1318700
2019-11-12,99.61322784423828,100.15579088057136,99.29740720050609,99.6051281364263,1555800
2019-11-13,99.62134552001953,99.97765861090804,98.81964724378872,99.29743126823179,1613600
2019-11-14,100.47972869873047,100.60119962395845,99.39459625916649,99.39459625916649,1580400
2019-11-15,100.9775390625,101.21420605986413,100.42258266134064,100.82247579224595,1891000
2019-11-18,100.1940689086914,100.99386141956705,100.0226861334553,100.81431578081289,1772700
2019-11-19,98.3741455078125,100.82248161434907,98.12115276926474,100.75719115716232,3642600
2019-11-20,97.12549591064453,98.1946006937409,96.97859549395307,98.096665007133,2904600
2019-11-21,97.54170227050781,97.69676554101363,96.87249068800321,96.9459440048261,1994700
2019-11-22,97.37847900390625,98.83932016226584,97.16628815049823,97.90079016118743,2597800
2019-11-25,98.17828369140625,98.2598936524363,97.32136353448848,97.8028666630744,2460400
2019-11-26,98.91278839111328,99.30452495602155,97.86000921495784,98.23542005033914,2872800
2019-11-27,97.82734680175781,99.32082701623223,97.72941112112,99.10864238117752,1862700
2019-11-29,97.71309661865234,98.13747213690777,97.6233237967528,97.94976362936127,1372000
2019-12-02,96.48075866699219,98.47207387816951,96.42363107780794,98.00688407510313,2438300
2019-12-03,95.427978515625,95.81155216032283,94.44048372099896,95.34636855911155,2037000
2019-12-04,95.05258178710938,96.48894089457194,94.97912845687951,95.66466589111177,2202200
2019-12-05,93.86105346679688,94.99544877683319,93.24080653332484,94.7342931563883,4889400
2019-12-06,95.91764831542969,96.17880392257669,94.66899787418178,94.66899787418178,2762700
2019-12-09,96.41546630859375,96.59501193574914,95.12600791942333,95.48509917373411,1974100
2019-12-10,96.74192810058594,97.41930263106588,96.15432639831134,96.4073191542858,2438800
2019-12-11,95.313720703125,96.74191669527258,95.28923833949008,96.74191669527258,3354200
2019-12-12,95.44430541992188,95.93397764986736,93.67334369780103,93.99978977561766,4320600
2019-12-13,96.80721282958984,97.63148151038618,96.13800120305972,96.32570348623483,2968100
2019-12-16,97.21527099609375,97.8763197733708,96.90514442783764,97.21527099609375,2978200
2019-12-17,98.17012023925781,99.01071466306924,97.56619905952432,97.95792936069815,2804800
2019-12-18,96.26040649414062,96.91329857511755,95.525910686092,96.74191580481019,4957500
2019-12-19,96.75821685791016,97.57432869031881,96.52154367933895,96.59499698200408,3201000
2019-12-20,95.81156158447266,97.84367896580993,95.75443398665004,97.84367896580993,6945000
2019-12-23,97.068359375,97.46008963246473,95.94212087529854,96.48892062543831,2047500
2019-12-24,96.57054138183594,96.59502374736171,95.76258596084013,95.83603928385833,872000
2019-12-26,97.14998626708984,97.3050495603641,96.79089494643003,97.1907881367022,1274600
2019-12-27,97.068359375,97.51721722111334,96.76639570560582,97.48457199525124,1419500
2019-12-30,95.0280990600586,97.29688980075616,94.87303576183605,97.29688980075616,2430700
2019-12-31,95.53406524658203,95.5585476094595,94.31806015429271,94.70163377654697,2875100
2020-01-02,95.313720703125,96.27673310688785,94.04058798258579,96.04005988101625,4158100
2020-01-03,95.25659942626953,95.37085461509915,93.72230478808771,93.82840333945863,2477800
2020-01-06,94.83221435546875,94.85670294631036,93.33873408904155,94.22013033968103,3381600
2020-01-07,94.66900634765625,95.02809767453964,93.91002182356998,94.55475114845542,1952300
2020-01-08,95.20763397216797,95.9421298300787,94.11404059625781,94.16300532640099,2016000
2020-01-09,95.427978515625,96.16248057712717,94.97911441514017,95.50958847213845,2151500
2020-01-10,94.56290435791016,95.5422363157646,94.34255062020642,95.5422363157646,2545000
2020-01-13,95.28106689453125,95.66464049410578,94.5873730061117,94.76691862518403,1826200
2020-01-14,95.7054443359375,96.44810918903364,95.23210414346607,95.28106886733968,2598600
2020-01-15,96.24409484863281,96.87249839104474,95.70545790390187,95.9013292800445,3168400
2020-01-16,96.79904174804688,97.20709773510501,96.3828228978443,96.71743179592329,2426800
2020-01-17,96.79088592529297,97.31319712860412,96.43995750183947,96.90514111186474,3403400
2020-01-21,95.80339813232422,96.74192828488738,95.28108689073866,96.47260979975826,2960700
2020-01-22,95.69730377197266,97.31320219559181,95.68914090780945,96.12984217600767,2425300
2020-01-23,95.427978515625,95.58304179150895,94.30174617228204,95.50958847213845,2493700
2020-01-24,95.20763397216797,95.57488190112333,94.61186944084933,95.51775430714271,2015400
2020-01-27,93.78759765625,94.22013605742474,92.5063019545033,93.81208002213673,2903800
2020-01-28,94.15483856201172,94.96278765467756,93.39585419422257,94.22012278636727,2039600
2020-01-29,94.47313690185547,95.47695128171135,94.12220845550917,94.47313690185547,2845400
2020-01-30,88.14009094238281,92.27777829589819,87.60145406459924,91.61672960629113,9473000
2020-01-31,84.48391723632812,88.05849202394265,84.13298880344453,88.00952106663831,7234300
2020-02-03,83.26793670654297,85.26741557101582,82.96597914143173,85.0062598849085,5627100
2020-02-04,84.36966705322266,84.76140360269889,83.74942633734369,84.3370218218962,4858700
2020-02-05,86.54052734375,86.98938526035717,85.1531330456995,85.38980630053943,4439900
2020-02-06,86.92408752441406,87.96870984805682,86.09981269267337,86.99753461290135,3861800
2020-02-07,84.15748596191406,86.8098504119847,84.05955026377713,86.54869477672771,5754400
2020-02-10,84.11665344238281,84.6716097844857,82.94145031170852,84.38597186423561,4669400
2020-02-11,85.58567810058594,86.05901838611491,84.23909189136654,84.4023118206605,2806300
2020-02-12,86.13245391845703,87.13626810647236,86.0916458313436,86.32015617572303,2493300
2020-02-13,85.88761901855469,86.61395814870006,85.17760561405302,85.68359103308823,2768300
2020-02-14,86.4670639038086,86.66293526683299,85.43060440350969,85.68359713103233,2694600
2020-02-18,86.85063171386719,87.25868768646733,86.26303011709258,86.46705810339266,3371600
2020-02-19,87.12814331054688,87.30768899715578,86.467088171083,87.30768899715578,2663200
2020-02-20,86.89962005615234,87.82182449727497,86.46707540841957,86.89962005615234,3171200
2020-02-21,84.01056671142578,86.2875198149801,83.85550344738341,86.19774700173873,6034600
2020-02-24,81.1753158569336,82.5352447627389,80.45826712139225,82.2220515680996,7300400
2020-02-25,77.39225769042969,81.77699443807894,76.83180233374654,81.65336337784325,7609100
2020-02-26,77.25215148925781,78.62031814238924,76.79883966217778,78.36481854247364,7411700
2020-02-27,74.37568664550781,76.76586405980561,74.0872183669853,75.42242248375116,9143800
2020-02-28,74.58174896240234,75.29056044591366,72.25750855706978,73.04873866440236,11498000
2020-03-02,76.44442749023438,76.76586447204802,73.69160692021251,75.86749093009114,8738800
2020-03-03,75.24934387207031,79.12307524922548,74.64767605391569,78.1834892336919,9263400
2020-03-04,78.9747314453125,79.02418136278699,75.35649909354076,76.06531058865275,6644800
2020-03-05,76.64222717285156,77.6807191846992,75.77682240309218,76.46914621889968,5277200
2020-03-06,77.47467041015625,77.87028851520091,74.29326322856062,74.4004067856115,5598400
2020-03-09,71.85364532470703,75.82628294026958,71.78770791734516,72.89213748217611,8648300
2020-03-10,76.50211334228516,76.60925689591438,71.8618775158057,74.57349164814156,8914200
2020-03-11,72.52123260498047,75.14218438830265,71.96077730891987,74.02951754280865,5557200
2020-03-12,71.02120971679688,76.18893975999123,67.58430219946497,67.76562694317536,9412800
2020-03-13,77.66423797607422,77.96918743810903,72.1256222972943,75.0020736925159,10918900
2020-03-16,71.75474548339844,77.64776815836528,70.46899736818305,70.76570943910012,9006300
2020-03-17,79.77418518066406,80.1203470918952,72.35639760100925,73.39488962283913,10476100
2020-03-18,81.80995178222656,83.9446230592649,74.4333708111497,75.00206983639845,11152100
2020-03-19,79.3291244506836,85.55182711765435,78.67800672658984,81.32368378486218,7690300
2020-03-20,77.02959442138672,80.54892569152686,74.92789192742993,79.24669049547056,7355300
2020-03-23,75.74385070800781,79.23020717767562,74.38392179430737,77.62302246302538,7117800
2020-03-24,78.51317596435547,79.6917804475759,75.95816105537162,77.41699009984984,6067100
2020-03-25,77.88677978515625,80.59839435447519,75.04329668920704,78.81812208393717,5682000
2020-03-26,82.23855590820312,82.44460560983246,77.08731336746943,77.88678721589336,6373900
2020-03-27,80.37583923339844,82.04896755952979,78.29886166957476,78.79337953828174,4671100
2020-03-30,80.63958740234375,81.43906104446384,79.04889015285629,80.87860574913175,3994200
2020-03-31,76.99663543701172,80.20276764345105,76.78234831807741,79.87309321797161,5391300
2020-04-01,74.49931335449219,76.55156617402508,73.41961516586191,74.92790016167584,5762800
2020-04-02,76.68345642089844,77.11203702628558,72.81796207125831,73.98008538717313,4039900
2020-04-03,74.1778793334961,76.98015603261108,73.20532466404256,75.9663889149398,4471900
2020-04-06,78.85933685302734,79.51869836996713,76.1724471604833,76.82356492922354,5642700
2020-04-07,76.57628631591797,80.3181420047369,76.39496163824728,79.32910631143301,5113900
2020-04-08,81.4225845336914,82.00776481447458,77.2768663737952,79.94726821109582,6628400
2020-04-09,81.34016418457031,82.44458732201484,79.22197397320204,81.24950183291305,5588500
2020-04-13,81.11763763427734,82.6259228218745,80.92807544741447,81.24951244960569,3355100
2020-04-14,83.5737533569336,83.92815906607942,82.05722440798262,82.88142314663455,4093100
2020-04-15,82.35392761230469,82.4033838072457,80.72201780639455,82.37041510666391,3721200
2020-04-16,84.2496109008789,84.4721418327048,82.09020756177912,82.56824442349516,4303400
2020-04-17,84.6864242553711,85.51062303157909,82.27976533799679,84.20014999571444,5850100
2020-04-20,83.4089126586914,84.89247295372019,83.28528787422032,83.85398074720004,4359500
2020-04-21,82.93087005615234,84.15892427848651,82.62591429328585,82.71657664743165,3793800
2020-04-22,80.45001983642578,83.87868248634558,80.26045140581367,83.65615164775693,5099500
2020-04-23,81.96656799316406,82.61768579853648,80.82093216633372,81.06819432113157,4061800
2020-04-24,82.56822204589844,82.79075291741414,81.25774290610273,82.57646579318028,2792400
2020-04-27,84.52157592773438,85.29631839980458,82.25502959049089,83.24406547694242,4362300
2020-04-28,79.47747802734375,81.85941168142352,79.27142835977189,81.80171802602887,10400900
2020-04-29,79.21375274658203,80.07092031349107,77.56535503055808,79.2055089973232,9974000
2020-04-30,78.01866149902344,78.90879142486834,76.5021324357783,78.79340409581182,6262500
2020-05-01,75.74385070800781,77.23564812458758,75.20812037374569,76.84003632781344,5415600
2020-05-04,74.54051971435547,75.66143025804021,73.84818965472148,75.50483051957167,4784400
2020-05-05,76.41145324707031,77.35103917009941,75.33175506790134,75.43889862469011,5001000
2020-05-06,76.59278106689453,77.82907904626667,76.40321260994399,76.76586202943022,3630300
2020-05-07,76.51036834716797,77.69721022276697,76.19716881055027,77.4664355882932,3309800
2020-05-08,78.15876770019531,78.28239876831161,76.90598209921819,77.09555057541483,3418000
2020-05-11,77.40049743652344,78.18348363064274,76.73289226101907,77.64775325607535,3118400
2020-05-12,76.52685546875,78.43075892656765,76.51037425992985,78.10107815692557,3504600
2020-05-13,74.78778839111328,76.84004768469454,74.49107635561087,76.28782977587016,3690800
2020-05-14,75.57075500488281,75.6614173339691,73.23002822649983,74.177857665407,4031700
2020-05-15,75.02679443359375,75.73560570318466,74.7053574960044,74.87019469389882,3990600
2020-05-18,79.20548248291016,79.98847490879403,76.6999180387268,76.92245517725209,5509500
2020-05-19,79.47747802734375,80.33464539901911,78.63679815043076,79.06537869220003,3674300
2020-05-20,80.09563446044922,81.15060785018406,79.51045410483498,80.35937780788294,3291700
2020-05-21,80.20276641845703,80.76322173660307,79.61758614759133,79.72473599355851,5452100
2020-05-22,80.55255889892578,81.26047402802506,79.70305566073746,80.61085764240251,2406600
2020-05-26,80.84405517578125,82.40147359237574,80.60252998684926,81.74352697854448,5563700
2020-05-27,82.96781921386719,83.06775630395826,80.71913937550347,81.4353848402318,4436400
2020-05-28,83.05110931396484,84.20043042651606,81.893457991834,83.28430434948932,5460800
2020-05-29,83.04276275634766,83.62575658447713,81.91009593184761,82.72628474959411,5962400
2020-06-01,82.68464660644531,83.01778505543805,81.9184326216232,82.85121900798539,2510300
2020-06-02,84.25870513916016,84.26703534636246,82.43478371520754,83.07606987988586,2860500
2020-06-03,86.32416534423828,86.79888552926295,85.01660228344497,85.44967778304644,3633800
2020-06-04,85.94939422607422,86.46575916854562,85.19151040753886,86.03268360853795,2768400
2020-06-05,88.82268524169922,89.25576069873632,87.1736537139524,87.43183930084426,5026800
2020-06-08,91.98748779296875,92.02080226857262,88.83934292039851,88.83934292039851,4561100
2020-06-09,89.80547332763672,90.94646431220833,88.72277475202694,90.84652720645819,4567900
2020-06-10,88.80602264404297,90.02197233076966,87.96485601781428,89.85540631771683,3793300
2020-06-11,83.67573547363281,86.37414495795606,83.65907505569267,86.17426442128819,5306100
2020-06-12,84.51689147949219,85.75782549201831,83.25096684513743,85.70785695653387,3334400
2020-06-15,87.98152923583984,88.43126519391771,82.94282681771669,83.21766651777885,6440200
2020-06-16,88.13976287841797,90.62996129247763,86.43243244512163,89.81377248017776,4283300
2020-06-17,89.10588836669922,90.396797812962,88.42295722615681,88.70612720613683,4413500
2020-06-18,89.59725189208984,90.38011999504204,88.46458489836341,88.73109440547034,3204500
2020-06-19,89.75548553466797,90.81319968198643,88.5895104410554,90.20522150824183,9027100
2020-06-22,89.0309066772461,89.57225582939351,87.84827129224448,89.18914250639415,4385700
2020-06-23,92.12077331542969,92.33731429473579,89.9553825846339,90.12194865850726,5565900
2020-06-24,91.1962890625,92.87862876812889,90.33846197199058,91.54608152296444,5471300
2020-06-25,92.04579162597656,92.15406526619722,90.24685432251005,91.00473803362027,2987000
2020-06-26,89.38069915771484,92.36227824414303,89.24744759875865,92.14573731249132,5489000
2020-06-29,91.17964172363281,91.72931472287233,89.81377354829985,90.75489007370663,3395200
2020-06-30,92.5954818725586,93.29506691901183,90.46340589774384,91.20463563442827,3954900
2020-07-01,95.29388427734375,99.86619643011173,95.15230250756505,98.15886592225797,8982100
2020-07-02,95.2439193725586,96.50983784882759,95.15230614059514,96.28497305024564,3442900
2020-07-06,96.07677459716797,96.43489736223823,95.45214231070273,96.33495390893204,3445900
2020-07-07,95.3188705444336,96.15171347222798,94.83582647541917,95.07735168697002,2194700
2020-07-08,95.33553314208984,96.00180368711402,94.9274418772799,95.37717147697968,3051600
2020-07-09,95.3188705444336,95.81025117595767,94.70256855701018,95.36051523245823,2366200
2020-07-10,95.83524322509766,96.32662389650204,94.93577126509788,95.52708902933261,2281800
2020-07-13,94.74421691894531,96.40990283912465,94.71090243805122,96.2933053330391,2301700
2020-07-14,96.05177307128906,96.31828254481844,94.15289227813129,94.5859677898339,2538000
2020-07-15,99.28321075439453,99.69963224385383,96.70139879056444,97.2094335160318,4841800
2020-07-16,99.72462463378906,99.81623787725411,98.4170613046195,98.94175649066258,2528200
2020-07-17,98.73352813720703,100.50748122315255,98.65856897223317,99.94114779813299,2782400
2020-07-20,98.56694793701172,98.8751020724499,97.49257992079849,98.62524668111229,2365900
2020-07-21,99.14163208007812,100.191016045548,98.95840560231964,99.10831759738677,2054400
2020-07-22,98.87511444091797,99.31652018062232,98.19218348713086,98.90009871235975,3508200
2020-07-23,98.39205932617188,99.44144315535407,98.23381714246149,98.86677952321598,2349200
2020-07-24,98.56694793701172,99.50806440417504,97.90900133697014,98.40871211964536,2539000
2020-07-27,100.7823257446289,101.42361201133293,97.89235973202227,98.37541016122587,4446000
2020-07-28,99.62467193603516,100.55745193568245,99.29986370700266,100.12437641500152,2497600
2020-07-29,103.00601196289062,103.52237685756941,100.29927248962605,100.42420019767108,6769600
2020-07-30,117.81397247314453,121.17865249021031,112.55872264217268,114.64916663623252,30970900
2020-07-31,118.89665222167969,120.03765567839234,116.34815488683363,118.11379054162323,7429900
2020-08-03,118.41358947753906,119.5129481317051,117.04772772150365,119.48796386303526,4317200
2020-08-04,120.5290298461914,121.54509923744484,117.714016676177,117.95554824245464,4841700
2020-08-05,120.82886505126953,121.59507909317695,119.32974509615686,121.05373622158038,3939300
2020-08-06,121.15367126464844,121.31191346670005,120.29584399811397,120.73724976795499,2420900
2020-08-07,130.67306518554688,130.67306518554688,121.25361263159995,121.32856545368483,10074200
2020-08-10,132.9134063720703,135.50354851397412,130.75634613233336,131.14778334441536,7396400
2020-08-11,129.79855346679688,134.30422328728258,128.990694946569,133.80452523987213,6071900
2020-08-12,131.4142608642578,133.46305976012786,130.25660987138923,130.96453134028147,4247200
2020-08-13,132.6635284423828,133.02165746656982,130.32324212968334,130.5647736663108,2848200
2020-08-14,133.87115478515625,135.27864842692236,131.90564529029143,132.19713264220502,3479000
2020-08-17,133.50477600097656,135.03720453657297,133.04670967017887,134.17937700261524,2408900
2020-08-18,133.24655151367188,134.3792184626306,132.46367708757424,133.57968361882288,2606600
2020-08-19,133.5380401611328,134.82894931981414,133.13827908962693,133.71294277826527,2691600
2020-08-20,132.88009643554688,133.47140781890417,131.01452363545587,132.5552881903883,2296700
2020-08-21,133.29080200195312,134.30496767231156,132.02520192410853,133.0644982460799,4420700
2020-08-24,134.39712524414062,134.99220355332886,133.32429612218567,133.86908756458413,4084000
2020-08-25,133.2991485595703,136.11532838494102,132.46938962536905,135.41128662588153,2931500
2020-08-26,133.1818084716797,134.07863361951595,132.3101395480433,133.27400532997,2761700
2020-08-27,134.2798309326172,134.91681944526303,133.03098456019254,133.885899955716,2913400
2020-08-28,136.0818328857422,136.29137007528112,133.55062005515381,134.53964224012793,2979800
2020-08-31,137.13787841796875,138.47892137750912,135.1598470866701,135.5537779764426,3960900
2020-09-01,136.32489013671875,137.57373638806246,135.40293417799808,136.72721074803857,3097000
2020-09-02,138.94827270507812,139.30029357939324,135.94769920785967,136.82775778821375,3778000
2020-09-03,132.4442596435547,136.9954008938344,131.5474344060045,136.00639157790502,4759900
2020-09-04,134.75755310058594,135.6543783892175,129.6029434764659,134.30495840919096,3601300
2020-09-08,131.1283416748047,134.15405853459495,130.71765705912074,134.12891510053808,3176400
2020-09-09,133.93617248535156,134.9084281024031,132.46941217638306,132.46941217638306,2317600
2020-09-10,132.33526611328125,135.15982246490225,131.65636787474824,134.93353157814533,2450900
2020-09-11,133.1566162109375,134.61499885573627,131.9496806137424,132.83812855382575,2466800
2020-09-14,134.22113037109375,135.91419430163896,133.29078481594308,134.85811876982066,3617900
2020-09-15,135.38613891601562,135.58729917902357,132.73758633750666,134.58990032394928,3238500
2020-09-16,133.9948272705078,140.2725655764107,133.70985978467743,139.80320435524675,5736800
2020-09-17,133.89425659179688,134.33009750250557,131.56420419818147,131.6228679576058,3002200
2020-09-18,133.81883239746094,137.24685771308546,133.61767209351805,134.22114021621172,7274000
2020-09-21,134.99220275878906,136.5763029990029,131.9078222486056,135.2939367468837,3894400
2020-09-22,135.6878662109375,135.89740334529185,133.74336825447764,134.3887334201142,3051900
2020-09-23,135.4029083251953,138.93150675461885,135.22689149270832,136.19914693406022,3842400
2020-09-24,134.4474639892578,136.25786862704982,132.4191452482478,135.04254252806496,2975100
2020-09-25,139.23326110839844,139.97083607364488,133.4919500567027,133.4919500567027,4399300
2020-09-28,141.56332397460938,144.14482375440932,141.21969269419242,142.40986242834265,4338400
2020-09-29,141.22802734375,142.87918097143358,140.07137827951053,141.48785134186025,3113700
2020-09-30,139.6607208251953,142.2086872250262,138.71360870945978,141.89018662912204,5426700
2020-10-01,140.515625,143.15580108901477,139.87025970660164,141.68065118608305,4934100
2020-10-02,139.93728637695312,141.22802950605157,138.92312101262937,139.68583925620797,4482700
2020-10-05,141.78126525878906,142.45178690949604,140.33964818596695,140.94311639268955,2739000
2020-10-06,141.94049072265625,144.20348970683648,141.41245293699822,141.88181417352337,3671400
2020-10-07,146.6676483154297,147.0448126795418,142.74510567691428,142.99655284936716,3847000
2020-10-08,146.01390075683594,147.4974148503028,145.3768995157163,147.1370170231515,2797500
2020-10-09,146.41616821289062,146.99449274272243,144.88235487394198,146.26529482769766,2861100
2020-10-12,147.96676635742188,148.18469320518452,146.01389113443727,146.55868267557534,2274000
2020-10-13,146.95262145996094,148.4780455303316,146.58383396473388,147.09510521236504,3018000
2020-10-14,146.15635681152344,147.48063313286931,145.6702290893231,147.27947286498664,3156900
2020-10-15,145.87139892578125,145.88816548129114,144.16995803186657,144.72313926148055,3059700
2020-10-16,146.20664978027344,147.67340988996457,146.05577637578452,146.73468751228486,3446000
2020-10-19,144.24539184570312,147.68179373406596,143.41562005473088,146.47485759779136,2884600
2020-10-20,146.57542419433594,148.64565215966388,144.46328624320185,145.1170410965547,2784700
2020-10-21,144.77342224121094,149.19884638071002,144.70636881011134,147.87456989204512,4428700
2020-10-22,144.99136352539062,146.44135734852452,143.86823442906777,146.13962327310185,3897700
2020-10-23,144.0777587890625,145.62833902527314,143.5832541173042,144.51359970120367,2763100
2020-10-26,140.80894470214844,143.25633673013294,139.28350832909234,143.25633673013294,4053900
2020-10-27,143.18931579589844,143.88498072709524,141.32024784167913,143.23122578724931,5753900
2020-10-28,130.56680297851562,137.34742286696988,130.41594235185968,136.75234445409254,11120900
2020-10-29,135.24366760253906,137.47314609621216,132.20957356126578,132.4861641523576,5849600
2020-10-30,131.68154907226562,134.4893524673311,130.12259190407175,134.11217530296796,5240500
2020-11-02,133.72662353515625,135.10118684936853,131.56419842088317,133.16506545810168,3924000
2020-11-03,137.02052307128906,138.00115535224728,134.39712677388414,135.1514553625806,3142200
2020-11-04,136.26622009277344,138.57950595012122,134.57315610163423,137.23008600271805,3530000
2020-11-05,137.0875701904297,139.0069374674205,135.9560773593871,138.79740033695356,3998300
2020-11-06,140.540771484375,141.06043238832405,136.6769181557731,137.52344376041194,2960000
2020-11-09,136.8026580810547,140.4150776247919,133.02261132298707,137.54023317107243,9453000
2020-11-10,138.06822204589844,138.51243980248145,134.96707463213906,137.23007340492924,3329800
2020-11-11,139.66905212402344,140.99332816162487,138.4453498042477,139.44274846978567,3240200
2020-11-12,137.54405212402344,139.55944173469166,136.32975643327268,139.42451713191528,4070000
2020-11-13,138.01629638671875,139.22216429862092,137.5862386253787,138.46322294275458,2628500
2020-11-16,142.0386962890625,142.0724210227379,135.97565569128184,137.58628515068074,4406300
2020-11-17,142.4097137451172,142.84819956017267,139.55949161164176,142.19889880310564,3627800
2020-11-18,142.04708862304688,144.6780675391067,142.04708862304688,142.4687184574086,3393500
2020-11-19,140.3858642578125,141.66762254073691,139.72812275395734,141.66762254073691,3143600
2020-11-20,138.09217834472656,140.65569456502857,138.05002566120646,140.25936154983134,3988100
2020-11-23,140.487060546875,140.5966755499459,138.21869006661063,139.5594698001465,3770900
2020-11-24,145.6224822998047,145.97664973890667,141.30499786071158,141.63386854467188,5371700
2020-11-25,143.77574157714844,145.87546231797444,142.83129507546857,145.13338985687253,3497700
2020-11-27,142.41810607910156,144.5599796925302,141.57484652203016,144.16365953845678,2216600
2020-11-30,144.25643920898438,144.39135097837467,141.76038490200173,142.99154969270947,4708600
2020-12-01,141.6339111328125,146.89584365839698,141.58330474019365,146.31399238094352,5371500
2020-12-02,142.36752319335938,142.47715106144162,140.40272673463997,141.60015385102506,3853300
2020-12-03,141.52427673339844,143.54809486280794,141.1785371689284,142.61207608285363,2844200
2020-12-04,141.03517150878906,142.17357714315222,140.26780216613304,141.72665057371972,2766200
2020-12-07,141.22068786621094,141.91215405526415,140.06542631839736,141.77724229672336,3117200
2020-12-08,140.30996704101562,141.8700024780138,139.91363399198625,141.28815128402937,3885000
2020-12-09,142.6626434326172,143.2276386499838,140.8327717667698,141.279698295579,3327300
2020-12-10,138.4969940185547,141.2122916006777,137.98260502648483,140.8665519949815,4708600
2020-12-11,142.0048828125,142.52771240854622,139.43295184564784,139.55943561325384,4777500
2020-12-14,140.50389099121094,144.85511301318587,140.4785942360812,144.85511301318587,3388700
2020-12-15,140.96771240234375,141.99649019198503,140.09915600295952,140.90869091847696,2555300
2020-12-16,143.4637451171875,144.7539311431848,141.16163738152102,141.16163738152102,3421600
2020-12-17,147.140380859375,147.84028791244774,143.38786512576127,143.9781571740518,4386900
2020-12-18,147.72218322753906,147.98360446356494,144.31542073522252,145.92604936141265,8581300
2020-12-21,145.53814697265625,147.09818211899605,144.22266427506634,145.41166320062575,3180000
2020-12-22,147.1994171142578,147.78126838948094,145.057543051345,145.31895151015598,2489200
2020-12-23,145.580322265625,148.36308124066503,145.56345347251883,147.0475984550037,2553800
2020-12-24,145.2008819580078,146.1790662452757,144.59373397743613,145.89234818375152,1006100
2020-12-28,144.50094604492188,146.05254041115302,144.11304101980477,145.5465924397917,1861700
2020-12-29,142.5361328125,145.0490421769247,142.00487528249,144.82979936899406,2864600
2020-12-30,140.17501831054688,143.2023295915053,140.1075560087891,143.2023295915053,3107100
2020-12-31,142.0048828125,142.07234511092912,139.50884210621143,140.6472346160187,2349400
2021-01-04,138.12591552734375,142.12295752072416,136.5068587510591,142.00490169955089,4304000
2021-01-05,136.2032928466797,138.30300099494016,135.95874035951283,137.18146419398647,3967000
2021-01-06,135.79855346679688,137.56097623996257,134.92999689617804,135.15768064654247,5061400
2021-01-07,134.07827758789062,136.4984285438539,133.35307381078076,136.28761364198613,6024300
2021-01-08,133.5638885498047,134.83720592337008,132.78809125593168,134.1710364958132,4844800
2021-01-11,136.49000549316406,136.55746780824464,133.0157799028006,133.96865454390147,6127800
2021-01-12,138.21868896484375,138.67404350325833,134.86250637497588,136.92006192977544,4612100
2021-01-13,137.54405212402344,138.67401672125936,136.56586805457218,137.91508834809932,2643000
2021-01-14,137.84764099121094,139.6353471368947,137.6368261016871,138.04158708677932,2625000
2021-01-15,133.9939422607422,137.4260149312889,133.41210395829083,137.2236279997058,4816300
2021-01-19,131.7846221923828,134.7528998784925,131.59067606814205,134.66856876336786,4537400
2021-01-20,134.78662109375,135.1660853676846,131.57380384485126,132.31587646383178,3029800
2021-01-21,135.00582885742188,136.3550361148965,134.26375650218498,134.36494350803846,2002800
2021-01-22,134.06985473632812,135.3010066045946,132.72906213031058,133.57232176993676,3131600
2021-01-25,136.39724731445312,138.41263734741307,134.1710423706517,134.6770033035197,3938100
2021-01-26,136.1273651123047,137.24890171064698,135.3347120477282,136.9284718733477,2962400
2021-01-27,132.93988037109375,134.584247003262,132.38333877400797,134.49991589033803,2821500
2021-01-28,132.61944580078125,134.39872413728688,132.56041145037963,134.13731571035584,2565100
2021-01-29,130.70523071289062,132.98202893252994,130.5028437880108,132.40861861271662,5007900
2021-02-01,131.76776123046875,132.51826187806302,130.62936831132996,131.71716770523446,4783000
2021-02-02,135.16607666015625,138.4632248095778,132.33272386771938,137.619965203104,10758300
2021-02-03,134.677001953125,136.16113427840438,132.2652788825955,135.50339279254368,4559200
2021-02-04,136.8273162841797,136.9538129612966,133.08325396999,134.2722403853076,2811100
2021-02-05,138.6150360107422,138.7499477860725,136.3719620816785,137.4513334870537,2560300
2021-02-08,137.8307647705078,139.53415258887006,137.29107919709153,138.66559632020196,2242200
2021-02-09,140.7568817138672,141.3303048953959,137.2657877120902,137.8729356138879,3073600
2021-02-10,139.6943817138672,141.86155209086422,138.7499222575926,141.6170124801437,2943700
2021-02-11,136.92007446289062,140.21722300428095,135.92503418517782,139.9811113157687,3188400
2021-02-12,137.78016662597656,138.15120285780992,136.64176117531682,137.0043694444698,2563800
2021-02-16,136.39724731445312,138.26928475209536,135.8322648974524,138.25241595643416,2867700
2021-02-17,135.7647705078125,136.53213969009542,134.83717997240262,135.8406607696775,2845400
2021-02-18,136.70924377441406,137.1308735791633,133.7578351411694,134.75288817128026,3595900
2021-02-19,136.23403930664062,137.71060581133077,136.04735949204206,136.90443957861302,3081700
2021-02-22,137.133544921875,137.90575984063668,134.08706597404645,135.53817534072928,3894800
2021-02-23,136.46315002441406,136.98079573095703,133.88341576549402,135.7503302494137,4385800
2021-02-24,135.83518981933594,137.38811392776714,134.99507250857863,136.01338828160752,2963400
2021-02-25,133.66278076171875,136.0303784600796,133.2554569985665,134.92719752581115,2617100
2021-02-26,133.934326171875,135.1223590996772,132.88205918683036,134.57077515789499,3492800
2021-03-01,137.02322387695312,138.03305833357183,134.57077431741672,135.39391603674855,3271500
2021-03-02,136.93836975097656,138.46585001938394,135.68244728521438,137.27781700428304,2653600
2021-03-03,136.14064025878906,137.61720619226696,135.67392147995946,136.2764191155976,2635100
2021-03-04,135.30906677246094,136.87048534950577,133.6967343426891,135.82671252283427,3710400
2021-03-05,139.5096435546875,140.17154961133443,134.995104477337,136.20859459832613,3671700
2021-03-08,136.5140838623047,141.0625739165905,136.42073747701076,140.2139751224968,3176400
2021-03-09,138.5507049560547,140.1460616100782,136.80259381204672,136.80259381204672,2551000
2021-03-10,140.21395874023438,141.02012491071486,138.94106069781617,139.46720069372253,2511700
2021-03-11,141.9196319580078,143.14160304308788,140.34971939697445,140.95223008945268,2906700
2021-03-12,142.30152893066406,142.67491445892304,140.81648109237284,141.38504071091643,1914800
2021-03-15,138.01609802246094,142.5051796423391,136.64137221252042,142.47972271612457,4535900
2021-03-16,138.16885375976562,139.30597296944578,136.98928907456417,138.13490255878426,2397800
2021-03-17,136.3273468017578,137.26081035143372,135.40237752436084,136.43766875269745,3644100
2021-03-18,135.9455108642578,136.74319572408905,134.87628115026905,136.15766054193256,2964900
2021-03-19,135.1732635498047,140.22243551342487,134.66411216553655,136.9892640123934,14934200
2021-03-22,136.67530822753906,137.23538649226947,134.53683582039767,135.51273212080775,3893900
2021-03-23,135.65699768066406,137.60877740959285,135.12237632072288,135.60608382706764,2920800
2021-03-24,135.69944763183594,137.70214147150463,135.52123617277695,135.82673228217016,2285300
2021-03-25,138.5337371826172,138.8731714817303,134.67261052441,135.35149207122475,2944500
2021-03-26,142.547607421875,142.64944807193078,138.9919767616442,139.59448754203137,3135500
2021-03-29,142.68336486816406,143.3877032441098,141.42744259409284,142.23360865619424,2702600
2021-03-30,143.10769653320312,144.25331005596829,142.0554293933936,142.19120830470897,2401100
2021-03-31,144.2532958984375,145.1103759133932,142.22514554835175,143.6083526072814,3688400
2021-04-01,145.34799194335938,146.07778738167983,143.26892760874776,144.414528144837,3615000
2021-04-05,145.9165496826172,146.8415191947688,145.20372985390892,146.04384726183665,2315900
2021-04-06,146.78211975097656,147.681632310861,145.30555333562987,146.03534874340968,2465600
2021-04-07,145.9165496826172,147.10459567905338,145.28010063228714,146.74817281611018,2079700
2021-04-08,146.82452392578125,147.01121664162446,145.33098219903567,146.41718730107635,2029100
2021-04-09,149.30247497558594,149.31095630209532,146.65485086257064,147.036717732934,2579800
2021-04-12,151.54275512695312,152.17920414240749,148.29262060086884,148.878155766861,3024000
2021-04-13,152.25559997558594,152.6798993890555,149.93043452828016,151.0081586640982,2465400
2021-04-14,149.53155517578125,152.23857365505594,149.25999742630694,151.7463978941596,2591900
2021-04-15,152.4423065185547,153.46911688924922,149.78618780684548,151.7719190821183,3139200
2021-04-16,152.5016632080078,153.75758553597151,151.84823864710103,153.36722447464626,2820500
2021-04-19,151.1015167236328,152.67142985416177,150.76208234607648,152.67142985416177,2614200
2021-04-20,152.4846954345703,152.62047432796265,150.06618407179732,150.96569658049276,2642500
2021-04-21,151.53427124023438,152.3574000402743,150.6856725673055,152.23011541877023,3204400
2021-04-22,150.63473510742188,153.41813752171817,150.38016588243343,150.88083595636033,3077900
2021-04-23,151.865234375,153.01083489102086,150.4820143019448,150.92328926702424,2407100
2021-04-26,149.192138671875,152.62048474683962,148.2501935761176,152.5610766212044,3972900
2021-04-27,164.73846435546875,167.4115449931022,160.98765977868229,161.45437868945868,14666500
2021-04-28,168.33651733398438,168.38743118341128,164.71301026482672,165.80769687327037,6308800
2021-04-29,172.8765411376953,173.53844713734424,167.74251602875523,169.6264063196297,6950000
2021-04-30,172.9953155517578,174.61614202699744,169.56698281718977,171.15385809634972,5931200
2021-05-03,180.07264709472656,181.0740003248243,175.76176401216367,176.01634621971996,7286100
2021-05-04,181.8631591796875,182.7032764334,178.9354966753003,179.5634642845125,5775400
2021-05-05,182.04141235351562,183.08518521837914,180.5478702263981,182.38932800941035,4187000
2021-05-06,182.2620391845703,182.44873194616983,179.96234381450537,182.38084249208006,4470100
2021-05-07,184.5701904296875,185.2830101264448,181.43037828565843,182.16865490382943,2644100
2021-05-10,183.4076385498047,186.34378275857597,183.09364823025797,184.57021460861873,3566300
2021-05-11,181.8801727294922,182.44873234156307,179.56350175373692,181.54072545830772,3088500
2021-05-12,178.79971313476562,181.47280635494792,178.51119273342624,179.9028938471304,2667100
2021-05-13,183.01727294921875,184.06104568397367,179.1646406986036,179.2070602730811,3208000
2021-05-14,183.61978149414062,184.79083883543515,182.54205757444575,183.98467270122694,2333700
2021-05-17,183.5434112548828,184.10348951714442,182.44872460463412,182.8815052898787,2071200
2021-05-18,181.5916290283203,184.16288189136077,181.5746534297855,184.16288189136077,2041500
2021-05-19,181.89712524414062,181.98197733972543,178.74881856500295,179.90291324337565,2141100
2021-05-20,181.5491943359375,183.02574767611844,180.5308785620157,181.8886286110489,2716600
2021-05-21,180.65391540527344,183.2289642981521,180.5771787687191,182.62356714055463,3927700
2021-05-24,181.98403930664062,182.92197474612604,181.24222592034985,182.53827861565213,1981300
2021-05-25,180.3299102783203,183.45065056508426,180.05705155892028,181.9243877616273,2414300
2021-05-26,182.30807495117188,182.64914833358355,180.62832594832452,181.58331840845804,2376300
2021-05-27,181.44688415527344,184.9086975768911,180.7647504194912,182.72588003088305,5110200
2021-05-28,182.98170471191406,184.06457865449443,181.64301594944888,182.32514977061368,2128000
2021-06-01,181.8646697998047,184.64436232281102,181.7964681400391,183.82579928882546,1865300
2021-06-02,180.68801879882812,182.71735013050161,179.9120914902316,182.71735013050161,2486000
2021-06-03,180.74769592285156,181.77089003494132,179.17027546147708,179.95472471443318,2172400
2021-06-04,179.5966033935547,181.95847305485822,177.89127557481893,181.11434411138,2943900
2021-06-07,181.54922485351562,183.67236298545492,179.3237712007284,179.56251608978738,3444300
2021-06-08,178.85479736328125,181.87323523297547,178.68426716406367,181.48953903208084,3402000
2021-06-09,171.43658447265625,178.13000062115705,167.9747714672632,177.4052311745387,10560600
2021-06-10,173.26129150390625,174.23332777128113,171.60712155525022,174.08837647823427,4880000
2021-06-11,173.26129150390625,175.0007330417041,172.09314619424657,173.6535225990937,2699200
2021-06-14,171.4622039794922,173.7473503095554,170.62659688617865,173.0481595708295,2157500
2021-06-15,172.5280303955078,173.82408331666394,169.91035868470115,171.76915995699682,2414900
2021-06-16,170.89093017578125,172.64741606623204,169.94447254414928,171.95676025596944,2102900
2021-06-17,168.87008666992188,170.95911060637988,166.67021226393715,170.95911060637988,3068700
2021-06-18,168.63137817382812,170.19175499622148,166.70434903275265,167.352382058157,8170500
2021-06-21,173.36363220214844,174.44650599880285,169.66306094946282,169.98707739824187,3638000
2021-06-22,175.13719177246094,175.75111093319003,172.3575116357194,172.42572632142495,3460700
2021-06-23,173.96047973632812,175.89601727943688,173.58530556620133,175.00925261327887,2504500
2021-06-24,175.73406982421875,176.194502696803,175.00930016132412,176.10923108565498,2602500
2021-06-25,175.31622314453125,175.94719910767805,172.40863615374585,172.69853875413014,6618600
2021-06-28,174.99220275878906,175.66581450342738,172.8775999997918,175.38443386447167,2288100
2021-06-29,177.02159118652344,177.32855077751233,174.15663934083443,175.03488230743176,2291100
2021-06-30,177.3285369873047,177.4649663528282,175.5890951034308,176.06659788276312,2744800
2021-07-01,179.2470245361328,179.38345389671434,177.35410944257876,178.53931186506352,2746100
2021-07-02,180.364013671875,180.85003839371942,178.44551968471652,178.70984344124804,2172300
2021-07-06,180.15936279296875,180.43222150588593,177.5161123173362,179.45166315390634,2421300
2021-07-07,182.69175720214844,183.26304043721328,179.33227246304418,180.17640137263007,2553700
2021-07-08,180.824462890625,181.3616323698364,178.97417053912048,179.3323008727551,2354300
2021-07-09,182.40185546875,182.8964020799373,181.3360256197993,182.37627659322465,2050500
2021-07-12,181.89878845214844,182.5382863669666,179.40901146506397,179.91208003550585,2216100
2021-07-13,180.142333984375,182.6321114006974,179.69894504402095,181.89881981152828,1852200
2021-07-14,180.364013671875,181.1058271835112,178.74395728696697,180.20200543126018,2867500
2021-07-15,181.49803161621094,182.26542389381189,179.57953791159042,179.99734789108587,1663200
2021-07-16,179.5454559326172,182.06933396307366,179.1532247871522,181.7197386176448,3805300
2021-07-19,180.26171875,180.30435455670957,176.22008627149236,177.74636228159318,2910700
2021-07-20,181.156982421875,182.71734594831818,179.66482055978284,180.81590904702546,2257000
2021-07-21,181.1484832763672,183.07551244611807,180.90973837207227,181.32754845989913,1770900
2021-07-22,181.81353759765625,182.23986958949752,180.6453921034095,181.0717240952508,1629700
2021-07-23,180.45779418945312,181.83058364147354,179.86093203870928,181.6088957028027,2188900
2021-07-26,178.9400177001953,180.9778835719352,178.50516386518717,180.08258401927935,2673700
2021-07-27,166.4314727783203,168.88714903355847,162.22783288336387,168.88714903355847,13741500
2021-07-28,163.74557495117188,167.01127935554388,162.44100018263774,166.34620253278604,6295500
2021-07-29,163.54949951171875,165.83464607323995,163.36191236821247,164.58975075820933,3150300
2021-07-30,163.16578674316406,164.25719564360367,160.57369385727512,162.00616316011943,3741600
2021-08-02,163.6603240966797,165.18658687469963,162.8929187191217,164.00991944610212,2782500
2021-08-03,165.54469299316406,165.6299645884481,162.492167643401,163.07197285735236,2726600
2021-08-04,162.67974853515625,165.24627533945187,162.50069639244032,164.4959269035622,2341700
2021-08-05,162.3642578125,163.96727010331466,162.09141213080179,163.24250058613947,2045200
2021-08-06,164.22308349609375,165.3741720328892,163.0975608265663,163.5153708497611,2340100
2021-08-09,162.8417510986328,163.84790128542957,162.73091363673012,162.91850073917325,2150100
2021-08-10,162.52626037597656,163.8137781326445,162.34719523905096,163.0122720151436,1668000
2021-08-11,164.0525665283203,164.15489506685225,162.62009709508854,163.12316578814338,2131100
2021-08-12,165.10986328125,165.8943126324809,163.94171771624386,164.29130008265827,2457900
2021-08-13,165.3997344970703,166.18418369921935,164.51296979352472,164.5897064195721,2432200
2021-08-16,168.0344696044922,168.24763556501307,165.0586681117984,165.43384228401396,3091700
2021-08-17,168.62281799316406,169.08326381190605,165.8857740008285,166.8578103829713,2957700
2021-08-18,166.09893798828125,170.1149778566918,166.0136663900982,167.99185297449665,2605800
2021-08-19,165.46795654296875,167.2841348374115,164.13780292305754,165.10131730621166,2858800
2021-08-20,165.639404296875,166.52228765114648,164.6622317941199,164.96223320884724,2222800
2021-08-23,165.43368530273438,167.43089146684576,165.3393961506307,166.49658001014248,2248700
2021-08-24,165.6651153564453,166.87371413703008,165.3308198504341,165.64796830811085,1667500
2021-08-25,165.32225036621094,166.26514189446175,164.75652852862692,165.53654270632552,1593900
2021-08-26,164.8850860595703,165.8451114842834,164.6365127190162,165.7679693868044,1969700
2021-08-27,165.69085693359375,166.18801678301585,164.69653723474954,164.85083453667878,1947800
2021-08-30,166.29940795898438,167.67088404413025,165.3136685148494,166.18798484611403,1507700
2021-08-31,167.6880340576172,168.0994716586912,165.347952455476,166.89085980871042,2782000
2021-09-01,168.34808349609375,169.11096382306044,165.80228905095765,167.7652145179028,2381100
2021-09-02,169.8823699951172,170.79096727663838,168.48517997955287,168.78519443863522,2021200
2021-09-03,169.15377807617188,170.15666453756836,168.8023355416736,169.0423549667044,1491800
2021-09-07,167.62802124023438,169.67665528325793,167.38801488970682,169.41950188501693,2266200
2021-09-08,166.77944946289062,167.61089171310957,165.84512491563666,167.61089171310957,2455300
2021-09-09,162.01358032226562,166.5994417516473,161.19070503928495,165.6308361637588,3636700
2021-09-10,165.65655517578125,166.02514482270195,162.8707545981959,163.27362526653454,3094100
2021-09-13,166.6251220703125,167.43086321974144,165.09079494060728,166.89942249537944,2136200
2021-09-14,163.7279052734375,167.90232870911805,163.5650540911262,167.35374087362828,1895300
2021-09-15,165.73370361328125,166.14514125037658,163.5907801793333,164.23365720951767,1769200
2021-09-16,165.40798950195312,166.47088432652774,164.0708072551653,165.74228506365006,1657200
2021-09-17,162.88787841796875,168.21947242473507,162.5792969517475,165.05651566580846,4504200
2021-09-20,162.33932495117188,162.5021892427204,160.1449732067393,161.4478744597592,2439500
2021-09-21,162.63072204589844,163.47932433234917,161.15638985414276,162.9478835699832,2496400
2021-09-22,158.83348083496094,160.55638649455085,156.107675540778,157.59058791161303,4229800
2021-09-23,160.1106414794922,161.01067182488032,159.14204910264885,159.43348351411092,2527500
2021-09-24,161.1649627685547,161.74783156860198,159.26204602591758,159.86206187283818,2312900
2021-09-27,160.1535186767578,161.6621451079024,159.99065440708958,160.6078173872185,1847600
2021-09-28,160.08497619628906,160.98500681575092,159.51925424863987,160.01640106458663,3093900
2021-09-29,158.3534698486328,161.1049761276282,158.0963164286997,160.30781491313843,2467400
2021-09-30,156.09054565429688,160.49639564057807,156.00482348656868,158.79062390597167,2902800
2021-10-01,155.56765747070312,156.78483627983502,153.28758404487786,156.76768923199788,3014500
2021-10-04,152.9361572265625,155.7476717101491,151.83041449562486,154.71907108336293,3512500
2021-10-05,154.00762939453125,155.18194732423777,152.25900951820304,152.98759568360333,2491800
2021-10-06,154.8905029296875,155.29337358094227,152.4304310170452,152.91901075789391,2119200
2021-10-07,155.66197204589844,157.73632047466864,155.2933823936908,156.84485695260884,2518400
2021-10-08,157.28199768066406,158.14773395471727,154.01617170013552,154.89048803787983,2781700
2021-10-11,155.78196716308594,157.9934657235456,155.60195583913494,157.97631867379627,1780200
2021-10-12,155.99627685546875,156.6477209453557,154.83052585084022,156.02199089326902,2615700
2021-10-13,157.77056884765625,158.51630190401826,154.86476563570207,156.15908648466603,3780400
2021-10-14,164.07933044433594,164.38791188656282,160.51350335179538,160.83923184063605,4106400
2021-10-15,166.07655334472656,166.2994126561272,163.47076440458696,164.54222603906908,3153400
2021-10-18,165.76797485351562,167.67089179694463,165.49368747142304,165.83654996888023,2305000
2021-10-19,166.1107940673828,167.07083235296383,165.4764973044295,166.20508319151946,1974500
2021-10-20,167.37945556640625,167.61946192791876,165.60510880876103,166.98515192714095,1952000
2021-10-21,170.95384216308594,171.43385486400672,167.5165850022689,167.6708822729164,2997300
2021-10-22,174.69967651367188,174.99969100655468,170.36240185965417,170.46525799236105,3735900
2021-10-25,174.77684020996094,176.19974459193818,173.01107329035017,174.0225400112937,4829700
2021-10-26,186.92294311523438,188.7829992012181,183.14282280531546,183.44282425697043,6596500
2021-10-27,181.89993286132812,186.417206399043,180.42560037620098,186.10862487705435,3309000
2021-10-28,183.34854125976562,183.46854446033475,180.819893982465,182.8256673688498,2236400
2021-10-29,182.9799041748047,185.2085492535262,181.93415673872067,182.35417434152936,2362000
2021-11-01,180.7770233154297,184.17141993354147,179.91985390553316,184.17141993354147,1868400
2021-11-02,179.26840209960938,180.77701548712662,178.66838615453813,180.77701548712662,2206700
2021-11-03,182.3542022705078,182.45705840149435,177.7683412666625,178.97695312321673,1765800
2021-11-04,180.62271118164062,183.03135475845704,179.84268400015222,182.70562624764534,2451900
2021-11-05,178.4798126220703,181.47133852168685,177.48549298399314,181.30847424380232,2117800
2021-11-08,179.40553283691406,179.91125957283253,177.66548024566788,178.94265410148355,2166100
2021-11-09,179.97129821777344,180.11701545049112,178.29980737562371,179.65413663657145,1552900
2021-11-10,181.41128540039062,182.53417493762944,179.53408279657634,179.91123932986406,2415500
2021-11-11,182.82562255859375,185.5685746067976,181.95988632949027,183.0913560112791,2113700
2021-11-12,182.7399444580078,184.35999408291906,181.71991079058836,182.29421271271383,1600300
2021-11-15,181.30844116210938,182.91991043805345,180.71699229428376,182.45704480374383,1378300
2021-11-16,181.60845947265625,183.35709220826092,181.29987799457106,181.35988612501038,2302800
2021-11-17,178.16265869140625,181.94276567077537,177.85407719519583,181.71133935814254,2542300
2021-11-18,177.83692932128906,178.69409868685972,176.10544354061375,178.5140873651686,3919400
2021-11-19,179.57696533203125,181.472052267282,177.70771947568036,178.9395213831978,2677600
2021-11-22,181.6529541015625,182.8761467051053,178.87060857869957,179.62003930345216,2220500
2021-11-23,182.4540557861328,183.79784448762297,179.6200412189119,181.78216143538774,2345300
2021-11-24,179.57696533203125,182.61772162646233,179.396064635745,181.41176079784475,2518700
2021-11-26,176.84629821777344,180.49003457808752,176.3983643196967,177.5784839565676,1941000
2021-11-29,176.2777862548828,177.44929670060748,173.57297711248742,175.86431584579978,3435100
2021-11-30,170.8767547607422,175.29576271486303,170.64418507977786,175.29576271486303,6267600
2021-12-01,167.2416229248047,174.13285663821796,167.11241755027226,173.03888274988296,2938400
2021-12-02,172.1947021484375,172.8235367066864,166.95737594111444,168.21501876964112,2423400
2021-12-03,172.90968322753906,174.54635930067406,170.35131137884815,173.17671646023294,2606400
2021-12-06,174.0553436279297,176.25192713178362,173.4695950370278,173.9950521642714,3006700
2021-12-07,176.92384338378906,177.35454556965388,175.19242532844805,176.0107568527937,2250600
2021-12-08,176.3466796875,178.73277314810946,175.20101045397976,177.46650784495472,1615500
2021-12-09,177.91445922851562,179.07736042765256,175.5197560448599,175.76957068182438,1931500
2021-12-10,180.12823486328125,180.77428802072538,178.60354573139728,179.17207566450455,1887900
2021-12-13,177.71633911132812,180.30917475946146,177.1219679741283,178.2676373998636,1909700
2021-12-14,175.50253295898438,178.43991190277535,174.93400291412635,176.76017599204732,1930500
2021-12-15,177.2511749267578,179.55112293993471,176.1744195005147,178.00920180892174,3703400
2021-12-16,179.14625549316406,182.4712766572115,179.01705010419315,179.04289118198733,2932600
2021-12-17,177.95751953125,183.07426341633786,177.79385060353368,181.58403758774074,5625800
2021-12-20,174.37405395507812,177.44066408974,173.50404040470758,176.61371023617133,2936400
2021-12-21,178.39683532714844,179.23239854751074,175.47667528344488,175.9504371320329,2317000
2021-12-22,179.55111694335938,179.66310371002447,177.91444086373858,178.58634831974237,1716500
2021-12-23,182.7813720703125,183.66861740677749,180.21439105529666,180.21439105529666,2573900
2021-12-27,185.29669189453125,185.7273940733439,183.13457168872728,183.38437316908417,1807200
2021-12-28,184.92628479003906,186.19255027194635,184.1079532631435,184.82292047118545,1375400
2021-12-29,184.85736083984375,186.35619585133256,184.17684410870842,184.7970562320783,1154900
2021-12-30,184.25437927246094,186.06333360678835,183.50496171817605,184.96073712582262,1207000
2021-12-31,184.6333770751953,185.56369520863726,182.39373399304418,183.59969464158823,1579900
2022-01-03,183.90980529785156,185.7618191568399,181.64430793986352,184.90041491656893,2319600
2022-01-04,187.17454528808594,188.35467818461422,183.99597427991372,184.68508724420826,2741200
2022-01-05,184.8229217529297,187.76892315657682,184.53004741815496,186.75247229683353,2710800
2022-01-06,186.61460876464844,187.03670156217873,183.76336291370134,185.25358852655575,2102200
2022-01-07,187.92396545410156,189.03517121899836,185.3569711735416,187.22623007335395,3014000
2022-01-10,182.38514709472656,187.12287122103243,181.42037838780948,186.9678247405584,2853800
2022-01-11,181.98890686035156,182.18702618723626,179.20656125207154,182.18702618723626,1771700
2022-01-12,181.94583129882812,183.87538181114832,180.9810626146618,182.5488117264321,1865700
2022-01-13,181.2997589111328,184.0304088871161,180.83459324174308,182.2386864168459,1828500
2022-01-14,177.91445922851562,180.17134769741958,177.0186044346827,179.37023476948372,1921600
2022-01-18,177.09609985351562,177.48372914433335,173.58156887172865,176.17440412397065,2339700
2022-01-19,175.51971435546875,178.52601973323328,175.26130361169425,176.6309331296389,1701700
2022-01-20,174.25347900390625,178.30208993681376,174.09843253106496,177.19949342776277,1706800
2022-01-21,173.96058654785156,176.19162041219826,172.62540732473005,174.49466612349167,2570400
2022-01-24,175.8384552001953,176.432826240606,169.08503583539792,171.42805646612612,3660900
2022-01-25,173.95196533203125,175.3302041583589,169.85167294954314,172.32391192839182,3817200
2022-01-26,171.41946411132812,177.48374489754036,169.8861654336101,175.14073717903963,3074700
2022-01-27,167.827392578125,173.7796991347031,167.04351155152216,172.79769880976724,3371000
2022-01-28,170.77340698242188,170.85955267229022,166.02707389598152,168.66296902051593,3066200
2022-01-31,174.18455505371094,174.4257471864842,169.60187824304853,170.70447460543633,4626700
2022-02-01,198.71737670898438,201.32743090500978,191.24037992404965,193.82459304043024,19125300
2022-02-02,199.9405517578125,200.1128299882906,194.41894706347952,198.68289570174812,5474000
2022-02-03,196.99453735351562,200.00945218746844,195.7368813822845,197.98514696993448,3503300
2022-02-04,193.6350555419922,196.24512251152564,192.0242338008351,195.78856616663458,3623100
2022-02-07,193.86764526367188,196.01254665392293,190.83549851603672,194.2380559391547,3295900
2022-02-08,193.9882354736328,195.14251402004095,192.23097657790595,193.59199687721727,2759600
2022-02-09,193.8762664794922,198.4244799998825,193.4714054187314,196.28818793425512,2130300
2022-02-10,190.0946807861328,193.04069484452825,188.8801108009185,191.75719779906325,3379500
2022-02-11,183.90121459960938,190.60293921566867,182.7124724216495,189.7329124327903,3821000
2022-02-14,184.33189392089844,185.14160284741524,182.37650265957794,184.0734700258893,3641400
2022-02-15,187.1487274169922,189.05243704849656,185.8049385683956,186.03752145188008,3149000
2022-02-16,185.46896362304688,187.7775340552723,183.90982389354468,185.93412932045948,2226700
2022-02-17,181.50648498535156,184.63337329723177,180.65369009448332,184.40080362661908,2815600
2022-02-18,181.65402221679688,182.99890322548654,180.0835534750955,180.64752942737164,2823900
2022-02-22,181.3155975341797,182.68650711177125,179.31996933288843,181.10735357978277,3558300
2022-02-23,177.4197998046875,183.04226789911377,177.1508262819233,181.74944472898179,2836000
2022-02-24,179.7711944580078,179.97075334681873,172.70841442074038,173.62813557034008,3347000
2022-02-25,182.16595458984375,183.58892224254498,179.49354934169858,179.81459384909402,2657100
2022-02-28,182.57373046875,183.01623403514984,177.47186545605473,178.886161030273,3536700
2022-03-01,178.37425231933594,182.73859838136968,176.82112734121645,181.74946258527143,2986100
2022-03-02,183.47610473632812,185.13333173531785,178.51306912798378,178.65188520720542,2854200
2022-03-03,184.31771850585938,187.62352698013584,183.7884565739363,185.57584095099617,3019500
2022-03-04,182.54771423339844,183.25051951542173,179.65839333214092,183.14640413719417,2442900
2022-03-07,174.55653381347656,181.33299676244496,173.65416961312988,179.9967875794676,4043100
2022-03-08,176.49142456054688,180.87312760657986,172.25722271145443,175.34610245795886,4001000
2022-03-09,179.41546630859375,181.58462516544347,179.00766338434642,181.34168043263588,3097600
2022-03-10,179.7624969482422,179.92735511264468,176.881861343317,177.43716539001903,2284100
2022-03-11,176.9165802001953,181.4891704965812,176.75173525837758,180.40459113478624,2006600
2022-03-14,177.2636260986328,181.26355469530935,176.35257692785984,178.38290600135932,2237200
2022-03-15,182.66917419433594,183.2765359252786,179.21587757598226,180.03148328874508,2865400
2022-03-16,189.06382751464844,189.15927100709706,184.38712286364847,184.46522262255462,3022000
2022-03-17,192.89895629882812,193.11587217452967,186.3394090964381,187.41531660613575,3520200
2022-03-18,190.69505310058594,191.92713348885496,188.14412069184198,191.73624648959574,6278200
2022-03-21,189.6365203857422,192.44775471323894,188.2395817099713,189.3154891477896,2244600
2022-03-22,189.51504516601562,191.23301505374926,188.52590938344252,190.5215379242811,2182100
2022-03-23,186.18321228027344,188.90767480210306,185.87085292951303,188.69943082176525,1939300
2022-03-24,186.25265502929688,186.9467884956131,185.08998908592665,186.3307415688901,1882500
2022-03-25,186.851318359375,187.01616328408952,184.00538346845994,186.11379917407686,1754200
2022-03-28,190.4954833984375,190.747099934335,187.47601877020986,187.72763530610737,2353200
2022-03-29,193.01173400878906,194.33058617490852,191.3111210414845,192.5865873867098,3034800
2022-03-30,191.0594940185547,192.88159260681164,189.64521156107304,192.62129091713294,2200200
2022-03-31,186.07907104492188,191.6060818481454,186.07907104492188,190.1484006673832,2858600
2022-04-01,179.29397583007812,186.72985799515058,176.76040012995654,186.46087120289823,3993600
2022-04-04,178.05319213867188,178.97291312104082,175.77990528317497,177.68876190085464,3204600
2022-04-05,171.1118927001953,175.4415242832328,170.07068610307584,173.74958342215143,6270700
2022-04-06,168.6650848388672,170.860272143215,167.67594910979145,169.6976063850807,3911700
2022-04-07,167.19873046875,168.70846951427694,164.4395672787612,168.70846951427694,3627900
2022-04-08,165.6976776123047,166.46122562737227,161.42877534891272,163.7541068646293,5465800
2022-04-11,165.58485412597656,168.50020322262603,163.67599759305517,164.63910434568464,2787300
2022-04-12,163.0252685546875,166.70416597574155,162.07951866759674,165.7063451657579,3428800
2022-04-13,163.87554931640625,164.89071370244935,161.96669286642376,162.6521542293226,2296000
2022-04-14,163.13807678222656,165.97532657835146,162.981890485109,165.8278253885416,2624300
2022-04-18,162.39187622070312,163.8148435891299,161.09905305934598,162.86040860564583,2552600
2022-04-19,165.45474243164062,166.15754769521791,162.82572328444755,163.33764153328863,2448800
2022-04-20,165.2291259765625,167.2247543365992,165.07295292796005,166.5740068217715,2526000
2022-04-21,163.81483459472656,166.18355170978148,162.95584315675458,166.18355170978148,2618200
2022-04-22,162.38319396972656,165.67164554743474,162.20099207662474,163.34630083745603,3964200
2022-04-25,164.543701171875,165.15106295759264,158.93858928769467,161.9320388735422,5354900
2022-04-26,158.82577514648438,162.61745966056444,156.8995614954274,161.98406913695308,7811800
2022-04-27,161.73245239257812,162.54805810653576,157.86268104440785,158.40931322280346,3978600
2022-04-28,164.994873046875,165.5848777957847,161.4895055450837,163.32896093058025,3176700
2022-04-29,156.1620635986328,163.5892605920858,155.79764653936454,161.51554548181332,4853500
2022-05-02,154.94735717773438,157.03842949492355,152.03200714216834,156.42238255369747,5026600
2022-05-03,154.54818725585938,156.14469783632236,153.18596271976165,155.5199791829872,3266300
2022-05-04,159.47653198242188,159.832277145902,153.58509021476195,154.49613941217757,3920500
2022-05-05,155.99720764160156,159.07741557237352,154.28792280580612,157.61106220671488,3249700
2022-05-06,156.11000061035156,157.09046450953366,152.41375921511883,155.43322420332998,2826600
2022-05-09,157.42015075683594,159.311663690557,153.43757927112085,154.1924553669987,3925400
2022-05-10,157.9233856201172,160.08387190966758,155.91041373592375,158.9559070206715,3510200
2022-05-11,153.97552490234375,158.52207182162772,153.49830747087566,157.2899916055131,4934100
2022-05-12,155.008056640625,155.10350014145018,150.27062202746473,152.83022633569522,5352400
2022-05-13,155.8043975830078,156.7057721210764,153.80040388569483,154.77177539172862,3598100
2022-05-16,157.318359375,159.2348503519213,154.75428288689065,155.61189937948944,3003600
2022-05-17,160.26747131347656,160.81879428945123,157.82592293278262,160.14495658027155,2640900
2022-05-18,150.72003173828125,157.6421477028491,150.09871177487273,157.0645725105587,4275300
2022-05-19,146.4844970703125,149.8274199075994,144.6905209240415,148.90855277384068,4382900
2022-05-20,149.6786651611328,149.8274454693744,145.75817985508016,148.05972122364238,3483300
2022-05-23,152.61024475097656,152.84652789936976,150.03742237743563,151.1225622505169,2837700
2022-05-24,152.365234375,152.90779770284146,149.09232178220176,151.2100840411521,2865100
2022-05-25,152.1464385986328,153.19656664052474,149.73988904912517,150.40496702659948,3370100
2022-05-26,156.10195922851562,157.54588384397638,153.57289456574856,153.57289456574856,2628400
2022-05-27,159.73365783691406,159.75116375722263,156.27697967328643,156.3382303647093,2959800
2022-05-31,159.48863220214844,161.5538901957902,156.37324596750864,157.66840368630275,8734300
2022-06-01,157.7209014892578,161.0113200871659,156.9508145997703,159.47987923853236,3253800
2022-06-02,161.0813446044922,161.0988371729252,157.70342281523293,159.43613516060358,2317800
2022-06-03,162.32395935058594,162.36770411436615,159.33108842862453,159.59361042371566,3802200
2022-06-06,163.7416534423828,165.29060018615618,163.24283487877108,163.5403821015187,2649200
2022-06-07,162.34144592285156,162.77900036932337,159.45359725861925,161.7638842018663,2984000
2022-06-08,157.02957153320312,160.3637349083061,155.7606660694882,159.74240160164464,3592200
2022-06-09,154.50048828125,158.74475869029763,154.44798388058058,156.64450254490322,2891600
2022-06-10,151.43760681152344,153.14406659727246,150.37871910425702,151.65638404951954,3220600
2022-06-13,151.1488494873047,153.03908840641526,148.33099703004882,149.49489377135933,4302900
2022-06-14,152.4089813232422,155.74314436033018,150.55374122790917,152.31271880247914,3925500
2022-06-15,153.9141845703125,157.5896399236212,151.77891634372332,153.23160057697393,3465100
2022-06-16,150.68502807617188,151.6476400104946,149.41612263591213,149.76616091146508,3355500
2022-06-17,149.70492553710938,152.01521311017467,148.29599930125212,150.0462175642745,7578300
2022-06-21,152.70654296875,153.14409753313038,150.88631437855497,151.07883945513078,2845800
2022-06-22,154.15048217773438,154.72805746174498,150.84257042837444,151.28012503387822,2671000
2022-06-23,156.3207550048828,156.65328740872133,153.3541354584993,155.2181089068477,2923600
2022-06-24,160.40748596191406,161.56262292416204,158.1934612105935,158.1934612105935,4826400
2022-06-27,159.1035614013672,161.8601626982205,158.43848338416902,161.76390017636652,1902300
2022-06-28,157.4496307373047,162.14021613881815,157.0908327945688,159.93493742498202,2380800
2022-06-29,158.50851440429688,158.937309314194,155.48063106493072,157.80842445876257,2101000
2022-06-30,159.74240112304688,160.9238036892687,155.39312140186536,156.56576433154493,3728200
2022-07-01,161.8863983154297,162.86651599891746,158.8410097649893,159.07729290408082,2962500
2022-07-05,161.57138061523438,161.86891447356894,159.03355647710606,159.52361538568152,2471800
2022-07-06,162.0439453125,162.73528895734322,159.89118447241944,161.70265330843333,2005000
2022-07-07,162.93653869628906,163.65412109678115,160.17119118986892,162.7090018216843,2961800
2022-07-08,162.24522399902344,163.03283021156753,160.22372408710598,162.5165190403109,1938200
2022-07-11,161.58013916015625,163.48788388828945,160.77504041309894,160.77504041309894,2275900
2022-07-12,156.9683074951172,159.69865683679097,155.82191676538085,158.85854626555954,4207600
2022-07-13,155.69937133789062,158.39470830815858,154.22043518459438,156.14567206247096,2414400
2022-07-14,156.01446533203125,156.1894844994179,153.25787672464878,154.83306258423502,2487000
2022-07-15,159.78616333007812,159.97868839546578,158.01845260694384,158.01845260694384,5014100
2022-07-18,157.58966064453125,160.93257072413374,157.2833670943552,159.55865627338986,2289200
2022-07-19,162.60403442382812,162.72654917477166,158.60479241915925,158.61353870383152,2710800
2022-07-20,163.51412963867188,164.08294517403348,161.25634671070466,162.6390205977437,1754800
2022-07-21,163.65411376953125,164.64299111878523,162.6214916569069,163.6016093710049,2320100
2022-07-22,164.50302124023438,165.64941213875503,162.47277486992527,165.08059650842395,2255200
2022-07-25,164.44174194335938,166.20945257952084,163.61039103087296,165.36060910057245,2816100
2022-07-26,158.85853576660156,160.8800354209302,156.34697720856943,156.86328831403534,4961000
2022-07-27,160.93252563476562,161.9214029909715,157.5721105744321,160.04867042945313,2739300
2022-07-28,164.73049926757812,165.45684123545277,160.84501373008072,161.59760789593025,2452500
2022-07-29,170.5500030517578,171.2850914525961,164.50299628203535,165.00181485245704,4093100
2022-08-01,170.94381713867188,171.36387914240763,168.82605461065106,168.96607527856295,2086100
2022-08-02,169.35984802246094,170.6200071511067,167.9684278817079,170.2262107616809,2075100
2022-08-03,169.2635955810547,170.94380340165895,168.68602038716125,170.37498784449724,1916700
2022-08-04,170.22621154785156,170.33122035802236,167.6708947932313,168.63350671037298,1627300
2022-08-05,172.1864471435547,172.31772150931323,169.2898384040769,169.2898384040769,1785900
2022-08-08,171.60012817382812,174.18169716706973,171.18007957417052,173.14907491101476,2102500
2022-08-09,172.09017944335938,172.86027963605986,170.83877998332468,171.93266623290896,2022400
2022-08-10,177.0958251953125,177.35836059726967,174.1554580702237,174.8205495355959,2791400
2022-08-11,178.8985595703125,180.1849711066445,176.55327342574643,177.9621997106288,2730600
2022-08-12,180.6442413330078,180.73241316546458,177.77001986689703,178.5723243484692,1883100
2022-08-15,181.51708984375,181.71986890994998,179.2335685860229,179.71848674705114,1618200
2022-08-16,181.9314727783203,183.12171176719218,179.66558858294192,180.08878377099865,2296000
2022-08-17,180.72357177734375,181.728668693216,178.4048034658123,178.5282359483534,1767300
2022-08-18,183.4302978515625,183.58017919886584,179.86836581672605,180.20340262430545,1913900
2022-08-19,183.7653350830078,184.61173896754934,182.27533329913442,184.18854375184526,2704300
2022-08-22,181.97552490234375,183.06879359019794,180.8910814684025,181.18203233177815,3593500
2022-08-23,180.9792938232422,183.07764639545087,180.24751060051233,182.14308408427158,2088000
2022-08-24,179.0131378173828,180.82055256799904,178.86325648044235,179.77136975628434,2024000
2022-08-25,180.7412109375,180.77647159586593,178.54586162981465,179.57740741444798,1984400
2022-08-26,175.38954162597656,181.35841504813592,175.33664389970164,180.6354570338206,2203900
2022-08-29,173.9259796142578,175.91853676948244,173.85544483179842,174.81645601818104,1928000
2022-08-30,171.9686737060547,174.93106714144656,171.58955095273942,174.27863052927768,2238000
2022-08-31,171.4925537109375,172.96493178287741,171.06054672435852,172.11854141312065,2627700
2022-09-01,173.34408569335938,173.76728095437701,170.25825944828884,171.37797730980645,2343300
2022-09-02,172.850341796875,176.3064653000531,171.34268946142024,175.82154709548382,2665100
2022-09-06,172.77096557617188,172.98255642686195,168.6712179533434,171.73940636653214,3760600
2022-09-07,173.06192016601562,173.7760797173434,170.09071508231884,171.83640703936587,2902300
2022-09-08,172.9208984375,173.29119598967475,170.67265080709896,172.1362174084102,2166300
2022-09-09,175.1779327392578,175.81273229566585,173.81134998718125,174.1904727417935,1748000
2022-09-12,176.4827880859375,177.17931060127395,175.89207446276933,175.93616038007838,2382600
2022-09-13,169.9055633544922,174.28742332700892,169.40300815671583,172.94730303920255,2382500
2022-09-14,168.36265563964844,170.47864501818106,167.16359140431135,170.0201757200171,2608300
2022-09-15,163.10792541503906,168.5477935293702,162.7376279554997,168.1598590137198,4041800
2022-09-16,155.79891967773438,157.58869730630798,152.7042690707195,156.6453099551294,12562000
2022-09-19,158.72607421875,159.0522858103152,154.8643790300494,155.44628088511217,3018000
2022-09-20,154.89085388183594,157.57112220470648,153.9827402828277,157.25372236260696,2827400
2022-09-21,153.25975036621094,158.32932152954896,153.20685264570352,156.1251601541846,3162900
2022-09-22,147.99620056152344,151.51404668961092,147.87276807210628,151.49640963308494,5238500
2022-09-23,144.8839569091797,146.05657253525243,142.7415047643595,145.36887516855342,4252800
2022-09-26,142.60923767089844,144.54889694550195,141.16330838039764,144.0110810442901,4163600
2022-09-27,145.2718505859375,146.4356406273982,143.27046858103637,144.18739366057716,3371200
2022-09-28,147.34375,148.2783121100846,144.94562175937898,145.7214907352067,2958100
2022-09-29,145.75677490234375,146.982287962926,144.3725552434225,146.63843936184557,2494900
2022-09-30,142.42405700683594,145.75676071627214,142.4064334056162,145.43936100361776,2823300
2022-10-03,143.7906494140625,145.08669720921017,140.55494255336853,141.62176243864138,3494500
2022-10-04,148.90432739257812,149.12474353315883,145.44820392264864,146.00365690191478,3414500
2022-10-05,148.0579071044922,149.77716357322004,146.96465177823237,147.28205152366021,2811400
2022-10-06,146.00363159179688,148.498730031881,145.22776260644898,147.564167910329,2375000
2022-10-07,140.30807495117188,144.60177636209843,139.60274072610147,144.55770390370077,3491000
2022-10-10,140.83709716796875,142.65332395117028,139.65565647084884,141.9832502969252,3141700
2022-10-11,140.54615783691406,142.15078042152928,139.7085791532372,140.5197089750289,2164600
2022-10-12,140.6078643798828,142.59160969798046,140.17585734283617,140.97816189155162,2229200
2022-10-13,144.293212890625,145.3159469223083,136.5433745312087,137.63664333609077,2574100
2022-10-14,142.54751586914062,145.9683785773309,142.37118565238646,145.09553929580116,1936400
2022-10-17,145.227783203125,146.46210817020602,144.3549304708178,144.79576273808004,2274700
2022-10-18,147.22914123535156,148.780865717635,145.13958748425483,147.6611481761723,2282500
2022-10-19,146.17117309570312,147.4407723154688,145.17490121188433,147.04402592257566,2129900
2022-10-20,141.93031311035156,145.6685745291984,141.34842490549042,145.17484468113227,2832600
2022-10-21,145.9595489501953,146.39155591051542,141.97442196318406,142.50342600197664,3161000
2022-10-24,147.72288513183594,150.08573946181346,146.8588577152311,147.2820528953656,4471300
2022-10-25,147.23797607421875,154.11496207849152,146.81478086794854,151.89316370259013,7698800
2022-10-26,148.99249267578125,150.33261306530295,145.92429044761394,147.67880769258204,4819800
2022-10-27,146.78831481933594,150.4560285994069,146.43564097779833,149.82122913777064,3325300
2022-10-28,147.38784790039062,147.69643584627931,143.26166463647812,145.79203736148943,4771600
2022-10-31,147.91685485839844,149.6978074371778,145.84493793118924,146.47092563679257,2908900
2022-11-01,147.59066772460938,149.60086219603693,145.2983475403664,148.96607597891824,2454500
2022-11-02,145.10435485839844,150.4207910774537,145.07790599785656,146.48856122158,2824000
2022-11-03,144.60179138183594,146.28577382398748,141.1280445145121,143.12060146315568,2671800
2022-11-04,146.08299255371094,146.7618779827821,143.36746429055884,146.3651181969159,2400900
2022-11-07,149.11590576171875,149.51265205504285,145.80966422879916,146.259308234149,2624400
2022-11-08,148.816162109375,151.0467859271776,147.81106500218502,149.70665196654625,2715600
2022-11-09,144.60179138183594,149.08064870514923,144.4871841437139,148.28715602773235,2687100
2022-11-10,153.3496551513672,153.376351427276,149.06027243560794,149.06027243560794,3338900
2022-11-11,158.5734100341797,159.2853422987112,153.5187031770866,153.69669642745336,3851400
2022-11-14,158.2174530029297,161.51013835971514,158.1551662222284,158.5022313689353,3082500
2022-11-15,161.4923553466797,161.57244417943866,158.45775172387428,158.82261895619595,3105000
2022-11-16,157.56781005859375,160.58461107120027,156.53550892214966,160.50452225345347,2713500
2022-11-17,156.6779327392578,156.70462901774306,152.7178263424907,155.7346280221607,2517400
2022-11-18,159.26754760742188,159.49891983300563,157.300836163533,158.8581821232577,3003000
2022-11-21,160.7270050048828,160.84269790881862,158.31533753801477,158.53781553544258,2465600
2022-11-22,162.6225128173828,162.75599417680235,160.60240891130297,161.49232085137604,2210300
2022-11-23,162.7115020751953,163.68150286794796,162.5958227522754,163.17426010381217,1583500
2022-11-25,162.42674255371094,163.64591765227755,162.15087200547873,163.4323338831722,912400
2022-11-28,160.10406494140625,162.21315195396417,158.79589326605338,161.047369452019,2043000
2022-11-29,164.5358123779297,164.80278866653254,162.1864454803853,163.73489709109927,3671400
2022-11-30,168.84298706054688,168.84298706054688,163.68149513901972,164.41122944118797,7146900
2022-12-01,169.25234985351562,170.50712891682414,167.6505056853535,168.70950304038786,3934700
2022-12-02,168.54043579101562,169.49264816392122,166.04867943597955,166.67161512999363,3661500
2022-12-05,161.21644592285156,167.38352898134303,160.70918961294367,167.34793847946196,5004700
2022-12-06,155.82359313964844,159.73030618894143,154.73789943766005,159.3120464719961,5598200
2022-12-07,155.44091796875,157.55891274537248,154.8357843634171,155.2006379412308,5124300
2022-12-08,159.85491943359375,160.6736369594979,155.60114056042795,155.85031486922566,3109600
2022-12-09,158.0839385986328,160.308718197003,157.84365859989526,159.52559143310404,3487100
2022-12-12,162.4356231689453,163.1386611964552,158.42212526117288,159.00945681376461,3214500
2022-12-13,163.61033630371094,167.82851074252903,161.90169321319948,167.29457165835194,3863700
2022-12-14,164.01968383789062,166.63602737491865,162.6759215629796,163.21876844364854,3188900
2022-12-15,161.26095581054688,162.23095660943093,159.65911153134707,161.5190243099,3478300
2022-12-16,158.58230590820312,161.86608315840735,158.0661553505443,160.50451896866102,8241400
2022-12-19,158.78700256347656,160.14858050978717,157.12287135429088,158.41324112724675,3690200
2022-12-20,154.51541137695312,158.02166652260595,154.37302221046468,157.80808277287326,3062200
2022-12-21,157.22964477539062,157.4877268581965,155.09386141875552,156.93598576651132,2833000
2022-12-22,156.2774658203125,156.32196414150624,153.70562037149534,155.55663918550974,2626400
2022-12-23,157.52328491210938,157.68347609929495,154.9870443959648,156.5532842962398,1897600
2022-12-27,157.45211791992188,158.24415260695784,156.2863354149258,157.59450709370222,1294200
2022-12-28,154.4976348876953,157.93269601820498,154.2840511026395,157.51443625933348,1455900
2022-12-29,156.40203857421875,156.98938377035165,155.21845395012545,155.54771705448184,1369200
2022-12-30,154.7023162841797,155.6011361961873,152.96699040408822,155.07607773689315,1670900
2023-01-03,155.98377990722656,156.4732342406997,154.53321894956434,155.08497364319769,2206500
2023-01-04,157.6123046875,158.28863287540275,155.91256961828208,157.02495954646471,1965100
2023-01-05,154.7023162841797,156.54444085003288,154.24846600138068,155.6278324728825,2736800
2023-01-06,159.24974060058594,159.77478539168226,155.10274765817567,156.29523999018022,3690100
2023-01-09,161.68809509277344,163.4234205799294,159.27642787186997,159.4900116160499,3214600
2023-01-10,159.0895538330078,161.57240205407444,157.7457781762671,161.34992407953888,2324200
2023-01-11,162.1686553955078,162.3733449266144,159.2853492871723,159.76589577890184,2674700
2023-01-12,162.80938720703125,163.4768211640803,160.78928329491552,163.27214521936594,1832200
2023-01-13,162.0974578857422,163.07636647214608,160.8693886161378,162.1241541581915,2078100
2023-01-17,159.2942657470703,162.30217298745652,159.17857282890745,161.62583110155796,2703300
2023-01-18,157.26524353027344,160.67360798546588,157.0338713078218,159.11626204682327,3085100
2023-01-19,156.75799560546875,157.71020797696772,154.54212338439336,156.76690341614275,2711600
2023-01-20,158.52000427246094,158.57339681152743,155.84136087815503,157.283027327837,2296400
2023-01-23,160.611328125,161.70592975841723,157.70132540518134,158.8582002440427,2240100
2023-01-24,160.17526245117188,161.41223956239466,157.9415746868851,157.9949672331426,1958400
2023-01-25,157.9237823486328,158.4221308734456,155.6545041355227,158.4132230633018,1722000
2023-01-26,159.91717529296875,159.98836987871053,156.66900209499994,158.96497656400223,1627000
2023-01-27,162.04408264160156,163.59253450387692,159.1162779589152,159.8282103178572,2831600
2023-01-30,157.4877471923828,161.83052263443926,156.97159653910717,160.8160233722026,4593300
2023-01-31,164.83839416503906,165.59482478840363,159.08957031179403,159.08957031179403,6872100
2023-02-01,164.61593627929688,165.37236699507784,160.89611022319812,164.34895993378706,4005200
2023-02-02,170.23126220703125,172.3848612180625,165.54143569701284,165.55032992866913,4995900
2023-02-03,170.56053161621094,171.0855764201318,166.6360165652519,168.24675506008177,2766300
2023-02-06,167.97979736328125,169.59944384780624,167.46364673345397,169.08329321797896,2243300
2023-02-07,167.56150817871094,168.38023908843894,165.33672839548478,167.18774680460632,2037800
2023-02-08,165.843994140625,167.48142889529603,165.52362529045206,166.1732572220048,1970000
2023-02-09,164.41127014160156,166.87633060565008,164.24218466002318,165.55925084334572,2135600
2023-02-10,164.82949829101562,165.15876137887983,162.462329161396,163.2543502817299,2533900
2023-02-13,166.7783966064453,166.82289491835311,163.04966347961218,164.41122763432514,2481400
2023-02-14,166.20889282226562,167.16109174316,164.60704826765007,165.7016363887284,1876400
2023-02-15,166.27117919921875,166.4491589095177,164.66044041569384,165.18548531371925,1750000
2023-02-16,165.12315368652344,166.21774150765944,162.96066073562008,164.76718078360838,2633000
2023-02-17,164.476806640625,165.19499578268687,162.80699085802954,164.38702614857738,2510100
2023-02-21,160.21249389648438,161.2089970866707,158.12073445407233,160.85886138605676,3994800
2023-02-22,158.5516357421875,161.09227000930954,158.08480188393102,160.13167088737592,2376900
2023-02-23,161.54116821289062,161.84639998384628,159.66487364024022,159.7456678680966,2341200
2023-02-24,161.7296600341797,162.61843748222887,159.57506547346293,160.49974689480686,2674400
2023-02-27,163.59698486328125,164.7281586732326,162.51968756217676,163.2827805705224,2925400
2023-02-28,163.8303985595703,165.01542140830335,162.60945804048254,162.67229341573702,3703000
2023-03-01,164.36007690429688,165.85931780845186,162.9865204562214,163.32765615210675,2307500
2023-03-02,165.79647827148438,166.19149049862955,163.1930085177791,164.1266762725911,2334500
2023-03-03,166.69424438476562,167.6009808202634,165.74263139979521,167.20596855512542,2499600
2023-03-06,167.43936157226562,168.480754947021,166.40695446535165,166.48774868445017,2419500
2023-03-07,164.53065490722656,166.97253613032854,164.01893080524968,166.25433335319644,2822300
2023-03-08,165.45535278320312,165.70672172536433,163.64189367311434,164.44986331597826,2277900
2023-03-09,164.1805419921875,168.4448549495423,163.83939257205373,166.64935475697186,2497400
2023-03-10,162.97756958007812,165.4733278046123,161.1730965619641,164.0099905564626,3442600
2023-03-13,163.59698486328125,165.06032180227373,159.98803958951012,160.76010516670772,4435900
2023-03-14,166.1376190185547,168.62439044711354,163.62391618487533,166.21841323391612,4892100
2023-03-15,165.5092010498047,166.03887029575446,162.46582890464026,162.86981369055826,4306700
2023-03-16,168.7052001953125,169.4682932735272,164.782036570998,164.782036570998,4710200
2023-03-17,167.6907196044922,172.31414040998797,166.49672413694114,170.52761294513397,20535900
2023-03-20,164.72816467285156,167.71767403883885,163.00448618859002,167.2149224946727,3974300
2023-03-21,167.6907196044922,167.73560984504616,165.00645582144952,165.74260371193765,2965600
2023-03-22,166.5685577392578,170.2313800156619,166.37106530784223,167.43040391547416,2758400
2023-03-23,166.3441162109375,169.30669439124082,164.69225925293586,165.8862685743355,2901700
2023-03-24,167.0443572998047,167.34958902717418,164.9346392165008,166.16455239351112,2586700
2023-03-27,168.16656494140625,168.741124490379,166.55958449913953,168.22940032874473,2283400
2023-03-28,168.53463745117188,169.81842733179857,167.2957515178407,168.25633708715242,1850100
2023-03-29,171.89219665527344,171.91912805986652,169.54906856562664,170.14158686383115,2546100
2023-03-30,171.5510711669922,172.54757437150906,169.84535137841522,172.2692740195541,2075300
2023-03-31,174.15455627441406,174.27125447870827,171.40742931263816,172.3051794613207,2571200
2023-04-03,173.9121551513672,173.93908655920612,171.7575603327754,173.11315808879326,2735200
2023-04-04,171.12014770507812,174.95354448103484,170.5096705116901,174.7650109320031,2498700
2023-04-05,170.0338592529297,172.26926187810125,169.98898270790372,170.42887147892748,2718300
2023-04-06,169.29771423339844,170.17750548920455,167.45732380247134,169.07327671008,2206100
2023-04-10,170.80592346191406,171.0662786535329,167.68175705254066,168.25631654965048,2157900
2023-04-11,172.77198791503906,173.35553364484113,170.20442232021313,171.02137812278914,2844400
2023-04-12,170.4378662109375,174.19942771685112,169.69273196554275,172.81689855577997,3729000
2023-04-13,171.4702606201172,172.00891613291031,169.2617894559599,171.39843897183954,2355600
2023-04-14,173.14906311035156,173.28373384893789,170.79696215437303,171.47027475156503,2034900
2023-04-17,173.52610778808594,174.50466579101217,172.88871289935972,173.46327240543846,1920500
2023-04-18,174.27125549316406,174.76502081752977,173.15805406940893,173.7864764374288,2461400
2023-04-19,175.98594665527344,176.1565213618281,174.26226814972668,174.4148840191232,2652200
2023-04-20,175.04330444335938,177.5749662107312,174.2712388368466,175.842301456029,3336300
2023-04-21,175.2498016357422,176.40789322803226,173.81339600788885,174.94455619328232,3371700
2023-04-24,175.82435607910156,177.1350635055513,174.81886668915533,175.3844536148389,3689100
2023-04-25,158.2643585205078,164.28826769676408,158.2015231369998,163.99200852102234,12474900
2023-04-26,154.9247283935547,158.95561723881835,154.529716190772,157.31273304919668,5845600
2023-04-27,159.58407592773438,159.94318423882564,154.58361427069812,155.09532477845377,4679000
2023-04-28,161.42445373535156,162.02594469744582,158.46187547392086,158.75813466992196,3440800
2023-05-01,163.57008361816406,164.00998614743233,161.29877670919083,161.55014566917816,2807800
2023-05-02,159.65586853027344,162.2862833482406,159.5122252319821,162.22343426827106,3527800
2023-05-03,157.85140991210938,159.79952608629813,157.55515071991752,159.350651013022,3825200
2023-05-04,155.5711212158203,157.05241721817174,155.1850952173345,156.70229519917604,3495100
2023-05-05,157.77061462402344,158.26436624243775,156.02897715966887,157.26786303853282,2775300
2023-05-08,156.5586395263672,158.32720832078206,155.84942297412917,157.9232235151488,2589100
2023-05-09,155.31973266601562,156.02896288332707,154.5476670678797,155.19404820578788,2180600
2023-05-10,154.02700805664062,156.1905756230461,152.48287662008926,155.96613807353086,3233300
2023-05-11,152.82400512695312,154.1885891988423,151.8813647240127,153.99108306875647,3136500
2023-05-12,152.7242889404297,153.95696031238515,151.25596489081883,153.27717861086987,3346600
2023-05-15,153.0415496826172,153.10498879290233,150.69402599814185,151.87231722965757,3048400
2023-05-16,151.01126098632812,152.1170404837672,150.5943220650822,151.80887605469627,3458900
2023-05-17,155.31654357910156,155.68816094270323,151.10190202276718,151.9901463538918,3882200
2023-05-18,155.0264892578125,157.18366778845962,153.86632950104308,155.57032019450858,2747200
2023-05-19,154.92677307128906,155.4071648581119,153.5128293627063,155.1080592535742,2350100
2023-05-22,155.4524688720703,155.76064707650076,153.46751799317292,155.54311196105462,2675400
2023-05-23,153.8935089111328,156.13225777678713,153.40407216646324,154.61861216599394,2660500
2023-05-24,152.01731872558594,153.7756896254024,151.77259343793253,153.0415275926365,2410500
2023-05-25,155.19869995117188,155.96912479207472,152.42519265223353,152.79680999103115,2976900
2023-05-26,155.5068817138672,156.72142180314745,155.15338192245764,155.65189131139962,2291800
2023-05-30,153.86631774902344,155.75158066732968,153.10496555995576,155.61562985863696,2542200
2023-05-31,151.36474609375,153.37690130991493,150.7302858522106,153.23187787464994,5106100
2023-06-01,152.1170196533203,153.10496574486515,150.64869559688873,151.82697282083328,2524800
2023-06-02,154.2107391357422,154.93584235876435,152.20764303804026,152.9599364217838,2752200
2023-06-05,152.13514709472656,154.03852752036101,151.92667075295716,154.03852752036101,2314100
2023-06-06,151.8994903564453,152.869318930812,150.62149738338437,150.92060300453872,2521900
2023-06-07,155.4434356689453,155.59751788141347,151.27410183321012,151.68198197055065,3435600
2023-06-08,155.42529296875,155.5521850068518,153.74850631027593,155.42529296875,3676000
2023-06-09,154.52798461914062,155.33465836870627,153.68504809982235,154.99023120702844,2838500
2023-06-12,155.4434356689453,155.73348253725894,154.11106225679583,154.84522437569535,2795100
2023-06-13,156.70327758789062,157.14740661262283,155.08993011954095,155.27120247426225,3528000
2023-06-14,158.50697326660156,160.15656970762296,156.88455315764145,157.4011939008885,4476000
2023-06-15,162.24124145507812,162.5131569162932,158.99641496635317,159.03267773728578,4162900
2023-06-16,161.86058044433594,163.3923576495862,159.61277249359628,163.13857355015733,8469300
2023-06-20,160.6732177734375,161.95119694828148,159.93905569868593,159.93905569868593,3088200
2023-06-21,157.37400817871094,160.05687235172513,156.68515383494648,157.82719600268447,4935300
2023-06-22,155.3346710205078,157.2561830680689,154.9539948882662,156.0416429561273,4192700
2023-06-23,153.44033813476562,155.1352701200271,152.91465239259867,153.72132622273213,11278600
2023-06-26,156.57638549804688,156.8392283377654,153.37688072424183,153.37688072424183,3763100
2023-06-27,158.31661987304688,159.05985448232354,156.3225963760074,157.1564602445805,2711600
2023-06-28,159.2139434814453,159.59461957924046,157.40119225564322,157.8181172926689,2746400
2023-06-29,159.5674285888672,159.6943206208068,158.42538647121648,158.99640753004184,2301600
2023-06-30,162.4678192138672,162.83036390597692,159.12329118290975,160.05685690377618,4892900
2023-07-03,166.5646514892578,166.91813742770023,161.49800126465752,161.57051297385013,3330000
2023-07-05,163.12042236328125,164.68844832232304,162.05089193391217,162.57659145611808,4820200
2023-07-06,162.49501037597656,162.60377101824125,160.96323345651217,161.93306195068425,3011100
2023-07-07,162.93008422851562,164.70658661357047,161.3711169814864,161.43456991640036,3145300
2023-07-10,164.35308837890625,165.3500932357626,162.85756034833068,162.85756034833068,2372700
2023-07-11,167.89703369140625,168.132686386177,164.38029167448576,164.8969186134588,2896600
2023-07-12,169.030029296875,170.09954611108685,168.10552210089375,169.55572892477815,2586000
2023-07-13,168.00579833984375,170.2354886210465,167.97860817557748,169.16595811585634,2857200
2023-07-14,167.9151611328125,168.28677849775633,166.68248959875672,167.48010465908573,2213500
2023-07-17,165.63108825683594,167.22630439304314,165.3410414156012,167.20817300791734,2556000
2023-07-18,167.28977966308594,167.5888714915276,165.70362209255424,165.70362209255424,2387500
2023-07-19,168.60400390625,169.01187018663188,167.31695213050094,167.31695213050094,3018900
2023-07-20,169.4378662109375,170.58896715880445,168.2233261592767,169.15689197229005,2703600
2023-07-21,169.76416015625,171.7400524131685,169.25659201062672,169.41067420981986,5071500
2023-07-24,170.706787109375,171.62223536992192,168.33208732497584,168.45897936314537,2460200
2023-07-25,167.3985137939453,174.91236152320008,165.0872532200563,170.2264012743586,10006600
2023-07-26,167.12661743164062,167.79734043919376,164.70659593372008,166.09334967039146,4189100
2023-07-27,169.05718994140625,169.70070890735366,166.81844098172928,167.7882557345582,3251400
2023-07-28,170.29891967773438,171.89413583679845,170.11764731446263,170.75210750101112,2299000
2023-07-31,169.61007690429688,170.688666122149,168.76714037253726,170.22640569724402,2323100
2023-08-01,168.13267517089844,169.49223858198388,166.5646492425676,169.365346550157,2823500
2023-08-02,166.18397521972656,168.00578523443266,165.72171480286792,166.72779229282668,2008500
2023-08-03,164.50717163085938,167.2806787579205,164.28963650768424,165.26852381668124,3692800
2023-08-04,163.99961853027344,165.50420548546015,163.57362085223627,165.078207807423,4437100
2023-08-07,165.0963134765625,166.08427341226684,163.81833436465993,164.96036266578383,4411700
2023-08-08,163.64613342285156,167.07223242102054,159.54025265789994,165.92113142348052,6433400
2023-08-09,162.57659912109375,164.38935045684394,161.84243704294616,162.35000520412498,3249400
2023-08-10,163.49205017089844,165.18696827291964,163.08417004927816,163.22013469988337,3964800
2023-08-11,161.53482055664062,163.73898497665087,160.87631488796097,163.0439018621693,3558500
2023-08-14,160.51962280273438,161.3701984253948,159.6507654352433,161.07752304173903,2980700
2023-08-15,158.46180725097656,159.6507766584828,158.00451239851503,159.55017123272,2269300
2023-08-16,156.1570281982422,158.7544592275896,156.01069051772222,157.40087057160324,2500300
2023-08-17,156.1570281982422,156.89784351702167,155.525959162088,156.72406926584537,2986500
2023-08-18,156.61434936523438,157.45577023666928,155.30647880300882,155.30647880300882,2868300
2023-08-21,154.0991973876953,157.0624585805464,152.80048190907692,156.3125024108784,3512000
2023-08-22,152.60841369628906,155.8094771385954,152.1876963605817,154.56563478564948,2701000
2023-08-23,154.45591735839844,154.85833907063426,153.047441365573,153.38584905387953,2375200
2023-08-24,152.73646545410156,154.4010252493216,152.70902888213902,153.6784916395617,2207400
2023-08-25,154.44674682617188,154.88575989790056,152.59928581588565,153.12973552204647,2506900
2023-08-28,154.4193115234375,156.08387136748675,153.61448212971067,155.2058591723397,1967800
2023-08-29,157.0807647705078,157.2453842008706,154.5656433549684,154.87660047156245,3261200
2023-08-30,157.3185577392578,157.99535909162964,156.38568636163347,157.35514913967265,2713300
2023-08-31,154.9314727783203,157.94048037975793,154.84002219156704,157.33684789396116,3549800
2023-09-01,153.6510467529297,156.10214008581048,153.04741429135902,155.9558163617718,3286600
2023-09-05,149.96527099609375,153.6693619924362,149.6360181529626,153.19377145112878,4897500
2023-09-06,148.44705200195312,150.22135825317085,147.66050430158435,149.88296452987743,3883500
2023-09-07,148.3830108642578,148.757981966602,146.8099157509882,148.15436348099803,3013200
2023-09-08,147.2855224609375,148.54766074110088,146.88311470653113,148.54766074110088,3561500
2023-09-11,147.14833068847656,148.4196097649928,146.6453035814671,147.79769549125803,3638000
2023-09-12,143.1973114013672,144.5051679314591,141.85286346935987,143.9289719733043,6232500
2023-09-13,144.3588409423828,144.55091092785776,142.54795716811734,143.18816719381402,4071900
2023-09-14,147.00198364257812,147.13918045696195,145.44718410160414,146.11483060724305,2796400
2023-09-15,146.7825164794922,147.67881054207456,146.01425047031785,147.00200909165716,4382300
2023-09-18,144.90757751464844,146.4715179053825,144.57832470256815,146.2520253343488,2729200
2023-09-19,144.51429748535156,145.12707084189654,143.14241308712351,144.77953628410566,2348900
2023-09-20,144.17593383789062,145.80390254652463,143.910708939408,145.05394617611913,2300300
2023-09-21,142.15464782714844,144.30393886349142,141.97173270726435,143.59056012707313,3801200
2023-09-22,140.6455841064453,142.5296364031428,140.39864101298096,142.14551045527014,3206200
2023-09-25,141.1303253173828,142.11808380465934,139.7675956833731,139.86818714660777,2900500
2023-09-26,138.92616271972656,140.8559474459339,138.83471212773753,139.9322169203202,3461800
2023-09-27,139.39260864257812,139.74929803950664,137.68231654735612,139.45662265970364,3419500
2023-09-28,142.21868896484375,142.2735621103376,139.4108920724781,139.59382116483147,5571600
2023-09-29,142.55706787109375,143.8923747468304,141.81625257274814,143.1332637500421,5034600
2023-10-02,141.83457946777344,142.14553663204944,140.51756800080219,141.8985934931093,3243600
2023-10-03,140.61814880371094,143.00522818064877,139.95050231368714,141.08458446843505,3687600
2023-10-04,140.59072875976562,142.108950999855,139.42919594181473,141.21264305250708,2600400
2023-10-05,140.27976989746094,140.82851533336785,139.5663910619102,139.96879879936287,2922100
2023-10-06,141.09375,141.89857940672817,139.29200726300832,139.82247093763067,2383500
2023-10-09,141.15774536132812,141.5784626874994,139.5114814086364,140.34376123409842,1765800
2023-10-10,142.26441955566406,143.08754463939928,141.1028868195011,141.3132385265836,2083400
2023-10-11,142.0357666015625,142.8954830519735,140.36206597150206,142.47476569870844,2209800
2023-10-12,142.1089324951172,142.26441104805687,140.44437277153443,142.21867877824417,2340300
2023-10-13,141.83457946777344,143.92898384543466,141.37728459482688,142.78574666306824,2759600
2023-10-16,143.27044677734375,144.95330214793506,142.78571543447828,143.3527704426735,3349700
2023-10-17,143.7552032470703,144.19421635380053,141.77970008890998,141.9351786642193,2937000
2023-10-18,140.68218994140625,142.4839187548222,140.51755654369225,142.2186938905724,2974700
2023-10-19,139.07249450683594,141.88943219332606,138.8164105312941,141.27665882645596,3035100
2023-10-20,138.98104858398438,140.24317280422696,138.96275288353723,139.328583159297,5022500
2023-10-23,135.50559997558594,138.63349476732222,135.25865687332177,138.33167852133934,4552700
2023-10-24,136.5665283203125,137.38051252128815,135.67022044759725,136.0360646677453,2802300
2023-10-25,134.38064575195312,136.18238841421802,133.53922497882147,136.03606468167385,3565800
2023-10-26,126.40542602539062,133.79529720209317,126.14932811599235,130.32900899794882,10581400
2023-10-27,123.3141098022461,127.85046612208137,122.26232345409585,126.6066237849274,6594600
2023-10-30,126.92675018310547,127.33831273343759,122.83853334171002,124.30188236014702,5665500
2023-10-31,129.185791015625,129.2498189912433,126.41458542921902,126.7804157153695,3996900
2023-11-01,127.85962677001953,129.99976304952403,126.25909499632068,129.3046799889369,3566800
2023-11-02,129.8625946044922,131.13387371045079,129.6156514815992,129.78027092650711,3904600
2023-11-03,130.6582794189453,132.4417264652913,130.61254714482757,130.99667312746126,3272000
2023-11-06,130.11868286132812,131.23448343179194,129.22237489126272,130.98754030081216,2931300
2023-11-07,129.73452758789062,129.9631749654121,128.59129070028328,129.39611997939954,2952600
2023-11-08,129.8260040283203,131.1704519924173,129.3778640106421,129.9906374298073,2896600
2023-11-09,127.99681091308594,130.73143882364707,127.92364207088872,130.73143882364707,3411100
2023-11-10,127.79325103759766,128.45022059680863,126.32202664936398,128.34843697831016,5683900
2023-11-13,127.84879302978516,128.2004118056181,126.77544085437674,127.38614269062303,3211500
2023-11-14,132.4752960205078,133.0304820734094,129.4588209011277,129.5791003880477,4258800
2023-11-15,136.1764678955078,136.8519332824202,133.19699926528327,133.2432671123791,4766700
2023-11-16,135.93589782714844,137.12952924209807,134.76076225626957,136.26900656696588,3729300
2023-11-17,136.92596435546875,136.99074216772283,135.27893059115146,136.64837138102945,3320200
2023-11-20,138.39718627929688,139.0541416503838,135.8988639280592,136.80566847702607,4733300
2023-11-21,138.58226013183594,138.89685891395064,137.4071245410367,138.33242504299653,3080700
2023-11-22,139.48904418945312,139.94244649717476,138.7395530767232,139.68336349818082,2640200
2023-11-24,140.67343139648438,140.68267931849329,139.4890479069574,139.87767241580548,1644400
2023-11-27,138.41571044921875,140.1275221707399,138.39721460326444,139.75739346715798,3320000
2023-11-28,139.4798126220703,139.79441142645555,137.8512745871986,138.51749212528864,3073900
2023-11-29,140.9139862060547,141.9966000565057,140.13673728892945,140.20151509150475,2981600
2023-11-30,140.28482055664062,141.63576560671513,139.49830942133497,141.43219835096465,4664400
2023-12-01,143.33828735351562,143.39380311809452,139.7388693873613,140.63641189862273,3945300
2023-12-04,144.27285766601562,144.55969857271796,141.83931274185653,142.23719931361174,2717800
2023-12-05,142.64434814453125,143.91200548631966,142.0891621203643,143.42159728319126,2485300
2023-12-06,143.68991088867188,144.40239623916025,142.9219238852344,143.44008991505672,2995800
2023-12-07,144.80953979492188,145.83662399656464,143.8842392211524,144.2265959153779,3241200
2023-12-08,144.62448120117188,145.90138638057422,144.3098823974761,144.41166602443252,2845900
2023-12-11,144.14332580566406,144.6892497690941,143.2735409858445,144.0230322100394,3742100
2023-12-12,143.76394653320312,145.3739746245218,143.3475640961798,144.3006225636427,3039900
2023-12-13,145.50350952148438,145.6330510319754,142.5147927386778,143.2735318375636,4058100
2023-12-14,150.23178100585938,151.25886506587307,146.91920371427432,147.08576513644743,6401900
2023-12-15,150.7684783935547,151.57348537810626,148.1036082116373,149.3157497094225,8738200
2023-12-18,149.5008087158203,151.58273484296097,149.3342472837872,151.17560036350793,3883800
2023-12-19,149.54705810546875,150.08373407472072,148.19612731990756,149.90792472560796,3926500
2023-12-20,145.2351837158203,148.54774733255744,144.80953924116886,145.1518959340852,5624500
2023-12-21,145.4202423095703,146.12346566642157,143.64366689307792,145.82737682315602,3778600
2023-12-22,146.42881774902344,147.66871714583445,146.03094527410786,146.1974926025005,2332500
2023-12-26,146.22525024414062,146.69714845942423,145.31845962460946,145.31845962460946,2384000
2023-12-27,145.12411499023438,146.60460131498178,144.59670109085675,146.21597683150247,3116400
2023-12-28,145.55902099609375,145.975403401878,144.25434388819983,144.25434388819983,2254900
2023-12-29,145.4849853515625,146.3732799931676,144.46716333107975,145.34619593207623,2186500
2024-01-02,146.5120849609375,148.5292474916458,144.62447806078433,145.21666984504472,4363800
2024-01-03,145.77182006835938,147.39109578240806,144.51341094868297,145.52199912384577,3257200
2024-01-04,145.26292419433594,146.49357549953154,144.72624823364401,145.3184399628619,3173400
2024-01-05,146.86367797851562,147.54840534503862,144.57818490206668,144.73548427296453,2537300
2024-01-08,147.9740447998047,148.0388226077641,145.7163094651979,146.72489767609187,2469500
2024-01-09,147.99256896972656,148.2886577973494,146.47507666587487,147.14129417673323,2639500
2024-01-10,149.1769561767578,149.41752923753683,147.45589658465846,148.1776298859615,2399200
2024-01-11,147.3541259765625,149.40829451372804,147.01176926002398,149.38053662422314,3341800
2024-01-12,146.48431396484375,148.97337446809658,146.46580400228297,148.26088915863474,3474500
2024-01-16,143.72694396972656,146.35479428659065,143.55113459659717,146.35479428659065,5331400
2024-01-17,143.0144500732422,143.25503725124364,140.6641928996918,142.09841156920854,3930000
2024-01-18,144.83729553222656,145.19816218588022,142.32973892116198,143.66215986767594,3095800
2024-01-19,145.17041015625,146.02168501155222,143.44010255724183,145.2351879751697,3097600
2024-01-22,146.75265502929688,147.38185254966925,145.559009558349,145.993901893474,2631600
2024-01-23,148.10360717773438,148.47373587762036,146.78043413792838,147.15054871884814,3443000
2024-01-24,144.883544921875,148.80682387930312,144.837277075976,148.77905187659232,3187600
2024-01-25,147.77975463867188,148.35343645223094,146.3455359858085,146.70640262965463,4070000
2024-01-26,147.40037536621094,149.29724425222597,146.42880699835294,148.11286071850216,2818200
2024-01-29,146.2159881591797,146.89145356715466,144.80952745360443,146.57685478743645,5459700
2024-01-30,134.22409057617188,138.33242712576416,133.77070235952294,135.83411855665045,16983600
2024-01-31,131.30015563964844,134.7145172725373,131.30015563964844,133.9927839002644,10906800
2024-02-01,131.7720489501953,132.04037988561322,129.1719567774608,131.39267235273786,6774900
2024-02-02,131.25387573242188,131.75353176784492,129.1256818533232,131.28163361666955,4343000
2024-02-05,128.6907958984375,130.70794422174455,128.52423446571603,130.70794422174455,4536700
2024-02-06,135.0198516845703,135.49174987218686,130.79123560304066,131.12434435870105,7566800
2024-02-07,136.2412567138672,136.7501607161482,134.25185207971447,135.16790469795868,3985200
2024-02-08,136.87042236328125,137.01847380381446,134.95505803262185,135.83409051747375,3316400
2024-02-09,135.33444213867188,136.7871706588199,135.01059544440375,136.66687707922515,2825900
2024-02-12,136.43556213378906,136.89821240492364,135.4177400086725,135.55652944242655,3253700
2024-02-13,134.07603454589844,135.74157824166016,132.59556224219406,135.1031186483711,3706000
2024-02-14,133.44683837890625,134.99208850966497,132.75286300838175,134.35362890974804,3831400
2024-02-15,136.00067138671875,136.47258370509547,133.40057909067448,134.41841534701058,3855400
2024-02-16,138.8638458251953,139.40654027205537,135.61704505277552,136.29073372630526,5442400
2024-02-20,139.07904052734375,140.1363601959263,137.57259985823993,138.3679310867435,4254900
2024-02-21,138.7328338623047,139.81820833996582,137.57258923348985,139.22874153396228,3017100
2024-02-22,140.0989227294922,140.23928285540586,137.7223092700563,138.29307284992106,3027500
2024-02-23,139.06968688964844,140.73519092496048,138.99483101109183,140.3047731925848,2414200
2024-02-26,138.01239013671875,138.72349968505233,137.1328512643606,138.55508463832913,3052900
2024-02-27,138.7328338623047,139.2474590717507,137.89071598940262,138.01235856908025,2382200
2024-02-28,138.2650146484375,138.8264123647297,137.60067759859666,137.94687357084183,2258700
2024-02-29,138.72349548339844,139.93052705756165,138.24630525483445,139.2661899685717,3338600
2024-03-01,138.53636169433594,139.04163536940624,137.3948343867188,138.4895749796367,2936200
2024-03-04,140.92233276367188,142.44749105044718,139.08839931150217,139.4907479005797,4562200
2024-03-05,140.033447265625,141.8112281596376,139.41589691314888,140.42642995975513,3614400
2024-03-06,142.737548828125,143.2053873924405,140.69776526351336,141.28724642328692,3471200
2024-03-07,143.54222106933594,144.90830158039407,142.66268234937579,143.37379177449517,3514800
2024-03-08,144.0568389892578,145.21706934618155,143.03694019585794,144.02875554379526,3448900
2024-03-11,144.7960205078125,145.24514148492662,143.66384501859955,143.99133769027975,3266000
2024-03-12,147.25686645507812,147.51885490069552,144.4311176175769,144.83345191716805,3879500
2024-03-13,144.80538940429688,148.6884581112696,144.60890519969954,147.60306919963625,4244800
2024-03-14,143.99136352539062,144.76797731352593,142.8311186592666,144.56212718764422,4101600
2024-03-15,143.50479125976562,144.75860941578927,143.0930910542623,143.5609296010071,8821700
2024-03-18,141.932861328125,144.41239992774615,141.74572876392142,144.16912902201148,5181600
2024-03-19,143.34571838378906,143.76677019254387,140.5480531968126,141.20302426346436,4210000
2024-03-20,144.80538940429688,144.86154202576768,142.2322772629403,142.690764202501,2862300
2024-03-21,145.32937622070312,146.04048568761857,144.3749815666405,145.17966445588942,4036400
2024-03-22,146.21826171875,148.72586944741232,145.99369407906264,148.43581183612815,3939400
2024-03-25,146.4989776611328,147.18201798034295,145.0486752287906,145.45100954862798,3807700
2024-03-26,134.54100036621094,147.8276262564052,133.82989092885907,147.22879349934595,18208800
2024-03-27,137.8533172607422,138.0965881817458,134.76557978703303,135.1024241346613,7078800
2024-03-28,139.06968688964844,139.46266954409631,137.20768438846295,137.79716550878427,5197000
2024-04-01,138.12466430664062,140.32351144729373,136.90829536309747,139.5468976545801,5421900
2024-04-02,139.55624389648438,141.28725236820713,137.94687802533798,138.16209405363466,4935000
2024-04-03,142.4755401611328,142.55974766421102,139.60300493066126,141.09072792756774,4314200
2024-04-04,140.35157775878906,144.36562660067807,139.91180833962747,143.43931532494258,3689100
2024-04-05,141.62408447265625,141.9515771640566,138.64862391152235,140.06150545049604,3374000
2024-04-08,140.45449829101562,142.43812929063765,140.3609248646069,142.11065085280777,3196400
2024-04-09,140.88490295410156,141.44630062841154,139.64980237148143,139.91179080828587,2664300
2024-04-10,137.78781127929688,138.94805607931588,136.70243664147932,138.6954192524367,4024400
2024-04-11,139.4252471923828,139.6217456761919,137.63811468393016,137.95624148885886,2232500
2024-04-12,135.58897399902344,138.76091884398747,135.06499709961813,138.52699956551726,4123900
2024-04-15,135.5328369140625,137.11411925826084,134.20416283600022,136.4872172994201,3271000
2024-04-16,133.6988983154297,135.40183746591924,133.53048329296772,135.242759797195,4197100
2024-04-17,133.10008239746094,134.1948230139214,132.25797862396863,133.3340016986867,4165700
2024-04-18,133.55856323242188,134.09189179052058,132.75388030207787,133.87669004092288,3430600
2024-04-19,133.58663940429688,134.84979507269225,133.3807892757048,133.94218703589127,5118500
2024-04-22,136.010009765625,136.67434671995395,133.3901113010247,133.99830991952544,4578500
2024-04-23,139.2942657470703,140.1083146520803,135.90711871680622,136.60887664477596,6371100
2024-04-24,137.18896484375,138.44278294461802,134.5316454416872,138.41469949793327,5284700
2024-04-25,137.90943908691406,138.8825369316706,135.93515995093716,138.433415947729,3553300
2024-04-26,138.09657287597656,139.15389251498698,137.39481508597117,137.39481508597117,2607600
2024-04-29,138.99484252929688,141.17497198703632,138.31180221215195,138.7234881623803,2654700
2024-04-30,137.99363708496094,138.68604319035038,137.22638938515425,138.04977541942267,2402900
2024-05-01,136.53399658203125,138.61120082328029,136.01937133716342,137.81586960145734,2842200
2024-05-02,137.75038146972656,138.30242752281916,137.15154870696696,137.99365237177602,2038800
2024-05-03,137.0111846923828,138.667337081992,137.00183306163433,138.4334178175901,2039300
2024-05-06,137.2357635498047,138.3024349116227,136.7679249827389,138.07788153690313,2073600
2024-05-07,137.62875366210938,138.24630403052382,136.9550649469847,137.89074213162445,3403500
2024-05-08,138.2650146484375,138.41471213973537,136.5340062326114,136.7211388047088,2799600
2024-05-09,138.53636169433594,138.8451368785898,137.7503962856719,138.55507923567578,2510600
2024-05-10,139.4256591796875,140.01224639711964,138.6120189817771,139.08506527274298,2504500
2024-05-13,142.48155212402344,142.6518418635779,139.87979745960635,139.87979745960635,4185600
2024-05-14,139.96495056152344,145.14953430104413,139.90818731166672,143.24789324970203,3597300
2024-05-15,139.96495056152344,140.96780647226788,139.82302800065327,140.45692278732898,2695900
2024-05-16,141.59222412109375,141.94227376879255,139.435134115384,140.49475322380908,2298700
2024-05-17,141.1948699951172,141.63953468831008,140.19199967593605,141.5165380262101,1956700
2024-05-20,139.63380432128906,141.50707807614427,139.3499736521085,140.32446231808152,1812700
2024-05-21,137.58079528808594,139.75681133134182,137.29696459788238,139.49190653681276,2750200
2024-05-22,136.0197296142578,137.0888043764405,135.08309279506702,136.63468399572372,3590500
2024-05-23,131.6014862060547,135.46153130347423,131.5352527947805,135.3006972941007,4437200
2024-05-24,131.18521118164062,132.91656247494296,130.49455314848683,132.72733239470844,2995400
2024-05-28,130.16343688964844,131.71502835797608,128.89567612181847,130.56079409585354,3314700
2024-05-29,127.16431427001953,129.53900158187835,127.06024350293731,128.97135466379817,3996900
2024-05-30,129.48223876953125,129.60523543183186,126.37905607765154,127.05077376507495,4077000
2024-05-31,131.44064331054688,131.5731101386887,128.7821253067018,130.1350452863188,5887400
2024-06-03,130.95816040039062,132.2543028846971,129.945848636301,132.1123947427037,2728300
2024-06-04,128.31854248046875,130.85406368989223,128.19554582429183,130.47563242873946,3874800
2024-06-05,130.15399169921875,130.26751821411935,127.91174197631995,128.81052723715368,3109000
2024-06-06,130.14451599121094,130.29589429545362,128.5267054778351,129.6241620930203,2852500
2024-06-07,130.22019958496094,132.06507747595327,129.0281279714495,129.52008578489477,3209300
2024-06-10,130.25802612304688,130.61754594136093,129.05649887929977,129.39709280290575,3633000
2024-06-11,129.9458465576172,130.54187518068505,129.09435441058758,129.3876408568357,2659800
2024-06-12,129.07542419433594,131.10007649484285,128.86729707511563,131.01491717762843,3484600
2024-06-13,127.6184310913086,128.97135102520838,126.59664934411765,128.97135102520838,4944200
2024-06-14,128.3374786376953,128.3847861635009,125.73572351691746,126.87104639133182,3800200
2024-06-17,128.5266876220703,128.9429562465624,127.41974655778019,128.20500516118744,4117600
2024-06-18,126.96562957763672,129.8417592915313,126.70072479296591,128.95242989889584,4104100
2024-06-20,129.49169921875,130.07828649121774,126.42636820487691,126.79534376899971,4165700
2024-06-21,129.23626708984375,131.1189823017375,128.94296622982623,129.25517854953873,9144100
2024-06-24,131.12844848632812,132.11237850105658,129.74714685041016,130.3715714708756,3695900
2024-06-25,127.11701965332031,130.59863396685373,126.82373321710986,130.59863396685373,4818700
2024-06-26,130.70269775390625,131.45957478391503,127.81712663360493,129.12272471323578,6104300
2024-06-27,128.5077667236328,130.55133031776273,127.90226800347153,130.55133031776273,3732500
2024-06-28,129.47279357910156,129.80391736699224,128.38477829715725,128.83889875736028,6609600
2024-07-01,128.62130737304688,130.65541546148305,128.25233177542057,129.2741136849003,2668200
2024-07-02,127.63737487792969,128.6307751410847,126.83319027532099,128.2996369079565,3280400
2024-07-03,128.2428741455078,129.13220363334045,127.90228018072573,128.42263407639692,1539900
2024-07-05,128.99974060058594,129.10381137114743,127.19270014639467,127.59951306280792,3237500
2024-07-08,128.2239227294922,129.91743648597762,128.11039624256864,128.99972555340767,2773700
2024-07-09,127.04130554199219,128.54558922093838,126.71016737739201,127.96847219215552,3116800
2024-07-10,128.3374786376953,128.44154941997564,126.59667140339734,127.09809941723067,2834800
2024-07-11,130.78785705566406,131.5541898153516,128.45100698517842,128.5645334869903,3449600
2024-07-12,134.67630004882812,135.650774363565,131.21359734251698,131.5068837662999,4801300
2024-07-15,136.37925720214844,137.4199649487129,135.05473319400184,135.30071209944936,4164000
2024-07-16,139.38783264160156,139.6149000759221,136.26572399177846,136.26572399177846,3805100
2024-07-17,139.4351348876953,139.8230218901745,138.5079537264602,139.06615934352303,2863600
2024-07-18,136.9563751220703,140.16362882261086,136.66308869258177,138.14846117254513,3412900
2024-07-19,137.35372924804688,138.01600567734536,135.5183215633189,138.00653551129733,3073800
2024-07-22,137.35372924804688,138.29036620439257,135.94406038484738,137.89300900855073,3629800
2024-07-23,120.79711151123047,125.13021042238628,118.2426642081506,123.12449859624228,25353900
2024-07-24,121.60128784179688,122.28247570857268,118.07236627935296,119.69018385388843,11642500
2024-07-25,120.22945404052734,122.56630400878099,119.71856315038123,122.30139922532315,7761900
2024-07-26,121.88511657714844,122.85959084171884,121.53506691984491,121.89457230650896,7271300
2024-07-29,121.6769790649414,122.27302206760831,120.76873096643124,122.17840702596234,5414300
2024-07-30,122.07433319091797,123.80568446874193,121.5350678885098,121.76212088479612,4747700
2024-07-31,123.34209442138672,124.0800455350469,120.57950560989994,122.28247527074198,7025800
2024-08-01,123.54078674316406,125.34782726843996,122.62307566744715,123.97598130173827,4790600
2024-08-02,121.15663146972656,123.59755242080881,120.34299115269914,122.87852715031708,5099000
2024-08-05,119.22660064697266,121.05255987378867,119.01846631310077,119.99294065366055,5243000
2024-08-06,117.78854370117188,120.90118961776214,117.71285455118506,119.26444603534169,5608300
2024-08-07,116.67214965820312,120.25784180153266,116.60592345895911,118.4981088294899,4741900
2024-08-08,119.40635681152344,119.52934626195324,116.48293388192243,116.55861581089458,3823200
2024-08-09,119.03738403320312,119.52934906457182,117.958838925332,119.52934906457182,3825000
2024-08-12,118.12913513183594,119.32121395523481,117.85476738258699,119.21714318075712,2549500
2024-08-13,119.67125701904297,120.11592171848115,118.11966565384218,118.55486740572883,3057600
2024-08-14,119.60502624511719,119.9645460571751,118.9522272513269,119.54826299820859,3155700
2024-08-15,121.6202163696289,122.4243864823766,120.98632879103283,120.98632879103283,4448300
2024-08-16,122.6609115600586,123.048813027894,121.44991407100606,121.58236647023904,3255900
2024-08-19,123.5519790649414,124.44305563401167,122.29681974144438,122.41179901390912,3157800
2024-08-20,123.48490905761719,123.79150581119951,122.24890206027054,123.43699920298512,2342300
2024-08-21,122.54593658447266,124.3472346411402,122.24890862782809,124.22267193641194,4895900
2024-08-22,121.53030395507812,122.81420624886817,120.85960981802629,122.81420624886817,5083000
2024-08-23,122.61300659179688,123.84899904148973,121.62612493273005,122.19142323840215,6310300
2024-08-26,123.84900665283203,124.15561806324817,123.01543063832285,123.47533313391033,4501400
2024-08-27,122.54593658447266,124.29932478393427,121.92314499088499,124.23226267987458,3214000
2024-08-28,121.86565399169922,123.3699240297748,121.34825825725719,122.26807045959272,3361100
2024-08-29,121.66445922851562,122.91961131638271,121.45366753817979,122.6609243855461,3477600
2024-08-30,123.16873168945312,123.31244664513228,121.57821795310153,122.1722665733084,4116100
2024-09-03,122.16268157958984,122.9483623140327,121.74109822159961,122.2489105518962,5821200
2024-09-04,123.52323150634766,124.10769666056467,121.8081624664342,122.34472507474251,5710400
2024-09-05,122.0668716430664,123.88733663210316,121.38659404437726,123.87774588829554,5311100
2024-09-06,122.20100402832031,122.77588575504713,121.40574719617238,122.32555942093883,3590200
2024-09-09,123.48490905761719,124.28974198331014,122.26806892613037,122.45011760171127,3770800
2024-09-10,124.3951416015625,124.70173836447636,123.149558443393,124.01187737287589,2590100
2024-09-11,123.12081909179688,123.85858996128772,121.05123605584211,123.85858996128772,3404400
2024-09-12,123.0441665649414,123.64779860701266,122.14352118362633,123.48491678709608,3443500
2024-09-13,121.91356658935547,123.39867719380392,120.39971299340426,123.2837052277929,5214500
2024-09-16,123.51366424560547,124.08853869786472,122.61301152169257,122.82380320686522,4589600
2024-09-17,125.18080139160156,125.99522504408289,124.00229501521719,124.55801715384621,3141700
2024-09-18,125.18080139160156,126.5988570363934,124.99876733966738,125.51615574733732,2939600
2024-09-19,126.598876953125,127.9785990840178,126.27309866885972,127.19291829613391,4092300
2024-09-20,123.21663665771484,123.79151107765165,121.2428660611797,123.12081694437424,14211500
2024-09-23,123.35077667236328,123.98313707838048,122.49802653752944,123.96398483155639,2991700
2024-09-24,124.09812927246094,124.37598306433506,123.23579566519383,123.98314268613682,3829500
2024-09-25,126.00480651855469,126.29225103281746,123.82984234537847,124.11727223960594,5048200
2024-09-26,127.7486343383789,128.61095331842694,127.02045419122805,127.02045419122805,3997100
2024-09-27,128.6396942138672,129.92361115929157,128.36184042883445,128.36184042883445,4104400
2024-09-30,130.6326141357422,131.19791240491742,129.11875338267004,129.11875338267004,4115600
2024-10-01,127.69114685058594,130.74761159989717,126.48388274870551,130.59430590123995,3658500
2024-10-02,127.4420166015625,128.76425261726723,126.99169026635974,127.90193368009014,2258400
2024-10-03,125.24789428710938,127.03960900993495,124.87422077218756,127.03960900993495,3635000
2024-10-04,125.75569152832031,126.89587880404932,124.96043473415608,126.33058053760656,3270500
2024-10-07,125.70779418945312,126.26351638841393,124.70174563305918,125.55448848904263,1955600
2024-10-08,125.47785186767578,126.26351800728939,125.03710162835367,126.00481646203431,2618200
2024-10-09,127.43244171142578,127.86360118418662,126.24434451045227,126.40722632816033,2703900
2024-10-10,127.27912902832031,128.4672261640565,127.00127526514224,127.15458095105043,2462600
2024-10-11,128.96546936035156,129.25289926204738,127.52826137172968,127.69114318936921,2429800
2024-10-14,128.9367218017578,129.1954087041184,127.68154792200411,128.39057576781516,2319600
2024-10-15,128.19894409179688,130.69009561152703,128.07438139879835,129.29122148107083,2957500
2024-10-16,130.153564453125,130.55598097422123,128.87923815963507,128.87923815963507,4056700
2024-10-17,129.74156188964844,130.5272280031465,129.3295546557124,130.163145247151,3800700
2024-10-18,130.23977661132812,130.7380127912107,129.53076338383948,130.4409921559076,3237500
2024-10-21,125.83234405517578,128.24685742007117,125.62155239363537,127.93066992776055,4414000
2024-10-22,125.83234405517578,126.57011487056725,124.33765017882357,125.34369863253288,3280100
2024-10-23,125.90900421142578,126.57012222283912,125.0754136396267,125.74612239441659,3454500
2024-10-24,132.55848693847656,138.93967918151404,130.85300132570845,138.930103058309,11959800
2024-10-25,131.67698669433594,134.45559753115137,131.4374520335778,132.54889636830399,4916700
2024-10-28,129.6744842529297,132.02192107339022,129.51160243322806,131.5811854718531,4069000
2024-10-29,128.68760681152344,130.37394028498198,128.36184316143672,129.1091901798881,3061700
2024-10-30,128.19894409179688,129.65531881750695,128.0073193010537,128.39056888254007,2754600
2024-10-31,128.44805908203125,129.27205886735678,127.46117748821561,128.05521874506604,3303600
2024-11-01,128.43849182128906,129.70322726508013,127.84443590341465,128.94630414751282,2266700
2024-11-04,127.43244171142578,129.12835123232318,126.57012276590409,128.735510873126,2422200
2024-11-05,128.2372589111328,128.25642577557613,126.54136421876392,127.14498155840627,2537900
2024-11-06,128.31393432617188,130.1056490359821,126.66593457488892,129.68408028428996,5624600
2024-11-07,128.5343017578125,129.73197514213814,128.4289059151904,129.492440465273,3075500
2024-11-08,126.8958969116211,128.50556297526023,126.70427208785979,128.4959868510851,3111700
2024-11-11,126.10063934326172,128.13188878055493,125.74613269015896,127.10668793778336,4684100
2024-11-12,124.69216918945312,126.76175227957725,124.56760648068457,126.40723102078283,3243500
2024-11-13,128.08396911621094,128.68760115072882,124.3664010551478,125.18081014453986,5345600
2024-11-14,127.08750915527344,128.32350157321702,126.51262012085964,128.05522392250003,2971300
2024-11-15,128.45767211914062,128.4959912371861,126.56054682504744,126.74259553084765,3337600
2024-11-18,131.06675720214844,131.24133764677467,128.05996572273557,128.32185118964478,4037800
2024-11-19,129.19479370117188,130.6884955841872,128.68073150506132,130.6884955841872,3835900
2024-11-20,128.11817932128906,129.4081892979176,126.88637763531227,129.36939857078863,3848600
2024-11-21,127.41980743408203,128.56433350078024,127.07063174593323,127.8077886431195,3014700
2024-11-22,130.76609802246094,131.02796872346082,127.72050062591057,127.72050062591057,3677500
2024-11-25,133.404296875,134.50032358879596,131.89120695505233,131.89120695505233,5029000
2024-11-26,130.90187072753906,133.45277873474288,130.2714068109529,133.0939090652816,3424800
2024-11-27,131.6002197265625,132.9775346528027,131.09586630565587,131.09586630565587,2453400
2024-11-29,131.63902282714844,132.46347001148018,130.59149567998625,130.7466881758557,1533500
2024-12-02,129.99014282226562,132.04639158573724,129.13659889781886,132.04639158573724,2832300
2024-12-03,125.80973815917969,130.17442702212293,125.61574014751703,129.93194430751498,5604700
2024-12-04,124.90769958496094,125.73214676643101,123.95717145100917,125.73214676643101,4793200
2024-12-05,123.75347900390625,125.78063101694052,123.61768927097503,125.51876033198302,4632500
2024-12-06,121.83301544189453,124.68461452717897,121.63903223064445,124.24814860187367,5745000
2024-12-09,124.66521453857422,124.91739123881064,121.77482466674664,122.3858784557607,6139500
2024-12-10,126.30440521240234,126.98335389439767,124.20935087941281,125.41207054464115,6415900
2024-12-11,125.23746490478516,126.56628021510821,124.99498219559841,126.41108772923587,7485500
2024-12-12,125.10167694091797,125.54785164409002,123.76317503135722,125.37325639503304,4980100
2024-12-13,124.88829040527344,125.15986985816083,123.74377911095803,125.15017587768992,4284800
2024-12-16,124.68462371826172,126.38200284176983,124.37423871740538,124.71372046209558,4515900
2024-12-17,123.4916000366211,124.98529448817759,122.96783647049205,124.15115333471117,3549500
2024-12-18,120.09683990478516,123.30730871321207,120.02894503995388,123.08422875733159,4849400
2024-12-19,118.96202087402344,120.91158396503268,118.65164329634906,120.33932091245437,6391800
2024-12-20,121.90091705322266,123.0066376985188,118.34127238985725,120.31023095297257,12899000
2024-12-23,121.96881103515625,122.1433988936712,120.51391468086015,121.56144183194986,3419000
2024-12-24,122.4634780883789,122.51197019361821,120.75639762426484,121.44504767854148,1579200
2024-12-26,122.56046295166016,123.23941158751735,121.66812834453782,121.80391807170925,3011100
2024-12-27,122.31798553466797,123.0454337045752,121.5808359838327,122.06580143043753,2904000
2024-12-30,121.55174255371094,122.04640939472506,120.47511864090792,121.38685607336812,2953900
2024-12-31,122.30828094482422,122.33737768685944,121.2801565929915,121.60992953603774,3400800
2025-01-02,120.14534759521484,123.39461474781305,119.82526861063424,123.22002688349507,3050500
2025-01-03,120.0677490234375,120.59151260626685,119.06872136359077,120.2326355032211,3490400
2025-01-06,120.47511291503906,121.24135919313792,120.08713908562396,120.95037697108027,5049200
2025-01-07,121.22196960449219,123.25882305593886,120.28113542835139,121.41595282844496,3725300
2025-01-08,122.94844055175781,122.96783591338493,121.45474610696853,122.12400078287672,4536300
2025-01-10,119.57308197021484,121.6584349166425,119.2045108866545,121.25106570849914,5231800
2025-01-13,121.25106048583984,121.40624557750203,117.90479453454748,119.63127030420667,6939200
2025-01-14,122.05609893798828,122.1433965655746,120.8145885899836,121.6002376383189,4247600
2025-01-15,123.63709259033203,124.11235665773442,122.77385468424005,123.6661893332363,4315900
2025-01-16,126.03282165527344,126.73117307697188,124.89800429500615,125.61574367843954,5471300
2025-01-17,125.82913208007812,126.65357926878204,125.53814984877256,126.23650128391749,4261100
2025-01-21,128.8747100830078,129.55367353262753,126.23649693011068,126.49838240925055,5282700
2025-01-22,128.56434631347656,129.41787545848186,127.30343315838968,128.67103930659863,4420700
2025-01-23,129.59246826171875,129.6506617477776,128.0405729002847,128.9426163341099,3282600
2025-01-24,129.0299072265625,129.87374237869614,128.54494177361744,129.38877692575107,3212300
2025-01-27,132.16278076171875,132.74474522899789,129.71856551907726,129.8737432170433,4944400
2025-01-28,131.34803771972656,132.8708363021373,131.28015025425287,131.677810666246,3094500
2025-01-29,129.75735473632812,132.47316421879887,129.61187102118387,131.9396992633182,4262100
2025-01-30,111.44506072998047,114.43244964688165,106.32382681528438,113.86018657384581,41170400
2025-01-31,110.79521179199219,113.08424194579266,109.95136923106732,111.55175672248349,15844600
2025-02-03,107.943603515625,109.17541242008704,106.1104348294657,108.95233247202766,12635200
2025-02-04,108.40917205810547,108.77775053140809,106.89608224134645,107.99210148041094,9347800
2025-02-05,108.53526306152344,109.2821065563591,107.67202520126524,108.36067521338217,7122900
2025-02-06,110.05805969238281,110.44603352986077,108.89413817994894,108.97173442744162,6318200
2025-02-07,109.7088851928711,110.53332498164546,109.2336211216929,110.44603475223919,4830700
2025-02-10,110.72731018066406,111.31896119541324,109.36940550094612,110.10654762423385,6101500
2025-02-11,111.086181640625,111.26076949367,110.00955778017833,110.57211946221061,4589100
2025-02-12,110.82430267333984,111.38685695088073,109.88346855057708,109.94166203446419,5172900
2025-02-13,112.16281127929688,112.6380753592979,110.91159950134727,111.09588874460682,5854000
2025-02-14,112.72537231445312,113.24913589743029,112.18221336913709,112.57017981579962,5942300
2025-02-18,113.55176544189453,113.90593894314293,112.0760450219936,112.69585240212939,5407800
2025-02-19,113.1385726928711,113.57145311201963,112.40071243617845,113.09921924513917,4252000
2025-02-20,114.7126693725586,114.74218258092992,112.99099549580865,113.10905583519637,5801200
2025-02-21,114.4470443725586,114.9586241709414,113.39436406116295,114.56509720746865,6459900
2025-02-24,114.27979278564453,116.1687131194811,113.98464569965036,114.69299270131462,6269900
2025-02-25,116.19822692871094,116.42449985736314,114.57493295914006,114.57493295914006,4985600
2025-02-26,114.99797821044922,116.65078546082945,114.83073168952981,116.188391839309,3445300
2025-02-27,115.72599792480469,116.80819895366702,115.09635778395891,115.10619802219472,4821600
2025-02-28,117.10334014892578,117.69362685080266,115.89325353596361,115.89325353596361,8754900
2025-03-03,117.32962036132812,119.02178107431885,116.84754625887899,117.88055361452413,5165100
2025-03-04,114.89959716796875,116.73933139693479,114.71267017244368,116.57207737182696,5387000
2025-03-05,117.09349822998047,117.65427171460044,115.4210180143497,115.57843180240567,6812000
2025-03-06,118.54954528808594,118.62825218180998,116.25725767321507,117.0147983899796,5742100
2025-03-07,119.65142059326172,119.69077404055484,117.38864616227369,117.664112787423,5635800
2025-03-10,118.6676025390625,121.69774280952093,118.10682907120827,119.08080246150197,6279900
2025-03-11,114.47655487060547,118.62824960042542,114.06335494639934,118.32326227035698,6498300
2025-03-12,113.39436340332031,114.19125005795027,113.08937606779945,114.02400353886293,4970900
2025-03-13,113.36485290527344,115.56859343236316,113.09921901011059,113.89610568379379,4629100
2025-03-14,114.87008666992188,115.02749295468158,113.22711212996987,113.91578620526367,4020700
2025-03-17,116.14903259277344,116.85737959412569,115.02748567593311,115.10619256628385,4427900
2025-03-18,116.93608856201172,117.07382186962144,115.95227493285525,116.12936168633951,3930700
2025-03-19,115.56858825683594,116.94592883929883,114.37817466586439,116.4540220245551,5010300
2025-03-20,115.0865249633789,116.29661155886612,114.36833769076665,114.38801066132064,3655600
2025-03-21,113.23694610595703,113.55176616396841,110.63967875088757,112.50892612916239,19575300
2025-03-24,113.92562103271484,115.29312137405779,113.3845205353911,113.84691414112189,6611600
2025-03-25,108.17030334472656,114.12237868360293,108.11127693005479,113.95513217143142,10645500
2025-03-26,109.2131576538086,110.53146436932403,108.5736772668619,108.90817031196787,6609200
2025-03-27,109.2131576538086,109.97069087742673,108.63270368519763,109.02623065454195,4031700
2025-03-28,107.885009765625,109.53780951193272,107.84565631844112,109.45911012346752,3284100
2025-03-31,108.20966339111328,109.06558398558032,106.54702339391083,107.24553019844721,6536100
2025-04-01,107.4914779663086,108.31787780230319,106.42895745782792,108.22933817954758,5877400
2025-04-02,108.416259765625,108.71140685900588,106.83231921001254,107.0881128572158,4540000
2025-04-03,98.49942779541016,105.65174990659827,98.35185424305111,105.01226951697751,10057700
2025-04-04,96.12843322753906,98.96181390776343,95.00688623916467,96.73840040780867,9567700
2025-04-07,94.01322937011719,97.59431043195247,91.72094928526886,93.46229613165097,8729800
2025-04-08,90.4321517944336,96.21698104494327,89.24173814062736,96.21698104494327,8233800
2025-04-09,98.046875,98.56829504971279,89.08433177030655,89.70413168688732,8849800
2025-04-10,94.99703979492188,96.5416268626331,92.45880638520111,96.5317941307811,7553700
2025-04-11,95.50862884521484,98.086215747811,92.09479435376801,94.20015491804374,5544100
2025-04-14,97.07289123535156,99.30615242855727,96.40389765179731,96.87613150732487,4926900
2025-04-15,94.93801879882812,96.97451278785185,94.662552173206,96.8958058931305,5767000
2025-04-16,92.67523956298828,95.08558742412096,92.00624600431867,94.88882019751095,4632800
2025-04-17,94.86914825439453,95.74474178105292,93.1278014389903,93.40326805332296,4740100
2025-04-21,94.69206237792969,94.78060200225514,93.08844885484908,94.02306880582873,3930800
2025-04-22,95.27250671386719,96.216974387876,94.50513329639946,94.71173325449445,4305300
2025-04-23,95.63652038574219,98.20427451525083,95.40040722035697,96.98434773720795,5817200
2025-04-24,97.31884002685547,97.37787394718207,94.73141294725404,95.42991970625133,6641000
2025-04-25,96.3251953125,97.05321529097354,95.53814141270539,96.45308838120816,4577700
2025-04-28,95.51846313476562,97.35819735197248,94.95768965767726,96.31535729076667,8664600
2025-04-29,95.16429901123047,97.20079299525851,93.97387787272237,94.44611173398945,10314600
2025-04-30,93.7574462890625,94.97737314518005,92.54735216545123,94.90850648812268,9305800
2025-05-01,93.06877136230469,94.53465162393518,92.05544448661708,93.31472477896294,7501500
2025-05-02,94.83963775634766,96.07924506216541,94.33789069110435,94.44611079352745,5689600
2025-05-05,94.01322937011719,94.88882291235204,93.47213636973856,94.1214494713734,5406800
2025-05-06,92.29155731201172,93.97387777481231,92.29155731201172,93.46229797271668,5154300
2025-05-07,92.43913269042969,92.85233263558901,91.69143219021089,92.19317926984876,5890000
2025-05-08,95.38072967529297,95.97102386574562,92.92119556808167,93.15731624662371,6649600
2025-05-09,94.337890625,96.12843117396986,94.15096362896332,95.62668410907813,5619000
2025-05-12,99.57177734375,101.17539087063874,98.72569701508658,98.96181018641751,8336500
2025-05-13,98.1944351196289,99.81772909561653,97.70252830908127,99.73902220451237,7031800
2025-05-14,98.03703308105469,98.53878015115433,97.18111249157913,98.23379281141794,6175500
2025-05-15,98.72570037841797,98.78473430268862,97.63366660319384,98.28298722885258,4523300
2025-05-16,99.68000030517578,100.00466061626261,98.72569984853408,99.64064685784078,6321200
2025-05-19,99.11000061035156,99.13999938964844,98.37000274658203,98.44000244140625,6217700
2025-05-20,97.55000305175781,98.98999786376953,97.37000274658203,98.61000061035156,4671800
2025-05-21,95.8499984741211,97.19999694824219,95.80999755859375,96.69999694824219,5298600
2025-05-22,96.97000122070312,97.27999877929688,95.25,95.75,5179900
2025-05-23,95.37000274658203,96.16999816894531,95.2300033569336,95.61000061035156,3318500
2025-05-27,97.55000305175781,97.72000122070312,95.94000244140625,96.43000030517578,6117400
2025-05-28,96.73999786376953,98.05000305175781,96.52999877929688,97.6500015258789,3816500
2025-05-29,98.0999984741211,98.33000183105469,96.80000305175781,97.27999877929688,4593900
2025-05-30,97.54000091552734,98.0,96.62999725341797,97.72000122070312,6763200
2025-06-02,97.36000061035156,97.52999877929688,95.94000244140625,97.2699966430664,4274800
2025-06-03,98.08000183105469,98.41999816894531,96.22000122070312,96.94000244140625,4098100
2025-06-04,98.55000305175781,98.7699966430664,97.79000091552734,98.2699966430664,3933800
2025-06-05,96.87000274658203,98.80000305175781,96.58000183105469,98.73999786376953,4584200
2025-06-06,98.25,98.75,97.93000030517578,97.93000030517578,3043400
2025-06-09,99.30999755859375,99.80000305175781,98.44000244140625,98.5,4037200
2025-06-10,102.45999908447266,102.66000366210938,99.5999984741211,99.66000366210938,6902500
2025-06-11,101.16000366210938,103.31999969482422,100.94999694824219,102.61000061035156,4917400
2025-06-12,100.91999816894531,101.05999755859375,100.18000030517578,101.05999755859375,3106400
2025-06-13,100.0,101.48999786376953,99.70999908447266,100.38999938964844,4240000
2025-06-16,101.08999633789062,101.4800033569336,100.52999877929688,100.91999816894531,4293700
2025-06-17,99.66999816894531,100.91000366210938,99.31999969482422,100.54000091552734,3800500
2025-06-18,99.20999908447266,100.25,98.9800033569336,99.62000274658203,4363000
2025-06-20,99.2699966430664,100.51000213623047,99.11000061035156,99.7300033569336,11096600
2025-06-23,100.4000015258789,100.44999694824219,98.7300033569336,99.12999725341797,5077200
2025-06-24,100.62000274658203,101.58999633789062,100.11000061035156,101.22000122070312,3686800
2025-06-25,99.37000274658203,100.27999877929688,98.62000274658203,99.62999725341797,6058100
2025-06-26,100.5999984741211,101.30000305175781,99.79000091552734,100.12999725341797,4161700
2025-06-27,101.18000030517578,101.95999908447266,100.43000030517578,101.0,5869900
2025-06-30,100.94000244140625,101.2699966430664,100.26000213623047,101.16000366210938,5446800
2025-07-01,104.47000122070312,105.88999938964844,100.72000122070312,100.75,6819300
2025-07-02,105.54000091552734,105.88999938964844,103.94999694824219,104.25,5243200
2025-07-03,104.12999725341797,106.45999908447266,104.12999725341797,106.43000030517578,2961300
2025-07-07,100.8499984741211,104.29000091552734,100.77999877929688,104.0,5299800
2025-07-08,102.37999725341797,103.69999694824219,101.19999694824219,101.29000091552734,6511400
2025-07-09,102.1500015258789,103.25,101.9000015258789,102.91999816894531,4566500
2025-07-10,102.91999816894531,104.48999786376953,102.4800033569336,102.73999786376953,3645800
2025-07-11,101.2699966430664,102.9000015258789,101.19000244140625,102.2300033569336,4342900
2025-07-14,100.12000274658203,101.08000183105469,99.56999969482422,101.0,4030600
2025-07-15,99.52999877929688,100.66000366210938,99.5199966430664,100.30000305175781,4033400
2025-07-16,99.62999725341797,100.2300033569336,98.54000091552734,99.70999908447266,4782700
2025-07-17,99.5,100.0,98.2699966430664,99.33000183105469,3949900
2025-07-18,99.22000122070312,99.77999877929688,98.5802993774414,99.72000122070312,4528750
