Date,Open,High,Low,Close,Adj Close,Volume
2020-09-30 00:00:00,10.0,11.40999984741211,9.109999656677246,9.5,9.5,338584400
2020-10-01 00:00:00,9.6899995803833,10.100000381469727,9.229999542236328,9.460000038146973,9.460000038146973,124297600
2020-10-02 00:00:00,9.0600004196167,9.279999732971191,8.9399995803833,9.199999809265137,9.199999809265137,55018300
2020-10-05 00:00:00,9.430000305175781,9.489999771118164,8.920000076293945,9.029999732971191,9.029999732971191,36316900
2020-10-06 00:00:00,9.039999961853027,10.180000305175781,8.899999618530273,9.899999618530273,9.899999618530273,90864000
2020-10-07 00:00:00,10.039999961853027,10.489999771118164,9.989999771118164,10.0,10.0,54672400
2020-10-08 00:00:00,10.289999961853027,10.399999618530273,9.989999771118164,10.0,10.0,34989200
2020-10-09 00:00:00,10.130000114440918,10.1899995803833,9.890000343322754,9.949999809265137,9.949999809265137,19653500
2020-10-12 00:00:00,10.039999961853027,10.050000190734863,9.65999984741211,9.890000343322754,9.890000343322754,20623600
2020-10-13 00:00:00,9.880000114440918,9.880000114440918,9.40999984741211,9.470000267028809,9.470000267028809,21847200
2020-10-14 00:00:00,9.600000381469727,9.65999984741211,9.289999961853027,9.34000015258789,9.34000015258789,13652600
2020-10-15 00:00:00,9.270000457763672,9.90999984741211,9.180000305175781,9.90999984741211,9.90999984741211,12924100
2020-10-16 00:00:00,9.9399995803833,9.949999809265137,9.65999984741211,9.710000038146973,9.710000038146973,11142500
2020-10-19 00:00:00,9.789999961853027,9.819999694824219,9.529999732971191,9.569999694824219,9.569999694824219,9126400
2020-10-20 00:00:00,9.600000381469727,9.65999984741211,9.270000457763672,9.270000457763672,9.270000457763672,11138200
2020-10-21 00:00:00,9.300000190734863,9.479999542236328,9.199999809265137,9.199999809265137,9.199999809265137,9190000
2020-10-22 00:00:00,9.369999885559082,9.75,9.220000267028809,9.680000305175781,9.680000305175781,17928600
2020-10-23 00:00:00,9.710000038146973,9.829999923706055,9.470000267028809,9.489999771118164,9.489999771118164,12618000
2020-10-26 00:00:00,9.720000267028809,9.970000267028809,9.600000381469727,9.949999809265137,9.949999809265137,23767300
2020-10-27 00:00:00,10.0,11.039999961853027,9.920000076293945,10.949999809265137,10.949999809265137,53695900
2020-10-28 00:00:00,10.65999984741211,10.984999656677246,10.100000381469727,10.850000381469727,10.850000381469727,30941700
2020-10-29 00:00:00,10.899999618530273,11.100000381469727,10.5600004196167,10.75,10.75,20515700
2020-10-30 00:00:00,10.609999656677246,10.680000305175781,9.850000381469727,10.130000114440918,10.130000114440918,19705500
2020-11-02 00:00:00,10.229999542236328,10.569999694824219,10.229999542236328,10.539999961853027,10.539999961853027,11677800
2020-11-03 00:00:00,10.569999694824219,10.9399995803833,10.4399995803833,10.5,10.5,21652800
2020-11-04 00:00:00,10.819999694824219,10.920000076293945,10.550000190734863,10.720000267028809,10.720000267028809,15783400
2020-11-05 00:00:00,10.899999618530273,12.130000114440918,10.850000381469727,11.880000114440918,11.880000114440918,48560400
2020-11-06 00:00:00,12.220000267028809,14.960000038146973,12.050000190734863,13.829999923706055,13.829999923706055,89977600
2020-11-09 00:00:00,14.960000038146973,15.899999618530273,14.109999656677246,14.670000076293945,14.670000076293945,60099000
2020-11-10 00:00:00,14.989999771118164,15.010000228881836,13.180000305175781,14.0,14.0,38078700
2020-11-11 00:00:00,14.569999694824219,15.970000267028809,14.399999618530273,15.960000038146973,15.960000038146973,47027900
2020-11-12 00:00:00,16.65999984741211,17.059999465942383,14.40999984741211,14.579999923706055,14.579999923706055,97904000
2020-11-13 00:00:00,14.489999771118164,16.0,14.489999771118164,15.800000190734863,15.800000190734863,76354800
2020-11-16 00:00:00,15.960000038146973,16.100000381469727,15.010000228881836,15.930000305175781,15.930000305175781,65326000
2020-11-17 00:00:00,16.290000915527344,18.75,16.18000030517578,17.850000381469727,17.850000381469727,116618500
2020-11-18 00:00:00,18.280000686645508,19.25,17.540000915527344,17.899999618530273,17.899999618530273,89957900
2020-11-19 00:00:00,18.5,18.979999542236328,17.959999084472656,18.979999542236328,18.979999542236328,56225400
2020-11-20 00:00:00,19.030000686645508,19.65999984741211,18.0,18.149999618530273,18.149999618530273,72104000
2020-11-23 00:00:00,18.6299991607666,21.450000762939453,18.56999969482422,21.040000915527344,21.040000915527344,84716300
2020-11-24 00:00:00,22.350000381469727,24.270000457763672,20.6299991607666,23.81999969482422,23.81999969482422,115468800
2020-11-25 00:00:00,23.959999084472656,29.75,23.690000534057617,29.049999237060547,29.049999237060547,202563700
2020-11-27 00:00:00,31.190000534057617,33.5,26.1200008392334,27.65999984741211,27.65999984741211,207834000
2020-11-30 00:00:00,28.239999771118164,30.149999618530273,24.110000610351562,27.110000610351562,27.110000610351562,137243000
2020-12-01 00:00:00,28.09000015258789,28.139999389648438,24.450000762939453,25.670000076293945,25.670000076293945,84050000
2020-12-02 00:00:00,22.239999771118164,23.399999618530273,21.149999618530273,22.510000228881836,22.510000228881836,149062100
2020-12-03 00:00:00,23.549999237060547,25.6200008392334,23.5,24.030000686645508,24.030000686645508,85634300
2020-12-04 00:00:00,24.8799991607666,25.239999771118164,23.510000228881836,23.850000381469727,23.850000381469727,56044100
2020-12-07 00:00:00,24.440000534057617,29.0,24.440000534057617,28.940000534057617,28.940000534057617,118463700
2020-12-08 00:00:00,30.6299991607666,31.239999771118164,27.25,28.59000015258789,28.59000015258789,124754300
2020-12-09 00:00:00,28.68000030517578,28.850000381469727,25.329999923706055,26.6299991607666,26.6299991607666,79634700
2020-12-10 00:00:00,25.541000366210938,28.040000915527344,25.149999618530273,27.040000915527344,27.040000915527344,57774800
2020-12-11 00:00:00,27.149999618530273,28.270000457763672,26.059999465942383,27.200000762939453,27.200000762939453,52764400
2020-12-14 00:00:00,28.260000228881836,28.260000228881836,26.729999542236328,27.239999771118164,27.239999771118164,44734500
2020-12-15 00:00:00,26.81999969482422,27.100000381469727,25.520000457763672,26.43000030517578,26.43000030517578,49273200
2020-12-16 00:00:00,25.709999084472656,26.15999984741211,25.110000610351562,25.920000076293945,25.920000076293945,44013400
2020-12-17 00:00:00,26.520000457763672,27.450000762939453,26.049999237060547,27.229999542236328,27.229999542236328,53829800
2020-12-18 00:00:00,26.270000457763672,26.850000381469727,25.799999237060547,25.969999313354492,25.969999313354492,71042900
2020-12-21 00:00:00,26.190000534057617,28.700000762939453,25.399999618530273,28.510000228881836,28.510000228881836,76729100
2020-12-22 00:00:00,29.030000686645508,29.420000076293945,26.81999969482422,28.040000915527344,28.040000915527344,66033100
2020-12-23 00:00:00,28.950000762939453,29.389999389648438,28.049999237060547,28.690000534057617,28.690000534057617,58772200
2020-12-24 00:00:00,28.79800033569336,29.15999984741211,27.520000457763672,27.75,27.75,26306800
2020-12-28 00:00:00,28.389999389648438,28.59000015258789,25.399999618530273,25.6299991607666,25.6299991607666,55878700
2020-12-29 00:00:00,25.75,26.18199920654297,24.34000015258789,24.65999984741211,24.65999984741211,47302400
2020-12-30 00:00:00,24.969999313354492,25.90999984741211,24.6299991607666,25.100000381469727,25.100000381469727,34586700
2020-12-31 00:00:00,24.6299991607666,24.719999313354492,23.520000457763672,23.549999237060547,23.549999237060547,39922500
2021-01-04 00:00:00,23.90999984741211,24.5,22.5,23.3700008392334,23.3700008392334,44970400
2021-01-05 00:00:00,23.18000030517578,24.670000076293945,22.889999389648438,24.600000381469727,24.600000381469727,29050400
2021-01-06 00:00:00,24.1200008392334,24.459999084472656,23.25,23.540000915527344,23.540000915527344,32732900
2021-01-07 00:00:00,24.020000457763672,25.190000534057617,23.670000076293945,25.0,25.0,32240000
2021-01-08 00:00:00,25.700000762939453,26.440000534057617,24.700000762939453,25.200000762939453,25.200000762939453,41313800
2021-01-11 00:00:00,24.610000610351562,26.600000381469727,24.309999465942383,25.93000030517578,25.93000030517578,32609000
2021-01-12 00:00:00,26.34000015258789,26.420000076293945,25.510000228881836,26.18000030517578,26.18000030517578,26887200
2021-01-13 00:00:00,25.709999084472656,27.43000030517578,25.1299991607666,25.5,25.5,51216600
2021-01-14 00:00:00,25.450000762939453,25.6200008392334,24.3700008392334,24.920000076293945,24.920000076293945,32908000
2021-01-15 00:00:00,26.260000228881836,28.0,25.459999084472656,25.639999389648438,25.639999389648438,92285500
2021-01-19 00:00:00,26.809999465942383,27.540000915527344,26.0,26.6200008392334,26.6200008392334,48675800
2021-01-20 00:00:00,27.290000915527344,27.299999237060547,25.700000762939453,26.34000015258789,26.34000015258789,37459000
2021-01-21 00:00:00,26.420000076293945,26.68000030517578,25.299999237060547,25.979999542236328,25.979999542236328,29891400
2021-01-22 00:00:00,25.850000381469727,32.650001525878906,25.81999969482422,32.58000183105469,32.58000183105469,156844700
2021-01-25 00:00:00,34.459999084472656,39.58000183105469,29.559999465942383,36.22999954223633,36.22999954223633,191345300
2021-01-26 00:00:00,35.13999938964844,36.869998931884766,34.31999969482422,35.369998931884766,35.369998931884766,65870000
2021-01-27 00:00:00,32.970001220703125,45.0,32.25,39.0,39.0,170758800
2021-01-28 00:00:00,39.540000915527344,42.0,33.099998474121094,35.65999984741211,35.65999984741211,85250700
2021-01-29 00:00:00,36.61000061035156,38.0099983215332,34.65999984741211,35.18000030517578,35.18000030517578,42030900
2021-02-01 00:00:00,35.33000183105469,35.619998931884766,32.58000183105469,33.959999084472656,33.959999084472656,43460900
2021-02-02 00:00:00,34.099998474121094,34.20000076293945,30.5,31.020000457763672,31.020000457763672,69647900
2021-02-03 00:00:00,32.38999938964844,32.95000076293945,31.3799991607666,31.760000228881836,31.760000228881836,35312000
2021-02-04 00:00:00,32.58000183105469,33.18000030517578,31.049999237060547,32.04999923706055,32.04999923706055,31565000
2021-02-05 00:00:00,32.61000061035156,35.20000076293945,31.75,34.04999923706055,34.04999923706055,62375300
2021-02-08 00:00:00,37.220001220703125,39.220001220703125,35.88999938964844,36.04999923706055,36.04999923706055,72376000
2021-02-09 00:00:00,36.900001525878906,38.255001068115234,36.130001068115234,38.16999816894531,38.16999816894531,44243200
2021-02-10 00:00:00,38.150001525878906,38.2400016784668,35.0,35.70000076293945,35.70000076293945,45177200
2021-02-11 00:00:00,35.790000915527344,35.97999954223633,32.61000061035156,33.11000061035156,33.11000061035156,52094900
2021-02-12 00:00:00,33.36000061035156,33.650001525878906,31.34000015258789,31.90999984741211,31.90999984741211,60925600
2021-02-16 00:00:00,30.020000457763672,30.440000534057617,27.299999237060547,27.84000015258789,27.84000015258789,180294300
2021-02-17 00:00:00,27.989999771118164,29.729999542236328,27.0,27.079999923706055,27.079999923706055,151007000
2021-02-18 00:00:00,24.989999771118164,26.309999465942383,24.5,25.170000076293945,25.170000076293945,313175100
2021-02-19 00:00:00,27.020000457763672,29.959999084472656,26.899999618530273,29.0,29.0,320063700
2021-02-22 00:00:00,29.959999084472656,30.190000534057617,27.535999298095703,28.0,28.0,183049500
2021-02-23 00:00:00,25.959999084472656,27.459999084472656,23.899999618530273,26.75,26.75,145289400
2021-02-24 00:00:00,26.709999084472656,27.229999542236328,25.75,26.389999389648438,26.389999389648438,90095700
2021-02-25 00:00:00,25.81999969482422,26.440000534057617,23.149999618530273,23.959999084472656,23.959999084472656,161776400
2021-02-26 00:00:00,24.200000762939453,24.5,22.700000762939453,23.899999618530273,23.899999618530273,119588600
2021-03-01 00:00:00,25.190000534057617,25.899999618530273,24.6200008392334,24.809999465942383,24.809999465942383,85059900
2021-03-02 00:00:00,25.0,25.59000015258789,24.260000228881836,24.479999542236328,24.479999542236328,73997000
2021-03-03 00:00:00,24.989999771118164,25.167999267578125,23.43000030517578,23.59000015258789,23.59000015258789,79046200
2021-03-04 00:00:00,24.850000381469727,25.559999465942383,23.049999237060547,24.729999542236328,24.729999542236328,161611200
2021-03-05 00:00:00,24.360000610351562,24.68000030517578,20.18000030517578,23.950000762939453,23.950000762939453,173468600
2021-03-08 00:00:00,23.770000457763672,24.579999923706055,22.399999618530273,22.520000457763672,22.520000457763672,94432800
2021-03-09 00:00:00,23.3799991607666,24.739999771118164,23.100000381469727,24.260000228881836,24.260000228881836,99586500
2021-03-10 00:00:00,25.030000686645508,26.239999771118164,24.270000457763672,24.75,24.75,103212800
2021-03-11 00:00:00,25.950000762939453,26.84000015258789,25.579999923706055,26.729999542236328,26.729999542236328,84788700
2021-03-12 00:00:00,25.739999771118164,26.920000076293945,25.18000030517578,26.920000076293945,26.920000076293945,58721900
2021-03-15 00:00:00,27.350000381469727,27.469999313354492,26.309999465942383,26.790000915527344,26.790000915527344,56101500
2021-03-16 00:00:00,26.75,27.100000381469727,25.229999542236328,25.610000610351562,25.610000610351562,73615100
2021-03-17 00:00:00,24.520000457763672,25.729999542236328,24.299999237060547,25.209999084472656,25.209999084472656,77081700
2021-03-18 00:00:00,24.729999542236328,25.18000030517578,23.780000686645508,23.979999542236328,23.979999542236328,57141400
2021-03-19 00:00:00,24.010000228881836,24.56999969482422,23.389999389648438,24.31999969482422,24.31999969482422,57915900
2021-03-22 00:00:00,24.889999389648438,24.920000076293945,23.860000610351562,24.219999313354492,24.219999313354492,46208100
2021-03-23 00:00:00,24.0,24.104999542236328,23.100000381469727,23.260000228881836,23.260000228881836,50169700
2021-03-24 00:00:00,23.299999237060547,23.485000610351562,21.75,21.8799991607666,21.8799991607666,69271900
2021-03-25 00:00:00,21.200000762939453,22.799999237060547,21.049999237060547,22.579999923706055,22.579999923706055,74592600
2021-03-26 00:00:00,22.6299991607666,23.049999237060547,21.760000228881836,22.579999923706055,22.579999923706055,57916400
2021-03-29 00:00:00,22.479999542236328,22.5,21.389999389648438,21.729999542236328,21.729999542236328,57647400
2021-03-30 00:00:00,21.360000610351562,22.09000015258789,20.860000610351562,22.040000915527344,22.040000915527344,52039700
2021-03-31 00:00:00,22.5,23.850000381469727,22.3799991607666,23.290000915527344,23.290000915527344,61458500
2021-04-01 00:00:00,23.950000762939453,23.950000762939453,22.729999542236328,23.06999969482422,23.06999969482422,51788800
2021-04-05 00:00:00,23.780000686645508,24.450000762939453,23.34000015258789,23.440000534057617,23.440000534057617,65374300
2021-04-06 00:00:00,23.549999237060547,23.610000610351562,22.829999923706055,23.270000457763672,23.270000457763672,41933500
2021-04-07 00:00:00,23.0,23.549999237060547,22.809999465942383,22.899999618530273,22.899999618530273,32766200
2021-04-08 00:00:00,23.200000762939453,23.600000381469727,22.739999771118164,23.40999984741211,23.40999984741211,35905500
2021-04-09 00:00:00,23.459999084472656,24.350000381469727,23.3700008392334,24.040000915527344,24.040000915527344,54082700
2021-04-12 00:00:00,24.520000457763672,24.549999237060547,22.729999542236328,23.34000015258789,23.34000015258789,68620800
2021-04-13 00:00:00,23.190000534057617,25.659000396728516,23.1200008392334,25.420000076293945,25.420000076293945,83913500
2021-04-14 00:00:00,25.350000381469727,26.200000762939453,23.649999618530273,23.700000762939453,23.700000762939453,108793800
2021-04-15 00:00:00,24.010000228881836,24.059999465942383,22.690000534057617,23.149999618530273,23.149999618530273,58849300
2021-04-16 00:00:00,22.860000610351562,23.260000228881836,22.299999237060547,22.469999313354492,22.469999313354492,46627700
2021-04-19 00:00:00,22.149999618530273,22.329999923706055,21.530000686645508,21.940000534057617,21.940000534057617,45753900
2021-04-20 00:00:00,21.959999084472656,22.549999237060547,21.239999771118164,21.780000686645508,21.780000686645508,47123100
2021-04-21 00:00:00,21.649999618530273,22.639999389648438,21.43000030517578,22.6299991607666,22.6299991607666,42641400
2021-04-22 00:00:00,22.940000534057617,23.510000228881836,22.510000228881836,22.860000610351562,22.860000610351562,51346400
2021-04-23 00:00:00,22.889999389648438,23.549999237060547,22.739999771118164,23.40999984741211,23.40999984741211,32052800
2021-04-26 00:00:00,23.690000534057617,24.260000228881836,23.459999084472656,24.110000610351562,24.110000610351562,33667600
2021-04-27 00:00:00,24.170000076293945,24.260000228881836,23.56999969482422,23.8799991607666,23.8799991607666,27678300
2021-04-28 00:00:00,23.670000076293945,24.170000076293945,23.420000076293945,23.850000381469727,23.850000381469727,22068100
2021-04-29 00:00:00,23.8700008392334,24.139999389648438,22.809999465942383,23.3700008392334,23.3700008392334,36770100
2021-04-30 00:00:00,23.18000030517578,23.549999237060547,22.84000015258789,23.040000915527344,23.040000915527344,24717300
2021-05-03 00:00:00,23.010000228881836,23.079999923706055,22.209999084472656,22.299999237060547,22.299999237060547,33934400
2021-05-04 00:00:00,21.940000534057617,22.200000762939453,20.8700008392334,21.639999389648438,21.639999389648438,63429600
2021-05-05 00:00:00,21.809999465942383,21.940000534057617,20.969999313354492,21.149999618530273,21.149999618530273,39134700
2021-05-06 00:00:00,21.020000457763672,21.020000457763672,19.40999984741211,20.09000015258789,20.09000015258789,92201100
2021-05-07 00:00:00,20.299999237060547,20.75,19.579999923706055,19.75,19.75,63725500
2021-05-10 00:00:00,19.280000686645508,19.299999237060547,18.18000030517578,18.469999313354492,18.469999313354492,104670500
2021-05-11 00:00:00,17.200000762939453,20.299999237060547,17.05500030517578,20.209999084472656,20.209999084472656,203230500
2021-05-12 00:00:00,20.0,20.0,18.510000228881836,18.889999389648438,18.889999389648438,128281500
2021-05-13 00:00:00,19.139999389648438,19.469999313354492,17.81999969482422,18.3700008392334,18.3700008392334,87811600
2021-05-14 00:00:00,18.81999969482422,20.200000762939453,18.530000686645508,20.079999923706055,20.079999923706055,79409500
2021-05-17 00:00:00,19.729999542236328,20.489999771118164,19.6299991607666,20.459999084472656,20.459999084472656,50039600
2021-05-18 00:00:00,20.520000457763672,21.6200008392334,20.260000228881836,21.239999771118164,21.239999771118164,59672400
2021-05-19 00:00:00,20.100000381469727,21.03499984741211,19.940000534057617,20.670000076293945,20.670000076293945,45314000
2021-05-20 00:00:00,20.75,20.809999465942383,20.280000686645508,20.610000610351562,20.610000610351562,46302400
2021-05-21 00:00:00,20.84000015258789,21.15999984741211,20.469999313354492,20.75,20.75,35372900
2021-05-24 00:00:00,21.059999465942383,21.520000457763672,20.674999237060547,21.219999313354492,21.219999313354492,46596800
2021-05-25 00:00:00,21.420000076293945,22.110000610351562,21.280000686645508,21.479999542236328,21.479999542236328,49890800
2021-05-26 00:00:00,21.579999923706055,22.239999771118164,21.489999771118164,22.1200008392334,22.1200008392334,42958300
2021-05-27 00:00:00,22.010000228881836,22.700000762939453,21.649999618530273,22.700000762939453,22.700000762939453,76230500
2021-05-28 00:00:00,23.0,24.75,22.760000228881836,22.950000762939453,22.950000762939453,111846000
2021-06-01 00:00:00,23.190000534057617,23.350000381469727,22.360000610351562,23.059999465942383,23.059999465942383,52695500
2021-06-02 00:00:00,23.020000457763672,24.84000015258789,22.81999969482422,24.450000762939453,24.450000762939453,86473200
2021-06-03 00:00:00,24.139999389648438,24.260000228881836,23.34000015258789,23.6299991607666,23.6299991607666,48164200
2021-06-04 00:00:00,23.709999084472656,24.489999771118164,23.5,24.030000686645508,24.030000686645508,42537600
2021-06-07 00:00:00,24.0,24.760000228881836,23.790000915527344,24.459999084472656,24.459999084472656,49641000
2021-06-08 00:00:00,24.850000381469727,25.229999542236328,23.93000030517578,24.3799991607666,24.3799991607666,53488600
2021-06-09 00:00:00,24.450000762939453,24.739999771118164,24.170000076293945,24.170000076293945,24.170000076293945,36006200
2021-06-10 00:00:00,24.0,24.389999389648438,23.440000534057617,24.139999389648438,24.139999389648438,35482900
2021-06-11 00:00:00,24.1200008392334,24.709999084472656,24.030000686645508,24.670000076293945,24.670000076293945,33113100
2021-06-14 00:00:00,24.729999542236328,25.149999618530273,24.469999313354492,25.0,25.0,51801500
2021-06-15 00:00:00,25.030000686645508,25.549999237060547,24.389999389648438,24.40999984741211,24.40999984741211,46693200
2021-06-16 00:00:00,24.09000015258789,24.940000534057617,23.860000610351562,24.799999237060547,24.799999237060547,58452600
2021-06-17 00:00:00,24.68000030517578,25.459999084472656,24.549999237060547,25.450000762939453,25.450000762939453,64408400
2021-06-18 00:00:00,25.59000015258789,25.940000534057617,25.020000457763672,25.3700008392334,25.3700008392334,65852600
2021-06-21 00:00:00,25.100000381469727,25.549999237060547,24.510000228881836,25.420000076293945,25.420000076293945,54805000
2021-06-22 00:00:00,25.389999389648438,25.520000457763672,24.959999084472656,25.399999618530273,25.399999618530273,46171100
2021-06-23 00:00:00,25.459999084472656,26.350000381469727,25.34000015258789,26.270000457763672,26.270000457763672,53362200
2021-06-24 00:00:00,26.489999771118164,26.709999084472656,26.170000076293945,26.530000686645508,26.530000686645508,48419400
2021-06-25 00:00:00,26.579999923706055,27.010000228881836,26.2450008392334,26.780000686645508,26.780000686645508,140832700
2021-06-28 00:00:00,26.979999542236328,27.5,26.860000610351562,27.3799991607666,27.3799991607666,42184600
2021-06-29 00:00:00,27.3799991607666,27.440000534057617,26.440000534057617,26.6299991607666,26.6299991607666,38478900
2021-06-30 00:00:00,26.479999542236328,26.920000076293945,26.209999084472656,26.360000610351562,26.360000610351562,28957100
2021-07-01 00:00:00,26.100000381469727,26.1299991607666,24.59000015258789,24.719999313354492,24.719999313354492,55429800
2021-07-02 00:00:00,25.0,25.34000015258789,24.329999923706055,24.440000534057617,24.440000534057617,29389500
2021-07-06 00:00:00,24.600000381469727,25.200000762939453,24.469999313354492,24.68000030517578,24.68000030517578,28764500
2021-07-07 00:00:00,24.229999542236328,24.260000228881836,22.719999313354492,22.889999389648438,22.889999389648438,66937300
2021-07-08 00:00:00,22.43000030517578,23.209999084472656,22.25,23.079999923706055,23.079999923706055,34612600
2021-07-09 00:00:00,22.959999084472656,23.389999389648438,22.760000228881836,23.290000915527344,23.290000915527344,22492400
2021-07-12 00:00:00,23.260000228881836,23.4950008392334,22.8799991607666,22.950000762939453,22.950000762939453,23457200
2021-07-13 00:00:00,22.979999542236328,22.989999771118164,22.420000076293945,22.450000762939453,22.450000762939453,24748800
2021-07-14 00:00:00,22.489999771118164,22.6200008392334,21.510000228881836,21.559999465942383,21.559999465942383,33796200
2021-07-15 00:00:00,21.719999313354492,22.05500030517578,21.010000228881836,21.469999313354492,21.469999313354492,31871000
2021-07-16 00:00:00,21.600000381469727,21.709999084472656,21.239999771118164,21.3700008392334,21.3700008392334,19503100
2021-07-19 00:00:00,20.969999313354492,21.690000534057617,20.549999237060547,21.540000915527344,21.540000915527344,30314400
2021-07-20 00:00:00,21.6299991607666,22.350000381469727,21.219999313354492,22.18000030517578,22.18000030517578,22954000
2021-07-21 00:00:00,22.270000457763672,22.68000030517578,22.1200008392334,22.520000457763672,22.520000457763672,20437300
2021-07-22 00:00:00,22.549999237060547,22.670000076293945,21.8799991607666,22.06999969482422,22.06999969482422,17468900
2021-07-23 00:00:00,22.010000228881836,22.079999923706055,21.510000228881836,21.809999465942383,21.809999465942383,17653300
2021-07-26 00:00:00,21.799999237060547,22.299999237060547,21.479999542236328,22.1299991607666,22.1299991607666,16267900
2021-07-27 00:00:00,21.959999084472656,22.110000610351562,21.09000015258789,21.68000030517578,21.68000030517578,23078700
2021-07-28 00:00:00,21.75,22.614999771118164,21.690000534057617,22.559999465942383,22.559999465942383,25073600
2021-07-29 00:00:00,22.780000686645508,22.850000381469727,22.139999389648438,22.18000030517578,22.18000030517578,19219100
2021-07-30 00:00:00,21.850000381469727,22.4060001373291,21.709999084472656,21.709999084472656,21.709999084472656,15889200
2021-08-02 00:00:00,21.90999984741211,22.3700008392334,21.479999542236328,22.100000381469727,22.100000381469727,21372900
2021-08-03 00:00:00,22.030000686645508,22.270000457763672,21.709999084472656,22.239999771118164,22.239999771118164,17040100
2021-08-04 00:00:00,22.200000762939453,22.540000915527344,22.06999969482422,22.299999237060547,22.299999237060547,15537400
2021-08-05 00:00:00,22.219999313354492,22.770000457763672,22.020000457763672,22.520000457763672,22.520000457763672,18575200
2021-08-06 00:00:00,22.639999389648438,22.690000534057617,21.790000915527344,21.81999969482422,21.81999969482422,24200700
2021-08-09 00:00:00,21.850000381469727,23.280000686645508,21.799999237060547,22.93000030517578,22.93000030517578,35611100
2021-08-10 00:00:00,23.010000228881836,23.520000457763672,22.780000686645508,22.920000076293945,22.920000076293945,25947900
2021-08-11 00:00:00,23.06999969482422,23.190000534057617,22.09000015258789,22.350000381469727,22.350000381469727,34679000
2021-08-12 00:00:00,24.450000762939453,25.760000228881836,23.584999084472656,24.889999389648438,24.889999389648438,189287200
2021-08-13 00:00:00,25.0,25.100000381469727,24.309999465942383,24.899999618530273,24.899999618530273,52395100
2021-08-16 00:00:00,24.899999618530273,24.899999618530273,23.770000457763672,24.5,24.5,45907300
2021-08-17 00:00:00,23.899999618530273,24.59000015258789,23.739999771118164,23.969999313354492,23.969999313354492,35348300
2021-08-18 00:00:00,24.06999969482422,25.940000534057617,23.68000030517578,25.280000686645508,25.280000686645508,92065600
2021-08-19 00:00:00,25.010000228881836,25.639999389648438,24.139999389648438,24.15999984741211,24.15999984741211,67605600
2021-08-20 00:00:00,24.219999313354492,24.479999542236328,23.65999984741211,24.010000228881836,24.010000228881836,52062300
2021-08-23 00:00:00,24.020000457763672,24.93000030517578,23.899999618530273,24.81999969482422,24.81999969482422,35705300
2021-08-24 00:00:00,25.0,25.350000381469727,24.760000228881836,25.100000381469727,25.100000381469727,37227400
2021-08-25 00:00:00,25.1200008392334,25.190000534057617,24.06999969482422,24.350000381469727,24.350000381469727,54678500
2021-08-26 00:00:00,24.399999618530273,25.40999984741211,24.360000610351562,24.8700008392334,24.8700008392334,46179400
2021-08-27 00:00:00,25.049999237060547,26.09000015258789,24.90999984741211,25.709999084472656,25.709999084472656,52268500
2021-08-30 00:00:00,25.739999771118164,26.600000381469727,25.6200008392334,25.760000228881836,25.760000228881836,44139300
2021-08-31 00:00:00,25.790000915527344,26.360000610351562,25.65999984741211,26.34000015258789,26.34000015258789,93168600
2021-09-01 00:00:00,26.459999084472656,26.510000228881836,26.030000686645508,26.200000762939453,26.200000762939453,34417200
2021-09-02 00:00:00,26.209999084472656,26.8700008392334,26.09000015258789,26.510000228881836,26.510000228881836,38460100
2021-09-03 00:00:00,26.489999771118164,26.75,26.219999313354492,26.639999389648438,26.639999389648438,26609500
2021-09-07 00:00:00,26.790000915527344,26.8799991607666,26.270000457763672,26.700000762939453,26.700000762939453,35835100
2021-09-08 00:00:00,26.600000381469727,26.610000610351562,24.959999084472656,25.579999923706055,25.579999923706055,54394400
2021-09-09 00:00:00,25.389999389648438,26.239999771118164,25.290000915527344,26.1299991607666,26.1299991607666,34190800
2021-09-10 00:00:00,26.18000030517578,26.729999542236328,26.170000076293945,26.280000686645508,26.280000686645508,37307800
2021-09-13 00:00:00,26.149999618530273,26.23900032043457,25.030000686645508,25.829999923706055,25.829999923706055,42372300
2021-09-14 00:00:00,25.969999313354492,26.700000762939453,25.899999618530273,26.260000228881836,26.260000228881836,34569000
2021-09-15 00:00:00,26.299999237060547,27.149999618530273,26.030000686645508,27.079999923706055,27.079999923706055,49555500
2021-09-16 00:00:00,27.200000762939453,28.790000915527344,27.020000457763672,28.6299991607666,28.6299991607666,109992000
2021-09-17 00:00:00,28.65999984741211,29.290000915527344,28.06999969482422,28.709999084472656,28.709999084472656,182052600
2021-09-20 00:00:00,27.56999969482422,28.100000381469727,26.059999465942383,26.549999237060547,26.549999237060547,89413500
2021-09-21 00:00:00,26.889999389648438,27.14900016784668,26.079999923706055,26.6200008392334,26.6200008392334,50933600
2021-09-22 00:00:00,26.610000610351562,27.770000457763672,26.582000732421875,27.43000030517578,27.43000030517578,44308100
2021-09-23 00:00:00,27.709999084472656,29.190000534057617,27.670000076293945,28.770000457763672,28.770000457763672,60028600
2021-09-24 00:00:00,28.270000457763672,28.760000228881836,27.900999069213867,28.559999465942383,28.559999465942383,40309700
2021-09-27 00:00:00,28.229999542236328,28.3799991607666,27.229999542236328,27.469999313354492,27.469999313354492,44102800
2021-09-28 00:00:00,27.020000457763672,27.1299991607666,25.209999084472656,25.34000015258789,25.34000015258789,64206200
2021-09-29 00:00:00,25.610000610351562,25.700000762939453,24.420000076293945,24.520000457763672,24.520000457763672,46164500
2021-09-30 00:00:00,24.690000534057617,25.049999237060547,23.8799991607666,24.040000915527344,24.040000915527344,59505600
2021-10-01 00:00:00,24.209999084472656,24.360000610351562,23.719999313354492,24.329999923706055,24.329999923706055,32778000
2021-10-04 00:00:00,24.010000228881836,24.049999237060547,23.020000457763672,23.170000076293945,23.170000076293945,46789700
2021-10-05 00:00:00,23.209999084472656,23.8799991607666,23.06999969482422,23.209999084472656,23.209999084472656,56574800
2021-10-06 00:00:00,24.90999984741211,25.010000228881836,23.350000381469727,23.579999923706055,23.579999923706055,125175700
2021-10-07 00:00:00,23.709999084472656,24.1299991607666,23.540000915527344,23.729999542236328,23.729999542236328,38873700
2021-10-08 00:00:00,23.860000610351562,24.09600067138672,23.110000610351562,23.5,23.5,39713400
2021-10-11 00:00:00,23.260000228881836,23.979999542236328,23.260000228881836,23.530000686645508,23.530000686645508,23971700
2021-10-12 00:00:00,23.549999237060547,23.809999465942383,23.290000915527344,23.690000534057617,23.690000534057617,26280000
2021-10-13 00:00:00,23.829999923706055,24.309999465942383,23.790000915527344,24.1299991607666,24.1299991607666,28494000
2021-10-14 00:00:00,24.43000030517578,24.709999084472656,24.204999923706055,24.350000381469727,24.350000381469727,26106700
2021-10-15 00:00:00,24.5,24.520000457763672,23.829999923706055,24.0,24.0,24366100
2021-10-18 00:00:00,24.0,24.389999389648438,23.920000076293945,24.260000228881836,24.260000228881836,25609900
2021-10-19 00:00:00,24.5,25.200000762939453,24.360000610351562,24.690000534057617,24.690000534057617,29393900
2021-10-20 00:00:00,24.790000915527344,24.959999084472656,24.170000076293945,24.219999313354492,24.219999313354492,24248000
2021-10-21 00:00:00,24.1299991607666,24.93000030517578,24.079999923706055,24.780000686645508,24.780000686645508,23976600
2021-10-22 00:00:00,24.489999771118164,24.850000381469727,24.25,24.43000030517578,24.43000030517578,20166800
2021-10-25 00:00:00,24.5,25.540000915527344,24.479999542236328,25.40999984741211,25.40999984741211,33962100
2021-10-26 00:00:00,25.989999771118164,26.75,25.25,25.520000457763672,25.520000457763672,56767000
2021-10-27 00:00:00,25.639999389648438,25.899999618530273,25.020000457763672,25.059999465942383,25.059999465942383,24157200
2021-10-28 00:00:00,25.299999237060547,25.795000076293945,25.1200008392334,25.639999389648438,25.639999389648438,21203000
2021-10-29 00:00:00,25.5,26.1200008392334,25.450000762939453,25.8799991607666,25.8799991607666,21910300
2021-11-01 00:00:00,26.110000610351562,26.645000457763672,25.882999420166016,26.559999465942383,26.559999465942383,26684700
2021-11-02 00:00:00,26.559999465942383,26.719999313354492,25.55500030517578,25.920000076293945,25.920000076293945,30794600
2021-11-03 00:00:00,25.889999389648438,26.235000610351562,25.170000076293945,26.1200008392334,26.1200008392334,25244200
2021-11-04 00:00:00,26.260000228881836,26.56999969482422,25.8700008392334,26.469999313354492,26.469999313354492,25029700
2021-11-05 00:00:00,26.450000762939453,26.6299991607666,25.719999313354492,26.0,26.0,26005000
2021-11-08 00:00:00,26.25,27.110000610351562,26.1200008392334,26.75,26.75,41359600
2021-11-09 00:00:00,25.899999618530273,25.979999542236328,23.950000762939453,24.25,24.25,117540200
2021-11-10 00:00:00,23.600000381469727,23.639999389648438,22.1200008392334,22.520000457763672,22.520000457763672,94860100
2021-11-11 00:00:00,23.040000915527344,23.1299991607666,22.665000915527344,22.989999771118164,22.989999771118164,43381500
2021-11-12 00:00:00,23.020000457763672,23.225000381469727,22.3799991607666,22.829999923706055,22.829999923706055,53516200
2021-11-15 00:00:00,23.0,23.520000457763672,22.950000762939453,23.40999984741211,23.40999984741211,33225700
2021-11-16 00:00:00,23.290000915527344,23.290000915527344,22.610000610351562,23.1299991607666,23.1299991607666,31574800
2021-11-17 00:00:00,23.049999237060547,23.2189998626709,22.399999618530273,22.489999771118164,22.489999771118164,27994100
2021-11-18 00:00:00,22.5,22.549999237060547,21.341999053955078,21.5,21.5,51039900
2021-11-19 00:00:00,21.600000381469727,21.959999084472656,21.299999237060547,21.40999984741211,21.40999984741211,30013100
2021-11-22 00:00:00,21.530000686645508,21.56999969482422,20.18000030517578,20.649999618530273,20.649999618530273,59899100
2021-11-23 00:00:00,20.59000015258789,21.049999237060547,20.049999237060547,20.59000015258789,20.59000015258789,44588000
2021-11-24 00:00:00,20.350000381469727,21.200000762939453,20.059999465942383,21.110000610351562,21.110000610351562,35233900
2021-11-26 00:00:00,20.40999984741211,21.09000015258789,20.349000930786133,21.030000686645508,21.030000686645508,20691200
2021-11-29 00:00:00,21.190000534057617,21.399999618530273,20.559999465942383,21.06999969482422,21.06999969482422,29114000
2021-11-30 00:00:00,20.950000762939453,21.25,20.110000610351562,20.649999618530273,20.649999618530273,38196400
2021-12-01 00:00:00,20.530000686645508,20.889999389648438,19.290000915527344,19.3799991607666,19.3799991607666,48283700
2021-12-02 00:00:00,19.299999237060547,19.90999984741211,19.059999465942383,19.690000534057617,19.690000534057617,45802900
2021-12-03 00:00:00,19.5,19.530000686645508,18.399999618530273,18.979999542236328,18.979999542236328,56039600
2021-12-06 00:00:00,18.540000915527344,18.969999313354492,18.075000762939453,18.799999237060547,18.799999237060547,56459800
2021-12-07 00:00:00,19.260000228881836,19.854999542236328,19.06999969482422,19.459999084472656,19.459999084472656,35129000
2021-12-08 00:00:00,19.510000228881836,19.825000762939453,19.030000686645508,19.81999969482422,19.81999969482422,28425900
2021-12-09 00:00:00,19.950000762939453,20.149999618530273,19.040000915527344,19.209999084472656,19.209999084472656,30354700
2021-12-10 00:00:00,19.280000686645508,19.579999923706055,18.700000762939453,18.940000534057617,18.940000534057617,27594500
2021-12-13 00:00:00,18.799999237060547,19.075000762939453,18.170000076293945,18.399999618530273,18.399999618530273,38376000
2021-12-14 00:00:00,18.0,18.858999252319336,17.90999984741211,18.639999389648438,18.639999389648438,38864800
2021-12-15 00:00:00,18.3700008392334,18.940000534057617,17.9950008392334,18.860000610351562,18.860000610351562,39361900
2021-12-16 00:00:00,18.959999084472656,19.1200008392334,18.149999618530273,18.34000015258789,18.34000015258789,33950000
2021-12-17 00:00:00,18.030000686645508,19.100000381469727,17.809999465942383,19.059999465942383,19.059999465942383,44495200
2021-12-20 00:00:00,18.59000015258789,18.670000076293945,17.834999084472656,17.959999084472656,17.959999084472656,42265900
2021-12-21 00:00:00,18.15999984741211,18.979999542236328,18.100000381469727,18.899999618530273,18.899999618530273,33878600
2021-12-22 00:00:00,18.649999618530273,19.450000762939453,18.649999618530273,18.8799991607666,18.8799991607666,33894200
2021-12-23 00:00:00,18.850000381469727,19.135000228881836,18.719999313354492,18.93000030517578,18.93000030517578,24758300
2021-12-27 00:00:00,18.780000686645508,19.25,18.780000686645508,18.940000534057617,18.940000534057617,21782000
2021-12-28 00:00:00,18.889999389648438,19.06999969482422,18.440000534057617,18.56999969482422,18.56999969482422,20518800
2021-12-29 00:00:00,18.530000686645508,18.600000381469727,17.90999984741211,18.170000076293945,18.170000076293945,28217500
2021-12-30 00:00:00,18.100000381469727,18.9950008392334,18.06999969482422,18.690000534057617,18.690000534057617,29285200
2021-12-31 00:00:00,18.610000610351562,18.920000076293945,18.209999084472656,18.209999084472656,18.209999084472656,23556000
2022-01-03 00:00:00,18.360000610351562,18.569000244140625,17.860000610351562,18.530000686645508,18.530000686645508,34283600
2022-01-04 00:00:00,18.610000610351562,18.84000015258789,17.790000915527344,18.170000076293945,18.170000076293945,39643200
2022-01-05 00:00:00,18.030000686645508,18.56800079345703,16.8700008392334,16.959999084472656,16.959999084472656,58445900
2022-01-06 00:00:00,16.8700008392334,17.18000030517578,16.05500030517578,16.739999771118164,16.739999771118164,49737100
2022-01-07 00:00:00,16.700000762939453,17.329999923706055,16.475000381469727,16.559999465942383,16.559999465942383,37989300
2022-01-10 00:00:00,16.190000534057617,16.56999969482422,15.350000381469727,16.5,16.5,77649400
2022-01-11 00:00:00,16.399999618530273,17.25,16.31999969482422,16.889999389648438,16.889999389648438,47442600
2022-01-12 00:00:00,17.15999984741211,17.459999084472656,16.399999618530273,16.719999313354492,16.719999313354492,39784200
2022-01-13 00:00:00,16.799999237060547,16.81999969482422,15.9399995803833,16.010000228881836,16.010000228881836,35492200
2022-01-14 00:00:00,15.9399995803833,16.249000549316406,15.619999885559082,16.010000228881836,16.010000228881836,35624900
2022-01-18 00:00:00,15.449999809265137,15.75,14.920000076293945,14.970000267028809,14.970000267028809,49067700
2022-01-19 00:00:00,14.899999618530273,15.25,14.539999961853027,14.5600004196167,14.5600004196167,48049100
2022-01-20 00:00:00,14.890000343322754,15.550000190734863,14.569999694824219,14.619999885559082,14.619999885559082,44690400
2022-01-21 00:00:00,14.25,14.477999687194824,13.5,13.529999732971191,13.529999732971191,73031300
2022-01-24 00:00:00,12.789999961853027,13.40999984741211,11.75,13.399999618530273,13.399999618530273,110518900
2022-01-25 00:00:00,13.119999885559082,13.600000381469727,12.829999923706055,13.0600004196167,13.0600004196167,47456600
2022-01-26 00:00:00,13.600000381469727,13.819999694824219,12.680000305175781,12.75,12.75,69949700
2022-01-27 00:00:00,13.010000228881836,13.0600004196167,12.199999809265137,12.279999732971191,12.279999732971191,52622900
2022-01-28 00:00:00,12.300000190734863,12.880000114440918,11.890000343322754,12.710000038146973,12.710000038146973,54887500
2022-01-31 00:00:00,12.770000457763672,13.739999771118164,12.760000228881836,13.710000038146973,13.710000038146973,51039300
2022-02-01 00:00:00,14.229999542236328,14.369999885559082,13.5600004196167,14.199999809265137,14.199999809265137,69012900
2022-02-02 00:00:00,14.09000015258789,14.199999809265137,13.1899995803833,13.319999694824219,13.319999694824219,47204300
2022-02-03 00:00:00,12.949999809265137,13.319999694824219,12.420000076293945,12.449999809265137,12.449999809265137,47236900
2022-02-04 00:00:00,12.470000267028809,13.09000015258789,12.265000343322754,12.9399995803833,12.9399995803833,38989200
2022-02-07 00:00:00,13.024999618530273,13.600000381469727,12.9399995803833,12.979999542236328,12.979999542236328,45646100
2022-02-08 00:00:00,12.75,13.189000129699707,12.619999885559082,13.149999618530273,13.149999618530273,30317100
2022-02-09 00:00:00,13.289999961853027,13.890000343322754,13.260000228881836,13.869999885559082,13.869999885559082,34451900
2022-02-10 00:00:00,13.5,14.164999961853027,13.369999885559082,13.5600004196167,13.5600004196167,41998200
2022-02-11 00:00:00,13.449999809265137,13.920000076293945,12.970000267028809,13.130000114440918,13.130000114440918,41831600
2022-02-14 00:00:00,13.100000381469727,13.795000076293945,12.979999542236328,13.260000228881836,13.260000228881836,40617900
2022-02-15 00:00:00,13.520000457763672,14.1850004196167,13.40999984741211,14.170000076293945,14.170000076293945,48523700
2022-02-16 00:00:00,13.90999984741211,14.260000228881836,13.65999984741211,13.970000267028809,13.970000267028809,58624400
2022-02-17 00:00:00,12.390000343322754,12.699999809265137,11.699999809265137,11.770000457763672,11.770000457763672,151385400
2022-02-18 00:00:00,11.920000076293945,12.010000228881836,10.569999694824219,11.020000457763672,11.020000457763672,137808100
2022-02-22 00:00:00,10.699999809265137,11.1850004196167,10.300000190734863,10.479999542236328,10.479999542236328,104501500
2022-02-23 00:00:00,10.829999923706055,11.260000228881836,10.399999618530273,10.430000305175781,10.430000305175781,93964500
2022-02-24 00:00:00,9.75,11.869999885559082,9.739999771118164,11.829999923706055,11.829999923706055,118793000
2022-02-25 00:00:00,11.59000015258789,11.890000343322754,11.0,11.470000267028809,11.470000267028809,75433700
2022-02-28 00:00:00,11.960000038146973,12.180000305175781,11.390000343322754,11.850000381469727,11.850000381469727,75390500
2022-03-01 00:00:00,11.989999771118164,12.520000457763672,11.710000038146973,12.180000305175781,12.180000305175781,64867200
2022-03-02 00:00:00,12.210000038146973,12.210000038146973,11.420000076293945,12.0600004196167,12.0600004196167,56698300
2022-03-03 00:00:00,12.010000228881836,12.055000305175781,11.234999656677246,11.34000015258789,11.34000015258789,46172000
2022-03-04 00:00:00,11.699999809265137,11.770000457763672,10.739999771118164,10.960000038146973,10.960000038146973,43502200
2022-03-07 00:00:00,11.430000305175781,11.75,11.100000381469727,11.109999656677246,11.109999656677246,63070600
2022-03-08 00:00:00,10.930000305175781,11.390000343322754,10.718999862670898,11.039999961853027,11.039999961853027,49279600
2022-03-09 00:00:00,11.40999984741211,12.020000457763672,11.270000457763672,11.649999618530273,11.649999618530273,43591400
2022-03-10 00:00:00,11.380000114440918,11.970000267028809,11.319999694824219,11.869999885559082,11.869999885559082,52295400
2022-03-11 00:00:00,11.859999656677246,12.005000114440918,11.369999885559082,11.390000343322754,11.390000343322754,37817400
2022-03-14 00:00:00,11.170000076293945,11.40999984741211,10.40999984741211,10.5,10.5,49762600
2022-03-15 00:00:00,10.470000267028809,10.850000381469727,10.270000457763672,10.770000457763672,10.770000457763672,40451200
2022-03-16 00:00:00,10.949999809265137,11.819999694824219,10.9399995803833,11.789999961853027,11.789999961853027,62746600
2022-03-17 00:00:00,11.720000267028809,12.369999885559082,11.65999984741211,12.319999694824219,12.319999694824219,43948900
2022-03-18 00:00:00,12.279999732971191,13.020000457763672,12.21500015258789,12.819999694824219,12.819999694824219,59125500
2022-03-21 00:00:00,12.720000267028809,13.050000190734863,12.420000076293945,12.59000015258789,12.59000015258789,39410900
2022-03-22 00:00:00,12.520000457763672,13.479999542236328,12.520000457763672,13.270000457763672,13.270000457763672,46210700
2022-03-23 00:00:00,13.15999984741211,13.550000190734863,13.020000457763672,13.180000305175781,13.180000305175781,33699400
2022-03-24 00:00:00,13.25,13.420000076293945,12.829999923706055,13.390000343322754,13.390000343322754,29535300
2022-03-25 00:00:00,13.359999656677246,13.395000457763672,12.710000038146973,12.970000267028809,12.970000267028809,24796900
2022-03-28 00:00:00,13.010000228881836,13.4399995803833,12.854999542236328,13.420000076293945,13.420000076293945,27152000
2022-03-29 00:00:00,13.649999618530273,14.279999732971191,13.350000381469727,14.199999809265137,14.199999809265137,46433700
2022-03-30 00:00:00,14.039999961853027,14.359999656677246,13.739999771118164,13.880000114440918,13.880000114440918,32164000
2022-03-31 00:00:00,13.899999618530273,14.0600004196167,13.630000114440918,13.729999542236328,13.729999542236328,22840000
2022-04-01 00:00:00,13.770000457763672,14.0649995803833,13.5,13.829999923706055,13.829999923706055,23831600
2022-04-04 00:00:00,14.029999732971191,14.65999984741211,14.020000457763672,14.630000114440918,14.630000114440918,40066800
2022-04-05 00:00:00,14.609999656677246,14.859999656677246,13.795000076293945,13.890000343322754,13.890000343322754,37677300
2022-04-06 00:00:00,13.520000457763672,13.539999961853027,12.850000381469727,13.0,13.0,40647700
2022-04-07 00:00:00,12.949999809265137,13.34000015258789,12.479999542236328,12.84000015258789,12.84000015258789,34727400
2022-04-08 00:00:00,12.699999809265137,13.050000190734863,12.569999694824219,12.699999809265137,12.699999809265137,24962500
2022-04-11 00:00:00,12.449999809265137,12.819999694824219,12.130000114440918,12.65999984741211,12.65999984741211,26095800
2022-04-12 00:00:00,12.880000114440918,13.199999809265137,12.425000190734863,12.460000038146973,12.460000038146973,26226500
2022-04-13 00:00:00,12.350000381469727,12.9399995803833,12.230999946594238,12.899999618530273,12.899999618530273,21152900
2022-04-14 00:00:00,12.920000076293945,12.920000076293945,12.40999984741211,12.420000076293945,12.420000076293945,23284100
2022-04-18 00:00:00,12.350000381469727,12.414999961853027,11.880000114440918,12.149999618530273,12.149999618530273,25395600
2022-04-19 00:00:00,12.079999923706055,13.020000457763672,12.069999694824219,12.90999984741211,12.90999984741211,31753900
2022-04-20 00:00:00,13.079999923706055,13.170000076293945,12.739999771118164,12.789999961853027,12.789999961853027,31528600
2022-04-21 00:00:00,13.020000457763672,13.329999923706055,12.225000381469727,12.329999923706055,12.329999923706055,32009000
2022-04-22 00:00:00,12.329999923706055,12.729999542236328,11.859999656677246,11.960000038146973,11.960000038146973,30386100
2022-04-25 00:00:00,11.829999923706055,12.15999984741211,11.680000305175781,12.109999656677246,12.109999656677246,31727600
2022-04-26 00:00:00,11.9399995803833,12.050000190734863,11.100000381469727,11.119999885559082,11.119999885559082,38666500
2022-04-27 00:00:00,11.010000228881836,11.194999694824219,10.529999732971191,10.5600004196167,10.5600004196167,54508500
2022-04-28 00:00:00,10.6899995803833,11.045000076293945,10.369999885559082,10.949999809265137,10.949999809265137,40074500
2022-04-29 00:00:00,10.899999618530273,11.229999542236328,10.359999656677246,10.399999618530273,10.399999618530273,30937500
2022-05-02 00:00:00,10.380000114440918,10.755000114440918,10.180000305175781,10.739999771118164,10.739999771118164,41193800
2022-05-03 00:00:00,10.6899995803833,10.979999542236328,10.4399995803833,10.550000190734863,10.550000190734863,31372700
2022-05-04 00:00:00,10.529999732971191,11.010000228881836,10.079999923706055,10.979999542236328,10.979999542236328,43239900
2022-05-05 00:00:00,10.800000190734863,10.800000190734863,9.979999542236328,10.119999885559082,10.119999885559082,40523600
2022-05-06 00:00:00,10.0,10.050000190734863,9.420000076293945,9.479999542236328,9.479999542236328,69691300
2022-05-09 00:00:00,7.78000020980835,7.849999904632568,7.320000171661377,7.460000038146973,7.460000038146973,170871700
2022-05-10 00:00:00,7.559999942779541,7.703000068664551,6.929999828338623,7.289999961853027,7.289999961853027,86932400
2022-05-11 00:00:00,7.28000020980835,7.539999961853027,6.659999847412109,6.710000038146973,6.710000038146973,72894900
2022-05-12 00:00:00,6.550000190734863,7.380000114440918,6.440000057220459,7.340000152587891,7.340000152587891,82147300
2022-05-13 00:00:00,7.519999980926514,8.350000381469727,7.519999980926514,8.34000015258789,8.34000015258789,69242700
2022-05-16 00:00:00,8.170000076293945,8.430000305175781,8.010000228881836,8.039999961853027,8.039999961853027,46153200
2022-05-17 00:00:00,8.100000381469727,8.460000038146973,8.010000228881836,8.359999656677246,8.359999656677246,38620800
2022-05-18 00:00:00,8.210000038146973,8.430000305175781,7.920000076293945,8.010000228881836,8.010000228881836,29304600
2022-05-19 00:00:00,7.96999979019165,8.581000328063965,7.945000171661377,8.3100004196167,8.3100004196167,35780900
2022-05-20 00:00:00,8.260000228881836,8.399999618530273,7.710000038146973,8.079999923706055,8.079999923706055,40879100
2022-05-23 00:00:00,8.010000228881836,8.170000076293945,7.800000190734863,8.010000228881836,8.010000228881836,27755200
2022-05-24 00:00:00,7.980000019073486,7.989999771118164,7.369999885559082,7.550000190734863,7.550000190734863,47218700
2022-05-25 00:00:00,7.519999980926514,8.017999649047852,7.510000228881836,7.960000038146973,7.960000038146973,35068900
2022-05-26 00:00:00,7.840000152587891,8.399999618530273,7.769999980926514,8.359999656677246,8.359999656677246,39738900
2022-05-27 00:00:00,8.5,8.850000381469727,8.434000015258789,8.850000381469727,8.850000381469727,37064000
2022-05-31 00:00:00,8.970000267028809,9.100000381469727,8.5600004196167,8.680000305175781,8.680000305175781,41672300
2022-06-01 00:00:00,8.720000267028809,8.979000091552734,8.380000114440918,8.460000038146973,8.460000038146973,34438100
2022-06-02 00:00:00,8.539999961853027,9.390000343322754,8.461000442504883,9.300000190734863,9.300000190734863,41347000
2022-06-03 00:00:00,9.039999961853027,9.25,8.859999656677246,8.9399995803833,8.9399995803833,36632300
2022-06-06 00:00:00,9.109999656677246,9.210000038146973,8.779999732971191,8.979999542236328,8.979999542236328,35101100
2022-06-07 00:00:00,8.890000343322754,9.140000343322754,8.729999542236328,9.130000114440918,9.130000114440918,28049400
2022-06-08 00:00:00,9.180000305175781,9.420000076293945,9.09000015258789,9.180000305175781,9.180000305175781,29056300
2022-06-09 00:00:00,9.130000114440918,9.15999984741211,8.670000076293945,8.680000305175781,8.680000305175781,30527400
2022-06-10 00:00:00,8.479999542236328,8.579999923706055,8.140000343322754,8.260000228881836,8.260000228881836,30225800
2022-06-13 00:00:00,7.989999771118164,8.0,7.5,7.639999866485596,7.639999866485596,40943000
2022-06-14 00:00:00,7.735000133514404,7.980000019073486,7.585000038146973,7.820000171661377,7.820000171661377,30564100
2022-06-15 00:00:00,7.920000076293945,8.300000190734863,7.815000057220459,8.119999885559082,8.119999885559082,38235300
2022-06-16 00:00:00,7.840000152587891,7.985000133514404,7.579999923706055,7.670000076293945,7.670000076293945,36793500
2022-06-17 00:00:00,7.699999809265137,8.329999923706055,7.690000057220459,8.239999771118164,8.239999771118164,45518000
2022-06-21 00:00:00,8.59000015258789,9.050000190734863,8.5600004196167,8.710000038146973,8.710000038146973,48887600
2022-06-22 00:00:00,8.520000457763672,9.28499984741211,8.449999809265137,9.010000228881836,9.010000228881836,43430600
2022-06-23 00:00:00,9.020000457763672,9.5,8.84000015258789,9.460000038146973,9.460000038146973,44618000
2022-06-24 00:00:00,9.529999732971191,10.199999809265137,9.479999542236328,10.1899995803833,10.1899995803833,67826000
2022-06-27 00:00:00,10.149999618530273,10.15999984741211,9.510000228881836,9.619999885559082,9.619999885559082,44768000
2022-06-28 00:00:00,9.569999694824219,9.880000114440918,9.1899995803833,9.3100004196167,9.3100004196167,45589000
2022-06-29 00:00:00,9.350000381469727,9.420000076293945,9.069999694824219,9.229999542236328,9.229999542236328,40408700
2022-06-30 00:00:00,9.020000457763672,9.1899995803833,8.720000267028809,9.069999694824219,9.069999694824219,33636400
2022-07-01 00:00:00,9.109999656677246,9.430000305175781,9.031000137329102,9.270000457763672,9.270000457763672,33504400
2022-07-05 00:00:00,9.140000343322754,10.100000381469727,9.0,10.069999694824219,10.069999694824219,55854800
2022-07-06 00:00:00,10.010000228881836,10.3100004196167,9.739999771118164,9.800000190734863,9.800000190734863,54604300
2022-07-07 00:00:00,9.760000228881836,10.279999732971191,9.75,10.180000305175781,10.180000305175781,35672500
2022-07-08 00:00:00,9.920000076293945,10.380000114440918,9.829999923706055,10.170000076293945,10.170000076293945,36737100
2022-07-11 00:00:00,9.979999542236328,9.994000434875488,9.529999732971191,9.5600004196167,9.5600004196167,34015100
2022-07-12 00:00:00,9.65999984741211,9.960000038146973,9.270000457763672,9.489999771118164,9.489999771118164,42765800
2022-07-13 00:00:00,9.220000267028809,9.550000190734863,9.050000190734863,9.279999732971191,9.279999732971191,32461300
2022-07-14 00:00:00,9.229999542236328,9.279999732971191,8.850000381469727,8.899999618530273,8.899999618530273,26702100
2022-07-15 00:00:00,9.010000228881836,9.119999885559082,8.649999618530273,9.039999961853027,9.039999961853027,34918100
2022-07-18 00:00:00,9.25,9.449999809265137,9.005000114440918,9.029999732971191,9.029999732971191,32428400
2022-07-19 00:00:00,9.149999618530273,9.369999885559082,8.890000343322754,9.34000015258789,9.34000015258789,29033800
2022-07-20 00:00:00,9.4399995803833,10.199999809265137,9.4399995803833,10.109999656677246,10.109999656677246,40845200
2022-07-21 00:00:00,10.369999885559082,10.760000228881836,10.220000267028809,10.489999771118164,10.489999771118164,51691200
2022-07-22 00:00:00,10.350000381469727,10.569999694824219,9.729999542236328,9.84000015258789,9.84000015258789,38915500
2022-07-25 00:00:00,9.829999923706055,9.850000381469727,9.520000457763672,9.680000305175781,9.680000305175781,21485000
2022-07-26 00:00:00,9.65999984741211,9.65999984741211,9.380000114440918,9.399999618530273,9.399999618530273,21997800
2022-07-27 00:00:00,9.670000076293945,10.029999732971191,9.5,10.020000457763672,10.020000457763672,29810900
2022-07-28 00:00:00,10.029999732971191,10.199999809265137,9.739999771118164,10.130000114440918,10.130000114440918,27172900
2022-07-29 00:00:00,10.010000228881836,10.350000381469727,9.920000076293945,10.350000381469727,10.350000381469727,31106600
2022-08-01 00:00:00,10.25,10.699999809265137,10.121999740600586,10.470000267028809,10.470000267028809,31694700
2022-08-02 00:00:00,10.319999694824219,11.229999542236328,10.260000228881836,10.920000076293945,10.920000076293945,40958800
2022-08-03 00:00:00,11.079999923706055,11.34000015258789,11.039999961853027,11.199999809265137,11.199999809265137,35796500
2022-08-04 00:00:00,11.1899995803833,11.40999984741211,11.029999732971191,11.319999694824219,11.319999694824219,32093400
2022-08-05 00:00:00,11.010000228881836,11.619999885559082,10.850000381469727,11.449999809265137,11.449999809265137,50264800
2022-08-08 00:00:00,9.770000457763672,10.399999618530273,9.710000038146973,9.819999694824219,9.819999694824219,125272600
2022-08-09 00:00:00,9.539999961853027,9.569999694824219,9.010000228881836,9.25,9.25,58788900
2022-08-10 00:00:00,9.510000228881836,9.65999984741211,9.319999694824219,9.59000015258789,9.59000015258789,46054900
2022-08-11 00:00:00,9.760000228881836,10.050000190734863,9.399999618530273,9.420000076293945,9.420000076293945,44790900
2022-08-12 00:00:00,9.550000190734863,9.970000267028809,9.420000076293945,9.90999984741211,9.90999984741211,30638200
2022-08-15 00:00:00,9.819999694824219,10.100000381469727,9.760000228881836,9.90999984741211,9.90999984741211,33263400
2022-08-16 00:00:00,9.850000381469727,9.880000114440918,9.359999656677246,9.739999771118164,9.739999771118164,40603900
2022-08-17 00:00:00,9.5600004196167,9.619000434875488,9.329999923706055,9.430000305175781,9.430000305175781,33933600
2022-08-18 00:00:00,9.420000076293945,9.470000267028809,9.119999885559082,9.149999618530273,9.149999618530273,26365600
2022-08-19 00:00:00,9.0,9.010000228881836,8.479999542236328,8.510000228881836,8.510000228881836,40560200
2022-08-22 00:00:00,8.319999694824219,8.399999618530273,8.0600004196167,8.069999694824219,8.069999694824219,37824900
2022-08-23 00:00:00,8.100000381469727,8.279999732971191,8.0,8.010000228881836,8.010000228881836,25658500
2022-08-24 00:00:00,8.039999961853027,8.359999656677246,7.980000019073486,8.100000381469727,8.100000381469727,26576400
2022-08-25 00:00:00,8.220000267028809,8.430000305175781,8.050000190734863,8.420000076293945,8.420000076293945,25635600
2022-08-26 00:00:00,8.420000076293945,8.430000305175781,7.929999828338623,7.940000057220459,7.940000057220459,34150400
2022-08-29 00:00:00,7.820000171661377,7.998000144958496,7.760000228881836,7.809999942779541,7.809999942779541,28566200
2022-08-30 00:00:00,7.929999828338623,7.974999904632568,7.679999828338623,7.789999961853027,7.789999961853027,27189200
2022-08-31 00:00:00,7.949999809265137,8.0,7.699999809265137,7.71999979019165,7.71999979019165,28691500
2022-09-01 00:00:00,7.610000133514404,7.619999885559082,7.21999979019165,7.489999771118164,7.489999771118164,39079700
2022-09-02 00:00:00,7.670000076293945,7.670000076293945,7.349999904632568,7.400000095367432,7.400000095367432,25965000
2022-09-06 00:00:00,7.449999809265137,7.460000038146973,7.170000076293945,7.28000020980835,7.28000020980835,30429400
2022-09-07 00:00:00,7.269999980926514,7.429999828338623,7.179999828338623,7.389999866485596,7.389999866485596,30330000
2022-09-08 00:00:00,7.329999923706055,7.53000020980835,7.269999980926514,7.53000020980835,7.53000020980835,26303600
2022-09-09 00:00:00,7.679999828338623,7.820000171661377,7.639999866485596,7.789999961853027,7.789999961853027,27822300
2022-09-12 00:00:00,7.860000133514404,8.029999732971191,7.820000171661377,8.010000228881836,8.010000228881836,30544800
2022-09-13 00:00:00,7.630000114440918,7.659999847412109,7.449999809265137,7.480000019073486,7.480000019073486,29770700
2022-09-14 00:00:00,7.449999809265137,7.630000114440918,7.329999923706055,7.630000114440918,7.630000114440918,29422500
2022-09-15 00:00:00,7.46999979019165,8.100000381469727,7.449999809265137,8.010000228881836,8.010000228881836,51700600
2022-09-16 00:00:00,7.75,7.929999828338623,7.639999866485596,7.78000020980835,7.78000020980835,42155500
2022-09-19 00:00:00,7.639999866485596,7.860000133514404,7.579999923706055,7.860000133514404,7.860000133514404,29238800
2022-09-20 00:00:00,7.78000020980835,7.914999961853027,7.599999904632568,7.619999885559082,7.619999885559082,30349600
2022-09-21 00:00:00,7.71999979019165,8.069999694824219,7.65500020980835,7.690000057220459,7.690000057220459,36814500
2022-09-22 00:00:00,7.739999771118164,7.739999771118164,7.239999771118164,7.369999885559082,7.369999885559082,49138300
2022-09-23 00:00:00,7.199999809265137,7.420000076293945,7.130000114440918,7.400000095367432,7.400000095367432,34197300
2022-09-26 00:00:00,7.349999904632568,7.829999923706055,7.349999904632568,7.53000020980835,7.53000020980835,45429800
2022-09-27 00:00:00,7.690000057220459,7.835000038146973,7.460000038146973,7.630000114440918,7.630000114440918,31794700
2022-09-28 00:00:00,7.630000114440918,8.0,7.619999885559082,7.940000057220459,7.940000057220459,31955900
2022-09-29 00:00:00,8.050000190734863,8.329999923706055,7.78000020980835,8.079999923706055,8.079999923706055,57845800
2022-09-30 00:00:00,8.010000228881836,8.5,7.9710001945495605,8.130000114440918,8.130000114440918,47454800
2022-10-03 00:00:00,8.145000457763672,8.300000190734863,7.96999979019165,8.239999771118164,8.239999771118164,35524000
2022-10-04 00:00:00,8.479999542236328,8.609999656677246,8.34000015258789,8.460000038146973,8.460000038146973,36313300
2022-10-05 00:00:00,8.260000228881836,8.484999656677246,8.074999809265137,8.420000076293945,8.420000076293945,37790200
2022-10-06 00:00:00,8.399999618530273,8.600000381469727,8.3149995803833,8.470000267028809,8.470000267028809,27653400
2022-10-07 00:00:00,8.260000228881836,8.279999732971191,8.109999656677246,8.149999618530273,8.149999618530273,29550500
2022-10-10 00:00:00,8.170000076293945,8.180000305175781,7.880000114440918,8.0600004196167,8.0600004196167,26923300
2022-10-11 00:00:00,7.989999771118164,8.295000076293945,7.699999809265137,8.039999961853027,8.039999961853027,40775800
2022-10-12 00:00:00,8.0600004196167,8.100000381469727,7.820000171661377,8.069999694824219,8.069999694824219,30201600
2022-10-13 00:00:00,7.739999771118164,8.199999809265137,7.565000057220459,8.079999923706055,8.079999923706055,36040900
2022-10-14 00:00:00,8.229999542236328,8.3100004196167,7.53000020980835,7.53000020980835,7.53000020980835,37430100
2022-10-17 00:00:00,7.710000038146973,8.0600004196167,7.690000057220459,7.940000057220459,7.940000057220459,31751700
2022-10-18 00:00:00,8.149999618530273,8.329999923706055,8.039999961853027,8.15999984741211,8.15999984741211,37120400
2022-10-19 00:00:00,8.0600004196167,8.125,7.84499979019165,7.909999847412109,7.909999847412109,26594000
2022-10-20 00:00:00,7.730000019073486,8.260000228881836,7.730000019073486,8.039999961853027,8.039999961853027,26689500
2022-10-21 00:00:00,7.929999828338623,8.319999694824219,7.809999942779541,8.289999961853027,8.289999961853027,30705700
2022-10-24 00:00:00,8.300000190734863,8.300000190734863,8.010000228881836,8.270000457763672,8.270000457763672,28062200
2022-10-25 00:00:00,8.359999656677246,8.65999984741211,8.359999656677246,8.65999984741211,8.65999984741211,31001500
2022-10-26 00:00:00,8.479999542236328,9.050000190734863,8.390000343322754,8.569999694824219,8.569999694824219,33530900
2022-10-27 00:00:00,8.680000305175781,8.779999732971191,8.460000038146973,8.600000381469727,8.600000381469727,28940800
2022-10-28 00:00:00,8.550000190734863,8.65999984741211,8.364999771118164,8.640000343322754,8.640000343322754,20697400
2022-10-31 00:00:00,8.59000015258789,8.829999923706055,8.430000305175781,8.789999961853027,8.789999961853027,31376100
2022-11-01 00:00:00,8.989999771118164,9.0600004196167,8.5600004196167,8.649999618530273,8.649999618530273,29800000
2022-11-02 00:00:00,8.699999809265137,8.760000228881836,8.199999809265137,8.220000267028809,8.220000267028809,36042600
2022-11-03 00:00:00,8.069999694824219,8.300000190734863,7.869999885559082,8.079999923706055,8.079999923706055,36419500
2022-11-04 00:00:00,8.1899995803833,8.199999809265137,7.650000095367432,7.929999828338623,7.929999828338623,64338900
2022-11-07 00:00:00,7.78000020980835,7.849999904632568,6.889999866485596,7.019999980926514,7.019999980926514,99332800
2022-11-08 00:00:00,7.079999923706055,7.420000076293945,6.909999847412109,7.210000038146973,7.210000038146973,56353900
2022-11-09 00:00:00,7.119999885559082,7.184999942779541,6.949999809265137,6.980000019073486,6.980000019073486,42517300
2022-11-10 00:00:00,7.460000038146973,7.96999979019165,7.429999828338623,7.639999866485596,7.639999866485596,58579800
2022-11-11 00:00:00,7.480000019073486,8.420000076293945,7.375,8.40999984741211,8.40999984741211,55324100
2022-11-14 00:00:00,8.180000305175781,8.319999694824219,7.953000068664551,8.100000381469727,8.100000381469727,37402700
2022-11-15 00:00:00,8.449999809265137,8.470000267028809,8.154999732971191,8.34000015258789,8.34000015258789,34454100
2022-11-16 00:00:00,8.180000305175781,8.239999771118164,8.0,8.0600004196167,8.0600004196167,28436000
2022-11-17 00:00:00,7.829999923706055,7.880000114440918,7.525000095367432,7.619999885559082,7.619999885559082,33746500
2022-11-18 00:00:00,7.760000228881836,7.789999961853027,7.309999942779541,7.389999866485596,7.389999866485596,27245200
2022-11-21 00:00:00,7.309999942779541,7.320000171661377,7.070000171661377,7.190000057220459,7.190000057220459,36605600
2022-11-22 00:00:00,7.179999828338623,7.25,6.980000019073486,7.21999979019165,7.21999979019165,27327800
2022-11-23 00:00:00,7.25,7.420000076293945,7.119999885559082,7.369999885559082,7.369999885559082,24182900
2022-11-25 00:00:00,7.320000171661377,7.339000225067139,7.190000057220459,7.28000020980835,7.28000020980835,10824400
2022-11-28 00:00:00,7.230000019073486,7.400000095367432,7.150000095367432,7.159999847412109,7.159999847412109,19438000
2022-11-29 00:00:00,7.199999809265137,7.300000190734863,7.050000190734863,7.079999923706055,7.079999923706055,22150800
2022-11-30 00:00:00,7.139999866485596,7.510000228881836,7.0329999923706055,7.5,7.5,32745700
2022-12-01 00:00:00,7.510000228881836,7.880000114440918,7.46999979019165,7.860000133514404,7.860000133514404,34424400
2022-12-02 00:00:00,7.614999771118164,7.760000228881836,7.5,7.659999847412109,7.659999847412109,18794000
2022-12-05 00:00:00,7.619999885559082,7.695000171661377,7.105000019073486,7.190000057220459,7.190000057220459,32158200
2022-12-06 00:00:00,7.190000057220459,7.195000171661377,6.880000114440918,6.989999771118164,6.989999771118164,32868100
2022-12-07 00:00:00,7.079999923706055,7.349999904632568,7.019999980926514,7.070000171661377,7.070000171661377,28351600
2022-12-08 00:00:00,7.099999904632568,7.269999980926514,6.940000057220459,7.119999885559082,7.119999885559082,23107700
2022-12-09 00:00:00,7.059999942779541,7.190000057220459,7.03000020980835,7.110000133514404,7.110000133514404,23367300
2022-12-12 00:00:00,7.110000133514404,7.309999942779541,7.090000152587891,7.289999961853027,7.289999961853027,22672400
2022-12-13 00:00:00,7.730000019073486,7.96999979019165,7.489999771118164,7.5,7.5,41033800
2022-12-14 00:00:00,7.5,7.599999904632568,7.264999866485596,7.349999904632568,7.349999904632568,22653800
2022-12-15 00:00:00,7.170000076293945,7.297999858856201,7.010000228881836,7.010000228881836,7.010000228881836,25417100
2022-12-16 00:00:00,7.019999980926514,7.079999923706055,6.760000228881836,6.900000095367432,6.900000095367432,32655600
2022-12-19 00:00:00,6.800000190734863,6.829999923706055,6.320000171661377,6.349999904632568,6.349999904632568,41511600
2022-12-20 00:00:00,6.289999961853027,6.539999961853027,6.199999809265137,6.309999942779541,6.309999942779541,30215600
2022-12-21 00:00:00,6.239999771118164,6.519999980926514,6.039999961853027,6.5,6.5,34408600
2022-12-22 00:00:00,6.369999885559082,6.380000114440918,6.179999828338623,6.320000171661377,6.320000171661377,28066000
2022-12-23 00:00:00,6.269999980926514,6.300000190734863,6.070000171661377,6.289999961853027,6.289999961853027,20419000
2022-12-27 00:00:00,6.150000095367432,6.21999979019165,5.920000076293945,6.0,6.0,34573300
2022-12-28 00:00:00,5.980000019073486,6.170000076293945,5.949999809265137,6.070000171661377,6.070000171661377,30096800
2022-12-29 00:00:00,6.099999904632568,6.525000095367432,6.099999904632568,6.400000095367432,6.400000095367432,42694200
2022-12-30 00:00:00,6.190000057220459,6.420000076293945,6.190000057220459,6.420000076293945,6.420000076293945,27830900
2023-01-03 00:00:00,6.579999923706055,6.639999866485596,6.275000095367432,6.389999866485596,6.389999866485596,29969900
2023-01-04 00:00:00,6.480000019073486,6.675000190734863,6.369999885559082,6.579999923706055,6.579999923706055,31660500
2023-01-05 00:00:00,6.449999809265137,6.489999771118164,6.25,6.320000171661377,6.320000171661377,34186000
2023-01-06 00:00:00,6.400000095367432,6.449999809265137,6.090000152587891,6.400000095367432,6.400000095367432,30596400
2023-01-09 00:00:00,6.489999771118164,6.670000076293945,6.400000095367432,6.5,6.5,31028900
2023-01-10 00:00:00,6.5,6.71999979019165,6.489999771118164,6.699999809265137,6.699999809265137,28236600
2023-01-11 00:00:00,6.840000152587891,6.989999771118164,6.760000228881836,6.980000019073486,6.980000019073486,25936700
2023-01-12 00:00:00,7.010000228881836,7.050000190734863,6.78000020980835,7.010000228881836,7.010000228881836,30152500
2023-01-13 00:00:00,6.840000152587891,7.010000228881836,6.809999942779541,6.960000038146973,6.960000038146973,20981000
2023-01-17 00:00:00,6.989999771118164,7.150000095367432,6.730000019073486,7.070000171661377,7.070000171661377,30910300
2023-01-18 00:00:00,7.15500020980835,7.300000190734863,6.880000114440918,6.900000095367432,6.900000095367432,32743400
2023-01-19 00:00:00,6.800000190734863,6.894999980926514,6.670000076293945,6.730000019073486,6.730000019073486,24841700
2023-01-20 00:00:00,6.760000228881836,7.059999942779541,6.71999979019165,7.019999980926514,7.019999980926514,28751700
2023-01-23 00:00:00,7.03000020980835,7.409999847412109,6.991000175476074,7.380000114440918,7.380000114440918,31633300
2023-01-24 00:00:00,7.0,7.420000076293945,7.0,7.019999980926514,7.019999980926514,22649500
2023-01-25 00:00:00,6.920000076293945,7.269999980926514,6.690000057220459,7.21999979019165,7.21999979019165,37147900
2023-01-26 00:00:00,7.369999885559082,7.449999809265137,7.039999961853027,7.239999771118164,7.239999771118164,28005600
2023-01-27 00:00:00,7.190000057220459,7.730000019073486,7.139999866485596,7.550000190734863,7.550000190734863,37555200
2023-01-30 00:00:00,7.5,7.610000133514404,7.360000133514404,7.369999885559082,7.369999885559082,28567800
2023-01-31 00:00:00,7.409999847412109,7.820000171661377,7.380000114440918,7.78000020980835,7.78000020980835,40984000
2023-02-01 00:00:00,7.730000019073486,8.220000267028809,7.679999828338623,8.199999809265137,8.199999809265137,50123700
2023-02-02 00:00:00,8.510000228881836,9.210000038146973,8.470000267028809,8.989999771118164,8.989999771118164,71889700
2023-02-03 00:00:00,8.539999961853027,8.899999618530273,8.373000144958496,8.40999984741211,8.40999984741211,64785500
2023-02-06 00:00:00,8.3100004196167,8.53499984741211,8.239999771118164,8.3100004196167,8.3100004196167,38845500
2023-02-07 00:00:00,8.329999923706055,8.40999984741211,8.0600004196167,8.329999923706055,8.329999923706055,42201800
2023-02-08 00:00:00,8.25,8.569999694824219,8.170000076293945,8.220000267028809,8.220000267028809,35105500
2023-02-09 00:00:00,8.34000015258789,8.430000305175781,7.940000057220459,7.949999809265137,7.949999809265137,33366700
2023-02-10 00:00:00,7.789999961853027,7.860000133514404,7.460000038146973,7.510000228881836,7.510000228881836,43042400
2023-02-13 00:00:00,7.579999923706055,7.775000095367432,7.449999809265137,7.610000133514404,7.610000133514404,87397100
2023-02-14 00:00:00,8.59000015258789,9.295000076293945,8.229999542236328,9.220000267028809,9.220000267028809,216055200
2023-02-15 00:00:00,9.15999984741211,10.229999542236328,9.109999656677246,10.109999656677246,10.109999656677246,153210400
2023-02-16 00:00:00,9.649999618530273,10.3100004196167,9.600000381469727,9.710000038146973,9.710000038146973,88638800
2023-02-17 00:00:00,9.569999694824219,9.710000038146973,9.085000038146973,9.199999809265137,9.199999809265137,62137800
2023-02-21 00:00:00,9.010000228881836,9.100000381469727,8.399999618530273,8.470000267028809,8.470000267028809,65226600
2023-02-22 00:00:00,8.479999542236328,8.625,8.15999984741211,8.359999656677246,8.359999656677246,55346000
2023-02-23 00:00:00,8.420000076293945,8.479999542236328,7.909999847412109,8.170000076293945,8.170000076293945,60015500
2023-02-24 00:00:00,7.940000057220459,8.199999809265137,7.869999885559082,8.09000015258789,8.09000015258789,41518600
2023-02-27 00:00:00,8.119999885559082,8.229999542236328,7.960000038146973,8.029999732971191,8.029999732971191,35270000
2023-02-28 00:00:00,7.960000038146973,8.097000122070312,7.800000190734863,7.840000152587891,7.840000152587891,32937000
2023-03-01 00:00:00,7.829999923706055,7.909999847412109,7.690000057220459,7.690000057220459,7.690000057220459,27939100
2023-03-02 00:00:00,7.590000152587891,8.029999732971191,7.559999942779541,7.96999979019165,7.96999979019165,36538700
2023-03-03 00:00:00,8.0,8.5,8.0,8.329999923706055,8.329999923706055,43229100
2023-03-06 00:00:00,8.34000015258789,8.449999809265137,8.199999809265137,8.279999732971191,8.279999732971191,28316200
2023-03-07 00:00:00,8.274999618530273,8.425000190734863,8.1899995803833,8.279999732971191,8.279999732971191,26819600
2023-03-08 00:00:00,8.359999656677246,8.579999923706055,8.0600004196167,8.130000114440918,8.130000114440918,38723600
2023-03-09 00:00:00,8.069999694824219,8.260000228881836,7.679999828338623,7.690000057220459,7.690000057220459,29005900
2023-03-10 00:00:00,7.590000152587891,7.679999828338623,7.28000020980835,7.349999904632568,7.349999904632568,41953600
2023-03-13 00:00:00,7.289999961853027,8.149999618530273,7.190000057220459,7.869999885559082,7.869999885559082,63183500
2023-03-14 00:00:00,8.050000190734863,8.140000343322754,7.78000020980835,7.889999866485596,7.889999866485596,33460100
2023-03-15 00:00:00,7.809999942779541,7.989999771118164,7.699999809265137,7.900000095367432,7.900000095367432,28217400
2023-03-16 00:00:00,8.010000228881836,8.079999923706055,7.860000133514404,7.980000019073486,7.980000019073486,20255400
2023-03-17 00:00:00,7.929999828338623,8.029999732971191,7.840000152587891,7.880000114440918,7.880000114440918,20920800
2023-03-20 00:00:00,7.764999866485596,8.095000267028809,7.71999979019165,8.079999923706055,8.079999923706055,25497400
2023-03-21 00:00:00,8.199999809265137,8.510000228881836,8.170000076293945,8.449999809265137,8.449999809265137,27104500
2023-03-22 00:00:00,8.4399995803833,8.619999885559082,8.199999809265137,8.210000038146973,8.210000038146973,34151000
2023-03-23 00:00:00,8.319999694824219,8.5600004196167,8.15999984741211,8.329999923706055,8.329999923706055,22662200
2023-03-24 00:00:00,8.289999961853027,8.350000381469727,8.0600004196167,8.199999809265137,8.199999809265137,17901200
2023-03-27 00:00:00,8.149999618530273,8.319999694824219,7.940000057220459,8.039999961853027,8.039999961853027,20666800
2023-03-28 00:00:00,8.0600004196167,8.119999885559082,7.96999979019165,8.0,8.0,14860500
2023-03-29 00:00:00,8.09000015258789,8.25,8.050999641418457,8.220000267028809,8.220000267028809,15339700
2023-03-30 00:00:00,8.329999923706055,8.380000114440918,8.050000190734863,8.149999618530273,8.149999618530273,21001600
2023-03-31 00:00:00,8.149999618530273,8.479999542236328,8.079999923706055,8.449999809265137,8.449999809265137,26174800
2023-04-03 00:00:00,8.369999885559082,8.529999732971191,8.210000038146973,8.380000114440918,8.380000114440918,22512000
2023-04-04 00:00:00,8.529999732971191,8.539999961853027,8.229999542236328,8.350000381469727,8.350000381469727,23961200
2023-04-05 00:00:00,8.630000114440918,8.649999618530273,7.840000152587891,7.980000019073486,7.980000019073486,54946900
2023-04-06 00:00:00,7.880000114440918,8.140000343322754,7.789999961853027,8.09000015258789,8.09000015258789,23488600
2023-04-10 00:00:00,8.0,8.4399995803833,7.900000095367432,8.390000343322754,8.390000343322754,29184700
2023-04-11 00:00:00,8.350000381469727,8.789999961853027,8.34000015258789,8.609999656677246,8.609999656677246,35617900
2023-04-12 00:00:00,8.75,8.774999618530273,8.300000190734863,8.329999923706055,8.329999923706055,28771300
2023-04-13 00:00:00,8.5,8.699999809265137,8.430000305175781,8.579999923706055,8.579999923706055,27983300
2023-04-14 00:00:00,8.529999732971191,8.90999984741211,8.470000267028809,8.8100004196167,8.8100004196167,42364500
2023-04-17 00:00:00,8.8100004196167,9.039999961853027,8.779999732971191,8.800000190734863,8.800000190734863,26047500
2023-04-18 00:00:00,8.930000305175781,9.020000457763672,8.720000267028809,8.729999542236328,8.729999542236328,21185300
2023-04-19 00:00:00,8.579999923706055,8.657999992370605,8.479999542236328,8.489999771118164,8.489999771118164,18193700
2023-04-20 00:00:00,8.289999961853027,8.5,8.130000114440918,8.149999618530273,8.149999618530273,23573000
2023-04-21 00:00:00,8.140000343322754,8.220000267028809,8.09000015258789,8.180000305175781,8.180000305175781,14896700
2023-04-24 00:00:00,8.15999984741211,8.25,7.940000057220459,8.100000381469727,8.100000381469727,20439300
2023-04-25 00:00:00,8.0,8.020000457763672,7.730000019073486,7.739999771118164,7.739999771118164,21849100
2023-04-26 00:00:00,7.869999885559082,7.909999847412109,7.650000095367432,7.739999771118164,7.739999771118164,21396700
2023-04-27 00:00:00,7.829999923706055,7.909999847412109,7.71999979019165,7.820000171661377,7.820000171661377,21385500
2023-04-28 00:00:00,7.769999980926514,8.0,7.619999885559082,7.75,7.75,24924400
2023-05-01 00:00:00,7.75,7.820000171661377,7.659999847412109,7.78000020980835,7.78000020980835,19134200
2023-05-02 00:00:00,7.71999979019165,7.909999847412109,7.429999828338623,7.590000152587891,7.590000152587891,38008000
2023-05-03 00:00:00,7.619999885559082,7.679999828338623,7.449999809265137,7.559999942779541,7.559999942779541,24322400
2023-05-04 00:00:00,7.46999979019165,7.519999980926514,7.28000020980835,7.380000114440918,7.380000114440918,29989300
2023-05-05 00:00:00,7.440000057220459,7.550000190734863,7.320000171661377,7.409999847412109,7.409999847412109,45848800
2023-05-08 00:00:00,7.639999866485596,7.855000019073486,7.590000152587891,7.739999771118164,7.739999771118164,105304000
2023-05-09 00:00:00,9.220000267028809,9.6899995803833,8.654999732971191,9.550000190734863,9.550000190734863,223573300
2023-05-10 00:00:00,9.729999542236328,10.300000190734863,9.460000038146973,9.9399995803833,9.9399995803833,149375000
2023-05-11 00:00:00,10.140000343322754,10.159000396728516,9.710000038146973,9.880000114440918,9.880000114440918,73754100
2023-05-12 00:00:00,9.859999656677246,10.010000228881836,9.470000267028809,9.5,9.5,62123900
2023-05-15 00:00:00,9.210000038146973,9.600000381469727,9.020000457763672,9.520000457763672,9.520000457763672,53555500
2023-05-16 00:00:00,9.399999618530273,9.630000114440918,9.350000381469727,9.470000267028809,9.470000267028809,42311900
2023-05-17 00:00:00,9.539999961853027,10.28499984741211,9.460000038146973,10.25,10.25,63834500
2023-05-18 00:00:00,10.460000038146973,11.8100004196167,10.390000343322754,11.739999771118164,11.739999771118164,171402300
2023-05-19 00:00:00,11.970000267028809,12.40999984741211,11.520000457763672,11.710000038146973,11.710000038146973,150269300
2023-05-22 00:00:00,11.619999885559082,12.104999542236328,11.390000343322754,11.84000015258789,11.84000015258789,76377100
2023-05-23 00:00:00,11.949999809265137,13.420000076293945,11.869999885559082,12.640000343322754,12.640000343322754,148701800
2023-05-24 00:00:00,12.050000190734863,12.430000305175781,11.819999694824219,12.229999542236328,12.229999542236328,90496900
2023-05-25 00:00:00,13.180000305175781,13.220000267028809,12.34000015258789,12.84000015258789,12.84000015258789,106557800
2023-05-26 00:00:00,12.84000015258789,14.194999694824219,12.819999694824219,13.649999618530273,13.649999618530273,127311200
2023-05-30 00:00:00,14.4399995803833,15.005000114440918,14.239999771118164,14.710000038146973,14.710000038146973,159089300
2023-05-31 00:00:00,14.1899995803833,14.789999961853027,13.819999694824219,14.710000038146973,14.710000038146973,130392200
2023-06-01 00:00:00,14.460000038146973,15.220000267028809,14.199999809265137,14.539999961853027,14.539999961853027,126015100
2023-06-02 00:00:00,14.649999618530273,15.029999732971191,14.15999984741211,14.520000457763672,14.520000457763672,79487600
2023-06-05 00:00:00,14.364999771118164,15.699999809265137,14.364999771118164,15.239999771118164,15.239999771118164,109017800
2023-06-06 00:00:00,15.300000190734863,15.579999923706055,14.920000076293945,15.460000038146973,15.460000038146973,74284300
2023-06-07 00:00:00,16.010000228881836,17.15999984741211,14.520000457763672,14.6899995803833,14.6899995803833,227244100
2023-06-08 00:00:00,14.4399995803833,15.59000015258789,14.390000343322754,15.1899995803833,15.1899995803833,115591600
2023-06-09 00:00:00,15.359999656677246,15.979999542236328,14.819999694824219,15.020000457763672,15.020000457763672,94126300
2023-06-12 00:00:00,15.4399995803833,16.030000686645508,15.329999923706055,15.649999618530273,15.649999618530273,89900400
2023-06-13 00:00:00,16.18000030517578,16.270000457763672,15.163000106811523,16.0,16.0,112765900
2023-06-14 00:00:00,15.930000305175781,16.190000534057617,15.4399995803833,15.90999984741211,15.90999984741211,70871900
2023-06-15 00:00:00,15.65999984741211,16.790000915527344,15.489999771118164,16.600000381469727,16.600000381469727,91200900
2023-06-16 00:00:00,16.8700008392334,16.90999984741211,16.010000228881836,16.299999237060547,16.299999237060547,90696200
2023-06-20 00:00:00,15.989999771118164,16.889999389648438,15.579999923706055,15.789999961853027,15.789999961853027,81335000
2023-06-21 00:00:00,15.65999984741211,15.755000114440918,14.369999885559082,14.640000343322754,14.640000343322754,97885000
2023-06-22 00:00:00,14.300000190734863,14.4399995803833,13.859999656677246,14.050000190734863,14.050000190734863,103461000
2023-06-23 00:00:00,13.640000343322754,14.140000343322754,13.5600004196167,14.029999732971191,14.029999732971191,74851000
2023-06-26 00:00:00,13.869999885559082,14.420000076293945,13.829999923706055,13.9399995803833,13.9399995803833,50679900
2023-06-27 00:00:00,14.220000267028809,14.760000228881836,13.960000038146973,14.609999656677246,14.609999656677246,55410500
2023-06-28 00:00:00,14.529999732971191,15.430000305175781,14.46500015258789,15.279999732971191,15.279999732971191,66001000
2023-06-29 00:00:00,15.399999618530273,15.569999694824219,15.0600004196167,15.199999809265137,15.199999809265137,46300900
2023-06-30 00:00:00,15.479999542236328,15.800000190734863,15.229999542236328,15.329999923706055,15.329999923706055,42195300
2023-07-03 00:00:00,15.489999771118164,15.59000015258789,15.1899995803833,15.520000457763672,15.520000457763672,26037400
2023-07-05 00:00:00,15.425000190734863,15.770000457763672,15.229999542236328,15.699999809265137,15.699999809265137,39179900
2023-07-06 00:00:00,15.319999694824219,15.383000373840332,14.619999885559082,15.130000114440918,15.130000114440918,56534000
2023-07-07 00:00:00,15.229999542236328,15.899999618530273,15.1899995803833,15.34000015258789,15.34000015258789,48273300
2023-07-10 00:00:00,15.369999885559082,16.329999923706055,14.944999694824219,16.299999237060547,16.299999237060547,62823600
2023-07-11 00:00:00,16.469999313354492,16.93000030517578,16.149999618530273,16.489999771118164,16.489999771118164,63236600
2023-07-12 00:00:00,16.780000686645508,16.940000534057617,16.40999984741211,16.59000015258789,16.59000015258789,50079400
2023-07-13 00:00:00,16.700000762939453,17.260000228881836,16.631000518798828,16.739999771118164,16.739999771118164,58397800
2023-07-14 00:00:00,16.760000228881836,17.0,16.270000457763672,16.399999618530273,16.399999618530273,45115000
2023-07-17 00:00:00,16.420000076293945,17.59000015258789,16.31999969482422,17.399999618530273,17.399999618530273,63505000
2023-07-18 00:00:00,17.8799991607666,18.1299991607666,17.190000534057617,18.079999923706055,18.079999923706055,87117600
2023-07-19 00:00:00,18.020000457763672,18.9950008392334,17.760000228881836,18.049999237060547,18.049999237060547,89044600
2023-07-20 00:00:00,17.540000915527344,18.0,16.979999542236328,17.1299991607666,17.1299991607666,62711600
2023-07-21 00:00:00,17.469999313354492,17.489999771118164,16.0,16.43000030517578,16.43000030517578,63375900
2023-07-24 00:00:00,16.610000610351562,16.690000534057617,16.1200008392334,16.31999969482422,16.31999969482422,36133600
2023-07-25 00:00:00,16.350000381469727,16.860000610351562,16.350000381469727,16.549999237060547,16.549999237060547,36612900
2023-07-26 00:00:00,16.399999618530273,16.690000534057617,16.1299991607666,16.43000030517578,16.43000030517578,35804800
2023-07-27 00:00:00,16.799999237060547,17.190000534057617,16.0,16.149999618530273,16.149999618530273,50685200
2023-07-28 00:00:00,17.209999084472656,17.969999313354492,16.739999771118164,17.809999465942383,17.809999465942383,106125600
2023-07-31 00:00:00,18.81999969482422,19.9950008392334,18.3799991607666,19.84000015258789,19.84000015258789,142173800
2023-08-01 00:00:00,19.459999084472656,20.239999771118164,19.229999542236328,19.989999771118164,19.989999771118164,99336200
2023-08-02 00:00:00,19.260000228881836,19.6200008392334,18.149999618530273,18.969999313354492,18.969999313354492,98215800
2023-08-03 00:00:00,18.6299991607666,19.299999237060547,18.610000610351562,18.709999084472656,18.709999084472656,54345900
2023-08-04 00:00:00,18.874000549316406,19.079999923706055,18.079999923706055,18.200000762939453,18.200000762939453,72386000
2023-08-07 00:00:00,18.25,18.389999389648438,17.010000228881836,17.989999771118164,17.989999771118164,133808400
2023-08-08 00:00:00,17.489999771118164,17.489999771118164,16.100000381469727,17.040000915527344,17.040000915527344,143014200
2023-08-09 00:00:00,16.760000228881836,16.920000076293945,15.100000381469727,15.25,15.25,126230400
2023-08-10 00:00:00,15.4399995803833,15.869999885559082,15.25,15.40999984741211,15.40999984741211,73129100
2023-08-11 00:00:00,15.050000190734863,15.579999923706055,14.90999984741211,15.40999984741211,15.40999984741211,56616800
2023-08-14 00:00:00,15.199999809265137,15.739999771118164,14.949999809265137,15.720000267028809,15.720000267028809,47511400
2023-08-15 00:00:00,15.609999656677246,15.869999885559082,15.289999961853027,15.369999885559082,15.369999885559082,44000400
2023-08-16 00:00:00,15.210000038146973,15.725000381469727,15.119999885559082,15.449999809265137,15.449999809265137,40394600
2023-08-17 00:00:00,15.390000343322754,15.437000274658203,14.03499984741211,14.149999618530273,14.149999618530273,91086700
2023-08-18 00:00:00,13.880000114440918,14.600000381469727,13.680000305175781,14.399999618530273,14.399999618530273,70215200
2023-08-21 00:00:00,14.420000076293945,14.779999732971191,14.34000015258789,14.5,14.5,43206200
2023-08-22 00:00:00,14.760000228881836,15.130000114440918,14.630000114440918,14.670000076293945,14.670000076293945,52001800
2023-08-23 00:00:00,14.5,15.470000267028809,14.420000076293945,15.300000190734863,15.300000190734863,53523300
2023-08-24 00:00:00,15.699999809265137,15.710000038146973,13.875,14.140000343322754,14.140000343322754,93586200
2023-08-25 00:00:00,14.140000343322754,14.649999618530273,14.010000228881836,14.529999732971191,14.529999732971191,55668900
2023-08-28 00:00:00,14.6899995803833,14.880000114440918,14.5,14.640000343322754,14.640000343322754,35964700
2023-08-29 00:00:00,14.600000381469727,15.630000114440918,14.5,15.399999618530273,15.399999618530273,47213200
2023-08-30 00:00:00,15.460000038146973,16.350000381469727,15.329999923706055,16.329999923706055,16.329999923706055,65674100
2023-08-31 00:00:00,15.600000381469727,15.850000381469727,14.649999618530273,14.979999542236328,14.979999542236328,101517200
2023-09-01 00:00:00,15.15999984741211,15.364999771118164,14.829999923706055,15.180000305175781,15.180000305175781,45258900
2023-09-05 00:00:00,15.079999923706055,15.420000076293945,14.899999618530273,15.210000038146973,15.210000038146973,33818400
2023-09-06 00:00:00,15.170000076293945,15.619999885559082,15.079999923706055,15.300000190734863,15.300000190734863,38738100
2023-09-07 00:00:00,14.880000114440918,15.239999771118164,14.289999961853027,15.210000038146973,15.210000038146973,51798800
2023-09-08 00:00:00,15.119999885559082,15.609999656677246,15.085000038146973,15.130000114440918,15.130000114440918,33862000
2023-09-11 00:00:00,15.40999984741211,16.100000381469727,15.359999656677246,15.789999961853027,15.789999961853027,55294700
2023-09-12 00:00:00,15.460000038146973,16.149999618530273,15.430000305175781,15.59000015258789,15.59000015258789,39497900
2023-09-13 00:00:00,15.630000114440918,15.850000381469727,15.420000076293945,15.600000381469727,15.600000381469727,34354400
2023-09-14 00:00:00,15.6899995803833,16.040000915527344,15.470000267028809,15.829999923706055,15.829999923706055,38572500
2023-09-15 00:00:00,15.770000457763672,15.899999618530273,15.170000076293945,15.329999923706055,15.329999923706055,56271200
2023-09-18 00:00:00,15.180000305175781,15.630000114440918,15.069999694824219,15.460000038146973,15.460000038146973,37404100
2023-09-19 00:00:00,15.34000015258789,15.519000053405762,14.949999809265137,15.149999618530273,15.149999618530273,37804800
2023-09-20 00:00:00,15.25,15.425000190734863,14.732999801635742,14.739999771118164,14.739999771118164,37640500
2023-09-21 00:00:00,14.34000015258789,14.598999977111816,13.680000305175781,14.0,14.0,73071800
2023-09-22 00:00:00,14.229999542236328,14.414999961853027,14.029999732971191,14.130000114440918,14.130000114440918,47714500
2023-09-25 00:00:00,14.0,14.239999771118164,13.819999694824219,14.220000267028809,14.220000267028809,39693900
2023-09-26 00:00:00,13.949999809265137,14.170000076293945,13.880000114440918,13.960000038146973,13.960000038146973,37276200
2023-09-27 00:00:00,14.199999809265137,14.960000038146973,14.15999984741211,14.850000381469727,14.850000381469727,62780600
2023-09-28 00:00:00,15.140000343322754,15.960000038146973,14.824999809265137,15.770000457763672,15.770000457763672,66590800
2023-09-29 00:00:00,16.110000610351562,16.809999465942383,15.960000038146973,16.0,16.0,78055100
2023-10-02 00:00:00,16.030000686645508,16.440000534057617,15.770000457763672,15.880000114440918,15.880000114440918,41043900
2023-10-03 00:00:00,15.609999656677246,15.770000457763672,14.819999694824219,14.899999618530273,14.899999618530273,51578100
2023-10-04 00:00:00,15.460000038146973,15.850000381469727,15.15999984741211,15.729999542236328,15.729999542236328,52786200
2023-10-05 00:00:00,15.5600004196167,15.899999618530273,15.40999984741211,15.8100004196167,15.8100004196167,49648100
2023-10-06 00:00:00,15.5600004196167,16.69499969482422,15.510000228881836,16.610000610351562,16.610000610351562,65946300
2023-10-09 00:00:00,16.25,17.829999923706055,16.219999313354492,17.610000610351562,17.610000610351562,106161200
2023-10-10 00:00:00,18.059999465942383,18.399999618530273,17.6200008392334,17.799999237060547,17.799999237060547,99971500
2023-10-11 00:00:00,17.8700008392334,18.440000534057617,17.729999542236328,17.920000076293945,17.920000076293945,55745600
2023-10-12 00:00:00,17.920000076293945,18.239999771118164,17.551000595092773,17.940000534057617,17.940000534057617,57940900
2023-10-13 00:00:00,18.059999465942383,18.15999984741211,17.270000457763672,17.360000610351562,17.360000610351562,54541600
2023-10-16 00:00:00,17.209999084472656,17.459999084472656,16.670000076293945,17.360000610351562,17.360000610351562,44987300
2023-10-17 00:00:00,17.0,18.030000686645508,16.90999984741211,17.84000015258789,17.84000015258789,54401300
2023-10-18 00:00:00,17.809999465942383,18.219999313354492,17.190000534057617,17.200000762939453,17.200000762939453,44208300
2023-10-19 00:00:00,17.440000534057617,17.579999923706055,16.969999313354492,17.059999465942383,17.059999465942383,46303200
2023-10-20 00:00:00,16.850000381469727,16.940000534057617,15.8100004196167,16.110000610351562,16.110000610351562,63875500
2023-10-23 00:00:00,15.899999618530273,16.34000015258789,15.210000038146973,16.200000762939453,16.200000762939453,55967200
2023-10-24 00:00:00,16.3799991607666,16.93000030517578,16.299999237060547,16.639999389648438,16.639999389648438,39833800
2023-10-25 00:00:00,16.56999969482422,16.6299991607666,15.579999923706055,15.59000015258789,15.59000015258789,46706500
2023-10-26 00:00:00,15.600000381469727,15.90999984741211,15.050000190734863,15.289999961853027,15.289999961853027,49351800
2023-10-27 00:00:00,15.479999542236328,15.600000381469727,14.960000038146973,15.069999694824219,15.069999694824219,39913600
2023-10-30 00:00:00,15.270000457763672,15.289999961853027,14.5600004196167,14.6899995803833,14.6899995803833,46886400
2023-10-31 00:00:00,14.579999923706055,15.010000228881836,14.550000190734863,14.800000190734863,14.800000190734863,40195400
2023-11-01 00:00:00,14.800000190734863,14.960000038146973,14.479999542236328,14.920000076293945,14.920000076293945,54419100
2023-11-02 00:00:00,17.479999542236328,18.299999237060547,17.209999084472656,17.969999313354492,17.969999313354492,170406800
2023-11-03 00:00:00,18.020000457763672,19.07900047302246,17.760000228881836,18.889999389648438,18.889999389648438,109302000
2023-11-06 00:00:00,18.989999771118164,19.079999923706055,17.93000030517578,18.540000915527344,18.540000915527344,79952600
2023-11-07 00:00:00,18.860000610351562,19.170000076293945,18.530000686645508,18.799999237060547,18.799999237060547,56289100
2023-11-08 00:00:00,18.850000381469727,18.93000030517578,18.149999618530273,18.489999771118164,18.489999771118164,46063100
2023-11-09 00:00:00,18.65999984741211,18.8700008392334,18.15999984741211,18.270000457763672,18.270000457763672,48454200
2023-11-10 00:00:00,18.155000686645508,19.719999313354492,18.059999465942383,19.670000076293945,19.670000076293945,92748000
2023-11-13 00:00:00,19.59000015258789,19.8799991607666,19.299999237060547,19.709999084472656,19.709999084472656,74877500
2023-11-14 00:00:00,20.0,20.100000381469727,19.5,19.940000534057617,19.940000534057617,83230500
2023-11-15 00:00:00,19.899999618530273,20.3700008392334,19.611000061035156,19.950000762939453,19.950000762939453,75533500
2023-11-16 00:00:00,19.799999237060547,19.875,19.290000915527344,19.770000457763672,19.770000457763672,49942800
2023-11-17 00:00:00,19.68000030517578,20.579999923706055,19.659000396728516,20.489999771118164,20.489999771118164,69497400
2023-11-20 00:00:00,20.649999618530273,21.600000381469727,20.559999465942383,21.34000015258789,21.34000015258789,90270000
2023-11-21 00:00:00,21.110000610351562,21.850000381469727,19.719999313354492,19.799999237060547,19.799999237060547,106643300
2023-11-22 00:00:00,20.260000228881836,20.440000534057617,19.329999923706055,19.690000534057617,19.690000534057617,68326000
2023-11-24 00:00:00,19.3799991607666,19.600000381469727,18.93000030517578,19.200000762939453,19.200000762939453,39800400
2023-11-27 00:00:00,19.1299991607666,19.5,18.6200008392334,19.079999923706055,19.079999923706055,58808200
2023-11-28 00:00:00,19.110000610351562,19.799999237060547,19.030000686645508,19.709999084472656,19.709999084472656,54170700
2023-11-29 00:00:00,19.94499969482422,20.309999465942383,19.780000686645508,19.84000015258789,19.84000015258789,62782100
2023-11-30 00:00:00,19.940000534057617,20.229999542236328,19.68000030517578,20.049999237060547,20.049999237060547,55501000
2023-12-01 00:00:00,19.93000030517578,20.290000915527344,19.549999237060547,20.270000457763672,20.270000457763672,61493700
2023-12-04 00:00:00,19.75,19.899999618530273,18.270000457763672,18.399999618530273,18.399999618530273,104948500
2023-12-05 00:00:00,18.25,18.549999237060547,17.959999084472656,18.299999237060547,18.299999237060547,54460800
2023-12-06 00:00:00,17.690000534057617,17.829999923706055,17.049999237060547,17.1299991607666,17.1299991607666,96111000
2023-12-07 00:00:00,17.219999313354492,17.479999542236328,17.079999923706055,17.219999313354492,17.219999313354492,56455000
2023-12-08 00:00:00,17.18000030517578,17.920000076293945,17.09000015258789,17.770000457763672,17.770000457763672,57542100
2023-12-11 00:00:00,17.969999313354492,18.280000686645508,17.700000762939453,17.770000457763672,17.770000457763672,50929600
2023-12-12 00:00:00,17.690000534057617,17.8799991607666,17.229999542236328,17.5,17.5,46231900
2023-12-13 00:00:00,17.649999618530273,17.899999618530273,17.219999313354492,17.8700008392334,17.8700008392334,52682600
2023-12-14 00:00:00,18.170000076293945,18.579999923706055,17.719999313354492,18.209999084472656,18.209999084472656,67462800
2023-12-15 00:00:00,18.670000076293945,19.149999618530273,18.040000915527344,18.200000762939453,18.200000762939453,93307100
2023-12-18 00:00:00,18.209999084472656,18.575000762939453,17.770000457763672,17.84000015258789,17.84000015258789,60188100
2023-12-19 00:00:00,17.979999542236328,18.190000534057617,17.84000015258789,17.950000762939453,17.950000762939453,43530300
2023-12-20 00:00:00,17.8700008392334,17.920000076293945,17.190000534057617,17.25,17.25,58666900
2023-12-21 00:00:00,17.530000686645508,17.739999771118164,17.420000076293945,17.59000015258789,17.59000015258789,30493600
2023-12-22 00:00:00,17.700000762939453,17.700000762939453,17.325000762939453,17.40999984741211,17.40999984741211,33693800
2023-12-26 00:00:00,17.440000534057617,17.7450008392334,17.329999923706055,17.68000030517578,17.68000030517578,31750700
2023-12-27 00:00:00,17.780000686645508,17.90999984741211,17.450000762939453,17.469999313354492,17.469999313354492,32918400
2023-12-28 00:00:00,17.459999084472656,17.84000015258789,17.420000076293945,17.559999465942383,17.559999465942383,38990000
2023-12-29 00:00:00,17.520000457763672,17.639999389648438,17.100000381469727,17.170000076293945,17.170000076293945,38943500
2024-01-02 00:00:00,16.950000762939453,16.950000762939453,16.5,16.579999923706055,16.579999923706055,41626700
2024-01-03 00:00:00,16.1200008392334,16.3799991607666,16.010000228881836,16.09000015258789,16.09000015258789,46865200
2024-01-04 00:00:00,16.049999237060547,16.579999923706055,15.949999809265137,16.25,16.25,39937700
2024-01-05 00:00:00,15.699999809265137,16.128000259399414,15.663999557495117,15.979999542236328,15.979999542236328,57700000
2024-01-08 00:00:00,16.219999313354492,16.889999389648438,16.139999389648438,16.670000076293945,16.670000076293945,49090000
2024-01-09 00:00:00,16.510000228881836,16.6299991607666,16.280000686645508,16.389999389648438,16.389999389648438,35794500
2024-01-10 00:00:00,16.5,17.030000686645508,16.399999618530273,16.790000915527344,16.790000915527344,41254400
2024-01-11 00:00:00,16.809999465942383,16.93000030517578,16.170000076293945,16.68000030517578,16.68000030517578,39552400
2024-01-12 00:00:00,16.68000030517578,17.059999465942383,16.6200008392334,16.760000228881836,16.760000228881836,33952600
2024-01-16 00:00:00,16.59000015258789,16.739999771118164,16.290000915527344,16.530000686645508,16.530000686645508,32659300
2024-01-17 00:00:00,16.260000228881836,16.40999984741211,16.049999237060547,16.389999389648438,16.389999389648438,30832800
2024-01-18 00:00:00,16.75,16.809999465942383,16.100000381469727,16.399999618530273,16.399999618530273,35239700
2024-01-19 00:00:00,16.56999969482422,16.780000686645508,16.149999618530273,16.780000686645508,16.780000686645508,40690600
2024-01-22 00:00:00,17.459999084472656,18.350000381469727,17.43000030517578,17.600000381469727,17.600000381469727,85573900
2024-01-23 00:00:00,17.639999389648438,17.729999542236328,17.200000762939453,17.329999923706055,17.329999923706055,37794300
2024-01-24 00:00:00,17.510000228881836,17.649999618530273,16.735000610351562,16.75,16.75,42710700
2024-01-25 00:00:00,16.920000076293945,17.0,16.309999465942383,16.459999084472656,16.459999084472656,44589000
2024-01-26 00:00:00,16.399999618530273,16.75,16.34000015258789,16.350000381469727,16.350000381469727,28612200
2024-01-29 00:00:00,16.450000762939453,17.110000610351562,16.43000030517578,17.09000015258789,17.09000015258789,35987800
2024-01-30 00:00:00,17.040000915527344,17.239999771118164,16.65999984741211,16.739999771118164,16.739999771118164,36388200
2024-01-31 00:00:00,16.40999984741211,16.760000228881836,16.06999969482422,16.09000015258789,16.09000015258789,43582500
2024-02-01 00:00:00,16.209999084472656,16.48699951171875,16.030000686645508,16.329999923706055,16.329999923706055,40454400
2024-02-02 00:00:00,16.34000015258789,17.020000457763672,16.145000457763672,17.020000457763672,17.020000457763672,57672700
2024-02-05 00:00:00,17.559999465942383,17.8700008392334,16.479999542236328,16.719999313354492,16.719999313354492,167698300
2024-02-06 00:00:00,20.299999237060547,22.18000030517578,19.760000228881836,21.8700008392334,21.8700008392334,420501900
2024-02-07 00:00:00,21.600000381469727,23.8700008392334,21.3799991607666,23.600000381469727,23.600000381469727,254911100
2024-02-08 00:00:00,23.959999084472656,25.059999465942383,23.31999969482422,24.510000228881836,24.510000228881836,212671100
2024-02-09 00:00:00,25.040000915527344,25.110000610351562,23.56999969482422,24.3799991607666,24.3799991607666,149062000
2024-02-12 00:00:00,23.90999984741211,25.524999618530273,23.81999969482422,25.049999237060547,25.049999237060547,108173000
2024-02-13 00:00:00,23.530000686645508,24.65999984741211,23.309999465942383,24.010000228881836,24.010000228881836,102293300
2024-02-14 00:00:00,24.149999618530273,25.5,23.7549991607666,25.190000534057617,25.190000534057617,97227900
2024-02-15 00:00:00,25.040000915527344,25.459999084472656,24.709999084472656,25.40999984741211,25.40999984741211,70544300
2024-02-16 00:00:00,24.959999084472656,25.4950008392334,24.389999389648438,24.440000534057617,24.440000534057617,65498200
2024-02-20 00:00:00,23.84000015258789,24.0,22.71500015258789,23.399999618530273,23.399999618530273,93374300
2024-02-21 00:00:00,22.299999237060547,22.93000030517578,22.290000915527344,22.739999771118164,22.739999771118164,59628300
2024-02-22 00:00:00,23.770000457763672,23.950000762939453,23.049999237060547,23.59000015258789,23.59000015258789,64458200
2024-02-23 00:00:00,23.530000686645508,24.06999969482422,22.81999969482422,22.969999313354492,22.969999313354492,48840800
2024-02-26 00:00:00,23.030000686645508,23.8799991607666,22.940000534057617,23.559999465942383,23.559999465942383,46499500
2024-02-27 00:00:00,23.760000228881836,24.6200008392334,23.719999313354492,24.530000686645508,24.530000686645508,64967400
2024-02-28 00:00:00,24.520000457763672,24.84000015258789,24.2450008392334,24.420000076293945,24.420000076293945,47314000
2024-02-29 00:00:00,24.809999465942383,25.292999267578125,24.360000610351562,25.079999923706055,25.079999923706055,62753300
2024-03-01 00:00:00,25.299999237060547,25.690000534057617,24.53499984741211,24.93000030517578,24.93000030517578,64794400
2024-03-04 00:00:00,24.399999618530273,24.579999923706055,23.530000686645508,24.040000915527344,24.040000915527344,64320000
2024-03-05 00:00:00,23.959999084472656,24.409000396728516,23.43000030517578,23.809999465942383,23.809999465942383,49542300
2024-03-06 00:00:00,25.75,26.75,24.530000686645508,26.15999984741211,26.15999984741211,207386900
2024-03-07 00:00:00,27.010000228881836,27.5,26.3799991607666,26.459999084472656,26.459999084472656,117519300
2024-03-08 00:00:00,27.190000534057617,27.280000686645508,25.809999465942383,26.040000915527344,26.040000915527344,84256100
2024-03-11 00:00:00,25.889999389648438,26.829999923706055,25.290000915527344,25.350000381469727,25.350000381469727,60829300
2024-03-12 00:00:00,25.56999969482422,25.639999389648438,24.350000381469727,24.700000762939453,24.700000762939453,75202600
2024-03-13 00:00:00,24.700000762939453,25.440000534057617,24.600000381469727,25.0,25.0,59713000
2024-03-14 00:00:00,24.829999923706055,24.969999313354492,24.139999389648438,24.43000030517578,24.43000030517578,49214800
2024-03-15 00:00:00,23.850000381469727,24.100000381469727,23.420000076293945,23.489999771118164,23.489999771118164,61421000
2024-03-18 00:00:00,23.770000457763672,24.18000030517578,23.31999969482422,24.0,24.0,44083000
2024-03-19 00:00:00,23.5,23.829999923706055,22.920000076293945,23.799999237060547,23.799999237060547,43247200
2024-03-20 00:00:00,23.770000457763672,24.649999618530273,23.670000076293945,24.56999969482422,24.56999969482422,40273800
2024-03-21 00:00:00,25.299999237060547,25.329999923706055,24.440000534057617,24.489999771118164,24.489999771118164,37099600
2024-03-22 00:00:00,24.200000762939453,24.475000381469727,24.020000457763672,24.18000030517578,24.18000030517578,25453000
2024-03-25 00:00:00,24.1200008392334,24.6200008392334,24.049999237060547,24.510000228881836,24.510000228881836,29255900
2024-03-26 00:00:00,24.760000228881836,25.469999313354492,24.469999313354492,24.889999389648438,24.889999389648438,43610500
2024-03-27 00:00:00,25.0,25.479999542236328,24.260000228881836,24.510000228881836,24.510000228881836,38600100
2024-03-28 00:00:00,24.170000076293945,24.280000686645508,22.940000534057617,23.010000228881836,23.010000228881836,70008200
2024-04-01 00:00:00,22.979999542236328,23.209999084472656,22.399999618530273,22.860000610351562,22.860000610351562,41000000
2024-04-02 00:00:00,22.0,22.790000915527344,21.719999313354492,22.719999313354492,22.719999313354492,39770600
2024-04-03 00:00:00,22.440000534057617,23.010000228881836,22.3799991607666,22.700000762939453,22.700000762939453,30357400
2024-04-04 00:00:00,23.81999969482422,24.100000381469727,22.399999618530273,22.479999542236328,22.479999542236328,64995300
2024-04-05 00:00:00,22.420000076293945,23.31999969482422,22.30699920654297,22.959999084472656,22.959999084472656,38716800
2024-04-08 00:00:00,23.079999923706055,23.200000762939453,22.670000076293945,23.0,23.0,25022700
2024-04-09 00:00:00,23.010000228881836,23.086999893188477,22.459999084472656,22.809999465942383,22.809999465942383,27643300
2024-04-10 00:00:00,22.219999313354492,22.709999084472656,22.010000228881836,22.420000076293945,22.420000076293945,28642900
2024-04-11 00:00:00,22.649999618530273,22.90999984741211,22.25,22.84000015258789,22.84000015258789,26399400
2024-04-12 00:00:00,22.700000762939453,23.200000762939453,22.40999984741211,22.670000076293945,22.670000076293945,36764500
2024-04-15 00:00:00,22.790000915527344,23.1299991607666,21.829999923706055,21.899999618530273,21.899999618530273,38182100
2024-04-16 00:00:00,21.59000015258789,21.989999771118164,21.270000457763672,21.8799991607666,21.8799991607666,33869200
2024-04-17 00:00:00,22.010000228881836,22.110000610351562,21.219999313354492,21.309999465942383,21.309999465942383,30139800
2024-04-18 00:00:00,21.25,21.43000030517578,20.700000762939453,21.1299991607666,21.1299991607666,34550500
2024-04-19 00:00:00,20.979999542236328,21.43000030517578,20.329999923706055,20.469999313354492,20.469999313354492,39632600
2024-04-22 00:00:00,20.719999313354492,21.079999923706055,20.360000610351562,20.969999313354492,20.969999313354492,31894500
2024-04-23 00:00:00,21.25,22.059999465942383,21.229999542236328,21.639999389648438,21.639999389648438,36304600
2024-04-24 00:00:00,22.049999237060547,22.25,21.299999237060547,21.59000015258789,21.59000015258789,34426500
2024-04-25 00:00:00,20.81999969482422,21.739999771118164,20.65999984741211,21.709999084472656,21.709999084472656,26226700
2024-04-26 00:00:00,22.049999237060547,22.670000076293945,21.90999984741211,22.520000457763672,22.520000457763672,33119800
2024-04-29 00:00:00,22.75,23.09000015258789,22.545000076293945,22.829999923706055,22.829999923706055,30104900
2024-04-30 00:00:00,22.770000457763672,22.8700008392334,21.950000762939453,21.969999313354492,21.969999313354492,30511900
2024-05-01 00:00:00,21.93000030517578,22.829999923706055,21.6299991607666,22.1200008392334,22.1200008392334,34665900
2024-05-02 00:00:00,22.600000381469727,22.71500015258789,22.100000381469727,22.549999237060547,22.549999237060547,30396100
2024-05-03 00:00:00,23.479999542236328,23.639999389648438,22.90999984741211,23.329999923706055,23.329999923706055,55976400
2024-05-06 00:00:00,24.3700008392334,25.354999542236328,24.030000686645508,25.209999084472656,25.209999084472656,175936600
2024-05-07 00:00:00,21.989999771118164,22.700000762939453,21.350000381469727,21.399999618530273,21.399999618530273,161061600
2024-05-08 00:00:00,21.579999923706055,21.729999542236328,21.059999465942383,21.559999465942383,21.559999465942383,67582900
2024-05-09 00:00:00,21.489999771118164,21.579999923706055,20.940000534057617,21.139999389648438,21.139999389648438,54101900
2024-05-10 00:00:00,21.270000457763672,21.3700008392334,20.5,20.600000381469727,20.600000381469727,59845400
2024-05-13 00:00:00,20.600000381469727,21.190000534057617,20.600000381469727,20.940000534057617,20.940000534057617,37524800
2024-05-14 00:00:00,20.950000762939453,22.06999969482422,20.93000030517578,21.440000534057617,21.440000534057617,57894400
2024-05-15 00:00:00,21.729999542236328,21.809999465942383,21.184999465942383,21.670000076293945,21.670000076293945,39424000
2024-05-16 00:00:00,21.739999771118164,21.8700008392334,21.53499984741211,21.649999618530273,21.649999618530273,27416700
2024-05-17 00:00:00,21.780000686645508,22.16900062561035,21.559999465942383,21.760000228881836,21.760000228881836,30032300
2024-05-20 00:00:00,21.770000457763672,21.770000457763672,21.219999313354492,21.6200008392334,21.6200008392334,35255300
2024-05-21 00:00:00,21.34000015258789,21.450000762939453,21.1200008392334,21.239999771118164,21.239999771118164,27954000
2024-05-22 00:00:00,21.229999542236328,21.420000076293945,21.079999923706055,21.170000076293945,21.170000076293945,25212500
2024-05-23 00:00:00,21.389999389648438,21.520000457763672,20.6299991607666,20.719999313354492,20.719999313354492,36887600
2024-05-24 00:00:00,20.719999313354492,21.149999618530273,20.649999618530273,21.010000228881836,21.010000228881836,22158700
2024-05-28 00:00:00,21.059999465942383,21.219999313354492,20.729999542236328,21.049999237060547,21.049999237060547,26274200
2024-05-29 00:00:00,20.770000457763672,20.989999771118164,20.639999389648438,20.940000534057617,20.940000534057617,24834200
2024-05-30 00:00:00,21.280000686645508,21.959999084472656,21.020000457763672,21.729999542236328,21.729999542236328,47210300
2024-05-31 00:00:00,21.790000915527344,22.200000762939453,21.309999465942383,21.68000030517578,21.68000030517578,44416100
2024-06-03 00:00:00,21.700000762939453,21.790000915527344,21.0049991607666,21.31999969482422,21.31999969482422,33876100
2024-06-04 00:00:00,21.049999237060547,22.260000228881836,21.040000915527344,22.100000381469727,22.100000381469727,41974000
2024-06-05 00:00:00,22.479999542236328,22.979999542236328,22.219999313354492,22.959999084472656,22.959999084472656,39825400
2024-06-06 00:00:00,22.979999542236328,23.950000762939453,22.979999542236328,23.790000915527344,23.790000915527344,60400400
2024-06-07 00:00:00,23.239999771118164,23.56999969482422,23.059999465942383,23.309999465942383,23.309999465942383,37149900
2024-06-10 00:00:00,22.75,23.15999984741211,22.65999984741211,23.1299991607666,23.1299991607666,31429200
2024-06-11 00:00:00,23.059999465942383,23.950000762939453,22.889999389648438,23.850000381469727,23.850000381469727,30601900
2024-06-12 00:00:00,24.200000762939453,24.329999923706055,23.56999969482422,23.770000457763672,23.770000457763672,38542700
2024-06-13 00:00:00,23.850000381469727,24.139999389648438,23.149999618530273,23.270000457763672,23.270000457763672,26035100
2024-06-14 00:00:00,23.149999618530273,23.719999313354492,22.84000015258789,23.56999969482422,23.56999969482422,26618300
2024-06-17 00:00:00,23.469999313354492,25.059999465942383,23.450000762939453,25.020000457763672,25.020000457763672,54101500
2024-06-18 00:00:00,25.149999618530273,26.024999618530273,24.829999923706055,25.81999969482422,25.81999969482422,54458600
2024-06-20 00:00:00,26.440000534057617,26.56999969482422,25.155000686645508,25.559999465942383,25.559999465942383,66735000
2024-06-21 00:00:00,24.709999084472656,26.09000015258789,23.530000686645508,23.84000015258789,23.84000015258789,68605900
2024-06-24 00:00:00,23.440000534057617,24.386999130249023,23.299999237060547,24.15999984741211,24.15999984741211,36477400
2024-06-25 00:00:00,24.15999984741211,24.6299991607666,23.920000076293945,24.559999465942383,24.559999465942383,29389400
2024-06-26 00:00:00,24.469999313354492,24.65999984741211,24.024999618530273,24.100000381469727,24.100000381469727,24331400
2024-06-27 00:00:00,24.100000381469727,25.399999618530273,24.049999237060547,25.219999313354492,25.219999313354492,37882900
2024-06-28 00:00:00,25.280000686645508,25.56999969482422,25.030000686645508,25.329999923706055,25.329999923706055,38886400
2024-07-01 00:00:00,25.479999542236328,26.020000457763672,25.142000198364258,25.8799991607666,25.8799991607666,33167900
2024-07-02 00:00:00,25.84000015258789,26.43000030517578,25.75,25.829999923706055,25.829999923706055,32148200
2024-07-03 00:00:00,25.959999084472656,26.270000457763672,25.760000228881836,25.850000381469727,25.850000381469727,18433800
2024-07-05 00:00:00,26.0,27.25,25.975000381469727,27.229999542236328,27.229999542236328,46703700
2024-07-08 00:00:00,27.93000030517578,27.986000061035156,26.84000015258789,27.700000762939453,27.700000762939453,59611200
2024-07-09 00:00:00,27.93000030517578,28.3799991607666,27.229999542236328,27.389999389648438,27.389999389648438,53067100
2024-07-10 00:00:00,27.5,28.469999313354492,27.3700008392334,28.420000076293945,28.420000076293945,43231000
2024-07-11 00:00:00,28.489999771118164,28.59000015258789,26.899999618530273,27.639999389648438,27.639999389648438,61546100
2024-07-12 00:00:00,27.31999969482422,28.1299991607666,27.280000686645508,28.06999969482422,28.06999969482422,30760300
2024-07-15 00:00:00,28.420000076293945,29.299999237060547,27.899999618530273,28.670000076293945,28.670000076293945,49186300
2024-07-16 00:00:00,28.18000030517578,28.84000015258789,27.469999313354492,28.670000076293945,28.670000076293945,59330700
2024-07-17 00:00:00,28.0,28.8700008392334,27.600000381469727,28.219999313354492,28.219999313354492,45203500
2024-07-18 00:00:00,28.420000076293945,29.829999923706055,28.149999618530273,28.639999389648438,28.639999389648438,76485600
2024-07-19 00:00:00,28.309999465942383,29.600000381469727,28.270000457763672,28.579999923706055,28.579999923706055,49581600
2024-07-22 00:00:00,28.93000030517578,28.969999313354492,27.690000534057617,28.459999084472656,28.459999084472656,38037800
2024-07-23 00:00:00,28.34000015258789,29.190000534057617,28.309999465942383,28.809999465942383,28.809999465942383,31134300
2024-07-24 00:00:00,28.440000534057617,28.684999465942383,26.579999923706055,26.600000381469727,26.600000381469727,49004100
2024-07-25 00:00:00,26.040000915527344,27.288000106811523,25.420000076293945,26.6299991607666,26.6299991607666,45474600
2024-07-26 00:00:00,27.0,27.34000015258789,26.770000457763672,27.18000030517578,27.18000030517578,27432200
2024-07-29 00:00:00,27.559999465942383,27.799999237060547,26.729999542236328,27.079999923706055,27.079999923706055,26038800
2024-07-30 00:00:00,27.25,27.440000534057617,25.889999389648438,26.3700008392334,26.3700008392334,31819900
2024-07-31 00:00:00,27.020000457763672,27.389999389648438,26.8799991607666,26.889999389648438,26.889999389648438,29111600
2024-08-01 00:00:00,27.020000457763672,27.53499984741211,25.829999923706055,26.079999923706055,26.079999923706055,31189600
2024-08-02 00:00:00,24.75,24.8700008392334,23.75,24.739999771118164,24.739999771118164,56092600
2024-08-05 00:00:00,21.739999771118164,24.420000076293945,21.229999542236328,24.09000015258789,24.09000015258789,88023500
2024-08-06 00:00:00,27.049999237060547,27.420000076293945,25.56999969482422,26.59000015258789,26.59000015258789,99622700
2024-08-07 00:00:00,27.06999969482422,28.360000610351562,26.239999771118164,26.31999969482422,26.31999969482422,75975400
2024-08-08 00:00:00,27.040000915527344,29.375,26.690000534057617,29.280000686645508,29.280000686645508,96892900
2024-08-09 00:00:00,29.280000686645508,30.360000610351562,29.100000381469727,30.010000228881836,30.010000228881836,88131100
2024-08-12 00:00:00,30.219999313354492,31.200000762939453,29.270000457763672,29.3799991607666,29.3799991607666,67890300
2024-08-13 00:00:00,29.788999557495117,30.850000381469727,29.559999465942383,30.389999389648438,30.389999389648438,57294200
2024-08-14 00:00:00,30.6200008392334,31.3700008392334,30.329999923706055,31.0,31.0,49885600
2024-08-15 00:00:00,31.309999465942383,31.4950008392334,30.829999923706055,31.219999313354492,31.219999313354492,43407600
2024-08-16 00:00:00,31.040000915527344,32.75,30.979999542236328,32.08000183105469,32.08000183105469,64870600
2024-08-19 00:00:00,32.41999816894531,32.59000015258789,31.81399917602539,32.5,32.5,52353600
2024-08-20 00:00:00,32.5,32.720001220703125,31.6299991607666,32.31999969482422,32.31999969482422,40783000
2024-08-21 00:00:00,32.31999969482422,32.66999816894531,31.969999313354492,32.540000915527344,32.540000915527344,38147600
2024-08-22 00:00:00,32.54999923706055,33.125,31.850000381469727,31.920000076293945,31.920000076293945,43522200
2024-08-23 00:00:00,31.989999771118164,32.54999923706055,31.621999740600586,31.780000686645508,31.780000686645508,34121200
2024-08-26 00:00:00,31.43000030517578,31.739999771118164,30.790000915527344,30.850000381469727,30.850000381469727,35283600
2024-08-27 00:00:00,30.549999237060547,31.1200008392334,30.3799991607666,30.84000015258789,30.84000015258789,23541300
2024-08-28 00:00:00,30.6200008392334,30.799999237060547,29.75,30.360000610351562,30.360000610351562,33961400
2024-08-29 00:00:00,30.649999618530273,31.81999969482422,30.483999252319336,31.0,31.0,39733000
2024-08-30 00:00:00,31.049999237060547,31.5,30.700000762939453,31.479999542236328,31.479999542236328,42388000
2024-09-03 00:00:00,31.350000381469727,31.589000701904297,30.165000915527344,30.510000228881836,30.510000228881836,34531600
2024-09-04 00:00:00,30.0,30.850000381469727,29.309999465942383,30.59000015258789,30.59000015258789,33419500
2024-09-05 00:00:00,30.239999771118164,30.739999771118164,30.010000228881836,30.15999984741211,30.15999984741211,24012300
2024-09-06 00:00:00,30.600000381469727,31.040000915527344,29.5,30.329999923706055,30.329999923706055,50946800
2024-09-09 00:00:00,32.70000076293945,34.70000076293945,32.470001220703125,34.599998474121094,34.599998474121094,140582500
2024-09-10 00:00:00,34.810001373291016,35.20000076293945,33.709999084472656,34.7599983215332,34.7599983215332,91721000
2024-09-11 00:00:00,34.0099983215332,34.869998931884766,33.619998931884766,34.849998474121094,34.849998474121094,68302300
2024-09-12 00:00:00,34.86000061035156,35.400001525878906,34.53099822998047,34.90999984741211,34.90999984741211,54291900
2024-09-13 00:00:00,34.970001220703125,36.0099983215332,34.88999938964844,35.59000015258789,35.59000015258789,49727200
2024-09-16 00:00:00,35.779998779296875,36.91999816894531,35.560001373291016,36.310001373291016,36.310001373291016,74767300
2024-09-17 00:00:00,37.0,37.04999923706055,35.869998931884766,36.45000076293945,36.45000076293945,64461800
2024-09-18 00:00:00,35.900001525878906,37.11000061035156,35.87099838256836,36.380001068115234,36.380001068115234,66279800
2024-09-19 00:00:00,37.0,37.349998474121094,36.20000076293945,36.83000183105469,36.83000183105469,59882000
2024-09-20 00:00:00,36.0099983215332,37.290000915527344,35.709999084472656,37.20000076293945,37.20000076293945,450290500
2024-09-23 00:00:00,36.86000061035156,38.189998626708984,36.56999969482422,37.95000076293945,37.95000076293945,79460700
2024-09-24 00:00:00,37.970001220703125,37.97999954223633,36.43000030517578,36.900001525878906,36.900001525878906,79519200
2024-09-25 00:00:00,36.88999938964844,37.18000030517578,36.382999420166016,37.119998931884766,37.119998931884766,46511700
2024-09-26 00:00:00,37.2599983215332,37.439998626708984,36.599998474121094,37.099998474121094,37.099998474121094,48602000
2024-09-27 00:00:00,36.90999984741211,37.470001220703125,36.59000015258789,36.84000015258789,36.84000015258789,43219100
2024-09-30 00:00:00,36.58000183105469,37.31999969482422,36.150001525878906,37.20000076293945,37.20000076293945,42110200
2024-10-01 00:00:00,37.209999084472656,37.560001373291016,36.04999923706055,36.459999084472656,36.459999084472656,52858000
2024-10-02 00:00:00,36.29999923706055,37.68000030517578,36.14500045776367,37.4900016784668,37.4900016784668,34988900
2024-10-03 00:00:00,37.45000076293945,39.290000915527344,37.369998931884766,39.2400016784668,39.2400016784668,57196400
2024-10-04 00:00:00,39.650001525878906,40.290000915527344,39.400001525878906,40.0099983215332,40.0099983215332,62532500
2024-10-07 00:00:00,39.900001525878906,40.150001525878906,38.775001525878906,38.88999938964844,38.88999938964844,44124800
2024-10-08 00:00:00,39.290000915527344,41.4900016784668,39.01499938964844,41.45000076293945,41.45000076293945,62542900
2024-10-09 00:00:00,41.54999923706055,43.34000015258789,41.209999084472656,43.130001068115234,43.130001068115234,86404700
2024-10-10 00:00:00,42.91999816894531,43.87799835205078,42.40999984741211,43.52000045776367,43.52000045776367,62516300
2024-10-11 00:00:00,43.400001525878906,44.380001068115234,42.619998931884766,43.5099983215332,43.5099983215332,66206900
2024-10-14 00:00:00,43.720001220703125,44.38999938964844,43.279998779296875,43.400001525878906,43.400001525878906,41010900
2024-10-15 00:00:00,43.474998474121094,43.68000030517578,41.51499938964844,42.43000030517578,42.43000030517578,48297000
2024-10-16 00:00:00,42.400001525878906,42.4900016784668,40.36000061035156,41.93000030517578,41.93000030517578,59157900
2024-10-17 00:00:00,42.150001525878906,42.70000076293945,41.61000061035156,42.0,42.0,34028400
2024-10-18 00:00:00,42.01499938964844,42.9900016784668,41.650001525878906,42.970001220703125,42.970001220703125,33969000
2024-10-21 00:00:00,42.86000061035156,43.400001525878906,42.40999984741211,42.70000076293945,42.70000076293945,30719800
2024-10-22 00:00:00,42.689998626708984,43.4900016784668,42.29999923706055,42.939998626708984,42.939998626708984,27830700
2024-10-23 00:00:00,42.849998474121094,43.68000030517578,42.05500030517578,42.59000015258789,42.59000015258789,35647000
2024-10-24 00:00:00,42.88999938964844,43.72999954223633,42.65999984741211,43.560001373291016,43.560001373291016,34079600
2024-10-25 00:00:00,43.849998474121094,45.06999969482422,43.64500045776367,44.86000061035156,44.86000061035156,50416500
2024-10-28 00:00:00,45.04999923706055,45.13999938964844,44.68000030517578,44.970001220703125,44.970001220703125,36729700
2024-10-29 00:00:00,44.900001525878906,45.06999969482422,44.040000915527344,44.93000030517578,44.93000030517578,26154700
2024-10-30 00:00:00,44.58000183105469,44.79999923706055,43.61000061035156,43.689998626708984,43.689998626708984,31309200
2024-10-31 00:00:00,42.790000915527344,43.31999969482422,40.900001525878906,41.560001373291016,41.560001373291016,50973400
2024-11-01 00:00:00,41.93000030517578,42.56999969482422,41.59000015258789,41.91999816894531,41.91999816894531,33722500
2024-11-04 00:00:00,41.08000183105469,42.040000915527344,41.03200149536133,41.40999984741211,41.40999984741211,75413300
2024-11-05 00:00:00,47.86000061035156,51.57500076293945,46.86000061035156,51.130001068115234,51.130001068115234,208868200
2024-11-06 00:00:00,53.439998626708984,55.689998626708984,51.61000061035156,55.529998779296875,55.529998779296875,114255900
2024-11-07 00:00:00,55.81999969482422,56.470001220703125,53.54999923706055,55.880001068115234,55.880001068115234,121591200
2024-11-08 00:00:00,55.56999969482422,58.47999954223633,55.29999923706055,58.38999938964844,58.38999938964844,84124000
2024-11-11 00:00:00,60.132999420166016,62.08000183105469,58.689998626708984,60.2400016784668,60.2400016784668,108357800
2024-11-12 00:00:00,59.0099983215332,60.09000015258789,58.56999969482422,59.849998474121094,59.849998474121094,59061300
2024-11-13 00:00:00,61.52000045776367,63.38999938964844,59.849998474121094,60.70000076293945,60.70000076293945,85937400
2024-11-14 00:00:00,61.04999923706055,61.16999816894531,58.529998779296875,59.18000030517578,59.18000030517578,59968200
2024-11-15 00:00:00,61.0099983215332,66.0,60.90999984741211,65.7699966430664,65.7699966430664,155280400
2024-11-18 00:00:00,64.91999816894531,64.91999816894531,58.849998474121094,61.2599983215332,61.2599983215332,136663100
2024-11-19 00:00:00,59.5099983215332,63.0099983215332,59.26499938964844,62.97999954223633,62.97999954223633,75557800
2024-11-20 00:00:00,62.59000015258789,63.08000183105469,59.959999084472656,62.119998931884766,62.119998931884766,59182200
2024-11-21 00:00:00,62.040000915527344,63.400001525878906,60.89500045776367,61.36000061035156,61.36000061035156,56336700
2024-11-22 00:00:00,61.599998474121094,64.44000244140625,61.369998931884766,64.3499984741211,64.3499984741211,61381700
2024-11-25 00:00:00,66.9000015258789,67.87999725341797,64.08000183105469,64.6500015258789,64.6500015258789,80640500
2024-11-26 00:00:00,64.56999969482422,65.8499984741211,63.88999938964844,65.73999786376953,65.73999786376953,46923600
2024-11-27 00:00:00,66.23999786376953,67.55999755859375,64.23999786376953,66.05000305175781,66.05000305175781,53839900
2024-11-29 00:00:00,65.88999938964844,67.16000366210938,65.47000122070312,67.08000183105469,67.08000183105469,30104000
2024-12-02 00:00:00,67.44000244140625,67.87999725341797,65.95999908447266,66.38999938964844,66.38999938964844,46405000
2024-12-03 00:00:00,66.41000366210938,71.37000274658203,66.1500015258789,70.95999908447266,70.95999908447266,100751400
2024-12-04 00:00:00,71.12999725341797,71.18000030517578,67.27999877929688,69.8499984741211,69.8499984741211,86284800
2024-12-05 00:00:00,70.11000061035156,72.9800033569336,69.88999938964844,71.87000274658203,71.87000274658203,66585800
2024-12-06 00:00:00,72.94999694824219,76.81999969482422,72.27999877929688,76.33999633789062,76.33999633789062,93640900
2024-12-09 00:00:00,80.58000183105469,80.91000366210938,71.05000305175781,72.45999908447266,72.45999908447266,168134800
2024-12-10 00:00:00,71.98999786376953,75.55999755859375,70.7300033569336,70.88999938964844,70.88999938964844,89672500
2024-12-11 00:00:00,72.9800033569336,73.0,68.06999969482422,72.51000213623047,72.51000213623047,89477700
2024-12-12 00:00:00,72.30000305175781,75.37999725341797,71.9000015258789,73.19999694824219,73.19999694824219,73859700
2024-12-13 00:00:00,73.48999786376953,76.0999984741211,72.44999694824219,76.06999969482422,76.06999969482422,76172800
2024-12-16 00:00:00,75.05999755859375,77.81999969482422,71.16000366210938,75.75,75.75,126099600
2024-12-17 00:00:00,73.27999877929688,75.31999969482422,71.69999694824219,74.38999938964844,74.38999938964844,75469400
2024-12-18 00:00:00,74.30000305175781,77.5999984741211,70.2699966430664,71.51000213623047,71.51000213623047,109643400
2024-12-19 00:00:00,73.98999786376953,76.58999633789062,73.37000274658203,74.20999908447266,74.20999908447266,99524300
2024-12-20 00:00:00,72.63999938964844,80.66000366210938,71.5,80.55000305175781,80.55000305175781,281230800
2024-12-23 00:00:00,80.6500015258789,82.0199966430664,77.41000366210938,80.69000244140625,80.69000244140625,93819500
2024-12-24 00:00:00,81.08999633789062,84.7969970703125,81.0,82.37999725341797,82.37999725341797,64983300
2024-12-26 00:00:00,83.16000366210938,83.48999786376953,81.30000305175781,82.13999938964844,82.13999938964844,60377100
2024-12-27 00:00:00,81.41999816894531,82.0,77.93000030517578,79.08000183105469,79.08000183105469,66975900
2024-12-30 00:00:00,77.04000091552734,79.23999786376953,76.11000061035156,77.18000030517578,77.18000030517578,60850900
2024-12-31 00:00:00,77.58000183105469,77.9800033569336,73.6500015258789,75.62999725341797,75.62999725341797,56267900
2025-01-02 00:00:00,76.19999694824219,76.52999877929688,72.41999816894531,75.19000244140625,75.19000244140625,72217200
2025-01-03 00:00:00,75.38999938964844,79.9800033569336,75.19000244140625,79.88999938964844,79.88999938964844,62415000
2025-01-06 00:00:00,78.69000244140625,80.05999755859375,74.61000061035156,75.91999816894531,75.91999816894531,105619500
2025-01-07 00:00:00,75.19999694824219,75.38999938964844,69.75,69.98999786376953,69.98999786376953,91727300
2025-01-08 00:00:00,68.12000274658203,69.52999877929688,66.51000213623047,68.2300033569336,68.2300033569336,91349500
2025-01-10 00:00:00,66.01000213623047,68.19999694824219,65.04000091552734,67.26000213623047,67.26000213623047,78148600
2025-01-13 00:00:00,64.29000091552734,65.68000030517578,63.400001525878906,64.9800033569336,64.9800033569336,69046300
2025-01-14 00:00:00,67.18000030517578,68.2300033569336,65.19000244140625,65.91000366210938,65.91000366210938,56814900
2025-01-15 00:00:00,68.55000305175781,68.8499984741211,67.08000183105469,68.13999938964844,68.13999938964844,56025800
2025-01-16 00:00:00,69.08000183105469,71.43000030517578,68.36000061035156,69.23999786376953,69.23999786376953,62908700
2025-01-17 00:00:00,70.9000015258789,72.33999633789062,69.94999694824219,71.7699966430664,71.7699966430664,54754000
2025-01-21 00:00:00,73.23999786376953,73.63600158691406,70.60099792480469,73.06999969482422,73.06999969482422,56229000
2025-01-22 00:00:00,74.5,77.16000366210938,73.80000305175781,76.87000274658203,76.87000274658203,66876400
2025-01-23 00:00:00,76.04000091552734,79.0,75.83999633789062,78.9800033569336,78.9800033569336,55937900
2025-01-24 00:00:00,79.05000305175781,82.23999786376953,78.44000244140625,78.9800033569336,78.9800033569336,77931900
2025-01-27 00:00:00,74.06999969482422,76.72000122070312,72.66999816894531,75.44000244140625,75.44000244140625,76093300
2025-01-28 00:00:00,75.54000091552734,80.73999786376953,74.04000091552734,80.2300033569336,80.2300033569336,65916700
2025-01-29 00:00:00,79.94999694824219,80.81999969482422,77.80999755859375,79.76000213623047,79.76000213623047,49262200
2025-01-30 00:00:00,80.0199966430664,81.83000183105469,79.37999725341797,81.22000122070312,81.22000122070312,46067500
2025-01-31 00:00:00,81.0,85.22000122070312,80.87000274658203,82.48999786376953,82.48999786376953,78731000
2025-02-03 00:00:00,80.125,84.25,78.47000122070312,83.73999786376953,83.73999786376953,126592700
2025-02-04 00:00:00,102.80000305175781,106.91000366210938,100.51000213623047,103.83000183105469,103.83000183105469,230806800
2025-02-05 00:00:00,101.77999877929688,103.56999969482422,99.31999969482422,101.36000061035156,101.36000061035156,90628300
2025-02-06 00:00:00,101.08999633789062,111.54499816894531,100.26000213623047,111.27999877929688,111.27999877929688,128217500
2025-02-07 00:00:00,111.66000366210938,116.30000305175781,110.44999694824219,110.8499984741211,110.8499984741211,143795400
2025-02-10 00:00:00,112.02999877929688,116.76000213623047,108.72000122070312,116.6500015258789,116.6500015258789,99938100
2025-02-11 00:00:00,116.5,118.66000366210938,112.0999984741211,112.62000274658203,112.62000274658203,94311700
2025-02-12 00:00:00,110.29000091552734,117.58999633789062,110.0,117.38999938964844,117.38999938964844,75316900
2025-02-13 00:00:00,117.30999755859375,118.38999938964844,115.1500015258789,117.91000366210938,117.91000366210938,60027000
2025-02-14 00:00:00,117.9000015258789,120.66999816894531,116.80000305175781,119.16000366210938,119.16000366210938,65528900
2025-02-18 00:00:00,120.94000244140625,125.0,118.43000030517578,124.62000274658203,124.62000274658203,84227200
2025-02-19 00:00:00,123.86000061035156,125.41000366210938,108.55999755859375,112.05999755859375,112.05999755859375,147487300
2025-02-20 00:00:00,102.91000366210938,107.4000015258789,95.80000305175781,106.2699966430664,106.2699966430664,243093900
2025-02-21 00:00:00,107.68000030517578,109.06999969482422,100.0,101.3499984741211,101.3499984741211,129063200
2025-02-24 00:00:00,95.87999725341797,99.01000213623047,89.30000305175781,90.68000030517578,90.68000030517578,184485000
2025-02-25 00:00:00,90.6500015258789,91.69999694824219,85.25,87.83999633789062,87.83999633789062,132626300
2025-02-26 00:00:00,89.16000366210938,91.69000244140625,87.58999633789062,89.30999755859375,89.30999755859375,94428700
2025-02-27 00:00:00,91.91000366210938,93.62000274658203,84.16999816894531,84.7699966430664,84.7699966430664,99680500
2025-02-28 00:00:00,79.9800033569336,85.18000030517578,78.58000183105469,84.91999816894531,84.91999816894531,125977400
2025-03-03 00:00:00,88.55000305175781,90.4800033569336,82.52999877929688,83.41999816894531,83.41999816894531,114573900
2025-03-04 00:00:00,80.16000366210938,88.5,79.30000305175781,84.4000015258789,84.4000015258789,116800300
2025-03-05 00:00:00,86.3499984741211,90.30000305175781,82.5,90.12999725341797,90.12999725341797,116053000
2025-03-06 00:00:00,87.50499725341797,88.33999633789062,80.01000213623047,80.45999908447266,80.45999908447266,117340600
2025-03-07 00:00:00,80.0250015258789,85.16000366210938,79.1500015258789,84.91000366210938,84.91000366210938,105377100
2025-03-10 00:00:00,82.0,82.69000244140625,74.56999969482422,76.37999725341797,76.37999725341797,136843800
2025-03-11 00:00:00,75.78500366210938,80.74500274658203,75.52999877929688,78.05000305175781,78.05000305175781,109351500
2025-03-12 00:00:00,83.4800033569336,84.55000305175781,79.86000061035156,83.6500015258789,83.6500015258789,116525100
2025-03-13 00:00:00,82.84500122070312,83.73999786376953,78.31999969482422,79.62000274658203,79.62000274658203,100927200
2025-03-14 00:00:00,82.97000122070312,87.2699966430664,82.16000366210938,86.23999786376953,86.23999786376953,113985000
2025-03-17 00:00:00,88.44000244140625,88.81999969482422,84.5,87.3499984741211,87.3499984741211,99348900
2025-03-18 00:00:00,85.77999877929688,86.16999816894531,81.80000305175781,83.88999938964844,83.88999938964844,93236500
2025-03-19 00:00:00,84.55000305175781,87.98999786376953,82.86000061035156,86.0999984741211,86.0999984741211,89797400
2025-03-20 00:00:00,85.54000091552734,89.80000305175781,85.12000274658203,87.38999938964844,87.38999938964844,105547400
2025-03-21 00:00:00,85.8499984741211,91.06999969482422,84.45999908447266,90.95999908447266,90.95999908447266,116748700
2025-03-24 00:00:00,93.4000015258789,97.38999938964844,92.27999877929688,96.75,96.75,112164700
2025-03-25 00:00:00,97.22000122070312,98.16999816894531,95.08000183105469,96.5,96.5,78015300
2025-03-26 00:00:00,96.29000091552734,97.30000305175781,90.81999969482422,92.27999877929688,92.27999877929688,81428600
2025-03-27 00:00:00,91.01499938964844,93.6500015258789,89.66999816894531,90.08999633789062,90.08999633789062,82823000
2025-03-28 00:00:00,89.33999633789062,89.37999725341797,84.0999984741211,85.8499984741211,85.8499984741211,91091700
2025-03-31 00:00:00,80.0,84.6500015258789,78.75,84.4000015258789,84.4000015258789,108092900
2025-04-01 00:00:00,83.88999938964844,85.27999877929688,81.81999969482422,84.68000030517578,84.68000030517578,78980700
2025-04-02 00:00:00,82.4000015258789,88.40499877929688,82.30000305175781,87.44999694824219,87.44999694824219,96563100
2025-04-03 00:00:00,81.25,85.68000030517578,81.01000213623047,83.5999984741211,83.5999984741211,93878200
2025-04-04 00:00:00,80.06999969482422,80.9800033569336,71.93000030517578,74.01000213623047,74.01000213623047,147323200
2025-04-07 00:00:00,66.6500015258789,81.80000305175781,66.12000274658203,77.83999633789062,77.83999633789062,169083700
2025-04-08 00:00:00,83.29000091552734,86.11399841308594,75.22000122070312,77.31999969482422,77.31999969482422,135345600
2025-04-09 00:00:00,78.19000244140625,93.33000183105469,77.2699966430664,92.01000213623047,92.01000213623047,187244300
2025-04-10 00:00:00,88.4000015258789,90.77999877929688,84.13999938964844,88.58999633789062,88.58999633789062,124448200
2025-04-11 00:00:00,87.9800033569336,89.55000305175781,85.47000122070312,88.55000305175781,88.55000305175781,95130700
2025-04-14 00:00:00,95.80000305175781,97.33000183105469,91.45999908447266,92.62000274658203,92.62000274658203,122836900
2025-04-15 00:00:00,93.52999877929688,98.98999786376953,93.05000305175781,98.4000015258789,98.4000015258789,118457700
2025-04-16 00:00:00,96.27999877929688,97.30000305175781,89.62000274658203,92.70999908447266,92.70999908447266,121997600
2025-04-17 00:00:00,94.70999908447266,95.11000061035156,92.2699966430664,93.77999877929688,93.77999877929688,83991800
2025-04-21 00:00:00,92.83999633789062,96.4749984741211,89.30999755859375,90.80000305175781,90.80000305175781,83831100
2025-04-22 00:00:00,93.01499938964844,96.33999633789062,91.3499984741211,93.98999786376953,93.98999786376953,91185400
2025-04-23 00:00:00,98.86000061035156,103.76000213623047,97.83000183105469,100.81999969482422,100.81999969482422,112909500
2025-04-24 00:00:00,101.52999877929688,108.0,100.91000366210938,107.77999877929688,107.77999877929688,103190700
2025-04-25 00:00:00,108.05000305175781,112.87999725341797,106.55000305175781,112.77999877929688,112.77999877929688,103933800
2025-04-25 09:30:00,108.05000305175781,108.37000274658203,106.55999755859375,108.12999725341797,108.12999725341797,8249660
2025-04-25 09:35:00,108.16999816894531,108.25,106.86000061035156,107.23500061035156,107.23500061035156,2472848
2025-04-25 09:40:00,107.23999786376953,108.11000061035156,106.93499755859375,107.87000274658203,107.87000274658203,2072485
2025-04-25 09:45:00,107.87999725341797,108.69999694824219,107.52999877929688,108.11000061035156,108.11000061035156,2752700
2025-04-25 09:50:00,108.12999725341797,108.43000030517578,107.7300033569336,108.08999633789062,108.08999633789062,1841465
2025-04-25 09:55:00,108.08999633789062,108.8949966430664,107.9530029296875,108.56700134277344,108.56700134277344,2253716
2025-04-25 10:00:00,108.58999633789062,109.69999694824219,108.52999877929688,109.37999725341797,109.37999725341797,3026646
2025-04-25 10:05:00,109.36000061035156,109.96279907226562,108.87000274658203,109.69499969482422,109.69499969482422,2291729
2025-04-25 10:10:00,109.69000244140625,110.19000244140625,109.56999969482422,109.8499984741211,109.8499984741211,2405299
2025-04-25 10:15:00,109.86000061035156,109.88999938964844,109.05999755859375,109.20999908447266,109.20999908447266,1953560
2025-04-25 10:20:00,109.20770263671875,109.27999877929688,108.28009796142578,108.97000122070312,108.97000122070312,2032238
2025-04-25 10:25:00,108.98490142822266,109.12999725341797,108.5999984741211,109.06999969482422,109.06999969482422,1528071
2025-04-25 10:30:00,109.11009979248047,109.55000305175781,108.74009704589844,109.33000183105469,109.33000183105469,1613931
2025-04-25 10:35:00,109.36190032958984,109.36190032958984,108.95469665527344,109.18000030517578,109.18000030517578,919142
2025-04-25 10:40:00,109.16000366210938,109.29000091552734,108.12000274658203,108.48410034179688,108.48410034179688,1718295
2025-04-25 10:45:00,108.47000122070312,108.73989868164062,107.77999877929688,107.88020324707031,107.88020324707031,1826747
2025-04-25 10:50:00,107.88999938964844,108.40989685058594,107.5999984741211,108.25800323486328,108.25800323486328,1444347
2025-04-25 10:55:00,108.26000213623047,108.33000183105469,107.41000366210938,107.885498046875,107.885498046875,1531911
2025-04-25 11:00:00,107.87999725341797,108.31999969482422,107.51000213623047,108.19629669189453,108.19629669189453,1030877
2025-04-25 11:05:00,108.19999694824219,108.23999786376953,107.94000244140625,108.0510025024414,108.0510025024414,658820
2025-04-25 11:10:00,108.04000091552734,108.37000274658203,107.93000030517578,108.33000183105469,108.33000183105469,813621
2025-04-25 11:15:00,108.31999969482422,108.80000305175781,108.2500991821289,108.67330169677734,108.67330169677734,1156517
2025-04-25 11:20:00,108.63999938964844,109.25,108.62999725341797,109.02999877929688,109.02999877929688,1125740
2025-04-25 11:25:00,109.02980041503906,109.08000183105469,108.5,108.56500244140625,108.56500244140625,894729
2025-04-25 11:30:00,108.56999969482422,108.97000122070312,108.5,108.80010223388672,108.80010223388672,746607
2025-04-25 11:35:00,108.81500244140625,108.83999633789062,108.28990173339844,108.44999694824219,108.44999694824219,727852
2025-04-25 11:40:00,108.45999908447266,108.93000030517578,108.41999816894531,108.52040100097656,108.52040100097656,893861
2025-04-25 11:45:00,108.52999877929688,109.08000183105469,108.41999816894531,108.96499633789062,108.96499633789062,803103
2025-04-25 11:50:00,108.97979736328125,109.19999694824219,108.94020080566406,109.0199966430664,109.0199966430664,859556
2025-04-25 11:55:00,109.03990173339844,109.23999786376953,108.80000305175781,109.12999725341797,109.12999725341797,690089
2025-04-25 12:00:00,109.13500213623047,109.25,108.83999633789062,108.98519897460938,108.98519897460938,564726
2025-04-25 12:05:00,108.98999786376953,109.04000091552734,108.5199966430664,108.91999816894531,108.91999816894531,794950
2025-04-25 12:10:00,108.91100311279297,109.20099639892578,108.71029663085938,109.1697006225586,109.1697006225586,556189
2025-04-25 12:15:00,109.15010070800781,109.44000244140625,109.0,109.29000091552734,109.29000091552734,759440
2025-04-25 12:20:00,109.29959869384766,109.91999816894531,109.25,109.91000366210938,109.91000366210938,1114537
2025-04-25 12:25:00,109.9000015258789,109.98999786376953,109.68240356445312,109.78959655761719,109.78959655761719,1135296
2025-04-25 12:30:00,109.76010131835938,110.16000366210938,109.76000213623047,110.16000366210938,110.16000366210938,1521561
2025-04-25 12:35:00,110.15499877929688,110.48999786376953,110.09190368652344,110.33000183105469,110.33000183105469,1225831
2025-04-25 12:40:00,110.31999969482422,110.69999694824219,110.23999786376953,110.68589782714844,110.68589782714844,1332330
2025-04-25 12:45:00,110.68730163574219,110.7300033569336,110.03199768066406,110.2699966430664,110.2699966430664,1272746
2025-04-25 12:50:00,110.27130126953125,110.52999877929688,110.08000183105469,110.41999816894531,110.41999816894531,958463
2025-04-25 12:55:00,110.4209976196289,110.56500244140625,110.30000305175781,110.5,110.5,723698
2025-04-25 13:00:00,110.5,110.62000274658203,110.33999633789062,110.41000366210938,110.41000366210938,727535
2025-04-25 13:05:00,110.4000015258789,110.66999816894531,110.37010192871094,110.66999816894531,110.66999816894531,553836
2025-04-25 13:10:00,110.668701171875,110.98999786376953,110.53009796142578,110.96099853515625,110.96099853515625,990535
2025-04-25 13:15:00,110.97000122070312,111.29000091552734,110.79499816894531,111.2699966430664,111.2699966430664,1283739
2025-04-25 13:20:00,111.26000213623047,111.44000244140625,111.13500213623047,111.38990020751953,111.38990020751953,888920
2025-04-25 13:25:00,111.37210083007812,111.5199966430664,111.30000305175781,111.3499984741211,111.3499984741211,793620
2025-04-25 13:30:00,111.33470153808594,111.37000274658203,110.97000122070312,111.16999816894531,111.16999816894531,1131769
2025-04-25 13:35:00,111.18000030517578,111.23999786376953,110.37999725341797,110.42350006103516,110.42350006103516,1394211
2025-04-25 13:40:00,110.41000366210938,110.80000305175781,110.16000366210938,110.55000305175781,110.55000305175781,1342381
2025-04-25 13:45:00,110.55999755859375,110.56999969482422,109.61000061035156,109.88500213623047,109.88500213623047,1481378
2025-04-25 13:50:00,109.88500213623047,109.9614028930664,109.44000244140625,109.63999938964844,109.63999938964844,1046624
2025-04-25 13:55:00,109.6405029296875,110.16000366210938,109.44000244140625,110.12999725341797,110.12999725341797,942239
2025-04-25 14:00:00,110.11499786376953,110.56999969482422,109.95999908447266,110.55500030517578,110.55500030517578,912150
2025-04-25 14:05:00,110.5541000366211,110.87000274658203,110.47000122070312,110.78900146484375,110.78900146484375,753987
2025-04-25 14:10:00,110.79499816894531,110.9800033569336,110.70999908447266,110.86000061035156,110.86000061035156,662423
2025-04-25 14:15:00,110.86499786376953,111.05000305175781,110.77999877929688,110.94000244140625,110.94000244140625,564445
2025-04-25 14:20:00,110.94000244140625,111.12000274658203,110.82019805908203,110.9800033569336,110.9800033569336,634639
2025-04-25 14:25:00,110.97000122070312,111.08000183105469,110.79000091552734,110.89600372314453,110.89600372314453,642141
2025-04-25 14:30:00,110.90029907226562,111.04000091552734,110.77999877929688,110.94989776611328,110.94989776611328,533696
2025-04-25 14:35:00,110.94999694824219,111.41000366210938,110.87999725341797,111.36009979248047,111.36009979248047,882413
2025-04-25 14:40:00,111.37999725341797,111.5,111.30000305175781,111.38500213623047,111.38500213623047,651625
2025-04-25 14:45:00,111.38999938964844,111.5,111.26000213623047,111.41999816894531,111.41999816894531,637982
2025-04-25 14:50:00,111.42489624023438,111.4800033569336,111.04029846191406,111.4800033569336,111.4800033569336,788026
2025-04-25 14:55:00,111.46510314941406,111.54000091552734,111.19000244140625,111.47000122070312,111.47000122070312,733244
2025-04-25 15:00:00,111.47000122070312,111.72000122070312,111.37000274658203,111.56999969482422,111.56999969482422,938960
2025-04-25 15:05:00,111.58000183105469,111.62000274658203,111.3499984741211,111.48999786376953,111.48999786376953,574567
2025-04-25 15:10:00,111.5,111.55000305175781,111.2300033569336,111.47000122070312,111.47000122070312,530928
2025-04-25 15:15:00,111.47740173339844,111.9000015258789,111.32029724121094,111.69999694824219,111.69999694824219,1123678
2025-04-25 15:20:00,111.72000122070312,112.08000183105469,111.63999938964844,112.06999969482422,112.06999969482422,1283962
2025-04-25 15:25:00,112.05999755859375,112.08999633789062,111.83999633789062,111.8904037475586,111.8904037475586,1071194
2025-04-25 15:30:00,111.87999725341797,111.98999786376953,111.69000244140625,111.86430358886719,111.86430358886719,873900
2025-04-25 15:35:00,111.86499786376953,111.94999694824219,111.70999908447266,111.84500122070312,111.84500122070312,697436
2025-04-25 15:40:00,111.83999633789062,112.0,111.77999877929688,111.95880126953125,111.95880126953125,884252
2025-04-25 15:45:00,111.94999694824219,112.5,111.9489974975586,112.44999694824219,112.44999694824219,1635734
2025-04-25 15:50:00,112.44999694824219,112.76000213623047,112.30000305175781,112.75350189208984,112.75350189208984,1600291
2025-04-25 15:55:00,112.75499725341797,112.87999725341797,112.44000244140625,112.77999877929688,112.77999877929688,2372691
2025-04-28 00:00:00,113.77999877929688,114.86000061035156,108.87000274658203,114.6500015258789,114.6500015258789,111082900
2025-04-28 09:30:00,113.61000061035156,113.87999725341797,112.3499984741211,112.5250015258789,112.5250015258789,8228504
2025-04-28 09:35:00,112.55000305175781,113.3499984741211,112.04000091552734,112.581298828125,112.581298828125,3334330
2025-04-28 09:40:00,112.63999938964844,113.90989685058594,112.59500122070312,113.62999725341797,113.62999725341797,2817948
2025-04-28 09:45:00,113.63999938964844,114.4000015258789,113.44999694824219,113.76000213623047,113.76000213623047,3047974
2025-04-28 09:50:00,113.76599884033203,114.11000061035156,113.26010131835938,113.80000305175781,113.80000305175781,2141150
2025-04-28 09:55:00,113.80000305175781,113.80000305175781,112.47000122070312,112.7197036743164,112.7197036743164,2257244
2025-04-28 10:00:00,112.70999908447266,112.9000015258789,111.66000366210938,112.5999984741211,112.5999984741211,2956101
2025-04-28 10:05:00,112.58000183105469,112.69000244140625,111.63999938964844,112.33000183105469,112.33000183105469,2184917
2025-04-28 10:10:00,112.31500244140625,112.83999633789062,112.0,112.7300033569336,112.7300033569336,1736411
2025-04-28 10:15:00,112.7300033569336,113.25,112.6050033569336,113.09989929199219,113.09989929199219,1648347
2025-04-28 10:20:00,113.06999969482422,113.5,112.77999877929688,113.47000122070312,113.47000122070312,1758729
2025-04-28 10:25:00,113.4749984741211,113.68000030517578,113.06999969482422,113.36000061035156,113.36000061035156,1347735
2025-04-28 10:30:00,113.38899993896484,113.54000091552734,112.31999969482422,112.6050033569336,112.6050033569336,1838525
2025-04-28 10:35:00,112.6050033569336,112.75,112.37000274658203,112.69989776611328,112.69989776611328,1057029
2025-04-28 10:40:00,112.68150329589844,112.81999969482422,112.41000366210938,112.66999816894531,112.66999816894531,1157635
2025-04-28 10:45:00,112.68000030517578,113.04000091552734,112.48999786376953,112.66999816894531,112.66999816894531,1094748
2025-04-28 10:50:00,112.68000030517578,112.73999786376953,111.76029968261719,111.80999755859375,111.80999755859375,1396881
2025-04-28 10:55:00,111.8499984741211,112.12940216064453,111.4000015258789,111.60359954833984,111.60359954833984,1843133
2025-04-28 11:00:00,111.58000183105469,112.19000244140625,111.51000213623047,111.72959899902344,111.72959899902344,1252547
2025-04-28 11:05:00,111.7300033569336,111.87000274658203,110.7300033569336,110.80999755859375,110.80999755859375,1874524
2025-04-28 11:10:00,110.81999969482422,111.19000244140625,110.46499633789062,111.02999877929688,111.02999877929688,1556451
2025-04-28 11:15:00,111.02999877929688,111.05999755859375,110.12999725341797,110.2699966430664,110.2699966430664,1311467
2025-04-28 11:20:00,110.05999755859375,110.07949829101562,109.36000061035156,109.48999786376953,109.48999786376953,2109148
2025-04-28 11:25:00,109.50420379638672,109.58999633789062,109.0999984741211,109.18000030517578,109.18000030517578,1482052
2025-04-28 11:30:00,109.1895980834961,110.03980255126953,109.18499755859375,109.90299987792969,109.90299987792969,1587149
2025-04-28 11:35:00,109.87999725341797,110.58999633789062,109.55000305175781,110.52749633789062,110.52749633789062,1604239
2025-04-28 11:40:00,110.52999877929688,110.66000366210938,110.05999755859375,110.11000061035156,110.11000061035156,1226340
2025-04-28 11:45:00,110.0999984741211,110.33999633789062,109.9000015258789,110.12000274658203,110.12000274658203,798088
2025-04-28 11:50:00,110.13760375976562,110.36000061035156,109.91999816894531,110.0999984741211,110.0999984741211,776405
2025-04-28 11:55:00,110.0999984741211,110.23999786376953,109.87999725341797,110.08000183105469,110.08000183105469,623970
2025-04-28 12:00:00,110.06999969482422,110.12879943847656,109.61000061035156,109.82959747314453,109.82959747314453,779788
2025-04-28 12:05:00,109.83999633789062,109.87000274658203,109.47000122070312,109.66200256347656,109.66200256347656,881450
2025-04-28 12:10:00,109.66999816894531,109.66999816894531,108.87000274658203,108.9999008178711,108.9999008178711,1460336
2025-04-28 12:15:00,109.0,109.54000091552734,108.9800033569336,109.42880249023438,109.42880249023438,933163
2025-04-28 12:20:00,109.41999816894531,109.75,109.27999877929688,109.67500305175781,109.67500305175781,667993
2025-04-28 12:25:00,109.67440032958984,109.7699966430664,109.45999908447266,109.50990295410156,109.50990295410156,643298
2025-04-28 12:30:00,109.51000213623047,110.19999694824219,109.5,110.07659912109375,110.07659912109375,853566
2025-04-28 12:35:00,110.05590057373047,110.38999938964844,110.0165023803711,110.25,110.25,707160
2025-04-28 12:40:00,110.24729919433594,110.75,110.19999694824219,110.66500091552734,110.66500091552734,724922
2025-04-28 12:45:00,110.6500015258789,110.9800033569336,110.52999877929688,110.87000274658203,110.87000274658203,800757
2025-04-28 12:50:00,110.83999633789062,110.87999725341797,110.5,110.80999755859375,110.80999755859375,780546
2025-04-28 12:55:00,110.81999969482422,110.83999633789062,110.44999694824219,110.5,110.5,626891
2025-04-28 13:00:00,110.5,111.02999877929688,110.3499984741211,110.8550033569336,110.8550033569336,900230
2025-04-28 13:05:00,110.87000274658203,111.0,110.69010162353516,110.77999877929688,110.77999877929688,498556
2025-04-28 13:10:00,110.7750015258789,110.97989654541016,110.55000305175781,110.58000183105469,110.58000183105469,590350
2025-04-28 13:15:00,110.58000183105469,111.19000244140625,110.41000366210938,111.06999969482422,111.06999969482422,889270
2025-04-28 13:20:00,111.08000183105469,111.28279876708984,110.80999755859375,111.16999816894531,111.16999816894531,719395
2025-04-28 13:25:00,111.16000366210938,111.38999938964844,110.9800033569336,111.16999816894531,111.16999816894531,888190
2025-04-28 13:30:00,111.15489959716797,111.5,111.11000061035156,111.32019805908203,111.32019805908203,881986
2025-04-28 13:35:00,111.31999969482422,111.66000366210938,111.27999877929688,111.64009857177734,111.64009857177734,859364
2025-04-28 13:40:00,111.6500015258789,111.81999969482422,111.48999786376953,111.68000030517578,111.68000030517578,1005766
2025-04-28 13:45:00,111.6895980834961,112.25,111.63999938964844,111.94000244140625,111.94000244140625,1398703
2025-04-28 13:50:00,111.93000030517578,112.41999816894531,111.91999816894531,112.30000305175781,112.30000305175781,1050321
2025-04-28 13:55:00,112.29000091552734,112.81999969482422,112.25,112.6500015258789,112.6500015258789,1474154
2025-04-28 14:00:00,112.6500015258789,112.77999877929688,112.30039978027344,112.43499755859375,112.43499755859375,1091470
2025-04-28 14:05:00,112.43090057373047,112.55000305175781,112.26010131835938,112.33999633789062,112.33999633789062,886698
2025-04-28 14:10:00,112.33000183105469,112.77999877929688,112.12999725341797,112.72039794921875,112.72039794921875,1147508
2025-04-28 14:15:00,112.7300033569336,112.88999938964844,112.58999633789062,112.85990142822266,112.85990142822266,873934
2025-04-28 14:20:00,112.8499984741211,113.13999938964844,112.75,113.08999633789062,113.08999633789062,1165140
2025-04-28 14:25:00,113.08719635009766,113.0999984741211,112.67500305175781,112.75499725341797,112.75499725341797,837139
2025-04-28 14:30:00,112.76000213623047,112.94920349121094,112.66999816894531,112.91999816894531,112.91999816894531,689969
2025-04-28 14:35:00,112.91500091552734,113.47000122070312,112.9000015258789,113.32029724121094,113.32029724121094,1169084
2025-04-28 14:40:00,113.33439636230469,113.47000122070312,113.16999816894531,113.43000030517578,113.43000030517578,904434
2025-04-28 14:45:00,113.43000030517578,113.4397964477539,113.08000183105469,113.22000122070312,113.22000122070312,914361
2025-04-28 14:50:00,113.22000122070312,113.56829833984375,113.20999908447266,113.47000122070312,113.47000122070312,912700
2025-04-28 14:55:00,113.47000122070312,113.54000091552734,113.25,113.31999969482422,113.31999969482422,634122
2025-04-28 15:00:00,113.33999633789062,113.91000366210938,113.25,113.83499908447266,113.83499908447266,1363193
2025-04-28 15:05:00,113.83999633789062,114.22000122070312,113.75,114.13999938964844,114.13999938964844,1310632
2025-04-28 15:10:00,114.14779663085938,114.22000122070312,113.58999633789062,113.87000274658203,113.87000274658203,1516409
2025-04-28 15:15:00,113.87999725341797,114.27999877929688,113.8499984741211,114.19000244140625,114.19000244140625,1455061
2025-04-28 15:20:00,114.19999694824219,114.55500030517578,114.12999725341797,114.49500274658203,114.49500274658203,1341201
2025-04-28 15:25:00,114.5,114.52999877929688,114.27259826660156,114.32869720458984,114.32869720458984,861845
2025-04-28 15:30:00,114.31999969482422,114.63999938964844,114.21019744873047,114.33999633789062,114.33999633789062,1550109
2025-04-28 15:35:00,114.34500122070312,114.44999694824219,114.04000091552734,114.15989685058594,114.15989685058594,1064310
2025-04-28 15:40:00,114.1500015258789,114.47000122070312,114.1447982788086,114.3499984741211,114.3499984741211,848999
2025-04-28 15:45:00,114.36000061035156,114.464599609375,114.23999786376953,114.31999969482422,114.31999969482422,968266
2025-04-28 15:50:00,114.33999633789062,114.86000061035156,114.25,114.76000213623047,114.76000213623047,2045068
2025-04-28 15:55:00,114.76000213623047,114.83000183105469,114.40010070800781,114.63999938964844,114.63999938964844,2288637
2025-04-29 00:00:00,113.9800033569336,117.2300033569336,113.23999786376953,116.08000183105469,116.08000183105469,79709000
2025-04-29 09:30:00,114.04000091552734,115.5,113.70999908447266,114.5156021118164,114.5156021118164,6253254
2025-04-29 09:35:00,114.51000213623047,114.70999908447266,113.23999786376953,113.53009796142578,113.53009796142578,2996977
2025-04-29 09:40:00,113.54000091552734,114.52999877929688,113.4000015258789,114.37000274658203,114.37000274658203,2252334
2025-04-29 09:45:00,114.37000274658203,114.87999725341797,114.22000122070312,114.62000274658203,114.62000274658203,2225776
2025-04-29 09:50:00,114.65170288085938,114.91000366210938,113.76000213623047,114.05999755859375,114.05999755859375,1746065
2025-04-29 09:55:00,114.08000183105469,114.38999938964844,113.77999877929688,114.26000213623047,114.26000213623047,1254465
2025-04-29 10:00:00,114.23999786376953,115.44989776611328,113.97000122070312,115.12039947509766,115.12039947509766,2312378
2025-04-29 10:05:00,115.11499786376953,115.81990051269531,114.87010192871094,114.95999908447266,114.95999908447266,2197231
2025-04-29 10:10:00,114.93000030517578,115.08049774169922,114.42009735107422,114.66000366210938,114.66000366210938,1515158
2025-04-29 10:15:00,114.65959930419922,114.69999694824219,113.9749984741211,113.9749984741211,113.9749984741211,1603323
2025-04-29 10:20:00,113.9800033569336,114.13990020751953,113.43160247802734,114.05970001220703,114.05970001220703,1851029
2025-04-29 10:25:00,114.04499816894531,114.0634994506836,113.41020202636719,113.80989837646484,113.80989837646484,1163398
2025-04-29 10:30:00,113.80000305175781,114.63999938964844,113.74500274658203,114.43000030517578,114.43000030517578,1536363
2025-04-29 10:35:00,114.45989990234375,114.93000030517578,114.37960052490234,114.85900115966797,114.85900115966797,1173325
2025-04-29 10:40:00,114.9000015258789,114.9800033569336,114.2300033569336,114.51129913330078,114.51129913330078,1176997
2025-04-29 10:45:00,114.5,114.86000061035156,114.30000305175781,114.4749984741211,114.4749984741211,972871
2025-04-29 10:50:00,114.48999786376953,114.55989837646484,114.16000366210938,114.55960083007812,114.55960083007812,768887
2025-04-29 10:55:00,114.54000091552734,115.08999633789062,114.54000091552734,114.72730255126953,114.72730255126953,1058487
2025-04-29 11:00:00,114.7300033569336,115.30999755859375,114.69999694824219,115.125,115.125,1121798
2025-04-29 11:05:00,115.11039733886719,115.33499908447266,115.04869842529297,115.16500091552734,115.16500091552734,842025
2025-04-29 11:10:00,115.16999816894531,115.18000030517578,114.59020233154297,114.80000305175781,114.80000305175781,926441
2025-04-29 11:15:00,114.79199981689453,115.05999755859375,114.6500015258789,114.66519927978516,114.66519927978516,773892
2025-04-29 11:20:00,114.68000030517578,115.08000183105469,114.66899871826172,114.97010040283203,114.97010040283203,652041
2025-04-29 11:25:00,114.98989868164062,115.26000213623047,114.9000015258789,115.08499908447266,115.08499908447266,686783
2025-04-29 11:30:00,115.08439636230469,115.12000274658203,114.55000305175781,114.62999725341797,114.62999725341797,729466
2025-04-29 11:35:00,114.60099792480469,115.0,114.35009765625,114.92949676513672,114.92949676513672,769726
2025-04-29 11:40:00,114.91999816894531,115.12449645996094,114.72160339355469,114.9000015258789,114.9000015258789,671916
2025-04-29 11:45:00,114.9000015258789,114.93000030517578,114.51000213623047,114.64099884033203,114.64099884033203,505155
2025-04-29 11:50:00,114.643798828125,114.75,114.26000213623047,114.3499984741211,114.3499984741211,694762
2025-04-29 11:55:00,114.3499984741211,114.44999694824219,114.06999969482422,114.13990020751953,114.13990020751953,710541
2025-04-29 12:00:00,114.13990020751953,114.58999633789062,114.08000183105469,114.54000091552734,114.54000091552734,752833
2025-04-29 12:05:00,114.53500366210938,114.79000091552734,114.37999725341797,114.66000366210938,114.66000366210938,761281
2025-04-29 12:10:00,114.66790008544922,114.75399780273438,114.33499908447266,114.36000061035156,114.36000061035156,567247
2025-04-29 12:15:00,114.37000274658203,114.37000274658203,113.94999694824219,114.03500366210938,114.03500366210938,734793
2025-04-29 12:20:00,114.02960205078125,114.29000091552734,113.94999694824219,114.21060180664062,114.21060180664062,404565
2025-04-29 12:25:00,114.2300033569336,114.24859619140625,114.01000213623047,114.12740325927734,114.12740325927734,320128
2025-04-29 12:30:00,114.13999938964844,114.36000061035156,113.97000122070312,114.29499816894531,114.29499816894531,412143
2025-04-29 12:35:00,114.29979705810547,114.47000122070312,114.22049713134766,114.28500366210938,114.28500366210938,416865
2025-04-29 12:40:00,114.30000305175781,114.7699966430664,114.27999877929688,114.69999694824219,114.69999694824219,547845
2025-04-29 12:45:00,114.69999694824219,114.7665023803711,114.08999633789062,114.20999908447266,114.20999908447266,591205
2025-04-29 12:50:00,114.2300033569336,114.33000183105469,114.02950286865234,114.20050048828125,114.20050048828125,425353
2025-04-29 12:55:00,114.20999908447266,114.20999908447266,113.75,113.98719787597656,113.98719787597656,706817
2025-04-29 13:00:00,113.9800033569336,114.4000015258789,113.87000274658203,114.36430358886719,114.36430358886719,431085
2025-04-29 13:05:00,114.36900329589844,114.46050262451172,114.14029693603516,114.16999816894531,114.16999816894531,488429
2025-04-29 13:10:00,114.16999816894531,114.3499984741211,114.04000091552734,114.31269836425781,114.31269836425781,366004
2025-04-29 13:15:00,114.31990051269531,114.75,114.25440216064453,114.69049835205078,114.69049835205078,658056
2025-04-29 13:20:00,114.68280029296875,114.93000030517578,114.65029907226562,114.72039794921875,114.72039794921875,577705
2025-04-29 13:25:00,114.7300033569336,114.8499984741211,114.55999755859375,114.69989776611328,114.69989776611328,383891
2025-04-29 13:30:00,114.69830322265625,114.87999725341797,114.68170166015625,114.81520080566406,114.81520080566406,356330
2025-04-29 13:35:00,114.80999755859375,115.15480041503906,114.77960205078125,115.07009887695312,115.07009887695312,718155
2025-04-29 13:40:00,115.07499694824219,115.4800033569336,115.05000305175781,115.36499786376953,115.36499786376953,858125
2025-04-29 13:45:00,115.36289978027344,115.79000091552734,115.29029846191406,115.76000213623047,115.76000213623047,1130213
2025-04-29 13:50:00,115.75019836425781,115.77999877929688,115.40480041503906,115.57499694824219,115.57499694824219,836316
2025-04-29 13:55:00,115.5696029663086,115.75,115.32009887695312,115.4000015258789,115.4000015258789,755289
2025-04-29 14:00:00,115.38999938964844,115.6500015258789,115.30500030517578,115.59500122070312,115.59500122070312,614293
2025-04-29 14:05:00,115.59829711914062,115.62999725341797,115.33999633789062,115.4406967163086,115.4406967163086,612700
2025-04-29 14:10:00,115.44999694824219,115.58000183105469,115.37000274658203,115.5199966430664,115.5199966430664,473757
2025-04-29 14:15:00,115.52999877929688,115.98989868164062,115.51000213623047,115.83000183105469,115.83000183105469,1112609
2025-04-29 14:20:00,115.83499908447266,116.11000061035156,115.69999694824219,115.94000244140625,115.94000244140625,1044525
2025-04-29 14:25:00,115.94000244140625,116.13999938964844,115.85399627685547,116.09300231933594,116.09300231933594,677781
2025-04-29 14:30:00,116.0999984741211,116.25990295410156,115.86000061035156,115.96700286865234,115.96700286865234,797480
2025-04-29 14:35:00,115.9800033569336,116.2300033569336,115.91000366210938,116.14340209960938,116.14340209960938,567494
2025-04-29 14:40:00,116.13999938964844,116.1812973022461,115.93000030517578,116.12020111083984,116.12020111083984,648767
2025-04-29 14:45:00,116.12539672851562,116.12999725341797,115.9000015258789,116.08499908447266,116.08499908447266,479622
2025-04-29 14:50:00,116.06999969482422,116.1500015258789,115.92009735107422,116.04000091552734,116.04000091552734,522859
2025-04-29 14:55:00,116.05740356445312,116.16000366210938,115.94000244140625,115.9520034790039,115.9520034790039,553906
2025-04-29 15:00:00,115.93000030517578,116.13999938964844,115.90339660644531,116.01480102539062,116.01480102539062,667713
2025-04-29 15:05:00,116.00920104980469,116.45999908447266,115.94999694824219,116.37000274658203,116.37000274658203,1222722
2025-04-29 15:10:00,116.38999938964844,116.44000244140625,116.0,116.11000061035156,116.11000061035156,1133757
2025-04-29 15:15:00,116.09020233154297,116.12000274658203,115.8501968383789,115.97000122070312,115.97000122070312,780524
2025-04-29 15:20:00,115.97000122070312,116.33999633789062,115.86139678955078,116.31649780273438,116.31649780273438,822487
2025-04-29 15:25:00,116.29000091552734,116.37999725341797,116.01000213623047,116.09700012207031,116.09700012207031,573389
2025-04-29 15:30:00,116.0999984741211,116.29000091552734,116.08570098876953,116.20999908447266,116.20999908447266,559923
2025-04-29 15:35:00,116.22480010986328,116.41000366210938,116.06999969482422,116.11630249023438,116.11630249023438,767053
2025-04-29 15:40:00,116.11000061035156,116.17890167236328,115.91000366210938,115.95020294189453,115.95020294189453,740087
2025-04-29 15:45:00,115.94999694824219,116.1500015258789,115.7300033569336,116.125,116.125,975869
2025-04-29 15:50:00,116.13999938964844,116.25,116.01000213623047,116.08999633789062,116.08999633789062,1107876
2025-04-29 15:55:00,116.12000274658203,116.16000366210938,115.82499694824219,116.02999877929688,116.02999877929688,1670671
2025-04-30 00:00:00,111.61000061035156,118.77999877929688,110.54000091552734,118.44000244140625,118.44000244140625,109461700
2025-04-30 09:30:00,111.45559692382812,112.5999984741211,111.02999877929688,112.44000244140625,112.44000244140625,9585793
2025-04-30 09:35:00,112.45999908447266,112.76000213623047,110.81999969482422,111.01329803466797,111.01329803466797,3740933
2025-04-30 09:40:00,111.0155029296875,112.16230010986328,110.54000091552734,112.11959838867188,112.11959838867188,3273358
2025-04-30 09:45:00,112.0999984741211,112.9395980834961,111.65499877929688,112.88999938964844,112.88999938964844,2611277
2025-04-30 09:50:00,112.86000061035156,112.91999816894531,111.97000122070312,112.2249984741211,112.2249984741211,1976257
2025-04-30 09:55:00,112.20999908447266,112.54989624023438,111.54000091552734,111.68499755859375,111.68499755859375,1758276
2025-04-30 10:00:00,111.7300033569336,112.98999786376953,111.5999984741211,112.87000274658203,112.87000274658203,2165045
2025-04-30 10:05:00,112.87950134277344,113.25,112.31999969482422,113.19999694824219,113.19999694824219,2274046
2025-04-30 10:10:00,113.19000244140625,113.79000091552734,112.91999816894531,113.68000030517578,113.68000030517578,2328565
2025-04-30 10:15:00,113.6500015258789,113.95999908447266,113.4000015258789,113.91000366210938,113.91000366210938,1530476
2025-04-30 10:20:00,113.9000015258789,114.2300033569336,113.7249984741211,114.16999816894531,114.16999816894531,1978668
2025-04-30 10:25:00,114.13999938964844,114.13999938964844,113.67500305175781,113.95010375976562,113.95010375976562,1348987
2025-04-30 10:30:00,113.91999816894531,114.33999633789062,113.76000213623047,113.9000015258789,113.9000015258789,1544881
2025-04-30 10:35:00,113.9000015258789,114.08000183105469,113.69000244140625,114.00800323486328,114.00800323486328,1099752
2025-04-30 10:40:00,114.03500366210938,114.57990264892578,113.4800033569336,114.4397964477539,114.4397964477539,1652116
2025-04-30 10:45:00,114.41999816894531,114.41999816894531,113.9000015258789,113.98999786376953,113.98999786376953,989622
2025-04-30 10:50:00,113.9800033569336,114.37650299072266,113.76000213623047,114.04969787597656,114.04969787597656,982150
2025-04-30 10:55:00,114.02549743652344,114.55999755859375,113.98079681396484,114.3595962524414,114.3595962524414,1002379
2025-04-30 11:00:00,114.31999969482422,114.88999938964844,114.31999969482422,114.86000061035156,114.86000061035156,1260796
2025-04-30 11:05:00,114.85990142822266,115.08999633789062,114.72530364990234,115.0,115.0,1313851
2025-04-30 11:10:00,115.01000213623047,115.23999786376953,114.93000030517578,115.04499816894531,115.04499816894531,1026107
2025-04-30 11:15:00,115.04979705810547,115.17990112304688,115.0,115.0260009765625,115.0260009765625,817777
2025-04-30 11:20:00,115.0199966430664,115.52999877929688,114.8499984741211,115.02999877929688,115.02999877929688,1655863
2025-04-30 11:25:00,115.03990173339844,115.16999816894531,114.71499633789062,115.0458984375,115.0458984375,991944
2025-04-30 11:30:00,115.05030059814453,115.36000061035156,115.0,115.23030090332031,115.23030090332031,844912
2025-04-30 11:35:00,115.26000213623047,115.29000091552734,114.97959899902344,115.21499633789062,115.21499633789062,633584
2025-04-30 11:40:00,115.22000122070312,115.80989837646484,115.18000030517578,115.73500061035156,115.73500061035156,1447374
2025-04-30 11:45:00,115.7300033569336,115.76000213623047,115.43199920654297,115.64009857177734,115.64009857177734,821307
2025-04-30 11:50:00,115.6500015258789,115.6990966796875,115.34500122070312,115.56009674072266,115.56009674072266,694188
2025-04-30 11:55:00,115.55500030517578,116.05000305175781,115.5199966430664,116.0198974609375,116.0198974609375,1507479
2025-04-30 12:00:00,116.01000213623047,116.2300033569336,115.6510009765625,115.78009796142578,115.78009796142578,1354002
2025-04-30 12:05:00,115.80970001220703,116.12999725341797,115.68000030517578,115.75959777832031,115.75959777832031,861769
2025-04-30 12:10:00,115.75499725341797,115.76599884033203,115.3499984741211,115.46990203857422,115.46990203857422,1019813
2025-04-30 12:15:00,115.44999694824219,115.54000091552734,115.0199966430664,115.04989624023438,115.04989624023438,1069729
2025-04-30 12:20:00,115.02999877929688,115.46990203857422,114.86000061035156,115.25,115.25,1217579
2025-04-30 12:25:00,115.23999786376953,115.36470031738281,115.01000213623047,115.29679870605469,115.29679870605469,656466
2025-04-30 12:30:00,115.29000091552734,115.37000274658203,115.11000061035156,115.2300033569336,115.2300033569336,569359
2025-04-30 12:35:00,115.2136001586914,115.83000183105469,115.11000061035156,115.7699966430664,115.7699966430664,1064306
2025-04-30 12:40:00,115.77020263671875,115.87000274658203,115.55999755859375,115.5999984741211,115.5999984741211,615882
2025-04-30 12:45:00,115.61499786376953,115.75,115.44619750976562,115.55999755859375,115.55999755859375,479625
2025-04-30 12:50:00,115.53780364990234,115.910400390625,115.51000213623047,115.8949966430664,115.8949966430664,501255
2025-04-30 12:55:00,115.8949966430664,116.28990173339844,115.8499984741211,116.22969818115234,116.22969818115234,1155856
2025-04-30 13:00:00,116.2249984741211,116.54989624023438,116.16999816894531,116.19280242919922,116.19280242919922,1455573
2025-04-30 13:05:00,116.19000244140625,116.2499008178711,115.8499984741211,115.86000061035156,115.86000061035156,985361
2025-04-30 13:10:00,115.8550033569336,116.0438003540039,115.58000183105469,115.99819946289062,115.99819946289062,1015995
2025-04-30 13:15:00,116.0,116.41400146484375,116.0,116.30500030517578,116.30500030517578,1142402
2025-04-30 13:20:00,116.30500030517578,116.41999816894531,116.2699966430664,116.37999725341797,116.37999725341797,714853
2025-04-30 13:25:00,116.3949966430664,116.98999786376953,116.38050079345703,116.87999725341797,116.87999725341797,1428467
2025-04-30 13:30:00,116.86000061035156,117.01000213623047,116.7300033569336,117.00990295410156,117.00990295410156,991843
2025-04-30 13:35:00,117.00499725341797,117.17939758300781,116.83000183105469,116.86000061035156,116.86000061035156,1118121
2025-04-30 13:40:00,116.85890197753906,117.12999725341797,116.77999877929688,117.12000274658203,117.12000274658203,775844
2025-04-30 13:45:00,117.11499786376953,117.12989807128906,116.69010162353516,116.91629791259766,116.91629791259766,834322
2025-04-30 13:50:00,116.91500091552734,117.11990356445312,116.87999725341797,116.95500183105469,116.95500183105469,685664
2025-04-30 13:55:00,116.95500183105469,117.06999969482422,116.81999969482422,116.94000244140625,116.94000244140625,609769
2025-04-30 14:00:00,116.93000030517578,116.9800033569336,116.61009979248047,116.83979797363281,116.83979797363281,1180560
2025-04-30 14:05:00,116.8301010131836,117.66999816894531,116.73999786376953,117.20960235595703,117.20960235595703,1579373
2025-04-30 14:10:00,117.20999908447266,117.66999816894531,117.12000274658203,117.39440155029297,117.39440155029297,1247283
2025-04-30 14:15:00,117.38999938964844,117.75,117.31999969482422,117.72760009765625,117.72760009765625,962983
2025-04-30 14:20:00,117.71019744873047,117.82990264892578,117.41000366210938,117.4977035522461,117.4977035522461,862382
2025-04-30 14:25:00,117.4800033569336,117.79000091552734,117.33000183105469,117.52999877929688,117.52999877929688,1104881
2025-04-30 14:30:00,117.5,117.61000061035156,117.29000091552734,117.49019622802734,117.49019622802734,728881
2025-04-30 14:35:00,117.48999786376953,117.58999633789062,117.20999908447266,117.4280014038086,117.4280014038086,720026
2025-04-30 14:40:00,117.41000366210938,117.58000183105469,117.22000122070312,117.53500366210938,117.53500366210938,622376
2025-04-30 14:45:00,117.54000091552734,118.19740295410156,117.52079772949219,118.08999633789062,118.08999633789062,1636413
2025-04-30 14:50:00,118.08000183105469,118.16000366210938,117.94999694824219,117.9800033569336,117.9800033569336,981978
2025-04-30 14:55:00,117.95999908447266,118.05999755859375,117.70999908447266,117.7479019165039,117.7479019165039,760455
2025-04-30 15:00:00,117.73999786376953,118.08000183105469,117.73999786376953,117.9395980834961,117.9395980834961,694869
2025-04-30 15:05:00,117.91999816894531,117.97560119628906,117.61250305175781,117.75,117.75,748042
2025-04-30 15:10:00,117.76000213623047,118.12000274658203,117.70999908447266,118.0199966430664,118.0199966430664,911064
2025-04-30 15:15:00,118.0199966430664,118.06500244140625,117.79000091552734,117.82499694824219,117.82499694824219,556129
2025-04-30 15:20:00,117.82499694824219,118.01000213623047,117.44999694824219,117.56410217285156,117.56410217285156,1004152
2025-04-30 15:25:00,117.55999755859375,117.56999969482422,116.9000015258789,117.16000366210938,117.16000366210938,1678717
2025-04-30 15:30:00,117.16999816894531,117.44000244140625,116.95999908447266,116.98999786376953,116.98999786376953,986029
2025-04-30 15:35:00,116.9800033569336,117.41999816894531,116.87000274658203,117.31500244140625,117.31500244140625,1002985
2025-04-30 15:40:00,117.31999969482422,117.79000091552734,117.2300033569336,117.71800231933594,117.71800231933594,1002570
2025-04-30 15:45:00,117.7300033569336,118.08000183105469,117.66999816894531,118.05000305175781,118.05000305175781,1054008
2025-04-30 15:50:00,118.06999969482422,118.58999633789062,118.02999877929688,118.52559661865234,118.52559661865234,1985630
2025-04-30 15:55:00,118.5,118.77999877929688,118.38999938964844,118.47969818115234,118.47969818115234,2480371
2025-05-01 00:00:00,120.04000091552734,120.19000244140625,116.0,116.19999694824219,116.19999694824219,90677600
2025-05-01 09:30:00,120.02999877929688,120.19000244140625,119.01000213623047,119.13960266113281,119.13960266113281,7504225
2025-05-01 09:35:00,119.12419891357422,119.9800033569336,118.80999755859375,119.06999969482422,119.06999969482422,2866318
2025-05-01 09:40:00,119.06500244140625,119.6312026977539,118.44000244140625,119.29000091552734,119.29000091552734,2861277
2025-05-01 09:45:00,119.27149963378906,119.98999786376953,119.05999755859375,119.6500015258789,119.6500015258789,1974657
2025-05-01 09:50:00,119.64959716796875,120.0,119.20999908447266,119.23999786376953,119.23999786376953,1758018
2025-05-01 09:55:00,119.22200012207031,119.22200012207031,118.02999877929688,118.04920196533203,118.04920196533203,2449585
2025-05-01 10:00:00,118.08999633789062,118.87999725341797,117.57499694824219,117.98919677734375,117.98919677734375,2898540
2025-05-01 10:05:00,118.0199966430664,118.80000305175781,118.0,118.11000061035156,118.11000061035156,1902078
2025-05-01 10:10:00,118.11000061035156,118.29949951171875,117.32019805908203,117.81590270996094,117.81590270996094,1980903
2025-05-01 10:15:00,117.80000305175781,118.62000274658203,117.70999908447266,118.5199966430664,118.5199966430664,1447314
2025-05-01 10:20:00,118.5199966430664,119.4552001953125,118.4800033569336,119.44010162353516,119.44010162353516,2179003
2025-05-01 10:25:00,119.44000244140625,119.61000061035156,119.18000030517578,119.41020202636719,119.41020202636719,1756325
2025-05-01 10:30:00,119.41999816894531,119.50980377197266,119.01000213623047,119.43789672851562,119.43789672851562,1216067
2025-05-01 10:35:00,119.43000030517578,119.5,119.13819885253906,119.34500122070312,119.34500122070312,1013176
2025-05-01 10:40:00,119.36000061035156,119.47000122070312,118.66000366210938,118.73040008544922,118.73040008544922,1173964
2025-05-01 10:45:00,118.72000122070312,119.05000305175781,118.68000030517578,118.94740295410156,118.94740295410156,870499
2025-05-01 10:50:00,118.95809936523438,118.95999908447266,118.45010375976562,118.58999633789062,118.58999633789062,878624
2025-05-01 10:55:00,118.58999633789062,119.3499984741211,118.58999633789062,119.31099700927734,119.31099700927734,1068994
2025-05-01 11:00:00,119.31999969482422,119.55000305175781,118.98999786376953,119.41000366210938,119.41000366210938,1178174
2025-05-01 11:05:00,119.41000366210938,119.54000091552734,119.05030059814453,119.07350158691406,119.07350158691406,951937
2025-05-01 11:10:00,119.09500122070312,119.36000061035156,119.05000305175781,119.3467025756836,119.3467025756836,548751
2025-05-01 11:15:00,119.33999633789062,119.4800033569336,119.04000091552734,119.04000091552734,119.04000091552734,823903
2025-05-01 11:20:00,119.05979919433594,119.0781021118164,117.88999938964844,117.9104995727539,117.9104995727539,1564064
2025-05-01 11:25:00,117.92919921875,118.51470184326172,117.86000061035156,118.38980102539062,118.38980102539062,1285623
2025-05-01 11:30:00,118.4000015258789,118.58000183105469,118.23999786376953,118.28359985351562,118.28359985351562,770256
2025-05-01 11:35:00,118.30000305175781,118.55000305175781,118.1500015258789,118.50900268554688,118.50900268554688,769655
2025-05-01 11:40:00,118.5000991821289,118.73999786376953,118.36000061035156,118.52999877929688,118.52999877929688,782775
2025-05-01 11:45:00,118.55000305175781,118.7300033569336,118.37000274658203,118.51000213623047,118.51000213623047,728180
2025-05-01 11:50:00,118.51709747314453,118.65969848632812,118.26020050048828,118.37960052490234,118.37960052490234,798349
2025-05-01 11:55:00,118.37000274658203,118.69000244140625,118.18000030517578,118.4800033569336,118.4800033569336,972229
2025-05-01 12:00:00,118.48999786376953,118.85649871826172,118.43000030517578,118.53630065917969,118.53630065917969,668015
2025-05-01 12:05:00,118.54000091552734,118.7300033569336,118.4000015258789,118.4906005859375,118.4906005859375,588248
2025-05-01 12:10:00,118.49500274658203,118.52999877929688,117.94999694824219,118.06999969482422,118.06999969482422,851103
2025-05-01 12:15:00,118.06999969482422,118.08999633789062,117.5,117.70500183105469,117.70500183105469,987830
2025-05-01 12:20:00,117.69499969482422,117.87999725341797,117.56999969482422,117.63089752197266,117.63089752197266,634732
2025-05-01 12:25:00,117.63999938964844,118.07469940185547,117.5999984741211,117.95500183105469,117.95500183105469,660581
2025-05-01 12:30:00,117.94000244140625,118.04989624023438,117.6500015258789,117.73999786376953,117.73999786376953,587080
2025-05-01 12:35:00,117.75,118.05000305175781,117.7300033569336,117.99649810791016,117.99649810791016,473222
2025-05-01 12:40:00,118.0199966430664,118.0199966430664,117.67400360107422,117.76000213623047,117.76000213623047,405850
2025-05-01 12:45:00,117.75,117.75,117.30999755859375,117.41480255126953,117.41480255126953,986319
2025-05-01 12:50:00,117.41000366210938,117.6500015258789,117.11000061035156,117.37020111083984,117.37020111083984,883728
2025-05-01 12:55:00,117.37429809570312,117.72000122070312,117.30999755859375,117.57499694824219,117.57499694824219,597647
2025-05-01 13:00:00,117.56999969482422,118.22000122070312,117.51000213623047,118.17500305175781,118.17500305175781,767876
2025-05-01 13:05:00,118.16999816894531,118.4800033569336,118.01750183105469,118.41500091552734,118.41500091552734,873663
2025-05-01 13:10:00,118.41500091552734,118.83000183105469,118.3499984741211,118.7300033569336,118.7300033569336,1332542
2025-05-01 13:15:00,118.7300033569336,119.08999633789062,118.71410369873047,118.89990234375,118.89990234375,1021820
2025-05-01 13:20:00,118.9000015258789,119.31500244140625,118.80999755859375,119.20999908447266,119.20999908447266,1082109
2025-05-01 13:25:00,119.20999908447266,119.30999755859375,118.69999694824219,118.81999969482422,118.81999969482422,856645
2025-05-01 13:30:00,118.83000183105469,118.84989929199219,118.38999938964844,118.52010345458984,118.52010345458984,730592
2025-05-01 13:35:00,118.52020263671875,118.66999816894531,118.32080078125,118.41999816894531,118.41999816894531,684865
2025-05-01 13:40:00,118.43000030517578,118.48750305175781,117.97000122070312,118.18000030517578,118.18000030517578,871058
2025-05-01 13:45:00,118.16560363769531,118.62999725341797,118.04000091552734,118.5999984741211,118.5999984741211,902915
2025-05-01 13:50:00,118.59500122070312,118.69000244140625,118.25430297851562,118.62110137939453,118.62110137939453,642674
2025-05-01 13:55:00,118.63999938964844,118.6500015258789,118.34020233154297,118.53500366210938,118.53500366210938,466355
2025-05-01 14:00:00,118.54000091552734,118.79000091552734,118.5199966430664,118.658203125,118.658203125,429203
2025-05-01 14:05:00,118.65499877929688,119.07769775390625,118.52999877929688,119.02989959716797,119.02989959716797,712073
2025-05-01 14:10:00,119.01000213623047,119.04000091552734,118.6500015258789,118.77020263671875,118.77020263671875,500849
2025-05-01 14:15:00,118.7699966430664,118.9791030883789,118.72000122070312,118.78500366210938,118.78500366210938,426589
2025-05-01 14:20:00,118.79000091552734,118.79000091552734,118.41000366210938,118.5,118.5,771698
2025-05-01 14:25:00,118.50350189208984,118.68499755859375,118.4000015258789,118.64440155029297,118.64440155029297,378807
2025-05-01 14:30:00,118.62999725341797,118.7300033569336,118.5199966430664,118.56999969482422,118.56999969482422,296627
2025-05-01 14:35:00,118.57039642333984,118.58999633789062,118.37999725341797,118.44999694824219,118.44999694824219,428121
2025-05-01 14:40:00,118.44609832763672,118.62000274658203,118.2699966430664,118.5790023803711,118.5790023803711,479407
2025-05-01 14:45:00,118.58999633789062,118.73999786376953,118.4800033569336,118.62999725341797,118.62999725341797,535906
2025-05-01 14:50:00,118.66000366210938,118.9000015258789,118.5999984741211,118.6050033569336,118.6050033569336,515842
2025-05-01 14:55:00,118.58000183105469,118.72989654541016,118.45999908447266,118.49569702148438,118.49569702148438,343029
2025-05-01 15:00:00,118.49729919433594,118.55599975585938,118.30999755859375,118.4000015258789,118.4000015258789,485853
2025-05-01 15:05:00,118.4010009765625,118.45999908447266,118.12000274658203,118.1500015258789,118.1500015258789,456516
2025-05-01 15:10:00,118.1500015258789,118.48999786376953,118.05000305175781,118.41519927978516,118.41519927978516,538850
2025-05-01 15:15:00,118.41500091552734,118.51519775390625,118.31500244140625,118.37999725341797,118.37999725341797,410942
2025-05-01 15:20:00,118.38999938964844,118.43350219726562,118.08999633789062,118.10009765625,118.10009765625,464392
2025-05-01 15:25:00,118.0905990600586,118.19999694824219,118.0,118.02999877929688,118.02999877929688,487721
2025-05-01 15:30:00,118.02999877929688,118.1500015258789,117.88050079345703,117.93499755859375,117.93499755859375,663130
2025-05-01 15:35:00,117.94000244140625,118.19999694824219,117.91000366210938,118.04000091552734,118.04000091552734,618508
2025-05-01 15:40:00,118.03959655761719,118.0447998046875,117.55500030517578,117.67500305175781,117.67500305175781,802389
2025-05-01 15:45:00,117.68000030517578,117.94999694824219,117.58000183105469,117.92990112304688,117.92990112304688,779720
2025-05-01 15:50:00,117.94999694824219,117.9800033569336,117.01000213623047,117.13999938964844,117.13999938964844,1475723
2025-05-01 15:55:00,117.1500015258789,117.2699966430664,116.0,116.13999938964844,116.13999938964844,3257333
2025-05-02 00:00:00,118.66000366210938,124.41999816894531,118.62999725341797,124.27999877929688,124.27999877929688,103094300
2025-05-02 09:30:00,118.73999786376953,120.93000030517578,118.62999725341797,120.8499984741211,120.8499984741211,6633836
2025-05-02 09:35:00,120.59500122070312,120.65959930419922,119.44039916992188,120.30999755859375,120.30999755859375,5161983
2025-05-02 09:40:00,120.30000305175781,121.2699966430664,120.23999786376953,120.8550033569336,120.8550033569336,3117454
2025-05-02 09:45:00,120.87000274658203,121.81999969482422,120.5802993774414,121.39469909667969,121.39469909667969,3105419
2025-05-02 09:50:00,121.38999938964844,121.8949966430664,120.9000015258789,121.0999984741211,121.0999984741211,2662414
2025-05-02 09:55:00,121.11000061035156,121.87999725341797,121.0,121.62999725341797,121.62999725341797,2123288
2025-05-02 10:00:00,121.58370208740234,122.68990325927734,121.54000091552734,122.24919891357422,122.24919891357422,3008328
2025-05-02 10:05:00,122.2300033569336,122.5,121.95999908447266,122.06999969482422,122.06999969482422,1710386
2025-05-02 10:10:00,122.05000305175781,122.2249984741211,121.4000015258789,122.17759704589844,122.17759704589844,2353926
2025-05-02 10:15:00,122.16999816894531,122.88999938964844,122.0999984741211,122.55999755859375,122.55999755859375,2407184
2025-05-02 10:20:00,122.55049896240234,122.72000122070312,122.02999877929688,122.66999816894531,122.66999816894531,1878942
2025-05-02 10:25:00,122.6449966430664,123.22000122070312,122.5999984741211,122.93000030517578,122.93000030517578,2255872
2025-05-02 10:30:00,122.94999694824219,123.1500015258789,122.11000061035156,123.09010314941406,123.09010314941406,2304115
2025-05-02 10:35:00,123.11969757080078,123.18000030517578,122.75,123.1281967163086,123.1281967163086,1340541
2025-05-02 10:40:00,123.13999938964844,123.29000091552734,122.55999755859375,122.69750213623047,122.69750213623047,1752089
2025-05-02 10:45:00,122.69000244140625,123.0,122.25,122.28500366210938,122.28500366210938,1573656
2025-05-02 10:50:00,122.27999877929688,122.31999969482422,121.73999786376953,122.1093978881836,122.1093978881836,1748134
2025-05-02 10:55:00,122.0999984741211,122.3499984741211,121.95999908447266,122.22859954833984,122.22859954833984,918074
2025-05-02 11:00:00,122.2249984741211,122.43000030517578,121.91500091552734,121.97689819335938,121.97689819335938,965556
2025-05-02 11:05:00,121.97979736328125,122.05000305175781,121.80010223388672,121.83709716796875,121.83709716796875,1537351
2025-05-02 11:10:00,121.8499984741211,122.03990173339844,121.65019989013672,121.66999816894531,121.66999816894531,1002015
2025-05-02 11:15:00,121.66000366210938,122.27999877929688,121.58999633789062,122.13500213623047,122.13500213623047,1244681
2025-05-02 11:20:00,122.11000061035156,122.41000366210938,121.94000244140625,122.19999694824219,122.19999694824219,866513
2025-05-02 11:25:00,122.20570373535156,122.23999786376953,121.88500213623047,121.91000366210938,121.91000366210938,733767
2025-05-02 11:30:00,121.95999908447266,122.69000244140625,121.76000213623047,122.65859985351562,122.65859985351562,1273664
2025-05-02 11:35:00,122.65499877929688,122.79000091552734,122.30999755859375,122.34049987792969,122.34049987792969,802559
2025-05-02 11:40:00,122.36000061035156,122.58999633789062,122.1135025024414,122.57499694824219,122.57499694824219,770032
2025-05-02 11:45:00,122.5698013305664,122.66999816894531,122.47000122070312,122.62999725341797,122.62999725341797,524865
2025-05-02 11:50:00,122.61000061035156,122.61000061035156,122.27999877929688,122.38999938964844,122.38999938964844,485741
2025-05-02 11:55:00,122.38999938964844,122.86000061035156,122.34239959716797,122.80500030517578,122.80500030517578,887645
2025-05-02 12:00:00,122.80000305175781,123.2300033569336,122.66999816894531,123.15499877929688,123.15499877929688,1448598
2025-05-02 12:05:00,123.1500015258789,123.2300033569336,122.86000061035156,122.88999938964844,122.88999938964844,733276
2025-05-02 12:10:00,122.87999725341797,123.2300033569336,122.80999755859375,123.08000183105469,123.08000183105469,853483
2025-05-02 12:15:00,123.08350372314453,123.2699966430664,122.9749984741211,123.19999694824219,123.19999694824219,825267
2025-05-02 12:20:00,123.22000122070312,123.30000305175781,122.89009857177734,123.01809692382812,123.01809692382812,684477
2025-05-02 12:25:00,123.01789855957031,123.38999938964844,122.98999786376953,123.26000213623047,123.26000213623047,794790
2025-05-02 12:30:00,123.25499725341797,123.62999725341797,123.16000366210938,123.5698013305664,123.5698013305664,1028130
2025-05-02 12:35:00,123.55999755859375,123.71990203857422,123.44999694824219,123.64700317382812,123.64700317382812,751697
2025-05-02 12:40:00,123.65979766845703,123.7699966430664,123.47000122070312,123.62000274658203,123.62000274658203,746795
2025-05-02 12:45:00,123.5999984741211,123.69000244140625,123.47000122070312,123.63030242919922,123.63030242919922,512027
2025-05-02 12:50:00,123.63999938964844,123.66999816894531,123.30000305175781,123.49009704589844,123.49009704589844,734440
2025-05-02 12:55:00,123.49500274658203,123.66999816894531,123.4801025390625,123.51000213623047,123.51000213623047,498162
2025-05-02 13:00:00,123.50900268554688,123.58999633789062,123.22000122070312,123.3499984741211,123.3499984741211,737541
2025-05-02 13:05:00,123.3550033569336,123.38500213623047,123.0999984741211,123.2240982055664,123.2240982055664,775740
2025-05-02 13:10:00,123.2249984741211,123.41500091552734,123.16000366210938,123.30000305175781,123.30000305175781,567135
2025-05-02 13:15:00,123.31900024414062,123.33000183105469,122.80999755859375,122.8949966430664,122.8949966430664,832573
2025-05-02 13:20:00,122.89689636230469,123.23999786376953,122.86009979248047,122.93009948730469,122.93009948730469,684366
2025-05-02 13:25:00,122.93000030517578,123.16999816894531,122.86000061035156,123.09410095214844,123.09410095214844,462544
2025-05-02 13:30:00,123.0999984741211,123.23999786376953,122.97000122070312,123.05000305175781,123.05000305175781,482508
2025-05-02 13:35:00,123.05999755859375,123.37000274658203,123.04010009765625,123.33000183105469,123.33000183105469,536973
2025-05-02 13:40:00,123.33999633789062,123.43699645996094,123.12999725341797,123.4198989868164,123.4198989868164,493857
2025-05-02 13:45:00,123.4198989868164,123.68499755859375,123.41000366210938,123.54000091552734,123.54000091552734,654556
2025-05-02 13:50:00,123.53800201416016,123.62999725341797,123.37000274658203,123.43489837646484,123.43489837646484,507775
2025-05-02 13:55:00,123.43000030517578,123.63999938964844,123.36000061035156,123.5197982788086,123.5197982788086,465119
2025-05-02 14:00:00,123.51000213623047,123.5999984741211,123.36009979248047,123.42500305175781,123.42500305175781,452576
2025-05-02 14:05:00,123.42500305175781,123.54000091552734,123.36000061035156,123.45999908447266,123.45999908447266,372194
2025-05-02 14:10:00,123.44999694824219,123.47000122070312,123.16000366210938,123.19999694824219,123.19999694824219,445300
2025-05-02 14:15:00,123.18479919433594,123.18479919433594,123.0199966430664,123.11000061035156,123.11000061035156,435921
2025-05-02 14:20:00,123.16000366210938,123.33999633789062,123.08000183105469,123.29000091552734,123.29000091552734,416958
2025-05-02 14:25:00,123.29000091552734,123.5,123.2699966430664,123.41999816894531,123.41999816894531,460794
2025-05-02 14:30:00,123.42500305175781,123.68000030517578,123.38009643554688,123.66999816894531,123.66999816894531,599426
2025-05-02 14:35:00,123.66999816894531,124.08999633789062,123.66000366210938,124.08000183105469,124.08000183105469,1589459
2025-05-02 14:40:00,124.08999633789062,124.2699966430664,123.98999786376953,124.12000274658203,124.12000274658203,1205397
2025-05-02 14:45:00,124.12000274658203,124.13999938964844,123.58999633789062,123.6500015258789,123.6500015258789,998915
2025-05-02 14:50:00,123.65010070800781,124.0,123.61840057373047,123.98500061035156,123.98500061035156,742463
2025-05-02 14:55:00,123.98999786376953,124.06999969482422,123.79000091552734,124.0510025024414,124.0510025024414,762718
2025-05-02 15:00:00,124.05000305175781,124.06999969482422,123.7699966430664,123.95010375976562,123.95010375976562,895901
2025-05-02 15:05:00,123.9551010131836,124.37000274658203,123.7699966430664,124.3550033569336,124.3550033569336,1174523
2025-05-02 15:10:00,124.3499984741211,124.41999816894531,123.88009643554688,123.9749984741211,123.9749984741211,1088225
2025-05-02 15:15:00,123.97000122070312,124.34989929199219,123.9000015258789,124.31649780273438,124.31649780273438,1043372
2025-05-02 15:20:00,124.31500244140625,124.41999816894531,124.16000366210938,124.2699966430664,124.2699966430664,768880
2025-05-02 15:25:00,124.2699966430664,124.31999969482422,123.9000015258789,124.00499725341797,124.00499725341797,924005
2025-05-02 15:30:00,124.0,124.04000091552734,123.44010162353516,123.50019836425781,123.50019836425781,1126925
2025-05-02 15:35:00,123.5,123.72000122070312,123.12000274658203,123.72000122070312,123.72000122070312,1618401
2025-05-02 15:40:00,123.70999908447266,123.9000015258789,123.66999816894531,123.70989990234375,123.70989990234375,1074386
2025-05-02 15:45:00,123.71499633789062,123.95999908447266,123.36000061035156,123.46980285644531,123.46980285644531,1358199
2025-05-02 15:50:00,123.45999908447266,124.23999786376953,123.44000244140625,124.16000366210938,124.16000366210938,1583158
2025-05-02 15:55:00,124.1449966430664,124.3864974975586,123.81999969482422,124.27999877929688,124.27999877929688,2723901
2025-05-05 00:00:00,123.69999694824219,125.25499725341797,121.36000061035156,123.7699966430664,123.7699966430664,135961300
2025-05-05 09:30:00,123.68499755859375,124.72989654541016,122.80999755859375,123.1500015258789,123.1500015258789,7368586
2025-05-05 09:35:00,122.48999786376953,122.9800033569336,121.75,121.83999633789062,121.83999633789062,6300444
2025-05-05 09:40:00,121.86000061035156,122.31999969482422,121.36000061035156,121.8499984741211,121.8499984741211,2843482
2025-05-05 09:45:00,121.88999938964844,122.80000305175781,121.69999694824219,122.52999877929688,122.52999877929688,2375243
2025-05-05 09:50:00,122.48999786376953,122.87999725341797,121.99500274658203,122.55999755859375,122.55999755859375,2024701
2025-05-05 09:55:00,122.55999755859375,123.9800033569336,122.52999877929688,123.55500030517578,123.55500030517578,3136969
2025-05-05 10:00:00,123.58000183105469,124.11000061035156,123.08000183105469,123.15029907226562,123.15029907226562,2213594
2025-05-05 10:05:00,123.16000366210938,123.6500015258789,123.0,123.13999938964844,123.13999938964844,1552395
2025-05-05 10:10:00,123.0999984741211,123.16940307617188,122.5,122.94249725341797,122.94249725341797,1593640
2025-05-05 10:15:00,122.94999694824219,123.37000274658203,122.68000030517578,123.26000213623047,123.26000213623047,1450036
2025-05-05 10:20:00,123.2699966430664,123.37999725341797,122.44999694824219,122.5199966430664,122.5199966430664,1604449
2025-05-05 10:25:00,122.57499694824219,122.7699966430664,122.2300033569336,122.70500183105469,122.70500183105469,1410287
2025-05-05 10:30:00,122.70999908447266,122.88999938964844,122.20999908447266,122.2217025756836,122.2217025756836,1109217
2025-05-05 10:35:00,122.22640228271484,122.66500091552734,122.02999877929688,122.55000305175781,122.55000305175781,1347122
2025-05-05 10:40:00,122.54000091552734,122.80999755859375,122.37000274658203,122.80000305175781,122.80000305175781,998737
2025-05-05 10:45:00,122.79100036621094,123.31999969482422,122.76000213623047,123.16000366210938,123.16000366210938,1312203
2025-05-05 10:50:00,123.17500305175781,123.47000122070312,123.16000366210938,123.45069885253906,123.45069885253906,936477
2025-05-05 10:55:00,123.46499633789062,123.66999816894531,123.12010192871094,123.20999908447266,123.20999908447266,1354707
2025-05-05 11:00:00,123.19999694824219,123.5,123.12000274658203,123.47029876708984,123.47029876708984,929297
2025-05-05 11:05:00,123.47000122070312,123.66999816894531,123.1500015258789,123.55500030517578,123.55500030517578,954615
2025-05-05 11:10:00,123.55999755859375,123.91999816894531,123.43669891357422,123.86000061035156,123.86000061035156,984743
2025-05-05 11:15:00,123.75499725341797,123.91999816894531,123.5,123.91999816894531,123.91999816894531,925210
2025-05-05 11:20:00,123.9175033569336,124.08999633789062,123.77999877929688,123.94999694824219,123.94999694824219,1246049
2025-05-05 11:25:00,123.94509887695312,124.05000305175781,123.83999633789062,124.03500366210938,124.03500366210938,779012
2025-05-05 11:30:00,124.02999877929688,124.08000183105469,123.79000091552734,123.83000183105469,123.83000183105469,819447
2025-05-05 11:35:00,123.83059692382812,123.94000244140625,123.3499984741211,123.47000122070312,123.47000122070312,877779
2025-05-05 11:40:00,123.45999908447266,123.94999694824219,123.45999908447266,123.88749694824219,123.88749694824219,892396
2025-05-05 11:45:00,123.8904037475586,123.98999786376953,123.58999633789062,123.62999725341797,123.62999725341797,664979
2025-05-05 11:50:00,123.62000274658203,124.24459838867188,123.61000061035156,124.08000183105469,124.08000183105469,1000805
2025-05-05 11:55:00,124.09020233154297,124.17459869384766,123.8499984741211,124.05999755859375,124.05999755859375,890310
2025-05-05 12:00:00,124.05999755859375,124.4000015258789,123.9000015258789,124.33000183105469,124.33000183105469,882806
2025-05-05 12:05:00,124.33000183105469,124.5999984741211,124.30000305175781,124.4000015258789,124.4000015258789,1169497
2025-05-05 12:10:00,124.39700317382812,124.49150085449219,124.26000213623047,124.45010375976562,124.45010375976562,765956
2025-05-05 12:15:00,124.44999694824219,124.55000305175781,124.4000015258789,124.52490234375,124.52490234375,814479
2025-05-05 12:20:00,124.52999877929688,124.93000030517578,124.45999908447266,124.91000366210938,124.91000366210938,1218322
2025-05-05 12:25:00,124.91000366210938,125.05999755859375,124.75499725341797,124.81500244140625,124.81500244140625,1649147
2025-05-05 12:30:00,124.81999969482422,124.9000015258789,124.7300033569336,124.73999786376953,124.73999786376953,180029
2025-05-05 12:40:00,124.88009643554688,124.91999816894531,124.77999877929688,124.83499908447266,124.83499908447266,2076100
2025-05-05 12:45:00,124.83499908447266,124.93000030517578,124.69999694824219,124.77989959716797,124.77989959716797,592405
2025-05-05 12:50:00,124.77999877929688,124.79000091552734,124.45999908447266,124.54000091552734,124.54000091552734,638530
2025-05-05 12:55:00,124.53980255126953,124.55999755859375,124.13999938964844,124.23979949951172,124.23979949951172,819885
2025-05-05 13:00:00,124.2322998046875,124.27999877929688,123.5636978149414,123.87999725341797,123.87999725341797,1419896
2025-05-05 13:05:00,123.87000274658203,124.0,123.70999908447266,123.83999633789062,123.83999633789062,821891
2025-05-05 13:10:00,123.82499694824219,123.94000244140625,123.61000061035156,123.63500213623047,123.63500213623047,630383
2025-05-05 13:15:00,123.62999725341797,124.08000183105469,123.5199966430664,124.04979705810547,124.04979705810547,904659
2025-05-05 13:20:00,124.04499816894531,124.23989868164062,124.0,124.08360290527344,124.08360290527344,726989
2025-05-05 13:25:00,124.08000183105469,124.46549987792969,124.05999755859375,124.43499755859375,124.43499755859375,720565
2025-05-05 13:30:00,124.44000244140625,124.70999908447266,124.30999755859375,124.31990051269531,124.31990051269531,1098446
2025-05-05 13:35:00,124.30010223388672,124.30999755859375,123.88999938964844,124.15010070800781,124.15010070800781,871853
2025-05-05 13:40:00,124.15129852294922,124.31999969482422,124.0999984741211,124.15899658203125,124.15899658203125,741723
2025-05-05 13:45:00,124.1500015258789,124.27999877929688,124.08999633789062,124.20020294189453,124.20020294189453,684506
2025-05-05 13:50:00,124.20999908447266,124.44999694824219,124.16000366210938,124.36499786376953,124.36499786376953,562468
2025-05-05 13:55:00,124.37000274658203,124.45500183105469,124.26000213623047,124.37750244140625,124.37750244140625,501546
2025-05-05 14:00:00,124.37000274658203,124.66999816894531,124.29000091552734,124.60469818115234,124.60469818115234,615689
2025-05-05 14:05:00,124.60260009765625,124.73999786376953,124.5199966430664,124.55999755859375,124.55999755859375,791521
2025-05-05 14:10:00,124.56999969482422,124.66999816894531,124.44999694824219,124.6500015258789,124.6500015258789,571731
2025-05-05 14:15:00,124.63999938964844,124.70999908447266,124.5,124.5199966430664,124.5199966430664,495887
2025-05-05 14:20:00,124.52999877929688,124.73999786376953,124.47000122070312,124.69000244140625,124.69000244140625,660928
2025-05-05 14:25:00,124.68000030517578,124.81999969482422,124.58999633789062,124.64080047607422,124.64080047607422,734068
2025-05-05 14:30:00,124.63999938964844,124.9000015258789,124.58000183105469,124.8550033569336,124.8550033569336,659082
2025-05-05 14:35:00,124.85980224609375,124.89019775390625,124.75,124.81310272216797,124.81310272216797,522104
2025-05-05 14:40:00,124.8102035522461,124.94999694824219,124.68000030517578,124.94999694824219,124.94999694824219,633964
2025-05-05 14:45:00,124.94999694824219,125.20999908447266,124.93000030517578,125.12000274658203,125.12000274658203,1509526
2025-05-05 14:50:00,125.1498031616211,125.25499725341797,124.9000015258789,124.91010284423828,124.91010284423828,1060507
2025-05-05 14:55:00,124.91000366210938,124.93000030517578,124.44100189208984,124.59220123291016,124.59220123291016,1370213
2025-05-05 15:00:00,124.58999633789062,124.76000213623047,124.41999816894531,124.45999908447266,124.45999908447266,1103834
2025-05-05 15:05:00,124.44000244140625,124.62020111083984,124.11000061035156,124.38739776611328,124.38739776611328,1289648
2025-05-05 15:10:00,124.37999725341797,124.6500015258789,124.3499984741211,124.54000091552734,124.54000091552734,1069380
2025-05-05 15:15:00,124.55000305175781,124.79100036621094,124.51000213623047,124.52999877929688,124.52999877929688,890673
2025-05-05 15:20:00,124.52999877929688,124.67359924316406,124.3499984741211,124.41000366210938,124.41000366210938,919021
2025-05-05 15:25:00,124.42980194091797,124.5199966430664,124.30000305175781,124.375,124.375,873567
2025-05-05 15:30:00,124.38999938964844,124.62000274658203,124.25,124.5364990234375,124.5364990234375,1134970
2025-05-05 15:35:00,124.5199966430664,124.55000305175781,124.31999969482422,124.37000274658203,124.37000274658203,1029453
2025-05-05 15:40:00,124.3593978881836,124.58989715576172,124.16000366210938,124.29000091552734,124.29000091552734,1210372
2025-05-05 15:45:00,124.29000091552734,124.37999725341797,123.93499755859375,124.17780303955078,124.17780303955078,1612455
2025-05-05 15:50:00,124.16000366210938,124.22000122070312,123.3499984741211,123.48999786376953,123.48999786376953,2124779
2025-05-05 15:55:00,123.4800033569336,124.05000305175781,123.20999908447266,123.94999694824219,123.94999694824219,3523974
2025-05-06 00:00:00,112.70999908447266,113.91000366210938,105.31999969482422,108.86000061035156,108.86000061035156,201193400
2025-05-06 09:30:00,112.70999908447266,113.47969818115234,110.3499984741211,111.00499725341797,111.00499725341797,21049384
2025-05-06 09:35:00,111.00499725341797,111.11000061035156,108.41999816894531,109.7249984741211,109.7249984741211,10485588
2025-05-06 09:40:00,109.72000122070312,110.11000061035156,108.5,108.81999969482422,108.81999969482422,6267002
2025-05-06 09:45:00,108.75,109.48500061035156,108.11000061035156,108.48600006103516,108.48600006103516,5604041
2025-05-06 09:50:00,108.54000091552734,108.56999969482422,106.6500015258789,106.86000061035156,106.86000061035156,6882552
2025-05-06 09:55:00,106.85009765625,107.37999725341797,106.5,106.5,106.5,4189828
2025-05-06 10:00:00,106.5,106.98999786376953,105.7300033569336,106.70999908447266,106.70999908447266,5283999
2025-05-06 10:05:00,106.70500183105469,106.76000213623047,105.83499908447266,106.3499984741211,106.3499984741211,3846601
2025-05-06 10:10:00,106.33999633789062,106.83000183105469,105.32009887695312,105.37940216064453,105.37940216064453,4701391
2025-05-06 10:15:00,105.37760162353516,106.23999786376953,105.36499786376953,105.83999633789062,105.83999633789062,3645734
2025-05-06 10:20:00,105.83979797363281,107.25,105.79000091552734,107.16000366210938,107.16000366210938,4354648
2025-05-06 10:25:00,107.16999816894531,107.5,106.6500015258789,107.06539916992188,107.06539916992188,3937690
2025-05-06 10:30:00,107.05000305175781,107.0999984741211,106.33000183105469,106.93509674072266,106.93509674072266,2652161
2025-05-06 10:35:00,106.93499755859375,107.38710021972656,106.83999633789062,107.2699966430664,107.2699966430664,2237385
2025-05-06 10:40:00,107.28520202636719,108.25,107.28009796142578,108.18499755859375,108.18499755859375,3253694
2025-05-06 10:45:00,108.18499755859375,108.51000213623047,108.08999633789062,108.12999725341797,108.12999725341797,2969711
2025-05-06 10:50:00,108.125,108.12760162353516,107.15010070800781,108.00019836425781,108.00019836425781,2896448
2025-05-06 10:55:00,108.00499725341797,108.77999877929688,107.99009704589844,108.51000213623047,108.51000213623047,2807507
2025-05-06 11:00:00,108.51000213623047,109.4000015258789,108.41010284423828,109.38990020751953,109.38990020751953,3055586
2025-05-06 11:05:00,109.38999938964844,109.63999938964844,109.12999725341797,109.4801025390625,109.4801025390625,2035913
2025-05-06 11:10:00,109.27999877929688,109.33999633789062,108.51000213623047,108.57510375976562,108.57510375976562,3424556
2025-05-06 11:15:00,108.57990264892578,109.29969787597656,108.57009887695312,109.01010131835938,109.01010131835938,2074144
2025-05-06 11:20:00,109.0199966430664,109.16000366210938,107.93000030517578,108.0833969116211,108.0833969116211,2419282
2025-05-06 11:25:00,108.08999633789062,109.13999938964844,108.0801010131836,109.02999877929688,109.02999877929688,1807587
2025-05-06 11:30:00,109.0199966430664,109.25,108.58000183105469,109.22869873046875,109.22869873046875,1685501
2025-05-06 11:35:00,109.2249984741211,109.4885025024414,108.73999786376953,108.93879699707031,108.93879699707031,1739894
2025-05-06 11:40:00,108.93499755859375,109.0199966430664,108.19000244140625,108.30000305175781,108.30000305175781,1755062
2025-05-06 11:45:00,108.27999877929688,108.37999725341797,107.80999755859375,107.90899658203125,107.90899658203125,1709011
2025-05-06 11:50:00,107.90160369873047,107.94999694824219,107.4198989868164,107.4397964477539,107.4397964477539,1954297
2025-05-06 11:55:00,107.43109893798828,107.69000244140625,107.08000183105469,107.13520050048828,107.13520050048828,1705003
2025-05-06 12:00:00,107.12999725341797,107.42500305175781,106.79000091552734,107.33000183105469,107.33000183105469,2126288
2025-05-06 12:05:00,107.30999755859375,107.55000305175781,106.5,106.54989624023438,106.54989624023438,2080391
2025-05-06 12:10:00,106.55000305175781,107.83999633789062,106.5,107.5199966430664,107.5199966430664,2278707
2025-05-06 12:15:00,107.54000091552734,107.64990234375,106.91999816894531,107.2300033569336,107.2300033569336,1805155
2025-05-06 12:20:00,107.21549987792969,107.38999938964844,106.55000305175781,106.72000122070312,106.72000122070312,2015732
2025-05-06 12:25:00,106.71499633789062,106.88999938964844,106.31999969482422,106.5,106.5,2136749
2025-05-06 12:30:00,106.5,106.58000183105469,106.06999969482422,106.27490234375,106.27490234375,2033173
2025-05-06 12:35:00,106.27770233154297,106.4800033569336,106.14009857177734,106.2844009399414,106.2844009399414,1219092
2025-05-06 12:40:00,106.29000091552734,107.0,106.27010345458984,106.71520233154297,106.71520233154297,2045803
2025-05-06 12:45:00,106.72000122070312,107.16999816894531,106.36000061035156,107.06999969482422,107.06999969482422,1530488
2025-05-06 12:50:00,107.06999969482422,107.08000183105469,106.68000030517578,106.875,106.875,1152619
2025-05-06 12:55:00,106.87999725341797,107.31999969482422,106.81999969482422,107.01190185546875,107.01190185546875,1268491
2025-05-06 13:00:00,106.9800033569336,107.7300033569336,106.9800033569336,107.2699966430664,107.2699966430664,1607451
2025-05-06 13:05:00,107.2864990234375,107.77999877929688,107.23999786376953,107.55000305175781,107.55000305175781,1017741
2025-05-06 13:10:00,107.56739807128906,107.61000061035156,107.05999755859375,107.26000213623047,107.26000213623047,1039780
2025-05-06 13:15:00,107.26000213623047,107.80999755859375,107.19999694824219,107.75990295410156,107.75990295410156,988745
2025-05-06 13:20:00,107.73999786376953,107.76000213623047,107.25,107.44000244140625,107.44000244140625,1038830
2025-05-06 13:25:00,107.44580078125,107.44580078125,107.15450286865234,107.29840087890625,107.29840087890625,879767
2025-05-06 13:30:00,107.30000305175781,107.76000213623047,107.29010009765625,107.7300033569336,107.7300033569336,834258
2025-05-06 13:35:00,107.73999786376953,107.7699966430664,107.4000015258789,107.41999816894531,107.41999816894531,826973
2025-05-06 13:40:00,107.43499755859375,107.4375,106.81009674072266,106.86910247802734,106.86910247802734,1205857
2025-05-06 13:45:00,106.86000061035156,106.94999694824219,106.65260314941406,106.9000015258789,106.9000015258789,1014513
2025-05-06 13:50:00,106.91500091552734,107.6698989868164,106.82009887695312,107.63999938964844,107.63999938964844,1132617
2025-05-06 13:55:00,107.6500015258789,108.33000183105469,107.44499969482422,108.19999694824219,108.19999694824219,1621056
2025-05-06 14:00:00,108.19100189208984,108.25,107.54000091552734,107.76000213623047,107.76000213623047,1802910
2025-05-06 14:05:00,107.76000213623047,108.0999984741211,107.54000091552734,107.99690246582031,107.99690246582031,1334342
2025-05-06 14:10:00,107.9800033569336,108.5,107.70500183105469,108.45989990234375,108.45989990234375,1830410
2025-05-06 14:15:00,108.4697036743164,109.0,108.44999694824219,108.95999908447266,108.95999908447266,1905081
2025-05-06 14:20:00,108.96990203857422,109.1500015258789,108.70999908447266,109.06500244140625,109.06500244140625,2078509
2025-05-06 14:25:00,109.06500244140625,109.25,108.62010192871094,108.82119750976562,108.82119750976562,1562865
2025-05-06 14:30:00,108.81999969482422,109.4000015258789,108.81999969482422,109.25,109.25,1518131
2025-05-06 14:35:00,109.24009704589844,109.25,108.58000183105469,108.72000122070312,108.72000122070312,1459662
2025-05-06 14:40:00,108.72000122070312,108.98999786376953,108.37000274658203,108.59020233154297,108.59020233154297,1309696
2025-05-06 14:45:00,108.59020233154297,108.66000366210938,108.33000183105469,108.62000274658203,108.62000274658203,1011876
2025-05-06 14:50:00,108.61000061035156,109.0,108.37999725341797,108.95999908447266,108.95999908447266,1176091
2025-05-06 14:55:00,108.95500183105469,109.16999816894531,108.78099822998047,108.80400085449219,108.80400085449219,1236450
2025-05-06 15:00:00,108.80000305175781,109.54000091552734,108.80000305175781,109.42009735107422,109.42009735107422,1691774
2025-05-06 15:05:00,109.44000244140625,109.47000122070312,109.05999755859375,109.14240264892578,109.14240264892578,1229644
2025-05-06 15:10:00,109.1500015258789,109.41999816894531,108.86000061035156,109.38999938964844,109.38999938964844,1388257
2025-05-06 15:15:00,109.4000015258789,109.63999938964844,109.0,109.22010040283203,109.22010040283203,1277595
2025-05-06 15:20:00,109.22509765625,109.38999938964844,108.98999786376953,109.24649810791016,109.24649810791016,1093448
2025-05-06 15:25:00,109.25,109.33999633789062,109.04000091552734,109.1510009765625,109.1510009765625,760103
2025-05-06 15:30:00,109.16000366210938,109.4000015258789,109.12010192871094,109.32990264892578,109.32990264892578,946422
2025-05-06 15:35:00,109.32499694824219,109.37999725341797,108.66000366210938,108.69499969482422,108.69499969482422,1291679
2025-05-06 15:40:00,108.69499969482422,109.26000213623047,108.5999984741211,108.96009826660156,108.96009826660156,1835521
2025-05-06 15:45:00,108.95999908447266,109.19999694824219,108.58000183105469,108.77989959716797,108.77989959716797,1422814
2025-05-06 15:50:00,108.7699966430664,109.05999755859375,108.52999877929688,108.95999908447266,108.95999908447266,2066897
2025-05-06 15:55:00,108.94999694824219,109.12000274658203,108.73999786376953,108.84989929199219,108.84989929199219,2448359
2025-05-07 00:00:00,107.97000122070312,111.8499984741211,107.0,110.4800033569336,110.4800033569336,95428800
2025-05-07 09:30:00,107.97000122070312,109.8499984741211,107.0,109.62000274658203,109.62000274658203,8393901
2025-05-07 09:35:00,109.61499786376953,111.16000366210938,109.30000305175781,110.9800033569336,110.9800033569336,4462744
2025-05-07 09:40:00,110.97550201416016,111.41000366210938,110.73999786376953,111.0469970703125,111.0469970703125,3725300
2025-05-07 09:45:00,111.04540252685547,111.27999877929688,110.29010009765625,110.48999786376953,110.48999786376953,2964136
2025-05-07 09:50:00,110.48500061035156,111.19999694824219,110.33499908447266,111.18000030517578,111.18000030517578,2232217
2025-05-07 09:55:00,111.19999694824219,111.8499984741211,111.02999877929688,111.68499755859375,111.68499755859375,3198088
2025-05-07 10:00:00,111.68499755859375,111.81999969482422,111.08999633789062,111.6449966430664,111.6449966430664,2290815
2025-05-07 10:05:00,111.6449966430664,111.7300033569336,111.01000213623047,111.22000122070312,111.22000122070312,1625250
2025-05-07 10:10:00,111.22000122070312,111.6500015258789,110.94000244140625,111.29000091552734,111.29000091552734,1966593
2025-05-07 10:15:00,111.29000091552734,111.58999633789062,111.13999938964844,111.38999938964844,111.38999938964844,1152729
2025-05-07 10:20:00,111.39009857177734,111.56999969482422,111.30000305175781,111.45999908447266,111.45999908447266,1116286
2025-05-07 10:25:00,111.4800033569336,111.53500366210938,110.73999786376953,110.78990173339844,110.78990173339844,1654157
2025-05-07 10:30:00,110.77010345458984,110.88800048828125,110.32099914550781,110.45999908447266,110.45999908447266,1633986
2025-05-07 10:35:00,110.45999908447266,110.80000305175781,110.12000274658203,110.30870056152344,110.30870056152344,1507017
2025-05-07 10:40:00,110.30059814453125,110.30999755859375,109.73999786376953,110.0,110.0,1814713
2025-05-07 10:45:00,109.99500274658203,110.1498031616211,109.7699966430664,109.91000366210938,109.91000366210938,1231137
2025-05-07 10:50:00,109.90499877929688,110.37999725341797,109.44999694824219,109.72969818115234,109.72969818115234,1693556
2025-05-07 10:55:00,109.69999694824219,110.1500015258789,109.5999984741211,109.76010131835938,109.76010131835938,1251447
2025-05-07 11:00:00,109.7699966430664,109.78500366210938,109.05999755859375,109.60009765625,109.60009765625,1818387
2025-05-07 11:05:00,109.61000061035156,109.98999786376953,109.44999694824219,109.70500183105469,109.70500183105469,1077571
2025-05-07 11:10:00,109.70989990234375,110.1500015258789,109.58000183105469,110.13999938964844,110.13999938964844,1057337
2025-05-07 11:15:00,110.13999938964844,110.14990234375,109.71800231933594,109.96009826660156,109.96009826660156,720835
2025-05-07 11:20:00,109.96499633789062,110.08999633789062,109.6050033569336,109.6050033569336,109.6050033569336,726287
2025-05-07 11:25:00,109.5999984741211,109.63529968261719,109.16999816894531,109.55500030517578,109.55500030517578,965253
2025-05-07 11:30:00,109.58989715576172,109.79000091552734,109.16010284423828,109.26000213623047,109.26000213623047,870057
2025-05-07 11:35:00,109.2500991821289,109.69999694824219,109.24009704589844,109.55010223388672,109.55010223388672,710870
2025-05-07 11:40:00,109.55999755859375,109.72000122070312,109.2699966430664,109.39849853515625,109.39849853515625,776503
2025-05-07 11:45:00,109.3949966430664,109.5,108.94000244140625,108.95500183105469,108.95500183105469,884196
2025-05-07 11:50:00,108.95500183105469,108.9800033569336,108.64099884033203,108.82849884033203,108.82849884033203,1165115
2025-05-07 11:55:00,108.83000183105469,109.31999969482422,108.7500991821289,109.08100128173828,109.08100128173828,994251
2025-05-07 12:00:00,109.09619903564453,109.15989685058594,108.69000244140625,108.80989837646484,108.80989837646484,666843
2025-05-07 12:05:00,108.80010223388672,108.88999938964844,108.45500183105469,108.57879638671875,108.57879638671875,930946
2025-05-07 12:10:00,108.58000183105469,108.66000366210938,108.36000061035156,108.6500015258789,108.6500015258789,774008
2025-05-07 12:15:00,108.6500015258789,108.72000122070312,108.4000015258789,108.6500015258789,108.6500015258789,478495
2025-05-07 12:20:00,108.6500015258789,108.86000061035156,108.4800033569336,108.606201171875,108.606201171875,634741
2025-05-07 12:25:00,108.59010314941406,109.0,108.59010314941406,108.76010131835938,108.76010131835938,636159
2025-05-07 12:30:00,108.7699966430664,108.81999969482422,108.5,108.63999938964844,108.63999938964844,540545
2025-05-07 12:35:00,108.63999938964844,109.0,108.61009979248047,108.8499984741211,108.8499984741211,470660
2025-05-07 12:40:00,108.85990142822266,109.12999725341797,108.80000305175781,109.03700256347656,109.03700256347656,621023
2025-05-07 12:45:00,109.02989959716797,109.02989959716797,108.5999984741211,108.61100006103516,108.61100006103516,509071
2025-05-07 12:50:00,108.62000274658203,108.73999786376953,108.44000244140625,108.5199966430664,108.5199966430664,418519
2025-05-07 12:55:00,108.50630187988281,108.83999633789062,108.50630187988281,108.83999633789062,108.83999633789062,481428
2025-05-07 13:00:00,108.83000183105469,108.87999725341797,108.51499938964844,108.68000030517578,108.68000030517578,462809
2025-05-07 13:05:00,108.67500305175781,108.8198013305664,108.62999725341797,108.66000366210938,108.66000366210938,282630
2025-05-07 13:10:00,108.67500305175781,108.87989807128906,108.5802993774414,108.86499786376953,108.86499786376953,304967
2025-05-07 13:15:00,108.87999725341797,108.87999725341797,108.52100372314453,108.53009796142578,108.53009796142578,376367
2025-05-07 13:20:00,108.52999877929688,108.68000030517578,108.4000015258789,108.65160369873047,108.65160369873047,448093
2025-05-07 13:25:00,108.6510009765625,108.79000091552734,108.62000274658203,108.68000030517578,108.68000030517578,320011
2025-05-07 13:30:00,108.68009948730469,109.12000274658203,108.68009948730469,109.10009765625,109.10009765625,480524
2025-05-07 13:35:00,109.1050033569336,109.13999938964844,108.83999633789062,109.01499938964844,109.01499938964844,497100
2025-05-07 13:40:00,109.01899719238281,109.04519653320312,108.72000122070312,108.7300033569336,108.7300033569336,305908
2025-05-07 13:45:00,108.7300033569336,108.87969970703125,108.66010284423828,108.80439758300781,108.80439758300781,307071
2025-05-07 13:50:00,108.81999969482422,108.87000274658203,108.16000366210938,108.29000091552734,108.29000091552734,854372
2025-05-07 13:55:00,108.2699966430664,108.58000183105469,108.0999984741211,108.37999725341797,108.37999725341797,615942
2025-05-07 14:00:00,108.38999938964844,108.9800033569336,108.36000061035156,108.69100189208984,108.69100189208984,787438
2025-05-07 14:05:00,108.68000030517578,108.68499755859375,107.70010375976562,107.87000274658203,107.87000274658203,1467235
2025-05-07 14:10:00,107.86990356445312,108.23989868164062,107.80999755859375,107.95500183105469,107.95500183105469,811948
2025-05-07 14:15:00,107.95500183105469,108.12000274658203,107.56999969482422,107.90989685058594,107.90989685058594,1044261
2025-05-07 14:20:00,107.9375991821289,108.31800079345703,107.91000366210938,108.12999725341797,108.12999725341797,880498
2025-05-07 14:25:00,108.12999725341797,108.57499694824219,108.07499694824219,108.41999816894531,108.41999816894531,746473
2025-05-07 14:30:00,108.44999694824219,108.86000061035156,108.2406997680664,108.7334976196289,108.7334976196289,868318
2025-05-07 14:35:00,108.73999786376953,109.15499877929688,108.62030029296875,109.00769805908203,109.00769805908203,1056688
2025-05-07 14:40:00,109.0020980834961,109.1500015258789,108.80999755859375,108.94940185546875,108.94940185546875,699621
2025-05-07 14:45:00,108.94999694824219,109.05000305175781,108.37999725341797,108.63999938964844,108.63999938964844,804392
2025-05-07 14:50:00,108.63999938964844,109.0199966430664,108.5,108.9800033569336,108.9800033569336,678436
2025-05-07 14:55:00,109.00499725341797,109.81999969482422,108.92009735107422,109.7699966430664,109.7699966430664,1429707
2025-05-07 15:00:00,109.76499938964844,109.78500366210938,109.43000030517578,109.71759796142578,109.71759796142578,1008715
2025-05-07 15:05:00,109.68000030517578,109.73999786376953,109.37000274658203,109.65499877929688,109.65499877929688,607476
2025-05-07 15:10:00,109.6500015258789,109.72989654541016,109.24009704589844,109.6050033569336,109.6050033569336,675002
2025-05-07 15:15:00,109.6050033569336,109.73999786376953,109.37999725341797,109.68000030517578,109.68000030517578,546449
2025-05-07 15:20:00,109.66999816894531,109.67980194091797,109.43000030517578,109.48739624023438,109.48739624023438,489221
2025-05-07 15:25:00,109.4800033569336,109.48999786376953,108.91500091552734,109.0199966430664,109.0199966430664,828123
2025-05-07 15:30:00,109.01499938964844,109.38990020751953,109.0,109.00499725341797,109.00499725341797,854493
2025-05-07 15:35:00,109.00499725341797,109.3499984741211,109.00019836425781,109.22000122070312,109.22000122070312,834893
2025-05-07 15:40:00,109.22000122070312,110.1500015258789,109.06999969482422,109.877197265625,109.877197265625,2178567
2025-05-07 15:45:00,109.88999938964844,110.16999816894531,109.55999755859375,109.73979949951172,109.73979949951172,1319237
2025-05-07 15:50:00,109.72000122070312,110.05000305175781,109.21499633789062,109.97160339355469,109.97160339355469,1467771
2025-05-07 15:55:00,109.98999786376953,110.58000183105469,109.88999938964844,110.4800033569336,110.4800033569336,2127213
2025-05-08 00:00:00,112.27999877929688,120.37999725341797,112.06999969482422,119.1500015258789,119.1500015258789,126966200
2025-05-08 09:30:00,112.33000183105469,113.55500030517578,112.07009887695312,113.33999633789062,113.33999633789062,6570322
2025-05-08 09:35:00,113.33000183105469,115.125,113.31999969482422,115.04119873046875,115.04119873046875,5070083
2025-05-08 09:40:00,115.04000091552734,116.33999633789062,114.90029907226562,115.73999786376953,115.73999786376953,5174150
2025-05-08 09:45:00,115.75,116.4800033569336,115.2300033569336,115.30999755859375,115.30999755859375,4155388
2025-05-08 09:50:00,115.30999755859375,116.20999908447266,115.30999755859375,115.87059783935547,115.87059783935547,3112822
2025-05-08 09:55:00,115.86499786376953,116.70999908447266,115.72989654541016,116.0000991821289,116.0000991821289,3184715
2025-05-08 10:00:00,116.0,116.56999969482422,115.80999755859375,116.3499984741211,116.3499984741211,1917892
2025-05-08 10:05:00,116.35900115966797,116.38999938964844,115.83999633789062,115.9800033569336,115.9800033569336,1841677
2025-05-08 10:10:00,115.9800033569336,116.83999633789062,115.91999816894531,116.33000183105469,116.33000183105469,2581629
2025-05-08 10:15:00,116.33999633789062,116.54000091552734,116.04000091552734,116.22000122070312,116.22000122070312,1326569
2025-05-08 10:20:00,116.2249984741211,116.43000030517578,115.78009796142578,115.91000366210938,115.91000366210938,1640936
2025-05-08 10:25:00,115.91000366210938,116.97000122070312,115.87999725341797,116.94999694824219,116.94999694824219,2046600
2025-05-08 10:30:00,116.93000030517578,117.77999877929688,116.8499984741211,117.46990203857422,117.46990203857422,3229491
2025-05-08 10:35:00,117.46499633789062,117.7699966430664,117.05999755859375,117.20999908447266,117.20999908447266,1905598
2025-05-08 10:40:00,117.22000122070312,117.54989624023438,117.05999755859375,117.5199966430664,117.5199966430664,1337392
2025-05-08 10:45:00,117.51689910888672,117.66000366210938,117.16999816894531,117.19999694824219,117.19999694824219,1303652
2025-05-08 10:50:00,117.18499755859375,117.44000244140625,116.37000274658203,116.70490264892578,116.70490264892578,2010444
2025-05-08 10:55:00,116.69999694824219,116.94999694824219,116.31999969482422,116.7874984741211,116.7874984741211,1876134
2025-05-08 11:00:00,116.77999877929688,116.87999725341797,116.31999969482422,116.3302993774414,116.3302993774414,1363152
2025-05-08 11:05:00,116.3302001953125,116.69999694824219,116.26000213623047,116.58999633789062,116.58999633789062,1056363
2025-05-08 11:10:00,116.58999633789062,117.16999816894531,116.5,117.15499877929688,117.15499877929688,1132858
2025-05-08 11:15:00,117.16999816894531,117.62999725341797,117.04000091552734,117.5602035522461,117.5602035522461,1341842
2025-05-08 11:20:00,117.55999755859375,117.69999694824219,117.36000061035156,117.55000305175781,117.55000305175781,1135575
2025-05-08 11:25:00,117.54060363769531,118.16000366210938,117.54060363769531,117.97000122070312,117.97000122070312,1960455
2025-05-08 11:30:00,117.9999008178711,118.25499725341797,117.68499755859375,118.12979888916016,118.12979888916016,1576259
2025-05-08 11:35:00,118.13999938964844,118.45999908447266,118.06999969482422,118.30000305175781,118.30000305175781,1323418
2025-05-08 11:40:00,118.30000305175781,118.5999984741211,118.26000213623047,118.4800033569336,118.4800033569336,1308606
2025-05-08 11:45:00,118.49590301513672,119.06999969482422,118.45020294189453,119.01000213623047,119.01000213623047,1837672
2025-05-08 11:50:00,119.0,119.27970123291016,118.69390106201172,119.16999816894531,119.16999816894531,1739439
2025-05-08 11:55:00,119.16000366210938,119.43000030517578,118.93000030517578,119.31939697265625,119.31939697265625,1477869
2025-05-08 12:00:00,119.31999969482422,119.91999816894531,119.27999877929688,119.86499786376953,119.86499786376953,2446714
2025-05-08 12:05:00,119.83999633789062,120.37999725341797,119.77999877929688,120.29979705810547,120.29979705810547,2624648
2025-05-08 12:10:00,120.28500366210938,120.31999969482422,119.43000030517578,119.60990142822266,119.60990142822266,2279997
2025-05-08 12:15:00,119.5802993774414,119.93509674072266,119.08999633789062,119.0999984741211,119.0999984741211,1814491
2025-05-08 12:20:00,119.0999984741211,119.30000305175781,118.81999969482422,119.19020080566406,119.19020080566406,1937044
2025-05-08 12:25:00,119.19000244140625,119.4000015258789,119.0999984741211,119.1500015258789,119.1500015258789,1077908
2025-05-08 12:30:00,119.13999938964844,119.19000244140625,118.72000122070312,118.90399932861328,118.90399932861328,1170432
2025-05-08 12:35:00,118.88999938964844,118.94999694824219,118.52999877929688,118.91000366210938,118.91000366210938,1273202
2025-05-08 12:40:00,118.91000366210938,119.11990356445312,118.6500015258789,119.0999984741211,119.0999984741211,879585
2025-05-08 12:45:00,119.12000274658203,119.23500061035156,118.83000183105469,119.08000183105469,119.08000183105469,886915
2025-05-08 12:50:00,119.07830047607422,119.54989624023438,119.06999969482422,119.4000015258789,119.4000015258789,1038759
2025-05-08 12:55:00,119.37999725341797,119.63999938964844,119.22010040283203,119.26290130615234,119.26290130615234,859514
2025-05-08 13:00:00,119.26499938964844,119.4000015258789,118.79000091552734,118.88009643554688,118.88009643554688,981947
2025-05-08 13:05:00,118.89990234375,119.0999984741211,118.7300033569336,118.76920318603516,118.76920318603516,780498
2025-05-08 13:10:00,118.7750015258789,118.79000091552734,118.30999755859375,118.34510040283203,118.34510040283203,1162776
2025-05-08 13:15:00,118.34110260009766,118.62999725341797,118.30000305175781,118.56539916992188,118.56539916992188,1141263
2025-05-08 13:20:00,118.56500244140625,119.2699966430664,118.560302734375,119.0199966430664,119.0199966430664,1270408
2025-05-08 13:25:00,119.0250015258789,119.04000091552734,118.66000366210938,118.88999938964844,118.88999938964844,601147
2025-05-08 13:30:00,118.91000366210938,119.02999877929688,118.41999816894531,118.56500244140625,118.56500244140625,934881
2025-05-08 13:35:00,118.57990264892578,118.93000030517578,118.51000213623047,118.91000366210938,118.91000366210938,635754
2025-05-08 13:40:00,118.9092025756836,119.13999938964844,118.70999908447266,119.11000061035156,119.11000061035156,709318
2025-05-08 13:45:00,119.08999633789062,119.37999725341797,118.94010162353516,119.33989715576172,119.33989715576172,812002
2025-05-08 13:50:00,119.33000183105469,119.6500015258789,119.22000122070312,119.61100006103516,119.61100006103516,826690
2025-05-08 13:55:00,119.61000061035156,119.75,119.44999694824219,119.5,119.5,1040426
2025-05-08 14:00:00,119.49500274658203,119.62989807128906,119.18000030517578,119.30010223388672,119.30010223388672,839349
2025-05-08 14:05:00,119.30999755859375,119.91000366210938,119.2688980102539,119.79509735107422,119.79509735107422,969391
2025-05-08 14:10:00,119.79010009765625,119.93499755859375,119.63020324707031,119.86940002441406,119.86940002441406,784744
2025-05-08 14:15:00,119.87999725341797,119.9000015258789,119.55010223388672,119.68499755859375,119.68499755859375,633699
2025-05-08 14:20:00,119.68000030517578,119.8750991821289,119.5,119.65129852294922,119.65129852294922,749271
2025-05-08 14:25:00,119.66999816894531,119.80999755859375,119.56310272216797,119.65019989013672,119.65019989013672,556212
2025-05-08 14:30:00,119.65509796142578,120.12000274658203,119.65509796142578,120.04429626464844,120.04429626464844,1235995
2025-05-08 14:35:00,120.0427017211914,120.17990112304688,120.0,120.09020233154297,120.09020233154297,960560
2025-05-08 14:40:00,120.08999633789062,120.2499008178711,120.04000091552734,120.1001968383789,120.1001968383789,728245
2025-05-08 14:45:00,120.11509704589844,120.2499008178711,119.98999786376953,120.16000366210938,120.16000366210938,750643
2025-05-08 14:50:00,120.16000366210938,120.16999816894531,119.9000015258789,120.06999969482422,120.06999969482422,787989
2025-05-08 14:55:00,120.08999633789062,120.1500015258789,119.87999725341797,119.94999694824219,119.94999694824219,547812
2025-05-08 15:00:00,119.94999694824219,120.04499816894531,119.5199966430664,119.61009979248047,119.61009979248047,1081993
2025-05-08 15:05:00,119.62999725341797,119.87000274658203,119.4000015258789,119.76029968261719,119.76029968261719,952781
2025-05-08 15:10:00,119.7699966430664,119.88980102539062,119.5999984741211,119.75499725341797,119.75499725341797,704634
2025-05-08 15:15:00,119.75,119.77999877929688,119.47000122070312,119.76000213623047,119.76000213623047,766512
2025-05-08 15:20:00,119.76000213623047,120.27999877929688,119.69000244140625,120.2301025390625,120.2301025390625,1412884
2025-05-08 15:25:00,120.22000122070312,120.31999969482422,119.86000061035156,120.25,120.25,1183976
2025-05-08 15:30:00,120.23999786376953,120.3499984741211,119.9000015258789,119.94000244140625,119.94000244140625,952206
2025-05-08 15:35:00,119.95999908447266,120.08999633789062,119.69999694824219,119.7699966430664,119.7699966430664,955643
2025-05-08 15:40:00,119.76499938964844,120.0,119.55999755859375,119.61499786376953,119.61499786376953,890446
2025-05-08 15:45:00,119.62000274658203,119.81999969482422,119.44020080566406,119.69110107421875,119.69110107421875,1197077
2025-05-08 15:50:00,119.69999694824219,119.8499984741211,119.13999938964844,119.41000366210938,119.41000366210938,1720708
2025-05-08 15:55:00,119.41999816894531,119.44000244140625,119.0,119.1500015258789,119.1500015258789,2527392
2025-05-09 00:00:00,118.97000122070312,119.16000366210938,114.9000015258789,117.30000305175781,117.30000305175781,81005300
2025-05-09 09:30:00,119.1050033569336,119.16000366210938,117.58000183105469,117.80239868164062,117.80239868164062,6229973
2025-05-09 09:35:00,117.78500366210938,117.9800033569336,116.66999816894531,116.69000244140625,116.69000244140625,3252356
2025-05-09 09:40:00,116.68620300292969,117.88999938964844,116.36000061035156,117.48999786376953,117.48999786376953,3474056
2025-05-09 09:45:00,117.4749984741211,117.72000122070312,117.05000305175781,117.4800033569336,117.4800033569336,1706309
2025-05-09 09:50:00,117.46690368652344,117.46690368652344,116.87999725341797,117.39399719238281,117.39399719238281,1815097
2025-05-09 09:55:00,117.38980102539062,118.38999938964844,117.20999908447266,118.06999969482422,118.06999969482422,2269852
2025-05-09 10:00:00,118.06500244140625,118.29000091552734,117.69000244140625,117.9801025390625,117.9801025390625,1664271
2025-05-09 10:05:00,117.99500274658203,118.26509857177734,117.41000366210938,118.19000244140625,118.19000244140625,1642729
2025-05-09 10:10:00,118.20030212402344,118.25959777832031,117.87000274658203,118.16999816894531,118.16999816894531,1154688
2025-05-09 10:15:00,118.16999816894531,118.4800033569336,118.13999938964844,118.2500991821289,118.2500991821289,1057997
2025-05-09 10:20:00,118.26000213623047,118.36990356445312,117.84739685058594,117.92459869384766,117.92459869384766,1356958
2025-05-09 10:25:00,117.93000030517578,118.09349822998047,116.62000274658203,116.8499984741211,116.8499984741211,2100110
2025-05-09 10:30:00,116.8290023803711,117.54499816894531,116.70999908447266,117.35199737548828,117.35199737548828,1303792
2025-05-09 10:35:00,117.36000061035156,117.39550018310547,116.08000183105469,116.44499969482422,116.44499969482422,1846266
2025-05-09 10:40:00,116.44979858398438,116.87999725341797,116.13999938964844,116.80000305175781,116.80000305175781,1411304
2025-05-09 10:45:00,116.79000091552734,117.4000015258789,116.63200378417969,117.27999877929688,117.27999877929688,1021631
2025-05-09 10:50:00,117.29000091552734,117.37999725341797,116.80999755859375,116.92500305175781,116.92500305175781,863631
2025-05-09 10:55:00,116.91780090332031,117.18000030517578,116.83000183105469,117.0999984741211,117.0999984741211,686355
2025-05-09 11:00:00,117.08999633789062,117.47000122070312,116.9000015258789,117.47000122070312,117.47000122070312,721056
2025-05-09 11:05:00,117.44999694824219,117.62039947509766,117.36000061035156,117.57019805908203,117.57019805908203,757051
2025-05-09 11:10:00,117.5896987915039,117.5999984741211,117.21009826660156,117.4749984741211,117.4749984741211,527240
2025-05-09 11:15:00,117.58000183105469,117.87000274658203,117.57160186767578,117.77999877929688,117.77999877929688,1096056
2025-05-09 11:20:00,117.77999877929688,117.85040283203125,116.77999877929688,116.88690185546875,116.88690185546875,970389
2025-05-09 11:25:00,116.87000274658203,117.31500244140625,116.65010070800781,117.19000244140625,117.19000244140625,956916
2025-05-09 11:30:00,117.17009735107422,117.37999725341797,116.95999908447266,117.3499984741211,117.3499984741211,759134
2025-05-09 11:35:00,117.36000061035156,117.55000305175781,117.18499755859375,117.4749984741211,117.4749984741211,526309
2025-05-09 11:40:00,117.46410369873047,117.53990173339844,117.23999786376953,117.41000366210938,117.41000366210938,535914
2025-05-09 11:45:00,117.40969848632812,117.44999694824219,117.20999908447266,117.30000305175781,117.30000305175781,461037
2025-05-09 11:50:00,117.30560302734375,117.45999908447266,117.06999969482422,117.08499908447266,117.08499908447266,484922
2025-05-09 11:55:00,117.08499908447266,117.37000274658203,117.0624008178711,117.33000183105469,117.33000183105469,308265
2025-05-09 12:00:00,117.31900024414062,117.34380340576172,116.72010040283203,116.75499725341797,116.75499725341797,536997
2025-05-09 12:05:00,116.72010040283203,116.94999694824219,116.38999938964844,116.41999816894531,116.41999816894531,647285
2025-05-09 12:10:00,116.43000030517578,116.52999877929688,116.04000091552734,116.30079650878906,116.30079650878906,1013700
2025-05-09 12:15:00,116.30760192871094,116.37000274658203,115.94000244140625,116.21880340576172,116.21880340576172,1175632
2025-05-09 12:20:00,116.21890258789062,116.47000122070312,116.20020294189453,116.33100128173828,116.33100128173828,843746
2025-05-09 12:25:00,116.33999633789062,116.41000366210938,116.14009857177734,116.25,116.25,440875
2025-05-09 12:30:00,116.2300033569336,116.50959777832031,116.1500015258789,116.47000122070312,116.47000122070312,471122
2025-05-09 12:35:00,116.4800033569336,116.8499984741211,116.4800033569336,116.69000244140625,116.69000244140625,625365
2025-05-09 12:40:00,116.68000030517578,116.87999725341797,116.63999938964844,116.70999908447266,116.70999908447266,430895
2025-05-09 12:45:00,116.72000122070312,116.72049713134766,116.16000366210938,116.27909851074219,116.27909851074219,507533
2025-05-09 12:50:00,116.27729797363281,116.29989624023438,116.02999877929688,116.2750015258789,116.2750015258789,588369
2025-05-09 12:55:00,116.2699966430664,116.34989929199219,116.11000061035156,116.13999938964844,116.13999938964844,459387
2025-05-09 13:00:00,116.15969848632812,116.41000366210938,116.11399841308594,116.19999694824219,116.19999694824219,410736
2025-05-09 13:05:00,116.20999908447266,116.2499008178711,115.33999633789062,115.50499725341797,115.50499725341797,1467591
2025-05-09 13:10:00,115.5,115.63999938964844,114.91000366210938,114.98989868164062,114.98989868164062,1457366
2025-05-09 13:15:00,114.9800033569336,115.5999984741211,114.9800033569336,115.44499969482422,115.44499969482422,947226
2025-05-09 13:20:00,115.45989990234375,115.5,114.9000015258789,115.0199966430664,115.0199966430664,1187346
2025-05-09 13:25:00,115.0199966430664,115.31999969482422,115.0199966430664,115.04000091552734,115.04000091552734,703722
2025-05-09 13:30:00,115.02999877929688,115.23999786376953,114.9800033569336,115.17500305175781,115.17500305175781,591786
2025-05-09 13:35:00,115.18000030517578,115.37989807128906,115.01000213623047,115.13500213623047,115.13500213623047,610985
2025-05-09 13:40:00,115.13999938964844,115.43000030517578,115.01480102539062,115.36990356445312,115.36990356445312,532790
2025-05-09 13:45:00,115.36759948730469,115.81500244140625,115.32009887695312,115.74019622802734,115.74019622802734,721616
2025-05-09 13:50:00,115.75090026855469,115.81999969482422,115.40499877929688,115.6500015258789,115.6500015258789,607064
2025-05-09 13:55:00,115.66780090332031,115.88990020751953,115.5999984741211,115.77999877929688,115.77999877929688,524542
2025-05-09 14:00:00,115.7699966430664,116.0199966430664,115.5999984741211,115.62999725341797,115.62999725341797,794514
2025-05-09 14:05:00,115.61000061035156,115.75,115.5,115.58000183105469,115.58000183105469,471228
2025-05-09 14:10:00,115.58740234375,115.65499877929688,115.47000122070312,115.63999938964844,115.63999938964844,361249
2025-05-09 14:15:00,115.64320373535156,115.86000061035156,115.5,115.72000122070312,115.72000122070312,529061
2025-05-09 14:20:00,115.70999908447266,115.9197998046875,115.55999755859375,115.88169860839844,115.88169860839844,392333
2025-05-09 14:25:00,115.88999938964844,116.05000305175781,115.7699966430664,115.80999755859375,115.80999755859375,517349
2025-05-09 14:30:00,115.80000305175781,116.19000244140625,115.7957992553711,116.10040283203125,116.10040283203125,567129
2025-05-09 14:35:00,116.0999984741211,116.18990325927734,115.90499877929688,116.13999938964844,116.13999938964844,476166
2025-05-09 14:40:00,116.16400146484375,116.16459655761719,115.94999694824219,116.01499938964844,116.01499938964844,392009
2025-05-09 14:45:00,116.00499725341797,116.02999877929688,115.87000274658203,115.94999694824219,115.94999694824219,366335
2025-05-09 14:50:00,115.96499633789062,116.12000274658203,115.87999725341797,115.94000244140625,115.94000244140625,359686
2025-05-09 14:55:00,115.9397964477539,116.0,115.72699737548828,115.76439666748047,115.76439666748047,383693
2025-05-09 15:00:00,115.7699966430664,116.08999633789062,115.75499725341797,116.07019805908203,116.07019805908203,625638
2025-05-09 15:05:00,116.07499694824219,116.3499984741211,116.00980377197266,116.27989959716797,116.27989959716797,654443
2025-05-09 15:10:00,116.26529693603516,116.5,116.26200103759766,116.40499877929688,116.40499877929688,802017
2025-05-09 15:15:00,116.41000366210938,116.83000183105469,116.41000366210938,116.83000183105469,116.83000183105469,844565
2025-05-09 15:20:00,116.83080291748047,117.16999816894531,116.7322998046875,117.1449966430664,117.1449966430664,997728
2025-05-09 15:25:00,117.14129638671875,117.30000305175781,117.08000183105469,117.25,117.25,919162
2025-05-09 15:30:00,117.26000213623047,117.30000305175781,116.92510223388672,117.29000091552734,117.29000091552734,1103515
2025-05-09 15:35:00,117.29000091552734,117.39990234375,116.95999908447266,117.0198974609375,117.0198974609375,937573
2025-05-09 15:40:00,117.0199966430664,117.23999786376953,116.94999694824219,117.12999725341797,117.12999725341797,666804
2025-05-09 15:45:00,117.12000274658203,117.21499633789062,116.95999908447266,117.16999816894531,117.16999816894531,926308
2025-05-09 15:50:00,117.19000244140625,117.75,117.0999984741211,117.62200164794922,117.62200164794922,1470073
2025-05-09 15:55:00,117.63999938964844,117.6500015258789,117.27239990234375,117.28230285644531,117.28230285644531,1609148
2025-05-12 00:00:00,120.77999877929688,120.93499755859375,115.01000213623047,118.45999908447266,118.45999908447266,94257300
2025-05-12 09:30:00,120.91000366210938,120.9198989868164,116.81999969482422,117.18000030517578,117.18000030517578,10516245
2025-05-12 09:35:00,117.2300033569336,118.25,116.43000030517578,117.95999908447266,117.95999908447266,3926724
2025-05-12 09:40:00,117.94999694824219,118.5,117.58999633789062,118.49980163574219,118.49980163574219,2799313
2025-05-12 09:45:00,118.49919891357422,119.14959716796875,118.30000305175781,119.14959716796875,119.14959716796875,2733022
2025-05-12 09:50:00,119.1500015258789,119.26000213623047,118.26000213623047,118.3301010131836,118.3301010131836,2058787
2025-05-12 09:55:00,118.33000183105469,118.33450317382812,117.45999908447266,117.69000244140625,117.69000244140625,2194903
2025-05-12 10:00:00,117.68009948730469,118.03990173339844,116.72000122070312,116.80999755859375,116.80999755859375,2521669
2025-05-12 10:05:00,116.82530212402344,117.69999694824219,116.72010040283203,116.8053970336914,116.8053970336914,2061691
2025-05-12 10:10:00,116.80999755859375,117.6500015258789,116.75,117.29989624023438,117.29989624023438,1992403
2025-05-12 10:15:00,117.2699966430664,117.55000305175781,117.05000305175781,117.26000213623047,117.26000213623047,1457386
2025-05-12 10:20:00,117.2699966430664,117.55000305175781,116.3499984741211,116.37999725341797,116.37999725341797,2552782
2025-05-12 10:25:00,116.37470245361328,116.4198989868164,115.08000183105469,115.6500015258789,115.6500015258789,2973906
2025-05-12 10:30:00,115.64009857177734,115.68000030517578,115.12000274658203,115.44999694824219,115.44999694824219,2147137
2025-05-12 10:35:00,115.435302734375,115.76000213623047,115.01000213623047,115.73500061035156,115.73500061035156,1977819
2025-05-12 10:40:00,115.7300033569336,116.43000030517578,115.7300033569336,116.3407974243164,116.3407974243164,1855090
2025-05-12 10:45:00,116.33000183105469,116.3301010131836,115.75,116.16259765625,116.16259765625,1152738
2025-05-12 10:50:00,116.16000366210938,117.04000091552734,116.11000061035156,117.0177993774414,117.0177993774414,1361522
2025-05-12 10:55:00,117.01029968261719,117.16000366210938,116.80000305175781,117.0,117.0,1376711
2025-05-12 11:00:00,117.0199966430664,117.80999755859375,116.97000122070312,117.77999877929688,117.77999877929688,1648206
2025-05-12 11:05:00,117.79000091552734,117.9800033569336,117.66999816894531,117.93070220947266,117.93070220947266,1571936
2025-05-12 11:10:00,117.94000244140625,118.47000122070312,117.87000274658203,118.44999694824219,118.44999694824219,1420261
2025-05-12 11:15:00,118.44989776611328,118.5999984741211,118.06999969482422,118.16999816894531,118.16999816894531,1417993
2025-05-12 11:20:00,118.17620086669922,118.19999694824219,117.69000244140625,118.06999969482422,118.06999969482422,1196861
2025-05-12 11:25:00,118.08999633789062,118.55000305175781,117.94029998779297,118.42500305175781,118.42500305175781,1140984
2025-05-12 11:30:00,118.44999694824219,118.6697998046875,118.30999755859375,118.4000015258789,118.4000015258789,1026131
2025-05-12 11:35:00,118.41000366210938,118.57749938964844,118.02999877929688,118.05999755859375,118.05999755859375,864027
2025-05-12 11:40:00,118.05999755859375,118.46089935302734,117.91999816894531,118.33999633789062,118.33999633789062,801952
2025-05-12 11:45:00,118.33999633789062,118.62999725341797,118.27999877929688,118.33999633789062,118.33999633789062,798168
2025-05-12 11:50:00,118.3499984741211,118.48979949951172,118.1500015258789,118.3550033569336,118.3550033569336,742579
2025-05-12 11:55:00,118.34500122070312,118.51000213623047,118.23680114746094,118.33499908447266,118.33499908447266,660174
2025-05-12 12:00:00,118.33000183105469,118.37000274658203,117.7300033569336,118.04000091552734,118.04000091552734,939593
2025-05-12 12:05:00,118.05000305175781,118.12999725341797,117.87999725341797,118.0999984741211,118.0999984741211,532856
2025-05-12 12:10:00,118.10990142822266,118.11000061035156,117.73470306396484,117.91000366210938,117.91000366210938,612554
2025-05-12 12:15:00,117.88929748535156,118.1500015258789,117.6500015258789,118.13059997558594,118.13059997558594,714158
2025-05-12 12:20:00,118.14990234375,118.38999938964844,118.04000091552734,118.2300033569336,118.2300033569336,700041
2025-05-12 12:25:00,118.22360229492188,118.33000183105469,118.06999969482422,118.2699966430664,118.2699966430664,447812
2025-05-12 12:30:00,118.27999877929688,118.31999969482422,117.87000274658203,117.93499755859375,117.93499755859375,504942
2025-05-12 12:35:00,117.93820190429688,118.04000091552734,117.80999755859375,117.86499786376953,117.86499786376953,484662
2025-05-12 12:40:00,117.86000061035156,118.08000183105469,117.83509826660156,117.94000244140625,117.94000244140625,400080
2025-05-12 12:45:00,117.95999908447266,118.19999694824219,117.875,118.06999969482422,118.06999969482422,494353
2025-05-12 12:50:00,118.06999969482422,118.0999984741211,117.8499984741211,117.96029663085938,117.96029663085938,446811
2025-05-12 12:55:00,117.96150207519531,118.0,117.72000122070312,117.79000091552734,117.79000091552734,439501
2025-05-12 13:00:00,117.79499816894531,117.93000030517578,117.7300033569336,117.86000061035156,117.86000061035156,417556
2025-05-12 13:05:00,117.86979675292969,118.04000091552734,117.79000091552734,117.93000030517578,117.93000030517578,462102
2025-05-12 13:10:00,117.91999816894531,118.02999877929688,117.7699966430664,117.83999633789062,117.83999633789062,498757
2025-05-12 13:15:00,117.84559631347656,117.84559631347656,117.33000183105469,117.39009857177734,117.39009857177734,957660
2025-05-12 13:20:00,117.40869903564453,117.40869903564453,117.0199966430664,117.1947021484375,117.1947021484375,963165
2025-05-12 13:25:00,117.19740295410156,117.66999816894531,117.13500213623047,117.63929748535156,117.63929748535156,680067
2025-05-12 13:30:00,117.64700317382812,117.97000122070312,117.63999938964844,117.90480041503906,117.90480041503906,620089
2025-05-12 13:35:00,117.92019653320312,118.2300033569336,117.91000366210938,118.03610229492188,118.03610229492188,870465
2025-05-12 13:40:00,118.05000305175781,118.1626968383789,117.95999908447266,118.0801010131836,118.0801010131836,439933
2025-05-12 13:45:00,118.08380126953125,118.29000091552734,118.01000213623047,118.19000244140625,118.19000244140625,560460
2025-05-12 13:50:00,118.18499755859375,118.44000244140625,118.16999816894531,118.31999969482422,118.31999969482422,612578
2025-05-12 13:55:00,118.30010223388672,118.32879638671875,118.09010314941406,118.12000274658203,118.12000274658203,510917
2025-05-12 14:00:00,118.12000274658203,118.37979888916016,118.0999984741211,118.17500305175781,118.17500305175781,467785
2025-05-12 14:05:00,118.18000030517578,118.19999694824219,117.94039916992188,118.1864013671875,118.1864013671875,565423
2025-05-12 14:10:00,118.18990325927734,118.19999694824219,117.8499984741211,118.05500030517578,118.05500030517578,575271
2025-05-12 14:15:00,118.05999755859375,118.09010314941406,117.89009857177734,118.0645980834961,118.0645980834961,414362
2025-05-12 14:20:00,118.07499694824219,118.11000061035156,117.9354019165039,117.98999786376953,117.98999786376953,322673
2025-05-12 14:25:00,117.9979019165039,118.0199966430664,117.75029754638672,117.84459686279297,117.84459686279297,523804
2025-05-12 14:30:00,117.86000061035156,117.98999786376953,117.6500015258789,117.68000030517578,117.68000030517578,530585
2025-05-12 14:35:00,117.6791000366211,117.68049621582031,117.51000213623047,117.58000183105469,117.58000183105469,562281
2025-05-12 14:40:00,117.56500244140625,117.9000015258789,117.55000305175781,117.79000091552734,117.79000091552734,582838
2025-05-12 14:45:00,117.80000305175781,117.8550033569336,117.68000030517578,117.80989837646484,117.80989837646484,757937
2025-05-12 14:50:00,117.80000305175781,117.88999938964844,117.62000274658203,117.8501968383789,117.8501968383789,580834
2025-05-12 14:55:00,117.86000061035156,118.0198974609375,117.80999755859375,117.83999633789062,117.83999633789062,512811
2025-05-12 15:00:00,117.8499984741211,117.94999694824219,117.58000183105469,117.93009948730469,117.93009948730469,524126
2025-05-12 15:05:00,117.93000030517578,117.94000244140625,117.75,117.83000183105469,117.83000183105469,349403
2025-05-12 15:10:00,117.80999755859375,117.91999816894531,117.62999725341797,117.63999938964844,117.63999938964844,423570
2025-05-12 15:15:00,117.63999938964844,117.9000015258789,117.44999694824219,117.8499984741211,117.8499984741211,561952
2025-05-12 15:20:00,117.83999633789062,117.93000030517578,117.63999938964844,117.86009979248047,117.86009979248047,432648
2025-05-12 15:25:00,117.87640380859375,118.1500015258789,117.80000305175781,118.0199966430664,118.0199966430664,754011
2025-05-12 15:30:00,118.0199966430664,118.08699798583984,117.91999816894531,118.04000091552734,118.04000091552734,500139
2025-05-12 15:35:00,118.04319763183594,118.21479797363281,117.91999816894531,118.0199966430664,118.0199966430664,626259
2025-05-12 15:40:00,118.01000213623047,118.04000091552734,117.86000061035156,118.0009994506836,118.0009994506836,528347
2025-05-12 15:45:00,118.00499725341797,118.21510314941406,117.94999694824219,118.20010375976562,118.20010375976562,651662
2025-05-12 15:50:00,118.22000122070312,118.5,118.19000244140625,118.4800033569336,118.4800033569336,1321030
2025-05-12 15:55:00,118.45999908447266,118.48999786376953,118.12999725341797,118.45500183105469,118.45500183105469,1880899
2025-05-13 00:00:00,119.91999816894531,130.60000610351562,119.30999755859375,128.10000610351562,128.10000610351562,147155400
2025-05-13 09:30:00,119.94499969482422,122.58000183105469,119.30999755859375,122.19000244140625,122.19000244140625,8657453
2025-05-13 09:35:00,122.19000244140625,123.8499984741211,121.73999786376953,123.67019653320312,123.67019653320312,4865600
2025-05-13 09:40:00,123.6709976196289,123.8499984741211,123.13999938964844,123.59020233154297,123.59020233154297,2952527
2025-05-13 09:45:00,123.58999633789062,123.77999877929688,123.08999633789062,123.34020233154297,123.34020233154297,2339963
2025-05-13 09:50:00,123.34819793701172,123.94000244140625,122.51000213623047,123.05000305175781,123.05000305175781,3129186
2025-05-13 09:55:00,123.04000091552734,123.56999969482422,122.76010131835938,123.52980041503906,123.52980041503906,2044464
2025-05-13 10:00:00,123.52999877929688,123.73999786376953,123.05999755859375,123.41000366210938,123.41000366210938,1437087
2025-05-13 10:05:00,123.44999694824219,123.62000274658203,123.12000274658203,123.2300033569336,123.2300033569336,1672940
2025-05-13 10:10:00,123.2300033569336,123.2699966430664,122.80000305175781,123.06999969482422,123.06999969482422,1552497
2025-05-13 10:15:00,123.0896987915039,123.37999725341797,122.75,122.87529754638672,122.87529754638672,1478818
2025-05-13 10:20:00,122.88500213623047,123.21949768066406,122.66000366210938,122.8727035522461,122.8727035522461,1339375
2025-05-13 10:25:00,122.875,123.47000122070312,122.62000274658203,123.33000183105469,123.33000183105469,1540455
2025-05-13 10:30:00,123.3499984741211,123.68000030517578,123.15010070800781,123.4646987915039,123.4646987915039,1528415
2025-05-13 10:35:00,123.44999694824219,123.87000274658203,123.31999969482422,123.75,123.75,1376621
2025-05-13 10:40:00,123.7300033569336,124.11000061035156,123.41000366210938,123.62999725341797,123.62999725341797,1986492
2025-05-13 10:45:00,123.63999938964844,125.20999908447266,123.62000274658203,124.95999908447266,124.95999908447266,4004956
2025-05-13 10:50:00,124.95659637451172,125.31999969482422,124.75,124.9749984741211,124.9749984741211,2354622
2025-05-13 10:55:00,124.94999694824219,125.12999725341797,124.73619842529297,124.91000366210938,124.91000366210938,1518763
2025-05-13 11:00:00,124.8949966430664,125.0199966430664,124.5199966430664,124.57240295410156,124.57240295410156,1495187
2025-05-13 11:05:00,124.58000183105469,124.80020141601562,124.23909759521484,124.70539855957031,124.70539855957031,1446240
2025-05-13 11:10:00,124.71399688720703,125.02999877929688,124.60009765625,124.86019897460938,124.86019897460938,1434074
2025-05-13 11:15:00,124.9198989868164,125.72000122070312,124.76000213623047,125.6449966430664,125.6449966430664,1915991
2025-05-13 11:20:00,125.64459991455078,125.97000122070312,125.20999908447266,125.94499969482422,125.94499969482422,2205316
2025-05-13 11:25:00,125.94000244140625,126.66000366210938,125.91999816894531,126.58999633789062,126.58999633789062,3895063
2025-05-13 11:30:00,126.5999984741211,127.56610107421875,126.56999969482422,127.39520263671875,127.39520263671875,5164081
2025-05-13 11:35:00,127.38240051269531,128.27999877929688,127.06999969482422,128.22999572753906,128.22999572753906,3740845
2025-05-13 11:40:00,128.2301025390625,128.69000244140625,128.0800018310547,128.47500610351562,128.47500610351562,2944471
2025-05-13 11:45:00,128.47509765625,128.67999267578125,127.96499633789062,128.49000549316406,128.49000549316406,2612636
2025-05-13 11:50:00,128.49000549316406,128.82000732421875,128.0,128.0404052734375,128.0404052734375,2487235
2025-05-13 11:55:00,128.0449981689453,128.2799072265625,127.70999908447266,127.94999694824219,127.94999694824219,2061946
2025-05-13 12:00:00,127.99929809570312,128.5800018310547,127.72019958496094,127.80999755859375,127.80999755859375,2614450
2025-05-13 12:05:00,127.81500244140625,128.03990173339844,127.63400268554688,127.87999725341797,127.87999725341797,1324807
2025-05-13 12:10:00,127.9000015258789,128.17999267578125,127.69000244140625,128.08920288085938,128.08920288085938,1175028
2025-05-13 12:15:00,128.0845947265625,128.08999633789062,127.38009643554688,127.4446029663086,127.4446029663086,1188673
2025-05-13 12:20:00,127.44999694824219,128.02000427246094,127.3949966430664,127.98999786376953,127.98999786376953,1168695
2025-05-13 12:25:00,127.99539947509766,128.69000244140625,127.98999786376953,128.60000610351562,128.60000610351562,2175948
2025-05-13 12:30:00,128.61000061035156,128.6999969482422,128.27999877929688,128.58999633789062,128.58999633789062,1418787
2025-05-13 12:35:00,128.58999633789062,129.139892578125,128.5601043701172,129.04449462890625,129.04449462890625,2018462
2025-05-13 12:40:00,129.0500030517578,129.67999267578125,129.0404052734375,129.57000732421875,129.57000732421875,1909624
2025-05-13 12:45:00,129.58999633789062,129.6699981689453,129.34129333496094,129.64999389648438,129.64999389648438,1660483
2025-05-13 12:50:00,129.65530395507812,129.88999938964844,129.52999877929688,129.8300018310547,129.8300018310547,1408076
2025-05-13 12:55:00,129.8300018310547,129.8800048828125,129.52999877929688,129.7200927734375,129.7200927734375,1226398
2025-05-13 13:00:00,129.72000122070312,129.85000610351562,129.4499969482422,129.57000732421875,129.57000732421875,1285826
2025-05-13 13:05:00,129.57679748535156,129.69000244140625,129.2899932861328,129.5800018310547,129.5800018310547,1247664
2025-05-13 13:10:00,129.57000732421875,129.86500549316406,129.4199981689453,129.8498992919922,129.8498992919922,1132865
2025-05-13 13:15:00,129.85000610351562,130.60000610351562,129.85000610351562,130.4810028076172,130.4810028076172,3374613
2025-05-13 13:20:00,130.51510620117188,130.51930236816406,130.11000061035156,130.24020385742188,130.24020385742188,1143754
2025-05-13 13:25:00,130.25,130.35989379882812,130.08999633789062,130.2100067138672,130.2100067138672,867660
2025-05-13 13:30:00,130.2100067138672,130.27999877929688,129.82000732421875,129.85000610351562,129.85000610351562,1210575
2025-05-13 13:35:00,129.85499572753906,130.10000610351562,129.6199951171875,129.72000122070312,129.72000122070312,1190119
2025-05-13 13:40:00,129.7100067138672,129.82000732421875,129.5800018310547,129.72000122070312,129.72000122070312,838494
2025-05-13 13:45:00,129.72250366210938,130.13999938964844,129.6501007080078,130.0850067138672,130.0850067138672,1054944
2025-05-13 13:50:00,130.0800018310547,130.25,129.6739959716797,129.69979858398438,129.69979858398438,1248283
2025-05-13 13:55:00,129.69000244140625,129.781005859375,128.83999633789062,128.8968048095703,128.8968048095703,1779845
2025-05-13 14:00:00,128.91000366210938,129.0,128.35400390625,128.58009338378906,128.58009338378906,1996691
2025-05-13 14:05:00,128.60000610351562,129.02999877929688,128.49000549316406,128.50999450683594,128.50999450683594,1192471
2025-05-13 14:10:00,128.53900146484375,129.2899932861328,128.49000549316406,129.27980041503906,129.27980041503906,1048223
2025-05-13 14:15:00,129.27999877929688,129.30999755859375,129.00999450683594,129.15370178222656,129.15370178222656,723848
2025-05-13 14:20:00,129.1501007080078,129.1501007080078,128.82000732421875,129.0802001953125,129.0802001953125,743453
2025-05-13 14:25:00,129.07000732421875,129.1999969482422,128.94000244140625,129.14999389648438,129.14999389648438,563867
2025-05-13 14:30:00,129.17999267578125,129.27000427246094,128.97000122070312,129.13800048828125,129.13800048828125,846550
2025-05-13 14:35:00,129.1300048828125,129.8800048828125,129.0928955078125,129.71499633789062,129.71499633789062,1473075
2025-05-13 14:40:00,129.6999969482422,129.88999938964844,129.57000732421875,129.62469482421875,129.62469482421875,903594
2025-05-13 14:45:00,129.6199951171875,129.6999969482422,129.19500732421875,129.27310180664062,129.27310180664062,839515
2025-05-13 14:50:00,129.25,129.25999450683594,128.97999572753906,129.2050018310547,129.2050018310547,716467
2025-05-13 14:55:00,129.22500610351562,129.57000732421875,129.08200073242188,129.47999572753906,129.47999572753906,766731
2025-05-13 15:00:00,129.47999572753906,129.52000427246094,129.1699981689453,129.3697967529297,129.3697967529297,575633
2025-05-13 15:05:00,129.36500549316406,129.5800018310547,129.25,129.36000061035156,129.36000061035156,641807
2025-05-13 15:10:00,129.3701934814453,129.60000610351562,129.34010314941406,129.52999877929688,129.52999877929688,597428
2025-05-13 15:15:00,129.5399932861328,129.5850067138672,129.3291015625,129.55999755859375,129.55999755859375,692736
2025-05-13 15:20:00,129.57000732421875,129.8800048828125,129.49009704589844,129.72000122070312,129.72000122070312,1066273
2025-05-13 15:25:00,129.72000122070312,129.8699951171875,129.62010192871094,129.72500610351562,129.72500610351562,783536
2025-05-13 15:30:00,129.74000549316406,130.5449981689453,129.56500244140625,130.24000549316406,130.24000549316406,2205763
2025-05-13 15:35:00,130.25,130.25,129.61000061035156,129.87510681152344,129.87510681152344,1345444
2025-05-13 15:40:00,129.88009643554688,129.89500427246094,129.6300048828125,129.72500610351562,129.72500610351562,1026041
2025-05-13 15:45:00,129.72500610351562,129.72999572753906,129.35000610351562,129.44940185546875,129.44940185546875,1356995
2025-05-13 15:50:00,129.47000122070312,129.64999389648438,128.9499969482422,128.97999572753906,128.97999572753906,2218579
2025-05-13 15:55:00,128.9499969482422,128.97999572753906,128.0,128.0500030517578,128.0500030517578,3463938
2025-05-14 00:00:00,129.00999450683594,133.49000549316406,127.55899810791016,130.17999267578125,130.17999267578125,96611500
2025-05-14 09:30:00,129.02999877929688,132.95989990234375,128.49000549316406,132.4293975830078,132.4293975830078,12128554
2025-05-14 09:35:00,132.49000549316406,133.49000549316406,131.25999450683594,131.6300048828125,131.6300048828125,5218746
2025-05-14 09:40:00,131.63470458984375,131.9528045654297,129.8800048828125,130.25999450683594,130.25999450683594,3861808
2025-05-14 09:45:00,130.27999877929688,130.60000610351562,129.27000427246094,130.5189971923828,130.5189971923828,3153669
2025-05-14 09:50:00,130.52999877929688,131.67999267578125,130.25999450683594,130.57000732421875,130.57000732421875,3919073
2025-05-14 09:55:00,130.5590057373047,130.6199951171875,129.36000061035156,129.92999267578125,129.92999267578125,2521599
2025-05-14 10:00:00,129.93499755859375,130.139892578125,129.17999267578125,129.97000122070312,129.97000122070312,2002495
2025-05-14 10:05:00,129.97999572753906,131.24000549316406,129.3699951171875,130.75,130.75,2680770
2025-05-14 10:10:00,130.75,130.75,129.6999969482422,130.31039428710938,130.31039428710938,1531583
2025-05-14 10:15:00,130.3000030517578,130.3699951171875,129.0800018310547,129.26080322265625,129.26080322265625,1712485
2025-05-14 10:20:00,129.25999450683594,129.97000122070312,128.75999450683594,129.94000244140625,129.94000244140625,2346313
2025-05-14 10:25:00,129.91079711914062,130.09970092773438,129.52999877929688,129.77000427246094,129.77000427246094,1303887
2025-05-14 10:30:00,129.7711944580078,130.02499389648438,129.25999450683594,129.39979553222656,129.39979553222656,1190058
2025-05-14 10:35:00,129.38999938964844,129.86570739746094,129.27000427246094,129.75,129.75,810215
2025-05-14 10:40:00,129.72000122070312,130.44000244140625,129.52999877929688,129.88999938964844,129.88999938964844,1619291
2025-05-14 10:45:00,129.96380615234375,130.07000732421875,129.63999938964844,129.85000610351562,129.85000610351562,889207
2025-05-14 10:50:00,129.8699951171875,130.19000244140625,129.55999755859375,130.04029846191406,130.04029846191406,1245289
2025-05-14 10:55:00,130.04620361328125,130.1199951171875,129.61000061035156,129.81019592285156,129.81019592285156,694855
2025-05-14 11:00:00,129.82000732421875,129.89990234375,129.16000366210938,129.27529907226562,129.27529907226562,1041543
2025-05-14 11:05:00,129.27499389648438,130.2100067138672,128.94000244140625,130.10000610351562,130.10000610351562,1562765
2025-05-14 11:10:00,130.077392578125,130.27999877929688,129.64999389648438,130.16000366210938,130.16000366210938,875746
2025-05-14 11:15:00,130.1649932861328,130.1649932861328,129.4239959716797,129.4239959716797,129.4239959716797,837543
2025-05-14 11:20:00,129.44000244140625,129.55999755859375,129.33999633789062,129.47999572753906,129.47999572753906,756548
2025-05-14 11:25:00,129.4949951171875,130.07000732421875,129.42999267578125,129.8800048828125,129.8800048828125,754820
2025-05-14 11:30:00,129.8800048828125,129.9010009765625,129.49240112304688,129.72999572753906,129.72999572753906,623315
2025-05-14 11:35:00,129.73500061035156,129.9998016357422,129.57000732421875,129.97999572753906,129.97999572753906,561562
2025-05-14 11:40:00,129.97999572753906,130.0,129.67999267578125,129.72000122070312,129.72000122070312,481863
2025-05-14 11:45:00,129.72109985351562,129.7698974609375,129.44000244140625,129.52000427246094,129.52000427246094,665803
2025-05-14 11:50:00,129.51499938964844,129.75,129.360107421875,129.57620239257812,129.57620239257812,665089
2025-05-14 11:55:00,129.57000732421875,129.6999969482422,129.41000366210938,129.4499053955078,129.4499053955078,363038
2025-05-14 12:00:00,129.41000366210938,129.49929809570312,129.2100067138672,129.23500061035156,129.23500061035156,519436
2025-05-14 12:05:00,129.2449951171875,129.30999755859375,128.6300048828125,128.84019470214844,128.84019470214844,1237569
2025-05-14 12:10:00,128.84039306640625,129.1199951171875,128.4499969482422,128.58999633789062,128.58999633789062,1038141
2025-05-14 12:15:00,128.5991973876953,129.07000732421875,128.5991973876953,128.9250030517578,128.9250030517578,858190
2025-05-14 12:20:00,128.91009521484375,129.0500030517578,128.47999572753906,128.69000244140625,128.69000244140625,569624
2025-05-14 12:25:00,128.69000244140625,129.02000427246094,128.5500030517578,128.9550018310547,128.9550018310547,563006
2025-05-14 12:30:00,128.95339965820312,129.5998992919922,128.9199981689453,129.58120727539062,129.58120727539062,902843
2025-05-14 12:35:00,129.5800018310547,129.72509765625,129.41000366210938,129.49000549316406,129.49000549316406,725537
2025-05-14 12:40:00,129.49000549316406,129.50990295410156,129.02999877929688,129.16000366210938,129.16000366210938,658118
2025-05-14 12:45:00,129.1750030517578,129.1750030517578,128.83009338378906,129.0749969482422,129.0749969482422,487485
2025-05-14 12:50:00,129.06309509277344,129.39999389648438,128.97000122070312,129.36000061035156,129.36000061035156,420933
2025-05-14 12:55:00,129.35519409179688,129.4199981689453,129.00999450683594,129.02999877929688,129.02999877929688,422797
2025-05-14 13:00:00,129.05499267578125,129.1300048828125,128.91000366210938,128.91000366210938,128.91000366210938,416183
2025-05-14 13:05:00,128.89999389648438,128.97079467773438,128.72999572753906,128.85000610351562,128.85000610351562,538208
2025-05-14 13:10:00,128.8800048828125,128.88999938964844,128.6199951171875,128.82000732421875,128.82000732421875,594130
2025-05-14 13:15:00,128.82809448242188,128.85000610351562,128.3000030517578,128.38499450683594,128.38499450683594,912143
2025-05-14 13:20:00,128.38499450683594,128.44000244140625,127.5593032836914,127.97000122070312,127.97000122070312,1855120
2025-05-14 13:25:00,127.98999786376953,128.35000610351562,127.80000305175781,128.1999969482422,128.1999969482422,898453
2025-05-14 13:30:00,128.1999053955078,128.4499969482422,128.16000366210938,128.38999938964844,128.38999938964844,621329
2025-05-14 13:35:00,128.3896942138672,129.1300048828125,128.36000061035156,129.08999633789062,129.08999633789062,887469
2025-05-14 13:40:00,129.08999633789062,129.50999450683594,129.02000427246094,129.27999877929688,129.27999877929688,928045
2025-05-14 13:45:00,129.28500366210938,129.41510009765625,129.1300048828125,129.41510009765625,129.41510009765625,856698
2025-05-14 13:50:00,129.41000366210938,129.63999938964844,129.39999389648438,129.47999572753906,129.47999572753906,590300
2025-05-14 13:55:00,129.49000549316406,129.5399932861328,129.27999877929688,129.47000122070312,129.47000122070312,493458
2025-05-14 14:00:00,129.47999572753906,129.83999633789062,129.4499969482422,129.77000427246094,129.77000427246094,673393
2025-05-14 14:05:00,129.7581024169922,129.8699951171875,129.64999389648438,129.74490356445312,129.74490356445312,559274
2025-05-14 14:10:00,129.77000427246094,130.08999633789062,129.52999877929688,130.07000732421875,130.07000732421875,1102407
2025-05-14 14:15:00,130.07020568847656,130.22999572753906,129.75999450683594,129.88999938964844,129.88999938964844,882526
2025-05-14 14:20:00,129.910400390625,129.910400390625,129.50999450683594,129.6300048828125,129.6300048828125,531466
2025-05-14 14:25:00,129.62510681152344,129.7899932861328,129.3300018310547,129.4499969482422,129.4499969482422,545309
2025-05-14 14:30:00,129.42999267578125,130.05999755859375,129.3699951171875,129.89999389648438,129.89999389648438,655445
2025-05-14 14:35:00,129.92640686035156,130.02000427246094,129.68069458007812,129.80499267578125,129.80499267578125,480953
2025-05-14 14:40:00,129.80999755859375,129.92999267578125,129.70010375976562,129.8300018310547,129.8300018310547,301121
2025-05-14 14:45:00,129.82000732421875,130.0399932861328,129.66000366210938,130.0395965576172,130.0395965576172,413929
2025-05-14 14:50:00,130.02000427246094,130.1699981689453,129.9499053955078,130.15310668945312,130.15310668945312,425697
2025-05-14 14:55:00,130.16000366210938,130.19000244140625,129.9199981689453,130.01499938964844,130.01499938964844,458504
2025-05-14 15:00:00,130.02999877929688,130.1750030517578,129.90280151367188,129.90280151367188,129.90280151367188,426713
2025-05-14 15:05:00,129.91000366210938,130.0500030517578,129.82000732421875,130.03990173339844,130.03990173339844,510127
2025-05-14 15:10:00,130.0341033935547,130.60000610351562,130.02999877929688,130.48989868164062,130.48989868164062,1017306
2025-05-14 15:15:00,130.5,130.63999938964844,130.30999755859375,130.3498992919922,130.3498992919922,697075
2025-05-14 15:20:00,130.3300018310547,130.43910217285156,130.05999755859375,130.1699981689453,130.1699981689453,793937
2025-05-14 15:25:00,130.16000366210938,130.32000732421875,130.02999877929688,130.17999267578125,130.17999267578125,615508
2025-05-14 15:30:00,130.19000244140625,130.28990173339844,130.11000061035156,130.1300048828125,130.1300048828125,488808
2025-05-14 15:35:00,130.1320037841797,130.22000122070312,129.8000030517578,129.89999389648438,129.89999389648438,579194
2025-05-14 15:40:00,129.89999389648438,129.9499969482422,129.7248992919922,129.87030029296875,129.87030029296875,599269
2025-05-14 15:45:00,129.8784942626953,130.0500030517578,129.75,129.95460510253906,129.95460510253906,808020
2025-05-14 15:50:00,129.9600067138672,130.3800048828125,129.9600067138672,130.22999572753906,130.22999572753906,1140214
2025-05-14 15:55:00,130.25,130.35000610351562,130.0800018310547,130.13999938964844,130.13999938964844,1970222
2025-05-15 00:00:00,128.3699951171875,130.1999969482422,125.73999786376953,128.1199951171875,128.1199951171875,69503000
2025-05-15 09:30:00,128.42999267578125,129.8282928466797,128.2100067138672,129.76699829101562,129.76699829101562,5176991
2025-05-15 09:35:00,129.75999450683594,130.1999053955078,128.5449981689453,128.55499267578125,128.55499267578125,2389331
2025-05-15 09:40:00,128.55499267578125,129.41000366210938,128.1699981689453,129.33999633789062,129.33999633789062,1730522
2025-05-15 09:45:00,129.33999633789062,129.50999450683594,127.83999633789062,127.94969940185547,127.94969940185547,1613072
2025-05-15 09:50:00,127.9800033569336,128.46499633789062,127.7300033569336,128.03529357910156,128.03529357910156,1478326
2025-05-15 09:55:00,128.0200958251953,128.02499389648438,127.38999938964844,127.7699966430664,127.7699966430664,1804156
2025-05-15 10:00:00,127.75499725341797,128.35000610351562,127.55000305175781,127.9800033569336,127.9800033569336,1489504
2025-05-15 10:05:00,127.97530364990234,128.1999969482422,127.5,127.80079650878906,127.80079650878906,952858
2025-05-15 10:10:00,127.80999755859375,127.83000183105469,126.5,126.9000015258789,126.9000015258789,2256962
2025-05-15 10:15:00,126.91999816894531,127.57990264892578,126.55999755859375,127.52010345458984,127.52010345458984,1236512
2025-05-15 10:20:00,127.52999877929688,127.69999694824219,127.25,127.44499969482422,127.44499969482422,828705
2025-05-15 10:25:00,127.5199966430664,127.80000305175781,126.81500244140625,126.8499984741211,126.8499984741211,1059579
2025-05-15 10:30:00,126.87999725341797,126.97000122070312,125.81999969482422,125.95500183105469,125.95500183105469,1729250
2025-05-15 10:35:00,125.91999816894531,126.08999633789062,125.73999786376953,126.06999969482422,126.06999969482422,1208322
2025-05-15 10:40:00,126.0770034790039,126.87000274658203,125.94999694824219,126.69000244140625,126.69000244140625,1052433
2025-05-15 10:45:00,126.66999816894531,126.98999786376953,126.61100006103516,126.80500030517578,126.80500030517578,776703
2025-05-15 10:50:00,126.79000091552734,127.03199768066406,126.26000213623047,127.01000213623047,127.01000213623047,1052454
2025-05-15 10:55:00,127.0,127.37999725341797,126.87470245361328,127.31999969482422,127.31999969482422,964323
2025-05-15 11:00:00,127.30999755859375,127.9800033569336,127.11000061035156,127.86039733886719,127.86039733886719,871677
2025-05-15 11:05:00,127.8949966430664,128.10000610351562,127.80000305175781,128.06149291992188,128.06149291992188,1030177
2025-05-15 11:10:00,128.0601043701172,128.5,127.9749984741211,128.30999755859375,128.30999755859375,1092153
2025-05-15 11:15:00,128.3126983642578,128.58999633789062,128.1750030517578,128.33999633789062,128.33999633789062,965183
2025-05-15 11:20:00,128.33999633789062,128.5,128.17999267578125,128.41000366210938,128.41000366210938,649224
2025-05-15 11:25:00,128.38999938964844,128.63999938964844,128.1699981689453,128.57009887695312,128.57009887695312,738754
2025-05-15 11:30:00,128.62989807128906,128.69000244140625,128.3699951171875,128.5800018310547,128.5800018310547,581259
2025-05-15 11:35:00,128.57980346679688,128.91990661621094,128.47000122070312,128.906005859375,128.906005859375,689518
2025-05-15 11:40:00,128.91200256347656,128.9799041748047,128.76010131835938,128.9250030517578,128.9250030517578,658016
2025-05-15 11:45:00,128.947998046875,129.0,128.66000366210938,128.94500732421875,128.94500732421875,716183
2025-05-15 11:50:00,128.94920349121094,129.0,128.6999969482422,128.8300018310547,128.8300018310547,737759
2025-05-15 11:55:00,128.83990478515625,129.13999938964844,128.82020568847656,129.0,129.0,730447
2025-05-15 12:00:00,129.0,129.22999572753906,128.8800048828125,128.92999267578125,128.92999267578125,662411
2025-05-15 12:05:00,128.92999267578125,129.0800018310547,128.91000366210938,129.01499938964844,129.01499938964844,558607
2025-05-15 12:10:00,129.0,129.0,128.52999877929688,128.70989990234375,128.70989990234375,699019
2025-05-15 12:15:00,128.69500732421875,128.8800048828125,128.61000061035156,128.77969360351562,128.77969360351562,332065
2025-05-15 12:20:00,128.75999450683594,128.76980590820312,128.44000244140625,128.57000732421875,128.57000732421875,417490
2025-05-15 12:25:00,128.5800018310547,128.8800048828125,128.47999572753906,128.82130432128906,128.82130432128906,453275
2025-05-15 12:30:00,128.82000732421875,129.07110595703125,128.8000030517578,129.02000427246094,129.02000427246094,529562
2025-05-15 12:35:00,129.0,129.5,128.92999267578125,129.44000244140625,129.44000244140625,902134
2025-05-15 12:40:00,129.4550018310547,129.4799041748047,128.7801055908203,129.11000061035156,129.11000061035156,653452
2025-05-15 12:45:00,129.10940551757812,129.30999755859375,129.10549926757812,129.18499755859375,129.18499755859375,451788
2025-05-15 12:50:00,129.17999267578125,129.17999267578125,128.85000610351562,128.99000549316406,128.99000549316406,462854
2025-05-15 12:55:00,128.99000549316406,129.1699981689453,128.8699951171875,129.1649932861328,129.1649932861328,323007
2025-05-15 13:00:00,129.1645965576172,129.1699981689453,128.8699951171875,128.97509765625,128.97509765625,337887
2025-05-15 13:05:00,128.97140502929688,129.02999877929688,128.72000122070312,128.73989868164062,128.73989868164062,398457
2025-05-15 13:10:00,128.72999572753906,128.99000549316406,128.6300048828125,128.90679931640625,128.90679931640625,327773
2025-05-15 13:15:00,128.9149932861328,129.13999938964844,128.86000061035156,129.139892578125,129.139892578125,404430
2025-05-15 13:20:00,129.13070678710938,129.7449951171875,129.0937957763672,129.72500610351562,129.72500610351562,972941
2025-05-15 13:25:00,129.72999572753906,129.77999877929688,129.40499877929688,129.4600067138672,129.4600067138672,581378
2025-05-15 13:30:00,129.4499969482422,129.4600067138672,129.1699981689453,129.1999969482422,129.1999969482422,382359
2025-05-15 13:35:00,129.1999969482422,129.5,129.0449981689453,129.39999389648438,129.39999389648438,382001
2025-05-15 13:40:00,129.39019775390625,129.67999267578125,129.27999877929688,129.63999938964844,129.63999938964844,442942
2025-05-15 13:45:00,129.6300048828125,129.75,129.38999938964844,129.4499969482422,129.4499969482422,399905
2025-05-15 13:50:00,129.44000244140625,129.54989624023438,129.24000549316406,129.32749938964844,129.32749938964844,332020
2025-05-15 13:55:00,129.3300018310547,129.35000610351562,129.14999389648438,129.26499938964844,129.26499938964844,275766
2025-05-15 14:00:00,129.24000549316406,129.25,129.0,129.08999633789062,129.08999633789062,427575
2025-05-15 14:05:00,129.0800018310547,129.25,128.9499969482422,129.13999938964844,129.13999938964844,411111
2025-05-15 14:10:00,129.1300048828125,129.17999267578125,128.8509979248047,128.86500549316406,128.86500549316406,342108
2025-05-15 14:15:00,128.85000610351562,128.85000610351562,128.44000244140625,128.470703125,128.470703125,709539
2025-05-15 14:20:00,128.47000122070312,128.74000549316406,128.25999450683594,128.71969604492188,128.71969604492188,624672
2025-05-15 14:25:00,128.72000122070312,128.9600067138672,128.64999389648438,128.91000366210938,128.91000366210938,478906
2025-05-15 14:30:00,128.89999389648438,129.17970275878906,128.83009338378906,128.8699951171875,128.8699951171875,511570
2025-05-15 14:35:00,128.86000061035156,128.97999572753906,128.610107421875,128.7646942138672,128.7646942138672,417993
2025-05-15 14:40:00,128.75900268554688,128.8699951171875,128.60000610351562,128.6199951171875,128.6199951171875,322601
2025-05-15 14:45:00,128.63999938964844,128.69000244140625,128.3300018310547,128.47000122070312,128.47000122070312,445684
2025-05-15 14:50:00,128.47509765625,128.49000549316406,128.13999938964844,128.1977996826172,128.1977996826172,510187
2025-05-15 14:55:00,128.1699981689453,128.33999633789062,128.05999755859375,128.125,128.125,477735
2025-05-15 15:00:00,128.1300048828125,128.6072998046875,128.11000061035156,128.51800537109375,128.51800537109375,526009
2025-05-15 15:05:00,128.49000549316406,128.639892578125,128.22000122070312,128.25,128.25,418739
2025-05-15 15:10:00,128.25010681152344,128.32000732421875,128.10000610351562,128.28970336914062,128.28970336914062,362614
2025-05-15 15:15:00,128.22999572753906,128.47000122070312,128.02999877929688,128.1479034423828,128.1479034423828,546563
2025-05-15 15:20:00,128.13999938964844,128.1699981689453,127.43000030517578,127.45989990234375,127.45989990234375,1163779
2025-05-15 15:25:00,127.46499633789062,127.4800033569336,126.78720092773438,127.04000091552734,127.04000091552734,1141014
2025-05-15 15:30:00,127.04000091552734,127.58000183105469,127.02999877929688,127.53500366210938,127.53500366210938,756476
2025-05-15 15:35:00,127.5199966430664,127.79000091552734,127.38009643554688,127.70999908447266,127.70999908447266,569748
2025-05-15 15:40:00,127.71499633789062,128.07000732421875,127.66999816894531,127.83000183105469,127.83000183105469,815160
2025-05-15 15:45:00,127.83000183105469,128.19000244140625,127.625,128.07000732421875,128.07000732421875,697740
2025-05-15 15:50:00,128.11000061035156,128.49000549316406,127.67009735107422,127.75,127.75,1107214
2025-05-15 15:55:00,127.7699966430664,128.25999450683594,127.69999694824219,128.0800018310547,128.0800018310547,1988727
2025-05-16 00:00:00,129.22999572753906,130.3300018310547,126.76000213623047,129.52000427246094,129.52000427246094,57003700
2025-05-16 09:30:00,129.22500610351562,130.0,128.69000244140625,129.34869384765625,129.34869384765625,4991176
2025-05-16 09:35:00,129.35499572753906,129.88400268554688,129.05450439453125,129.3800048828125,129.3800048828125,1677822
2025-05-16 09:40:00,129.3699951171875,129.66000366210938,128.77490234375,129.50999450683594,129.50999450683594,1287725
2025-05-16 09:45:00,129.52499389648438,130.3300018310547,129.41000366210938,129.75999450683594,129.75999450683594,1898715
2025-05-16 09:50:00,129.5500030517578,129.5800018310547,128.7801055908203,128.89999389648438,128.89999389648438,1485734
2025-05-16 09:55:00,128.85989379882812,129.44000244140625,128.42999267578125,129.07000732421875,129.07000732421875,1345786
2025-05-16 10:00:00,129.02000427246094,129.05990600585938,128.36000061035156,128.67010498046875,128.67010498046875,1221481
2025-05-16 10:05:00,128.67030334472656,128.7899932861328,127.83999633789062,128.3300018310547,128.3300018310547,1281977
2025-05-16 10:10:00,128.36000061035156,128.39999389648438,127.7699966430664,128.12950134277344,128.12950134277344,1050115
2025-05-16 10:15:00,128.1280059814453,128.63999938964844,127.95999908447266,128.55999755859375,128.55999755859375,980109
2025-05-16 10:20:00,128.55999755859375,128.72999572753906,128.2100067138672,128.53500366210938,128.53500366210938,839890
2025-05-16 10:25:00,128.5489959716797,128.97999572753906,128.25999450683594,128.33999633789062,128.33999633789062,929912
2025-05-16 10:30:00,128.33999633789062,128.36000061035156,127.83000183105469,128.0850067138672,128.0850067138672,1008607
2025-05-16 10:35:00,128.08999633789062,128.10000610351562,127.6500015258789,127.83999633789062,127.83999633789062,921069
2025-05-16 10:40:00,127.84500122070312,127.85009765625,126.83000183105469,126.88999938964844,126.88999938964844,1450848
2025-05-16 10:45:00,126.8499984741211,127.75,126.76000213623047,127.7177963256836,127.7177963256836,1107920
2025-05-16 10:50:00,127.72380065917969,128.13999938964844,127.65499877929688,128.1284942626953,128.1284942626953,972835
2025-05-16 10:55:00,128.1300048828125,128.25,127.5999984741211,127.7322998046875,127.7322998046875,847429
2025-05-16 11:00:00,127.72149658203125,127.98860168457031,127.51000213623047,127.57969665527344,127.57969665527344,692702
2025-05-16 11:05:00,127.56500244140625,127.85990142822266,127.44879913330078,127.51000213623047,127.51000213623047,622366
2025-05-16 11:10:00,127.50779724121094,127.97000122070312,127.48999786376953,127.88500213623047,127.88500213623047,496780
2025-05-16 11:15:00,127.88999938964844,128.12989807128906,127.73999786376953,127.88999938964844,127.88999938964844,531055
2025-05-16 11:20:00,127.88999938964844,128.1699981689453,127.83999633789062,128.07330322265625,128.07330322265625,428034
2025-05-16 11:25:00,128.06039428710938,128.63499450683594,128.06039428710938,128.47999572753906,128.47999572753906,705134
2025-05-16 11:30:00,128.49000549316406,128.7899932861328,128.44000244140625,128.68020629882812,128.68020629882812,644684
2025-05-16 11:35:00,128.6750030517578,128.6750030517578,128.27999877929688,128.44920349121094,128.44920349121094,548605
2025-05-16 11:40:00,128.44009399414062,128.63999938964844,128.375,128.61199951171875,128.61199951171875,349244
2025-05-16 11:45:00,128.63499450683594,128.77000427246094,128.58999633789062,128.64999389648438,128.64999389648438,394915
2025-05-16 11:50:00,128.66000366210938,128.72999572753906,128.2006072998047,128.3699951171875,128.3699951171875,501314
2025-05-16 11:55:00,128.35000610351562,128.41990661621094,128.02000427246094,128.21949768066406,128.21949768066406,440151
2025-05-16 12:00:00,128.22000122070312,128.4199981689453,128.1728057861328,128.30999755859375,128.30999755859375,334075
2025-05-16 12:05:00,128.30999755859375,128.44400024414062,128.24000549316406,128.34429931640625,128.34429931640625,274971
2025-05-16 12:10:00,128.32000732421875,128.6199951171875,128.2100067138672,128.50010681152344,128.50010681152344,382298
2025-05-16 12:15:00,128.52000427246094,128.74000549316406,128.44200134277344,128.47999572753906,128.47999572753906,461794
2025-05-16 12:20:00,128.49000549316406,128.5500030517578,128.2899932861328,128.2969970703125,128.2969970703125,308365
2025-05-16 12:25:00,128.27999877929688,128.39999389648438,128.17999267578125,128.24000549316406,128.24000549316406,311653
2025-05-16 12:30:00,128.24000549316406,128.41000366210938,128.0399932861328,128.07000732421875,128.07000732421875,365551
2025-05-16 12:35:00,128.07000732421875,128.17999267578125,127.97000122070312,128.10000610351562,128.10000610351562,483151
2025-05-16 12:40:00,128.09970092773438,128.35000610351562,127.9800033569336,128.27000427246094,128.27000427246094,445247
2025-05-16 12:45:00,128.2899932861328,128.39999389648438,128.14999389648438,128.16000366210938,128.16000366210938,280000
2025-05-16 12:50:00,128.1699981689453,128.4700927734375,128.1699981689453,128.37969970703125,128.37969970703125,297045
2025-05-16 12:55:00,128.3800048828125,128.49000549316406,128.32000732421875,128.32029724121094,128.32029724121094,286831
2025-05-16 13:00:00,128.32000732421875,128.32000732421875,128.1300048828125,128.22000122070312,128.22000122070312,241261
2025-05-16 13:05:00,128.21499633789062,128.22970581054688,128.03359985351562,128.13499450683594,128.13499450683594,218625
2025-05-16 13:10:00,128.11000061035156,128.35000610351562,128.02000427246094,128.32000732421875,128.32000732421875,250804
2025-05-16 13:15:00,128.3249969482422,128.39999389648438,128.24000549316406,128.3199005126953,128.3199005126953,296566
2025-05-16 13:20:00,128.30999755859375,128.33999633789062,128.13999938964844,128.24000549316406,128.24000549316406,220920
2025-05-16 13:25:00,128.24099731445312,128.28500366210938,128.17999267578125,128.22500610351562,128.22500610351562,164289
2025-05-16 13:30:00,128.24000549316406,128.5500030517578,128.2100067138672,128.4600067138672,128.4600067138672,363055
2025-05-16 13:35:00,128.4600067138672,128.50689697265625,128.32000732421875,128.32000732421875,128.32000732421875,236173
2025-05-16 13:40:00,128.31500244140625,128.49000549316406,128.13999938964844,128.45899963378906,128.45899963378906,341189
2025-05-16 13:45:00,128.4550018310547,128.77999877929688,128.4199981689453,128.56900024414062,128.56900024414062,568056
2025-05-16 13:50:00,128.56500244140625,128.72000122070312,128.5,128.57000732421875,128.57000732421875,282539
2025-05-16 13:55:00,128.57000732421875,128.60000610351562,128.4199981689453,128.5800018310547,128.5800018310547,210714
2025-05-16 14:00:00,128.58999633789062,128.6300048828125,128.3800048828125,128.4499969482422,128.4499969482422,238425
2025-05-16 14:05:00,128.4600067138672,128.47999572753906,128.25,128.3809051513672,128.3809051513672,256202
2025-05-16 14:10:00,128.3800048828125,128.7100067138672,128.3800048828125,128.65499877929688,128.65499877929688,326339
2025-05-16 14:15:00,128.63999938964844,128.81100463867188,128.63499450683594,128.78500366210938,128.78500366210938,365993
2025-05-16 14:20:00,128.77999877929688,128.8083953857422,128.69500732421875,128.72999572753906,128.72999572753906,241540
2025-05-16 14:25:00,128.72500610351562,128.77980041503906,128.5,128.5399932861328,128.5399932861328,317400
2025-05-16 14:30:00,128.53500366210938,128.6416015625,128.42999267578125,128.52999877929688,128.52999877929688,272268
2025-05-16 14:35:00,128.50999450683594,128.77000427246094,128.49000549316406,128.72999572753906,128.72999572753906,340553
2025-05-16 14:40:00,128.72000122070312,128.77999877929688,128.59019470214844,128.63999938964844,128.63999938964844,263710
2025-05-16 14:45:00,128.63999938964844,128.77850341796875,128.5800018310547,128.7100067138672,128.7100067138672,247936
2025-05-16 14:50:00,128.6999969482422,128.70700073242188,128.560302734375,128.5614013671875,128.5614013671875,264496
2025-05-16 14:55:00,128.5800018310547,128.7270050048828,128.49989318847656,128.52540588378906,128.52540588378906,224204
2025-05-16 15:00:00,128.52000427246094,128.6999969482422,128.4499969482422,128.67010498046875,128.67010498046875,315260
2025-05-16 15:05:00,128.6697998046875,128.9499969482422,128.63999938964844,128.9499969482422,128.9499969482422,565107
2025-05-16 15:10:00,128.94000244140625,129.19000244140625,128.89999389648438,129.02920532226562,129.02920532226562,826372
2025-05-16 15:15:00,129.0308074951172,129.0989990234375,128.8300018310547,128.9250030517578,128.9250030517578,521409
2025-05-16 15:20:00,128.9199981689453,129.05999755859375,128.77999877929688,129.0500030517578,129.0500030517578,534720
2025-05-16 15:25:00,129.05999755859375,129.08999633789062,128.91000366210938,129.04989624023438,129.04989624023438,356570
2025-05-16 15:30:00,129.0399932861328,129.08999633789062,128.83999633789062,128.9199981689453,128.9199981689453,478393
2025-05-16 15:35:00,128.9290008544922,128.96499633789062,128.7449951171875,128.81500244140625,128.81500244140625,617043
2025-05-16 15:40:00,128.82000732421875,128.9499969482422,128.64999389648438,128.72000122070312,128.72000122070312,560956
2025-05-16 15:45:00,128.72650146484375,128.99000549316406,128.6649932861328,128.91000366210938,128.91000366210938,712990
2025-05-16 15:50:00,128.89999389648438,129.41000366210938,128.88999938964844,129.25999450683594,129.25999450683594,1502093
2025-05-16 15:55:00,129.3000030517578,129.60000610351562,129.2899932861328,129.49000549316406,129.49000549316406,1715061
2025-05-19 00:00:00,124.71499633789062,127.7699966430664,124.31999969482422,126.33000183105469,126.33000183105469,72503900
2025-05-19 09:30:00,125.69229888916016,126.0,124.77999877929688,124.87000274658203,124.87000274658203,7917867
2025-05-19 09:35:00,124.8499984741211,125.63999938964844,124.36000061035156,125.32520294189453,125.32520294189453,2332184
2025-05-19 09:40:00,125.30000305175781,125.41000366210938,124.31999969482422,124.70600128173828,124.70600128173828,2029359
2025-05-19 09:45:00,124.67500305175781,126.29000091552734,124.58779907226562,126.21990203857422,126.21990203857422,2333688
2025-05-19 09:50:00,126.19000244140625,126.9800033569336,126.08000183105469,126.33999633789062,126.33999633789062,2172807
2025-05-19 09:55:00,126.33999633789062,126.58999633789062,125.75,125.91500091552734,125.91500091552734,1323678
2025-05-19 10:00:00,125.91000366210938,126.33000183105469,125.5999984741211,125.87000274658203,125.87000274658203,1486755
2025-05-19 10:05:00,125.87999725341797,127.08000183105469,125.80999755859375,126.94450378417969,126.94450378417969,1550206
2025-05-19 10:10:00,126.9374008178711,127.25,126.58450317382812,126.97200012207031,126.97200012207031,1313640
2025-05-19 10:15:00,126.97000122070312,127.7699966430664,126.94999694824219,127.38970184326172,127.38970184326172,1408472
2025-05-19 10:20:00,127.37930297851562,127.61000061035156,127.08000183105469,127.26000213623047,127.26000213623047,998518
2025-05-19 10:25:00,127.26439666748047,127.26439666748047,126.37000274658203,126.66719818115234,126.66719818115234,1350002
2025-05-19 10:30:00,126.66999816894531,127.01000213623047,126.41000366210938,126.91999816894531,126.91999816894531,936937
2025-05-19 10:35:00,126.9000015258789,127.19000244140625,126.69000244140625,126.88760375976562,126.88760375976562,887300
2025-05-19 10:40:00,126.88729858398438,127.11000061035156,126.61000061035156,126.7500991821289,126.7500991821289,700461
2025-05-19 10:45:00,126.76000213623047,126.87000274658203,126.08999633789062,126.19000244140625,126.19000244140625,1000739
2025-05-19 10:50:00,126.19999694824219,126.44999694824219,126.01010131835938,126.24909973144531,126.24909973144531,641098
2025-05-19 10:55:00,126.23999786376953,126.28630065917969,125.80000305175781,125.87999725341797,125.87999725341797,892405
2025-05-19 11:00:00,125.87999725341797,125.93119812011719,125.62999725341797,125.7750015258789,125.7750015258789,821278
2025-05-19 11:05:00,125.77870178222656,125.97450256347656,125.66999816894531,125.70500183105469,125.70500183105469,462020
2025-05-19 11:10:00,125.93499755859375,126.06800079345703,125.58000183105469,125.69999694824219,125.69999694824219,1321039
2025-05-19 11:15:00,125.69999694824219,125.77870178222656,125.4104995727539,125.4354019165039,125.4354019165039,686557
2025-05-19 11:20:00,125.44000244140625,125.56999969482422,124.8949966430664,124.91719818115234,124.91719818115234,1147649
2025-05-19 11:25:00,124.91000366210938,125.05000305175781,124.70999908447266,124.9000015258789,124.9000015258789,1678165
2025-05-19 11:30:00,124.87999725341797,125.51640319824219,124.83999633789062,125.31950378417969,125.31950378417969,1595616
2025-05-19 11:35:00,125.33000183105469,125.95999908447266,125.23999786376953,125.92500305175781,125.92500305175781,739766
2025-05-19 11:40:00,125.93000030517578,126.26000213623047,125.55010223388672,125.6500015258789,125.6500015258789,981712
2025-05-19 11:45:00,125.65119934082031,125.70999908447266,125.2300033569336,125.25,125.25,642522
2025-05-19 11:50:00,125.26000213623047,125.54989624023438,125.0,125.29000091552734,125.29000091552734,992596
2025-05-19 11:55:00,125.29499816894531,125.44000244140625,125.16999816894531,125.33499908447266,125.33499908447266,507048
2025-05-19 12:00:00,125.3499984741211,125.39790344238281,125.12999725341797,125.1500015258789,125.1500015258789,402702
2025-05-19 12:05:00,125.12999725341797,125.19999694824219,125.0,125.08999633789062,125.08999633789062,412537
2025-05-19 12:10:00,125.08000183105469,125.20999908447266,125.04000091552734,125.13999938964844,125.13999938964844,388638
2025-05-19 12:15:00,125.14990234375,125.23989868164062,124.87999725341797,125.0427017211914,125.0427017211914,578692
2025-05-19 12:20:00,125.04000091552734,125.4800033569336,125.010498046875,125.22000122070312,125.22000122070312,390098
2025-05-19 12:25:00,125.21499633789062,125.48999786376953,125.1500015258789,125.38729858398438,125.38729858398438,556101
2025-05-19 12:30:00,125.38999938964844,125.43000030517578,125.0999984741211,125.19499969482422,125.19499969482422,521211
2025-05-19 12:35:00,125.19010162353516,125.37000274658203,125.12999725341797,125.31500244140625,125.31500244140625,327962
2025-05-19 12:40:00,125.30999755859375,125.55999755859375,125.2300033569336,125.5115966796875,125.5115966796875,398067
2025-05-19 12:45:00,125.51000213623047,125.55999755859375,125.41000366210938,125.50350189208984,125.50350189208984,305775
2025-05-19 12:50:00,125.50990295410156,125.87000274658203,125.50499725341797,125.75,125.75,649379
2025-05-19 12:55:00,125.73999786376953,125.98999786376953,125.68009948730469,125.82270050048828,125.82270050048828,456023
2025-05-19 13:00:00,125.83000183105469,126.12999725341797,125.75,126.10990142822266,126.10990142822266,557171
2025-05-19 13:05:00,126.1050033569336,126.50990295410156,126.06999969482422,126.37000274658203,126.37000274658203,699478
2025-05-19 13:10:00,126.36009979248047,126.41000366210938,126.15010070800781,126.23999786376953,126.23999786376953,598093
2025-05-19 13:15:00,126.2699966430664,126.30989837646484,125.9000015258789,125.93609619140625,125.93609619140625,688406
2025-05-19 13:20:00,125.91999816894531,126.5199966430664,125.9000015258789,126.33999633789062,126.33999633789062,846146
2025-05-19 13:25:00,126.34020233154297,126.47000122070312,126.16999816894531,126.19499969482422,126.19499969482422,494303
2025-05-19 13:30:00,126.19999694824219,126.3572006225586,125.38999938964844,126.3572006225586,126.3572006225586,618830
2025-05-19 13:35:00,126.3550033569336,126.52999877929688,126.18000030517578,126.37000274658203,126.37000274658203,427670
2025-05-19 13:40:00,126.37999725341797,126.41000366210938,126.13999938964844,126.20989990234375,126.20989990234375,456856
2025-05-19 13:45:00,126.21499633789062,126.7697982788086,126.19999694824219,126.73999786376953,126.73999786376953,901249
2025-05-19 13:50:00,126.73500061035156,126.87000274658203,126.44000244140625,126.46499633789062,126.46499633789062,803624
2025-05-19 13:55:00,126.45999908447266,126.54989624023438,126.37999725341797,126.41999816894531,126.41999816894531,352369
2025-05-19 14:00:00,126.43810272216797,126.58000183105469,126.30000305175781,126.48989868164062,126.48989868164062,423544
2025-05-19 14:05:00,126.48999786376953,126.69000244140625,126.47010040283203,126.51000213623047,126.51000213623047,348889
2025-05-19 14:10:00,126.50019836425781,126.5199966430664,126.20999908447266,126.24009704589844,126.24009704589844,380689
2025-05-19 14:15:00,126.23999786376953,126.26000213623047,125.83070373535156,125.99500274658203,125.99500274658203,571984
2025-05-19 14:20:00,125.9800033569336,126.13999938964844,125.83000183105469,126.04460144042969,126.04460144042969,448161
2025-05-19 14:25:00,126.04530334472656,126.30000305175781,126.0199966430664,126.04499816894531,126.04499816894531,400096
2025-05-19 14:30:00,126.05999755859375,126.19999694824219,125.91999816894531,126.13999938964844,126.13999938964844,435620
2025-05-19 14:35:00,126.13999938964844,126.41999816894531,126.11029815673828,126.37000274658203,126.37000274658203,412535
2025-05-19 14:40:00,126.37909698486328,126.38980102539062,126.12999725341797,126.19999694824219,126.19999694824219,315241
2025-05-19 14:45:00,126.19000244140625,126.36000061035156,126.12999725341797,126.34559631347656,126.34559631347656,312577
2025-05-19 14:50:00,126.3499984741211,126.54000091552734,126.33709716796875,126.53790283203125,126.53790283203125,391205
2025-05-19 14:55:00,126.52010345458984,126.5999984741211,126.4000015258789,126.51000213623047,126.51000213623047,327640
2025-05-19 15:00:00,126.48999786376953,126.79000091552734,126.31999969482422,126.76080322265625,126.76080322265625,757204
2025-05-19 15:05:00,126.76100158691406,127.05999755859375,126.74500274658203,126.86990356445312,126.86990356445312,795161
2025-05-19 15:10:00,126.87000274658203,126.88999938964844,126.66000366210938,126.86000061035156,126.86000061035156,432169
2025-05-19 15:15:00,126.8499984741211,127.04000091552734,126.75240325927734,126.91560363769531,126.91560363769531,539677
2025-05-19 15:20:00,126.9000015258789,126.97000122070312,126.75,126.80010223388672,126.80010223388672,434332
2025-05-19 15:25:00,126.80000305175781,126.87999725341797,126.58999633789062,126.77989959716797,126.77989959716797,497103
2025-05-19 15:30:00,126.7699966430664,126.94000244140625,126.7300033569336,126.7300033569336,126.7300033569336,450816
2025-05-19 15:35:00,126.72000122070312,126.94999694824219,126.70020294189453,126.86759948730469,126.86759948730469,466985
2025-05-19 15:40:00,126.86399841308594,126.87000274658203,126.52999877929688,126.63999938964844,126.63999938964844,498615
2025-05-19 15:45:00,126.63999938964844,126.93000030517578,126.61009979248047,126.76499938964844,126.76499938964844,699998
2025-05-19 15:50:00,126.79000091552734,126.91000366210938,126.38999938964844,126.5250015258789,126.5250015258789,1058975
2025-05-19 15:55:00,126.51000213623047,126.51000213623047,126.20999908447266,126.31999969482422,126.31999969482422,1713518
2025-05-20 00:00:00,127.22000122070312,128.1999969482422,124.6500015258789,125.58999633789062,125.58999633789062,61265300
2025-05-20 09:30:00,127.22000122070312,128.1999969482422,126.5199966430664,126.79010009765625,126.79010009765625,5431222
2025-05-20 09:35:00,126.79000091552734,126.9000015258789,125.94999694824219,126.29840087890625,126.29840087890625,2010897
2025-05-20 09:40:00,126.31999969482422,126.56999969482422,125.80999755859375,126.50679779052734,126.50679779052734,1726036
2025-05-20 09:45:00,126.5250015258789,126.69999694824219,125.22000122070312,125.4999008178711,125.4999008178711,2067783
2025-05-20 09:50:00,125.48999786376953,126.13999938964844,124.6500015258789,126.01899719238281,126.01899719238281,2395798
2025-05-20 09:55:00,126.0198974609375,126.27999877929688,125.45010375976562,125.68000030517578,125.68000030517578,1660566
2025-05-20 10:00:00,125.69249725341797,125.9800033569336,125.30000305175781,125.59500122070312,125.59500122070312,1332215
2025-05-20 10:05:00,125.55000305175781,125.7699966430664,125.06999969482422,125.11000061035156,125.11000061035156,958099
2025-05-20 10:10:00,125.08999633789062,125.76000213623047,125.0,125.63390350341797,125.63390350341797,901587
2025-05-20 10:15:00,125.63009643554688,126.44999694824219,125.63009643554688,126.41999816894531,126.41999816894531,1250955
2025-05-20 10:20:00,126.41000366210938,126.87000274658203,126.2300033569336,126.43000030517578,126.43000030517578,1483795
2025-05-20 10:25:00,126.42990112304688,126.71499633789062,126.0,126.0,126.0,1097737
2025-05-20 10:30:00,125.98999786376953,126.13999938964844,125.73999786376953,125.95999908447266,125.95999908447266,765807
2025-05-20 10:35:00,125.96209716796875,126.58999633789062,125.904296875,126.52999877929688,126.52999877929688,815833
2025-05-20 10:40:00,126.5199966430664,126.72959899902344,126.36000061035156,126.58000183105469,126.58000183105469,721710
2025-05-20 10:45:00,126.56999969482422,126.74099731445312,126.4802017211914,126.68499755859375,126.68499755859375,682258
2025-05-20 10:50:00,126.68000030517578,126.70999908447266,126.30000305175781,126.61000061035156,126.61000061035156,608876
2025-05-20 10:55:00,126.5999984741211,126.73999786376953,126.38999938964844,126.43199920654297,126.43199920654297,576427
2025-05-20 11:00:00,126.43000030517578,126.62999725341797,126.2699966430664,126.31999969482422,126.31999969482422,615153
2025-05-20 11:05:00,126.32990264892578,126.45999908447266,126.1500015258789,126.18920135498047,126.18920135498047,566064
2025-05-20 11:10:00,126.19000244140625,126.20500183105469,125.87999725341797,125.91000366210938,125.91000366210938,747745
2025-05-20 11:15:00,125.93000030517578,126.30000305175781,125.8499984741211,126.0999984741211,126.0999984741211,589762
2025-05-20 11:20:00,126.08000183105469,126.13749694824219,125.62999725341797,125.75,125.75,723288
2025-05-20 11:25:00,125.7300033569336,125.88999938964844,125.66500091552734,125.85459899902344,125.85459899902344,449501
2025-05-20 11:30:00,125.8499984741211,126.06999969482422,125.67009735107422,125.70500183105469,125.70500183105469,669396
2025-05-20 11:35:00,125.69999694824219,125.77999877929688,125.5,125.62999725341797,125.62999725341797,530712
2025-05-20 11:40:00,125.62000274658203,125.83000183105469,125.41000366210938,125.69000244140625,125.69000244140625,660397
2025-05-20 11:45:00,125.68049621582031,126.0,125.66000366210938,125.98999786376953,125.98999786376953,540427
2025-05-20 11:50:00,125.98999786376953,126.26000213623047,125.8499984741211,126.23999786376953,126.23999786376953,566517
2025-05-20 11:55:00,126.23999786376953,126.73999786376953,126.16000366210938,126.69999694824219,126.69999694824219,992349
2025-05-20 12:00:00,126.69999694824219,127.0,126.5199966430664,126.58090209960938,126.58090209960938,1541358
2025-05-20 12:05:00,126.58460235595703,126.69000244140625,126.30999755859375,126.55999755859375,126.55999755859375,673461
2025-05-20 12:10:00,126.56999969482422,126.66999816894531,126.28009796142578,126.3499984741211,126.3499984741211,365224
2025-05-20 12:15:00,126.33999633789062,126.4176025390625,126.16000366210938,126.30000305175781,126.30000305175781,414260
2025-05-20 12:20:00,126.30999755859375,126.45999908447266,126.0999984741211,126.11499786376953,126.11499786376953,466217
2025-05-20 12:25:00,126.11000061035156,126.33999633789062,126.08999633789062,126.20989990234375,126.20989990234375,321991
2025-05-20 12:30:00,126.19999694824219,126.58000183105469,126.16020202636719,126.48410034179688,126.48410034179688,520511
2025-05-20 12:35:00,126.4800033569336,126.5999984741211,126.42500305175781,126.5790023803711,126.5790023803711,367522
2025-05-20 12:40:00,126.58999633789062,126.61000061035156,126.43000030517578,126.5199966430664,126.5199966430664,341631
2025-05-20 12:45:00,126.5,126.5999984741211,126.4000015258789,126.4800033569336,126.4800033569336,273203
2025-05-20 12:50:00,126.48999786376953,126.58000183105469,126.43000030517578,126.49019622802734,126.49019622802734,230552
2025-05-20 12:55:00,126.48500061035156,126.5999984741211,126.44999694824219,126.47000122070312,126.47000122070312,200813
2025-05-20 13:00:00,126.4800033569336,126.61000061035156,126.46499633789062,126.56999969482422,126.56999969482422,309687
2025-05-20 13:05:00,126.55000305175781,126.5999984741211,126.5,126.55999755859375,126.55999755859375,260285
2025-05-20 13:10:00,126.56999969482422,126.72000122070312,126.49009704589844,126.6854019165039,126.6854019165039,498107
2025-05-20 13:15:00,126.68499755859375,126.69000244140625,126.48999786376953,126.52369689941406,126.52369689941406,352074
2025-05-20 13:20:00,126.5239028930664,126.55500030517578,126.05999755859375,126.41000366210938,126.41000366210938,834522
2025-05-20 13:25:00,126.43000030517578,126.69999694824219,126.42859649658203,126.6698989868164,126.6698989868164,426760
2025-05-20 13:30:00,126.66999816894531,126.70999908447266,126.5,126.63999938964844,126.63999938964844,429997
2025-05-20 13:35:00,126.66999816894531,126.70999908447266,126.55999755859375,126.62999725341797,126.62999725341797,367471
2025-05-20 13:40:00,126.62999725341797,126.64600372314453,126.51000213623047,126.55000305175781,126.55000305175781,208699
2025-05-20 13:45:00,126.52999877929688,126.55999755859375,126.39009857177734,126.4708023071289,126.4708023071289,291347
2025-05-20 13:50:00,126.44000244140625,126.62000274658203,126.33000183105469,126.5999984741211,126.5999984741211,381008
2025-05-20 13:55:00,126.5999984741211,126.61299896240234,126.37999725341797,126.48999786376953,126.48999786376953,289153
2025-05-20 14:00:00,126.47000122070312,126.58000183105469,126.35160064697266,126.37000274658203,126.37000274658203,283333
2025-05-20 14:05:00,126.37000274658203,126.47000122070312,126.23999786376953,126.30999755859375,126.30999755859375,387754
2025-05-20 14:10:00,126.31999969482422,126.47000122070312,126.1500015258789,126.26899719238281,126.26899719238281,346660
2025-05-20 14:15:00,126.2699966430664,126.43000030517578,126.25,126.4000015258789,126.4000015258789,377654
2025-05-20 14:20:00,126.3949966430664,126.43000030517578,125.93000030517578,126.12699890136719,126.12699890136719,552997
2025-05-20 14:25:00,126.11000061035156,126.28500366210938,125.76280212402344,125.87000274658203,125.87000274658203,512867
2025-05-20 14:30:00,125.87979888916016,126.18000030517578,125.78009796142578,126.12999725341797,126.12999725341797,559112
2025-05-20 14:35:00,126.12010192871094,126.33999633789062,126.00990295410156,126.26000213623047,126.26000213623047,476088
2025-05-20 14:40:00,126.26000213623047,126.30000305175781,125.87000274658203,126.08999633789062,126.08999633789062,505640
2025-05-20 14:45:00,126.08000183105469,126.13999938964844,125.75,125.81500244140625,125.81500244140625,461416
2025-05-20 14:50:00,125.81999969482422,126.09500122070312,125.78009796142578,125.93499755859375,125.93499755859375,410228
2025-05-20 14:55:00,125.93379974365234,126.19999694824219,125.9000015258789,126.1449966430664,126.1449966430664,399668
2025-05-20 15:00:00,126.12999725341797,126.18000030517578,125.4000015258789,125.45999908447266,125.45999908447266,766063
2025-05-20 15:05:00,125.4811019897461,125.77999877929688,125.25,125.68499755859375,125.68499755859375,696356
2025-05-20 15:10:00,125.68499755859375,125.93000030517578,125.61000061035156,125.86119842529297,125.86119842529297,451573
2025-05-20 15:15:00,125.86000061035156,126.08999633789062,125.7699966430664,126.04499816894531,126.04499816894531,377117
2025-05-20 15:20:00,126.04129791259766,126.37000274658203,126.01000213623047,126.34850311279297,126.34850311279297,554955
2025-05-20 15:25:00,126.34500122070312,126.53500366210938,126.29499816894531,126.40119934082031,126.40119934082031,655398
2025-05-20 15:30:00,126.40010070800781,126.6500015258789,126.3499984741211,126.40499877929688,126.40499877929688,965070
2025-05-20 15:35:00,126.4000015258789,126.5199966430664,126.26499938964844,126.38999938964844,126.38999938964844,524195
2025-05-20 15:40:00,126.4000015258789,126.48999786376953,125.93499755859375,125.94999694824219,125.94999694824219,647378
2025-05-20 15:45:00,125.95999908447266,126.07769775390625,125.66999816894531,125.77999877929688,125.77999877929688,712255
2025-05-20 15:50:00,125.75,125.91429901123047,125.61000061035156,125.67500305175781,125.67500305175781,959424
2025-05-20 15:55:00,125.66999816894531,125.67500305175781,125.44499969482422,125.62999725341797,125.62999725341797,1376192
2025-05-21 00:00:00,125.16000366210938,127.11000061035156,119.41000366210938,120.58000183105469,120.58000183105469,80657700
2025-05-21 09:30:00,125.16000366210938,127.11000061035156,125.0,126.69999694824219,126.69999694824219,4370014
2025-05-21 09:35:00,126.68000030517578,127.05999755859375,125.69000244140625,126.05500030517578,126.05500030517578,2159083
2025-05-21 09:40:00,126.04499816894531,126.32460021972656,125.7699966430664,126.0698013305664,126.0698013305664,1380178
2025-05-21 09:45:00,126.08499908447266,126.20999908447266,125.5199966430664,126.18009948730469,126.18009948730469,1166903
2025-05-21 09:50:00,126.18000030517578,126.18990325927734,125.43000030517578,125.7750015258789,125.7750015258789,1049847
2025-05-21 09:55:00,125.7699966430664,126.03970336914062,125.5999984741211,125.70999908447266,125.70999908447266,792315
2025-05-21 10:00:00,125.73999786376953,125.93000030517578,125.21009826660156,125.56749725341797,125.56749725341797,2165350
2025-05-21 10:05:00,125.59719848632812,125.72000122070312,125.13999938964844,125.32499694824219,125.32499694824219,796817
2025-05-21 10:10:00,125.32499694824219,125.3396987915039,124.55999755859375,124.88999938964844,124.88999938964844,1701678
2025-05-21 10:15:00,124.96990203857422,125.22000122070312,124.83999633789062,125.18499755859375,125.18499755859375,731904
2025-05-21 10:20:00,125.18000030517578,125.70999908447266,125.1500015258789,125.55000305175781,125.55000305175781,1101560
2025-05-21 10:25:00,125.5199966430664,125.5999984741211,125.03919982910156,125.03919982910156,125.03919982910156,986990
2025-05-21 10:30:00,125.05999755859375,125.33899688720703,124.80999755859375,124.8499984741211,124.8499984741211,619046
2025-05-21 10:35:00,124.87999725341797,125.23999786376953,124.5999984741211,125.19999694824219,125.19999694824219,1010332
2025-05-21 10:40:00,125.18000030517578,125.5199966430664,125.11000061035156,125.41110229492188,125.41110229492188,637977
2025-05-21 10:45:00,125.41000366210938,125.45999908447266,125.0999984741211,125.38999938964844,125.38999938964844,475549
2025-05-21 10:50:00,125.38999938964844,125.83999633789062,125.33999633789062,125.51000213623047,125.51000213623047,771238
2025-05-21 10:55:00,125.51000213623047,125.95999908447266,125.5,125.95500183105469,125.95500183105469,736928
2025-05-21 11:00:00,125.93000030517578,126.36000061035156,125.83999633789062,126.3395004272461,126.3395004272461,1092040
2025-05-21 11:05:00,126.33999633789062,126.75,126.19999694824219,126.73999786376953,126.73999786376953,1146377
2025-05-21 11:10:00,126.7300033569336,126.74980163574219,126.36000061035156,126.55020141601562,126.55020141601562,741735
2025-05-21 11:15:00,126.56999969482422,126.6500015258789,126.2699966430664,126.40019989013672,126.40019989013672,571923
2025-05-21 11:20:00,126.41000366210938,126.44940185546875,126.19999694824219,126.30000305175781,126.30000305175781,527757
2025-05-21 11:25:00,126.30000305175781,126.50990295410156,126.0696029663086,126.46499633789062,126.46499633789062,658104
2025-05-21 11:30:00,126.44499969482422,126.69999694824219,126.4000015258789,126.4800033569336,126.4800033569336,589334
2025-05-21 11:35:00,126.4749984741211,126.52999877929688,126.20960235595703,126.47000122070312,126.47000122070312,484837
2025-05-21 11:40:00,126.45999908447266,126.58000183105469,126.33499908447266,126.47019958496094,126.47019958496094,643068
2025-05-21 11:45:00,126.47000122070312,126.4979019165039,126.12000274658203,126.23999786376953,126.23999786376953,464685
2025-05-21 11:50:00,126.23999786376953,126.5,126.0999984741211,126.43000030517578,126.43000030517578,428245
2025-05-21 11:55:00,126.42500305175781,126.43000030517578,126.0999984741211,126.11499786376953,126.11499786376953,329635
2025-05-21 12:00:00,126.11499786376953,126.26499938964844,126.0199966430664,126.1500015258789,126.1500015258789,416362
2025-05-21 12:05:00,126.1500015258789,126.52999877929688,126.04000091552734,126.3949966430664,126.3949966430664,491155
2025-05-21 12:10:00,126.39559936523438,126.5,126.25,126.3635025024414,126.3635025024414,400650
2025-05-21 12:15:00,126.33999633789062,126.5199966430664,126.33000183105469,126.4800033569336,126.4800033569336,331804
2025-05-21 12:20:00,126.45999908447266,126.58999633789062,126.30000305175781,126.49530029296875,126.49530029296875,496949
2025-05-21 12:25:00,126.48999786376953,126.62000274658203,126.44100189208984,126.56670379638672,126.56670379638672,436331
2025-05-21 12:30:00,126.5510025024414,126.66000366210938,126.36519622802734,126.47000122070312,126.47000122070312,402719
2025-05-21 12:35:00,126.47000122070312,126.5,126.3407974243164,126.41000366210938,126.41000366210938,226513
2025-05-21 12:40:00,126.43000030517578,126.45999908447266,126.30000305175781,126.33000183105469,126.33000183105469,230179
2025-05-21 12:45:00,126.32209777832031,126.55000305175781,126.30999755859375,126.44010162353516,126.44010162353516,411662
2025-05-21 12:50:00,126.44000244140625,126.52999877929688,126.27999877929688,126.2926025390625,126.2926025390625,383410
2025-05-21 12:55:00,126.30580139160156,126.31009674072266,126.09010314941406,126.12000274658203,126.12000274658203,439318
2025-05-21 13:00:00,126.1500015258789,126.3198013305664,125.95999908447266,126.25,126.25,499774
2025-05-21 13:05:00,126.29499816894531,126.4000015258789,126.02999877929688,126.08499908447266,126.08499908447266,333066
2025-05-21 13:10:00,126.06999969482422,126.13279724121094,125.80000305175781,125.9198989868164,125.9198989868164,497429
2025-05-21 13:15:00,125.91000366210938,125.94499969482422,124.84010314941406,125.0907974243164,125.0907974243164,1134939
2025-05-21 13:20:00,125.08910369873047,125.11000061035156,123.3499984741211,123.44999694824219,123.44999694824219,2977984
2025-05-21 13:25:00,123.44499969482422,123.48999786376953,121.37999725341797,121.58999633789062,121.58999633789062,3015493
2025-05-21 13:30:00,121.5199966430664,123.0,120.77999877929688,122.54620361328125,122.54620361328125,2660332
2025-05-21 13:35:00,122.54499816894531,123.48999786376953,122.2699966430664,123.47000122070312,123.47000122070312,1474004
2025-05-21 13:40:00,123.45999908447266,123.47000122070312,122.67269897460938,122.7249984741211,122.7249984741211,1227737
2025-05-21 13:45:00,122.70999908447266,123.42500305175781,122.55000305175781,123.13500213623047,123.13500213623047,1132660
2025-05-21 13:50:00,123.1449966430664,123.2699966430664,122.45010375976562,122.70079803466797,122.70079803466797,892624
2025-05-21 13:55:00,122.6405029296875,122.70999908447266,122.2300033569336,122.66999816894531,122.66999816894531,992454
2025-05-21 14:00:00,122.66999816894531,122.75,122.27999877929688,122.62999725341797,122.62999725341797,666233
2025-05-21 14:05:00,122.67070007324219,123.5,122.51000213623047,123.48909759521484,123.48909759521484,765866
2025-05-21 14:10:00,123.49099731445312,123.55999755859375,122.87000274658203,123.04000091552734,123.04000091552734,695688
2025-05-21 14:15:00,123.0199966430664,123.3499984741211,122.91000366210938,123.27999877929688,123.27999877929688,523991
2025-05-21 14:20:00,123.29000091552734,123.30999755859375,122.66999816894531,122.78820037841797,122.78820037841797,632272
2025-05-21 14:25:00,122.75019836425781,123.19999694824219,122.75,123.1050033569336,123.1050033569336,536506
2025-05-21 14:30:00,123.0999984741211,123.31919860839844,122.88999938964844,123.01000213623047,123.01000213623047,677808
2025-05-21 14:35:00,123.02649688720703,123.37000274658203,122.91999816894531,123.12999725341797,123.12999725341797,447672
2025-05-21 14:40:00,123.13909912109375,123.25,122.94999694824219,123.18360137939453,123.18360137939453,410934
2025-05-21 14:45:00,123.19999694824219,123.20999908447266,122.45999908447266,122.50499725341797,122.50499725341797,532161
2025-05-21 14:50:00,122.4800033569336,122.73999786376953,122.30020141601562,122.32420349121094,122.32420349121094,524608
2025-05-21 14:55:00,122.31220245361328,122.41680145263672,122.0,122.15499877929688,122.15499877929688,955479
2025-05-21 15:00:00,122.16999816894531,122.24980163574219,121.86000061035156,121.88999938964844,121.88999938964844,871406
2025-05-21 15:05:00,121.9000015258789,121.98999786376953,120.875,120.88999938964844,120.88999938964844,1449632
2025-05-21 15:10:00,120.86540222167969,121.0199966430664,120.3499984741211,120.72000122070312,120.72000122070312,2178635
2025-05-21 15:15:00,120.7300033569336,120.88970184326172,119.41000366210938,119.68000030517578,119.68000030517578,2696679
2025-05-21 15:20:00,119.6760025024414,120.19999694824219,119.55999755859375,120.16999816894531,120.16999816894531,1582907
2025-05-21 15:25:00,120.15019989013672,120.36000061035156,119.92030334472656,120.18659973144531,120.18659973144531,1019335
2025-05-21 15:30:00,120.19000244140625,120.90499877929688,120.16500091552734,120.80000305175781,120.80000305175781,1253376
2025-05-21 15:35:00,120.80000305175781,121.27999877929688,120.65579986572266,121.24559783935547,121.24559783935547,1026262
2025-05-21 15:40:00,121.20999908447266,121.33999633789062,120.9000015258789,121.2218017578125,121.2218017578125,1017533
2025-05-21 15:45:00,121.19999694824219,121.41999816894531,121.0199966430664,121.11000061035156,121.11000061035156,887715
2025-05-21 15:50:00,121.12999725341797,121.37000274658203,120.41000366210938,120.51499938964844,120.51499938964844,1335163
2025-05-21 15:55:00,120.52999877929688,120.80000305175781,120.43000030517578,120.54000091552734,120.54000091552734,1816966
2025-05-22 00:00:00,121.94999694824219,126.33000183105469,121.375,122.29000091552734,122.29000091552734,75498300
2025-05-22 09:30:00,121.93000030517578,124.13999938964844,121.5999984741211,122.0082015991211,122.0082015991211,7439314
2025-05-22 09:35:00,122.0199966430664,122.76000213623047,121.70590209960938,122.31050109863281,122.31050109863281,1701421
2025-05-22 09:40:00,122.33000183105469,122.57990264892578,121.375,121.69000244140625,121.69000244140625,1408288
2025-05-22 09:45:00,121.7300033569336,122.26000213623047,121.69999694824219,122.24169921875,122.24169921875,1023305
2025-05-22 09:50:00,122.23500061035156,123.75,121.97000122070312,123.54000091552734,123.54000091552734,2010633
2025-05-22 09:55:00,123.55000305175781,124.62000274658203,123.44999694824219,124.26000213623047,124.26000213623047,2258056
2025-05-22 10:00:00,124.2300033569336,124.9800033569336,124.20999908447266,124.3499984741211,124.3499984741211,1812208
2025-05-22 10:05:00,124.35440063476562,124.51000213623047,123.72010040283203,124.16130065917969,124.16130065917969,1732493
2025-05-22 10:10:00,124.14679718017578,124.16999816894531,123.12999725341797,123.36499786376953,123.36499786376953,1259543
2025-05-22 10:15:00,123.35230255126953,124.13999938964844,123.05000305175781,124.01380157470703,124.01380157470703,1344410
2025-05-22 10:20:00,123.98999786376953,124.25,123.53009796142578,123.93000030517578,123.93000030517578,964715
2025-05-22 10:25:00,123.91000366210938,124.55000305175781,123.72000122070312,124.36000061035156,124.36000061035156,1200615
2025-05-22 10:30:00,124.3550033569336,124.58979797363281,123.96009826660156,124.44999694824219,124.44999694824219,812771
2025-05-22 10:35:00,124.43000030517578,124.62999725341797,124.04000091552734,124.20999908447266,124.20999908447266,939995
2025-05-22 10:40:00,124.21219635009766,124.94000244140625,124.12999725341797,124.6500015258789,124.6500015258789,1030180
2025-05-22 10:45:00,124.63999938964844,124.98999786376953,124.52999877929688,124.79239654541016,124.79239654541016,941683
2025-05-22 10:50:00,124.80000305175781,124.87000274658203,123.8468017578125,123.98290252685547,123.98290252685547,1250077
2025-05-22 10:55:00,123.97000122070312,124.19999694824219,123.58000183105469,124.15499877929688,124.15499877929688,1051467
2025-05-22 11:00:00,124.19999694824219,124.87999725341797,124.14779663085938,124.7864990234375,124.7864990234375,846091
2025-05-22 11:05:00,124.80999755859375,124.95069885253906,124.4303970336914,124.94000244140625,124.94000244140625,793036
2025-05-22 11:10:00,124.91999816894531,125.53500366210938,124.87999725341797,125.37590026855469,125.37590026855469,1414829
2025-05-22 11:15:00,125.3749008178711,125.51499938964844,125.0,125.50499725341797,125.50499725341797,836725
2025-05-22 11:20:00,125.5199966430664,126.33000183105469,125.47000122070312,126.23500061035156,126.23500061035156,1623882
2025-05-22 11:25:00,126.23500061035156,126.30999755859375,125.80999755859375,125.83999633789062,125.83999633789062,1370953
2025-05-22 11:30:00,125.83999633789062,126.18009948730469,125.77999877929688,126.11000061035156,126.11000061035156,858995
2025-05-22 11:35:00,126.14630126953125,126.21990203857422,125.83000183105469,125.9000015258789,125.9000015258789,662316
2025-05-22 11:40:00,125.875,125.91999816894531,125.43499755859375,125.79000091552734,125.79000091552734,986628
2025-05-22 11:45:00,125.79010009765625,126.04499816894531,125.63999938964844,125.69000244140625,125.69000244140625,634746
2025-05-22 11:50:00,125.69000244140625,125.86000061035156,125.5199966430664,125.68009948730469,125.68009948730469,519419
2025-05-22 11:55:00,125.63999938964844,125.95999908447266,125.4801025390625,125.94840240478516,125.94840240478516,552157
2025-05-22 12:00:00,125.94999694824219,126.0,125.61000061035156,125.66000366210938,125.66000366210938,412058
2025-05-22 12:05:00,125.66999816894531,125.8187026977539,125.30000305175781,125.68000030517578,125.68000030517578,1405605
2025-05-22 12:10:00,125.63999938964844,125.79000091552734,125.4800033569336,125.68000030517578,125.68000030517578,531896
2025-05-22 12:15:00,125.70999908447266,125.97000122070312,125.44000244140625,125.47989654541016,125.47989654541016,574261
2025-05-22 12:20:00,125.45999908447266,125.48999786376953,125.19000244140625,125.31749725341797,125.31749725341797,581069
2025-05-22 12:25:00,125.31729888916016,125.4010009765625,125.0602035522461,125.20500183105469,125.20500183105469,554280
2025-05-22 12:30:00,125.22000122070312,125.28990173339844,124.9800033569336,125.08999633789062,125.08999633789062,711239
2025-05-22 12:35:00,125.0999984741211,125.41999816894531,125.06999969482422,125.35639953613281,125.35639953613281,630672
2025-05-22 12:40:00,125.34549713134766,125.5,125.2030029296875,125.2300033569336,125.2300033569336,588635
2025-05-22 12:45:00,125.23999786376953,125.23999786376953,124.91999816894531,125.05500030517578,125.05500030517578,546913
2025-05-22 12:50:00,125.08000183105469,125.41999816894531,124.95999908447266,125.3499984741211,125.3499984741211,523581
2025-05-22 12:55:00,125.3550033569336,125.38970184326172,124.9800033569336,125.08999633789062,125.08999633789062,501161
2025-05-22 13:00:00,125.12000274658203,125.2562026977539,124.87999725341797,125.05999755859375,125.05999755859375,438124
2025-05-22 13:05:00,125.06999969482422,125.23999786376953,124.69999694824219,124.72000122070312,124.72000122070312,576707
2025-05-22 13:10:00,124.70169830322266,124.88999938964844,124.5999984741211,124.75,124.75,570834
2025-05-22 13:15:00,124.75,125.30000305175781,124.73999786376953,124.86000061035156,124.86000061035156,861500
2025-05-22 13:20:00,124.87999725341797,125.1343994140625,124.7699966430664,125.10040283203125,125.10040283203125,578983
2025-05-22 13:25:00,125.097900390625,125.27989959716797,124.85240173339844,124.91329956054688,124.91329956054688,511540
2025-05-22 13:30:00,124.91000366210938,124.94999694824219,124.54000091552734,124.79000091552734,124.79000091552734,503794
2025-05-22 13:35:00,124.77999877929688,124.89080047607422,124.66000366210938,124.87000274658203,124.87000274658203,367816
2025-05-22 13:40:00,124.87999725341797,125.04930114746094,124.87999725341797,124.9800033569336,124.9800033569336,409348
2025-05-22 13:45:00,125.01000213623047,125.30000305175781,124.87000274658203,125.27999877929688,125.27999877929688,796075
2025-05-22 13:50:00,125.29759979248047,125.45500183105469,125.11000061035156,125.18499755859375,125.18499755859375,440314
2025-05-22 13:55:00,125.20999908447266,125.41739654541016,125.16470336914062,125.30999755859375,125.30999755859375,353548
2025-05-22 14:00:00,125.30999755859375,125.41999816894531,125.14009857177734,125.19999694824219,125.19999694824219,419422
2025-05-22 14:05:00,125.19300079345703,125.27780151367188,125.11000061035156,125.19969940185547,125.19969940185547,331059
2025-05-22 14:10:00,125.19000244140625,125.25,125.0509033203125,125.18000030517578,125.18000030517578,328231
2025-05-22 14:15:00,125.19000244140625,125.31999969482422,125.08000183105469,125.29000091552734,125.29000091552734,481918
2025-05-22 14:20:00,125.27020263671875,125.33999633789062,124.83000183105469,124.88569641113281,124.88569641113281,1469216
2025-05-22 14:25:00,124.87999725341797,124.94000244140625,124.58999633789062,124.72000122070312,124.72000122070312,507854
2025-05-22 14:30:00,124.72000122070312,125.12000274658203,124.63999938964844,125.04000091552734,125.04000091552734,455582
2025-05-22 14:35:00,125.02999877929688,125.12999725341797,124.94000244140625,124.97000122070312,124.97000122070312,346015
2025-05-22 14:40:00,124.96499633789062,125.06999969482422,124.81500244140625,124.94989776611328,124.94989776611328,384269
2025-05-22 14:45:00,124.94999694824219,125.17990112304688,124.89700317382812,124.93360137939453,124.93360137939453,630026
2025-05-22 14:50:00,124.94599914550781,125.06900024414062,124.88999938964844,124.9207992553711,124.9207992553711,226885
2025-05-22 14:55:00,124.9208984375,125.13999938964844,124.80000305175781,124.86000061035156,124.86000061035156,368517
2025-05-22 15:00:00,124.87989807128906,125.0697021484375,124.83000183105469,124.91999816894531,124.91999816894531,262599
2025-05-22 15:05:00,124.91000366210938,125.04000091552734,124.53700256347656,124.54000091552734,124.54000091552734,663788
2025-05-22 15:10:00,124.54000091552734,124.72000122070312,124.37999725341797,124.68009948730469,124.68009948730469,593616
2025-05-22 15:15:00,124.68000030517578,124.70999908447266,124.37989807128906,124.38999938964844,124.38999938964844,329386
2025-05-22 15:20:00,124.4000015258789,124.5999984741211,124.31999969482422,124.34329986572266,124.34329986572266,460634
2025-05-22 15:25:00,124.3499984741211,124.80650329589844,124.3499984741211,124.66000366210938,124.66000366210938,494299
2025-05-22 15:30:00,124.66999816894531,124.76000213623047,124.31220245361328,124.41000366210938,124.41000366210938,532724
2025-05-22 15:35:00,124.43900299072266,124.50990295410156,124.05999755859375,124.1594009399414,124.1594009399414,648777
2025-05-22 15:40:00,124.1500015258789,124.2300033569336,123.76000213623047,123.87000274658203,123.87000274658203,926068
2025-05-22 15:45:00,123.8499984741211,124.05989837646484,123.61000061035156,123.97000122070312,123.97000122070312,883831
2025-05-22 15:50:00,123.9800033569336,124.0999984741211,123.29000091552734,123.43000030517578,123.43000030517578,1478384
2025-05-22 15:55:00,123.44999694824219,123.5199966430664,122.11900329589844,122.29000091552734,122.29000091552734,2818216
2025-05-23 00:00:00,120.87999725341797,125.54000091552734,120.68000030517578,123.30999755859375,123.30999755859375,65905800
2025-05-23 09:30:00,120.91000366210938,122.8499984741211,120.69000244140625,122.54000091552734,122.54000091552734,7121651
2025-05-23 09:35:00,122.55500030517578,122.75,121.9000015258789,122.07499694824219,122.07499694824219,1760540
2025-05-23 09:40:00,122.0199966430664,122.17939758300781,121.47000122070312,121.66999816894531,121.66999816894531,1319395
2025-05-23 09:45:00,121.70999908447266,121.7300033569336,120.98200225830078,121.29000091552734,121.29000091552734,1348288
2025-05-23 09:50:00,121.29049682617188,121.7699966430664,121.0250015258789,121.58989715576172,121.58989715576172,1363501
2025-05-23 09:55:00,121.55970001220703,121.94000244140625,121.41999816894531,121.87000274658203,121.87000274658203,974304
2025-05-23 10:00:00,121.9000015258789,122.73999786376953,121.83760070800781,122.60649871826172,122.60649871826172,1484899
2025-05-23 10:05:00,122.58999633789062,123.1500015258789,122.3499984741211,123.05770111083984,123.05770111083984,1516556
2025-05-23 10:10:00,123.05000305175781,123.68000030517578,122.87000274658203,123.54000091552734,123.54000091552734,1718508
2025-05-23 10:15:00,123.54000091552734,123.59929656982422,122.7300033569336,122.75559997558594,122.75559997558594,1123795
2025-05-23 10:20:00,122.76499938964844,123.22989654541016,122.51000213623047,123.19979858398438,123.19979858398438,1061156
2025-05-23 10:25:00,123.20500183105469,123.44950103759766,122.8499984741211,123.07769775390625,123.07769775390625,809752
2025-05-23 10:30:00,123.08499908447266,123.34989929199219,122.9000015258789,123.23999786376953,123.23999786376953,704871
2025-05-23 10:35:00,123.26000213623047,123.48999786376953,123.06999969482422,123.33000183105469,123.33000183105469,788109
2025-05-23 10:40:00,123.3499984741211,123.55999755859375,122.86499786376953,123.04499816894531,123.04499816894531,1243965
2025-05-23 10:45:00,123.04969787597656,123.15969848632812,122.63999938964844,122.86000061035156,122.86000061035156,627693
2025-05-23 10:50:00,122.8301010131836,123.00980377197266,122.6261978149414,122.80989837646484,122.80989837646484,536933
2025-05-23 10:55:00,122.80999755859375,122.88999938964844,122.48999786376953,122.50499725341797,122.50499725341797,501005
2025-05-23 11:00:00,122.54000091552734,123.0,122.5,122.79000091552734,122.79000091552734,529444
2025-05-23 11:05:00,122.80970001220703,122.9000015258789,122.30000305175781,122.70989990234375,122.70989990234375,675472
2025-05-23 11:10:00,122.7157974243164,122.8499984741211,122.37999725341797,122.5199966430664,122.5199966430664,538710
2025-05-23 11:15:00,122.5199966430664,122.62999725341797,122.16220092773438,122.50499725341797,122.50499725341797,572787
2025-05-23 11:20:00,122.51000213623047,122.80000305175781,122.49030303955078,122.72000122070312,122.72000122070312,445880
2025-05-23 11:25:00,122.71920013427734,122.77999877929688,122.44999694824219,122.62000274658203,122.62000274658203,311402
2025-05-23 11:30:00,122.62999725341797,123.0,122.58999633789062,122.94999694824219,122.94999694824219,524913
2025-05-23 11:35:00,122.97000122070312,123.08979797363281,122.63999938964844,122.74870300292969,122.74870300292969,513300
2025-05-23 11:40:00,122.76300048828125,122.89689636230469,122.66000366210938,122.75,122.75,282134
2025-05-23 11:45:00,122.7699966430664,122.81999969482422,122.56999969482422,122.69999694824219,122.69999694824219,267357
2025-05-23 11:50:00,122.68280029296875,122.74400329589844,122.33000183105469,122.41999816894531,122.41999816894531,397518
2025-05-23 11:55:00,122.43000030517578,122.4800033569336,122.25,122.31819915771484,122.31819915771484,448776
2025-05-23 12:00:00,122.33499908447266,122.83940124511719,122.30000305175781,122.41000366210938,122.41000366210938,533625
2025-05-23 12:05:00,122.38999938964844,122.62699890136719,122.27010345458984,122.47000122070312,122.47000122070312,517325
2025-05-23 12:10:00,122.46499633789062,122.58999633789062,122.30000305175781,122.3949966430664,122.3949966430664,207225
2025-05-23 12:15:00,122.43000030517578,122.49800109863281,122.25,122.27999877929688,122.27999877929688,246546
2025-05-23 12:20:00,122.29750061035156,122.58989715576172,122.25,122.53500366210938,122.53500366210938,321640
2025-05-23 12:25:00,122.55000305175781,122.70999908447266,122.45999908447266,122.62999725341797,122.62999725341797,245833
2025-05-23 12:30:00,122.5801010131836,122.58499908447266,122.29669952392578,122.51000213623047,122.51000213623047,387302
2025-05-23 12:35:00,122.51000213623047,122.9365005493164,122.51000213623047,122.9000015258789,122.9000015258789,448347
2025-05-23 12:40:00,122.91000366210938,122.97989654541016,122.75,122.93499755859375,122.93499755859375,391255
2025-05-23 12:45:00,122.94499969482422,123.4000015258789,122.92500305175781,123.375,123.375,712022
2025-05-23 12:50:00,123.38999938964844,123.52999877929688,123.3499984741211,123.47000122070312,123.47000122070312,583789
2025-05-23 12:55:00,123.44000244140625,123.51959991455078,123.1500015258789,123.34500122070312,123.34500122070312,436195
2025-05-23 13:00:00,123.33000183105469,123.69999694824219,123.26100158691406,123.68000030517578,123.68000030517578,520534
2025-05-23 13:05:00,123.67939758300781,124.16000366210938,123.6239013671875,124.10030364990234,124.10030364990234,843617
2025-05-23 13:10:00,124.1050033569336,124.37000274658203,123.93000030517578,124.04000091552734,124.04000091552734,950518
2025-05-23 13:15:00,124.02999877929688,124.48999786376953,123.93000030517578,124.37760162353516,124.37760162353516,778807
2025-05-23 13:20:00,124.36009979248047,124.5999984741211,124.12999725341797,124.55000305175781,124.55000305175781,733174
2025-05-23 13:25:00,124.54000091552734,124.93000030517578,124.5,124.88159942626953,124.88159942626953,819262
2025-05-23 13:30:00,124.87000274658203,124.87999725341797,124.56999969482422,124.66929626464844,124.66929626464844,556836
2025-05-23 13:35:00,124.66000366210938,125.0198974609375,124.5604019165039,124.78009796142578,124.78009796142578,850689
2025-05-23 13:40:00,124.77999877929688,124.93000030517578,124.5999984741211,124.88999938964844,124.88999938964844,627737
2025-05-23 13:45:00,124.88999938964844,125.05000305175781,124.77040100097656,124.88999938964844,124.88999938964844,535656
2025-05-23 13:50:00,124.87999725341797,125.1500015258789,124.8499984741211,125.07990264892578,125.07990264892578,666469
2025-05-23 13:55:00,125.05999755859375,125.33000183105469,124.95999908447266,125.26640319824219,125.26640319824219,961257
2025-05-23 14:00:00,125.27200317382812,125.29000091552734,125.07009887695312,125.23999786376953,125.23999786376953,550300
2025-05-23 14:05:00,125.222900390625,125.54000091552734,125.13999938964844,125.43000030517578,125.43000030517578,891181
2025-05-23 14:10:00,125.43499755859375,125.43499755859375,125.02999877929688,125.22000122070312,125.22000122070312,613770
2025-05-23 14:15:00,125.20999908447266,125.27999877929688,124.81999969482422,124.87000274658203,124.87000274658203,650779
2025-05-23 14:20:00,124.8499984741211,124.93000030517578,124.52999877929688,124.88999938964844,124.88999938964844,842003
2025-05-23 14:25:00,124.90049743652344,125.0199966430664,124.54000091552734,124.5999984741211,124.5999984741211,585087
2025-05-23 14:30:00,124.58999633789062,124.79000091552734,124.56009674072266,124.65989685058594,124.65989685058594,351854
2025-05-23 14:35:00,124.66000366210938,124.83200073242188,124.41000366210938,124.44000244140625,124.44000244140625,511568
2025-05-23 14:40:00,124.44999694824219,124.560302734375,124.33999633789062,124.43319702148438,124.43319702148438,517423
2025-05-23 14:45:00,124.43499755859375,124.6697998046875,124.27359771728516,124.62999725341797,124.62999725341797,464928
2025-05-23 14:50:00,124.63500213623047,124.83999633789062,124.61280059814453,124.62000274658203,124.62000274658203,926658
2025-05-23 14:55:00,124.63400268554688,124.79000091552734,124.56999969482422,124.69000244140625,124.69000244140625,466860
2025-05-23 15:00:00,124.68000030517578,124.75,124.18000030517578,124.24629974365234,124.24629974365234,515880
2025-05-23 15:05:00,124.23500061035156,124.52999877929688,124.17500305175781,124.39730072021484,124.39730072021484,434841
2025-05-23 15:10:00,124.4000015258789,124.66000366210938,124.36100006103516,124.41000366210938,124.41000366210938,452304
2025-05-23 15:15:00,124.40499877929688,124.47000122070312,124.11000061035156,124.16999816894531,124.16999816894531,584392
2025-05-23 15:20:00,124.16000366210938,124.18939971923828,123.81999969482422,124.08000183105469,124.08000183105469,847331
2025-05-23 15:25:00,124.08000183105469,124.11000061035156,123.66999816894531,124.060302734375,124.060302734375,672654
2025-05-23 15:30:00,124.05999755859375,124.31400299072266,123.93000030517578,124.27999877929688,124.27999877929688,709247
2025-05-23 15:35:00,124.2699966430664,124.30999755859375,124.05999755859375,124.29000091552734,124.29000091552734,431444
2025-05-23 15:40:00,124.2699966430664,124.29000091552734,124.02999877929688,124.2300033569336,124.2300033569336,500826
2025-05-23 15:45:00,124.19999694824219,124.37000274658203,123.87000274658203,123.9800033569336,123.9800033569336,629990
2025-05-23 15:50:00,123.98999786376953,124.04000091552734,123.41000366210938,123.61000061035156,123.61000061035156,1025287
2025-05-23 15:55:00,123.58000183105469,123.58000183105469,123.11000061035156,123.33000183105469,123.33000183105469,1937081
2025-05-27 00:00:00,126.81999969482422,127.87999725341797,120.87999725341797,123.38999938964844,123.38999938964844,86455200
2025-05-27 09:30:00,126.88500213623047,127.87999725341797,126.15010070800781,126.5999984741211,126.5999984741211,6452930
2025-05-27 09:35:00,126.55999755859375,126.84989929199219,125.11000061035156,125.31999969482422,125.31999969482422,2341188
2025-05-27 09:40:00,125.31999969482422,126.00599670410156,124.5199966430664,125.08999633789062,125.08999633789062,2802109
2025-05-27 09:45:00,125.06999969482422,125.87000274658203,125.03500366210938,125.13030242919922,125.13030242919922,1922748
2025-05-27 09:50:00,125.16000366210938,125.94999694824219,124.84120178222656,125.91000366210938,125.91000366210938,1463135
2025-05-27 09:55:00,125.92990112304688,126.18000030517578,125.73999786376953,125.94499969482422,125.94499969482422,1251500
2025-05-27 10:00:00,125.95999908447266,126.69999694824219,125.91999816894531,126.66999816894531,126.66999816894531,1348347
2025-05-27 10:05:00,126.6626968383789,126.95999908447266,126.22000122070312,126.5199966430664,126.5199966430664,1507847
2025-05-27 10:10:00,126.52999877929688,126.8499984741211,126.3499984741211,126.73999786376953,126.73999786376953,971548
2025-05-27 10:15:00,126.73930358886719,127.19999694824219,126.66339874267578,126.93000030517578,126.93000030517578,1319752
2025-05-27 10:20:00,126.91010284423828,126.97979736328125,126.43000030517578,126.58999633789062,126.58999633789062,937321
2025-05-27 10:25:00,126.59970092773438,126.5999984741211,126.22000122070312,126.40679931640625,126.40679931640625,949269
2025-05-27 10:30:00,126.44999694824219,126.87999725341797,126.37999725341797,126.61499786376953,126.61499786376953,910695
2025-05-27 10:35:00,126.5999984741211,126.69920349121094,126.06999969482422,126.30999755859375,126.30999755859375,801981
2025-05-27 10:40:00,126.29000091552734,126.30999755859375,125.70999908447266,125.94000244140625,125.94000244140625,1030014
2025-05-27 10:45:00,125.93000030517578,126.05000305175781,125.66010284423828,125.76390075683594,125.76390075683594,654671
2025-05-27 10:50:00,125.76499938964844,125.8499984741211,125.33999633789062,125.59919738769531,125.59919738769531,838814
2025-05-27 10:55:00,125.59259796142578,125.80999755859375,125.31999969482422,125.54979705810547,125.54979705810547,699570
2025-05-27 11:00:00,125.55000305175781,125.94999694824219,125.44000244140625,125.94000244140625,125.94000244140625,688688
2025-05-27 11:05:00,125.94129943847656,125.94999694824219,125.61000061035156,125.87999725341797,125.87999725341797,525359
2025-05-27 11:10:00,125.88500213623047,126.09500122070312,125.63999938964844,125.72000122070312,125.72000122070312,679259
2025-05-27 11:15:00,125.72920227050781,126.0199966430664,125.48999786376953,125.93000030517578,125.93000030517578,635163
2025-05-27 11:20:00,125.93000030517578,125.93000030517578,125.16999816894531,125.46990203857422,125.46990203857422,908992
2025-05-27 11:25:00,125.45189666748047,125.4749984741211,124.91999816894531,125.0999984741211,125.0999984741211,929051
2025-05-27 11:30:00,125.08999633789062,125.45999908447266,124.9800033569336,125.22039794921875,125.22039794921875,908353
2025-05-27 11:35:00,125.22000122070312,125.4000015258789,125.05229949951172,125.11009979248047,125.11009979248047,598831
2025-05-27 11:40:00,125.11009979248047,125.12999725341797,124.30000305175781,124.3550033569336,124.3550033569336,1198352
2025-05-27 11:45:00,124.35990142822266,124.7699966430664,124.31999969482422,124.73999786376953,124.73999786376953,802133
2025-05-27 11:50:00,124.73210144042969,125.0,124.69000244140625,124.88619995117188,124.88619995117188,871297
2025-05-27 11:55:00,124.88619995117188,124.97000122070312,124.58000183105469,124.80989837646484,124.80989837646484,672396
2025-05-27 12:00:00,124.80000305175781,124.97969818115234,124.41999816894531,124.5199966430664,124.5199966430664,595722
2025-05-27 12:05:00,124.51730346679688,124.54000091552734,124.22000122070312,124.29000091552734,124.29000091552734,695691
2025-05-27 12:10:00,124.29090118408203,124.44499969482422,123.25,123.45500183105469,123.45500183105469,1837613
2025-05-27 12:15:00,123.45610046386719,123.96990203857422,123.43000030517578,123.9220962524414,123.9220962524414,1082957
2025-05-27 12:20:00,123.91999816894531,124.1500015258789,123.69999694824219,123.83429718017578,123.83429718017578,961158
2025-05-27 12:25:00,123.81999969482422,123.8499984741211,122.5999984741211,122.69999694824219,122.69999694824219,1781712
2025-05-27 12:30:00,122.69999694824219,122.79000091552734,120.87999725341797,121.07029724121094,121.07029724121094,2931170
2025-05-27 12:35:00,121.08999633789062,121.91000366210938,120.94000244140625,121.80010223388672,121.80010223388672,2739662
2025-05-27 12:40:00,121.82119750976562,122.19000244140625,121.4030990600586,122.05999755859375,122.05999755859375,1771720
2025-05-27 12:45:00,122.08999633789062,122.44999694824219,121.93499755859375,122.44989776611328,122.44989776611328,1184189
2025-05-27 12:50:00,122.44999694824219,123.08999633789062,122.43000030517578,123.05999755859375,123.05999755859375,1482698
2025-05-27 12:55:00,123.03500366210938,123.13980102539062,122.25,122.37999725341797,122.37999725341797,1427953
2025-05-27 13:00:00,122.37000274658203,122.4198989868164,121.62999725341797,121.77999877929688,121.77999877929688,1245890
2025-05-27 13:05:00,121.81009674072266,122.87999725341797,121.55999755859375,122.76000213623047,122.76000213623047,1240238
2025-05-27 13:10:00,122.76959991455078,123.05000305175781,122.625,123.0,123.0,915262
2025-05-27 13:15:00,123.01000213623047,123.54000091552734,122.95999908447266,123.45919799804688,123.45919799804688,1081242
2025-05-27 13:20:00,123.47010040283203,123.52970123291016,123.06500244140625,123.4800033569336,123.4800033569336,1045954
2025-05-27 13:25:00,123.48210144042969,123.72000122070312,123.06999969482422,123.31999969482422,123.31999969482422,928012
2025-05-27 13:30:00,123.32499694824219,123.32499694824219,122.80000305175781,123.08000183105469,123.08000183105469,752672
2025-05-27 13:35:00,123.08999633789062,123.3550033569336,122.98040008544922,123.31999969482422,123.31999969482422,536659
2025-05-27 13:40:00,123.30970001220703,123.44999694824219,123.13999938964844,123.32499694824219,123.32499694824219,524890
2025-05-27 13:45:00,123.31999969482422,123.35780334472656,122.94999694824219,123.26000213623047,123.26000213623047,665638
2025-05-27 13:50:00,123.25920104980469,123.26000213623047,122.95999908447266,123.16000366210938,123.16000366210938,399621
2025-05-27 13:55:00,123.16999816894531,123.23999786376953,122.87000274658203,123.00499725341797,123.00499725341797,472805
2025-05-27 14:00:00,123.00499725341797,123.1500015258789,122.33540344238281,122.55000305175781,122.55000305175781,850585
2025-05-27 14:05:00,122.55999755859375,122.6082992553711,122.37999725341797,122.44999694824219,122.44999694824219,467759
2025-05-27 14:10:00,122.44999694824219,122.5199966430664,122.11530303955078,122.28389739990234,122.28389739990234,621294
2025-05-27 14:15:00,122.29000091552734,122.47000122070312,122.22000122070312,122.32839965820312,122.32839965820312,429264
2025-05-27 14:20:00,122.31999969482422,122.33999633789062,121.95999908447266,122.33999633789062,122.33999633789062,796175
2025-05-27 14:25:00,122.32019805908203,122.58000183105469,122.30000305175781,122.38079833984375,122.38079833984375,571762
2025-05-27 14:30:00,122.38999938964844,122.69999694824219,122.36000061035156,122.48999786376953,122.48999786376953,550291
2025-05-27 14:35:00,122.48999786376953,122.94000244140625,122.47019958496094,122.87999725341797,122.87999725341797,546479
2025-05-27 14:40:00,122.87999725341797,122.88999938964844,122.4000015258789,122.61979675292969,122.61979675292969,576047
2025-05-27 14:45:00,122.61000061035156,122.8499984741211,122.61000061035156,122.79889678955078,122.79889678955078,409517
2025-05-27 14:50:00,122.785400390625,122.84600067138672,122.56999969482422,122.6510009765625,122.6510009765625,372747
2025-05-27 14:55:00,122.66999816894531,122.68000030517578,122.3499984741211,122.489501953125,122.489501953125,511836
2025-05-27 15:00:00,122.45999908447266,122.83000183105469,122.27999877929688,122.80999755859375,122.80999755859375,554583
2025-05-27 15:05:00,122.80000305175781,123.06999969482422,122.75,122.98999786376953,122.98999786376953,493326
2025-05-27 15:10:00,122.9800033569336,122.9800033569336,122.55999755859375,122.56999969482422,122.56999969482422,553126
2025-05-27 15:15:00,122.56999969482422,122.79000091552734,122.4000015258789,122.69000244140625,122.69000244140625,671349
2025-05-27 15:20:00,122.69000244140625,122.95500183105469,122.5999984741211,122.87000274658203,122.87000274658203,518058
2025-05-27 15:25:00,122.87010192871094,123.20500183105469,122.77999877929688,123.05020141601562,123.05020141601562,648317
2025-05-27 15:30:00,123.08989715576172,123.0999984741211,122.6500015258789,122.83000183105469,122.83000183105469,1153479
2025-05-27 15:35:00,122.8499984741211,123.08999633789062,122.6801986694336,123.00990295410156,123.00990295410156,614923
2025-05-27 15:40:00,123.0,123.01000213623047,122.66000366210938,122.7300033569336,122.7300033569336,703043
2025-05-27 15:45:00,122.73500061035156,122.75,122.4000015258789,122.55010223388672,122.55010223388672,954928
2025-05-27 15:50:00,122.55999755859375,123.2300033569336,122.46009826660156,123.19000244140625,123.19000244140625,1223132
2025-05-27 15:55:00,123.18000030517578,123.43000030517578,123.05999755859375,123.36009979248047,123.36009979248047,2148587
2025-05-28 00:00:00,124.2300033569336,125.6500015258789,122.91000366210938,123.76000213623047,123.76000213623047,64866000
2025-05-28 09:30:00,124.2300033569336,125.6500015258789,124.01000213623047,124.88999938964844,124.88999938964844,5112567
2025-05-28 09:35:00,124.8949966430664,125.56999969482422,124.19000244140625,124.63500213623047,124.63500213623047,2724557
2025-05-28 09:40:00,124.63939666748047,124.7699966430664,123.7300033569336,124.2699966430664,124.2699966430664,1850295
2025-05-28 09:45:00,124.2699966430664,124.4800033569336,123.81999969482422,124.29000091552734,124.29000091552734,1229911
2025-05-28 09:50:00,124.30000305175781,125.46990203857422,124.04499816894531,124.83999633789062,124.83999633789062,1985631
2025-05-28 09:55:00,124.87000274658203,124.9198989868164,122.91000366210938,123.37999725341797,123.37999725341797,2133662
2025-05-28 10:00:00,123.36000061035156,124.31999969482422,123.30000305175781,124.24590301513672,124.24590301513672,1466960
2025-05-28 10:05:00,124.2699966430664,125.06310272216797,124.21189880371094,124.93009948730469,124.93009948730469,1588774
2025-05-28 10:10:00,124.92469787597656,125.17990112304688,124.43499755859375,125.09549713134766,125.09549713134766,1749976
2025-05-28 10:15:00,125.0999984741211,125.30500030517578,124.83999633789062,125.0198974609375,125.0198974609375,1502558
2025-05-28 10:20:00,125.02999877929688,125.52999877929688,124.5999984741211,125.30500030517578,125.30500030517578,1705986
2025-05-28 10:25:00,125.30999755859375,125.3499984741211,124.76000213623047,125.12000274658203,125.12000274658203,1257967
2025-05-28 10:30:00,125.12999725341797,125.30999755859375,124.81999969482422,124.8373031616211,124.8373031616211,1121030
2025-05-28 10:35:00,124.8499984741211,125.27999877929688,124.75,125.010498046875,125.010498046875,973971
2025-05-28 10:40:00,125.02999877929688,125.1500015258789,124.61000061035156,124.80000305175781,124.80000305175781,772497
2025-05-28 10:45:00,124.80000305175781,125.16999816894531,124.3219985961914,125.16000366210938,125.16000366210938,1095583
2025-05-28 10:50:00,125.1449966430664,125.27999877929688,124.72019958496094,125.08999633789062,125.08999633789062,812912
2025-05-28 10:55:00,125.08999633789062,125.19999694824219,124.5999984741211,124.79499816894531,124.79499816894531,615993
2025-05-28 11:00:00,124.77999877929688,125.20999908447266,124.59020233154297,125.19989776611328,125.19989776611328,734496
2025-05-28 11:05:00,125.19999694824219,125.22139739990234,124.9000015258789,125.05010223388672,125.05010223388672,431512
2025-05-28 11:10:00,125.04000091552734,125.44000244140625,124.86000061035156,125.05010223388672,125.05010223388672,937695
2025-05-28 11:15:00,125.06439971923828,125.13999938964844,124.88130187988281,124.93000030517578,124.93000030517578,549270
2025-05-28 11:20:00,124.95999908447266,125.08999633789062,124.70999908447266,124.87989807128906,124.87989807128906,532084
2025-05-28 11:25:00,124.83999633789062,124.88990020751953,124.41999816894531,124.55000305175781,124.55000305175781,863560
2025-05-28 11:30:00,124.58000183105469,124.68000030517578,124.31999969482422,124.37999725341797,124.37999725341797,516793
2025-05-28 11:35:00,124.38739776611328,124.48979949951172,123.98999786376953,124.36000061035156,124.36000061035156,973110
2025-05-28 11:40:00,124.36000061035156,124.66999816894531,124.23999786376953,124.62999725341797,124.62999725341797,575665
2025-05-28 11:45:00,124.62000274658203,124.97000122070312,124.61000061035156,124.76000213623047,124.76000213623047,582361
2025-05-28 11:50:00,124.75,124.83000183105469,124.62000274658203,124.73079681396484,124.73079681396484,304616
2025-05-28 11:55:00,124.70020294189453,124.73500061035156,124.2300033569336,124.27749633789062,124.27749633789062,518617
2025-05-28 12:00:00,124.29000091552734,124.5199966430664,124.20999908447266,124.45500183105469,124.45500183105469,615930
2025-05-28 12:05:00,124.44999694824219,124.8499984741211,124.43000030517578,124.70079803466797,124.70079803466797,537403
2025-05-28 12:10:00,124.70500183105469,124.93000030517578,124.56999969482422,124.9126968383789,124.9126968383789,439955
2025-05-28 12:15:00,124.91999816894531,125.19499969482422,124.83000183105469,125.13040161132812,125.13040161132812,593059
2025-05-28 12:20:00,125.12000274658203,125.25,125.04000091552734,125.13999938964844,125.13999938964844,505017
2025-05-28 12:25:00,125.12000274658203,125.21990203857422,124.95999908447266,125.08499908447266,125.08499908447266,387471
2025-05-28 12:30:00,125.07360076904297,125.0999984741211,124.69000244140625,124.7301025390625,124.7301025390625,372667
2025-05-28 12:35:00,124.72440338134766,125.02999877929688,124.63999938964844,124.66999816894531,124.66999816894531,428724
2025-05-28 12:40:00,124.66529846191406,124.91999816894531,124.62000274658203,124.7699966430664,124.7699966430664,246568
2025-05-28 12:45:00,124.7699966430664,124.86000061035156,124.44000244140625,124.48999786376953,124.48999786376953,432164
2025-05-28 12:50:00,124.48999786376953,124.58999633789062,124.36000061035156,124.54000091552734,124.54000091552734,366026
2025-05-28 12:55:00,124.5386962890625,124.58000183105469,124.41010284423828,124.44000244140625,124.44000244140625,249935
2025-05-28 13:00:00,124.4490966796875,124.68000030517578,124.36000061035156,124.5322036743164,124.5322036743164,329054
2025-05-28 13:05:00,124.5,124.72969818115234,124.43009948730469,124.6500015258789,124.6500015258789,244750
2025-05-28 13:10:00,124.6500015258789,124.83499908447266,124.54350280761719,124.55999755859375,124.55999755859375,300235
2025-05-28 13:15:00,124.55500030517578,124.67040252685547,124.44999694824219,124.47000122070312,124.47000122070312,193599
2025-05-28 13:20:00,124.47029876708984,124.56999969482422,124.33999633789062,124.37000274658203,124.37000274658203,302655
2025-05-28 13:25:00,124.37999725341797,124.55000305175781,124.22000122070312,124.53900146484375,124.53900146484375,372390
2025-05-28 13:30:00,124.5199966430664,124.5999984741211,124.3949966430664,124.56700134277344,124.56700134277344,234661
2025-05-28 13:35:00,124.55999755859375,124.6500015258789,124.42009735107422,124.52179718017578,124.52179718017578,191412
2025-05-28 13:40:00,124.5199966430664,124.77999877929688,124.5115966796875,124.73999786376953,124.73999786376953,232402
2025-05-28 13:45:00,124.75,124.87000274658203,124.69999694824219,124.81800079345703,124.81800079345703,310084
2025-05-28 13:50:00,124.80999755859375,124.91999816894531,124.72000122070312,124.87999725341797,124.87999725341797,309644
2025-05-28 13:55:00,124.87000274658203,124.95999908447266,124.7300033569336,124.75,124.75,349278
2025-05-28 14:00:00,124.74539947509766,124.98999786376953,124.74539947509766,124.8550033569336,124.8550033569336,312901
2025-05-28 14:05:00,124.84500122070312,125.0,124.74040222167969,124.98500061035156,124.98500061035156,291515
2025-05-28 14:10:00,124.98619842529297,125.12999725341797,124.7699966430664,124.87200164794922,124.87200164794922,468569
2025-05-28 14:15:00,124.88999938964844,124.94999694824219,124.71530151367188,124.76000213623047,124.76000213623047,232008
2025-05-28 14:20:00,124.7698974609375,124.98999786376953,124.58000183105469,124.95999908447266,124.95999908447266,353691
2025-05-28 14:25:00,124.94999694824219,124.97000122070312,124.7031021118164,124.7300033569336,124.7300033569336,256650
2025-05-28 14:30:00,124.71499633789062,124.87999725341797,124.55999755859375,124.56900024414062,124.56900024414062,293382
2025-05-28 14:35:00,124.56999969482422,124.75,124.55999755859375,124.714599609375,124.714599609375,193970
2025-05-28 14:40:00,124.70999908447266,124.81999969482422,124.68000030517578,124.69000244140625,124.69000244140625,256913
2025-05-28 14:45:00,124.70500183105469,124.72000122070312,124.42880249023438,124.45999908447266,124.45999908447266,356493
2025-05-28 14:50:00,124.45700073242188,124.5199966430664,123.69000244140625,123.80999755859375,123.80999755859375,1104434
2025-05-28 14:55:00,123.83000183105469,124.25,123.69450378417969,124.20279693603516,124.20279693603516,521391
2025-05-28 15:00:00,124.18000030517578,124.2699966430664,124.0250015258789,124.26000213623047,124.26000213623047,329932
2025-05-28 15:05:00,124.25980377197266,124.61479949951172,124.23359680175781,124.5425033569336,124.5425033569336,472095
2025-05-28 15:10:00,124.54499816894531,124.66000366210938,124.16999816894531,124.4000015258789,124.4000015258789,540991
2025-05-28 15:15:00,124.4000015258789,124.5199966430664,124.21099853515625,124.38500213623047,124.38500213623047,498789
2025-05-28 15:20:00,124.37999725341797,124.66000366210938,124.26000213623047,124.59300231933594,124.59300231933594,445217
2025-05-28 15:25:00,124.5999984741211,124.98979949951172,124.5999984741211,124.79000091552734,124.79000091552734,766849
2025-05-28 15:30:00,124.77999877929688,124.88999938964844,124.61000061035156,124.80000305175781,124.80000305175781,544303
2025-05-28 15:35:00,124.80000305175781,124.80999755859375,124.12020111083984,124.19999694824219,124.19999694824219,691620
2025-05-28 15:40:00,124.19010162353516,124.26000213623047,123.95999908447266,124.07499694824219,124.07499694824219,673318
2025-05-28 15:45:00,124.08000183105469,124.5199966430664,123.9917984008789,124.30999755859375,124.30999755859375,619600
2025-05-28 15:50:00,124.30000305175781,124.30000305175781,123.5199966430664,123.9000015258789,123.9000015258789,1047595
2025-05-28 15:55:00,123.87999725341797,123.9197006225586,123.61000061035156,123.77899932861328,123.77899932861328,1165007
2025-05-29 00:00:00,125.3499984741211,126.47000122070312,121.52999877929688,122.31999969482422,122.31999969482422,62929100
2025-05-29 09:30:00,125.41000366210938,126.47000122070312,123.87999725341797,124.03040313720703,124.03040313720703,4912000
2025-05-29 09:35:00,124.02999877929688,124.26000213623047,121.80000305175781,122.39749908447266,122.39749908447266,4094415
2025-05-29 09:40:00,122.4000015258789,122.56999969482422,121.53019714355469,122.0541000366211,122.0541000366211,2832025
2025-05-29 09:45:00,122.04000091552734,123.52999877929688,121.95999908447266,122.60800170898438,122.60800170898438,2629452
2025-05-29 09:50:00,122.59030151367188,123.44989776611328,122.4000015258789,123.42990112304688,123.42990112304688,1556699
2025-05-29 09:55:00,123.43000030517578,123.73989868164062,123.08000183105469,123.63030242919922,123.63030242919922,1351307
2025-05-29 10:00:00,123.62000274658203,123.93000030517578,123.44999694824219,123.51000213623047,123.51000213623047,1268787
2025-05-29 10:05:00,123.30000305175781,123.34230041503906,122.54000091552734,122.68000030517578,122.68000030517578,1531979
2025-05-29 10:10:00,122.69999694824219,122.93389892578125,121.9749984741211,122.62000274658203,122.62000274658203,1753290
2025-05-29 10:15:00,122.5999984741211,122.63990020751953,121.76000213623047,121.83000183105469,121.83000183105469,1291598
2025-05-29 10:20:00,121.81999969482422,122.28359985351562,121.63359832763672,122.0999984741211,122.0999984741211,1177047
2025-05-29 10:25:00,122.0999984741211,123.13999938964844,122.05000305175781,122.94499969482422,122.94499969482422,1215452
2025-05-29 10:30:00,122.94000244140625,123.47000122070312,122.93000030517578,123.0250015258789,123.0250015258789,1405905
2025-05-29 10:35:00,123.0199966430664,123.37000274658203,122.72000122070312,122.77020263671875,122.77020263671875,892039
2025-05-29 10:40:00,122.76000213623047,122.83989715576172,122.54000091552734,122.6500015258789,122.6500015258789,647875
2025-05-29 10:45:00,122.65499877929688,123.26010131835938,122.5199966430664,123.13999938964844,123.13999938964844,930188
2025-05-29 10:50:00,123.1698989868164,123.44999694824219,123.13999938964844,123.32499694824219,123.32499694824219,571530
2025-05-29 10:55:00,123.32499694824219,123.70999908447266,123.19000244140625,123.47049713134766,123.47049713134766,960471
2025-05-29 11:00:00,123.47000122070312,123.58000183105469,123.16999816894531,123.44999694824219,123.44999694824219,607586
2025-05-29 11:05:00,123.44000244140625,123.5199966430664,123.0199966430664,123.2699966430664,123.2699966430664,471993
2025-05-29 11:10:00,123.29000091552734,123.75,123.24490356445312,123.43499755859375,123.43499755859375,667360
2025-05-29 11:15:00,123.42009735107422,124.11000061035156,123.41000366210938,123.72000122070312,123.72000122070312,1074551
2025-05-29 11:20:00,123.70999908447266,123.94999694824219,123.597900390625,123.66000366210938,123.66000366210938,515632
2025-05-29 11:25:00,123.67250061035156,123.95999908447266,123.62000274658203,123.75060272216797,123.75060272216797,478119
2025-05-29 11:30:00,123.74500274658203,123.83080291748047,123.20999908447266,123.49500274658203,123.49500274658203,661018
2025-05-29 11:35:00,123.5,123.53990173339844,123.19999694824219,123.22000122070312,123.22000122070312,340941
2025-05-29 11:40:00,123.22979736328125,123.37999725341797,123.02999877929688,123.29000091552734,123.29000091552734,514782
2025-05-29 11:45:00,123.30000305175781,123.4000015258789,123.08000183105469,123.11499786376953,123.11499786376953,450261
2025-05-29 11:50:00,123.11990356445312,123.5999984741211,123.08999633789062,123.54000091552734,123.54000091552734,519480
2025-05-29 11:55:00,123.54000091552734,123.57499694824219,122.39009857177734,122.57039642333984,122.57039642333984,884306
2025-05-29 12:00:00,122.5999984741211,122.9175033569336,122.1500015258789,122.81500244140625,122.81500244140625,853935
2025-05-29 12:05:00,122.81500244140625,122.91000366210938,122.6500015258789,122.73999786376953,122.73999786376953,384802
2025-05-29 12:10:00,122.73500061035156,123.12999725341797,122.6852035522461,123.07980346679688,123.07980346679688,439574
2025-05-29 12:15:00,123.06050109863281,123.36060333251953,122.7699966430664,123.2427978515625,123.2427978515625,743382
2025-05-29 12:20:00,123.2300033569336,123.4800033569336,123.09500122070312,123.1801986694336,123.1801986694336,409650
2025-05-29 12:25:00,123.18000030517578,123.33999633789062,123.13999938964844,123.21019744873047,123.21019744873047,314314
2025-05-29 12:30:00,123.19999694824219,123.37000274658203,123.0999984741211,123.27999877929688,123.27999877929688,314486
2025-05-29 12:35:00,123.2699966430664,123.47000122070312,123.19000244140625,123.33999633789062,123.33999633789062,334590
2025-05-29 12:40:00,123.33999633789062,123.55999755859375,123.33999633789062,123.37000274658203,123.37000274658203,326709
2025-05-29 12:45:00,123.37999725341797,123.55999755859375,123.25,123.27999877929688,123.27999877929688,286339
2025-05-29 12:50:00,123.2699966430664,123.4800033569336,123.2699966430664,123.37999725341797,123.37999725341797,263456
2025-05-29 12:55:00,123.37000274658203,123.54000091552734,123.30000305175781,123.48999786376953,123.48999786376953,284616
2025-05-29 13:00:00,123.4800033569336,123.7300033569336,123.4000015258789,123.63999938964844,123.63999938964844,428676
2025-05-29 13:05:00,123.6500015258789,123.72000122070312,123.5,123.51000213623047,123.51000213623047,222389
2025-05-29 13:10:00,123.5199966430664,123.75,123.44000244140625,123.63860321044922,123.63860321044922,357043
2025-05-29 13:15:00,123.64969635009766,123.69989776611328,123.47000122070312,123.66010284423828,123.66010284423828,286692
2025-05-29 13:20:00,123.68000030517578,123.69999694824219,123.4988021850586,123.4988021850586,123.4988021850586,301903
2025-05-29 13:25:00,123.48999786376953,123.5,122.97000122070312,123.12999725341797,123.12999725341797,518963
2025-05-29 13:30:00,123.12000274658203,123.31999969482422,122.9801025390625,123.06999969482422,123.06999969482422,329582
2025-05-29 13:35:00,123.05999755859375,123.21990203857422,122.8904037475586,123.08869934082031,123.08869934082031,339808
2025-05-29 13:40:00,123.06999969482422,123.4000015258789,123.02050018310547,123.08499908447266,123.08499908447266,310940
2025-05-29 13:45:00,123.08480072021484,123.10990142822266,122.70999908447266,122.81079864501953,122.81079864501953,367339
2025-05-29 13:50:00,122.80000305175781,123.16999816894531,122.80000305175781,123.00779724121094,123.00779724121094,410847
2025-05-29 13:55:00,123.00350189208984,123.0199966430664,122.62999725341797,122.7791976928711,122.7791976928711,390629
2025-05-29 14:00:00,122.77999877929688,123.0,122.73999786376953,123.0,123.0,333726
2025-05-29 14:05:00,122.98999786376953,123.2699966430664,122.9802017211914,123.231201171875,123.231201171875,334159
2025-05-29 14:10:00,123.23500061035156,123.29000091552734,123.02999877929688,123.15350341796875,123.15350341796875,259393
2025-05-29 14:15:00,123.16000366210938,123.19999694824219,122.45999908447266,122.5,122.5,554720
2025-05-29 14:20:00,122.4800033569336,122.49520111083984,122.25,122.27999877929688,122.27999877929688,559107
2025-05-29 14:25:00,122.27999877929688,122.55000305175781,122.20999908447266,122.3998031616211,122.3998031616211,458261
2025-05-29 14:30:00,122.41999816894531,122.86000061035156,122.41639709472656,122.81700134277344,122.81700134277344,409903
2025-05-29 14:35:00,122.81500244140625,122.83989715576172,122.61000061035156,122.83000183105469,122.83000183105469,342860
2025-05-29 14:40:00,122.83000183105469,122.91999816894531,122.72750091552734,122.72750091552734,122.72750091552734,228058
2025-05-29 14:45:00,122.73880004882812,122.83999633789062,122.55000305175781,122.62010192871094,122.62010192871094,215309
2025-05-29 14:50:00,122.63999938964844,122.70999908447266,122.53199768066406,122.62000274658203,122.62000274658203,228928
2025-05-29 14:55:00,122.61000061035156,122.6697006225586,122.1500015258789,122.23999786376953,122.23999786376953,392491
2025-05-29 15:00:00,122.2699966430664,122.4000015258789,122.16999816894531,122.30999755859375,122.30999755859375,343830
2025-05-29 15:05:00,122.31500244140625,122.33000183105469,121.9000015258789,122.1050033569336,122.1050033569336,684833
2025-05-29 15:10:00,122.11969757080078,122.18990325927734,121.91999816894531,121.95999908447266,121.95999908447266,458812
2025-05-29 15:15:00,121.95999908447266,122.3499984741211,121.8302001953125,122.26000213623047,122.26000213623047,599309
2025-05-29 15:20:00,122.2300033569336,122.55500030517578,122.2300033569336,122.44999694824219,122.44999694824219,449396
2025-05-29 15:25:00,122.44999694824219,122.5199966430664,122.04000091552734,122.05010223388672,122.05010223388672,443982
2025-05-29 15:30:00,122.05999755859375,122.27069854736328,122.0,122.10009765625,122.10009765625,389514
2025-05-29 15:35:00,122.08999633789062,122.49500274658203,122.08999633789062,122.42759704589844,122.42759704589844,370285
2025-05-29 15:40:00,122.41000366210938,122.57499694824219,122.31999969482422,122.36979675292969,122.36979675292969,458488
2025-05-29 15:45:00,122.37989807128906,122.63980102539062,122.33999633789062,122.48989868164062,122.48989868164062,528295
2025-05-29 15:50:00,122.52999877929688,122.75,122.02999877929688,122.12000274658203,122.12000274658203,864964
2025-05-29 15:55:00,122.1500015258789,122.5199966430664,122.12000274658203,122.30999755859375,122.30999755859375,1507944
2025-05-30 00:00:00,123.52999877929688,131.94000244140625,122.75,131.77999877929688,131.77999877929688,185897600
2025-05-30 09:30:00,123.50499725341797,125.43000030517578,123.08999633789062,125.0999984741211,125.0999984741211,6182718
2025-05-30 09:35:00,125.11990356445312,125.75,124.5999984741211,124.79039764404297,124.79039764404297,2855355
2025-05-30 09:40:00,124.82469940185547,125.02999877929688,124.16000366210938,124.4489974975586,124.4489974975586,1593462
2025-05-30 09:45:00,124.44999694824219,124.7113037109375,123.91000366210938,124.36000061035156,124.36000061035156,1680034
2025-05-30 09:50:00,124.33999633789062,124.36409759521484,123.48999786376953,124.05000305175781,124.05000305175781,1612699
2025-05-30 09:55:00,124.03510284423828,124.05000305175781,122.75,122.80000305175781,122.80000305175781,1639351
2025-05-30 10:00:00,122.76000213623047,124.06999969482422,122.76000213623047,124.06620025634766,124.06620025634766,1630520
2025-05-30 10:05:00,124.07740020751953,125.32929992675781,124.05999755859375,125.18920135498047,125.18920135498047,2376603
2025-05-30 10:10:00,125.19100189208984,126.37979888916016,124.81999969482422,126.32499694824219,126.32499694824219,3213794
2025-05-30 10:15:00,126.29830169677734,128.4698944091797,126.12999725341797,127.625,127.625,6702926
2025-05-30 10:20:00,127.6500015258789,128.57000732421875,127.0199966430664,127.08000183105469,127.08000183105469,3891518
2025-05-30 10:25:00,127.08000183105469,128.33999633789062,127.06009674072266,128.0635986328125,128.0635986328125,2707479
2025-05-30 10:30:00,128.05999755859375,128.52999877929688,127.62999725341797,128.2100067138672,128.2100067138672,2061426
2025-05-30 10:35:00,128.21240234375,128.73989868164062,127.75,128.6699981689453,128.6699981689453,2089049
2025-05-30 10:40:00,128.66000366210938,129.3000030517578,128.22999572753906,129.285400390625,129.285400390625,3000234
2025-05-30 10:45:00,129.27999877929688,129.85000610351562,129.13999938964844,129.68980407714844,129.68980407714844,2989248
2025-05-30 10:50:00,129.68499755859375,130.0800018310547,129.34019470214844,129.82000732421875,129.82000732421875,3399765
2025-05-30 10:55:00,129.85000610351562,130.46929931640625,129.82000732421875,130.36000061035156,130.36000061035156,3206053
2025-05-30 11:00:00,130.36500549316406,131.4600067138672,130.35000610351562,131.42010498046875,131.42010498046875,4090364
2025-05-30 11:05:00,131.43040466308594,131.52999877929688,130.75999450683594,131.30999755859375,131.30999755859375,3742491
2025-05-30 11:10:00,131.3000030517578,131.3300018310547,130.6199951171875,130.69000244140625,130.69000244140625,2193882
2025-05-30 11:15:00,130.67999267578125,130.94000244140625,130.0500030517578,130.12460327148438,130.12460327148438,2485961
2025-05-30 11:20:00,130.1300048828125,130.61000061035156,129.94500732421875,130.0800018310547,130.0800018310547,2235079
2025-05-30 11:25:00,130.08999633789062,130.48989868164062,130.0,130.44309997558594,130.44309997558594,1353942
2025-05-30 11:30:00,130.4600067138672,130.4600067138672,129.56900024414062,129.7899932861328,129.7899932861328,1949155
2025-05-30 11:35:00,129.7899932861328,129.82000732421875,129.27000427246094,129.47500610351562,129.47500610351562,1838950
2025-05-30 11:40:00,129.47999572753906,129.50999450683594,128.72000122070312,128.8345947265625,128.8345947265625,1969565
2025-05-30 11:45:00,128.82000732421875,129.24000549316406,128.75,129.1999053955078,129.1999053955078,1560301
2025-05-30 11:50:00,129.18499755859375,129.4600067138672,128.6199951171875,129.4398956298828,129.4398956298828,1566006
2025-05-30 11:55:00,129.44000244140625,129.66000366210938,129.1199951171875,129.1593017578125,129.1593017578125,1414341
2025-05-30 12:00:00,129.1699981689453,129.24000549316406,128.47000122070312,128.5290985107422,128.5290985107422,1239699
2025-05-30 12:05:00,128.50999450683594,128.8800048828125,128.4300994873047,128.77000427246094,128.77000427246094,827732
2025-05-30 12:10:00,128.76499938964844,129.0500030517578,128.55999755859375,128.86090087890625,128.86090087890625,884293
2025-05-30 12:15:00,128.8699951171875,128.88999938964844,128.30999755859375,128.5200958251953,128.5200958251953,885270
2025-05-30 12:20:00,128.51559448242188,128.55999755859375,127.77999877929688,128.00999450683594,128.00999450683594,1766547
2025-05-30 12:25:00,128.0164031982422,128.17999267578125,126.91999816894531,127.06999969482422,127.06999969482422,2069658
2025-05-30 12:30:00,127.06500244140625,127.16999816894531,125.86009979248047,126.55000305175781,126.55000305175781,2732644
2025-05-30 12:35:00,126.55000305175781,126.9800033569336,126.0199966430664,126.38999938964844,126.38999938964844,2252391
2025-05-30 12:40:00,126.4000015258789,126.56999969482422,126.08000183105469,126.14109802246094,126.14109802246094,1346708
2025-05-30 12:45:00,126.16999816894531,126.27290344238281,124.66999816894531,125.24500274658203,125.24500274658203,2700298
2025-05-30 12:50:00,125.24500274658203,125.24500274658203,123.94999694824219,123.98680114746094,123.98680114746094,2258068
2025-05-30 12:55:00,123.98079681396484,124.4800033569336,123.83999633789062,124.47979736328125,124.47979736328125,2309975
2025-05-30 13:00:00,124.47000122070312,124.77999877929688,123.9801025390625,124.41999816894531,124.41999816894531,1790231
2025-05-30 13:05:00,124.41999816894531,124.94999694824219,124.33999633789062,124.84030151367188,124.84030151367188,1412868
2025-05-30 13:10:00,124.86979675292969,124.87000274658203,124.36000061035156,124.375,124.375,1119899
2025-05-30 13:15:00,124.37950134277344,124.52999877929688,123.77999877929688,124.37059783935547,124.37059783935547,1415712
2025-05-30 13:20:00,124.37000274658203,124.4000015258789,123.5000991821289,123.97000122070312,123.97000122070312,1418525
2025-05-30 13:25:00,123.95359802246094,124.06990051269531,123.2699966430664,123.81770324707031,123.81770324707031,1653699
2025-05-30 13:30:00,123.81500244140625,124.06999969482422,123.62999725341797,123.87000274658203,123.87000274658203,1022568
2025-05-30 13:35:00,123.83999633789062,124.45999908447266,123.77999877929688,124.45999908447266,124.45999908447266,1080521
2025-05-30 13:40:00,124.45919799804688,124.73999786376953,124.2300033569336,124.29000091552734,124.29000091552734,1072797
2025-05-30 13:45:00,124.27999877929688,124.34989929199219,123.87999725341797,124.20999908447266,124.20999908447266,961626
2025-05-30 13:50:00,124.21499633789062,124.48999786376953,124.1500015258789,124.30999755859375,124.30999755859375,713219
2025-05-30 13:55:00,124.2699966430664,124.34989929199219,123.8499984741211,124.0697021484375,124.0697021484375,708816
2025-05-30 14:00:00,124.04029846191406,124.98999786376953,124.04029846191406,124.88999938964844,124.88999938964844,1174762
2025-05-30 14:05:00,124.88999938964844,125.12000274658203,124.62999725341797,124.94000244140625,124.94000244140625,1098206
2025-05-30 14:10:00,124.91500091552734,125.62999725341797,124.91500091552734,125.59020233154297,125.59020233154297,1364578
2025-05-30 14:15:00,125.55000305175781,126.08000183105469,125.2699966430664,126.03289794921875,126.03289794921875,1429565
2025-05-30 14:20:00,126.04989624023438,126.4800033569336,125.76200103759766,126.3550033569336,126.3550033569336,1484104
2025-05-30 14:25:00,126.36000061035156,126.40499877929688,126.1500015258789,126.31999969482422,126.31999969482422,1082941
2025-05-30 14:30:00,126.31999969482422,126.73999786376953,126.19999694824219,126.37000274658203,126.37000274658203,1389004
2025-05-30 14:35:00,126.3499984741211,126.87999725341797,126.3499984741211,126.72000122070312,126.72000122070312,1031872
2025-05-30 14:40:00,126.72889709472656,126.80000305175781,126.47000122070312,126.62000274658203,126.62000274658203,842882
2025-05-30 14:45:00,126.62999725341797,127.04979705810547,126.45999908447266,126.87000274658203,126.87000274658203,1420443
2025-05-30 14:50:00,126.87000274658203,127.16000366210938,126.83350372314453,126.98519897460938,126.98519897460938,870151
2025-05-30 14:55:00,126.98999786376953,127.1500015258789,126.7300033569336,127.02010345458984,127.02010345458984,875683
2025-05-30 15:00:00,127.0199966430664,127.77999877929688,126.9000015258789,127.77140045166016,127.77140045166016,1689321
2025-05-30 15:05:00,127.77999877929688,127.94000244140625,127.42009735107422,127.43000030517578,127.43000030517578,1478325
2025-05-30 15:10:00,127.44000244140625,127.88990020751953,127.31999969482422,127.61000061035156,127.61000061035156,1273520
2025-05-30 15:15:00,127.58999633789062,128.22999572753906,127.55999755859375,128.12010192871094,128.12010192871094,1455488
2025-05-30 15:20:00,128.12600708007812,128.25,127.87999725341797,128.20989990234375,128.20989990234375,1186855
2025-05-30 15:25:00,128.2100067138672,128.83999633789062,128.1699981689453,128.75010681152344,128.75010681152344,2127770
2025-05-30 15:30:00,128.77000427246094,128.78990173339844,127.87000274658203,128.1468048095703,128.1468048095703,1872549
2025-05-30 15:35:00,128.14999389648438,128.5,128.05999755859375,128.13999938964844,128.13999938964844,1377481
2025-05-30 15:40:00,128.15499877929688,128.19000244140625,127.87000274658203,128.08999633789062,128.08999633789062,1247126
2025-05-30 15:45:00,128.0800018310547,128.3885955810547,127.95999908447266,128.25999450683594,128.25999450683594,1217849
2025-05-30 15:50:00,128.25999450683594,130.8000030517578,128.25,130.4799041748047,130.4799041748047,7292267
2025-05-30 15:55:00,130.47999572753906,131.94000244140625,130.47999572753906,131.8249969482422,131.8249969482422,9574798
2025-06-02 00:00:00,131.43499755859375,134.47999572753906,128.86000061035156,132.0399932861328,132.0399932861328,93218700
2025-06-02 09:30:00,131.4499969482422,134.47459411621094,131.27999877929688,132.9499969482422,132.9499969482422,10763543
2025-06-02 09:35:00,132.96139526367188,134.1199951171875,131.95919799804688,133.875,133.875,3933012
2025-06-02 09:40:00,133.86790466308594,133.99000549316406,132.7100067138672,133.0845947265625,133.0845947265625,2277172
2025-06-02 09:45:00,133.10000610351562,133.3800048828125,132.07000732421875,132.0850067138672,132.0850067138672,2017766
2025-06-02 09:50:00,132.0749969482422,132.52000427246094,131.33810424804688,131.6300048828125,131.6300048828125,2285484
2025-06-02 09:55:00,131.66000366210938,132.44000244140625,130.67999267578125,130.75999450683594,130.75999450683594,2357791
2025-06-02 10:00:00,130.72999572753906,130.9499969482422,129.8000030517578,130.22999572753906,130.22999572753906,2995574
2025-06-02 10:05:00,130.2100067138672,130.83999633789062,129.9499969482422,130.61709594726562,130.61709594726562,2047386
2025-06-02 10:10:00,130.61000061035156,130.6199951171875,129.3000030517578,129.7100067138672,129.7100067138672,2151417
2025-06-02 10:15:00,129.75,130.22000122070312,129.1300048828125,130.07000732421875,130.07000732421875,1693371
2025-06-02 10:20:00,130.05999755859375,131.0,129.82009887695312,130.79989624023438,130.79989624023438,1708604
2025-06-02 10:25:00,130.7899932861328,131.35000610351562,130.7100067138672,130.89500427246094,130.89500427246094,1779733
2025-06-02 10:30:00,130.88150024414062,130.9600067138672,130.05270385742188,130.5,130.5,1332963
2025-06-02 10:35:00,130.5,131.42999267578125,130.22999572753906,130.39999389648438,130.39999389648438,1749966
2025-06-02 10:40:00,130.39500427246094,130.67970275878906,129.47000122070312,129.77980041503906,129.77980041503906,1530288
2025-06-02 10:45:00,129.77999877929688,130.3300018310547,129.64999389648438,129.97999572753906,129.97999572753906,1048780
2025-06-02 10:50:00,129.97500610351562,130.2100067138672,129.55999755859375,129.64999389648438,129.64999389648438,882378
2025-06-02 10:55:00,129.6300048828125,130.58999633789062,129.6199951171875,130.36000061035156,130.36000061035156,982858
2025-06-02 11:00:00,130.36000061035156,130.50999450683594,129.24000549316406,129.3800048828125,129.3800048828125,1112133
2025-06-02 11:05:00,129.35910034179688,129.6300048828125,128.86000061035156,129.27000427246094,129.27000427246094,1782547
2025-06-02 11:10:00,129.25999450683594,130.47999572753906,129.22000122070312,130.44000244140625,130.44000244140625,1207573
2025-06-02 11:15:00,130.4499969482422,130.75,130.2689971923828,130.7100067138672,130.7100067138672,1052732
2025-06-02 11:20:00,130.72019958496094,130.99000549316406,130.360107421875,130.44000244140625,130.44000244140625,900220
2025-06-02 11:25:00,130.42999267578125,130.49940490722656,129.94009399414062,130.1699981689453,130.1699981689453,702856
2025-06-02 11:30:00,130.17999267578125,130.52999877929688,130.11000061035156,130.302001953125,130.302001953125,584021
2025-06-02 11:35:00,130.3249969482422,130.72999572753906,130.23489379882812,130.62489318847656,130.62489318847656,593931
2025-06-02 11:40:00,130.63499450683594,131.05999755859375,130.63499450683594,130.77029418945312,130.77029418945312,946026
2025-06-02 11:45:00,130.7949981689453,130.86000061035156,130.63999938964844,130.74000549316406,130.74000549316406,438168
2025-06-02 11:50:00,130.7209930419922,131.39999389648438,130.6699981689453,131.36000061035156,131.36000061035156,691156
2025-06-02 11:55:00,131.36500549316406,131.63999938964844,131.16000366210938,131.42449951171875,131.42449951171875,1123307
2025-06-02 12:00:00,131.4550018310547,131.7198944091797,131.17999267578125,131.25,131.25,863996
2025-06-02 12:05:00,131.24989318847656,131.9499969482422,131.20010375976562,131.8699951171875,131.8699951171875,820004
2025-06-02 12:10:00,131.8699951171875,132.1699981689453,131.6710968017578,132.03500366210938,132.03500366210938,1035581
2025-06-02 12:15:00,132.06309509277344,132.14999389648438,131.6999969482422,131.7532958984375,131.7532958984375,767721
2025-06-02 12:20:00,131.7698974609375,132.0800018310547,131.72000122070312,131.9600067138672,131.9600067138672,647654
2025-06-02 12:25:00,131.9803924560547,131.9803924560547,131.61000061035156,131.80999755859375,131.80999755859375,678350
2025-06-02 12:30:00,131.80999755859375,132.38999938964844,131.75,132.35989379882812,132.35989379882812,808104
2025-06-02 12:35:00,132.3300018310547,132.39999389648438,132.0500030517578,132.26499938964844,132.26499938964844,817746
2025-06-02 12:40:00,132.2718963623047,132.360107421875,131.66000366210938,131.72000122070312,131.72000122070312,715122
2025-06-02 12:45:00,131.69000244140625,132.11000061035156,131.6300048828125,132.02999877929688,132.02999877929688,613802
2025-06-02 12:50:00,132.01499938964844,132.36000061035156,131.92999267578125,132.2899932861328,132.2899932861328,611848
2025-06-02 12:55:00,132.30999755859375,132.52999877929688,132.1300048828125,132.35260009765625,132.35260009765625,1826895
2025-06-02 13:00:00,132.375,132.76719665527344,132.25,132.75,132.75,911943
2025-06-02 13:05:00,132.75999450683594,132.89999389648438,132.36000061035156,132.52000427246094,132.52000427246094,1024155
2025-06-02 13:10:00,132.51010131835938,132.75,131.9600067138672,131.98019409179688,131.98019409179688,757246
2025-06-02 13:15:00,131.97999572753906,132.2899932861328,131.91099548339844,132.19000244140625,132.19000244140625,745372
2025-06-02 13:20:00,132.16000366210938,132.27999877929688,131.9705047607422,132.1199951171875,132.1199951171875,510654
2025-06-02 13:25:00,132.11000061035156,132.375,132.08999633789062,132.3000030517578,132.3000030517578,593668
2025-06-02 13:30:00,132.3000030517578,132.38999938964844,132.0,132.10000610351562,132.10000610351562,492843
2025-06-02 13:35:00,132.10499572753906,132.4499969482422,131.89999389648438,132.3800048828125,132.3800048828125,606528
2025-06-02 13:40:00,132.36000061035156,132.4250030517578,131.9499969482422,131.9600067138672,131.9600067138672,485842
2025-06-02 13:45:00,131.97500610351562,132.08999633789062,131.80999755859375,132.0323028564453,132.0323028564453,603854
2025-06-02 13:50:00,132.02999877929688,132.03990173339844,131.80999755859375,131.93980407714844,131.93980407714844,378176
2025-06-02 13:55:00,131.90499877929688,132.02000427246094,131.67999267578125,131.91000366210938,131.91000366210938,677785
2025-06-02 14:00:00,131.8800048828125,131.97999572753906,131.6300048828125,131.72019958496094,131.72019958496094,461601
2025-06-02 14:05:00,131.72000122070312,131.91000366210938,131.19000244140625,131.3350067138672,131.3350067138672,903359
2025-06-02 14:10:00,131.34950256347656,131.67999267578125,131.32009887695312,131.3397979736328,131.3397979736328,662791
2025-06-02 14:15:00,131.36000061035156,131.6750030517578,131.22000122070312,131.62890625,131.62890625,697478
2025-06-02 14:20:00,131.60000610351562,131.89990234375,131.39999389648438,131.81350708007812,131.81350708007812,743178
2025-06-02 14:25:00,131.7899932861328,132.08999633789062,131.60000610351562,132.08009338378906,132.08009338378906,739544
2025-06-02 14:30:00,132.0749969482422,132.1199951171875,131.60000610351562,131.71189880371094,131.71189880371094,600504
2025-06-02 14:35:00,131.7100067138672,131.7899932861328,131.58009338378906,131.6199951171875,131.6199951171875,357380
2025-06-02 14:40:00,131.6199951171875,131.8699951171875,131.5800018310547,131.81500244140625,131.81500244140625,439544
2025-06-02 14:45:00,131.80499267578125,131.89500427246094,131.7165985107422,131.74000549316406,131.74000549316406,260000
2025-06-02 14:50:00,131.7270050048828,131.86500549316406,131.66000366210938,131.81500244140625,131.81500244140625,320751
2025-06-02 14:55:00,131.80020141601562,131.94000244140625,131.60000610351562,131.64999389648438,131.64999389648438,413902
2025-06-02 15:00:00,131.64999389648438,131.8000030517578,131.64999389648438,131.71929931640625,131.71929931640625,315538
2025-06-02 15:05:00,131.72000122070312,131.7899932861328,131.49000549316406,131.55999755859375,131.55999755859375,413599
2025-06-02 15:10:00,131.56500244140625,131.56500244140625,131.35000610351562,131.35000610351562,131.35000610351562,520171
2025-06-02 15:15:00,131.3592071533203,131.5,131.25,131.4250030517578,131.4250030517578,548825
2025-06-02 15:20:00,131.42999267578125,131.9696044921875,131.27000427246094,131.92999267578125,131.92999267578125,714897
2025-06-02 15:25:00,131.89999389648438,132.0800018310547,131.80999755859375,132.02940368652344,132.02940368652344,692527
2025-06-02 15:30:00,132.02999877929688,132.08999633789062,131.83999633789062,131.88999938964844,131.88999938964844,615409
2025-06-02 15:35:00,131.88999938964844,131.88999938964844,131.58999633789062,131.61000061035156,131.61000061035156,554101
2025-06-02 15:40:00,131.61000061035156,131.91000366210938,131.5800018310547,131.8000030517578,131.8000030517578,581204
2025-06-02 15:45:00,131.7899932861328,132.1300048828125,131.75360107421875,131.91000366210938,131.91000366210938,674204
2025-06-02 15:50:00,131.92999267578125,132.1300048828125,131.71189880371094,131.89990234375,131.89990234375,1064761
2025-06-02 15:55:00,131.89999389648438,132.0738067626953,131.80999755859375,132.00999450683594,132.00999450683594,1720419
2025-06-03 00:00:00,133.07000732421875,135.27999877929688,130.10000610351562,133.1699981689453,133.1699981689453,91297700
2025-06-03 09:30:00,133.11000061035156,133.75,131.85000610351562,132.22500610351562,132.22500610351562,4808339
2025-06-03 09:35:00,132.22999572753906,132.4199981689453,131.22999572753906,131.968994140625,131.968994140625,2113873
2025-06-03 09:40:00,131.97000122070312,132.5,131.6999969482422,132.38999938964844,132.38999938964844,1915224
2025-06-03 09:45:00,132.40199279785156,132.89999389648438,131.9600067138672,132.06480407714844,132.06480407714844,1914295
2025-06-03 09:50:00,132.0800018310547,132.67999267578125,131.69000244140625,132.57000732421875,132.57000732421875,1505635
2025-06-03 09:55:00,132.57000732421875,132.72000122070312,132.1300048828125,132.2593994140625,132.2593994140625,1000300
2025-06-03 10:00:00,132.25999450683594,132.77999877929688,132.0800018310547,132.36000061035156,132.36000061035156,1196947
2025-06-03 10:05:00,132.38499450683594,132.50999450683594,131.30999755859375,131.88600158691406,131.88600158691406,1587939
2025-06-03 10:10:00,131.85000610351562,132.17999267578125,131.47000122070312,131.7899932861328,131.7899932861328,1029138
2025-06-03 10:15:00,131.72000122070312,132.0399932861328,131.53370666503906,131.69000244140625,131.69000244140625,826229
2025-06-03 10:20:00,131.6999969482422,131.97000122070312,131.35000610351562,131.41000366210938,131.41000366210938,930943
2025-06-03 10:25:00,131.4197998046875,132.0,131.38999938964844,131.74420166015625,131.74420166015625,943981
2025-06-03 10:30:00,131.75,131.97999572753906,131.42230224609375,131.6999969482422,131.6999969482422,823243
2025-06-03 10:35:00,131.6699981689453,131.88999938964844,131.2834930419922,131.875,131.875,925433
2025-06-03 10:40:00,131.875,131.89999389648438,131.3300018310547,131.4199981689453,131.4199981689453,739610
2025-06-03 10:45:00,131.41000366210938,131.4600067138672,130.9600067138672,131.22999572753906,131.22999572753906,1290222
2025-06-03 10:50:00,131.25,131.8000030517578,131.2071075439453,131.75990295410156,131.75990295410156,1011282
2025-06-03 10:55:00,131.75999450683594,131.95989990234375,131.5,131.61500549316406,131.61500549316406,720709
2025-06-03 11:00:00,131.6300048828125,131.67999267578125,130.7301025390625,130.77499389648438,130.77499389648438,1104109
2025-06-03 11:05:00,130.76499938964844,130.7998046875,130.22000122070312,130.4095001220703,130.4095001220703,1711236
2025-06-03 11:10:00,130.39920043945312,130.94000244140625,130.25,130.89999389648438,130.89999389648438,1019967
2025-06-03 11:15:00,130.89999389648438,131.85000610351562,130.88999938964844,131.8498992919922,131.8498992919922,1442132
2025-06-03 11:20:00,131.83999633789062,132.3800048828125,131.72000122070312,131.86000061035156,131.86000061035156,1974125
2025-06-03 11:25:00,131.85000610351562,131.97950744628906,131.02999877929688,131.16000366210938,131.16000366210938,1372328
2025-06-03 11:30:00,131.16000366210938,131.32000732421875,130.8699951171875,131.1999053955078,131.1999053955078,1163305
2025-06-03 11:35:00,131.2115936279297,131.2115936279297,130.64999389648438,131.0373992919922,131.0373992919922,946741
2025-06-03 11:40:00,131.01499938964844,131.69000244140625,130.89999389648438,131.5299072265625,131.5299072265625,888521
2025-06-03 11:45:00,131.52000427246094,131.639892578125,131.07000732421875,131.1649932861328,131.1649932861328,763935
2025-06-03 11:50:00,131.1529998779297,131.54989624023438,131.0601043701172,131.47000122070312,131.47000122070312,602433
2025-06-03 11:55:00,131.4600067138672,131.6999969482422,131.40020751953125,131.5,131.5,527594
2025-06-03 12:00:00,131.4600067138672,131.92999267578125,131.39999389648438,131.7740020751953,131.7740020751953,647568
2025-06-03 12:05:00,131.77000427246094,131.97999572753906,131.52999877929688,131.5500030517578,131.5500030517578,862970
2025-06-03 12:10:00,131.5500030517578,131.7799072265625,131.52000427246094,131.58970642089844,131.58970642089844,467911
2025-06-03 12:15:00,131.5800018310547,131.73500061035156,131.37060546875,131.65499877929688,131.65499877929688,550585
2025-06-03 12:20:00,131.69000244140625,131.8000030517578,131.5399932861328,131.74000549316406,131.74000549316406,479578
2025-06-03 12:25:00,131.72999572753906,131.85000610351562,131.55999755859375,131.75,131.75,348251
2025-06-03 12:30:00,131.74029541015625,132.25999450683594,131.6999969482422,132.25,132.25,813685
2025-06-03 12:35:00,132.25,132.49000549316406,132.1999969482422,132.22500610351562,132.22500610351562,860844
2025-06-03 12:40:00,132.22999572753906,132.33990478515625,132.07139587402344,132.2050018310547,132.2050018310547,522948
2025-06-03 12:45:00,132.18930053710938,132.1999969482422,131.97999572753906,132.01060485839844,132.01060485839844,385679
2025-06-03 12:50:00,132.02000427246094,132.5500030517578,132.0,132.43499755859375,132.43499755859375,649172
2025-06-03 12:55:00,132.43499755859375,132.5500030517578,132.10000610351562,132.22000122070312,132.22000122070312,771628
2025-06-03 13:00:00,132.25999450683594,132.77999877929688,132.22000122070312,132.4499969482422,132.4499969482422,905757
2025-06-03 13:05:00,132.4499969482422,132.5594024658203,132.3300018310547,132.44009399414062,132.44009399414062,432606
2025-06-03 13:10:00,132.44000244140625,132.6999969482422,132.3699951171875,132.51010131835938,132.51010131835938,440816
2025-06-03 13:15:00,132.52000427246094,132.74000549316406,132.52000427246094,132.64999389648438,132.64999389648438,452615
2025-06-03 13:20:00,132.625,133.17999267578125,132.5800018310547,132.8699951171875,132.8699951171875,1118754
2025-06-03 13:25:00,132.8800048828125,133.1300048828125,132.75999450683594,133.11300659179688,133.11300659179688,615415
2025-06-03 13:30:00,133.1298065185547,133.13999938964844,132.5601043701172,132.71499633789062,132.71499633789062,727825
2025-06-03 13:35:00,132.72000122070312,132.97000122070312,132.69000244140625,132.9199981689453,132.9199981689453,454974
2025-06-03 13:40:00,132.93099975585938,133.0,132.61000061035156,132.84010314941406,132.84010314941406,434622
2025-06-03 13:45:00,132.85000610351562,133.0399932861328,132.75999450683594,132.82000732421875,132.82000732421875,482402
2025-06-03 13:50:00,132.80999755859375,132.87989807128906,132.66050720214844,132.75999450683594,132.75999450683594,388716
2025-06-03 13:55:00,132.77000427246094,132.83999633789062,132.27999877929688,132.41009521484375,132.41009521484375,582697
2025-06-03 14:00:00,132.4149932861328,132.44760131835938,131.77000427246094,132.00999450683594,132.00999450683594,882847
2025-06-03 14:05:00,132.00999450683594,132.2899932861328,131.86000061035156,131.91000366210938,131.91000366210938,657032
2025-06-03 14:10:00,131.94500732421875,131.9600067138672,131.2100067138672,131.77999877929688,131.77999877929688,1093373
2025-06-03 14:15:00,131.77999877929688,132.0,131.4700927734375,131.97500610351562,131.97500610351562,688111
2025-06-03 14:20:00,131.97999572753906,132.5,131.94000244140625,132.42010498046875,132.42010498046875,807285
2025-06-03 14:25:00,132.42999267578125,132.64999389648438,132.27999877929688,132.5850067138672,132.5850067138672,566616
2025-06-03 14:30:00,132.5800018310547,132.75999450683594,132.4499969482422,132.52999877929688,132.52999877929688,519093
2025-06-03 14:35:00,132.5222930908203,132.5500030517578,132.25,132.4199981689453,132.4199981689453,418200
2025-06-03 14:40:00,132.4199981689453,132.7397003173828,132.4199981689453,132.67999267578125,132.67999267578125,460228
2025-06-03 14:45:00,132.68980407714844,132.9600067138672,132.65020751953125,132.85000610351562,132.85000610351562,630053
2025-06-03 14:50:00,132.85000610351562,133.67999267578125,132.8470001220703,133.5449981689453,133.5449981689453,1464765
2025-06-03 14:55:00,133.5500030517578,134.99000549316406,133.5500030517578,134.64500427246094,134.64500427246094,3236949
2025-06-03 15:00:00,134.66000366210938,134.99000549316406,134.21009826660156,134.26499938964844,134.26499938964844,2210811
2025-06-03 15:05:00,134.25999450683594,134.58999633789062,134.02499389648438,134.49000549316406,134.49000549316406,1481503
2025-06-03 15:10:00,134.47999572753906,134.6300048828125,134.13999938964844,134.3699951171875,134.3699951171875,1081017
2025-06-03 15:15:00,134.35000610351562,134.8699951171875,134.33999633789062,134.81500244140625,134.81500244140625,1181725
2025-06-03 15:20:00,134.81500244140625,135.27999877929688,134.5500030517578,135.1300048828125,135.1300048828125,3115794
2025-06-03 15:25:00,135.1300048828125,135.16000366210938,134.6300048828125,134.63999938964844,134.63999938964844,1446261
2025-06-03 15:30:00,134.66000366210938,134.6999969482422,134.0,134.27000427246094,134.27000427246094,1535518
2025-06-03 15:35:00,134.25999450683594,134.3800048828125,134.0800018310547,134.1699981689453,134.1699981689453,877667
2025-06-03 15:40:00,134.1699981689453,134.32000732421875,133.2899932861328,133.33009338378906,133.33009338378906,1702970
2025-06-03 15:45:00,133.3300018310547,133.63999938964844,133.0800018310547,133.19729614257812,133.19729614257812,1254761
2025-06-03 15:50:00,133.19000244140625,133.72999572753906,133.02000427246094,133.33990478515625,133.33990478515625,1629034
2025-06-03 15:55:00,133.30999755859375,133.4499969482422,132.80999755859375,133.11000061035156,133.11000061035156,2128324
2025-06-04 00:00:00,132.8000030517578,132.9499969482422,125.58000183105469,130.00999450683594,130.00999450683594,97306300
2025-06-04 09:30:00,132.8000030517578,132.9499969482422,130.7899932861328,131.25,131.25,4946205
2025-06-04 09:35:00,131.27999877929688,131.64100646972656,130.3000030517578,130.47340393066406,130.47340393066406,2918880
2025-06-04 09:40:00,130.48500061035156,130.66000366210938,129.52999877929688,129.70970153808594,129.70970153808594,3170281
2025-06-04 09:45:00,129.72500610351562,130.58999633789062,129.25,130.57000732421875,130.57000732421875,2794435
2025-06-04 09:50:00,130.55999755859375,130.60000610351562,128.11000061035156,128.1699981689453,128.1699981689453,3698659
2025-06-04 09:55:00,128.16000366210938,129.3000030517578,128.1154022216797,128.4600067138672,128.4600067138672,3073580
2025-06-04 10:00:00,128.4199981689453,128.42999267578125,126.5199966430664,126.87000274658203,126.87000274658203,4686245
2025-06-04 10:05:00,126.88880157470703,127.29000091552734,125.58000183105469,126.11000061035156,126.11000061035156,4554521
2025-06-04 10:10:00,126.12000274658203,127.18000030517578,126.08000183105469,126.55000305175781,126.55000305175781,3606205
2025-06-04 10:15:00,126.5199966430664,127.02999877929688,125.82009887695312,126.98999786376953,126.98999786376953,2634082
2025-06-04 10:20:00,126.98500061035156,127.54000091552734,126.0199966430664,126.54000091552734,126.54000091552734,2846266
2025-06-04 10:25:00,126.54499816894531,127.50969696044922,126.38999938964844,127.38999938964844,127.38999938964844,1705767
2025-06-04 10:30:00,127.37999725341797,127.93990325927734,127.1500015258789,127.9000015258789,127.9000015258789,1815299
2025-06-04 10:35:00,127.91999816894531,128.33999633789062,127.41999816894531,127.80000305175781,127.80000305175781,1987789
2025-06-04 10:40:00,127.7750015258789,128.2899932861328,127.75,128.1300048828125,128.1300048828125,1217419
2025-06-04 10:45:00,128.11000061035156,128.14010620117188,127.22000122070312,127.75,127.75,1552112
2025-06-04 10:50:00,127.73999786376953,128.13999938964844,127.38500213623047,127.88999938964844,127.88999938964844,1232805
2025-06-04 10:55:00,127.87000274658203,128.32000732421875,127.62000274658203,128.2675018310547,128.2675018310547,1081542
2025-06-04 11:00:00,128.25999450683594,128.85000610351562,128.25230407714844,128.77000427246094,128.77000427246094,1408776
2025-06-04 11:05:00,128.7554931640625,128.9199981689453,128.6501007080078,128.83999633789062,128.83999633789062,1102712
2025-06-04 11:10:00,128.85000610351562,128.89500427246094,128.47999572753906,128.7100067138672,128.7100067138672,922514
2025-06-04 11:15:00,128.72000122070312,129.16000366210938,128.72000122070312,128.97500610351562,128.97500610351562,1129780
2025-06-04 11:20:00,128.97000122070312,129.39999389648438,128.85000610351562,129.03329467773438,129.03329467773438,1207899
2025-06-04 11:25:00,129.05999755859375,129.1999969482422,128.80999755859375,128.943603515625,128.943603515625,870191
2025-06-04 11:30:00,128.9512939453125,129.1656951904297,128.6699981689453,128.6999969482422,128.6999969482422,941783
2025-06-04 11:35:00,128.68359375,129.05999755859375,128.61000061035156,128.99000549316406,128.99000549316406,719716
2025-06-04 11:40:00,128.99000549316406,129.63999938964844,128.80999755859375,129.289794921875,129.289794921875,1411814
2025-06-04 11:45:00,129.23500061035156,129.4199981689453,129.1002960205078,129.27020263671875,129.27020263671875,728273
2025-06-04 11:50:00,129.27999877929688,129.74000549316406,129.272705078125,129.71499633789062,129.71499633789062,790452
2025-06-04 11:55:00,129.7100067138672,129.7899932861328,129.39999389648438,129.4149932861328,129.4149932861328,845782
2025-06-04 12:00:00,129.39999389648438,129.83999633789062,129.38999938964844,129.44140625,129.44140625,740106
2025-06-04 12:05:00,129.44200134277344,129.55990600585938,128.88999938964844,128.97000122070312,128.97000122070312,971424
2025-06-04 12:10:00,128.9600067138672,129.0,128.5500030517578,128.8509979248047,128.8509979248047,809876
2025-06-04 12:15:00,128.8699951171875,129.2949981689453,128.82000732421875,129.25999450683594,129.25999450683594,773596
2025-06-04 12:20:00,129.27000427246094,129.5399932861328,128.94009399414062,129.5198974609375,129.5198974609375,561724
2025-06-04 12:25:00,129.51609802246094,129.65499877929688,129.33999633789062,129.6300048828125,129.6300048828125,587470
2025-06-04 12:30:00,129.62359619140625,129.8300018310547,129.10000610351562,129.1300048828125,129.1300048828125,693460
2025-06-04 12:35:00,129.1300048828125,129.1300048828125,128.84129333496094,129.00990295410156,129.00990295410156,634146
2025-06-04 12:40:00,129.0,129.36000061035156,128.91000366210938,129.36000061035156,129.36000061035156,435624
2025-06-04 12:45:00,129.35989379882812,129.55999755859375,129.28469848632812,129.55999755859375,129.55999755859375,389382
2025-06-04 12:50:00,129.55380249023438,129.63999938964844,129.3000030517578,129.35009765625,129.35009765625,440116
2025-06-04 12:55:00,129.3699951171875,129.4051971435547,129.1300048828125,129.31410217285156,129.31410217285156,409075
2025-06-04 13:00:00,129.339599609375,129.77000427246094,129.3300018310547,129.70010375976562,129.70010375976562,563236
2025-06-04 13:05:00,129.7198028564453,129.7449951171875,129.4199981689453,129.4499969482422,129.4499969482422,437111
2025-06-04 13:10:00,129.44500732421875,129.89999389648438,129.27020263671875,129.83009338378906,129.83009338378906,773413
2025-06-04 13:15:00,129.83970642089844,129.88999938964844,129.64500427246094,129.7100067138672,129.7100067138672,464821
2025-06-04 13:20:00,129.70840454101562,129.8699951171875,129.57000732421875,129.79930114746094,129.79930114746094,423991
2025-06-04 13:25:00,129.7946014404297,129.92990112304688,129.64999389648438,129.64999389648438,129.64999389648438,456110
2025-06-04 13:30:00,129.6699981689453,129.86000061035156,129.61000061035156,129.75,129.75,329990
2025-06-04 13:35:00,129.74249267578125,129.79420471191406,129.4600067138672,129.52000427246094,129.52000427246094,397657
2025-06-04 13:40:00,129.52499389648438,129.7899932861328,129.22999572753906,129.69000244140625,129.69000244140625,821860
2025-06-04 13:45:00,129.69960021972656,129.88999938964844,129.6300048828125,129.79640197753906,129.79640197753906,532823
2025-06-04 13:50:00,129.77999877929688,129.8800048828125,129.7100067138672,129.85000610351562,129.85000610351562,377167
2025-06-04 13:55:00,129.84019470214844,129.85980224609375,129.63999938964844,129.6699981689453,129.6699981689453,349306
2025-06-04 14:00:00,129.67999267578125,129.8000030517578,129.61000061035156,129.66000366210938,129.66000366210938,506331
2025-06-04 14:05:00,129.63999938964844,130.3300018310547,129.63999938964844,130.22999572753906,130.22999572753906,1197243
2025-06-04 14:10:00,130.2270050048828,130.52999877929688,130.19000244140625,130.41000366210938,130.41000366210938,701365
2025-06-04 14:15:00,130.41250610351562,130.49000549316406,130.1199951171875,130.22000122070312,130.22000122070312,546217
2025-06-04 14:20:00,130.2292022705078,130.58999633789062,130.2292022705078,130.45770263671875,130.45770263671875,583206
2025-06-04 14:25:00,130.45989990234375,130.6999969482422,130.32000732421875,130.67999267578125,130.67999267578125,510014
2025-06-04 14:30:00,130.6750030517578,130.82000732421875,130.60000610351562,130.72000122070312,130.72000122070312,563757
2025-06-04 14:35:00,130.7100067138672,131.0800018310547,130.6999969482422,130.8511962890625,130.8511962890625,889398
2025-06-04 14:40:00,130.85499572753906,131.0800018310547,130.72999572753906,130.7949981689453,130.7949981689453,628133
2025-06-04 14:45:00,130.79010009765625,131.0500030517578,130.64999389648438,130.75999450683594,130.75999450683594,713251
2025-06-04 14:50:00,130.76499938964844,130.76499938964844,130.4499969482422,130.6461944580078,130.6461944580078,693785
2025-06-04 14:55:00,130.64500427246094,130.80499267578125,130.51300048828125,130.5500030517578,130.5500030517578,535876
2025-06-04 15:00:00,130.57000732421875,131.02000427246094,130.5399932861328,130.7436065673828,130.7436065673828,754438
2025-06-04 15:05:00,130.72999572753906,130.8699951171875,130.5500030517578,130.6800994873047,130.6800994873047,572327
2025-06-04 15:10:00,130.6804962158203,130.89999389648438,130.56320190429688,130.7899932861328,130.7899932861328,482034
2025-06-04 15:15:00,130.7899932861328,130.81820678710938,130.0399932861328,130.3300018310547,130.3300018310547,985933
2025-06-04 15:20:00,130.30999755859375,130.66000366210938,130.21209716796875,130.63180541992188,130.63180541992188,676479
2025-06-04 15:25:00,130.6300048828125,130.99000549316406,130.6295928955078,130.79600524902344,130.79600524902344,715434
2025-06-04 15:30:00,130.7899932861328,130.8800048828125,130.4718017578125,130.49000549316406,130.49000549316406,705247
2025-06-04 15:35:00,130.50999450683594,130.52499389648438,130.30999755859375,130.3800048828125,130.3800048828125,626850
2025-06-04 15:40:00,130.39439392089844,130.60000610351562,130.22999572753906,130.52639770507812,130.52639770507812,837968
2025-06-04 15:45:00,130.51609802246094,130.6300048828125,130.2736053466797,130.41000366210938,130.41000366210938,597951
2025-06-04 15:50:00,130.38999938964844,130.4199981689453,129.8699951171875,130.05999755859375,130.05999755859375,1443087
2025-06-04 15:55:00,130.0800018310547,130.25,129.87010192871094,129.97000122070312,129.97000122070312,1353399
2025-06-05 00:00:00,129.27000427246094,132.85000610351562,118.93000030517578,119.91000366210938,119.91000366210938,131055900
2025-06-05 09:30:00,129.32000732421875,131.60000610351562,128.89999389648438,130.8800048828125,130.8800048828125,5197410
2025-06-05 09:35:00,130.9199981689453,131.0,130.19000244140625,130.77000427246094,130.77000427246094,1761062
2025-06-05 09:40:00,130.75999450683594,132.85000610351562,130.7449951171875,132.14999389648438,132.14999389648438,3531798
2025-06-05 09:45:00,132.1199951171875,132.1645965576172,130.7602996826172,131.27000427246094,131.27000427246094,2606910
2025-06-05 09:50:00,131.28500366210938,131.5,129.76499938964844,130.7100067138672,130.7100067138672,2169156
2025-06-05 09:55:00,130.6699981689453,131.27999877929688,130.49000549316406,130.75999450683594,130.75999450683594,1510379
2025-06-05 10:00:00,130.7899932861328,131.1999969482422,130.25,130.38999938964844,130.38999938964844,1481577
2025-06-05 10:05:00,130.41000366210938,130.41000366210938,129.69000244140625,130.3000030517578,130.3000030517578,1438931
2025-06-05 10:10:00,130.3000030517578,131.32000732421875,130.2100067138672,131.11500549316406,131.11500549316406,1424091
2025-06-05 10:15:00,131.10000610351562,131.92999267578125,131.10000610351562,131.60000610351562,131.60000610351562,1523185
2025-06-05 10:20:00,131.63999938964844,131.78990173339844,130.9499969482422,131.2899932861328,131.2899932861328,1230748
2025-06-05 10:25:00,131.28329467773438,131.5500030517578,131.11000061035156,131.4102020263672,131.4102020263672,925103
2025-06-05 10:30:00,131.41900634765625,131.55999755859375,130.64999389648438,131.2899932861328,131.2899932861328,1274484
2025-06-05 10:35:00,131.25950622558594,131.9600067138672,131.11000061035156,131.52499389648438,131.52499389648438,1854262
2025-06-05 10:40:00,131.54989624023438,132.35000610351562,131.05999755859375,132.07000732421875,132.07000732421875,2015615
2025-06-05 10:45:00,132.11599731445312,132.4597930908203,131.74000549316406,131.89500427246094,131.89500427246094,1546633
2025-06-05 10:50:00,131.8800048828125,132.4149932861328,131.6999969482422,132.12649536132812,132.12649536132812,1135750
2025-06-05 10:55:00,132.11199951171875,132.3300018310547,131.9300994873047,132.1199951171875,132.1199951171875,728695
2025-06-05 11:00:00,132.11349487304688,132.14500427246094,131.4499969482422,131.50999450683594,131.50999450683594,774847
2025-06-05 11:05:00,131.52000427246094,131.82000732421875,131.1999969482422,131.6750030517578,131.6750030517578,956590
2025-06-05 11:10:00,131.69000244140625,131.7100067138672,131.3101043701172,131.44000244140625,131.44000244140625,572597
2025-06-05 11:15:00,131.4499969482422,132.0800018310547,131.38999938964844,131.96499633789062,131.96499633789062,785029
2025-06-05 11:20:00,131.97079467773438,132.07000732421875,131.5500030517578,131.63999938964844,131.63999938964844,624009
2025-06-05 11:25:00,131.64500427246094,131.72999572753906,131.25,131.6649932861328,131.6649932861328,687148
2025-06-05 11:30:00,131.66000366210938,131.67999267578125,131.28500366210938,131.3300018310547,131.3300018310547,493677
2025-06-05 11:35:00,131.3300018310547,131.35000610351562,130.9499969482422,131.125,131.125,877913
2025-06-05 11:40:00,131.1300048828125,131.27000427246094,130.8000030517578,131.03030395507812,131.03030395507812,811857
2025-06-05 11:45:00,131.03500366210938,131.0500030517578,130.7100067138672,130.9199981689453,130.9199981689453,651291
2025-06-05 11:50:00,130.9199981689453,130.99000549316406,130.5800018310547,130.6999969482422,130.6999969482422,592333
2025-06-05 11:55:00,130.67689514160156,130.69000244140625,130.41000366210938,130.48199462890625,130.48199462890625,709040
2025-06-05 12:00:00,130.47999572753906,130.63999938964844,130.11000061035156,130.22999572753906,130.22999572753906,951143
2025-06-05 12:05:00,130.25,130.53619384765625,130.11959838867188,130.2239990234375,130.2239990234375,686258
2025-06-05 12:10:00,130.1999969482422,130.3699951171875,129.91000366210938,130.12210083007812,130.12210083007812,798308
2025-06-05 12:15:00,130.08999633789062,130.24000549316406,129.74000549316406,129.7899932861328,129.7899932861328,922024
2025-06-05 12:20:00,129.7899932861328,130.16000366210938,129.64999389648438,129.8699951171875,129.8699951171875,878823
2025-06-05 12:25:00,129.86990356445312,130.08949279785156,129.6999969482422,129.95989990234375,129.95989990234375,682819
2025-06-05 12:30:00,129.92999267578125,130.04989624023438,129.22500610351562,129.35000610351562,129.35000610351562,839165
2025-06-05 12:35:00,129.33999633789062,129.6999969482422,128.75,128.86000061035156,128.86000061035156,1076546
2025-06-05 12:40:00,128.83999633789062,129.0,127.62000274658203,127.62999725341797,127.62999725341797,1602764
2025-06-05 12:45:00,127.62000274658203,127.62999725341797,123.69999694824219,124.78009796142578,124.78009796142578,7687935
2025-06-05 12:50:00,124.77999877929688,125.27999877929688,123.8499984741211,124.8499984741211,124.8499984741211,2697734
2025-06-05 12:55:00,124.8499984741211,124.91000366210938,123.20999908447266,123.40499877929688,123.40499877929688,4341411
2025-06-05 13:00:00,123.40499877929688,124.12999725341797,122.57039642333984,123.93000030517578,123.93000030517578,3528567
2025-06-05 13:05:00,123.95999908447266,124.42970275878906,122.95999908447266,123.1677017211914,123.1677017211914,2598835
2025-06-05 13:10:00,123.125,124.08999633789062,123.12000274658203,123.61000061035156,123.61000061035156,1414560
2025-06-05 13:15:00,123.63999938964844,124.45999908447266,123.56379699707031,123.57499694824219,123.57499694824219,1657394
2025-06-05 13:20:00,123.58000183105469,123.70999908447266,122.61000061035156,122.80500030517578,122.80500030517578,2285570
2025-06-05 13:25:00,122.80500030517578,123.54000091552734,122.76000213623047,123.08999633789062,123.08999633789062,1593510
2025-06-05 13:30:00,123.13999938964844,123.51959991455078,122.81999969482422,123.0199966430664,123.0199966430664,1246673
2025-06-05 13:35:00,123.01499938964844,123.18499755859375,122.69999694824219,122.83000183105469,122.83000183105469,1164237
2025-06-05 13:40:00,122.84989929199219,123.0,122.0199966430664,122.06999969482422,122.06999969482422,2181673
2025-06-05 13:45:00,122.03379821777344,122.16000366210938,121.25,121.9563980102539,121.9563980102539,2584241
2025-06-05 13:50:00,121.97480010986328,122.44989776611328,121.5281982421875,122.01000213623047,122.01000213623047,1425847
2025-06-05 13:55:00,121.98999786376953,122.01499938964844,121.29000091552734,121.51580047607422,121.51580047607422,1531712
2025-06-05 14:00:00,121.5199966430664,122.19989776611328,121.36009979248047,122.11039733886719,122.11039733886719,1335921
2025-06-05 14:05:00,122.1447982788086,122.41000366210938,121.88999938964844,122.20500183105469,122.20500183105469,1110948
2025-06-05 14:10:00,122.20999908447266,122.58979797363281,121.95999908447266,122.26000213623047,122.26000213623047,974877
2025-06-05 14:15:00,122.23999786376953,122.29000091552734,121.4800033569336,122.15679931640625,122.15679931640625,1294102
2025-06-05 14:20:00,122.16999816894531,123.01000213623047,121.91500091552734,122.8550033569336,122.8550033569336,1222994
2025-06-05 14:25:00,122.86499786376953,122.90989685058594,122.44629669189453,122.51000213623047,122.51000213623047,977549
2025-06-05 14:30:00,122.5,122.59500122070312,122.0,122.2302017211914,122.2302017211914,1035082
2025-06-05 14:35:00,122.23999786376953,122.9800033569336,122.13200378417969,122.4800033569336,122.4800033569336,1068381
2025-06-05 14:40:00,122.5,122.73999786376953,122.19010162353516,122.42240142822266,122.42240142822266,844508
2025-06-05 14:45:00,122.4000015258789,122.66000366210938,122.30999755859375,122.55999755859375,122.55999755859375,663696
2025-06-05 14:50:00,122.58000183105469,122.68049621582031,122.20999908447266,122.23999786376953,122.23999786376953,819360
2025-06-05 14:55:00,122.25499725341797,122.45999908447266,121.55999755859375,121.83000183105469,121.83000183105469,1257284
2025-06-05 15:00:00,121.83000183105469,122.47000122070312,121.77999877929688,122.01000213623047,122.01000213623047,1027121
2025-06-05 15:05:00,122.02999877929688,122.12000274658203,121.4800033569336,121.75379943847656,121.75379943847656,1147028
2025-06-05 15:10:00,121.76000213623047,122.16999816894531,121.30000305175781,121.42009735107422,121.42009735107422,1381865
2025-06-05 15:15:00,121.43000030517578,121.45999908447266,119.91000366210938,120.33999633789062,120.33999633789062,3679058
2025-06-05 15:20:00,120.33000183105469,120.70999908447266,118.93000030517578,119.4000015258789,119.4000015258789,3241797
2025-06-05 15:25:00,119.41000366210938,120.65499877929688,119.19999694824219,120.38300323486328,120.38300323486328,1865902
2025-06-05 15:30:00,120.38999938964844,121.02999877929688,120.2699966430664,120.8812026977539,120.8812026977539,1452527
2025-06-05 15:35:00,120.91999816894531,121.46499633789062,120.77999877929688,121.40499877929688,121.40499877929688,1391361
2025-06-05 15:40:00,121.40499877929688,121.44499969482422,120.1500015258789,120.44999694824219,120.44999694824219,1663611
2025-06-05 15:45:00,120.44999694824219,120.8949966430664,120.3499984741211,120.62010192871094,120.62010192871094,1557729
2025-06-05 15:50:00,120.58999633789062,120.62999725341797,119.77749633789062,119.81500244140625,119.81500244140625,2018876
2025-06-05 15:55:00,119.80000305175781,120.55989837646484,119.69999694824219,119.91000366210938,119.91000366210938,3094653
2025-06-06 00:00:00,123.7300033569336,128.1300048828125,121.91999816894531,127.72000122070312,127.72000122070312,87175100
2025-06-06 09:30:00,123.74500274658203,123.9800033569336,121.91999816894531,122.5103988647461,122.5103988647461,7737211
2025-06-06 09:35:00,122.51000213623047,124.18000030517578,122.2300033569336,123.9000015258789,123.9000015258789,2116635
2025-06-06 09:40:00,124.0385971069336,125.3499984741211,123.91999816894531,124.39640045166016,124.39640045166016,4376696
2025-06-06 09:45:00,124.43000030517578,124.98999786376953,124.18000030517578,124.87000274658203,124.87000274658203,2178667
2025-06-06 09:50:00,124.87000274658203,124.94000244140625,124.66000366210938,124.91000366210938,124.91000366210938,282052
2025-06-06 09:55:00,124.23680114746094,125.48999786376953,124.08000183105469,125.44920349121094,125.44920349121094,3905500
2025-06-06 10:00:00,125.47000122070312,125.66999816894531,124.62000274658203,124.7300033569336,124.7300033569336,1784544
2025-06-06 10:05:00,124.73999786376953,125.4000015258789,124.67070007324219,125.4000015258789,125.4000015258789,988459
2025-06-06 10:10:00,125.12999725341797,125.12999725341797,124.43080139160156,124.92030334472656,124.92030334472656,1719818
2025-06-06 10:15:00,124.91999816894531,125.33000183105469,124.51000213623047,124.58999633789062,124.58999633789062,1139026
2025-06-06 10:20:00,124.55999755859375,124.68000030517578,124.05000305175781,124.61000061035156,124.61000061035156,1150642
2025-06-06 10:25:00,124.62000274658203,124.97000122070312,124.19999694824219,124.6449966430664,124.6449966430664,1037558
2025-06-06 10:30:00,124.62999725341797,124.8667984008789,123.66000366210938,124.58529663085938,124.58529663085938,1444051
2025-06-06 10:35:00,124.58000183105469,124.94000244140625,124.33000183105469,124.8499984741211,124.8499984741211,910396
2025-06-06 10:40:00,124.82499694824219,125.29920196533203,124.74009704589844,125.13009643554688,125.13009643554688,1103267
2025-06-06 10:45:00,125.12000274658203,125.14990234375,124.68000030517578,124.74700164794922,124.74700164794922,753957
2025-06-06 10:50:00,124.76000213623047,124.83000183105469,124.54000091552734,124.63999938964844,124.63999938964844,635756
2025-06-06 10:55:00,124.63999938964844,124.70999908447266,124.29000091552734,124.65360260009766,124.65360260009766,860657
2025-06-06 11:00:00,124.6500015258789,125.08999633789062,124.41999816894531,124.45999908447266,124.45999908447266,806719
2025-06-06 11:05:00,124.45999908447266,124.63970184326172,124.2699966430664,124.46499633789062,124.46499633789062,849455
2025-06-06 11:10:00,124.4800033569336,124.4800033569336,123.8499984741211,124.2699966430664,124.2699966430664,932068
2025-06-06 11:15:00,124.2750015258789,124.69000244140625,124.12000274658203,124.52989959716797,124.52989959716797,494910
2025-06-06 11:20:00,123.92500305175781,124.2300033569336,123.66999816894531,124.1449966430664,124.1449966430664,1512591
2025-06-06 11:25:00,124.41999816894531,124.83000183105469,124.40010070800781,124.8051986694336,124.8051986694336,759755
2025-06-06 11:30:00,124.78500366210938,124.88639831542969,124.7300033569336,124.87989807128906,124.87989807128906,833458
2025-06-06 11:35:00,124.55000305175781,124.55000305175781,124.41999816894531,124.51930236816406,124.51930236816406,533164
2025-06-06 11:40:00,124.6604995727539,124.91999816894531,124.62439727783203,124.90989685058594,124.90989685058594,483562
2025-06-06 11:45:00,124.83000183105469,124.83989715576172,124.68000030517578,124.70500183105469,124.70500183105469,629150
2025-06-06 11:50:00,124.68499755859375,124.80000305175781,124.55000305175781,124.7699966430664,124.7699966430664,379255
2025-06-06 11:55:00,124.7699966430664,124.92960357666016,124.55999755859375,124.5999984741211,124.5999984741211,443681
2025-06-06 12:00:00,124.58000183105469,124.88999938964844,124.5,124.87000274658203,124.87000274658203,392162
2025-06-06 12:05:00,124.87000274658203,125.13999938964844,124.74019622802734,124.92009735107422,124.92009735107422,646672
2025-06-06 12:10:00,124.92009735107422,125.44999694824219,124.9000015258789,125.24980163574219,125.24980163574219,827535
2025-06-06 12:15:00,125.21890258789062,125.23999786376953,124.9000015258789,124.98500061035156,124.98500061035156,481803
2025-06-06 12:20:00,124.98999786376953,125.04000091552734,124.51000213623047,124.58499908447266,124.58499908447266,569925
2025-06-06 12:25:00,124.59010314941406,125.04000091552734,124.54000091552734,124.9800033569336,124.9800033569336,556757
2025-06-06 12:30:00,124.9800033569336,125.0,124.62000274658203,124.80079650878906,124.80079650878906,417160
2025-06-06 12:35:00,124.80000305175781,124.8499984741211,124.55000305175781,124.73500061035156,124.73500061035156,371719
2025-06-06 12:40:00,124.69999694824219,124.91500091552734,124.44999694824219,124.67500305175781,124.67500305175781,516586
2025-06-06 12:45:00,124.67179870605469,125.0199966430664,124.56999969482422,124.98650360107422,124.98650360107422,507432
2025-06-06 12:50:00,124.9800033569336,125.20999908447266,124.81999969482422,125.15499877929688,125.15499877929688,555436
2025-06-06 12:55:00,125.12539672851562,125.16999816894531,124.75700378417969,124.81430053710938,124.81430053710938,449499
2025-06-06 13:00:00,124.79000091552734,125.11969757080078,124.72000122070312,125.08499908447266,125.08499908447266,494812
2025-06-06 13:05:00,125.08409881591797,125.33000183105469,125.05000305175781,125.17829895019531,125.17829895019531,501485
2025-06-06 13:10:00,125.18000030517578,125.93000030517578,125.0,125.86000061035156,125.86000061035156,890373
2025-06-06 13:15:00,125.86000061035156,126.46980285644531,125.71499633789062,126.37000274658203,126.37000274658203,1722599
2025-06-06 13:20:00,126.3499984741211,126.5,125.93000030517578,125.9800033569336,125.9800033569336,1012328
2025-06-06 13:25:00,125.97959899902344,126.19000244140625,125.75,126.15989685058594,126.15989685058594,661140
2025-06-06 13:30:00,126.14559936523438,126.9000015258789,126.13999938964844,126.8499984741211,126.8499984741211,1406309
2025-06-06 13:35:00,126.8550033569336,127.19999694824219,126.72000122070312,127.13009643554688,127.13009643554688,1216822
2025-06-06 13:40:00,127.12999725341797,127.36979675292969,126.83000183105469,127.08000183105469,127.08000183105469,1328867
2025-06-06 13:45:00,127.08999633789062,127.19000244140625,126.72000122070312,126.7699966430664,126.7699966430664,861852
2025-06-06 13:50:00,126.7699966430664,126.81999969482422,126.41999816894531,126.5,126.5,785228
2025-06-06 13:55:00,126.48999786376953,126.54000091552734,126.31069946289062,126.41960144042969,126.41960144042969,633533
2025-06-06 14:00:00,126.41999816894531,126.73999786376953,126.3499984741211,126.70999908447266,126.70999908447266,694006
2025-06-06 14:05:00,126.71499633789062,127.11000061035156,126.56999969482422,126.87999725341797,126.87999725341797,721323
2025-06-06 14:10:00,126.86000061035156,127.11000061035156,126.77999877929688,127.06999969482422,127.06999969482422,475379
2025-06-06 14:15:00,127.05999755859375,127.25,126.94999694824219,127.2300033569336,127.2300033569336,513160
2025-06-06 14:20:00,127.22160339355469,127.3550033569336,127.05000305175781,127.12000274658203,127.12000274658203,687394
2025-06-06 14:25:00,127.11219787597656,127.55999755859375,127.0199966430664,127.48999786376953,127.48999786376953,820147
2025-06-06 14:30:00,127.4800033569336,127.68000030517578,127.41999816894531,127.52999877929688,127.52999877929688,792224
2025-06-06 14:35:00,127.51000213623047,127.83999633789062,127.45999908447266,127.69499969482422,127.69499969482422,822314
2025-06-06 14:40:00,127.69999694824219,128.0800018310547,127.62999725341797,128.0592041015625,128.0592041015625,1415646
2025-06-06 14:45:00,128.07000732421875,128.1300048828125,127.69999694824219,127.83000183105469,127.83000183105469,1057686
2025-06-06 14:50:00,127.82080078125,127.96990203857422,127.56999969482422,127.80000305175781,127.80000305175781,698977
2025-06-06 14:55:00,127.79000091552734,128.07009887695312,127.7593994140625,127.82499694824219,127.82499694824219,700881
2025-06-06 15:00:00,127.81999969482422,127.91999816894531,127.65499877929688,127.76210021972656,127.76210021972656,563955
2025-06-06 15:05:00,127.77999877929688,128.10000610351562,127.69020080566406,127.7750015258789,127.7750015258789,604975
2025-06-06 15:10:00,127.7699966430664,127.8499984741211,127.62000274658203,127.68000030517578,127.68000030517578,553699
2025-06-06 15:15:00,127.67500305175781,127.87989807128906,127.4000015258789,127.43229675292969,127.43229675292969,777415
2025-06-06 15:20:00,127.4301986694336,127.4301986694336,126.88999938964844,127.29499816894531,127.29499816894531,979102
2025-06-06 15:25:00,127.2699966430664,127.55000305175781,127.2300033569336,127.4561996459961,127.4561996459961,720341
2025-06-06 15:30:00,127.43000030517578,127.58000183105469,127.13999938964844,127.30999755859375,127.30999755859375,730380
2025-06-06 15:35:00,127.31880187988281,127.7300033569336,127.30999755859375,127.4800033569336,127.4800033569336,757631
2025-06-06 15:40:00,127.47000122070312,127.63770294189453,127.31999969482422,127.58499908447266,127.58499908447266,588638
2025-06-06 15:45:00,127.58000183105469,127.86000061035156,127.533203125,127.58999633789062,127.58999633789062,911404
2025-06-06 15:50:00,127.58999633789062,127.98999786376953,127.27999877929688,127.95999908447266,127.95999908447266,1360212
2025-06-06 15:55:00,127.94999694824219,128.0500030517578,127.47000122070312,127.68000030517578,127.68000030517578,2215266
2025-06-09 00:00:00,127.07499694824219,132.22999572753906,124.80000305175781,132.05999755859375,132.05999755859375,74785600
2025-06-09 09:30:00,127.12999725341797,127.37000274658203,124.93000030517578,125.20500183105469,125.20500183105469,5177586
2025-06-09 09:35:00,125.21499633789062,125.55359649658203,124.80000305175781,125.33499908447266,125.33499908447266,1748610
2025-06-09 09:40:00,125.32499694824219,126.42729949951172,125.310302734375,126.25019836425781,126.25019836425781,1580591
2025-06-09 09:45:00,126.26499938964844,126.37999725341797,125.92009735107422,126.09500122070312,126.09500122070312,406701
2025-06-09 09:50:00,126.95790100097656,127.18000030517578,126.56999969482422,126.91899871826172,126.91899871826172,2151050
2025-06-09 09:55:00,126.94499969482422,127.45970153808594,126.55000305175781,126.56500244140625,126.56500244140625,1289252
2025-06-09 10:00:00,126.58499908447266,126.99610137939453,126.44000244140625,126.91999816894531,126.91999816894531,968877
2025-06-09 10:05:00,126.91999816894531,127.3499984741211,126.76000213623047,126.91000366210938,126.91000366210938,924364
2025-06-09 10:10:00,126.91999816894531,127.18000030517578,126.43000030517578,127.0999984741211,127.0999984741211,824888
2025-06-09 10:15:00,127.10060119628906,127.6500015258789,126.87000274658203,127.4800033569336,127.4800033569336,979969
2025-06-09 10:20:00,127.47000122070312,127.94000244140625,127.31999969482422,127.73500061035156,127.73500061035156,972322
2025-06-09 10:25:00,127.7249984741211,127.78980255126953,127.11000061035156,127.23999786376953,127.23999786376953,777678
2025-06-09 10:30:00,127.2300033569336,127.7699966430664,127.1050033569336,127.55999755859375,127.55999755859375,781695
2025-06-09 10:35:00,127.55999755859375,127.56999969482422,127.11000061035156,127.3822021484375,127.3822021484375,645549
2025-06-09 10:40:00,127.37000274658203,127.70999908447266,127.27100372314453,127.5199966430664,127.5199966430664,588100
2025-06-09 10:45:00,127.51000213623047,128.22000122070312,127.33000183105469,127.95999908447266,127.95999908447266,958942
2025-06-09 10:50:00,127.97000122070312,128.66000366210938,127.76000213623047,128.28990173339844,128.28990173339844,1186784
2025-06-09 10:55:00,128.3000030517578,128.3699951171875,127.61000061035156,127.63999938964844,127.63999938964844,859643
2025-06-09 11:00:00,127.66999816894531,128.17999267578125,127.55000305175781,128.143798828125,128.143798828125,694787
2025-06-09 11:05:00,128.16000366210938,128.5399932861328,128.10000610351562,128.466796875,128.466796875,712491
2025-06-09 11:10:00,128.47000122070312,128.7899932861328,128.18499755859375,128.5449981689453,128.5449981689453,935179
2025-06-09 11:15:00,128.5500030517578,128.58990478515625,127.81999969482422,127.93499755859375,127.93499755859375,813864
2025-06-09 11:20:00,127.943603515625,128.4698028564453,127.93499755859375,128.30999755859375,128.30999755859375,615724
2025-06-09 11:25:00,128.32000732421875,128.6300048828125,128.2100067138672,128.4705047607422,128.4705047607422,599910
2025-06-09 11:30:00,128.47000122070312,129.08999633789062,128.4499969482422,128.92999267578125,128.92999267578125,1102401
2025-06-09 11:35:00,128.9250030517578,129.30999755859375,128.8699951171875,129.27499389648438,129.27499389648438,932447
2025-06-09 11:40:00,129.2700958251953,129.27999877929688,128.92869567871094,129.01109313964844,129.01109313964844,617378
2025-06-09 11:45:00,129.02000427246094,129.14590454101562,128.75999450683594,129.12030029296875,129.12030029296875,555840
2025-06-09 11:50:00,129.11000061035156,129.6300048828125,129.06500244140625,129.5050048828125,129.5050048828125,1031668
2025-06-09 11:55:00,129.51980590820312,129.5399932861328,129.22999572753906,129.28469848632812,129.28469848632812,566746
2025-06-09 12:00:00,129.27999877929688,129.4499969482422,129.1199951171875,129.3350067138672,129.3350067138672,559473
2025-06-09 12:05:00,129.32000732421875,129.85499572753906,129.32000732421875,129.4600067138672,129.4600067138672,827187
2025-06-09 12:10:00,129.4600067138672,129.89999389648438,129.4499969482422,129.77000427246094,129.77000427246094,646749
2025-06-09 12:15:00,129.77000427246094,129.97000122070312,129.6309051513672,129.83349609375,129.83349609375,620776
2025-06-09 12:20:00,129.83999633789062,129.91000366210938,129.6999969482422,129.83999633789062,129.83999633789062,528921
2025-06-09 12:25:00,129.85980224609375,129.91000366210938,129.4499969482422,129.5050048828125,129.5050048828125,566003
2025-06-09 12:30:00,129.50999450683594,129.91000366210938,129.50999450683594,129.84500122070312,129.84500122070312,426785
2025-06-09 12:35:00,129.84410095214844,130.3000030517578,129.6699981689453,130.11309814453125,130.11309814453125,1210377
2025-06-09 12:40:00,130.1199951171875,130.20179748535156,129.88999938964844,130.07000732421875,130.07000732421875,600624
2025-06-09 12:45:00,130.05999755859375,130.5399932861328,130.00999450683594,130.389404296875,130.389404296875,895411
2025-06-09 12:50:00,130.39999389648438,130.77000427246094,130.3560028076172,130.63999938964844,130.63999938964844,733025
2025-06-09 12:55:00,130.6300048828125,130.6300048828125,130.32000732421875,130.53500366210938,130.53500366210938,625403
2025-06-09 13:00:00,130.53500366210938,130.9398956298828,130.47000122070312,130.8800048828125,130.8800048828125,770363
2025-06-09 13:05:00,130.88009643554688,131.36000061035156,130.75999450683594,131.34010314941406,131.34010314941406,1242603
2025-06-09 13:10:00,131.34800720214844,131.69000244140625,131.25,131.66000366210938,131.66000366210938,1285610
2025-06-09 13:15:00,131.64019775390625,131.67999267578125,131.12010192871094,131.1699981689453,131.1699981689453,975973
2025-06-09 13:20:00,131.17999267578125,131.1999053955078,130.61000061035156,130.72999572753906,130.72999572753906,1019386
2025-06-09 13:25:00,130.74000549316406,131.14990234375,130.50999450683594,131.03729248046875,131.03729248046875,980913
2025-06-09 13:30:00,131.02999877929688,131.0596923828125,130.6199951171875,130.79010009765625,130.79010009765625,599268
2025-06-09 13:35:00,130.80999755859375,130.97000122070312,130.7100067138672,130.80999755859375,130.80999755859375,378767
2025-06-09 13:40:00,130.80999755859375,131.35000610351562,130.80999755859375,131.3249969482422,131.3249969482422,809277
2025-06-09 13:45:00,131.32009887695312,131.38999938964844,131.0904998779297,131.1999969482422,131.1999969482422,516798
2025-06-09 13:50:00,131.1999969482422,131.35000610351562,130.94000244140625,131.02000427246094,131.02000427246094,490244
2025-06-09 13:55:00,131.02940368652344,131.13999938964844,130.85000610351562,130.92799377441406,130.92799377441406,380022
2025-06-09 14:00:00,130.89999389648438,131.14999389648438,130.75999450683594,131.02310180664062,131.02310180664062,480642
2025-06-09 14:05:00,131.0167999267578,131.67999267578125,130.9801025390625,131.5800018310547,131.5800018310547,803373
2025-06-09 14:10:00,131.58419799804688,131.69000244140625,131.17999267578125,131.3101043701172,131.3101043701172,579029
2025-06-09 14:15:00,131.30999755859375,131.4250030517578,131.2100067138672,131.33999633789062,131.33999633789062,391949
2025-06-09 14:20:00,131.3498992919922,131.4600067138672,131.3300018310547,131.3553009033203,131.3553009033203,103169
2025-06-09 14:25:00,131.44000244140625,131.6873016357422,131.44000244140625,131.5399932861328,131.5399932861328,820984
2025-06-09 14:30:00,131.52000427246094,131.82000732421875,131.41000366210938,131.7100067138672,131.7100067138672,568433
2025-06-09 14:35:00,131.71539306640625,131.8300018310547,131.24000549316406,131.3800048828125,131.3800048828125,700942
2025-06-09 14:40:00,131.3699951171875,131.4398956298828,131.25,131.42999267578125,131.42999267578125,457265
2025-06-09 14:45:00,131.42999267578125,131.77999877929688,131.41000366210938,131.625,131.625,617001
2025-06-09 14:50:00,131.625,131.7050018310547,131.3800048828125,131.42999267578125,131.42999267578125,353682
2025-06-09 14:55:00,131.42999267578125,131.73980712890625,131.2899932861328,131.7100067138672,131.7100067138672,653633
2025-06-09 15:00:00,131.7100067138672,131.77999877929688,131.50999450683594,131.55450439453125,131.55450439453125,449272
2025-06-09 15:05:00,131.5500030517578,131.94000244140625,131.49000549316406,131.92999267578125,131.92999267578125,671951
2025-06-09 15:10:00,131.94000244140625,132.22999572753906,131.85000610351562,132.00250244140625,132.00250244140625,1246767
2025-06-09 15:15:00,131.9949951171875,132.0399932861328,131.84019470214844,131.97000122070312,131.97000122070312,555230
2025-06-09 15:20:00,131.96499633789062,131.99000549316406,131.6999969482422,131.86500549316406,131.86500549316406,653960
2025-06-09 15:25:00,131.86500549316406,132.07000732421875,131.7899932861328,131.91990661621094,131.91990661621094,584185
2025-06-09 15:30:00,131.91000366210938,132.13999938964844,131.72999572753906,131.92999267578125,131.92999267578125,667870
2025-06-09 15:35:00,131.92120361328125,132.0897979736328,131.6999969482422,131.75999450683594,131.75999450683594,608530
2025-06-09 15:40:00,131.7449951171875,131.77000427246094,131.42999267578125,131.65499877929688,131.65499877929688,800489
2025-06-09 15:45:00,131.64999389648438,131.7407989501953,131.52000427246094,131.6199951171875,131.6199951171875,631992
2025-06-09 15:50:00,131.72000122070312,132.10000610351562,131.64999389648438,132.05999755859375,132.05999755859375,1359008
2025-06-09 15:55:00,132.0399932861328,132.19000244140625,131.91000366210938,132.0,132.0,2582274
2025-06-10 00:00:00,131.02000427246094,134.07000732421875,129.41000366210938,132.80999755859375,132.80999755859375,69308900
2025-06-10 09:30:00,131.0800018310547,132.3800048828125,130.4600067138672,132.125,132.125,3979369
2025-06-10 09:35:00,132.12289428710938,133.39999389648438,131.92999267578125,133.1300048828125,133.1300048828125,3207369
2025-06-10 09:40:00,133.15989685058594,134.0699005126953,132.83999633789062,133.30999755859375,133.30999755859375,2811831
2025-06-10 09:45:00,133.30999755859375,133.50999450683594,132.19000244140625,132.75999450683594,132.75999450683594,1991411
2025-06-10 09:50:00,132.72000122070312,133.4199981689453,132.5500030517578,132.9550018310547,132.9550018310547,1509760
2025-06-10 09:55:00,132.9499969482422,133.3852996826172,132.5,133.3300018310547,133.3300018310547,1270893
2025-06-10 10:00:00,133.3000030517578,133.33949279785156,132.61000061035156,132.89950561523438,132.89950561523438,1013074
2025-06-10 10:05:00,132.9199981689453,132.9488067626953,131.85000610351562,132.3350067138672,132.3350067138672,1389392
2025-06-10 10:10:00,132.3350067138672,132.77999877929688,131.91000366210938,132.0299072265625,132.0299072265625,1272630
2025-06-10 10:15:00,132.0,132.77000427246094,131.77000427246094,132.41000366210938,132.41000366210938,1123795
2025-06-10 10:20:00,132.41000366210938,132.54989624023438,131.80990600585938,131.97279357910156,131.97279357910156,946911
2025-06-10 10:25:00,131.9600067138672,132.1300048828125,131.44000244140625,131.72000122070312,131.72000122070312,959523
2025-06-10 10:30:00,131.72999572753906,131.9199981689453,131.32000732421875,131.53500366210938,131.53500366210938,855767
2025-06-10 10:35:00,131.53500366210938,131.97999572753906,131.5,131.8699951171875,131.8699951171875,753238
2025-06-10 10:40:00,131.875,132.3699951171875,131.80999755859375,132.02000427246094,132.02000427246094,798075
2025-06-10 10:45:00,132.0189971923828,132.05499267578125,131.5,131.81500244140625,131.81500244140625,702924
2025-06-10 10:50:00,131.8249969482422,131.9600067138672,131.50010681152344,131.58999633789062,131.58999633789062,595195
2025-06-10 10:55:00,131.63999938964844,131.66000366210938,130.86000061035156,130.8636016845703,130.8636016845703,1262760
2025-06-10 11:00:00,130.72999572753906,131.16990661621094,130.7100067138672,131.12339782714844,131.12339782714844,1015337
2025-06-10 11:05:00,131.32000732421875,131.37759399414062,131.17999267578125,131.28500366210938,131.28500366210938,677914
2025-06-10 11:10:00,130.78700256347656,130.8000030517578,130.67999267578125,130.72000122070312,130.72000122070312,1352489
2025-06-10 11:15:00,131.36000061035156,131.49000549316406,131.24000549316406,131.4149932861328,131.4149932861328,1353857
2025-06-10 11:20:00,131.4250030517578,131.5,131.00999450683594,131.1999969482422,131.1999969482422,525524
2025-06-10 11:25:00,131.20010375976562,131.36959838867188,130.60000610351562,130.86000061035156,130.86000061035156,682772
2025-06-10 11:30:00,130.87249755859375,130.9499053955078,129.41000366210938,129.88619995117188,129.88619995117188,1682431
2025-06-10 11:35:00,129.88999938964844,130.49000549316406,129.78500366210938,130.4600067138672,130.4600067138672,1009796
2025-06-10 11:40:00,130.46499633789062,131.08999633789062,130.30999755859375,131.02499389648438,131.02499389648438,779820
2025-06-10 11:45:00,131.05250549316406,131.14999389648438,130.82000732421875,130.97999572753906,130.97999572753906,516427
2025-06-10 11:50:00,130.99000549316406,131.83999633789062,130.97999572753906,131.7899932861328,131.7899932861328,909215
2025-06-10 11:55:00,131.78500366210938,131.8800048828125,131.46400451660156,131.58929443359375,131.58929443359375,657200
2025-06-10 12:00:00,131.57000732421875,131.7346954345703,131.3699951171875,131.44500732421875,131.44500732421875,519986
2025-06-10 12:05:00,131.43080139160156,131.67999267578125,131.4293975830078,131.54849243164062,131.54849243164062,371333
2025-06-10 12:10:00,131.56500244140625,132.2899932861328,131.5399932861328,132.23500061035156,132.23500061035156,1067067
2025-06-10 12:15:00,132.24000549316406,132.24969482421875,131.58999633789062,131.74000549316406,131.74000549316406,579389
2025-06-10 12:20:00,131.74000549316406,132.10000610351562,131.69140625,132.08999633789062,132.08999633789062,362548
2025-06-10 12:25:00,132.09539794921875,132.27549743652344,131.92999267578125,132.14999389648438,132.14999389648438,478194
2025-06-10 12:30:00,132.14999389648438,132.19000244140625,131.9001007080078,132.02020263671875,132.02020263671875,594747
2025-06-10 12:35:00,132.02000427246094,132.1300048828125,131.91000366210938,131.9600067138672,131.9600067138672,334946
2025-06-10 12:40:00,131.97999572753906,132.1699981689453,131.83999633789062,132.0399932861328,132.0399932861328,364609
2025-06-10 12:45:00,132.04989624023438,132.0500030517578,131.62030029296875,131.8197021484375,131.8197021484375,316315
2025-06-10 12:50:00,131.80999755859375,131.9199981689453,131.6300048828125,131.66990661621094,131.66990661621094,278752
2025-06-10 12:55:00,131.6699981689453,131.82000732421875,131.57000732421875,131.68499755859375,131.68499755859375,301635
2025-06-10 13:00:00,131.67010498046875,131.9228057861328,131.50999450683594,131.8300018310547,131.8300018310547,334070
2025-06-10 13:05:00,131.8300018310547,131.968994140625,131.67999267578125,131.9199981689453,131.9199981689453,294040
2025-06-10 13:10:00,131.8699951171875,132.08999633789062,131.71009826660156,131.82000732421875,131.82000732421875,403539
2025-06-10 13:15:00,131.80999755859375,131.97000122070312,131.6999969482422,131.85899353027344,131.85899353027344,237533
2025-06-10 13:20:00,131.88499450683594,132.0299072265625,131.77000427246094,131.77999877929688,131.77999877929688,221283
2025-06-10 13:25:00,131.77999877929688,131.82980346679688,131.35000610351562,131.36500549316406,131.36500549316406,352759
2025-06-10 13:30:00,131.38999938964844,131.5,131.25999450683594,131.3300018310547,131.3300018310547,281731
2025-06-10 13:35:00,131.35000610351562,131.38999938964844,131.125,131.1999969482422,131.1999969482422,330209
2025-06-10 13:40:00,131.19500732421875,131.2928009033203,131.07000732421875,131.268798828125,131.268798828125,300435
2025-06-10 13:45:00,131.25999450683594,131.35000610351562,131.19000244140625,131.28729248046875,131.28729248046875,242400
2025-06-10 13:50:00,131.28970336914062,131.5500030517578,131.1999969482422,131.5399932861328,131.5399932861328,278686
2025-06-10 13:55:00,131.54969787597656,131.66000366210938,131.38499450683594,131.4217987060547,131.4217987060547,317756
2025-06-10 14:00:00,131.41000366210938,131.49000549316406,130.9499969482422,131.29049682617188,131.29049682617188,555546
2025-06-10 14:05:00,131.2899932861328,131.94000244140625,131.2100067138672,131.85000610351562,131.85000610351562,436685
2025-06-10 14:10:00,131.83999633789062,132.1300048828125,131.63999938964844,132.01910400390625,132.01910400390625,398707
2025-06-10 14:15:00,132.00540161132812,132.58999633789062,131.981201171875,132.55999755859375,132.55999755859375,927878
2025-06-10 14:20:00,132.57000732421875,132.58999633789062,132.27000427246094,132.36500549316406,132.36500549316406,609004
2025-06-10 14:25:00,132.36000061035156,132.69000244140625,132.2801971435547,132.5449981689453,132.5449981689453,525375
2025-06-10 14:30:00,132.5399932861328,132.60000610351562,132.3000030517578,132.4501953125,132.4501953125,331859
2025-06-10 14:35:00,132.4600067138672,132.5,132.2899932861328,132.30430603027344,132.30430603027344,298383
2025-06-10 14:40:00,132.3000030517578,132.50990295410156,132.3000030517578,132.44729614257812,132.44729614257812,355626
2025-06-10 14:45:00,132.44900512695312,132.7545928955078,132.35000610351562,132.68980407714844,132.68980407714844,531224
2025-06-10 14:50:00,132.67019653320312,132.86000061035156,132.63009643554688,132.85000610351562,132.85000610351562,516885
2025-06-10 14:55:00,132.8300018310547,133.2196044921875,132.7899932861328,132.98399353027344,132.98399353027344,1140596
2025-06-10 15:00:00,132.97999572753906,133.4600067138672,132.97000122070312,133.41000366210938,133.41000366210938,902913
2025-06-10 15:05:00,133.4197998046875,133.5800018310547,133.22000122070312,133.24000549316406,133.24000549316406,747619
2025-06-10 15:10:00,133.24000549316406,133.52000427246094,133.19000244140625,133.27999877929688,133.27999877929688,697094
2025-06-10 15:15:00,133.27999877929688,133.27999877929688,132.80999755859375,133.07000732421875,133.07000732421875,775500
2025-06-10 15:20:00,133.07000732421875,133.27000427246094,133.0,133.0491943359375,133.0491943359375,635653
2025-06-10 15:25:00,133.05099487304688,133.2100067138672,133.0,133.07249450683594,133.07249450683594,389304
2025-06-10 15:30:00,133.08999633789062,133.1300048828125,132.8000030517578,133.0399932861328,133.0399932861328,557237
2025-06-10 15:35:00,133.0399932861328,133.0800018310547,132.80999755859375,132.91000366210938,132.91000366210938,384931
2025-06-10 15:40:00,132.89999389648438,133.0800018310547,132.6999969482422,132.84500122070312,132.84500122070312,677778
2025-06-10 15:45:00,132.8300018310547,133.08999633789062,132.72000122070312,132.9600067138672,132.9600067138672,653495
2025-06-10 15:50:00,132.9550018310547,133.08999633789062,132.50999450683594,132.68069458007812,132.68069458007812,987711
2025-06-10 15:55:00,132.6999969482422,132.8397979736328,132.44500732421875,132.80999755859375,132.80999755859375,1674334
2025-06-11 00:00:00,133.9199981689453,140.0,132.99000549316406,136.38999938964844,136.38999938964844,97366000
2025-06-11 09:30:00,133.97999572753906,136.22999572753906,133.82000732421875,135.16000366210938,135.16000366210938,7096962
2025-06-11 09:35:00,135.1649932861328,135.52000427246094,134.11000061035156,134.87100219726562,134.87100219726562,2382843
2025-06-11 09:40:00,134.86000061035156,134.89500427246094,133.60000610351562,134.19000244140625,134.19000244140625,1675441
2025-06-11 09:45:00,134.2100067138672,134.3300018310547,132.99000549316406,134.25,134.25,1857629
2025-06-11 09:50:00,134.27000427246094,135.10000610351562,134.21009826660156,134.3498992919922,134.3498992919922,1600420
2025-06-11 09:55:00,134.32000732421875,134.42999267578125,133.5800018310547,133.90980529785156,133.90980529785156,1078231
2025-06-11 10:00:00,133.89759826660156,134.14999389648438,133.39999389648438,133.92999267578125,133.92999267578125,1172283
2025-06-11 10:05:00,133.92770385742188,134.49000549316406,133.6300048828125,134.26649475097656,134.26649475097656,1038960
2025-06-11 10:10:00,134.28500366210938,135.19000244140625,134.10000610351562,134.58999633789062,134.58999633789062,1359268
2025-06-11 10:15:00,134.58999633789062,135.79969787597656,134.55999755859375,135.63999938964844,135.63999938964844,1994779
2025-06-11 10:20:00,135.6300048828125,136.5,135.30999755859375,136.3699951171875,136.3699951171875,2730362
2025-06-11 10:25:00,136.38760375976562,137.13999938964844,136.05999755859375,137.0438995361328,137.0438995361328,3063083
2025-06-11 10:30:00,136.96800231933594,137.22999572753906,136.47000122070312,137.1699981689453,137.1699981689453,1756523
2025-06-11 10:35:00,137.57989501953125,138.0800018310547,137.28500366210938,137.97000122070312,137.97000122070312,3272232
2025-06-11 10:40:00,137.97500610351562,138.7467041015625,137.6199951171875,138.47000122070312,138.47000122070312,2835011
2025-06-11 10:45:00,138.468994140625,139.1999969482422,138.19000244140625,138.69000244140625,138.69000244140625,2751069
2025-06-11 10:50:00,138.6999969482422,138.7021942138672,138.21249389648438,138.52999877929688,138.52999877929688,1734814
2025-06-11 10:55:00,138.19000244140625,138.3699951171875,138.01499938964844,138.35780334472656,138.35780334472656,2194311
2025-06-11 11:00:00,138.4600067138672,138.47210693359375,137.75,137.7971954345703,137.7971954345703,1214421
2025-06-11 11:05:00,137.822998046875,137.89999389648438,137.31739807128906,137.3800048828125,137.3800048828125,853518
2025-06-11 11:10:00,137.30999755859375,137.64999389648438,136.86000061035156,137.1199951171875,137.1199951171875,2106492
2025-06-11 11:15:00,137.22000122070312,137.3800048828125,137.07000732421875,137.17080688476562,137.17080688476562,912531
2025-06-11 11:20:00,137.17999267578125,137.8699951171875,137.0832061767578,137.7100067138672,137.7100067138672,1062603
2025-06-11 11:25:00,137.3824005126953,137.4550018310547,137.260498046875,137.35960388183594,137.35960388183594,1055796
2025-06-11 11:30:00,137.41470336914062,137.54989624023438,137.05250549316406,137.14999389648438,137.14999389648438,1077740
2025-06-11 11:35:00,137.13499450683594,137.39999389648438,136.91000366210938,137.08999633789062,137.08999633789062,770433
2025-06-11 11:40:00,137.1199951171875,137.47799682617188,136.99000549316406,137.14999389648438,137.14999389648438,726944
2025-06-11 11:45:00,137.1300048828125,137.58999633789062,137.0,137.07000732421875,137.07000732421875,771918
2025-06-11 11:50:00,137.0749969482422,137.2498016357422,136.8000030517578,136.9499969482422,136.9499969482422,748745
2025-06-11 11:55:00,136.92999267578125,137.1999969482422,136.6999969482422,137.02999877929688,137.02999877929688,696338
2025-06-11 12:00:00,137.02499389648438,137.5,136.86000061035156,137.3197021484375,137.3197021484375,783169
2025-06-11 12:05:00,137.3000030517578,137.31300354003906,136.7760009765625,137.03050231933594,137.03050231933594,687435
2025-06-11 12:10:00,137.02999877929688,137.0500030517578,136.32000732421875,136.66600036621094,136.66600036621094,1077553
2025-06-11 12:15:00,136.6699981689453,137.15499877929688,136.44000244140625,136.5,136.5,875630
2025-06-11 12:20:00,136.53500366210938,136.75999450683594,136.05999755859375,136.64999389648438,136.64999389648438,1044701
2025-06-11 12:25:00,136.63999938964844,137.38999938964844,136.45010375976562,137.3404998779297,137.3404998779297,926047
2025-06-11 12:30:00,137.34500122070312,139.75,137.25999450683594,137.5,137.5,1016096
2025-06-11 12:35:00,137.4499969482422,137.92999267578125,137.33999633789062,137.35000610351562,137.35000610351562,960410
2025-06-11 12:40:00,137.35000610351562,137.58999633789062,137.1999969482422,137.23500061035156,137.23500061035156,613689
2025-06-11 12:45:00,137.24459838867188,137.75,137.11000061035156,137.60000610351562,137.60000610351562,635076
2025-06-11 12:50:00,137.60000610351562,138.0800018310547,137.59010314941406,137.76499938964844,137.76499938964844,940634
2025-06-11 12:55:00,137.77000427246094,137.86000061035156,137.50999450683594,137.75,137.75,456899
2025-06-11 13:00:00,137.7550048828125,138.3000030517578,137.60000610351562,138.25990295410156,138.25990295410156,779633
2025-06-11 13:05:00,138.24000549316406,138.24000549316406,137.7550048828125,137.80999755859375,137.80999755859375,591712
2025-06-11 13:10:00,137.8135986328125,138.1300048828125,137.64999389648438,138.0200958251953,138.0200958251953,646977
2025-06-11 13:15:00,138.01010131835938,138.25,137.77000427246094,138.0,138.0,836480
2025-06-11 13:20:00,137.9969940185547,138.3300018310547,137.74000549316406,137.84500122070312,137.84500122070312,785118
2025-06-11 13:25:00,137.83999633789062,137.9799041748047,137.72000122070312,137.80999755859375,137.80999755859375,510917
2025-06-11 13:30:00,137.82000732421875,138.08009338378906,137.75,138.0301055908203,138.0301055908203,399357
2025-06-11 13:35:00,138.02000427246094,138.24000549316406,137.94259643554688,138.1699981689453,138.1699981689453,544029
2025-06-11 13:40:00,138.1750030517578,138.5800018310547,138.10000610351562,138.32989501953125,138.32989501953125,1013248
2025-06-11 13:45:00,138.3249969482422,138.47000122070312,137.92999267578125,137.9595947265625,137.9595947265625,597261
2025-06-11 13:50:00,137.9550018310547,138.0500030517578,137.5,137.54269409179688,137.54269409179688,649225
2025-06-11 13:55:00,137.55039978027344,137.7100067138672,136.9600067138672,137.0800018310547,137.0800018310547,751251
2025-06-11 14:00:00,137.07000732421875,137.2386932373047,136.08670043945312,136.26010131835938,136.26010131835938,1076098
2025-06-11 14:05:00,136.2899932861328,137.25,136.1938018798828,137.01499938964844,137.01499938964844,1151333
2025-06-11 14:10:00,137.0124969482422,137.01499938964844,136.18499755859375,136.19410705566406,136.19410705566406,731979
2025-06-11 14:15:00,136.19000244140625,136.37449645996094,135.60360717773438,136.125,136.125,1218503
2025-06-11 14:20:00,136.12359619140625,136.5500030517578,136.0782928466797,136.32000732421875,136.32000732421875,610436
2025-06-11 14:25:00,136.32000732421875,136.58999633789062,136.08999633789062,136.26499938964844,136.26499938964844,464656
2025-06-11 14:30:00,136.22000122070312,136.6999969482422,135.77999877929688,136.4456024169922,136.4456024169922,832854
2025-06-11 14:35:00,136.42999267578125,136.73269653320312,136.2758026123047,136.64309692382812,136.64309692382812,516491
2025-06-11 14:40:00,136.63999938964844,136.80520629882812,136.3800048828125,136.64630126953125,136.64630126953125,430587
2025-06-11 14:45:00,136.65499877929688,136.84280395507812,136.5500030517578,136.6300048828125,136.6300048828125,392236
2025-06-11 14:50:00,136.60000610351562,136.8000030517578,136.4680938720703,136.55499267578125,136.55499267578125,480812
2025-06-11 14:55:00,136.56500244140625,136.56500244140625,136.1199951171875,136.22999572753906,136.22999572753906,572218
2025-06-11 15:00:00,136.25,136.4600067138672,136.02999877929688,136.4199981689453,136.4199981689453,453953
2025-06-11 15:05:00,136.41000366210938,136.72999572753906,136.0,136.625,136.625,774162
2025-06-11 15:10:00,136.63999938964844,136.7899932861328,136.4600067138672,136.7899932861328,136.7899932861328,577710
2025-06-11 15:15:00,136.77999877929688,136.8000030517578,136.32000732421875,136.47999572753906,136.47999572753906,530782
2025-06-11 15:20:00,136.4600067138672,136.689697265625,136.27000427246094,136.5998992919922,136.5998992919922,481109
2025-06-11 15:25:00,136.5850067138672,136.99000549316406,136.32000732421875,136.80499267578125,136.80499267578125,1471756
2025-06-11 15:30:00,136.8000030517578,136.97000122070312,136.13999938964844,136.19500732421875,136.19500732421875,707779
2025-06-11 15:35:00,136.17999267578125,136.55999755859375,136.16000366210938,136.39100646972656,136.39100646972656,716707
2025-06-11 15:40:00,136.39999389648438,136.42970275878906,135.92999267578125,136.27049255371094,136.27049255371094,744507
2025-06-11 15:45:00,136.27999877929688,136.49000549316406,136.1300048828125,136.16000366210938,136.16000366210938,691729
2025-06-11 15:50:00,136.19000244140625,136.47999572753906,136.04400634765625,136.22500610351562,136.22500610351562,942767
2025-06-11 15:55:00,136.1300048828125,136.47000122070312,136.10000610351562,136.38999938964844,136.38999938964844,1496513
2025-06-12 00:00:00,136.39999389648438,137.10000610351562,134.6300048828125,135.19000244140625,135.19000244140625,56248200
2025-06-12 09:30:00,136.42999267578125,137.0998992919922,135.6699981689453,136.36000061035156,136.36000061035156,3611308
2025-06-12 09:35:00,135.8603973388672,136.36000061035156,135.4499969482422,135.67999267578125,135.67999267578125,1509951
2025-06-12 09:40:00,135.68499755859375,136.92990112304688,135.55999755859375,136.3000030517578,136.3000030517578,1577702
2025-06-12 09:45:00,136.25,136.74000549316406,135.97999572753906,136.45989990234375,136.45989990234375,1152554
2025-06-12 09:50:00,136.42999267578125,136.5500030517578,136.0,136.1699981689453,136.1699981689453,729049
2025-06-12 09:55:00,136.14999389648438,136.3800048828125,135.61000061035156,136.1199951171875,136.1199951171875,1077690
2025-06-12 10:00:00,136.1199951171875,136.38999938964844,135.5500030517578,135.73440551757812,135.73440551757812,938195
2025-06-12 10:05:00,136.38999938964844,136.7165069580078,135.49000549316406,136.53909301757812,136.53909301757812,1417643
2025-06-12 10:10:00,136.53799438476562,136.8800048828125,136.17999267578125,136.33839416503906,136.33839416503906,946961
2025-06-12 10:15:00,136.55999755859375,136.6999969482422,135.8000030517578,135.96519470214844,135.96519470214844,875251
2025-06-12 10:20:00,135.94500732421875,135.9600067138672,135.38499450683594,135.75999450683594,135.75999450683594,1207026
2025-06-12 10:25:00,135.77589416503906,135.94000244140625,135.1199951171875,135.82000732421875,135.82000732421875,1125105
2025-06-12 10:30:00,135.83999633789062,136.14999389648438,135.55999755859375,135.63499450683594,135.63499450683594,718412
2025-06-12 10:35:00,135.61000061035156,135.88999938964844,135.00999450683594,135.17990112304688,135.17990112304688,903804
2025-06-12 10:40:00,135.17999267578125,135.47999572753906,134.97999572753906,135.24969482421875,135.24969482421875,1066181
2025-06-12 10:45:00,135.22999572753906,135.75999450683594,135.14999389648438,135.58900451660156,135.58900451660156,755125
2025-06-12 10:50:00,135.57000732421875,135.77760314941406,135.3699951171875,135.7299041748047,135.7299041748047,520867
2025-06-12 10:55:00,135.72999572753906,136.1999969482422,135.72999572753906,135.99000549316406,135.99000549316406,861061
2025-06-12 11:00:00,136.00999450683594,136.3300018310547,136.00270080566406,136.17010498046875,136.17010498046875,661637
2025-06-12 11:05:00,136.19000244140625,136.3000030517578,135.74000549316406,135.83999633789062,135.83999633789062,513818
2025-06-12 11:10:00,135.83999633789062,136.0030059814453,135.5301055908203,135.5399932861328,135.5399932861328,604146
2025-06-12 11:15:00,135.55999755859375,135.67999267578125,135.1199951171875,135.22000122070312,135.22000122070312,760711
2025-06-12 11:20:00,135.2263946533203,135.47500610351562,135.02000427246094,135.3350067138672,135.3350067138672,924491
2025-06-12 11:25:00,135.33999633789062,135.69000244140625,135.17999267578125,135.63999938964844,135.63999938964844,697999
2025-06-12 11:30:00,135.64999389648438,135.87899780273438,135.5399932861328,135.82359313964844,135.82359313964844,531335
2025-06-12 11:35:00,135.8300018310547,136.11000061035156,135.6699981689453,136.01499938964844,136.01499938964844,687232
2025-06-12 11:40:00,136.02000427246094,136.2949981689453,136.00599670410156,136.0800018310547,136.0800018310547,582868
2025-06-12 11:45:00,136.0850067138672,136.1363983154297,135.36000061035156,135.3699951171875,135.3699951171875,630302
2025-06-12 11:50:00,135.37750244140625,135.6300048828125,135.22999572753906,135.6136932373047,135.6136932373047,597308
2025-06-12 11:55:00,135.60000610351562,135.78790283203125,135.46609497070312,135.66000366210938,135.66000366210938,457032
2025-06-12 12:00:00,135.66819763183594,135.9842987060547,135.25120544433594,135.35000610351562,135.35000610351562,605549
2025-06-12 12:05:00,135.35000610351562,135.72000122070312,135.25999450683594,135.42999267578125,135.42999267578125,407350
2025-06-12 12:10:00,135.4499969482422,135.6999969482422,135.39999389648438,135.5749969482422,135.5749969482422,343347
2025-06-12 12:15:00,135.57000732421875,135.76980590820312,135.4600067138672,135.47999572753906,135.47999572753906,324192
2025-06-12 12:20:00,135.49000549316406,135.5399932861328,134.83999633789062,135.13099670410156,135.13099670410156,902942
2025-06-12 12:25:00,135.1300048828125,135.6593017578125,135.1300048828125,135.51499938964844,135.51499938964844,573411
2025-06-12 12:30:00,135.50999450683594,135.7946014404297,135.3000030517578,135.66009521484375,135.66009521484375,520829
2025-06-12 12:35:00,135.66000366210938,135.73989868164062,135.4001007080078,135.7100067138672,135.7100067138672,316189
2025-06-12 12:40:00,135.6999969482422,136.0500030517578,135.6623992919922,135.97360229492188,135.97360229492188,467461
2025-06-12 12:45:00,135.9700927734375,136.0399932861328,135.77000427246094,135.8000030517578,135.8000030517578,331119
2025-06-12 12:50:00,135.77999877929688,135.78500366210938,135.58999633789062,135.6999969482422,135.6999969482422,302728
2025-06-12 12:55:00,135.6750030517578,135.8000030517578,135.5800018310547,135.7050018310547,135.7050018310547,253711
2025-06-12 13:00:00,135.72000122070312,135.83999633789062,135.57000732421875,135.6300048828125,135.6300048828125,305644
2025-06-12 13:05:00,135.64999389648438,135.8800048828125,135.6300048828125,135.86000061035156,135.86000061035156,217770
2025-06-12 13:10:00,135.85000610351562,135.9499969482422,135.69000244140625,135.7292022705078,135.7292022705078,271487
2025-06-12 13:15:00,135.74000549316406,135.8699951171875,135.57000732421875,135.71499633789062,135.71499633789062,259098
2025-06-12 13:20:00,135.71499633789062,135.7528076171875,135.5,135.57989501953125,135.57989501953125,212005
2025-06-12 13:25:00,135.5800018310547,135.75,135.52000427246094,135.69009399414062,135.69009399414062,181960
2025-06-12 13:30:00,135.69000244140625,135.9600067138672,135.69000244140625,135.88999938964844,135.88999938964844,284911
2025-06-12 13:35:00,135.88999938964844,136.10000610351562,135.83999633789062,136.0399932861328,136.0399932861328,301023
2025-06-12 13:40:00,136.0399932861328,136.5800018310547,135.97999572753906,136.47999572753906,136.47999572753906,703892
2025-06-12 13:45:00,136.34519958496094,136.3800048828125,136.02000427246094,136.03500366210938,136.03500366210938,386992
2025-06-12 13:50:00,136.0384979248047,136.22999572753906,135.9499969482422,136.11099243164062,136.11099243164062,333650
2025-06-12 13:55:00,136.10000610351562,136.11000061035156,135.77000427246094,135.82989501953125,135.82989501953125,329019
2025-06-12 14:00:00,135.82040405273438,135.86000061035156,135.47000122070312,135.57000732421875,135.57000732421875,438643
2025-06-12 14:05:00,135.56500244140625,135.72940063476562,135.44000244140625,135.67999267578125,135.67999267578125,557334
2025-06-12 14:10:00,135.68499755859375,135.83009338378906,135.5959930419922,135.7335968017578,135.7335968017578,263192
2025-06-12 14:15:00,135.74549865722656,135.7899932861328,135.5,135.5500030517578,135.5500030517578,271418
2025-06-12 14:20:00,135.55999755859375,135.56500244140625,134.97999572753906,135.13040161132812,135.13040161132812,617668
2025-06-12 14:25:00,135.1300048828125,135.2698974609375,134.76010131835938,134.88999938964844,134.88999938964844,702777
2025-06-12 14:30:00,134.88999938964844,135.25,134.82000732421875,135.22500610351562,135.22500610351562,617119
2025-06-12 14:35:00,135.2292022705078,135.40480041503906,135.1300048828125,135.35000610351562,135.35000610351562,543760
2025-06-12 14:40:00,135.34080505371094,135.47000122070312,135.0399932861328,135.0977020263672,135.0977020263672,333677
2025-06-12 14:45:00,135.10000610351562,135.11000061035156,134.8699951171875,134.99000549316406,134.99000549316406,395431
2025-06-12 14:50:00,134.97000122070312,135.22000122070312,134.92999267578125,135.0998992919922,135.0998992919922,303374
2025-06-12 14:55:00,135.0803985595703,135.10000610351562,134.92230224609375,135.08990478515625,135.08990478515625,266678
2025-06-12 15:00:00,135.08009338378906,135.17999267578125,134.94000244140625,135.1649932861328,135.1649932861328,316016
2025-06-12 15:05:00,135.1649932861328,135.30670166015625,135.1199951171875,135.3000030517578,135.3000030517578,346135
2025-06-12 15:10:00,135.30099487304688,135.30999755859375,135.0500030517578,135.26499938964844,135.26499938964844,318392
2025-06-12 15:15:00,135.25999450683594,135.55520629882812,135.19000244140625,135.5,135.5,339955
2025-06-12 15:20:00,135.49099731445312,135.58999633789062,135.42999267578125,135.47000122070312,135.47000122070312,349788
2025-06-12 15:25:00,135.47349548339844,135.47349548339844,135.22000122070312,135.25010681152344,135.25010681152344,339134
2025-06-12 15:30:00,135.25,135.29849243164062,135.11000061035156,135.2100067138672,135.2100067138672,354550
2025-06-12 15:35:00,135.19500732421875,135.3000030517578,135.1199951171875,135.3000030517578,135.3000030517578,283912
2025-06-12 15:40:00,135.2978973388672,135.2978973388672,135.11000061035156,135.22999572753906,135.22999572753906,312260
2025-06-12 15:45:00,135.22000122070312,135.24000549316406,135.05230712890625,135.10000610351562,135.10000610351562,420486
2025-06-12 15:50:00,135.10000610351562,135.1999969482422,134.6300048828125,134.72000122070312,134.72000122070312,965091
2025-06-12 15:55:00,134.74000549316406,135.22000122070312,134.74000549316406,135.21499633789062,135.21499633789062,1423710
2025-06-13 00:00:00,133.81500244140625,139.99000549316406,133.35000610351562,137.39999389648438,137.39999389648438,93519000
2025-06-13 09:30:00,133.81500244140625,136.33999633789062,133.3699951171875,136.10000610351562,136.10000610351562,6109926
2025-06-13 09:35:00,136.07000732421875,136.4600067138672,135.1300048828125,136.08990478515625,136.08990478515625,2280964
2025-06-13 09:40:00,136.07000732421875,136.89999389648438,135.4600067138672,136.84500122070312,136.84500122070312,2337921
2025-06-13 09:45:00,136.83999633789062,138.43460083007812,136.3218994140625,138.2209930419922,138.2209930419922,3680158
2025-06-13 09:50:00,138.22000122070312,138.49000549316406,137.47000122070312,137.52000427246094,137.52000427246094,3082028
2025-06-13 09:55:00,137.56500244140625,137.64500427246094,136.35000610351562,136.77499389648438,136.77499389648438,2037216
2025-06-13 10:00:00,136.7899932861328,137.47000122070312,136.44000244140625,137.26499938964844,137.26499938964844,2012528
2025-06-13 10:05:00,137.27999877929688,137.3197021484375,136.5399932861328,136.8300018310547,136.8300018310547,1185550
2025-06-13 10:10:00,136.82000732421875,136.94000244140625,135.77999877929688,135.9604034423828,135.9604034423828,1912463
2025-06-13 10:15:00,135.94000244140625,136.44970703125,135.5727996826172,136.03990173339844,136.03990173339844,1357421
2025-06-13 10:20:00,136.0196990966797,136.36900329589844,135.47000122070312,135.4949951171875,135.4949951171875,1284460
2025-06-13 10:25:00,135.4801025390625,135.9600067138672,135.22000122070312,135.82000732421875,135.82000732421875,1173829
2025-06-13 10:30:00,135.8300018310547,136.69000244140625,135.66009521484375,136.5800018310547,136.5800018310547,1292535
2025-06-13 10:35:00,136.59500122070312,137.52999877929688,136.57000732421875,137.27999877929688,137.27999877929688,1744317
2025-06-13 10:40:00,137.28500366210938,137.92990112304688,137.2100067138672,137.7899932861328,137.7899932861328,1648308
2025-06-13 10:45:00,137.7949981689453,138.14999389648438,137.19020080566406,137.39999389648438,137.39999389648438,1694892
2025-06-13 10:50:00,137.38400268554688,138.69000244140625,137.35000610351562,138.36239624023438,138.36239624023438,2159795
2025-06-13 10:55:00,138.35000610351562,138.69000244140625,137.92999267578125,138.2100067138672,138.2100067138672,1694561
2025-06-13 11:00:00,138.22000122070312,138.5800018310547,137.88999938964844,138.25,138.25,1196675
2025-06-13 11:05:00,138.23269653320312,138.47000122070312,138.0800018310547,138.3791046142578,138.3791046142578,853794
2025-06-13 11:10:00,138.35009765625,138.55999755859375,137.8800048828125,137.989501953125,137.989501953125,1011906
2025-06-13 11:15:00,137.99000549316406,138.1699981689453,137.69000244140625,137.82620239257812,137.82620239257812,1168549
2025-06-13 11:20:00,137.8300018310547,138.8000030517578,137.79989624023438,138.4199981689453,138.4199981689453,1286366
2025-06-13 11:25:00,138.39999389648438,138.42999267578125,138.0500030517578,138.3699951171875,138.3699951171875,725709
2025-06-13 11:30:00,138.36000061035156,138.46800231933594,138.0500030517578,138.25399780273438,138.25399780273438,1331171
2025-06-13 11:35:00,138.25010681152344,138.4600067138672,137.91000366210938,138.4550018310547,138.4550018310547,664604
2025-06-13 11:40:00,138.4499969482422,139.02000427246094,138.310302734375,138.81500244140625,138.81500244140625,1748323
2025-06-13 11:45:00,138.82000732421875,139.1699981689453,138.82000732421875,138.88999938964844,138.88999938964844,1005663
2025-06-13 11:50:00,138.9199981689453,139.16000366210938,138.77999877929688,139.00999450683594,139.00999450683594,573727
2025-06-13 11:55:00,139.00999450683594,139.13999938964844,138.8623046875,139.00999450683594,139.00999450683594,647438
2025-06-13 12:00:00,139.00999450683594,139.00999450683594,138.44009399414062,138.61500549316406,138.61500549316406,745896
2025-06-13 12:05:00,138.6295928955078,138.72999572753906,138.14999389648438,138.2299041748047,138.2299041748047,651402
2025-06-13 12:10:00,138.22000122070312,138.7100067138672,138.21009826660156,138.61000061035156,138.61000061035156,555006
2025-06-13 12:15:00,138.61000061035156,138.94000244140625,138.55479431152344,138.76950073242188,138.76950073242188,619026
2025-06-13 12:20:00,138.7501983642578,138.9499969482422,138.6199951171875,138.68499755859375,138.68499755859375,483533
2025-06-13 12:25:00,138.67999267578125,138.8769989013672,138.6199951171875,138.66000366210938,138.66000366210938,345021
2025-06-13 12:30:00,138.64999389648438,139.0446014404297,138.54100036621094,138.83999633789062,138.83999633789062,601652
2025-06-13 12:35:00,138.8699951171875,139.08999633789062,138.7675018310547,138.89999389648438,138.89999389648438,479317
2025-06-13 12:40:00,138.8907928466797,139.24000549316406,138.75999450683594,138.88999938964844,138.88999938964844,674902
2025-06-13 12:45:00,138.9250030517578,138.97999572753906,138.5601043701172,138.91250610351562,138.91250610351562,566076
2025-06-13 12:50:00,138.9199981689453,139.2899932861328,138.8800048828125,139.1999969482422,139.1999969482422,666184
2025-06-13 12:55:00,139.19500732421875,139.66000366210938,139.10000610351562,139.61000061035156,139.61000061035156,1231768
2025-06-13 13:00:00,139.60000610351562,139.99000549316406,139.51930236816406,139.73500061035156,139.73500061035156,1300282
2025-06-13 13:05:00,139.73500061035156,139.92999267578125,139.5500030517578,139.57000732421875,139.57000732421875,784174
2025-06-13 13:10:00,139.55999755859375,139.5756072998047,139.16000366210938,139.22999572753906,139.22999572753906,806112
2025-06-13 13:15:00,139.19000244140625,139.23989868164062,138.80999755859375,138.9499969482422,138.9499969482422,755816
2025-06-13 13:20:00,138.92999267578125,139.47000122070312,138.85000610351562,139.0800018310547,139.0800018310547,727194
2025-06-13 13:25:00,139.10000610351562,139.25990295410156,138.88999938964844,138.9593048095703,138.9593048095703,435463
2025-06-13 13:30:00,138.9199981689453,139.18519592285156,138.860107421875,138.99000549316406,138.99000549316406,466174
2025-06-13 13:35:00,138.9949951171875,139.32000732421875,138.93690490722656,139.09500122070312,139.09500122070312,513010
2025-06-13 13:40:00,139.08230590820312,139.0998992919922,138.4075927734375,138.710693359375,138.710693359375,790343
2025-06-13 13:45:00,138.67970275878906,138.7899932861328,138.2899932861328,138.4600067138672,138.4600067138672,636183
2025-06-13 13:50:00,138.4600067138672,138.9499969482422,138.38999938964844,138.82000732421875,138.82000732421875,863042
2025-06-13 13:55:00,138.8009033203125,138.8365020751953,138.5800018310547,138.72000122070312,138.72000122070312,309000
2025-06-13 14:00:00,138.67999267578125,138.8800048828125,138.1649932861328,138.3596954345703,138.3596954345703,798234
2025-06-13 14:05:00,138.38999938964844,138.60989379882812,138.0,138.24949645996094,138.24949645996094,761790
2025-06-13 14:10:00,138.25999450683594,138.4199981689453,138.00999450683594,138.13290405273438,138.13290405273438,486796
2025-06-13 14:15:00,138.1300048828125,138.2100067138672,137.81089782714844,138.07000732421875,138.07000732421875,661256
2025-06-13 14:20:00,138.0653076171875,138.10000610351562,137.710693359375,137.860107421875,137.860107421875,466528
2025-06-13 14:25:00,137.8800048828125,138.05990600585938,137.32000732421875,137.44000244140625,137.44000244140625,883062
2025-06-13 14:30:00,137.42999267578125,137.64979553222656,136.8800048828125,137.27499389648438,137.27499389648438,1099211
2025-06-13 14:35:00,137.2550048828125,137.38999938964844,136.85000610351562,136.9409942626953,136.9409942626953,787969
2025-06-13 14:40:00,136.9499969482422,137.29910278320312,136.82000732421875,137.08999633789062,137.08999633789062,749448
2025-06-13 14:45:00,137.10000610351562,137.60000610351562,137.07000732421875,137.25,137.25,733679
2025-06-13 14:50:00,137.25,137.80409240722656,137.24000549316406,137.75010681152344,137.75010681152344,648537
2025-06-13 14:55:00,137.75990295410156,137.93350219726562,137.55999755859375,137.83619689941406,137.83619689941406,674004
2025-06-13 15:00:00,137.80999755859375,138.04640197753906,137.61000061035156,137.72999572753906,137.72999572753906,564417
2025-06-13 15:05:00,137.72000122070312,138.33900451660156,137.7100067138672,138.24000549316406,138.24000549316406,724860
2025-06-13 15:10:00,138.2427978515625,138.47000122070312,138.11000061035156,138.38999938964844,138.38999938964844,704165
2025-06-13 15:15:00,138.4199981689453,138.49000549316406,138.19000244140625,138.25,138.25,580481
2025-06-13 15:20:00,138.22999572753906,138.42880249023438,137.86000061035156,137.9149932861328,137.9149932861328,763634
2025-06-13 15:25:00,137.91000366210938,138.0500030517578,137.6300048828125,137.69500732421875,137.69500732421875,687544
2025-06-13 15:30:00,137.6999969482422,138.0500030517578,137.44000244140625,137.49000549316406,137.49000549316406,781684
2025-06-13 15:35:00,137.47000122070312,137.8699951171875,137.3153076171875,137.8000030517578,137.8000030517578,692387
2025-06-13 15:40:00,137.82000732421875,137.97999572753906,137.4199981689453,137.44500732421875,137.44500732421875,520976
2025-06-13 15:45:00,137.4199981689453,137.63999938964844,137.1300048828125,137.48159790039062,137.48159790039062,978746
2025-06-13 15:50:00,137.5399932861328,137.7899932861328,137.26400756835938,137.45550537109375,137.45550537109375,953437
2025-06-13 15:55:00,137.43499755859375,137.61000061035156,137.30999755859375,137.30999755859375,137.30999755859375,2159727
2025-06-16 00:00:00,140.02999877929688,144.86000061035156,139.81199645996094,141.41000366210938,141.41000366210938,80779800
2025-06-16 09:30:00,140.27499389648438,143.22000122070312,139.81149291992188,143.14999389648438,143.14999389648438,8477830
2025-06-16 09:35:00,143.1501007080078,143.6999969482422,141.9010009765625,143.54800415039062,143.54800415039062,3676652
2025-06-16 09:40:00,143.55039978027344,144.7100067138672,143.5,144.47479248046875,144.47479248046875,3708386
2025-06-16 09:45:00,144.47999572753906,144.86000061035156,143.58999633789062,143.9199981689453,143.9199981689453,2829004
2025-06-16 09:50:00,143.91000366210938,144.24000549316406,143.25999450683594,143.94920349121094,143.94920349121094,1887237
2025-06-16 09:55:00,143.97000122070312,144.4499969482422,143.3800048828125,143.77999877929688,143.77999877929688,1679217
2025-06-16 10:00:00,143.78500366210938,144.4199981689453,143.45030212402344,143.55999755859375,143.55999755859375,1585891
2025-06-16 10:05:00,143.58160400390625,143.84970092773438,143.07000732421875,143.1649932861328,143.1649932861328,1567169
2025-06-16 10:10:00,143.14999389648438,143.4199981689453,142.67999267578125,143.0500030517578,143.0500030517578,1604478
2025-06-16 10:15:00,143.05560302734375,143.10000610351562,142.19000244140625,142.45559692382812,142.45559692382812,1659351
2025-06-16 10:20:00,142.4698944091797,142.83999633789062,142.17999267578125,142.69920349121094,142.69920349121094,1550571
2025-06-16 10:25:00,142.6999969482422,143.16000366210938,142.44000244140625,143.13980102539062,143.13980102539062,1439177
2025-06-16 10:30:00,143.16000366210938,143.2449951171875,142.61500549316406,143.19000244140625,143.19000244140625,1075888
2025-06-16 10:35:00,143.18690490722656,143.39999389648438,142.81919860839844,142.94940185546875,142.94940185546875,1186949
2025-06-16 10:40:00,142.94009399414062,142.95989990234375,141.83999633789062,142.4340057373047,142.4340057373047,1786761
2025-06-16 10:45:00,142.43359375,142.60000610351562,141.77999877929688,141.94000244140625,141.94000244140625,1162562
2025-06-16 10:50:00,141.9499969482422,142.039794921875,141.5001983642578,141.66000366210938,141.66000366210938,1144893
2025-06-16 10:55:00,141.66990661621094,142.16000366210938,141.66000366210938,142.03500366210938,142.03500366210938,964922
2025-06-16 11:00:00,142.02000427246094,142.18499755859375,141.80999755859375,142.14999389648438,142.14999389648438,818587
2025-06-16 11:05:00,142.1199951171875,142.27000427246094,141.67999267578125,141.889404296875,141.889404296875,757623
2025-06-16 11:10:00,141.8800048828125,141.92999267578125,141.1999969482422,141.78990173339844,141.78990173339844,1188263
2025-06-16 11:15:00,141.77999877929688,141.97999572753906,141.52999877929688,141.610107421875,141.610107421875,653831
2025-06-16 11:20:00,141.61000061035156,142.64999389648438,141.5500030517578,142.63499450683594,142.63499450683594,1054547
2025-06-16 11:25:00,142.64999389648438,142.67999267578125,142.11000061035156,142.5500030517578,142.5500030517578,858822
2025-06-16 11:30:00,142.5399932861328,142.8800048828125,142.38999938964844,142.52099609375,142.52099609375,867231
2025-06-16 11:35:00,142.5,142.67999267578125,142.32000732421875,142.64999389648438,142.64999389648438,512360
2025-06-16 11:40:00,142.66000366210938,143.0749969482422,142.45030212402344,142.62640380859375,142.62640380859375,940407
2025-06-16 11:45:00,142.6199951171875,143.1999969482422,142.60000610351562,143.16000366210938,143.16000366210938,630952
2025-06-16 11:50:00,143.16029357910156,143.17999267578125,142.9250030517578,143.0760955810547,143.0760955810547,634964
2025-06-16 11:55:00,143.08560180664062,143.08999633789062,142.61000061035156,142.6396026611328,142.6396026611328,646518
2025-06-16 12:00:00,142.64999389648438,142.9499969482422,142.58999633789062,142.9398956298828,142.9398956298828,417147
2025-06-16 12:05:00,142.94500732421875,142.97000122070312,142.58999633789062,142.67999267578125,142.67999267578125,412340
2025-06-16 12:10:00,142.68499755859375,142.68499755859375,142.2100067138672,142.2949981689453,142.2949981689453,506181
2025-06-16 12:15:00,142.2949981689453,142.8300018310547,142.25,142.7100067138672,142.7100067138672,467557
2025-06-16 12:20:00,142.6999969482422,142.77999877929688,142.1699981689453,142.25999450683594,142.25999450683594,509348
2025-06-16 12:25:00,142.25,142.38999938964844,142.13999938964844,142.3000030517578,142.3000030517578,386038
2025-06-16 12:30:00,142.31329345703125,142.55999755859375,141.97999572753906,142.14100646972656,142.14100646972656,461421
2025-06-16 12:35:00,142.14999389648438,142.3000030517578,141.9600067138672,142.22999572753906,142.22999572753906,397711
2025-06-16 12:40:00,142.22500610351562,142.26499938964844,141.96449279785156,142.16000366210938,142.16000366210938,369525
2025-06-16 12:45:00,142.15499877929688,142.39979553222656,142.05999755859375,142.32640075683594,142.32640075683594,415838
2025-06-16 12:50:00,142.3300018310547,142.57000732421875,142.3000946044922,142.55999755859375,142.55999755859375,445738
2025-06-16 12:55:00,142.5399932861328,142.60000610351562,142.39999389648438,142.5,142.5,335304
2025-06-16 13:00:00,142.49000549316406,142.74000549316406,142.47000122070312,142.701904296875,142.701904296875,385157
2025-06-16 13:05:00,142.7100067138672,142.89999389648438,142.55999755859375,142.8199005126953,142.8199005126953,479084
2025-06-16 13:10:00,142.8000030517578,143.0,142.61000061035156,142.74000549316406,142.74000549316406,548782
2025-06-16 13:15:00,142.73980712890625,142.84640502929688,142.42999267578125,142.80999755859375,142.80999755859375,734445
2025-06-16 13:20:00,142.80999755859375,142.96519470214844,142.74000549316406,142.910400390625,142.910400390625,436807
2025-06-16 13:25:00,142.89999389648438,143.27000427246094,142.89999389648438,143.18919372558594,143.18919372558594,993975
2025-06-16 13:30:00,143.17820739746094,143.19000244140625,142.57000732421875,142.71279907226562,142.71279907226562,1452861
2025-06-16 13:35:00,142.7100067138672,142.94000244140625,142.57000732421875,142.860107421875,142.860107421875,381203
2025-06-16 13:40:00,142.85000610351562,143.02999877929688,142.72000122070312,142.77999877929688,142.77999877929688,359868
2025-06-16 13:45:00,142.75320434570312,142.97000122070312,142.72999572753906,142.9499053955078,142.9499053955078,277855
2025-06-16 13:50:00,142.97000122070312,143.12989807128906,142.77999877929688,142.7801055908203,142.7801055908203,442296
2025-06-16 13:55:00,142.77999877929688,142.8300018310547,142.60009765625,142.67999267578125,142.67999267578125,395242
2025-06-16 14:00:00,142.67999267578125,142.89999389648438,142.6529998779297,142.88999938964844,142.88999938964844,327974
2025-06-16 14:05:00,142.89999389648438,143.02000427246094,142.75,143.00030517578125,143.00030517578125,342547
2025-06-16 14:10:00,143.00010681152344,143.17999267578125,142.8800048828125,143.1656036376953,143.1656036376953,452749
2025-06-16 14:15:00,143.16000366210938,143.25,142.92999267578125,142.97000122070312,142.97000122070312,559574
2025-06-16 14:20:00,142.97000122070312,143.11000061035156,142.74180603027344,143.11000061035156,143.11000061035156,407075
2025-06-16 14:25:00,143.09539794921875,143.1699981689453,142.89999389648438,142.9499969482422,142.9499969482422,336910
2025-06-16 14:30:00,142.9434051513672,142.99000549316406,142.80999755859375,142.88999938964844,142.88999938964844,281021
2025-06-16 14:35:00,142.90919494628906,142.92999267578125,142.6300048828125,142.6403045654297,142.6403045654297,297184
2025-06-16 14:40:00,142.6302947998047,142.85499572753906,142.6302947998047,142.81640625,142.81640625,276183
2025-06-16 14:45:00,142.82000732421875,142.8300018310547,142.64999389648438,142.74000549316406,142.74000549316406,284674
2025-06-16 14:50:00,142.74000549316406,142.86000061035156,142.57000732421875,142.60000610351562,142.60000610351562,492974
2025-06-16 14:55:00,142.61000061035156,142.80999755859375,142.5,142.5605926513672,142.5605926513672,461593
2025-06-16 15:00:00,142.55999755859375,142.72000122070312,142.35000610351562,142.42999267578125,142.42999267578125,485296
2025-06-16 15:05:00,142.4199981689453,142.54840087890625,142.16000366210938,142.1750030517578,142.1750030517578,642698
2025-06-16 15:10:00,142.19000244140625,142.22999572753906,141.95010375976562,142.11019897460938,142.11019897460938,738424
2025-06-16 15:15:00,142.1300048828125,142.34519958496094,141.9915008544922,142.00999450683594,142.00999450683594,551571
2025-06-16 15:20:00,141.99000549316406,142.22999572753906,141.82000732421875,141.97000122070312,141.97000122070312,673431
2025-06-16 15:25:00,141.98500061035156,142.17999267578125,141.8699951171875,141.88999938964844,141.88999938964844,501871
2025-06-16 15:30:00,141.89999389648438,141.9897003173828,141.49000549316406,141.52000427246094,141.52000427246094,699861
2025-06-16 15:35:00,141.5,141.80999755859375,141.5,141.8000030517578,141.8000030517578,576076
2025-06-16 15:40:00,141.80189514160156,141.9499969482422,141.72000122070312,141.9199981689453,141.9199981689453,509742
2025-06-16 15:45:00,141.9145965576172,142.0500030517578,141.67999267578125,141.85499572753906,141.85499572753906,612585
2025-06-16 15:50:00,141.86000061035156,141.86000061035156,141.5399932861328,141.7100067138672,141.7100067138672,1000634
2025-06-16 15:55:00,141.72999572753906,141.74000549316406,141.26010131835938,141.36000061035156,141.36000061035156,1685444
2025-06-17 00:00:00,141.48500061035156,141.69000244140625,136.0800018310547,138.1999969482422,138.1999969482422,70479100
2025-06-17 09:30:00,141.52999877929688,141.67999267578125,140.31900024414062,140.97999572753906,140.97999572753906,4913432
2025-06-17 09:35:00,140.99000549316406,141.27999877929688,139.50999450683594,139.91600036621094,139.91600036621094,2320729
2025-06-17 09:40:00,139.9600067138672,140.66000366210938,138.77999877929688,138.97000122070312,138.97000122070312,2451388
2025-06-17 09:45:00,138.99740600585938,140.35000610351562,138.8350067138672,140.1699981689453,140.1699981689453,1855132
2025-06-17 09:50:00,140.14999389648438,140.92999267578125,139.9499969482422,140.7100067138672,140.7100067138672,1527498
2025-06-17 09:55:00,140.72959899902344,141.1199951171875,140.30999755859375,141.0800018310547,141.0800018310547,1476266
2025-06-17 10:00:00,141.08999633789062,141.64999389648438,140.94000244140625,141.0800018310547,141.0800018310547,1629548
2025-06-17 10:05:00,141.0758056640625,141.5800018310547,140.9600067138672,141.27000427246094,141.27000427246094,1104383
2025-06-17 10:10:00,141.2899932861328,141.68890380859375,140.99000549316406,141.50990295410156,141.50990295410156,1033690
2025-06-17 10:15:00,141.50990295410156,141.69000244140625,141.00999450683594,141.343994140625,141.343994140625,978296
2025-06-17 10:20:00,141.35499572753906,141.66000366210938,141.08070373535156,141.22000122070312,141.22000122070312,839868
2025-06-17 10:25:00,141.22000122070312,141.3000030517578,140.9199981689453,141.0500030517578,141.0500030517578,697396
2025-06-17 10:30:00,141.02969360351562,141.32000732421875,140.81500244140625,141.11500549316406,141.11500549316406,647683
2025-06-17 10:35:00,141.1103057861328,141.1103057861328,140.66000366210938,140.77200317382812,140.77200317382812,754779
2025-06-17 10:40:00,140.75999450683594,140.82969665527344,140.41000366210938,140.46080017089844,140.46080017089844,700605
2025-06-17 10:45:00,140.4600067138672,140.77999877929688,140.3699951171875,140.57000732421875,140.57000732421875,527960
2025-06-17 10:50:00,140.58999633789062,140.8800048828125,140.55999755859375,140.7899932861328,140.7899932861328,430320
2025-06-17 10:55:00,140.77999877929688,140.9199981689453,140.41000366210938,140.43060302734375,140.43060302734375,545972
2025-06-17 11:00:00,140.4499969482422,140.66929626464844,140.33999633789062,140.65719604492188,140.65719604492188,390072
2025-06-17 11:05:00,140.64999389648438,140.79100036621094,140.3800048828125,140.4199981689453,140.4199981689453,374343
2025-06-17 11:10:00,140.3699951171875,140.75999450683594,140.231201171875,140.75999450683594,140.75999450683594,520900
2025-06-17 11:15:00,140.75990295410156,140.75999450683594,140.1300048828125,140.4600067138672,140.4600067138672,669377
2025-06-17 11:20:00,140.4600067138672,140.5,139.94000244140625,139.9499969482422,139.9499969482422,536563
2025-06-17 11:25:00,139.9600067138672,140.2747039794922,139.77999877929688,139.85000610351562,139.85000610351562,706489
2025-06-17 11:30:00,139.80999755859375,139.83999633789062,139.47000122070312,139.57000732421875,139.57000732421875,750824
2025-06-17 11:35:00,139.5800018310547,140.0,139.4600067138672,139.6199951171875,139.6199951171875,741155
2025-06-17 11:40:00,139.625,140.0998992919922,139.61000061035156,140.0800018310547,140.0800018310547,548702
2025-06-17 11:45:00,140.0800018310547,140.08999633789062,139.5399932861328,139.63009643554688,139.63009643554688,476961
2025-06-17 11:50:00,139.66000366210938,139.8699951171875,139.4600067138672,139.5399932861328,139.5399932861328,497013
2025-06-17 11:55:00,139.53509521484375,139.6497039794922,139.32119750976562,139.39999389648438,139.39999389648438,537759
2025-06-17 12:00:00,139.41000366210938,139.5800018310547,139.2626953125,139.52499389648438,139.52499389648438,559225
2025-06-17 12:05:00,139.50999450683594,139.8800048828125,139.42999267578125,139.57000732421875,139.57000732421875,582089
2025-06-17 12:10:00,139.57640075683594,139.7949981689453,139.57000732421875,139.6999969482422,139.6999969482422,323601
2025-06-17 12:15:00,139.67669677734375,139.72999572753906,139.54010009765625,139.625,139.625,290630
2025-06-17 12:20:00,139.6300048828125,139.85000610351562,139.61000061035156,139.8000030517578,139.8000030517578,314263
2025-06-17 12:25:00,139.8000030517578,139.88999938964844,139.58999633789062,139.6300048828125,139.6300048828125,282490
2025-06-17 12:30:00,139.6300048828125,139.8000030517578,139.52999877929688,139.7664031982422,139.7664031982422,266950
2025-06-17 12:35:00,139.75999450683594,139.75999450683594,139.3699951171875,139.38999938964844,139.38999938964844,333473
2025-06-17 12:40:00,139.3800048828125,139.4694061279297,138.6999969482422,138.81979370117188,138.81979370117188,1079756
2025-06-17 12:45:00,138.7899932861328,139.13999938964844,138.7550048828125,138.9573974609375,138.9573974609375,621879
2025-06-17 12:50:00,138.96299743652344,139.35000610351562,138.89999389648438,139.0800018310547,139.0800018310547,620863
2025-06-17 12:55:00,139.05999755859375,139.2100067138672,138.8000030517578,138.86000061035156,138.86000061035156,594302
2025-06-17 13:00:00,138.8699951171875,138.8699951171875,138.32000732421875,138.57879638671875,138.57879638671875,1644399
2025-06-17 13:05:00,138.5800018310547,138.65240478515625,138.30140686035156,138.55990600585938,138.55990600585938,738163
2025-06-17 13:10:00,138.55990600585938,138.9199981689453,138.54010009765625,138.62879943847656,138.62879943847656,486325
2025-06-17 13:15:00,138.6300048828125,138.85000610351562,138.3699951171875,138.40609741210938,138.40609741210938,489074
2025-06-17 13:20:00,138.39999389648438,138.39999389648438,137.89999389648438,137.9499969482422,137.9499969482422,1026914
2025-06-17 13:25:00,137.9600067138672,137.9698944091797,137.41000366210938,137.41000366210938,137.41000366210938,995707
2025-06-17 13:30:00,137.41000366210938,137.4600067138672,137.05999755859375,137.44000244140625,137.44000244140625,1041338
2025-06-17 13:35:00,137.4600067138672,137.7498016357422,137.4210968017578,137.6199951171875,137.6199951171875,732088
2025-06-17 13:40:00,137.625,137.8800048828125,137.5399932861328,137.57000732421875,137.57000732421875,598508
2025-06-17 13:45:00,137.57980346679688,137.60000610351562,136.22999572753906,136.4149932861328,136.4149932861328,1587754
2025-06-17 13:50:00,136.39999389648438,136.69000244140625,136.0800018310547,136.66000366210938,136.66000366210938,1154415
2025-06-17 13:55:00,136.64999389648438,137.2100067138672,136.643798828125,136.77999877929688,136.77999877929688,870234
2025-06-17 14:00:00,136.77999877929688,137.0198974609375,136.52000427246094,136.96499633789062,136.96499633789062,745390
2025-06-17 14:05:00,136.97000122070312,137.5800018310547,136.9600067138672,137.55999755859375,137.55999755859375,851148
2025-06-17 14:10:00,137.5404052734375,137.66000366210938,137.35499572753906,137.57000732421875,137.57000732421875,624993
2025-06-17 14:15:00,137.58999633789062,137.74000549316406,137.41000366210938,137.64010620117188,137.64010620117188,464930
2025-06-17 14:20:00,137.63499450683594,137.72970581054688,137.0489959716797,137.07040405273438,137.07040405273438,764148
2025-06-17 14:25:00,137.10000610351562,137.11000061035156,136.77999877929688,136.9499969482422,136.9499969482422,719976
2025-06-17 14:30:00,136.97000122070312,137.4499969482422,136.94000244140625,137.44000244140625,137.44000244140625,598448
2025-06-17 14:35:00,137.4346923828125,137.5496063232422,137.07449340820312,137.27999877929688,137.27999877929688,483889
2025-06-17 14:40:00,137.25999450683594,137.3000030517578,136.42999267578125,136.5850067138672,136.5850067138672,919638
2025-06-17 14:45:00,136.5800018310547,137.1999969482422,136.52999877929688,137.125,137.125,586155
2025-06-17 14:50:00,137.1199951171875,137.5500030517578,137.07899475097656,137.52000427246094,137.52000427246094,499350
2025-06-17 14:55:00,137.52499389648438,137.77999877929688,137.41000366210938,137.67100524902344,137.67100524902344,666702
2025-06-17 15:00:00,137.67999267578125,137.94000244140625,137.58999633789062,137.6300048828125,137.6300048828125,599964
2025-06-17 15:05:00,137.62010192871094,137.85000610351562,137.61000061035156,137.8300018310547,137.8300018310547,472689
2025-06-17 15:10:00,137.8350067138672,138.25999450683594,137.72500610351562,138.14999389648438,138.14999389648438,818306
2025-06-17 15:15:00,138.13999938964844,138.35000610351562,137.90499877929688,138.08999633789062,138.08999633789062,756567
2025-06-17 15:20:00,138.08999633789062,138.76499938964844,138.08999633789062,138.36610412597656,138.36610412597656,1129412
2025-06-17 15:25:00,138.3800048828125,138.6999969482422,138.3300018310547,138.57000732421875,138.57000732421875,606142
2025-06-17 15:30:00,138.5800018310547,138.85000610351562,138.36000061035156,138.75,138.75,787729
2025-06-17 15:35:00,138.7449951171875,138.9398956298828,138.61000061035156,138.6699981689453,138.6699981689453,632871
2025-06-17 15:40:00,138.66000366210938,138.77999877929688,138.5399932861328,138.72509765625,138.72509765625,506931
2025-06-17 15:45:00,138.74000549316406,138.99000549316406,138.64999389648438,138.97000122070312,138.97000122070312,584583
2025-06-17 15:50:00,138.9600067138672,139.00999450683594,138.47000122070312,138.55999755859375,138.55999755859375,895789
2025-06-17 15:55:00,138.57000732421875,138.57000732421875,138.11019897460938,138.22999572753906,138.22999572753906,1659690
2025-06-18 00:00:00,139.0399932861328,140.36000061035156,137.49000549316406,139.9600067138672,139.9600067138672,58260200
2025-06-18 09:30:00,139.0,140.36000061035156,137.66079711914062,137.94500732421875,137.94500732421875,4071238
2025-06-18 09:35:00,137.97000122070312,138.75,137.88999938964844,138.65199279785156,138.65199279785156,1483691
2025-06-18 09:40:00,138.64999389648438,139.27999877929688,138.1999969482422,138.8759002685547,138.8759002685547,1187483
2025-06-18 09:45:00,138.875,139.47000122070312,138.83999633789062,139.2449951171875,139.2449951171875,1147666
2025-06-18 09:50:00,139.24000549316406,139.4199981689453,138.57899475097656,138.72000122070312,138.72000122070312,1155999
2025-06-18 09:55:00,138.74000549316406,138.89999389648438,138.00999450683594,138.28799438476562,138.28799438476562,1116523
2025-06-18 10:00:00,138.3000030517578,138.5800018310547,137.75999450683594,138.36000061035156,138.36000061035156,1351059
2025-06-18 10:05:00,138.35000610351562,138.38999938964844,137.91000366210938,138.25999450683594,138.25999450683594,836213
2025-06-18 10:10:00,138.26499938964844,138.66000366210938,138.1199951171875,138.539306640625,138.539306640625,682980
2025-06-18 10:15:00,138.5800018310547,138.76589965820312,138.39999389648438,138.42559814453125,138.42559814453125,609493
2025-06-18 10:20:00,138.4600067138672,138.85000610351562,138.32000732421875,138.82000732421875,138.82000732421875,755126
2025-06-18 10:25:00,138.82000732421875,139.03500366210938,138.52000427246094,138.72000122070312,138.72000122070312,714525
2025-06-18 10:30:00,138.72999572753906,138.8800048828125,138.30999755859375,138.44500732421875,138.44500732421875,679927
2025-06-18 10:35:00,138.4600067138672,139.14999389648438,138.32000732421875,139.08999633789062,139.08999633789062,769079
2025-06-18 10:40:00,139.09979248046875,139.63999938964844,138.8699951171875,139.44500732421875,139.44500732421875,1031171
2025-06-18 10:45:00,139.4600067138672,139.4801025390625,138.74000549316406,138.97999572753906,138.97999572753906,686834
2025-06-18 10:50:00,138.99000549316406,139.3300018310547,138.94000244140625,139.24000549316406,139.24000549316406,546199
2025-06-18 10:55:00,139.24000549316406,139.5399932861328,139.2100067138672,139.3408966064453,139.3408966064453,584914
2025-06-18 11:00:00,139.3350067138672,139.47000122070312,139.0,139.10000610351562,139.10000610351562,486412
2025-06-18 11:05:00,139.11000061035156,139.30999755859375,138.9250030517578,139.2100067138672,139.2100067138672,453679
2025-06-18 11:10:00,139.0399932861328,139.3699951171875,139.02000427246094,139.35499572753906,139.35499572753906,333459
2025-06-18 11:15:00,139.58999633789062,139.61000061035156,139.22999572753906,139.297607421875,139.297607421875,548363
2025-06-18 11:20:00,139.33639526367188,139.41000366210938,139.14999389648438,139.41000366210938,139.41000366210938,428619
2025-06-18 11:25:00,139.39599609375,139.55999755859375,139.33999633789062,139.52999877929688,139.52999877929688,412386
2025-06-18 11:30:00,139.52000427246094,139.6699981689453,139.50689697265625,139.65499877929688,139.65499877929688,437348
2025-06-18 11:35:00,139.92999267578125,140.09500122070312,139.89999389648438,140.0596923828125,140.0596923828125,966817
2025-06-18 11:40:00,140.0308074951172,140.07000732421875,139.67999267578125,139.96499633789062,139.96499633789062,832414
2025-06-18 11:45:00,139.97500610351562,140.13999938964844,139.8903045654297,140.10020446777344,140.10020446777344,475366
2025-06-18 11:50:00,140.10000610351562,140.139892578125,139.93020629882812,140.0800018310547,140.0800018310547,355375
2025-06-18 11:55:00,140.09910583496094,140.10000610351562,139.67999267578125,139.77499389648438,139.77499389648438,712668
2025-06-18 12:00:00,139.76499938964844,139.82000732421875,139.4499969482422,139.72500610351562,139.72500610351562,686126
2025-06-18 12:05:00,139.75999450683594,139.8000030517578,139.4600067138672,139.47000122070312,139.47000122070312,361408
2025-06-18 12:10:00,139.4600067138672,139.5800018310547,139.17999267578125,139.27999877929688,139.27999877929688,508283
2025-06-18 12:15:00,139.27999877929688,139.32000732421875,138.8699951171875,138.89999389648438,138.89999389648438,484399
2025-06-18 12:20:00,138.90199279785156,139.2722930908203,138.88999938964844,139.19500732421875,139.19500732421875,436326
2025-06-18 12:25:00,139.19500732421875,139.31500244140625,138.8800048828125,138.91009521484375,138.91009521484375,417856
2025-06-18 12:30:00,138.90980529785156,139.1295928955078,138.7989959716797,139.02000427246094,139.02000427246094,404034
2025-06-18 12:35:00,139.02999877929688,139.0800018310547,138.63499450683594,138.90499877929688,138.90499877929688,429704
2025-06-18 12:40:00,138.9149932861328,139.02999877929688,138.6999969482422,138.80499267578125,138.80499267578125,327609
2025-06-18 12:45:00,138.80499267578125,138.8800048828125,138.41000366210938,138.4799041748047,138.4799041748047,443726
2025-06-18 12:50:00,138.47500610351562,138.80999755859375,138.42999267578125,138.6199951171875,138.6199951171875,352068
2025-06-18 12:55:00,138.63290405273438,138.75,138.50999450683594,138.60499572753906,138.60499572753906,327086
2025-06-18 13:00:00,138.58999633789062,139.02969360351562,138.55999755859375,138.97999572753906,138.97999572753906,398220
2025-06-18 13:05:00,138.9600067138672,139.14999389648438,138.8699951171875,139.0500030517578,139.0500030517578,354285
2025-06-18 13:10:00,139.0500030517578,139.3699951171875,139.0500030517578,139.2899932861328,139.2899932861328,309018
2025-06-18 13:15:00,139.281005859375,139.3300018310547,139.05999755859375,139.08999633789062,139.08999633789062,233089
2025-06-18 13:20:00,139.0800018310547,139.08970642089844,138.5,138.66000366210938,138.66000366210938,411533
2025-06-18 13:25:00,138.64999389648438,138.64999389648438,138.05999755859375,138.17999267578125,138.17999267578125,538210
2025-06-18 13:30:00,138.16000366210938,138.3699951171875,137.5800018310547,137.88270568847656,137.88270568847656,840862
2025-06-18 13:35:00,137.89039611816406,138.27999877929688,137.49009704589844,138.25,138.25,593775
2025-06-18 13:40:00,138.25999450683594,138.47000122070312,138.11000061035156,138.3699951171875,138.3699951171875,393130
2025-06-18 13:45:00,138.39999389648438,138.52999877929688,138.3300018310547,138.43350219726562,138.43350219726562,334122
2025-06-18 13:50:00,138.43389892578125,138.5,138.16000366210938,138.25,138.25,417923
2025-06-18 13:55:00,138.22999572753906,138.60000610351562,138.2100067138672,138.4199981689453,138.4199981689453,371640
2025-06-18 14:00:00,138.39999389648438,139.08999633789062,138.20010375976562,138.22250366210938,138.22250366210938,767097
2025-06-18 14:05:00,138.21499633789062,139.0800018310547,138.14999389648438,138.90499877929688,138.90499877929688,628390
2025-06-18 14:10:00,138.88160705566406,139.30999755859375,138.77999877929688,139.1999969482422,139.1999969482422,630217
2025-06-18 14:15:00,139.19000244140625,139.24000549316406,139.01040649414062,139.08070373535156,139.08070373535156,317123
2025-06-18 14:20:00,139.07000732421875,139.24000549316406,138.82000732421875,138.98880004882812,138.98880004882812,428321
2025-06-18 14:25:00,139.0,139.42999267578125,138.9499969482422,139.3300018310547,139.3300018310547,508057
2025-06-18 14:30:00,139.27999877929688,139.78269958496094,139.1999969482422,139.68499755859375,139.68499755859375,718296
2025-06-18 14:35:00,139.69000244140625,139.7100067138672,139.2100067138672,139.3105010986328,139.3105010986328,615282
2025-06-18 14:40:00,139.3300018310547,139.5803985595703,139.14999389648438,139.4199981689453,139.4199981689453,408484
2025-06-18 14:45:00,139.4149932861328,139.44000244140625,139.08999633789062,139.1999969482422,139.1999969482422,444822
2025-06-18 14:50:00,139.2100067138672,139.2100067138672,138.47000122070312,138.64999389648438,138.64999389648438,601677
2025-06-18 14:55:00,138.64059448242188,138.6699981689453,137.6699981689453,138.02000427246094,138.02000427246094,885534
2025-06-18 15:00:00,138.00999450683594,138.5500030517578,137.52999877929688,138.4403076171875,138.4403076171875,923600
2025-06-18 15:05:00,138.52000427246094,138.6999969482422,138.25,138.44639587402344,138.44639587402344,709782
2025-06-18 15:10:00,138.42999267578125,139.25,138.3343963623047,139.139892578125,139.139892578125,723657
2025-06-18 15:15:00,139.13999938964844,139.25,138.96009826660156,139.13009643554688,139.13009643554688,552872
2025-06-18 15:20:00,139.13499450683594,139.47000122070312,139.07000732421875,139.3300018310547,139.3300018310547,548007
2025-06-18 15:25:00,139.3000030517578,139.36000061035156,138.6649932861328,138.67999267578125,138.67999267578125,645084
2025-06-18 15:30:00,138.7100067138672,139.2899932861328,138.5800018310547,139.25,139.25,686840
2025-06-18 15:35:00,139.24000549316406,139.5850067138672,139.14999389648438,139.4199981689453,139.4199981689453,651510
2025-06-18 15:40:00,139.44000244140625,139.75990295410156,139.39500427246094,139.75990295410156,139.75990295410156,687753
2025-06-18 15:45:00,139.74000549316406,139.77999877929688,139.36000061035156,139.5,139.5,622384
2025-06-18 15:50:00,139.5,139.91000366210938,139.3800048828125,139.74000549316406,139.74000549316406,1097683
2025-06-18 15:55:00,139.74000549316406,140.1999969482422,139.74000549316406,139.9409942626953,139.9409942626953,2357530
2025-06-20 00:00:00,140.69000244140625,142.24000549316406,136.74200439453125,137.3000030517578,137.3000030517578,87067000
2025-06-20 09:30:00,140.7100067138672,142.22999572753906,140.22500610351562,140.61380004882812,140.61380004882812,6680368
2025-06-20 09:35:00,140.6750030517578,140.9199981689453,140.11720275878906,140.6508026123047,140.6508026123047,1209613
2025-06-20 09:40:00,140.6300048828125,140.63999938964844,139.47000122070312,139.92999267578125,139.92999267578125,1410790
2025-06-20 09:45:00,139.94000244140625,140.0644073486328,139.3000030517578,139.51170349121094,139.51170349121094,1138752
2025-06-20 09:50:00,139.52000427246094,140.27999877929688,139.11000061035156,139.88999938964844,139.88999938964844,1486293
2025-06-20 09:55:00,139.9250030517578,139.92999267578125,138.75999450683594,138.8000030517578,138.8000030517578,1364524
2025-06-20 10:00:00,138.77000427246094,139.5,138.6425018310547,139.4105987548828,139.4105987548828,1368427
2025-06-20 10:05:00,139.4499969482422,139.91000366210938,139.0800018310547,139.0800018310547,139.0800018310547,1226710
2025-06-20 10:10:00,139.08999633789062,139.12399291992188,138.39999389648438,138.99000549316406,138.99000549316406,1400867
2025-06-20 10:15:00,138.92999267578125,139.27000427246094,138.69200134277344,139.06930541992188,139.06930541992188,948005
2025-06-20 10:20:00,139.0800018310547,139.11000061035156,137.64999389648438,137.72999572753906,137.72999572753906,1325241
2025-06-20 10:25:00,137.72000122070312,138.5,137.33999633789062,138.19000244140625,138.19000244140625,1517382
2025-06-20 10:30:00,138.1699981689453,138.52000427246094,137.8000030517578,138.31919860839844,138.31919860839844,1072410
2025-06-20 10:35:00,138.31350708007812,139.0500030517578,138.30999755859375,138.8000030517578,138.8000030517578,876113
2025-06-20 10:40:00,138.7899932861328,138.98500061035156,137.9949951171875,138.3249969482422,138.3249969482422,1035200
2025-06-20 10:45:00,138.30999755859375,138.74000549316406,137.9600067138672,138.48500061035156,138.48500061035156,846543
2025-06-20 10:50:00,138.4300994873047,138.56460571289062,137.99000549316406,138.3000030517578,138.3000030517578,669883
2025-06-20 10:55:00,138.2899932861328,138.7978973388672,138.15499877929688,138.41000366210938,138.41000366210938,630266
2025-06-20 11:00:00,138.44000244140625,138.52999877929688,138.0500030517578,138.3997039794922,138.3997039794922,594705
2025-06-20 11:05:00,138.39999389648438,139.0,138.39999389648438,138.9188995361328,138.9188995361328,702796
2025-06-20 11:10:00,138.9008026123047,139.47000122070312,138.87010192871094,139.40989685058594,139.40989685058594,819262
2025-06-20 11:15:00,139.4499969482422,139.47999572753906,139.1199951171875,139.18930053710938,139.18930053710938,436260
2025-06-20 11:20:00,139.0290069580078,139.16969299316406,138.86000061035156,139.1199951171875,139.1199951171875,581355
2025-06-20 11:25:00,139.1199951171875,139.33999633789062,139.10000610351562,139.27000427246094,139.27000427246094,419100
2025-06-20 11:30:00,139.17999267578125,139.41000366210938,139.07000732421875,139.33999633789062,139.33999633789062,391746
2025-06-20 11:35:00,139.32000732421875,139.3800048828125,139.11000061035156,139.14300537109375,139.14300537109375,291017
2025-06-20 11:40:00,139.15499877929688,139.3000030517578,138.91000366210938,139.05999755859375,139.05999755859375,440153
2025-06-20 11:45:00,138.9199981689453,139.0699005126953,138.75999450683594,138.9499969482422,138.9499969482422,326618
2025-06-20 11:50:00,138.69500732421875,138.8800048828125,138.47000122070312,138.57000732421875,138.57000732421875,396700
2025-06-20 11:55:00,138.5800018310547,138.6999969482422,138.3800048828125,138.56979370117188,138.56979370117188,422208
2025-06-20 12:00:00,138.55999755859375,138.77000427246094,138.3800048828125,138.42999267578125,138.42999267578125,380245
2025-06-20 12:05:00,138.41000366210938,138.57960510253906,138.25,138.3699951171875,138.3699951171875,306064
2025-06-20 12:10:00,138.35000610351562,138.67999267578125,138.22000122070312,138.4600067138672,138.4600067138672,350721
2025-06-20 12:15:00,138.43460083007812,138.4716033935547,138.04299926757812,138.3699951171875,138.3699951171875,364412
2025-06-20 12:20:00,138.35499572753906,138.58999633789062,138.19000244140625,138.4949951171875,138.4949951171875,348552
2025-06-20 12:25:00,138.49949645996094,138.57000732421875,138.33999633789062,138.4499969482422,138.4499969482422,322484
2025-06-20 12:30:00,138.44000244140625,138.85980224609375,138.42999267578125,138.8000030517578,138.8000030517578,370908
2025-06-20 12:35:00,138.77000427246094,139.03990173339844,138.67999267578125,138.96690368652344,138.96690368652344,354597
2025-06-20 12:40:00,138.9635009765625,139.02980041503906,138.75999450683594,138.94000244140625,138.94000244140625,352987
2025-06-20 12:45:00,138.9403076171875,139.02999877929688,138.7100067138672,138.77499389648438,138.77499389648438,250785
2025-06-20 12:50:00,138.7949981689453,139.0500030517578,138.7570037841797,138.92999267578125,138.92999267578125,238768
2025-06-20 12:55:00,138.93499755859375,139.02999877929688,138.55999755859375,138.6855926513672,138.6855926513672,326804
2025-06-20 13:00:00,138.67999267578125,138.82000732421875,138.35000610351562,138.4344024658203,138.4344024658203,350799
2025-06-20 13:05:00,138.4199981689453,138.42999267578125,138.22999572753906,138.29010009765625,138.29010009765625,413946
2025-06-20 13:10:00,138.2899932861328,138.53640747070312,138.19000244140625,138.42649841308594,138.42649841308594,325673
2025-06-20 13:15:00,138.43499755859375,138.6699981689453,138.0800018310547,138.16799926757812,138.16799926757812,468675
2025-06-20 13:20:00,138.1501007080078,138.27000427246094,137.8300018310547,137.9499969482422,137.9499969482422,570321
2025-06-20 13:25:00,137.9470977783203,138.02999877929688,137.25,137.35000610351562,137.35000610351562,694171
2025-06-20 13:30:00,137.35000610351562,137.42999267578125,136.89999389648438,137.19000244140625,137.19000244140625,946751
2025-06-20 13:35:00,137.17669677734375,137.24000549316406,136.74180603027344,136.8000030517578,136.8000030517578,709437
2025-06-20 13:40:00,136.80999755859375,137.39999389648438,136.75999450683594,137.22000122070312,137.22000122070312,656373
2025-06-20 13:45:00,137.22999572753906,137.47000122070312,137.16009521484375,137.2899932861328,137.2899932861328,391677
2025-06-20 13:50:00,137.30999755859375,137.6699981689453,137.24000549316406,137.63999938964844,137.63999938964844,889153
2025-06-20 13:55:00,137.63999938964844,137.89999389648438,137.61000061035156,137.8466033935547,137.8466033935547,412454
2025-06-20 14:00:00,137.84500122070312,138.1999969482422,137.77000427246094,138.14999389648438,138.14999389648438,486229
2025-06-20 14:05:00,138.13999938964844,138.34039306640625,138.08999633789062,138.27999877929688,138.27999877929688,859370
2025-06-20 14:10:00,138.28500366210938,138.4600067138672,138.20680236816406,138.3249969482422,138.3249969482422,492962
2025-06-20 14:15:00,138.3300018310547,138.72000122070312,138.27000427246094,138.6999969482422,138.6999969482422,497266
2025-06-20 14:20:00,138.7100067138672,138.72999572753906,138.40029907226562,138.55999755859375,138.55999755859375,515059
2025-06-20 14:25:00,138.57000732421875,138.58889770507812,138.36000061035156,138.4875030517578,138.4875030517578,402546
2025-06-20 14:30:00,138.4801025390625,138.58999633789062,138.27200317382812,138.35499572753906,138.35499572753906,458456
2025-06-20 14:35:00,138.35000610351562,138.49000549316406,138.22999572753906,138.41000366210938,138.41000366210938,376424
2025-06-20 14:40:00,138.4199981689453,138.5,138.2949981689453,138.33999633789062,138.33999633789062,341797
2025-06-20 14:45:00,138.33009338378906,138.52999877929688,138.2801055908203,138.375,138.375,317191
2025-06-20 14:50:00,138.375,138.56520080566406,138.27000427246094,138.28359985351562,138.28359985351562,374451
2025-06-20 14:55:00,138.2729949951172,138.32000732421875,137.55999755859375,137.72999572753906,137.72999572753906,688447
2025-06-20 15:00:00,137.72999572753906,137.9550018310547,137.60000610351562,137.72999572753906,137.72999572753906,527370
2025-06-20 15:05:00,137.6999969482422,137.8800048828125,137.5399932861328,137.58999633789062,137.58999633789062,416190
2025-06-20 15:10:00,137.5977020263672,138.00999450683594,137.52000427246094,137.91949462890625,137.91949462890625,503707
2025-06-20 15:15:00,137.91000366210938,137.99000549316406,137.86000061035156,137.92999267578125,137.92999267578125,363903
2025-06-20 15:20:00,137.9199981689453,137.96820068359375,137.60000610351562,137.6300048828125,137.6300048828125,479078
2025-06-20 15:25:00,137.62010192871094,137.7899932861328,137.49420166015625,137.6602020263672,137.6602020263672,446025
2025-06-20 15:30:00,137.64999389648438,137.88999938964844,137.5800018310547,137.72999572753906,137.72999572753906,536023
2025-06-20 15:35:00,137.7100067138672,137.7550048828125,137.3699951171875,137.50999450683594,137.50999450683594,552213
2025-06-20 15:40:00,137.51690673828125,137.72000122070312,137.47000122070312,137.72000122070312,137.72000122070312,586838
2025-06-20 15:45:00,137.6999969482422,137.7187042236328,136.97000122070312,137.0399932861328,137.0399932861328,942765
2025-06-20 15:50:00,137.0500030517578,137.7100067138672,136.88999938964844,137.585205078125,137.585205078125,1507216
2025-06-20 15:55:00,137.5800018310547,137.8800048828125,136.9149932861328,137.3000030517578,137.3000030517578,3656413
2025-06-23 00:00:00,138.89999389648438,142.14999389648438,135.9600067138672,139.9199981689453,139.9199981689453,70501100
2025-06-23 09:30:00,138.88999938964844,139.83999633789062,137.50999450683594,138.0,138.0,4420349
2025-06-23 09:35:00,138.00999450683594,138.66000366210938,137.63999938964844,137.77000427246094,137.77000427246094,1495384
2025-06-23 09:40:00,137.80999755859375,138.6739044189453,137.5399932861328,138.5240020751953,138.5240020751953,1228692
2025-06-23 09:45:00,138.60000610351562,139.9499969482422,138.52999877929688,139.5500946044922,139.5500946044922,1560798
2025-06-23 09:50:00,139.55999755859375,139.9199981689453,139.00999450683594,139.5177001953125,139.5177001953125,1103437
2025-06-23 09:55:00,139.49000549316406,139.49000549316406,138.6199951171875,138.72999572753906,138.72999572753906,918724
2025-06-23 10:00:00,138.74000549316406,139.11000061035156,138.57000732421875,138.85000610351562,138.85000610351562,1009919
2025-06-23 10:05:00,138.88999938964844,139.52000427246094,138.8256072998047,139.3249969482422,139.3249969482422,947328
2025-06-23 10:10:00,139.3249969482422,139.38999938964844,139.0,139.26780700683594,139.26780700683594,683934
2025-06-23 10:15:00,139.27000427246094,140.35000610351562,139.27000427246094,140.32000732421875,140.32000732421875,1425848
2025-06-23 10:20:00,140.31619262695312,140.80999755859375,140.11000061035156,140.34500122070312,140.34500122070312,1484300
2025-06-23 10:25:00,140.3699951171875,140.89999389648438,140.3000030517578,140.74440002441406,140.74440002441406,1149836
2025-06-23 10:30:00,140.74000549316406,141.25999450683594,140.47000122070312,140.94500732421875,140.94500732421875,1414421
2025-06-23 10:35:00,140.9199981689453,140.9499969482422,140.4600067138672,140.84500122070312,140.84500122070312,823990
2025-06-23 10:40:00,140.83999633789062,141.64999389648438,140.8000030517578,141.5800018310547,141.5800018310547,1320758
2025-06-23 10:45:00,141.5800018310547,142.14999389648438,141.52999877929688,141.7366943359375,141.7366943359375,1980409
2025-06-23 10:50:00,141.75,141.8000030517578,141.0,141.4199981689453,141.4199981689453,1085934
2025-06-23 10:55:00,141.4199981689453,141.61000061035156,140.50999450683594,140.72000122070312,140.72000122070312,949489
2025-06-23 11:00:00,140.72999572753906,140.86000061035156,140.4199981689453,140.7949981689453,140.7949981689453,791248
2025-06-23 11:05:00,140.82000732421875,141.0800018310547,140.67999267578125,140.97999572753906,140.97999572753906,735018
2025-06-23 11:10:00,140.96499633789062,141.19000244140625,140.7899932861328,141.18499755859375,141.18499755859375,499264
2025-06-23 11:15:00,140.95010375976562,140.97999572753906,140.35000610351562,140.41000366210938,140.41000366210938,614365
2025-06-23 11:20:00,140.33099365234375,140.39999389648438,140.11000061035156,140.20440673828125,140.20440673828125,430697
2025-06-23 11:25:00,140.07040405273438,140.07040405273438,139.72999572753906,139.8000030517578,139.8000030517578,888603
2025-06-23 11:30:00,139.75,140.25,139.75,140.22999572753906,140.22999572753906,743076
2025-06-23 11:35:00,140.25,140.4499969482422,139.99000549316406,139.99000549316406,139.99000549316406,633747
2025-06-23 11:40:00,139.99000549316406,140.05999755859375,139.76010131835938,139.9199981689453,139.9199981689453,381890
2025-06-23 11:45:00,139.88999938964844,139.9658966064453,139.57000732421875,139.8300018310547,139.8300018310547,473957
2025-06-23 11:50:00,139.7899932861328,140.0399932861328,139.72000122070312,139.75999450683594,139.75999450683594,432462
2025-06-23 11:55:00,139.77999877929688,139.91000366210938,139.47999572753906,139.5399932861328,139.5399932861328,430359
2025-06-23 12:00:00,139.5399932861328,139.61000061035156,139.25,139.3300018310547,139.3300018310547,1412858
2025-06-23 12:05:00,139.33990478515625,139.4698944091797,138.85009765625,138.88499450683594,138.88499450683594,727709
2025-06-23 12:10:00,138.89999389648438,139.36990356445312,138.89999389648438,139.13999938964844,139.13999938964844,530267
2025-06-23 12:15:00,139.1199951171875,139.29510498046875,138.58999633789062,138.8350067138672,138.8350067138672,623537
2025-06-23 12:20:00,138.86000061035156,138.86410522460938,137.97000122070312,137.99000549316406,137.99000549316406,950069
2025-06-23 12:25:00,137.98440551757812,138.14990234375,137.2899932861328,137.4949951171875,137.4949951171875,1036090
2025-06-23 12:30:00,137.49000549316406,137.5,136.5800018310547,136.58999633789062,136.58999633789062,1431091
2025-06-23 12:35:00,136.57000732421875,137.0500030517578,135.9600067138672,137.0500030517578,137.0500030517578,1608288
2025-06-23 12:40:00,137.0399932861328,137.92999267578125,136.77000427246094,137.77999877929688,137.77999877929688,1075247
2025-06-23 12:45:00,137.8000030517578,138.12100219726562,137.1999969482422,137.7429962158203,137.7429962158203,835720
2025-06-23 12:50:00,137.72999572753906,137.8800048828125,137.4300994873047,137.76080322265625,137.76080322265625,467504
2025-06-23 12:55:00,137.51919555664062,137.89999389648438,137.48379516601562,137.59840393066406,137.59840393066406,541367
2025-06-23 13:00:00,137.60000610351562,138.4499969482422,137.4600067138672,138.3347930908203,138.3347930908203,704833
2025-06-23 13:05:00,138.3249969482422,138.72560119628906,138.08999633789062,138.6602020263672,138.6602020263672,742100
2025-06-23 13:10:00,138.65020751953125,139.05499267578125,138.6300048828125,138.8300018310547,138.8300018310547,715274
2025-06-23 13:15:00,138.84750366210938,139.01800537109375,138.66000366210938,138.81500244140625,138.81500244140625,437962
2025-06-23 13:20:00,138.83999633789062,139.22000122070312,138.6699981689453,139.16920471191406,139.16920471191406,490783
2025-06-23 13:25:00,139.17999267578125,139.6199951171875,139.0399932861328,139.4600067138672,139.4600067138672,686184
2025-06-23 13:30:00,139.47999572753906,139.8300018310547,139.45010375976562,139.58079528808594,139.58079528808594,705915
2025-06-23 13:35:00,139.61000061035156,139.89999389648438,139.5,139.83999633789062,139.83999633789062,512588
2025-06-23 13:40:00,139.86000061035156,139.9199981689453,139.6699981689453,139.82000732421875,139.82000732421875,411689
2025-06-23 13:45:00,139.82000732421875,140.35000610351562,139.80999755859375,140.1750030517578,140.1750030517578,876475
2025-06-23 13:50:00,140.1699981689453,140.2133026123047,139.760498046875,139.8498992919922,139.8498992919922,474738
2025-06-23 13:55:00,139.82000732421875,140.2353973388672,139.7899932861328,140.05999755859375,140.05999755859375,455000
2025-06-23 14:00:00,140.0500030517578,140.27000427246094,139.9499969482422,140.11000061035156,140.11000061035156,404101
2025-06-23 14:05:00,140.10000610351562,140.2198944091797,139.875,139.9738006591797,139.9738006591797,402183
2025-06-23 14:10:00,139.97340393066406,140.14999389648438,139.86000061035156,139.95199584960938,139.95199584960938,349913
2025-06-23 14:15:00,139.9302978515625,140.07040405273438,139.63999938964844,139.8000030517578,139.8000030517578,450465
2025-06-23 14:20:00,139.80999755859375,139.81500244140625,139.3101043701172,139.33999633789062,139.33999633789062,622084
2025-06-23 14:25:00,139.3350067138672,139.5697021484375,139.16000366210938,139.3699951171875,139.3699951171875,455947
2025-06-23 14:30:00,139.3800048828125,139.7100067138672,139.34019470214844,139.67999267578125,139.67999267578125,411586
2025-06-23 14:35:00,139.66000366210938,139.781005859375,139.57000732421875,139.6999969482422,139.6999969482422,392284
2025-06-23 14:40:00,139.68479919433594,139.88999938964844,139.60000610351562,139.77999877929688,139.77999877929688,305114
2025-06-23 14:45:00,139.77999877929688,139.8459930419922,139.5,139.5,139.5,273687
2025-06-23 14:50:00,139.51499938964844,139.59970092773438,139.39999389648438,139.54510498046875,139.54510498046875,269512
2025-06-23 14:55:00,139.53990173339844,139.66000366210938,139.4499969482422,139.55499267578125,139.55499267578125,524956
2025-06-23 15:00:00,139.5500030517578,139.9499969482422,139.5189971923828,139.8300018310547,139.8300018310547,505970
2025-06-23 15:05:00,139.80999755859375,139.8300018310547,139.58999633789062,139.67999267578125,139.67999267578125,405621
2025-06-23 15:10:00,139.69000244140625,139.72999572753906,139.44000244140625,139.51499938964844,139.51499938964844,281904
2025-06-23 15:15:00,139.50999450683594,139.5800018310547,139.16009521484375,139.1699981689453,139.1699981689453,388831
2025-06-23 15:20:00,139.1699981689453,139.3300018310547,139.11000061035156,139.25,139.25,473595
2025-06-23 15:25:00,139.22999572753906,139.42979431152344,139.19000244140625,139.375,139.375,360927
2025-06-23 15:30:00,139.35000610351562,139.6898956298828,139.30499267578125,139.6300048828125,139.6300048828125,528102
2025-06-23 15:35:00,139.63999938964844,139.69970703125,139.44000244140625,139.53619384765625,139.53619384765625,389867
2025-06-23 15:40:00,139.5399932861328,139.66000366210938,139.2899932861328,139.35000610351562,139.35000610351562,467134
2025-06-23 15:45:00,139.33999633789062,139.5399932861328,139.25999450683594,139.4199981689453,139.4199981689453,442940
2025-06-23 15:50:00,139.44000244140625,139.7899932861328,139.32000732421875,139.67999267578125,139.67999267578125,823074
2025-06-23 15:55:00,139.6999969482422,139.94000244140625,139.5800018310547,139.89999389648438,139.89999389648438,1539402
2025-06-24 00:00:00,140.97999572753906,143.66000366210938,137.8000030517578,143.22999572753906,143.22999572753906,58574200
2025-06-24 09:30:00,140.97500610351562,141.24949645996094,137.8000030517578,138.60000610351562,138.60000610351562,4706338
2025-06-24 09:35:00,138.639892578125,139.58999633789062,138.25,139.4199981689453,139.4199981689453,1911651
2025-06-24 09:40:00,139.4600067138672,139.9199981689453,139.13999938964844,139.80999755859375,139.80999755859375,1208080
2025-06-24 09:45:00,139.80999755859375,140.4199981689453,139.5399932861328,140.27000427246094,140.27000427246094,1572963
2025-06-24 09:50:00,140.2602996826172,140.4199981689453,139.80999755859375,140.05999755859375,140.05999755859375,1001705
2025-06-24 09:55:00,140.0500946044922,140.8300018310547,140.0,140.4600067138672,140.4600067138672,1131251
2025-06-24 10:00:00,140.4949951171875,141.33999633789062,140.25,140.86000061035156,140.86000061035156,1372100
2025-06-24 10:05:00,140.84500122070312,141.22999572753906,140.69000244140625,141.0500030517578,141.0500030517578,1138566
2025-06-24 10:10:00,141.0493927001953,141.44000244140625,140.61000061035156,141.17999267578125,141.17999267578125,987118
2025-06-24 10:15:00,141.16000366210938,141.42999267578125,140.92999267578125,141.25999450683594,141.25999450683594,887790
2025-06-24 10:20:00,141.26589965820312,141.66639709472656,141.24000549316406,141.2895050048828,141.2895050048828,1086359
2025-06-24 10:25:00,141.30999755859375,141.9499969482422,141.16000366210938,141.7899932861328,141.7899932861328,1055797
2025-06-24 10:30:00,141.75999450683594,141.97000122070312,141.4499969482422,141.9600067138672,141.9600067138672,735371
2025-06-24 10:35:00,141.9550018310547,142.0800018310547,141.55999755859375,141.74000549316406,141.74000549316406,983039
2025-06-24 10:40:00,141.74000549316406,141.8697052001953,141.52999877929688,141.6999053955078,141.6999053955078,567836
2025-06-24 10:45:00,141.7100067138672,141.85000610351562,141.56500244140625,141.67999267578125,141.67999267578125,579375
2025-06-24 10:50:00,141.67999267578125,141.7100067138672,141.05499267578125,141.41969299316406,141.41969299316406,819892
2025-06-24 10:55:00,141.41580200195312,141.58999633789062,140.91000366210938,141.0991973876953,141.0991973876953,641157
2025-06-24 11:00:00,141.10000610351562,141.12989807128906,140.75999450683594,140.92689514160156,140.92689514160156,514526
2025-06-24 11:05:00,140.92129516601562,141.58999633789062,140.92129516601562,141.10000610351562,141.10000610351562,961549
2025-06-24 11:10:00,141.3043975830078,141.63999938964844,141.10360717773438,141.63999938964844,141.63999938964844,434989
2025-06-24 11:15:00,141.64999389648438,142.0800018310547,141.62030029296875,141.86500549316406,141.86500549316406,820966
2025-06-24 11:20:00,141.86000061035156,141.8800048828125,141.55020141601562,141.7700958251953,141.7700958251953,576273
2025-06-24 11:25:00,141.7946014404297,142.0,141.69500732421875,141.8300018310547,141.8300018310547,506275
2025-06-24 11:30:00,141.72999572753906,141.82000732421875,141.52999877929688,141.5500030517578,141.5500030517578,414042
2025-06-24 11:35:00,141.5449981689453,141.7100067138672,141.4600067138672,141.66969299316406,141.66969299316406,371169
2025-06-24 11:40:00,141.69000244140625,141.8699951171875,141.61000061035156,141.77999877929688,141.77999877929688,320637
2025-06-24 11:45:00,141.7602996826172,141.8699951171875,141.5399932861328,141.80999755859375,141.80999755859375,289471
2025-06-24 11:50:00,141.80999755859375,141.83999633789062,141.35000610351562,141.41099548339844,141.41099548339844,333777
2025-06-24 11:55:00,141.40499877929688,141.66000366210938,141.32000732421875,141.50999450683594,141.50999450683594,348510
2025-06-24 12:00:00,141.52679443359375,141.6199951171875,141.33999633789062,141.55999755859375,141.55999755859375,272155
2025-06-24 12:05:00,141.55499267578125,141.63400268554688,141.41000366210938,141.5500030517578,141.5500030517578,318852
2025-06-24 12:10:00,141.55999755859375,141.64999389648438,141.39999389648438,141.62600708007812,141.62600708007812,276293
2025-06-24 12:15:00,141.61000061035156,141.66000366210938,141.5001983642578,141.6407928466797,141.6407928466797,190039
2025-06-24 12:20:00,141.64889526367188,142.02999877929688,141.60000610351562,141.97039794921875,141.97039794921875,532400
2025-06-24 12:25:00,141.97459411621094,142.3300018310547,141.9199981689453,142.0749969482422,142.0749969482422,885049
2025-06-24 12:30:00,142.07000732421875,142.07000732421875,141.5200958251953,141.67999267578125,141.67999267578125,598287
2025-06-24 12:35:00,141.697998046875,141.97999572753906,141.69000244140625,141.93499755859375,141.93499755859375,288040
2025-06-24 12:40:00,141.94000244140625,141.9499969482422,141.7313995361328,141.85000610351562,141.85000610351562,308821
2025-06-24 12:45:00,141.86000061035156,141.97000122070312,141.6699981689453,141.8300018310547,141.8300018310547,271384
2025-06-24 12:50:00,141.8350067138672,141.85989379882812,141.69000244140625,141.77999877929688,141.77999877929688,183217
2025-06-24 12:55:00,141.77000427246094,141.91000366210938,141.54989624023438,141.66000366210938,141.66000366210938,264893
2025-06-24 13:00:00,141.64999389648438,142.1699981689453,141.6300048828125,141.9700927734375,141.9700927734375,452760
2025-06-24 13:05:00,141.98500061035156,142.0,141.77430725097656,141.9499969482422,141.9499969482422,225810
2025-06-24 13:10:00,141.94000244140625,142.08999633789062,141.91000366210938,142.02870178222656,142.02870178222656,287713
2025-06-24 13:15:00,142.02499389648438,142.27000427246094,141.97999572753906,142.039794921875,142.039794921875,477940
2025-06-24 13:20:00,142.03860473632812,142.10989379882812,141.72000122070312,141.90969848632812,141.90969848632812,424883
2025-06-24 13:25:00,141.89920043945312,142.2100067138672,141.88499450683594,142.08999633789062,142.08999633789062,347589
2025-06-24 13:30:00,142.0800018310547,142.52999877929688,142.0399932861328,142.50999450683594,142.50999450683594,678278
2025-06-24 13:35:00,142.50999450683594,142.66000366210938,142.39999389648438,142.5749969482422,142.5749969482422,490179
2025-06-24 13:40:00,142.5800018310547,142.75,142.5500030517578,142.61000061035156,142.61000061035156,437526
2025-06-24 13:45:00,142.61000061035156,142.8800048828125,142.36000061035156,142.37759399414062,142.37759399414062,602828
2025-06-24 13:50:00,142.3800048828125,142.5800018310547,142.27999877929688,142.52000427246094,142.52000427246094,396680
2025-06-24 13:55:00,142.52000427246094,142.6199951171875,142.36000061035156,142.47999572753906,142.47999572753906,350358
2025-06-24 14:00:00,142.47999572753906,142.69000244140625,142.4499053955078,142.63999938964844,142.63999938964844,305343
2025-06-24 14:05:00,142.625,142.8699951171875,142.58999633789062,142.8065948486328,142.8065948486328,384244
2025-06-24 14:10:00,142.82000732421875,142.97999572753906,142.7899932861328,142.82000732421875,142.82000732421875,563186
2025-06-24 14:15:00,142.81500244140625,143.07000732421875,142.8000030517578,142.97000122070312,142.97000122070312,618523
2025-06-24 14:20:00,142.97019958496094,143.01499938964844,142.8300018310547,142.8800048828125,142.8800048828125,350013
2025-06-24 14:25:00,142.88900756835938,142.88900756835938,142.60499572753906,142.71499633789062,142.71499633789062,336325
2025-06-24 14:30:00,142.71519470214844,142.88780212402344,142.70460510253906,142.82000732421875,142.82000732421875,277993
2025-06-24 14:35:00,142.82000732421875,142.97000122070312,142.75,142.9185028076172,142.9185028076172,283523
2025-06-24 14:40:00,142.91000366210938,143.0399932861328,142.88499450683594,142.92520141601562,142.92520141601562,339122
2025-06-24 14:45:00,142.9243927001953,143.1300048828125,142.79400634765625,142.875,142.875,470225
2025-06-24 14:50:00,142.8699951171875,142.99000549316406,142.75999450683594,142.7852020263672,142.7852020263672,302866
2025-06-24 14:55:00,142.7899932861328,142.99000549316406,142.75,142.77000427246094,142.77000427246094,279305
2025-06-24 15:00:00,142.77000427246094,143.0,142.77000427246094,142.89500427246094,142.89500427246094,347062
2025-06-24 15:05:00,142.89999389648438,143.1699981689453,142.8699951171875,142.88999938964844,142.88999938964844,503257
2025-06-24 15:10:00,142.89999389648438,143.10000610351562,142.8800048828125,142.99000549316406,142.99000549316406,314188
2025-06-24 15:15:00,143.00999450683594,143.61000061035156,143.0,143.51400756835938,143.51400756835938,861732
2025-06-24 15:20:00,143.50999450683594,143.66000366210938,143.2899932861328,143.35000610351562,143.35000610351562,671310
2025-06-24 15:25:00,143.35000610351562,143.52540588378906,143.07000732421875,143.1300048828125,143.1300048828125,605795
2025-06-24 15:30:00,143.1199951171875,143.34500122070312,143.1009979248047,143.22479248046875,143.22479248046875,462165
2025-06-24 15:35:00,143.22999572753906,143.41000366210938,143.11000061035156,143.31500244140625,143.31500244140625,513860
2025-06-24 15:40:00,143.32000732421875,143.4698944091797,143.05999755859375,143.07009887695312,143.07009887695312,619102
2025-06-24 15:45:00,143.07000732421875,143.13999938964844,142.83999633789062,142.9600067138672,142.9600067138672,653771
2025-06-24 15:50:00,142.9499969482422,143.22999572753906,142.92999267578125,143.19000244140625,143.19000244140625,879920
2025-06-24 15:55:00,143.17999267578125,143.33999633789062,143.00999450683594,143.19000244140625,143.19000244140625,1599008
2025-06-25 00:00:00,144.49000549316406,147.6699981689453,141.52999877929688,142.89999389648438,142.89999389648438,61435300
2025-06-25 09:30:00,144.52000427246094,146.39999389648438,144.22000122070312,145.4409942626953,145.4409942626953,4856009
2025-06-25 09:35:00,145.4199981689453,146.8240966796875,145.10000610351562,146.5749969482422,146.5749969482422,2540663
2025-06-25 09:40:00,146.52999877929688,147.32000732421875,146.02000427246094,147.02000427246094,147.02000427246094,2030240
2025-06-25 09:45:00,147.0,147.6699981689453,146.5800018310547,146.6230010986328,146.6230010986328,2048074
2025-06-25 09:50:00,146.60000610351562,146.72000122070312,145.89999389648438,146.14999389648438,146.14999389648438,1469861
2025-06-25 09:55:00,146.13999938964844,146.75,145.91000366210938,146.08160400390625,146.08160400390625,1185932
2025-06-25 10:00:00,146.1199951171875,146.22999572753906,145.3800048828125,145.83920288085938,145.83920288085938,1207131
2025-06-25 10:05:00,145.8300018310547,146.3300018310547,145.22000122070312,145.2799072265625,145.2799072265625,1443627
2025-06-25 10:10:00,145.27000427246094,145.38499450683594,144.22999572753906,144.389892578125,144.389892578125,1571206
2025-06-25 10:15:00,144.38999938964844,144.99000549316406,143.9199981689453,144.27999877929688,144.27999877929688,1479185
2025-06-25 10:20:00,144.2899932861328,144.77639770507812,144.16000366210938,144.55999755859375,144.55999755859375,905715
2025-06-25 10:25:00,144.55999755859375,144.8300018310547,144.10000610351562,144.19189453125,144.19189453125,865412
2025-06-25 10:30:00,144.22999572753906,144.7198028564453,144.18870544433594,144.47999572753906,144.47999572753906,746851
2025-06-25 10:35:00,144.48880004882812,144.75999450683594,144.25320434570312,144.40499877929688,144.40499877929688,599814
2025-06-25 10:40:00,144.40919494628906,144.6300048828125,144.1699981689453,144.2397003173828,144.2397003173828,552315
2025-06-25 10:45:00,144.25970458984375,144.36900329589844,143.4550018310547,143.72000122070312,143.72000122070312,1056498
2025-06-25 10:50:00,143.75999450683594,144.0399932861328,143.35000610351562,143.9698944091797,143.9698944091797,1015472
2025-06-25 10:55:00,143.98069763183594,144.3199005126953,143.89999389648438,144.19400024414062,144.19400024414062,838413
2025-06-25 11:00:00,144.1999969482422,144.58999633789062,143.5919952392578,143.64500427246094,143.64500427246094,831209
2025-06-25 11:05:00,143.64999389648438,143.77000427246094,143.27000427246094,143.57040405273438,143.57040405273438,669919
2025-06-25 11:10:00,143.5800018310547,143.64990234375,143.2700958251953,143.52969360351562,143.52969360351562,556585
2025-06-25 11:15:00,143.5198974609375,143.7095947265625,143.48500061035156,143.63999938964844,143.63999938964844,347846
2025-06-25 11:20:00,143.44000244140625,143.55999755859375,143.38999938964844,143.460205078125,143.460205078125,237968
2025-06-25 11:25:00,143.47250366210938,143.84970092773438,143.46949768066406,143.80520629882812,143.80520629882812,638902
2025-06-25 11:30:00,143.80520629882812,143.8300018310547,142.83999633789062,142.96910095214844,142.96910095214844,1013223
2025-06-25 11:35:00,142.9550018310547,143.43490600585938,142.94000244140625,143.39999389648438,143.39999389648438,391491
2025-06-25 11:40:00,143.00770568847656,143.22000122070312,142.8903045654297,143.18080139160156,143.18080139160156,589595
2025-06-25 11:45:00,142.95069885253906,143.1497039794922,142.9250030517578,143.1199951171875,143.1199951171875,363069
2025-06-25 11:50:00,143.1396026611328,143.14999389648438,142.8300018310547,142.8675994873047,142.8675994873047,428073
2025-06-25 11:55:00,142.8300018310547,143.0363006591797,142.4604949951172,142.55020141601562,142.55020141601562,631792
2025-06-25 12:00:00,142.5449981689453,142.97999572753906,142.49000549316406,142.93499755859375,142.93499755859375,452305
2025-06-25 12:05:00,142.9199981689453,143.0,142.44000244140625,142.52000427246094,142.52000427246094,443338
2025-06-25 12:10:00,142.5,142.75900268554688,142.25,142.43499755859375,142.43499755859375,609189
2025-06-25 12:15:00,142.43499755859375,142.5050048828125,142.25030517578125,142.27999877929688,142.27999877929688,596893
2025-06-25 12:20:00,142.27499389648438,142.51939392089844,142.10560607910156,142.5,142.5,692908
2025-06-25 12:25:00,142.50999450683594,142.64999389648438,142.39999389648438,142.61070251464844,142.61070251464844,350519
2025-06-25 12:30:00,142.6300048828125,142.67999267578125,142.52000427246094,142.660400390625,142.660400390625,308144
2025-06-25 12:35:00,142.66000366210938,142.66000366210938,142.29110717773438,142.36000061035156,142.36000061035156,398065
2025-06-25 12:40:00,142.37559509277344,142.39999389648438,142.0395965576172,142.0500030517578,142.0500030517578,389252
2025-06-25 12:45:00,142.0449981689453,142.1300048828125,141.6300048828125,141.75990295410156,141.75990295410156,1012231
2025-06-25 12:50:00,141.7550048828125,141.93600463867188,141.7449951171875,141.82000732421875,141.82000732421875,493066
2025-06-25 12:55:00,141.82009887695312,141.94000244140625,141.75,141.75999450683594,141.75999450683594,379128
2025-06-25 13:00:00,141.75999450683594,141.94000244140625,141.56019592285156,141.62989807128906,141.62989807128906,512018
2025-06-25 13:05:00,141.6298065185547,142.04989624023438,141.52999877929688,141.9600067138672,141.9600067138672,622670
2025-06-25 13:10:00,141.97039794921875,142.36000061035156,141.82000732421875,142.32000732421875,142.32000732421875,541161
2025-06-25 13:15:00,142.31410217285156,142.53990173339844,142.22999572753906,142.47500610351562,142.47500610351562,1219691
2025-06-25 13:20:00,142.47500610351562,142.74989318847656,142.47500610351562,142.62069702148438,142.62069702148438,536389
2025-06-25 13:25:00,142.6199951171875,142.8699951171875,142.52999877929688,142.8300018310547,142.8300018310547,365397
2025-06-25 13:30:00,142.83999633789062,142.89999389648438,142.4199981689453,142.547607421875,142.547607421875,585116
2025-06-25 13:35:00,142.5449981689453,142.8000030517578,142.45010375976562,142.72999572753906,142.72999572753906,378757
2025-06-25 13:40:00,142.73500061035156,142.77999877929688,142.47000122070312,142.71499633789062,142.71499633789062,394846
2025-06-25 13:45:00,142.6999969482422,142.74000549316406,142.5,142.52999877929688,142.52999877929688,241953
2025-06-25 13:50:00,142.5,142.66990661621094,142.14999389648438,142.22900390625,142.22900390625,417986
2025-06-25 13:55:00,142.2100067138672,142.42999267578125,142.18020629882812,142.375,142.375,286848
2025-06-25 14:00:00,142.3800048828125,142.72560119628906,142.27020263671875,142.67999267578125,142.67999267578125,299865
2025-06-25 14:05:00,142.69000244140625,142.69000244140625,142.47000122070312,142.52999877929688,142.52999877929688,172641
2025-06-25 14:10:00,142.5500030517578,142.70179748535156,142.3502960205078,142.5944061279297,142.5944061279297,253478
2025-06-25 14:15:00,142.60000610351562,142.6197967529297,142.4250030517578,142.5572052001953,142.5572052001953,226681
2025-06-25 14:20:00,142.5399932861328,142.6999053955078,142.51499938964844,142.6699981689453,142.6699981689453,176933
2025-06-25 14:25:00,142.63999938964844,142.8397979736328,142.63499450683594,142.72999572753906,142.72999572753906,338785
2025-06-25 14:30:00,142.7292022705078,142.77999877929688,142.2100067138672,142.25999450683594,142.25999450683594,328535
2025-06-25 14:35:00,142.26080322265625,142.2899932861328,142.0399932861328,142.08970642089844,142.08970642089844,407585
2025-06-25 14:40:00,142.0399932861328,142.0399932861328,141.69020080566406,141.85040283203125,141.85040283203125,491344
2025-06-25 14:45:00,141.85989379882812,142.0800018310547,141.82000732421875,141.99000549316406,141.99000549316406,321693
2025-06-25 14:50:00,141.99000549316406,142.0800018310547,141.86000061035156,141.94000244140625,141.94000244140625,248767
2025-06-25 14:55:00,141.94000244140625,142.2100067138672,141.8699951171875,142.03439331054688,142.03439331054688,387988
2025-06-25 15:00:00,142.02999877929688,142.41969299316406,141.9600067138672,142.41000366210938,142.41000366210938,357184
2025-06-25 15:05:00,142.39999389648438,142.72000122070312,142.24009704589844,142.7001953125,142.7001953125,493721
2025-06-25 15:10:00,142.70010375976562,143.17999267578125,142.65020751953125,143.07989501953125,143.07989501953125,609259
2025-06-25 15:15:00,143.0500030517578,143.0699005126953,142.66000366210938,142.77999877929688,142.77999877929688,419283
2025-06-25 15:20:00,142.77999877929688,142.88999938964844,142.54010009765625,142.57000732421875,142.57000732421875,395503
2025-06-25 15:25:00,142.56500244140625,142.73989868164062,142.5500030517578,142.64959716796875,142.64959716796875,297853
2025-06-25 15:30:00,142.6699981689453,142.6999969482422,142.44000244140625,142.55999755859375,142.55999755859375,396041
2025-06-25 15:35:00,142.55999755859375,142.82000732421875,142.42999267578125,142.7834930419922,142.7834930419922,377093
2025-06-25 15:40:00,142.7899932861328,142.9199981689453,142.58999633789062,142.67999267578125,142.67999267578125,462477
2025-06-25 15:45:00,142.68499755859375,142.79010009765625,142.58999633789062,142.64999389648438,142.64999389648438,284939
2025-06-25 15:50:00,142.66000366210938,142.82989501953125,142.50999450683594,142.7729949951172,142.7729949951172,635095
2025-06-25 15:55:00,142.77999877929688,142.97650146484375,142.77000427246094,142.88999938964844,142.88999938964844,1190901
2025-06-26 00:00:00,144.85000610351562,148.21499633789062,142.91000366210938,144.25,144.25,69440500
2025-06-26 09:30:00,144.97000122070312,146.24000549316406,144.85000610351562,145.3300018310547,145.3300018310547,5386047
2025-06-26 09:35:00,145.35000610351562,146.75,145.05499267578125,146.64999389648438,146.64999389648438,2623142
2025-06-26 09:40:00,146.66250610351562,147.91000366210938,146.5500946044922,147.83999633789062,147.83999633789062,3294106
2025-06-26 09:45:00,147.84080505371094,148.21499633789062,146.86199951171875,147.39999389648438,147.39999389648438,2620515
2025-06-26 09:50:00,147.39999389648438,147.47000122070312,146.0800018310547,146.22000122070312,146.22000122070312,1957235
2025-06-26 09:55:00,146.24000549316406,146.5,145.7362060546875,146.36000061035156,146.36000061035156,1360230
2025-06-26 10:00:00,146.36000061035156,146.58949279785156,145.24960327148438,145.80029296875,145.80029296875,1503922
2025-06-26 10:05:00,145.78990173339844,145.88999938964844,144.5800018310547,144.8300018310547,144.8300018310547,1602794
2025-06-26 10:10:00,144.80999755859375,145.19000244140625,144.16000366210938,144.27000427246094,144.27000427246094,1601267
2025-06-26 10:15:00,144.25999450683594,144.4199981689453,143.86000061035156,144.34500122070312,144.34500122070312,1372382
2025-06-26 10:20:00,144.3699951171875,144.97999572753906,144.35009765625,144.92999267578125,144.92999267578125,1353790
2025-06-26 10:25:00,144.9149932861328,144.9320068359375,144.00999450683594,144.0666961669922,144.0666961669922,1060801
2025-06-26 10:30:00,144.07000732421875,144.635498046875,143.72999572753906,143.8300018310547,143.8300018310547,1174667
2025-06-26 10:35:00,143.82000732421875,144.0500030517578,143.3000030517578,143.85299682617188,143.85299682617188,1317221
2025-06-26 10:40:00,143.84970092773438,144.03700256347656,143.3000030517578,143.3800048828125,143.3800048828125,856059
2025-06-26 10:45:00,143.38999938964844,143.810302734375,142.91000366210938,143.72999572753906,143.72999572753906,1244945
2025-06-26 10:50:00,143.6999969482422,143.87989807128906,143.2899932861328,143.56199645996094,143.56199645996094,745021
2025-06-26 10:55:00,143.58099365234375,143.78379821777344,143.4499969482422,143.64450073242188,143.64450073242188,571206
2025-06-26 11:00:00,143.64999389648438,143.72999572753906,143.36000061035156,143.60000610351562,143.60000610351562,700808
2025-06-26 11:05:00,143.59500122070312,143.77000427246094,143.42999267578125,143.68499755859375,143.68499755859375,618051
2025-06-26 11:10:00,143.67999267578125,144.44000244140625,143.64999389648438,144.22999572753906,144.22999572753906,894961
2025-06-26 11:15:00,144.23989868164062,144.6199951171875,144.2100067138672,144.4499969482422,144.4499969482422,661534
2025-06-26 11:20:00,144.43499755859375,144.72500610351562,144.3603057861328,144.41000366210938,144.41000366210938,1635816
2025-06-26 11:25:00,144.39999389648438,144.54359436035156,143.77000427246094,143.88499450683594,143.88499450683594,1033888
2025-06-26 11:30:00,143.8800048828125,144.05999755859375,143.4600067138672,143.79010009765625,143.79010009765625,848580
2025-06-26 11:35:00,143.7899932861328,144.50999450683594,143.75,144.4644012451172,144.4644012451172,686841
2025-06-26 11:40:00,144.46499633789062,144.97000122070312,144.4199981689453,144.5500030517578,144.5500030517578,721645
2025-06-26 11:45:00,144.51730346679688,144.9499969482422,144.27960205078125,144.32369995117188,144.32369995117188,537538
2025-06-26 11:50:00,144.3300018310547,145.0399932861328,144.14999389648438,145.0399932861328,145.0399932861328,685199
2025-06-26 11:55:00,145.02999877929688,145.39999389648438,144.89999389648438,145.30999755859375,145.30999755859375,896177
2025-06-26 12:00:00,145.32000732421875,145.37640380859375,145.0399932861328,145.16029357910156,145.16029357910156,612714
2025-06-26 12:05:00,145.16079711914062,145.52000427246094,145.0847930908203,145.36000061035156,145.36000061035156,542348
2025-06-26 12:10:00,145.3699951171875,145.60000610351562,145.3101043701172,145.41000366210938,145.41000366210938,519845
2025-06-26 12:15:00,145.4199981689453,145.5399932861328,145.05999755859375,145.0850067138672,145.0850067138672,524440
2025-06-26 12:20:00,145.0850067138672,145.3300018310547,145.0200958251953,145.21429443359375,145.21429443359375,457368
2025-06-26 12:25:00,145.22500610351562,145.3249969482422,144.97000122070312,145.125,145.125,324445
2025-06-26 12:30:00,145.125,145.25999450683594,144.74099731445312,144.80999755859375,144.80999755859375,441418
2025-06-26 12:35:00,144.810302734375,144.91000366210938,144.5,144.5500030517578,144.5500030517578,329149
2025-06-26 12:40:00,144.57000732421875,144.74000549316406,144.51499938964844,144.639892578125,144.639892578125,286312
2025-06-26 12:45:00,144.61000061035156,144.80889892578125,144.5800018310547,144.61000061035156,144.61000061035156,317022
2025-06-26 12:50:00,144.62660217285156,144.6999969482422,144.4499969482422,144.51499938964844,144.51499938964844,297154
2025-06-26 12:55:00,144.47000122070312,144.5399932861328,144.3300018310547,144.5399932861328,144.5399932861328,242573
2025-06-26 13:00:00,144.52999877929688,144.77000427246094,144.2899932861328,144.685302734375,144.685302734375,398413
2025-06-26 13:05:00,144.69000244140625,145.05999755859375,144.64999389648438,145.02000427246094,145.02000427246094,311862
2025-06-26 13:10:00,145.0399932861328,145.19960021972656,144.7303924560547,144.93499755859375,144.93499755859375,372981
2025-06-26 13:15:00,144.9499969482422,145.4149932861328,144.8800048828125,145.28500366210938,145.28500366210938,432350
2025-06-26 13:20:00,145.27999877929688,145.5399932861328,145.23980712890625,145.3300018310547,145.3300018310547,463293
2025-06-26 13:25:00,145.32000732421875,145.4499969482422,145.19000244140625,145.33999633789062,145.33999633789062,313645
2025-06-26 13:30:00,145.35000610351562,145.39999389648438,145.0399932861328,145.0800018310547,145.0800018310547,365461
2025-06-26 13:35:00,145.0399932861328,145.35989379882812,144.86000061035156,145.3249969482422,145.3249969482422,405027
2025-06-26 13:40:00,145.30999755859375,145.75,145.30999755859375,145.6699981689453,145.6699981689453,643043
2025-06-26 13:45:00,145.67999267578125,145.9499969482422,145.5800018310547,145.83970642089844,145.83970642089844,595643
2025-06-26 13:50:00,145.8455047607422,145.99000549316406,145.61000061035156,145.76690673828125,145.76690673828125,380892
2025-06-26 13:55:00,145.77000427246094,145.77999877929688,145.47999572753906,145.57000732421875,145.57000732421875,351399
2025-06-26 14:00:00,145.57000732421875,145.75,145.39999389648438,145.54449462890625,145.54449462890625,379865
2025-06-26 14:05:00,145.55499267578125,145.66000366210938,145.41000366210938,145.6199951171875,145.6199951171875,337843
2025-06-26 14:10:00,145.6199951171875,145.8000030517578,145.52999877929688,145.75,145.75,414455
2025-06-26 14:15:00,145.74000549316406,145.85000610351562,145.5050048828125,145.5301055908203,145.5301055908203,287079
2025-06-26 14:20:00,145.5500030517578,145.77999877929688,145.5500030517578,145.74000549316406,145.74000549316406,245979
2025-06-26 14:25:00,145.74000549316406,145.75,145.38999938964844,145.4897003173828,145.4897003173828,365958
2025-06-26 14:30:00,145.4947967529297,145.5399932861328,145.39999389648438,145.49000549316406,145.49000549316406,205921
2025-06-26 14:35:00,145.49000549316406,145.5,145.1199951171875,145.2126007080078,145.2126007080078,310839
2025-06-26 14:40:00,145.22999572753906,145.24000549316406,144.97000122070312,145.1300048828125,145.1300048828125,876362
2025-06-26 14:45:00,145.13999938964844,145.42990112304688,145.0301055908203,145.10060119628906,145.10060119628906,332113
2025-06-26 14:50:00,145.1199951171875,145.24000549316406,145.10000610351562,145.1699981689453,145.1699981689453,210842
2025-06-26 14:55:00,145.16000366210938,145.33999633789062,145.16000366210938,145.25,145.25,289437
2025-06-26 15:00:00,145.25,145.3300018310547,145.11000061035156,145.15289306640625,145.15289306640625,343164
2025-06-26 15:05:00,145.16929626464844,145.1699981689453,144.82000732421875,144.9199981689453,144.9199981689453,359658
2025-06-26 15:10:00,144.92999267578125,144.99000549316406,144.69000244140625,144.69500732421875,144.69500732421875,334785
2025-06-26 15:15:00,144.67999267578125,144.70989990234375,144.22000122070312,144.3699951171875,144.3699951171875,653745
2025-06-26 15:20:00,144.37759399414062,144.47999572753906,144.22999572753906,144.4499969482422,144.4499969482422,453015
2025-06-26 15:25:00,144.4398956298828,144.72000122070312,144.42999267578125,144.64059448242188,144.64059448242188,478369
2025-06-26 15:30:00,144.639892578125,144.83999633789062,144.52499389648438,144.77000427246094,144.77000427246094,512758
2025-06-26 15:35:00,144.77040100097656,144.8300018310547,144.27000427246094,144.35000610351562,144.35000610351562,506440
2025-06-26 15:40:00,144.36000061035156,144.47999572753906,143.97999572753906,144.01499938964844,144.01499938964844,928262
2025-06-26 15:45:00,143.98500061035156,144.28990173339844,143.97500610351562,144.22000122070312,144.22000122070312,568885
2025-06-26 15:50:00,144.22999572753906,144.5,144.0399932861328,144.42999267578125,144.42999267578125,843312
2025-06-26 15:55:00,144.4499969482422,144.4499969482422,144.1699981689453,144.27000427246094,144.27000427246094,1478262
2025-06-27 00:00:00,144.8699951171875,144.97000122070312,130.5399932861328,130.74000549316406,130.74000549316406,202598600
2025-06-27 09:30:00,144.86500549316406,144.97000122070312,140.7100067138672,140.7449951171875,140.7449951171875,5859934
2025-06-27 09:35:00,140.77000427246094,141.05999755859375,139.19000244140625,140.4199981689453,140.4199981689453,5161283
2025-06-27 09:40:00,140.38999938964844,140.97999572753906,139.72000122070312,140.19000244140625,140.19000244140625,2896539
2025-06-27 09:45:00,140.17999267578125,140.3800048828125,138.85000610351562,138.88499450683594,138.88499450683594,3064080
2025-06-27 09:50:00,138.88499450683594,139.47999572753906,137.7200927734375,137.77239990234375,137.77239990234375,4071345
2025-06-27 09:55:00,137.77999877929688,138.55999755859375,137.72999572753906,138.44000244140625,138.44000244140625,3420474
2025-06-27 10:00:00,138.4499969482422,138.99000549316406,138.19000244140625,138.67999267578125,138.67999267578125,2590765
2025-06-27 10:05:00,138.67999267578125,139.6320037841797,138.47999572753906,139.2675018310547,139.2675018310547,2688676
2025-06-27 10:10:00,139.25999450683594,139.82980346679688,138.86000061035156,139.65359497070312,139.65359497070312,2240113
2025-06-27 10:15:00,139.6649932861328,139.83999633789062,139.36000061035156,139.5800018310547,139.5800018310547,1452611
2025-06-27 10:20:00,139.57980346679688,139.80999755859375,139.17999267578125,139.2050018310547,139.2050018310547,1240442
2025-06-27 10:25:00,139.19000244140625,139.4705047607422,138.82000732421875,139.3498992919922,139.3498992919922,1501451
2025-06-27 10:30:00,139.33999633789062,139.57000732421875,138.88009643554688,139.3000030517578,139.3000030517578,1082587
2025-06-27 10:35:00,139.29989624023438,139.36000061035156,138.60000610351562,138.63999938964844,138.63999938964844,1486814
2025-06-27 10:40:00,138.6300048828125,139.0399932861328,138.39999389648438,138.9600067138672,138.9600067138672,1311864
2025-06-27 10:45:00,138.97000122070312,139.00979614257812,138.52999877929688,138.76010131835938,138.76010131835938,1120522
2025-06-27 10:50:00,138.75,138.77769470214844,137.3419952392578,137.57000732421875,137.57000732421875,3100910
2025-06-27 10:55:00,137.5592041015625,137.8199005126953,136.42999267578125,136.47000122070312,136.47000122070312,3110030
2025-06-27 11:00:00,136.47999572753906,137.42979431152344,136.11000061035156,137.08999633789062,137.08999633789062,3002848
2025-06-27 11:05:00,137.0850067138672,137.3800048828125,136.55999755859375,137.10000610351562,137.10000610351562,1802065
2025-06-27 11:10:00,137.11000061035156,138.19000244140625,137.07009887695312,138.02000427246094,138.02000427246094,1605343
2025-06-27 11:15:00,138.02040100097656,138.10000610351562,137.25999450683594,137.84500122070312,137.84500122070312,1296149
2025-06-27 11:20:00,137.8699951171875,138.47000122070312,137.8000030517578,138.22000122070312,138.22000122070312,1631684
2025-06-27 11:25:00,138.22999572753906,138.33990478515625,137.77999877929688,138.07000732421875,138.07000732421875,1004918
2025-06-27 11:30:00,138.07000732421875,138.3000030517578,138.0,138.16000366210938,138.16000366210938,812771
2025-06-27 11:35:00,138.1649932861328,138.22999572753906,137.67999267578125,137.9488983154297,137.9488983154297,867128
2025-06-27 11:40:00,137.9593963623047,137.9593963623047,137.61000061035156,137.85000610351562,137.85000610351562,712745
2025-06-27 11:45:00,137.83999633789062,138.4199981689453,137.73500061035156,138.3101043701172,138.3101043701172,808284
2025-06-27 11:50:00,138.31520080566406,138.52000427246094,138.19000244140625,138.40919494628906,138.40919494628906,700694
2025-06-27 11:55:00,138.41000366210938,138.85000610351562,138.41000366210938,138.8199005126953,138.8199005126953,772163
2025-06-27 12:00:00,138.82000732421875,138.83999633789062,138.55999755859375,138.75999450683594,138.75999450683594,715126
2025-06-27 12:05:00,138.75,138.9550018310547,138.6199951171875,138.8800048828125,138.8800048828125,643068
2025-06-27 12:10:00,138.88999938964844,139.13999938964844,138.6999969482422,138.86000061035156,138.86000061035156,1116091
2025-06-27 12:15:00,138.8699951171875,138.90040588378906,138.61000061035156,138.77980041503906,138.77980041503906,702104
2025-06-27 12:20:00,138.77000427246094,138.89999389648438,138.63999938964844,138.85000610351562,138.85000610351562,447279
2025-06-27 12:25:00,138.85000610351562,138.97000122070312,138.77000427246094,138.77000427246094,138.77000427246094,466965
2025-06-27 12:30:00,138.77000427246094,138.85000610351562,138.02999877929688,138.38999938964844,138.38999938964844,1167085
2025-06-27 12:35:00,138.38710021972656,138.7100067138672,138.25,138.6436004638672,138.6436004638672,542874
2025-06-27 12:40:00,138.64999389648438,138.71499633789062,138.41009521484375,138.5399932861328,138.5399932861328,556691
2025-06-27 12:45:00,138.52499389648438,138.61000061035156,138.27999877929688,138.57000732421875,138.57000732421875,541111
2025-06-27 12:50:00,138.5749969482422,138.82000732421875,138.3748016357422,138.79010009765625,138.79010009765625,542101
2025-06-27 12:55:00,138.8000030517578,138.86000061035156,138.64999389648438,138.80999755859375,138.80999755859375,480325
2025-06-27 13:00:00,138.8000030517578,139.11990356445312,138.57000732421875,138.9149932861328,138.9149932861328,893133
2025-06-27 13:05:00,138.91000366210938,138.9199981689453,138.55999755859375,138.8170928955078,138.8170928955078,783033
2025-06-27 13:10:00,138.8199005126953,139.6999969482422,138.77000427246094,139.58999633789062,139.58999633789062,1090449
2025-06-27 13:15:00,139.60000610351562,140.11000061035156,139.52999877929688,140.06309509277344,140.06309509277344,1281696
2025-06-27 13:20:00,140.06500244140625,140.52980041503906,140.05999755859375,140.4250030517578,140.4250030517578,1553420
2025-06-27 13:25:00,140.42999267578125,140.47500610351562,139.9199981689453,140.05999755859375,140.05999755859375,984152
2025-06-27 13:30:00,140.0500030517578,140.39999389648438,139.8699951171875,140.3800048828125,140.3800048828125,871411
2025-06-27 13:35:00,140.3699951171875,140.5803985595703,139.85000610351562,139.97000122070312,139.97000122070312,860695
2025-06-27 13:40:00,139.96499633789062,140.3249969482422,139.67660522460938,139.81080627441406,139.81080627441406,626960
2025-06-27 13:45:00,139.80999755859375,139.85000610351562,139.22999572753906,139.38499450683594,139.38499450683594,846787
2025-06-27 13:50:00,139.3800048828125,139.47459411621094,139.0500030517578,139.16000366210938,139.16000366210938,613713
2025-06-27 13:55:00,139.16000366210938,139.35000610351562,138.86000061035156,139.2899932861328,139.2899932861328,887822
2025-06-27 14:00:00,139.27999877929688,139.47059631347656,139.14999389648438,139.36199951171875,139.36199951171875,489083
2025-06-27 14:05:00,139.36000061035156,139.4597930908203,139.02000427246094,139.1300048828125,139.1300048828125,445043
2025-06-27 14:10:00,139.1300048828125,139.17759704589844,138.42999267578125,138.52000427246094,138.52000427246094,723176
2025-06-27 14:15:00,138.5063934326172,138.6300048828125,138.3300018310547,138.47500610351562,138.47500610351562,815037
2025-06-27 14:20:00,138.47999572753906,138.5,137.94000244140625,138.33990478515625,138.33990478515625,983522
2025-06-27 14:25:00,138.33999633789062,138.5399932861328,138.0800018310547,138.15980529785156,138.15980529785156,740491
2025-06-27 14:30:00,138.16000366210938,138.30999755859375,137.66000366210938,137.7050018310547,137.7050018310547,1096572
2025-06-27 14:35:00,137.7050018310547,137.8800048828125,137.52999877929688,137.5449981689453,137.5449981689453,687032
2025-06-27 14:40:00,137.55999755859375,137.63499450683594,137.07000732421875,137.49000549316406,137.49000549316406,1293426
2025-06-27 14:45:00,137.49000549316406,138.0800018310547,137.4499969482422,137.91000366210938,137.91000366210938,928340
2025-06-27 14:50:00,137.91099548339844,137.97999572753906,137.6699981689453,137.7299041748047,137.7299041748047,622598
2025-06-27 14:55:00,137.74440002441406,137.9600067138672,137.64999389648438,137.86000061035156,137.86000061035156,508508
2025-06-27 15:00:00,137.8699951171875,138.64999389648438,137.82000732421875,138.5299072265625,138.5299072265625,1072135
2025-06-27 15:05:00,138.52000427246094,138.58999633789062,138.25999450683594,138.3936004638672,138.3936004638672,743562
2025-06-27 15:10:00,138.38999938964844,138.52000427246094,138.32000732421875,138.36000061035156,138.36000061035156,517376
2025-06-27 15:15:00,138.36500549316406,138.39999389648438,137.97000122070312,138.0299072265625,138.0299072265625,669153
2025-06-27 15:20:00,138.02000427246094,138.27000427246094,137.8800048828125,138.25,138.25,702923
2025-06-27 15:25:00,138.24000549316406,138.4600067138672,137.8699951171875,137.97500610351562,137.97500610351562,968824
2025-06-27 15:30:00,137.97999572753906,138.10000610351562,137.60000610351562,137.63999938964844,137.63999938964844,1407609
2025-06-27 15:35:00,137.6300048828125,137.86000061035156,137.50999450683594,137.82000732421875,137.82000732421875,1042898
2025-06-27 15:40:00,137.82000732421875,137.88999938964844,137.6199951171875,137.84500122070312,137.84500122070312,802525
2025-06-27 15:45:00,137.84500122070312,138.19000244140625,137.80999755859375,137.89500427246094,137.89500427246094,1191127
2025-06-27 15:50:00,137.88999938964844,137.88999938964844,133.0,133.11000061035156,133.11000061035156,10175259
2025-06-27 15:55:00,133.1199951171875,133.22000122070312,130.5399932861328,130.74000549316406,130.74000549316406,16314438
2025-06-30 00:00:00,137.7899932861328,138.875,134.8000030517578,136.32000732421875,136.32000732421875,97305600
2025-06-30 09:30:00,137.83999633789062,138.16000366210938,136.5,137.07000732421875,137.07000732421875,10922062
2025-06-30 09:35:00,137.06900024414062,138.55270385742188,136.8699951171875,137.05020141601562,137.05020141601562,3568802
2025-06-30 09:40:00,137.0399932861328,137.47999572753906,136.42999267578125,136.8441925048828,136.8441925048828,2609176
2025-06-30 09:45:00,136.86480712890625,137.00999450683594,136.1199951171875,136.3997039794922,136.3997039794922,2449782
2025-06-30 09:50:00,136.39999389648438,137.4199981689453,136.2899932861328,136.94500732421875,136.94500732421875,2130258
2025-06-30 09:55:00,136.9611053466797,138.5,136.9300994873047,137.8800048828125,137.8800048828125,2785360
2025-06-30 10:00:00,137.8699951171875,138.25,137.5399932861328,138.1663055419922,138.1663055419922,1703876
2025-06-30 10:05:00,138.14999389648438,138.18499755859375,137.10400390625,137.4163055419922,137.4163055419922,1457819
2025-06-30 10:10:00,137.39999389648438,137.52450561523438,136.8251953125,137.0,137.0,1387649
2025-06-30 10:15:00,136.98500061035156,137.2899932861328,136.72999572753906,137.27000427246094,137.27000427246094,1259748
2025-06-30 10:20:00,137.27000427246094,137.27000427246094,136.62010192871094,136.91000366210938,136.91000366210938,1157520
2025-06-30 10:25:00,136.9199981689453,137.0343017578125,136.36000061035156,136.5399932861328,136.5399932861328,1836058
2025-06-30 10:30:00,136.5500030517578,137.36000061035156,136.52529907226562,137.0399932861328,137.0399932861328,1312827
2025-06-30 10:35:00,137.01759338378906,137.5500030517578,136.9199981689453,137.11959838867188,137.11959838867188,1080216
2025-06-30 10:40:00,137.11000061035156,137.5800018310547,137.07000732421875,137.19000244140625,137.19000244140625,837959
2025-06-30 10:45:00,137.19110107421875,137.60000610351562,136.84979248046875,137.47999572753906,137.47999572753906,920062
2025-06-30 10:50:00,137.49000549316406,137.75,137.3468017578125,137.7301025390625,137.7301025390625,837363
2025-06-30 10:55:00,137.72999572753906,137.8699951171875,137.52000427246094,137.58999633789062,137.58999633789062,831624
2025-06-30 11:00:00,137.55999755859375,137.6300048828125,137.0500030517578,137.2899932861328,137.2899932861328,930764
2025-06-30 11:05:00,137.27999877929688,137.3488006591797,136.89999389648438,137.10000610351562,137.10000610351562,836730
2025-06-30 11:10:00,137.07980346679688,137.35000610351562,136.9600067138672,137.02499389648438,137.02499389648438,739602
2025-06-30 11:15:00,137.02000427246094,137.5500030517578,136.99029541015625,137.1909942626953,137.1909942626953,749535
2025-06-30 11:20:00,137.19979858398438,137.63999938964844,137.10000610351562,137.4600067138672,137.4600067138672,674857
2025-06-30 11:25:00,137.42019653320312,137.47500610351562,137.10000610351562,137.44000244140625,137.44000244140625,616621
2025-06-30 11:30:00,137.4237060546875,137.9199981689453,137.3000030517578,137.6103973388672,137.6103973388672,815594
2025-06-30 11:35:00,137.61900329589844,138.0,137.4199981689453,137.9456024169922,137.9456024169922,770697
2025-06-30 11:40:00,137.92999267578125,138.07000732421875,137.72000122070312,137.8070068359375,137.8070068359375,1057466
2025-06-30 11:45:00,137.8000030517578,138.25100708007812,137.77999877929688,138.1199951171875,138.1199951171875,915313
2025-06-30 11:50:00,138.13009643554688,138.4199981689453,137.8800048828125,138.04409790039062,138.04409790039062,1081848
2025-06-30 11:55:00,138.0399932861328,138.5399932861328,137.99000549316406,138.37890625,138.37890625,923721
2025-06-30 12:00:00,138.39999389648438,138.80999755859375,138.36500549316406,138.64520263671875,138.64520263671875,1000986
2025-06-30 12:05:00,138.63999938964844,138.8300018310547,138.47999572753906,138.63389587402344,138.63389587402344,740119
2025-06-30 12:10:00,138.64500427246094,138.7698974609375,138.5301055908203,138.67990112304688,138.67990112304688,678155
2025-06-30 12:15:00,138.67010498046875,138.8751983642578,138.39999389648438,138.47999572753906,138.47999572753906,823871
2025-06-30 12:20:00,138.49000549316406,138.83999633789062,138.49000549316406,138.7902069091797,138.7902069091797,587655
2025-06-30 12:25:00,138.7899932861328,138.81500244140625,138.39370727539062,138.55999755859375,138.55999755859375,635578
2025-06-30 12:30:00,138.5399932861328,138.69000244140625,138.24000549316406,138.3300018310547,138.3300018310547,684005
2025-06-30 12:35:00,138.35000610351562,138.82859802246094,138.35000610351562,138.49000549316406,138.49000549316406,628745
2025-06-30 12:40:00,138.47999572753906,138.6053924560547,138.14999389648438,138.17010498046875,138.17010498046875,541438
2025-06-30 12:45:00,138.17230224609375,138.5,138.14999389648438,138.39630126953125,138.39630126953125,371966
2025-06-30 12:50:00,138.3800048828125,138.41000366210938,137.77999877929688,137.86000061035156,137.86000061035156,637124
2025-06-30 12:55:00,137.8699951171875,137.97369384765625,137.27000427246094,137.34759521484375,137.34759521484375,812227
2025-06-30 13:00:00,137.33999633789062,137.4600067138672,136.8300018310547,137.110107421875,137.110107421875,1282233
2025-06-30 13:05:00,137.1300048828125,137.44000244140625,137.0500030517578,137.33999633789062,137.33999633789062,792825
2025-06-30 13:10:00,137.3300018310547,137.58999633789062,137.05999755859375,137.14999389648438,137.14999389648438,648664
2025-06-30 13:15:00,137.12899780273438,137.32000732421875,137.00999450683594,137.1793975830078,137.1793975830078,540184
2025-06-30 13:20:00,137.1750030517578,137.4600067138672,137.0800018310547,137.3946075439453,137.3946075439453,444968
2025-06-30 13:25:00,137.39540100097656,137.60000610351562,137.2301025390625,137.55999755859375,137.55999755859375,425421
2025-06-30 13:30:00,137.55999755859375,137.55999755859375,137.2100067138672,137.3000030517578,137.3000030517578,497634
2025-06-30 13:35:00,137.30999755859375,137.52000427246094,137.2100067138672,137.44000244140625,137.44000244140625,391631
2025-06-30 13:40:00,137.4199981689453,137.5,137.3000030517578,137.42999267578125,137.42999267578125,313051
2025-06-30 13:45:00,137.42999267578125,137.47000122070312,137.14999389648438,137.24000549316406,137.24000549316406,440021
2025-06-30 13:50:00,137.23959350585938,137.55999755859375,137.0937042236328,137.5095977783203,137.5095977783203,422106
2025-06-30 13:55:00,137.50999450683594,137.86000061035156,137.40499877929688,137.67999267578125,137.67999267578125,856299
2025-06-30 14:00:00,137.67999267578125,137.88999938964844,137.47019958496094,137.8094024658203,137.8094024658203,465874
2025-06-30 14:05:00,137.80999755859375,137.88999938964844,137.6999969482422,137.73019409179688,137.73019409179688,342857
2025-06-30 14:10:00,137.75,137.78990173339844,137.17999267578125,137.2100067138672,137.2100067138672,669286
2025-06-30 14:15:00,137.2100067138672,137.61000061035156,137.2100067138672,137.58770751953125,137.58770751953125,404963
2025-06-30 14:20:00,137.5800018310547,137.67999267578125,137.3618927001953,137.4199981689453,137.4199981689453,355854
2025-06-30 14:25:00,137.4199981689453,137.77999877929688,137.35000610351562,137.64999389648438,137.64999389648438,453052
2025-06-30 14:30:00,137.63999938964844,137.7100067138672,137.3000030517578,137.3852996826172,137.3852996826172,370180
2025-06-30 14:35:00,137.36000061035156,137.42379760742188,136.8800048828125,136.98500061035156,136.98500061035156,632339
2025-06-30 14:40:00,136.98519897460938,137.1396942138672,136.83999633789062,137.0399932861328,137.0399932861328,569078
2025-06-30 14:45:00,137.0500030517578,137.47000122070312,137.02499389648438,137.37759399414062,137.37759399414062,569396
2025-06-30 14:50:00,137.3699951171875,137.78390502929688,137.3699951171875,137.6750030517578,137.6750030517578,549871
2025-06-30 14:55:00,137.67120361328125,137.82000732421875,137.5,137.5449981689453,137.5449981689453,566685
2025-06-30 15:00:00,137.5449981689453,137.5800018310547,137.19000244140625,137.3300018310547,137.3300018310547,453901
2025-06-30 15:05:00,137.30999755859375,137.30999755859375,137.0500030517578,137.17999267578125,137.17999267578125,474856
2025-06-30 15:10:00,137.1699981689453,137.25,136.83999633789062,136.8448944091797,136.8448944091797,628183
2025-06-30 15:15:00,136.85000610351562,136.91000366210938,135.92999267578125,135.94500732421875,135.94500732421875,1719683
2025-06-30 15:20:00,135.94000244140625,136.35000610351562,135.67999267578125,135.8000030517578,135.8000030517578,1769282
2025-06-30 15:25:00,135.8101043701172,136.0,135.2100067138672,135.36000061035156,135.36000061035156,1277627
2025-06-30 15:30:00,135.33999633789062,135.3699951171875,134.8000030517578,135.14999389648438,135.14999389648438,2054315
2025-06-30 15:35:00,135.14999389648438,135.64999389648438,135.0,135.3699951171875,135.3699951171875,1219442
2025-06-30 15:40:00,135.3699951171875,135.69000244140625,135.17999267578125,135.47000122070312,135.47000122070312,1023798
2025-06-30 15:45:00,135.44000244140625,135.5,134.9949951171875,135.39999389648438,135.39999389648438,1228682
2025-06-30 15:50:00,135.33999633789062,136.4600067138672,134.86000061035156,136.35009765625,136.35009765625,2501216
2025-06-30 15:55:00,136.38999938964844,136.64999389648438,136.1199951171875,136.3404998779297,136.3404998779297,3087765
2025-07-01 00:00:00,135.27000427246094,136.32000732421875,128.50999450683594,130.67999267578125,130.67999267578125,91479700
2025-07-01 09:30:00,135.30499267578125,136.32000732421875,134.30999755859375,134.451904296875,134.451904296875,3814103
2025-07-01 09:35:00,134.3699951171875,135.08999633789062,133.8303985595703,133.9499969482422,133.9499969482422,1861791
2025-07-01 09:40:00,133.97000122070312,134.27999877929688,132.85000610351562,133.32000732421875,133.32000732421875,2478683
2025-07-01 09:45:00,133.30499267578125,134.139892578125,133.2899932861328,133.4033966064453,133.4033966064453,1694276
2025-07-01 09:50:00,133.39999389648438,133.9600067138672,133.1300048828125,133.8800048828125,133.8800048828125,1223800
2025-07-01 09:55:00,133.85000610351562,133.89999389648438,132.9499969482422,133.15379333496094,133.15379333496094,1243769
2025-07-01 10:00:00,133.1199951171875,133.27000427246094,132.3699951171875,132.6649932861328,132.6649932861328,1964567
2025-07-01 10:05:00,132.66000366210938,132.8000030517578,132.25,132.4600067138672,132.4600067138672,1377640
2025-07-01 10:10:00,132.44000244140625,132.44000244140625,131.5,131.8704071044922,131.8704071044922,2546254
2025-07-01 10:15:00,131.8699951171875,132.3209991455078,131.2899932861328,131.47889709472656,131.47889709472656,2219136
2025-07-01 10:20:00,131.4700927734375,131.7899932861328,130.91000366210938,131.22999572753906,131.22999572753906,2417889
2025-07-01 10:25:00,131.25,131.6199951171875,130.25,130.25999450683594,130.25999450683594,2469015
2025-07-01 10:30:00,130.27999877929688,131.02969360351562,130.11000061035156,130.44000244140625,130.44000244140625,2193018
2025-07-01 10:35:00,130.42999267578125,130.7899932861328,129.64999389648438,129.8101043701172,129.8101043701172,2831016
2025-07-01 10:40:00,129.80999755859375,130.0,129.3699951171875,129.52450561523438,129.52450561523438,2016226
2025-07-01 10:45:00,129.5426025390625,129.63999938964844,128.75999450683594,129.32479858398438,129.32479858398438,2871354
2025-07-01 10:50:00,129.32000732421875,130.4499969482422,129.24000549316406,130.16000366210938,130.16000366210938,2045096
2025-07-01 10:55:00,130.13999938964844,130.5800018310547,129.6699981689453,129.97000122070312,129.97000122070312,1629231
2025-07-01 11:00:00,129.99000549316406,130.75,129.72000122070312,130.5449981689453,130.5449981689453,1419088
2025-07-01 11:05:00,130.5399932861328,130.7899932861328,128.9499969482422,129.1199951171875,129.1199951171875,1852763
2025-07-01 11:10:00,129.12330627441406,129.189697265625,128.50999450683594,128.9207000732422,128.9207000732422,1623799
2025-07-01 11:15:00,128.9149932861328,129.72000122070312,128.8699951171875,129.5500030517578,129.5500030517578,1226374
2025-07-01 11:20:00,129.57000732421875,129.9763946533203,129.52999877929688,129.875,129.875,1001037
2025-07-01 11:25:00,129.87559509277344,130.24000549316406,129.80999755859375,130.1300048828125,130.1300048828125,1046380
2025-07-01 11:30:00,130.10000610351562,130.28720092773438,129.89999389648438,130.2301025390625,130.2301025390625,805314
2025-07-01 11:35:00,130.21389770507812,130.389892578125,129.52999877929688,129.57000732421875,129.57000732421875,942290
2025-07-01 11:40:00,129.57000732421875,130.0,129.3699951171875,129.81500244140625,129.81500244140625,873678
2025-07-01 11:45:00,129.81500244140625,130.0496063232422,129.17999267578125,129.2449951171875,129.2449951171875,871390
2025-07-01 11:50:00,129.24000549316406,129.95970153808594,129.1999969482422,129.84500122070312,129.84500122070312,608409
2025-07-01 11:55:00,129.83999633789062,130.1199951171875,129.7100067138672,129.92999267578125,129.92999267578125,794671
2025-07-01 12:00:00,129.94039916992188,130.14999389648438,129.68499755859375,129.82679748535156,129.82679748535156,662744
2025-07-01 12:05:00,129.7899932861328,130.02720642089844,129.49000549316406,129.60699462890625,129.60699462890625,659946
2025-07-01 12:10:00,129.6199951171875,130.0749969482422,129.50999450683594,129.9600067138672,129.9600067138672,643874
2025-07-01 12:15:00,129.96519470214844,130.0,129.47999572753906,129.720703125,129.720703125,706673
2025-07-01 12:20:00,129.75999450683594,130.05999755859375,129.5500030517578,129.67039489746094,129.67039489746094,688431
2025-07-01 12:25:00,129.67999267578125,129.99000549316406,129.66000366210938,129.9700927734375,129.9700927734375,460262
2025-07-01 12:30:00,129.972900390625,130.27999877929688,129.89999389648438,130.18479919433594,130.18479919433594,685578
2025-07-01 12:35:00,130.1999969482422,130.3800048828125,129.92999267578125,130.34970092773438,130.34970092773438,590037
2025-07-01 12:40:00,130.33560180664062,130.67999267578125,130.28500366210938,130.64129638671875,130.64129638671875,690099
2025-07-01 12:45:00,130.63999938964844,130.89999389648438,130.4801025390625,130.61289978027344,130.61289978027344,955740
2025-07-01 12:50:00,130.61000061035156,131.14999389648438,130.50039672851562,131.1300048828125,131.1300048828125,974593
2025-07-01 12:55:00,131.1199951171875,131.16000366210938,130.6199951171875,130.6699981689453,130.6699981689453,893759
2025-07-01 13:00:00,130.64039611816406,131.1699981689453,130.5,130.91000366210938,130.91000366210938,1304549
2025-07-01 13:05:00,130.9199981689453,131.1999969482422,130.55999755859375,130.63999938964844,130.63999938964844,848038
2025-07-01 13:10:00,130.6300048828125,130.89500427246094,130.4499969482422,130.57000732421875,130.57000732421875,773493
2025-07-01 13:15:00,130.5500030517578,130.56689453125,129.8800048828125,129.9665985107422,129.9665985107422,905875
2025-07-01 13:20:00,129.96009826660156,130.13999938964844,129.8000030517578,129.94000244140625,129.94000244140625,645983
2025-07-01 13:25:00,129.94000244140625,130.19000244140625,129.80999755859375,130.0800018310547,130.0800018310547,650976
2025-07-01 13:30:00,130.08999633789062,130.27999877929688,129.64999389648438,129.7899932861328,129.7899932861328,679848
2025-07-01 13:35:00,129.77999877929688,129.8199005126953,129.40960693359375,129.50999450683594,129.50999450683594,768199
2025-07-01 13:40:00,129.50999450683594,129.74989318847656,129.4199981689453,129.69500732421875,129.69500732421875,578014
2025-07-01 13:45:00,129.69500732421875,130.17999267578125,129.6199951171875,130.0399932861328,130.0399932861328,628536
2025-07-01 13:50:00,130.0303955078125,130.35499572753906,129.9615020751953,130.10499572753906,130.10499572753906,553613
2025-07-01 13:55:00,130.09959411621094,130.1300048828125,129.72000122070312,129.74000549316406,129.74000549316406,575483
2025-07-01 14:00:00,129.72000122070312,130.14990234375,129.60000610351562,130.1446075439453,130.1446075439453,636401
2025-07-01 14:05:00,130.13999938964844,130.2100067138672,129.97999572753906,130.17669677734375,130.17669677734375,473272
2025-07-01 14:10:00,130.17999267578125,130.2100067138672,129.74000549316406,129.8300018310547,129.8300018310547,466493
2025-07-01 14:15:00,129.80999755859375,130.077392578125,129.5800018310547,129.94000244140625,129.94000244140625,588120
2025-07-01 14:20:00,129.9499969482422,130.0,129.61000061035156,129.7100067138672,129.7100067138672,456983
2025-07-01 14:25:00,129.7198028564453,129.78990173339844,129.5,129.52999877929688,129.52999877929688,543629
2025-07-01 14:30:00,129.52000427246094,129.99000549316406,129.47999572753906,129.98500061035156,129.98500061035156,598642
2025-07-01 14:35:00,129.98019409179688,130.16000366210938,129.9199981689453,130.0399932861328,130.0399932861328,480506
2025-07-01 14:40:00,130.0299072265625,130.34500122070312,130.0,130.2801055908203,130.2801055908203,456169
2025-07-01 14:45:00,130.28500366210938,130.47900390625,130.10000610351562,130.14999389648438,130.14999389648438,568205
2025-07-01 14:50:00,130.1540985107422,130.1649932861328,129.67999267578125,129.89999389648438,129.89999389648438,571559
2025-07-01 14:55:00,129.89999389648438,129.93980407714844,129.42999267578125,129.47999572753906,129.47999572753906,648012
2025-07-01 15:00:00,129.5,129.6699981689453,129.00999450683594,129.58619689941406,129.58619689941406,1185375
2025-07-01 15:05:00,129.58970642089844,129.8397979736328,129.52000427246094,129.72999572753906,129.72999572753906,785496
2025-07-01 15:10:00,129.69000244140625,129.8798065185547,129.47030639648438,129.84500122070312,129.84500122070312,628203
2025-07-01 15:15:00,129.85130310058594,130.24000549316406,129.83999633789062,130.14010620117188,130.14010620117188,692591
2025-07-01 15:20:00,130.14999389648438,130.2899932861328,130.05999755859375,130.2899932861328,130.2899932861328,539651
2025-07-01 15:25:00,130.2899932861328,130.39990234375,130.1800994873047,130.30520629882812,130.30520629882812,514512
2025-07-01 15:30:00,130.30999755859375,130.44000244140625,130.1199951171875,130.33999633789062,130.33999633789062,651989
2025-07-01 15:35:00,130.3300018310547,130.63999938964844,130.2550048828125,130.47999572753906,130.47999572753906,762168
2025-07-01 15:40:00,130.48500061035156,130.4904022216797,130.25999450683594,130.42999267578125,130.42999267578125,607821
2025-07-01 15:45:00,130.42999267578125,130.85899353027344,130.39999389648438,130.77609252929688,130.77609252929688,824726
2025-07-01 15:50:00,130.77000427246094,130.83999633789062,130.37899780273438,130.7949981689453,130.7949981689453,1302727
2025-07-01 15:55:00,130.7899932861328,130.86500549316406,130.61000061035156,130.6699981689453,130.6699981689453,1581163
2025-07-02 00:00:00,131.47000122070312,133.60000610351562,130.19000244140625,132.1199951171875,132.1199951171875,59732000
2025-07-02 09:30:00,131.47500610351562,133.60000610351562,131.1300048828125,131.44000244140625,131.44000244140625,6398160
2025-07-02 09:35:00,131.37249755859375,132.61000061035156,131.0399932861328,132.47999572753906,132.47999572753906,2119196
2025-07-02 09:40:00,132.4409942626953,133.0,131.4199981689453,131.69000244140625,131.69000244140625,2057903
2025-07-02 09:45:00,131.68919372558594,132.52999877929688,131.66000366210938,131.9199981689453,131.9199981689453,1352707
2025-07-02 09:50:00,131.9149932861328,131.923095703125,131.10000610351562,131.11000061035156,131.11000061035156,1121552
2025-07-02 09:55:00,131.1199951171875,131.27999877929688,130.7700958251953,131.0,131.0,1233333
2025-07-02 10:00:00,130.96499633789062,131.0500030517578,130.1959991455078,130.86500549316406,130.86500549316406,1560989
2025-07-02 10:05:00,130.83999633789062,131.75,130.6999969482422,131.67759704589844,131.67759704589844,1215062
2025-07-02 10:10:00,131.6649932861328,131.93490600585938,131.3000030517578,131.4156036376953,131.4156036376953,986084
2025-07-02 10:15:00,131.4199981689453,131.72999572753906,131.19839477539062,131.7270965576172,131.7270965576172,644235
2025-07-02 10:20:00,131.70440673828125,132.1199951171875,131.57550048828125,131.94000244140625,131.94000244140625,895716
2025-07-02 10:25:00,131.94000244140625,132.1096954345703,131.63999938964844,131.84500122070312,131.84500122070312,712813
2025-07-02 10:30:00,131.85000610351562,131.92250061035156,131.3800048828125,131.7050018310547,131.7050018310547,679493
2025-07-02 10:35:00,131.69000244140625,131.99000549316406,131.50999450683594,131.83999633789062,131.83999633789062,612785
2025-07-02 10:40:00,131.8419952392578,132.1345977783203,131.5399932861328,131.63999938964844,131.63999938964844,892412
2025-07-02 10:45:00,131.63999938964844,132.30990600585938,131.6300048828125,132.0800018310547,132.0800018310547,774677
2025-07-02 10:50:00,132.07000732421875,132.1199951171875,131.6699981689453,131.74000549316406,131.74000549316406,595254
2025-07-02 10:55:00,131.7449951171875,132.0800018310547,131.5406036376953,132.02639770507812,132.02639770507812,572234
2025-07-02 11:00:00,132.02999877929688,132.42999267578125,131.97999572753906,132.36500549316406,132.36500549316406,584359
2025-07-02 11:05:00,132.3697052001953,132.52000427246094,132.1199951171875,132.37120056152344,132.37120056152344,678605
2025-07-02 11:10:00,132.36920166015625,132.52000427246094,131.8699951171875,131.97000122070312,131.97000122070312,703813
2025-07-02 11:15:00,131.968994140625,132.4499053955078,131.91160583496094,131.94000244140625,131.94000244140625,674867
2025-07-02 11:20:00,131.9550018310547,132.05999755859375,131.6999969482422,131.75,131.75,596233
2025-07-02 11:25:00,131.7445068359375,131.91000366210938,131.35000610351562,131.49630737304688,131.49630737304688,686858
2025-07-02 11:30:00,131.49000549316406,131.86940002441406,131.41000366210938,131.8300018310547,131.8300018310547,498556
2025-07-02 11:35:00,131.8300018310547,131.8690948486328,131.51080322265625,131.7292022705078,131.7292022705078,306051
2025-07-02 11:40:00,131.73440551757812,131.8300018310547,131.6300048828125,131.6999969482422,131.6999969482422,305369
2025-07-02 11:45:00,131.6999969482422,131.97999572753906,131.60000610351562,131.76499938964844,131.76499938964844,375052
2025-07-02 11:50:00,131.75999450683594,131.85000610351562,131.22000122070312,131.3000030517578,131.3000030517578,483758
2025-07-02 11:55:00,131.29910278320312,131.44000244140625,131.0800018310547,131.1262969970703,131.1262969970703,425551
2025-07-02 12:00:00,131.14999389648438,131.32000732421875,130.9600067138672,131.1699981689453,131.1699981689453,630227
2025-07-02 12:05:00,131.16079711914062,131.3300018310547,130.97000122070312,131.26040649414062,131.26040649414062,472786
2025-07-02 12:10:00,131.26449584960938,131.3896026611328,131.1199951171875,131.31069946289062,131.31069946289062,351208
2025-07-02 12:15:00,131.3092041015625,131.5727996826172,131.2899932861328,131.57000732421875,131.57000732421875,320591
2025-07-02 12:20:00,131.55999755859375,131.89999389648438,131.5,131.8300018310547,131.8300018310547,408256
2025-07-02 12:25:00,131.83999633789062,132.32000732421875,131.77000427246094,132.24000549316406,132.24000549316406,672338
2025-07-02 12:30:00,132.22000122070312,132.48989868164062,132.14999389648438,132.4403076171875,132.4403076171875,551334
2025-07-02 12:35:00,132.47000122070312,132.69000244140625,132.4300994873047,132.4801025390625,132.4801025390625,615590
2025-07-02 12:40:00,132.49000549316406,132.5500030517578,132.11000061035156,132.30369567871094,132.30369567871094,576548
2025-07-02 12:45:00,132.3300018310547,132.50999450683594,132.19009399414062,132.3300018310547,132.3300018310547,501329
2025-07-02 12:50:00,132.30160522460938,132.8000030517578,132.22000122070312,132.75990295410156,132.75990295410156,491369
2025-07-02 12:55:00,132.7698974609375,133.08999633789062,132.7100067138672,132.9499969482422,132.9499969482422,683949
2025-07-02 13:00:00,132.93930053710938,133.36000061035156,132.92999267578125,133.27000427246094,133.27000427246094,750428
2025-07-02 13:05:00,133.27499389648438,133.3699951171875,132.7100067138672,132.75999450683594,132.75999450683594,627679
2025-07-02 13:10:00,132.7799072265625,133.01400756835938,132.74000549316406,132.88999938964844,132.88999938964844,366213
2025-07-02 13:15:00,132.89669799804688,132.9799041748047,132.69140625,132.82000732421875,132.82000732421875,339064
2025-07-02 13:20:00,132.8300018310547,132.9499969482422,132.75,132.92340087890625,132.92340087890625,273619
2025-07-02 13:25:00,132.92999267578125,132.97030639648438,132.47000122070312,132.66000366210938,132.66000366210938,436727
2025-07-02 13:30:00,132.6707000732422,133.0500030517578,132.66839599609375,132.83999633789062,132.83999633789062,402343
2025-07-02 13:35:00,132.83999633789062,133.30029296875,132.72000122070312,132.82000732421875,132.82000732421875,594396
2025-07-02 13:40:00,132.82000732421875,132.87100219726562,132.55979919433594,132.6699981689453,132.6699981689453,326200
2025-07-02 13:45:00,132.66830444335938,132.74000549316406,132.50999450683594,132.6903076171875,132.6903076171875,271522
2025-07-02 13:50:00,132.69000244140625,132.69000244140625,132.3699951171875,132.3699951171875,132.3699951171875,356914
2025-07-02 13:55:00,132.3928985595703,132.3928985595703,132.2100067138672,132.2949981689453,132.2949981689453,402325
2025-07-02 14:00:00,132.29150390625,132.57989501953125,132.17999267578125,132.53500366210938,132.53500366210938,1843304
2025-07-02 14:05:00,132.53500366210938,132.7198944091797,132.39999389648438,132.60000610351562,132.60000610351562,416938
2025-07-02 14:10:00,132.58349609375,132.64999389648438,132.47279357910156,132.5399932861328,132.5399932861328,237946
2025-07-02 14:15:00,132.5207977294922,132.55999755859375,132.27000427246094,132.5,132.5,323999
2025-07-02 14:20:00,132.49009704589844,132.49009704589844,132.3101043701172,132.35000610351562,132.35000610351562,201178
2025-07-02 14:25:00,132.34959411621094,132.64999389648438,132.2700958251953,132.50999450683594,132.50999450683594,298189
2025-07-02 14:30:00,132.52000427246094,132.77000427246094,132.42999267578125,132.74000549316406,132.74000549316406,265842
2025-07-02 14:35:00,132.73500061035156,132.7899932861328,132.4499969482422,132.4949951171875,132.4949951171875,324003
2025-07-02 14:40:00,132.4949951171875,132.92990112304688,132.4949951171875,132.8000030517578,132.8000030517578,0
2025-07-02 14:45:00,132.80999755859375,132.90499877929688,132.6649932861328,132.77999877929688,132.77999877929688,271807
2025-07-02 14:50:00,132.77000427246094,132.8699951171875,132.63999938964844,132.7637939453125,132.7637939453125,271438
2025-07-02 14:55:00,132.74639892578125,132.8699951171875,132.6999969482422,132.78250122070312,132.78250122070312,201697
2025-07-02 15:00:00,132.78089904785156,132.9499969482422,132.73550415039062,132.7899932861328,132.7899932861328,354843
2025-07-02 15:05:00,132.8300018310547,132.83999633789062,132.6199951171875,132.6699981689453,132.6699981689453,266973
2025-07-02 15:10:00,132.67750549316406,132.69000244140625,132.47000122070312,132.49000549316406,132.49000549316406,271144
2025-07-02 15:15:00,132.5,132.50979614257812,131.7194061279297,131.76040649414062,131.76040649414062,825796
2025-07-02 15:20:00,131.75,132.22000122070312,131.63999938964844,132.10000610351562,132.10000610351562,1033737
2025-07-02 15:25:00,132.09500122070312,132.3845977783203,132.0800018310547,132.22000122070312,132.22000122070312,695898
2025-07-02 15:30:00,132.17999267578125,132.47000122070312,132.0500030517578,132.3000030517578,132.3000030517578,545106
2025-07-02 15:35:00,132.3000030517578,132.33999633789062,131.97000122070312,132.0854949951172,132.0854949951172,506722
2025-07-02 15:40:00,132.07000732421875,132.2001953125,131.77999877929688,131.9499969482422,131.9499969482422,556741
2025-07-02 15:45:00,131.94000244140625,132.0399932861328,131.65499877929688,131.83999633789062,131.83999633789062,1511829
2025-07-02 15:50:00,131.85000610351562,132.24000549316406,131.58999633789062,132.23519897460938,132.23519897460938,1105731
2025-07-02 15:55:00,132.24000549316406,132.25999450683594,131.8437042236328,132.13999938964844,132.13999938964844,1327603
2025-07-03 00:00:00,134.36000061035156,135.6199951171875,132.50999450683594,134.36000061035156,134.36000061035156,41812500
2025-07-03 09:30:00,134.36000061035156,135.07000732421875,133.13999938964844,133.66000366210938,133.66000366210938,4354301
2025-07-03 09:35:00,133.64999389648438,134.17999267578125,132.9600067138672,133.2375946044922,133.2375946044922,1474929
2025-07-03 09:40:00,133.23500061035156,133.4499969482422,132.50999450683594,133.44000244140625,133.44000244140625,1429584
2025-07-03 09:45:00,133.4199981689453,133.93960571289062,133.25,133.27499389648438,133.27499389648438,442497
2025-07-03 09:50:00,134.61500549316406,134.72979736328125,134.0500030517578,134.6750030517578,134.6750030517578,2297352
2025-07-03 09:55:00,134.6699981689453,135.5500030517578,134.39999389648438,135.44070434570312,135.44070434570312,2139051
2025-07-03 10:00:00,135.38999938964844,135.6199951171875,134.22000122070312,134.52999877929688,134.52999877929688,1926324
2025-07-03 10:05:00,134.52000427246094,134.91000366210938,134.13999938964844,134.6199951171875,134.6199951171875,1160149
2025-07-03 10:10:00,134.6199951171875,135.35000610351562,134.6199951171875,134.90499877929688,134.90499877929688,1083441
2025-07-03 10:15:00,134.91000366210938,135.17999267578125,134.5800018310547,134.91000366210938,134.91000366210938,935415
2025-07-03 10:20:00,134.91000366210938,135.0500030517578,134.52999877929688,135.01220703125,135.01220703125,711729
2025-07-03 10:25:00,135.02999877929688,135.02999877929688,134.50999450683594,134.75,134.75,1246849
2025-07-03 10:30:00,134.76210021972656,134.77999877929688,134.2100067138672,134.2696075439453,134.2696075439453,764010
2025-07-03 10:35:00,134.24000549316406,134.34249877929688,133.89999389648438,134.13999938964844,134.13999938964844,1003600
2025-07-03 10:40:00,134.1300048828125,134.3498992919922,133.6300048828125,133.80999755859375,133.80999755859375,892851
2025-07-03 10:45:00,133.80999755859375,134.39999389648438,133.8000030517578,134.1378936767578,134.1378936767578,777649
2025-07-03 10:50:00,134.14999389648438,134.38999938964844,134.08999633789062,134.20840454101562,134.20840454101562,534881
2025-07-03 10:55:00,134.22140502929688,134.25,133.8300018310547,133.9250030517578,133.9250030517578,525129
2025-07-03 11:00:00,133.92959594726562,134.28990173339844,133.69000244140625,133.8249969482422,133.8249969482422,649401
2025-07-03 11:05:00,133.81019592285156,134.27499389648438,133.50999450683594,134.22999572753906,134.22999572753906,748832
2025-07-03 11:10:00,134.22999572753906,134.69590759277344,134.2205047607422,134.63499450683594,134.63499450683594,868163
2025-07-03 11:15:00,134.63499450683594,134.82000732421875,134.47999572753906,134.5399932861328,134.5399932861328,582920
2025-07-03 11:20:00,134.52000427246094,134.6999969482422,134.4801025390625,134.59500122070312,134.59500122070312,413060
2025-07-03 11:25:00,134.60000610351562,134.97000122070312,134.60000610351562,134.8300018310547,134.8300018310547,498488
2025-07-03 11:30:00,134.83999633789062,134.89999389648438,134.47999572753906,134.58470153808594,134.58470153808594,421938
2025-07-03 11:35:00,134.5800018310547,134.74969482421875,134.49249267578125,134.72000122070312,134.72000122070312,275601
2025-07-03 11:40:00,134.72439575195312,134.88999938964844,134.49000549316406,134.7050018310547,134.7050018310547,446682
2025-07-03 11:45:00,134.69979858398438,134.8800048828125,134.60000610351562,134.68040466308594,134.68040466308594,365567
2025-07-03 11:50:00,134.6699981689453,135.10000610351562,134.5802001953125,135.0800018310547,135.0800018310547,634504
2025-07-03 11:55:00,135.0850067138672,135.1300048828125,134.91729736328125,134.9700927734375,134.9700927734375,534033
2025-07-03 12:00:00,134.99000549316406,135.05999755859375,134.5500030517578,134.5865020751953,134.5865020751953,519525
2025-07-03 12:05:00,134.5800018310547,134.6898956298828,134.24000549316406,134.30979919433594,134.30979919433594,576550
2025-07-03 12:10:00,134.2899932861328,134.42999267578125,134.05499267578125,134.33999633789062,134.33999633789062,481020
2025-07-03 12:15:00,134.3300018310547,134.38999938964844,133.9600067138672,134.02999877929688,134.02999877929688,532901
2025-07-03 12:20:00,134.0050048828125,134.6300048828125,133.98500061035156,134.3000030517578,134.3000030517578,677360
2025-07-03 12:25:00,134.2899932861328,134.30459594726562,134.05999755859375,134.11000061035156,134.11000061035156,381497
2025-07-03 12:30:00,134.11000061035156,134.139892578125,133.8343963623047,134.0050048828125,134.0050048828125,454739
2025-07-03 12:35:00,134.0,134.0850067138672,133.86000061035156,133.8699951171875,133.8699951171875,321750
2025-07-03 12:40:00,133.8699951171875,134.16990661621094,133.7949981689453,134.10000610351562,134.10000610351562,469657
2025-07-03 12:45:00,134.10499572753906,134.13999938964844,133.6300048828125,133.73500061035156,133.73500061035156,526991
2025-07-03 12:50:00,133.75999450683594,134.08999633789062,133.52999877929688,134.0395965576172,134.0395965576172,791125
2025-07-03 12:55:00,134.02999877929688,134.39999389648438,133.89439392089844,134.3699951171875,134.3699951171875,1560522
2025-07-07 00:00:00,134.3800048828125,139.2899932861328,132.32000732421875,139.1199951171875,139.1199951171875,71959700
2025-07-07 09:30:00,134.34500122070312,134.8000030517578,133.74000549316406,133.843994140625,133.843994140625,2731967
2025-07-07 09:35:00,133.00999450683594,133.122802734375,132.72000122070312,132.73500061035156,132.73500061035156,2663079
2025-07-07 09:40:00,132.72320556640625,134.17999267578125,132.32000732421875,134.00100708007812,134.00100708007812,1397317
2025-07-07 09:45:00,134.01499938964844,135.0500030517578,133.7899932861328,134.8791961669922,134.8791961669922,1359772
2025-07-07 09:50:00,134.87559509277344,135.52999877929688,134.3000030517578,134.9897003173828,134.9897003173828,1436973
2025-07-07 09:55:00,134.96299743652344,134.99000549316406,134.0,134.44000244140625,134.44000244140625,913549
2025-07-07 10:00:00,134.42999267578125,135.02000427246094,134.27040100097656,134.97030639648438,134.97030639648438,800947
2025-07-07 10:05:00,134.9550018310547,135.27000427246094,134.30740356445312,134.32000732421875,134.32000732421875,828008
2025-07-07 10:10:00,134.36000061035156,134.77000427246094,134.24000549316406,134.51589965820312,134.51589965820312,596800
2025-07-07 10:15:00,134.5010986328125,135.0,134.3800048828125,134.85499572753906,134.85499572753906,573337
2025-07-07 10:20:00,134.83999633789062,134.9499969482422,134.57000732421875,134.8800048828125,134.8800048828125,550407
2025-07-07 10:25:00,134.860107421875,135.36000061035156,134.731201171875,135.20559692382812,135.20559692382812,811130
2025-07-07 10:30:00,135.21490478515625,135.25,134.8000030517578,134.8000030517578,134.8000030517578,620351
2025-07-07 10:35:00,134.8300018310547,135.14999389648438,134.7154998779297,134.94000244140625,134.94000244140625,460909
2025-07-07 10:40:00,134.91299438476562,135.17999267578125,134.75,134.94009399414062,134.94009399414062,494882
2025-07-07 10:45:00,134.92010498046875,135.32000732421875,134.85000610351562,135.0614013671875,135.0614013671875,492609
2025-07-07 10:50:00,135.05999755859375,135.3708038330078,134.6999969482422,135.3000030517578,135.3000030517578,658778
2025-07-07 10:55:00,135.2899932861328,135.30999755859375,134.4199981689453,134.5850067138672,134.5850067138672,705041
2025-07-07 11:00:00,134.5800018310547,135.41000366210938,134.4600067138672,135.32000732421875,135.32000732421875,654896
2025-07-07 11:05:00,135.33030700683594,135.89999389648438,135.27549743652344,135.85000610351562,135.85000610351562,1074992
2025-07-07 11:10:00,135.83999633789062,135.85369873046875,135.36500549316406,135.4196014404297,135.4196014404297,591954
2025-07-07 11:15:00,135.38999938964844,135.58999633789062,135.2100067138672,135.35159301757812,135.35159301757812,444877
2025-07-07 11:20:00,135.3300018310547,135.49000549316406,135.1999969482422,135.4199981689453,135.4199981689453,410633
2025-07-07 11:25:00,135.41000366210938,136.19000244140625,135.41000366210938,136.16000366210938,136.16000366210938,941627
2025-07-07 11:30:00,136.15359497070312,136.15989685058594,135.65499877929688,135.91000366210938,135.91000366210938,626878
2025-07-07 11:35:00,135.92990112304688,136.55560302734375,135.75999450683594,136.5,136.5,762100
2025-07-07 11:40:00,136.5050048828125,137.160400390625,136.4600067138672,137.1197052001953,137.1197052001953,1249531
2025-07-07 11:45:00,137.10499572753906,137.83990478515625,136.83999633789062,137.70599365234375,137.70599365234375,1402396
2025-07-07 11:50:00,137.7050018310547,137.8800048828125,137.3699951171875,137.41969299316406,137.41969299316406,1224589
2025-07-07 11:55:00,137.39999389648438,138.1999969482422,137.30999755859375,138.1199951171875,138.1199951171875,1365427
2025-07-07 12:00:00,138.11000061035156,138.3800048828125,137.8800048828125,138.1999969482422,138.1999969482422,1373086
2025-07-07 12:05:00,138.20620727539062,138.6999969482422,138.1999969482422,138.68960571289062,138.68960571289062,1273949
2025-07-07 12:10:00,138.67010498046875,138.69500732421875,138.0500030517578,138.10000610351562,138.10000610351562,989482
2025-07-07 12:15:00,138.09010314941406,138.1999969482422,137.60000610351562,137.67959594726562,137.67959594726562,964177
2025-07-07 12:20:00,137.6699981689453,137.7196044921875,136.86000061035156,137.3502960205078,137.3502960205078,1619846
2025-07-07 12:25:00,137.375,138.08999633789062,137.17250061035156,137.9503936767578,137.9503936767578,927203
2025-07-07 12:30:00,137.9499969482422,139.2899932861328,137.91000366210938,139.08999633789062,139.08999633789062,1938138
2025-07-07 12:35:00,139.10000610351562,139.17999267578125,138.3800048828125,138.47999572753906,138.47999572753906,1173874
2025-07-07 12:40:00,138.47999572753906,138.57000732421875,137.85440063476562,138.19500732421875,138.19500732421875,1072184
2025-07-07 12:45:00,138.19500732421875,138.35000610351562,137.82000732421875,137.92999267578125,137.92999267578125,742185
2025-07-07 12:50:00,137.89999389648438,138.31809997558594,137.64999389648438,138.02000427246094,138.02000427246094,834744
2025-07-07 12:55:00,138.00999450683594,138.3699951171875,137.8000030517578,138.05999755859375,138.05999755859375,749736
2025-07-07 13:00:00,138.05999755859375,138.14520263671875,137.75999450683594,137.97000122070312,137.97000122070312,673122
2025-07-07 13:05:00,137.98410034179688,138.13999938964844,137.7949981689453,137.86439514160156,137.86439514160156,549762
2025-07-07 13:10:00,137.8699951171875,138.37989807128906,137.8101043701172,138.2899932861328,138.2899932861328,654159
2025-07-07 13:15:00,138.27999877929688,138.44000244140625,137.92999267578125,138.30999755859375,138.30999755859375,567976
2025-07-07 13:20:00,138.3300018310547,138.5399932861328,137.97999572753906,138.00999450683594,138.00999450683594,633719
2025-07-07 13:25:00,138.0,138.2899932861328,137.99000549316406,138.20010375976562,138.20010375976562,470752
2025-07-07 13:30:00,138.22970581054688,138.7104034423828,138.17010498046875,138.40049743652344,138.40049743652344,826029
2025-07-07 13:35:00,138.43930053710938,138.6999969482422,138.2501983642578,138.26010131835938,138.26010131835938,533628
2025-07-07 13:40:00,138.27769470214844,138.3249969482422,137.97349548339844,138.05990600585938,138.05990600585938,486989
2025-07-07 13:45:00,138.06500244140625,138.14999389648438,137.75,138.08999633789062,138.08999633789062,643673
2025-07-07 13:50:00,138.07000732421875,138.27000427246094,137.9600067138672,138.14999389648438,138.14999389648438,443505
2025-07-07 13:55:00,138.14500427246094,138.61000061035156,138.11000061035156,138.55369567871094,138.55369567871094,502678
2025-07-07 14:00:00,138.5334014892578,138.97999572753906,138.39999389648438,138.8699951171875,138.8699951171875,798418
2025-07-07 14:05:00,138.8802032470703,138.9149932861328,138.5500946044922,138.80360412597656,138.80360412597656,568121
2025-07-07 14:10:00,138.77999877929688,138.939697265625,138.6199951171875,138.64450073242188,138.64450073242188,468025
2025-07-07 14:15:00,138.64990234375,138.6699981689453,137.91000366210938,137.99270629882812,137.99270629882812,864072
2025-07-07 14:20:00,137.99000549316406,138.05999755859375,137.5800018310547,137.92990112304688,137.92990112304688,924359
2025-07-07 14:25:00,137.92999267578125,137.99000549316406,137.22000122070312,137.22999572753906,137.22999572753906,820877
2025-07-07 14:30:00,137.22000122070312,137.52000427246094,137.22000122070312,137.46969604492188,137.46969604492188,571209
2025-07-07 14:35:00,137.4499969482422,137.9499969482422,137.4499969482422,137.81500244140625,137.81500244140625,649173
2025-07-07 14:40:00,137.7899932861328,138.1300048828125,137.6699981689453,137.82000732421875,137.82000732421875,569724
2025-07-07 14:45:00,137.83999633789062,137.98500061035156,137.50999450683594,137.56739807128906,137.56739807128906,635508
2025-07-07 14:50:00,137.55029296875,137.81500244140625,137.4199981689453,137.72999572753906,137.72999572753906,483399
2025-07-07 14:55:00,137.75,138.0800018310547,137.67999267578125,137.99000549316406,137.99000549316406,388699
2025-07-07 15:00:00,137.95050048828125,138.24000549316406,137.85000610351562,138.08999633789062,138.08999633789062,513977
2025-07-07 15:05:00,138.07350158691406,138.13999938964844,137.89999389648438,138.0095977783203,138.0095977783203,542761
2025-07-07 15:10:00,137.99899291992188,138.22999572753906,137.92010498046875,138.16000366210938,138.16000366210938,416877
2025-07-07 15:15:00,138.13999938964844,138.27000427246094,137.89999389648438,137.98680114746094,137.98680114746094,624985
2025-07-07 15:20:00,137.9700927734375,138.0800018310547,137.8300018310547,137.94000244140625,137.94000244140625,433579
2025-07-07 15:25:00,137.9351043701172,138.35000610351562,137.8800048828125,138.1999969482422,138.1999969482422,514430
2025-07-07 15:30:00,138.1999969482422,138.80999755859375,138.19000244140625,138.6999969482422,138.6999969482422,795296
2025-07-07 15:35:00,138.6956024169922,138.75999450683594,138.23609924316406,138.44500732421875,138.44500732421875,585855
2025-07-07 15:40:00,138.4499969482422,138.7310028076172,138.38999938964844,138.72439575195312,138.72439575195312,677721
2025-07-07 15:45:00,138.72500610351562,139.11000061035156,138.72500610351562,139.02000427246094,139.02000427246094,1172460
2025-07-07 15:50:00,139.0399932861328,139.23989868164062,138.74000549316406,139.00439453125,139.00439453125,1232995
2025-07-07 15:55:00,139.0,139.22000122070312,138.85000610351562,139.1199951171875,139.1199951171875,1668148
2025-07-08 00:00:00,138.77499389648438,139.85499572753906,135.7899932861328,139.7100067138672,139.7100067138672,59834800
2025-07-08 09:30:00,138.77499389648438,138.92999267578125,137.1605987548828,137.63999938964844,137.63999938964844,3855985
2025-07-08 09:35:00,137.69960021972656,138.08999633789062,137.00999450683594,137.24969482421875,137.24969482421875,1606934
2025-07-08 09:40:00,137.2301025390625,138.14999389648438,136.9600067138672,137.51849365234375,137.51849365234375,1588596
2025-07-08 09:45:00,137.5399932861328,137.72500610351562,136.9600067138672,137.26499938964844,137.26499938964844,1267780
2025-07-08 09:50:00,137.26499938964844,137.85000610351562,136.72000122070312,137.66000366210938,137.66000366210938,1487797
2025-07-08 09:55:00,137.67999267578125,138.25999450683594,137.38059997558594,137.61000061035156,137.61000061035156,1261013
2025-07-08 10:00:00,137.57000732421875,138.40499877929688,137.52000427246094,137.9597930908203,137.9597930908203,1089990
2025-07-08 10:05:00,137.93040466308594,138.34249877929688,137.52000427246094,137.75,137.75,1078168
2025-07-08 10:10:00,137.75,137.80999755859375,137.0447998046875,137.1199951171875,137.1199951171875,1185035
2025-07-08 10:15:00,137.1156005859375,137.73519897460938,136.7899932861328,137.27999877929688,137.27999877929688,1346139
2025-07-08 10:20:00,137.27000427246094,137.3800048828125,136.41000366210938,136.49000549316406,136.49000549316406,1459459
2025-07-08 10:25:00,136.5,137.25,136.3000946044922,137.125,137.125,1190190
2025-07-08 10:30:00,137.10000610351562,137.23989868164062,136.67999267578125,137.02499389648438,137.02499389648438,731232
2025-07-08 10:35:00,137.0050048828125,137.52999877929688,136.97000122070312,137.3881072998047,137.3881072998047,823775
2025-07-08 10:40:00,137.40499877929688,137.61619567871094,136.91000366210938,137.20010375976562,137.20010375976562,737263
2025-07-08 10:45:00,137.1999969482422,137.24639892578125,136.75,136.8350067138672,136.8350067138672,891431
2025-07-08 10:50:00,136.82000732421875,136.92959594726562,135.99000549316406,136.0756072998047,136.0756072998047,1236022
2025-07-08 10:55:00,136.08999633789062,136.6999969482422,135.7899932861328,136.6750030517578,136.6750030517578,1025352
2025-07-08 11:00:00,136.67999267578125,136.92999267578125,136.47999572753906,136.77999877929688,136.77999877929688,702173
2025-07-08 11:05:00,136.764404296875,136.89999389648438,136.160400390625,136.50999450683594,136.50999450683594,1130704
2025-07-08 11:10:00,136.5,136.88540649414062,136.4199981689453,136.5500030517578,136.5500030517578,551665
2025-07-08 11:15:00,136.55990600585938,136.9600067138672,136.30999755859375,136.9600067138672,136.9600067138672,650583
2025-07-08 11:20:00,136.94000244140625,137.447998046875,136.8699951171875,137.17999267578125,137.17999267578125,794441
2025-07-08 11:25:00,137.19000244140625,137.3800048828125,136.9199981689453,137.17959594726562,137.17959594726562,470618
2025-07-08 11:30:00,137.19000244140625,137.31959533691406,136.91000366210938,137.0803985595703,137.0803985595703,390917
2025-07-08 11:35:00,137.09500122070312,137.1199951171875,136.86000061035156,137.02000427246094,137.02000427246094,369765
2025-07-08 11:40:00,137.02999877929688,137.25999450683594,136.61000061035156,136.6699981689453,136.6699981689453,504000
2025-07-08 11:45:00,136.68499755859375,136.80999755859375,136.4199981689453,136.64500427246094,136.64500427246094,554987
2025-07-08 11:50:00,136.63999938964844,136.8300018310547,136.5,136.61500549316406,136.61500549316406,376521
2025-07-08 11:55:00,136.59649658203125,137.2899932861328,136.57000732421875,137.24000549316406,137.24000549316406,564567
2025-07-08 12:00:00,137.25,137.52999877929688,137.24000549316406,137.42999267578125,137.42999267578125,565490
2025-07-08 12:05:00,137.42999267578125,137.8000030517578,137.4199981689453,137.55589294433594,137.55589294433594,682108
2025-07-08 12:10:00,137.5102996826172,137.6750030517578,137.38999938964844,137.4199981689453,137.4199981689453,339288
2025-07-08 12:15:00,137.39999389648438,137.4864044189453,137.1510009765625,137.27999877929688,137.27999877929688,416542
2025-07-08 12:20:00,137.2899932861328,137.47999572753906,137.07000732421875,137.42999267578125,137.42999267578125,361573
2025-07-08 12:25:00,137.44000244140625,137.72999572753906,137.42999267578125,137.58999633789062,137.58999633789062,404413
2025-07-08 12:30:00,137.5843963623047,137.7100067138672,137.39999389648438,137.4600067138672,137.4600067138672,360106
2025-07-08 12:35:00,137.4499969482422,137.68499755859375,137.19000244140625,137.64999389648438,137.64999389648438,644235
2025-07-08 12:40:00,137.6199951171875,138.2198944091797,137.610107421875,138.1300048828125,138.1300048828125,830215
2025-07-08 12:45:00,138.1387939453125,138.2899932861328,137.86000061035156,137.92840576171875,137.92840576171875,521517
2025-07-08 12:50:00,137.9290008544922,138.1898956298828,137.9199981689453,138.1199951171875,138.1199951171875,346264
2025-07-08 12:55:00,138.1300048828125,138.34500122070312,138.0800018310547,138.3000030517578,138.3000030517578,416966
2025-07-08 13:00:00,138.3249969482422,138.8800048828125,138.25,138.625,138.625,883417
2025-07-08 13:05:00,138.6300048828125,138.8466033935547,138.32899475097656,138.82000732421875,138.82000732421875,645896
2025-07-08 13:10:00,138.85000610351562,139.6699981689453,138.7700958251953,139.4176025390625,139.4176025390625,1579873
2025-07-08 13:15:00,139.4199981689453,139.4499969482422,138.9199981689453,139.38999938964844,139.38999938964844,837804
2025-07-08 13:20:00,139.3751983642578,139.45970153808594,138.82000732421875,139.11500549316406,139.11500549316406,606391
2025-07-08 13:25:00,139.13999938964844,139.13999938964844,138.8404998779297,139.0500030517578,139.0500030517578,391266
2025-07-08 13:30:00,139.0500030517578,139.14999389648438,138.75999450683594,138.8300018310547,138.8300018310547,417320
2025-07-08 13:35:00,138.80999755859375,139.0404052734375,138.6300048828125,138.92999267578125,138.92999267578125,433352
2025-07-08 13:40:00,138.9300994873047,139.27999877929688,138.86500549316406,139.26499938964844,139.26499938964844,468381
2025-07-08 13:45:00,139.27999877929688,139.31500244140625,139.02999877929688,139.2834014892578,139.2834014892578,419817
2025-07-08 13:50:00,139.27999877929688,139.28500366210938,139.0800018310547,139.13009643554688,139.13009643554688,315140
2025-07-08 13:55:00,139.14500427246094,139.22999572753906,138.92999267578125,139.05999755859375,139.05999755859375,365139
2025-07-08 14:00:00,139.0500030517578,139.2550048828125,139.00999450683594,139.14990234375,139.14990234375,381924
2025-07-08 14:05:00,139.14500427246094,139.4149932861328,138.97999572753906,139.33999633789062,139.33999633789062,410658
2025-07-08 14:10:00,139.3300018310547,139.5850067138672,139.2700958251953,139.39999389648438,139.39999389648438,645579
2025-07-08 14:15:00,139.41000366210938,139.44000244140625,139.14999389648438,139.25120544433594,139.25120544433594,391327
2025-07-08 14:20:00,139.25030517578125,139.36000061035156,138.9178924560547,139.2899932861328,139.2899932861328,483234
2025-07-08 14:25:00,139.28500366210938,139.439697265625,139.17999267578125,139.3350067138672,139.3350067138672,367581
2025-07-08 14:30:00,139.3300018310547,139.82000732421875,139.3300018310547,139.61500549316406,139.61500549316406,830098
2025-07-08 14:35:00,139.60000610351562,139.79969787597656,139.5,139.60560607910156,139.60560607910156,465472
2025-07-08 14:40:00,139.58999633789062,139.5998992919922,139.3699951171875,139.39999389648438,139.39999389648438,375681
2025-07-08 14:45:00,139.39999389648438,139.54690551757812,139.3000030517578,139.39500427246094,139.39500427246094,336830
2025-07-08 14:50:00,139.39500427246094,139.50999450683594,139.25010681152344,139.50999450683594,139.50999450683594,317060
2025-07-08 14:55:00,139.49000549316406,139.58999633789062,139.36019897460938,139.49000549316406,139.49000549316406,304557
2025-07-08 15:00:00,139.47000122070312,139.4779052734375,139.24899291992188,139.33999633789062,139.33999633789062,281606
2025-07-08 15:05:00,139.3408966064453,139.60000610351562,139.1699981689453,139.20050048828125,139.20050048828125,447528
2025-07-08 15:10:00,139.2100067138672,139.22999572753906,138.9499969482422,139.02980041503906,139.02980041503906,456280
2025-07-08 15:15:00,139.02999877929688,139.3800048828125,139.02000427246094,139.30889892578125,139.30889892578125,373836
2025-07-08 15:20:00,139.32510375976562,139.37989807128906,138.99009704589844,139.0399932861328,139.0399932861328,291549
2025-07-08 15:25:00,139.01980590820312,139.05999755859375,138.56500244140625,138.85400390625,138.85400390625,543055
2025-07-08 15:30:00,138.86000061035156,139.32000732421875,138.83999633789062,139.2696990966797,139.2696990966797,447856
2025-07-08 15:35:00,139.22999572753906,139.38999938964844,139.14999389648438,139.25,139.25,446124
2025-07-08 15:40:00,139.24000549316406,139.68519592285156,139.1750030517578,139.5800018310547,139.5800018310547,573194
2025-07-08 15:45:00,139.57000732421875,139.85499572753906,139.41000366210938,139.77130126953125,139.77130126953125,731269
2025-07-08 15:50:00,139.80999755859375,139.83999633789062,139.60000610351562,139.7554931640625,139.7554931640625,658384
2025-07-08 15:55:00,139.75999450683594,139.7899932861328,139.4499969482422,139.72000122070312,139.72000122070312,1054342
2025-07-09 00:00:00,139.65499877929688,143.1699981689453,137.38999938964844,143.1300048828125,143.1300048828125,68494800
2025-07-09 09:30:00,139.65499877929688,139.68499755859375,137.38999938964844,137.97869873046875,137.97869873046875,3672874
2025-07-09 09:35:00,137.97549438476562,138.74960327148438,137.57659912109375,138.05979919433594,138.05979919433594,1827312
2025-07-09 09:40:00,138.06919860839844,138.6300048828125,137.9600067138672,138.17999267578125,138.17999267578125,1248069
2025-07-09 09:45:00,138.2135009765625,138.85000610351562,138.14999389648438,138.81910705566406,138.81910705566406,1203076
2025-07-09 09:50:00,138.82000732421875,139.11000061035156,138.35000610351562,139.02999877929688,139.02999877929688,1249736
2025-07-09 09:55:00,139.02049255371094,139.08999633789062,138.39999389648438,138.67730712890625,138.67730712890625,966904
2025-07-09 10:00:00,138.7100067138672,139.27040100097656,138.6999969482422,139.1300048828125,139.1300048828125,1077804
2025-07-09 10:05:00,139.13999938964844,139.67999267578125,139.09010314941406,139.3800048828125,139.3800048828125,1141921
2025-07-09 10:10:00,139.3699951171875,140.30859375,139.24000549316406,139.73500061035156,139.73500061035156,1733102
2025-07-09 10:15:00,139.73500061035156,140.19000244140625,139.610107421875,139.7519989013672,139.7519989013672,1091106
2025-07-09 10:20:00,139.74000549316406,140.10000610351562,139.41000366210938,139.7449951171875,139.7449951171875,978197
2025-07-09 10:25:00,139.72999572753906,139.88999938964844,138.91009521484375,139.1199951171875,139.1199951171875,906044
2025-07-09 10:30:00,139.1199951171875,139.1490020751953,138.1999969482422,138.47000122070312,138.47000122070312,1354600
2025-07-09 10:35:00,138.47000122070312,138.7100067138672,138.02999877929688,138.6300048828125,138.6300048828125,1077300
2025-07-09 10:40:00,138.6593017578125,138.74000549316406,138.10000610351562,138.10000610351562,138.10000610351562,654527
2025-07-09 10:45:00,138.1199951171875,138.50999450683594,138.0500030517578,138.25999450683594,138.25999450683594,693702
2025-07-09 10:50:00,138.22999572753906,139.25,138.07000732421875,139.08099365234375,139.08099365234375,1001104
2025-07-09 10:55:00,139.10000610351562,139.60000610351562,139.00999450683594,139.49549865722656,139.49549865722656,1006036
2025-07-09 11:00:00,139.49000549316406,139.97999572753906,139.33999633789062,139.69000244140625,139.69000244140625,954591
2025-07-09 11:05:00,139.6699981689453,139.83999633789062,139.4199981689453,139.72000122070312,139.72000122070312,710163
2025-07-09 11:10:00,139.7100067138672,140.92999267578125,139.67999267578125,140.50999450683594,140.50999450683594,2048722
2025-07-09 11:15:00,140.49949645996094,140.68499755859375,140.1300048828125,140.51449584960938,140.51449584960938,985052
2025-07-09 11:20:00,140.5,141.0,140.4550018310547,140.61000061035156,140.61000061035156,1282393
2025-07-09 11:25:00,140.61500549316406,140.6999053955078,140.10000610351562,140.1750030517578,140.1750030517578,732879
2025-07-09 11:30:00,140.1750030517578,140.47999572753906,140.00999450683594,140.29989624023438,140.29989624023438,696585
2025-07-09 11:35:00,140.28500366210938,140.3300018310547,139.75999450683594,139.9949951171875,139.9949951171875,677494
2025-07-09 11:40:00,139.99879455566406,140.2100067138672,139.8300018310547,139.8699951171875,139.8699951171875,573530
2025-07-09 11:45:00,139.85000610351562,140.5,139.8300018310547,140.10069274902344,140.10069274902344,647796
2025-07-09 11:50:00,140.0904998779297,140.11619567871094,139.02999877929688,139.2803955078125,139.2803955078125,948521
2025-07-09 11:55:00,139.27459716796875,139.6699981689453,139.26010131835938,139.28700256347656,139.28700256347656,787638
2025-07-09 12:00:00,139.25999450683594,139.58999633789062,139.1533966064453,139.4499969482422,139.4499969482422,535157
2025-07-09 12:05:00,139.45989990234375,139.64990234375,139.10000610351562,139.22999572753906,139.22999572753906,404213
2025-07-09 12:10:00,139.22999572753906,139.3527069091797,138.89010620117188,139.22000122070312,139.22000122070312,540889
2025-07-09 12:15:00,139.1999969482422,139.72999572753906,139.16000366210938,139.60000610351562,139.60000610351562,540555
2025-07-09 12:20:00,139.6197967529297,139.86000061035156,139.4499969482422,139.8300018310547,139.8300018310547,516320
2025-07-09 12:25:00,139.8424072265625,140.2100067138672,139.71499633789062,140.03439331054688,140.03439331054688,550598
2025-07-09 12:30:00,140.04710388183594,140.28500366210938,140.04010009765625,140.1999969482422,140.1999969482422,384610
2025-07-09 12:35:00,140.1999969482422,140.3800048828125,140.11500549316406,140.16000366210938,140.16000366210938,430905
2025-07-09 12:40:00,140.13999938964844,140.42999267578125,140.1199951171875,140.375,140.375,408773
2025-07-09 12:45:00,140.3896942138672,140.6199951171875,140.35499572753906,140.42999267578125,140.42999267578125,524388
2025-07-09 12:50:00,140.42999267578125,140.66000366210938,140.32000732421875,140.37550354003906,140.37550354003906,520336
2025-07-09 12:55:00,140.3699951171875,140.4600067138672,140.2100067138672,140.4199981689453,140.4199981689453,432319
2025-07-09 13:00:00,140.41000366210938,140.7299041748047,140.110107421875,140.58970642089844,140.58970642089844,578943
2025-07-09 13:05:00,140.58700561523438,140.83999633789062,140.5,140.67959594726562,140.67959594726562,589306
2025-07-09 13:10:00,140.66000366210938,140.72999572753906,140.30999755859375,140.3300018310547,140.3300018310547,407870
2025-07-09 13:15:00,140.30999755859375,140.77000427246094,140.25,140.69009399414062,140.69009399414062,429837
2025-07-09 13:20:00,140.6999969482422,140.8800048828125,140.50999450683594,140.8509063720703,140.8509063720703,425787
2025-07-09 13:25:00,140.86300659179688,141.1999969482422,140.83999633789062,141.08030700683594,141.08030700683594,1138828
2025-07-09 13:30:00,141.1199951171875,141.27000427246094,140.92579650878906,141.1204071044922,141.1204071044922,576205
2025-07-09 13:35:00,141.1300048828125,141.2050018310547,140.86000061035156,141.0612030029297,141.0612030029297,473295
2025-07-09 13:40:00,141.06500244140625,141.08999633789062,140.74000549316406,140.88560485839844,140.88560485839844,427627
2025-07-09 13:45:00,140.89390563964844,141.00999450683594,140.73080444335938,140.77789306640625,140.77789306640625,358650
2025-07-09 13:50:00,140.80999755859375,141.22000122070312,140.7760009765625,141.17999267578125,141.17999267578125,453712
2025-07-09 13:55:00,141.14999389648438,141.17970275878906,140.97000122070312,141.07449340820312,141.07449340820312,300239
2025-07-09 14:00:00,141.0500030517578,141.35000610351562,141.00999450683594,141.21449279785156,141.21449279785156,497933
2025-07-09 14:05:00,141.22000122070312,141.57000732421875,141.1602020263672,141.32000732421875,141.32000732421875,724112
2025-07-09 14:10:00,141.3166046142578,141.61000061035156,141.31149291992188,141.5500030517578,141.5500030517578,475127
2025-07-09 14:15:00,141.54010009765625,141.66000366210938,141.36000061035156,141.6551055908203,141.6551055908203,478682
2025-07-09 14:20:00,141.64039611816406,142.5800018310547,141.60479736328125,142.35989379882812,142.35989379882812,1618034
2025-07-09 14:25:00,142.35009765625,142.60499572753906,142.3000030517578,142.40499877929688,142.40499877929688,842233
2025-07-09 14:30:00,142.39599609375,142.55999755859375,141.8800048828125,142.1829071044922,142.1829071044922,880830
2025-07-09 14:35:00,142.17999267578125,142.4199981689453,142.0500030517578,142.24000549316406,142.24000549316406,638963
2025-07-09 14:40:00,142.25,142.61000061035156,142.16000366210938,142.3800048828125,142.3800048828125,733581
2025-07-09 14:45:00,142.3800048828125,142.42999267578125,142.07000732421875,142.14999389648438,142.14999389648438,556153
2025-07-09 14:50:00,142.12969970703125,142.29989624023438,142.0399932861328,142.19009399414062,142.19009399414062,404660
2025-07-09 14:55:00,142.1999969482422,142.5,142.17999267578125,142.36500549316406,142.36500549316406,531393
2025-07-09 15:00:00,142.3800048828125,142.5,142.22000122070312,142.3699951171875,142.3699951171875,497835
2025-07-09 15:05:00,142.3699951171875,142.6199951171875,142.27999877929688,142.5446014404297,142.5446014404297,612026
2025-07-09 15:10:00,142.53500366210938,142.6898956298828,142.4499969482422,142.6199951171875,142.6199951171875,579161
2025-07-09 15:15:00,142.61000061035156,142.75,142.46009826660156,142.69000244140625,142.69000244140625,476374
2025-07-09 15:20:00,142.67999267578125,142.8000030517578,142.50999450683594,142.66000366210938,142.66000366210938,611966
2025-07-09 15:25:00,142.64999389648438,142.8300018310547,142.3699951171875,142.6103973388672,142.6103973388672,763768
2025-07-09 15:30:00,142.60989379882812,143.1300048828125,142.54100036621094,142.72999572753906,142.72999572753906,1325205
2025-07-09 15:35:00,142.72999572753906,143.0399932861328,142.6999969482422,142.9149932861328,142.9149932861328,595938
2025-07-09 15:40:00,142.9199981689453,143.0500030517578,142.8300018310547,142.97000122070312,142.97000122070312,599972
2025-07-09 15:45:00,142.98599243164062,143.07000732421875,142.8300018310547,142.9149932861328,142.9149932861328,768886
2025-07-09 15:50:00,142.89999389648438,143.16000366210938,142.66000366210938,143.15440368652344,143.15440368652344,1002463
2025-07-09 15:55:00,143.16000366210938,143.1699981689453,142.89999389648438,143.09500122070312,143.09500122070312,1652161
2025-07-10 00:00:00,143.30999755859375,145.16000366210938,139.52999877929688,142.5,142.5,64383900
2025-07-10 09:30:00,143.3800048828125,145.16000366210938,143.02000427246094,144.55999755859375,144.55999755859375,4568227
2025-07-10 09:35:00,144.53500366210938,144.92999267578125,143.5841064453125,144.3155975341797,144.3155975341797,1958187
2025-07-10 09:40:00,144.3000030517578,144.8780059814453,144.0,144.82000732421875,144.82000732421875,1511807
2025-07-10 09:45:00,144.7971954345703,145.05999755859375,144.30999755859375,144.32650756835938,144.32650756835938,726614
2025-07-10 09:50:00,144.51609802246094,144.58999633789062,143.57000732421875,143.83999633789062,143.83999633789062,2467968
2025-07-10 09:55:00,143.82000732421875,143.89999389648438,142.72000122070312,143.22999572753906,143.22999572753906,1647109
2025-07-10 10:00:00,143.2100067138672,143.27000427246094,141.8300018310547,142.4499969482422,142.4499969482422,2290564
2025-07-10 10:05:00,142.4199981689453,142.58999633789062,141.6999969482422,142.13999938964844,142.13999938964844,1290175
2025-07-10 10:10:00,142.1407012939453,142.74000549316406,141.91000366210938,141.92999267578125,141.92999267578125,1080357
2025-07-10 10:15:00,141.91000366210938,142.52999877929688,141.7404022216797,142.39999389648438,142.39999389648438,1145267
2025-07-10 10:20:00,142.39549255371094,142.5050048828125,141.85000610351562,142.09030151367188,142.09030151367188,840232
2025-07-10 10:25:00,142.08810424804688,142.08810424804688,140.85000610351562,141.2899932861328,141.2899932861328,1808973
2025-07-10 10:30:00,141.27999877929688,141.82080078125,141.07000732421875,141.10440063476562,141.10440063476562,1051474
2025-07-10 10:35:00,141.09930419921875,141.61000061035156,140.6999969482422,141.3968963623047,141.3968963623047,1150977
2025-07-10 10:40:00,141.38999938964844,141.4199981689453,140.52000427246094,140.9199981689453,140.9199981689453,1033872
2025-07-10 10:45:00,140.89999389648438,141.66000366210938,140.6999969482422,141.55999755859375,141.55999755859375,996499
2025-07-10 10:50:00,141.55999755859375,141.5800018310547,141.07000732421875,141.38589477539062,141.38589477539062,975911
2025-07-10 10:55:00,141.38499450683594,141.38999938964844,140.8300018310547,140.97000122070312,140.97000122070312,714799
2025-07-10 11:00:00,140.97999572753906,141.07000732421875,140.5800018310547,140.81500244140625,140.81500244140625,690975
2025-07-10 11:05:00,140.75,140.92999267578125,140.6195068359375,140.77999877929688,140.77999877929688,754091
2025-07-10 11:10:00,140.75999450683594,140.77000427246094,139.91000366210938,140.22000122070312,140.22000122070312,1221711
2025-07-10 11:15:00,140.22999572753906,140.47000122070312,139.85000610351562,140.1999969482422,140.1999969482422,1194903
2025-07-10 11:20:00,140.1999969482422,140.21969604492188,139.52999877929688,140.1750030517578,140.1750030517578,1142100
2025-07-10 11:25:00,140.18370056152344,140.85000610351562,140.17999267578125,140.735107421875,140.735107421875,935895
2025-07-10 11:30:00,140.73550415039062,141.1699981689453,140.7100067138672,141.01539611816406,141.01539611816406,1015628
2025-07-10 11:35:00,141.0,141.33999633789062,140.95010375976562,141.20970153808594,141.20970153808594,755494
2025-07-10 11:40:00,141.17999267578125,141.32000732421875,140.75999450683594,141.0,141.0,658213
2025-07-10 11:45:00,140.9949951171875,141.2696990966797,140.82000732421875,141.18319702148438,141.18319702148438,505423
2025-07-10 11:50:00,141.18040466308594,141.2799072265625,141.02999877929688,141.1217041015625,141.1217041015625,391215
2025-07-10 11:55:00,141.11000061035156,141.44000244140625,141.07000732421875,141.1903076171875,141.1903076171875,447144
2025-07-10 12:00:00,141.2196044921875,141.27999877929688,140.97999572753906,141.10389709472656,141.10389709472656,352046
2025-07-10 12:05:00,141.11000061035156,141.14869689941406,140.3699951171875,140.375,140.375,500278
2025-07-10 12:10:00,140.38229370117188,140.69000244140625,140.22999572753906,140.59500122070312,140.59500122070312,605390
2025-07-10 12:15:00,140.6096954345703,141.17999267578125,140.57550048828125,141.125,141.125,578501
2025-07-10 12:20:00,141.11000061035156,141.6199951171875,141.11000061035156,141.55499267578125,141.55499267578125,609673
2025-07-10 12:25:00,141.56520080566406,141.67999267578125,141.14999389648438,141.29969787597656,141.29969787597656,512367
2025-07-10 12:30:00,141.2989959716797,141.54029846191406,141.27029418945312,141.5092010498047,141.5092010498047,349120
2025-07-10 12:35:00,141.5092010498047,141.55999755859375,141.14999389648438,141.19500732421875,141.19500732421875,365510
2025-07-10 12:40:00,141.22000122070312,141.45449829101562,141.17999267578125,141.36000061035156,141.36000061035156,232728
2025-07-10 12:45:00,141.3444061279297,141.3444061279297,141.05999755859375,141.07049560546875,141.07049560546875,282002
2025-07-10 12:50:00,141.05999755859375,141.58999633789062,141.05999755859375,141.57000732421875,141.57000732421875,366938
2025-07-10 12:55:00,141.5399932861328,141.8800048828125,141.42999267578125,141.73300170898438,141.73300170898438,486861
2025-07-10 13:00:00,141.72999572753906,141.9196014404297,141.61000061035156,141.75149536132812,141.75149536132812,433662
2025-07-10 13:05:00,141.7449951171875,141.8699951171875,141.66000366210938,141.8300018310547,141.8300018310547,261083
2025-07-10 13:10:00,141.81500244140625,142.14999389648438,141.75999450683594,141.97000122070312,141.97000122070312,505213
2025-07-10 13:15:00,141.94509887695312,142.02999877929688,141.77999877929688,141.87969970703125,141.87969970703125,325004
2025-07-10 13:20:00,141.88999938964844,142.04229736328125,141.75,141.9499969482422,141.9499969482422,307736
2025-07-10 13:25:00,141.9199981689453,142.10000610351562,141.77000427246094,142.07659912109375,142.07659912109375,293254
2025-07-10 13:30:00,142.06019592285156,142.42999267578125,142.00999450683594,142.2100067138672,142.2100067138672,562027
2025-07-10 13:35:00,142.20449829101562,142.25,141.9499969482422,142.23550415039062,142.23550415039062,385704
2025-07-10 13:40:00,142.23500061035156,142.3699951171875,142.0399932861328,142.0800018310547,142.0800018310547,331270
2025-07-10 13:45:00,142.10499572753906,142.39999389648438,141.80999755859375,142.31500244140625,142.31500244140625,654467
2025-07-10 13:50:00,142.35000610351562,142.5,142.0500030517578,142.07000732421875,142.07000732421875,434416
2025-07-10 13:55:00,142.07969665527344,142.39999389648438,142.0574951171875,142.3155059814453,142.3155059814453,293575
2025-07-10 14:00:00,142.31069946289062,142.3896942138672,142.04029846191406,142.14540100097656,142.14540100097656,453358
2025-07-10 14:05:00,142.1699981689453,142.4600067138672,142.1302947998047,142.3000030517578,142.3000030517578,308888
2025-07-10 14:10:00,142.28160095214844,142.5,142.2100067138672,142.34230041503906,142.34230041503906,338092
2025-07-10 14:15:00,142.33070373535156,142.3699951171875,142.05999755859375,142.0800018310547,142.0800018310547,396189
2025-07-10 14:20:00,142.11000061035156,142.25999450683594,141.97000122070312,142.25999450683594,142.25999450683594,501966
2025-07-10 14:25:00,142.25909423828125,142.27999877929688,142.01730346679688,142.02999877929688,142.02999877929688,260350
2025-07-10 14:30:00,142.02000427246094,142.1403045654297,141.77999877929688,141.7899932861328,141.7899932861328,417700
2025-07-10 14:35:00,141.77760314941406,141.88999938964844,141.63999938964844,141.79519653320312,141.79519653320312,378389
2025-07-10 14:40:00,141.7949981689453,142.0800018310547,141.63999938964844,141.9499969482422,141.9499969482422,407054
2025-07-10 14:45:00,141.95489501953125,142.38999938964844,141.90240478515625,142.33560180664062,142.33560180664062,434200
2025-07-10 14:50:00,142.32000732421875,142.49000549316406,142.25,142.418701171875,142.418701171875,379518
2025-07-10 14:55:00,142.41200256347656,142.72999572753906,142.36500549316406,142.61929321289062,142.61929321289062,457550
2025-07-10 15:00:00,142.6197052001953,142.7899932861328,142.39999389648438,142.4763946533203,142.4763946533203,446220
2025-07-10 15:05:00,142.47999572753906,142.6699981689453,142.22000122070312,142.36000061035156,142.36000061035156,478574
2025-07-10 15:10:00,142.3800048828125,142.48500061035156,142.1649932861328,142.1772003173828,142.1772003173828,328398
2025-07-10 15:15:00,142.17999267578125,142.3199005126953,141.9600067138672,142.1638946533203,142.1638946533203,552412
2025-07-10 15:20:00,142.14999389648438,142.6699981689453,142.0500030517578,142.44000244140625,142.44000244140625,682513
2025-07-10 15:25:00,142.4499969482422,142.75,142.1800994873047,142.23550415039062,142.23550415039062,560923
2025-07-10 15:30:00,142.2449951171875,142.39999389648438,142.14999389648438,142.3199005126953,142.3199005126953,361058
2025-07-10 15:35:00,142.31500244140625,142.5,142.17999267578125,142.4250946044922,142.4250946044922,405439
2025-07-10 15:40:00,142.41000366210938,142.7366943359375,142.08999633789062,142.22120666503906,142.22120666503906,509745
2025-07-10 15:45:00,142.2100067138672,142.47000122070312,142.0,142.30999755859375,142.30999755859375,639139
2025-07-10 15:50:00,142.2899932861328,142.30999755859375,141.49000549316406,142.0850067138672,142.0850067138672,1639034
2025-07-10 15:55:00,142.07000732421875,142.625,142.0449981689453,142.4949951171875,142.4949951171875,2199730
2025-07-11 00:00:00,142.11000061035156,144.5800018310547,141.47000122070312,142.10000610351562,142.10000610351562,52134800
2025-07-11 09:30:00,142.1300048828125,144.30999755859375,142.02999877929688,143.67999267578125,143.67999267578125,4091112
2025-07-11 09:35:00,143.63180541992188,143.7050018310547,142.41000366210938,143.02000427246094,143.02000427246094,1396853
2025-07-11 09:40:00,143.03919982910156,144.1699981689453,142.8000030517578,143.5,143.5,1402681
2025-07-11 09:45:00,143.4604949951172,144.5800018310547,143.02999877929688,143.88999938964844,143.88999938964844,1415931
2025-07-11 09:50:00,143.8699951171875,144.32000732421875,143.4499969482422,143.52499389648438,143.52499389648438,1062510
2025-07-11 09:55:00,143.52999877929688,144.17950439453125,143.4600067138672,144.05880737304688,144.05880737304688,846636
2025-07-11 10:00:00,144.0399932861328,144.5399932861328,143.35000610351562,143.75,143.75,1586834
2025-07-11 10:05:00,143.75,143.92990112304688,143.25999450683594,143.36090087890625,143.36090087890625,917191
2025-07-11 10:10:00,143.35659790039062,144.02999877929688,143.07000732421875,143.8800048828125,143.8800048828125,1129995
2025-07-11 10:15:00,143.89590454101562,144.14999389648438,143.69000244140625,144.07000732421875,144.07000732421875,691092
2025-07-11 10:20:00,144.0800018310547,144.35000610351562,143.63999938964844,144.09970092773438,144.09970092773438,838496
2025-07-11 10:25:00,144.08999633789062,144.11000061035156,143.4600067138672,143.55560302734375,143.55560302734375,855637
2025-07-11 10:30:00,143.5399932861328,143.64999389648438,143.27999877929688,143.52340698242188,143.52340698242188,742624
2025-07-11 10:35:00,143.5299072265625,143.75,143.36000061035156,143.55999755859375,143.55999755859375,513237
2025-07-11 10:40:00,143.5399932861328,143.8795928955078,143.50999450683594,143.60000610351562,143.60000610351562,528214
2025-07-11 10:45:00,143.65989685058594,143.89999389648438,143.49000549316406,143.81500244140625,143.81500244140625,468861
2025-07-11 10:50:00,143.82989501953125,143.8800048828125,143.35000610351562,143.60000610351562,143.60000610351562,485928
2025-07-11 10:55:00,143.61000061035156,143.70559692382812,143.0500030517578,143.17999267578125,143.17999267578125,502175
2025-07-11 11:00:00,143.1699981689453,143.2899932861328,142.97000122070312,142.99000549316406,142.99000549316406,562634
2025-07-11 11:05:00,142.97000122070312,143.17799377441406,142.8000030517578,142.97000122070312,142.97000122070312,574408
2025-07-11 11:10:00,142.97000122070312,143.19000244140625,141.92999267578125,142.02000427246094,142.02000427246094,1019000
2025-07-11 11:15:00,142.02999877929688,142.64999389648438,141.9499969482422,142.55999755859375,142.55999755859375,906061
2025-07-11 11:20:00,142.58560180664062,142.80999755859375,142.30999755859375,142.42999267578125,142.42999267578125,652456
2025-07-11 11:25:00,142.41000366210938,142.74000549316406,142.10000610351562,142.47000122070312,142.47000122070312,728796
2025-07-11 11:30:00,142.5,142.77999877929688,142.47999572753906,142.75,142.75,476238
2025-07-11 11:35:00,142.72999572753906,143.0,142.60000610351562,142.96499633789062,142.96499633789062,512638
2025-07-11 11:40:00,142.97000122070312,143.2095947265625,142.94000244140625,143.15020751953125,143.15020751953125,567558
2025-07-11 11:45:00,143.1699981689453,143.27000427246094,142.9595947265625,142.97000122070312,142.97000122070312,509078
2025-07-11 11:50:00,142.97000122070312,143.023193359375,142.7001953125,142.75010681152344,142.75010681152344,490140
2025-07-11 11:55:00,142.7606964111328,142.80999755859375,142.52000427246094,142.69000244140625,142.69000244140625,383886
2025-07-11 12:00:00,142.6999969482422,143.22999572753906,142.66619873046875,143.06500244140625,143.06500244140625,524570
2025-07-11 12:05:00,143.0791015625,143.08999633789062,142.64999389648438,142.77999877929688,142.77999877929688,435427
2025-07-11 12:10:00,142.7899932861328,142.8800048828125,142.52999877929688,142.69500732421875,142.69500732421875,315313
2025-07-11 12:15:00,142.68499755859375,142.9145965576172,142.62030029296875,142.8000030517578,142.8000030517578,293390
2025-07-11 12:20:00,142.80079650878906,143.46499633789062,142.75,143.42999267578125,143.42999267578125,596289
2025-07-11 12:25:00,143.42999267578125,143.6790008544922,143.37030029296875,143.5500030517578,143.5500030517578,674183
2025-07-11 12:30:00,143.5449981689453,143.80999755859375,143.49000549316406,143.7375946044922,143.7375946044922,550656
2025-07-11 12:35:00,143.72500610351562,143.8300018310547,143.50999450683594,143.74969482421875,143.74969482421875,486760
2025-07-11 12:40:00,143.72610473632812,143.89999389648438,143.5500030517578,143.75,143.75,516727
2025-07-11 12:45:00,143.7550048828125,143.90040588378906,143.58999633789062,143.66000366210938,143.66000366210938,486767
2025-07-11 12:50:00,143.6750030517578,143.9600067138672,143.5800018310547,143.9499969482422,143.9499969482422,455223
2025-07-11 12:55:00,143.9499969482422,144.2198944091797,143.8699951171875,143.97000122070312,143.97000122070312,785442
2025-07-11 13:00:00,143.9691925048828,144.0,143.75999450683594,143.89959716796875,143.89959716796875,329320
2025-07-11 13:05:00,143.9069061279297,144.0,143.60000610351562,143.67999267578125,143.67999267578125,361478
2025-07-11 13:10:00,143.6887969970703,143.72999572753906,143.52000427246094,143.60470581054688,143.60470581054688,277080
2025-07-11 13:15:00,143.59500122070312,143.72000122070312,143.36099243164062,143.5449981689453,143.5449981689453,358044
2025-07-11 13:20:00,143.5500030517578,143.83999633789062,143.5,143.65980529785156,143.65980529785156,337022
2025-07-11 13:25:00,143.64999389648438,143.6999969482422,143.4199981689453,143.49000549316406,143.49000549316406,309098
2025-07-11 13:30:00,143.47999572753906,143.8000030517578,143.33009338378906,143.4149932861328,143.4149932861328,422415
2025-07-11 13:35:00,143.4197998046875,143.4199981689453,142.86000061035156,143.0334014892578,143.0334014892578,578649
2025-07-11 13:40:00,143.01499938964844,143.14999389648438,142.91000366210938,143.0500030517578,143.0500030517578,590377
2025-07-11 13:45:00,143.0399932861328,143.52999877929688,142.97999572753906,143.5,143.5,449339
2025-07-11 13:50:00,143.5,143.5500030517578,143.10040283203125,143.2397003173828,143.2397003173828,319481
2025-07-11 13:55:00,143.22500610351562,143.52999877929688,143.22000122070312,143.4550018310547,143.4550018310547,302804
2025-07-11 14:00:00,143.42999267578125,143.58999633789062,143.2899932861328,143.3791961669922,143.3791961669922,312936
2025-07-11 14:05:00,143.38999938964844,143.47999572753906,143.32000732421875,143.38040161132812,143.38040161132812,165100
2025-07-11 14:10:00,143.3699951171875,143.52999877929688,143.24029541015625,143.4409942626953,143.4409942626953,277876
2025-07-11 14:15:00,143.44000244140625,143.66000366210938,143.4149932861328,143.5050048828125,143.5050048828125,230563
2025-07-11 14:20:00,143.5196990966797,143.7100067138672,143.42010498046875,143.66099548339844,143.66099548339844,315598
2025-07-11 14:25:00,143.6300048828125,143.7711944580078,143.3300018310547,143.5050048828125,143.5050048828125,336403
2025-07-11 14:30:00,143.47000122070312,143.49000549316406,143.1699981689453,143.33999633789062,143.33999633789062,314653
2025-07-11 14:35:00,143.3249969482422,143.4897003173828,143.01400756835938,143.19000244140625,143.19000244140625,329514
2025-07-11 14:40:00,143.17999267578125,143.2299041748047,142.91009521484375,143.1199951171875,143.1199951171875,423015
2025-07-11 14:45:00,143.1199951171875,143.17799377441406,142.66009521484375,142.7550048828125,142.7550048828125,420075
2025-07-11 14:50:00,142.74000549316406,142.76499938964844,142.24000549316406,142.3300018310547,142.3300018310547,496565
2025-07-11 14:55:00,142.3300018310547,142.52000427246094,142.13499450683594,142.27499389648438,142.27499389648438,579915
2025-07-11 15:00:00,142.29969787597656,142.39999389648438,142.1199951171875,142.15499877929688,142.15499877929688,534860
2025-07-11 15:05:00,142.16000366210938,142.47999572753906,141.82040405273438,142.44259643554688,142.44259643554688,912093
2025-07-11 15:10:00,142.4600067138672,142.71969604492188,142.27999877929688,142.43930053710938,142.43930053710938,636410
2025-07-11 15:15:00,142.42999267578125,142.5,141.86000061035156,141.92999267578125,141.92999267578125,522384
2025-07-11 15:20:00,141.94900512695312,142.1199951171875,141.8300018310547,141.92999267578125,141.92999267578125,557046
2025-07-11 15:25:00,141.94749450683594,142.16000366210938,141.89999389648438,142.08470153808594,142.08470153808594,383741
2025-07-11 15:30:00,142.0749969482422,142.0749969482422,141.77999877929688,141.92039489746094,141.92039489746094,657315
2025-07-11 15:35:00,141.88999938964844,142.2899932861328,141.87010192871094,142.16009521484375,142.16009521484375,501985
2025-07-11 15:40:00,142.16659545898438,142.25,141.8800048828125,142.08999633789062,142.08999633789062,479006
2025-07-11 15:45:00,142.0802001953125,142.1999969482422,141.9550018310547,142.03900146484375,142.03900146484375,482004
2025-07-11 15:50:00,142.00999450683594,142.19000244140625,141.80999755859375,141.92799377441406,141.92799377441406,716315
2025-07-11 15:55:00,141.92999267578125,142.1999969482422,141.92999267578125,142.10000610351562,142.10000610351562,1451723
2025-07-14 00:00:00,142.72000122070312,149.5749969482422,142.22000122070312,149.14999389648438,149.14999389648438,81774400
2025-07-14 09:30:00,142.68800354003906,143.625,142.22000122070312,143.52000427246094,143.52000427246094,1919847
2025-07-14 09:31:00,143.49000549316406,144.63999938964844,143.3800048828125,143.88999938964844,143.88999938964844,853062
2025-07-14 09:32:00,143.86500549316406,144.27980041503906,143.61000061035156,143.99920654296875,143.99920654296875,309877
2025-07-14 09:33:00,144.0,144.44000244140625,143.80999755859375,144.25160217285156,144.25160217285156,333211
2025-07-14 09:34:00,144.28640747070312,144.38999938964844,143.8300018310547,144.22830200195312,144.22830200195312,321086
2025-07-14 09:35:00,144.21499633789062,144.4199981689453,143.8800048828125,144.1199951171875,144.1199951171875,406530
2025-07-14 09:36:00,144.12399291992188,145.1199951171875,144.00050354003906,144.97999572753906,144.97999572753906,1073581
2025-07-14 09:37:00,144.9709930419922,145.6999969482422,144.9499969482422,145.14999389648438,145.14999389648438,821599
2025-07-14 09:38:00,145.16110229492188,145.19000244140625,144.5800018310547,144.85040283203125,144.85040283203125,403175
2025-07-14 09:39:00,144.8699951171875,145.25,144.6999969482422,145.17999267578125,145.17999267578125,370656
2025-07-14 09:40:00,145.17999267578125,145.18499755859375,144.4600067138672,144.52499389648438,144.52499389648438,339803
2025-07-14 09:41:00,144.5299072265625,144.8000030517578,144.39999389648438,144.72999572753906,144.72999572753906,260258
2025-07-14 09:42:00,144.7449951171875,144.83999633789062,144.16009521484375,144.33999633789062,144.33999633789062,269716
2025-07-14 09:43:00,144.33009338378906,144.60000610351562,144.0500030517578,144.47000122070312,144.47000122070312,284483
2025-07-14 09:44:00,144.47000122070312,144.5590057373047,144.1699981689453,144.38999938964844,144.38999938964844,184180
2025-07-14 09:45:00,144.35499572753906,144.72999572753906,143.9600067138672,144.66000366210938,144.66000366210938,305353
2025-07-14 09:46:00,144.63999938964844,145.02999877929688,144.2899932861328,144.36000061035156,144.36000061035156,337046
2025-07-14 09:47:00,144.40499877929688,144.61000061035156,144.11000061035156,144.53599548339844,144.53599548339844,206447
2025-07-14 09:48:00,144.52000427246094,145.0,144.3699951171875,144.9199981689453,144.9199981689453,261798
2025-07-14 09:49:00,144.92010498046875,145.3800048828125,144.92010498046875,145.3800048828125,145.3800048828125,381878
2025-07-14 09:50:00,145.36439514160156,145.6999969482422,145.31019592285156,145.63999938964844,145.63999938964844,472888
2025-07-14 09:51:00,145.6300048828125,145.8300018310547,145.57009887695312,145.79600524902344,145.79600524902344,441695
2025-07-14 09:52:00,145.7899932861328,146.02960205078125,145.5500030517578,145.69000244140625,145.69000244140625,588557
2025-07-14 09:53:00,145.6750030517578,146.07000732421875,145.39999389648438,146.01499938964844,146.01499938964844,347654
2025-07-14 09:54:00,146.03480529785156,146.1699981689453,145.75,145.86500549316406,145.86500549316406,376487
2025-07-14 09:55:00,145.85000610351562,146.0,145.69000244140625,145.88999938964844,145.88999938964844,239984
2025-07-14 09:56:00,145.8800048828125,146.0050048828125,145.47000122070312,145.57000732421875,145.57000732421875,373219
2025-07-14 09:57:00,145.57000732421875,145.60000610351562,145.27999877929688,145.39999389648438,145.39999389648438,248959
2025-07-14 09:58:00,145.39999389648438,145.42149353027344,145.00999450683594,145.02999877929688,145.02999877929688,282332
2025-07-14 09:59:00,145.0366973876953,145.3800048828125,145.0366973876953,145.27000427246094,145.27000427246094,176300
2025-07-14 10:00:00,145.3000030517578,145.64999389648438,145.13999938964844,145.4600067138672,145.4600067138672,301050
2025-07-14 10:01:00,145.50999450683594,145.55999755859375,145.15069580078125,145.19920349121094,145.19920349121094,263982
2025-07-14 10:02:00,145.2028045654297,145.4199981689453,145.1199951171875,145.35699462890625,145.35699462890625,154568
2025-07-14 10:03:00,145.35000610351562,145.37969970703125,144.9499969482422,145.03030395507812,145.03030395507812,249521
2025-07-14 10:04:00,145.07000732421875,145.339599609375,144.92999267578125,145.19000244140625,145.19000244140625,173163
2025-07-14 10:05:00,145.2030029296875,145.3000030517578,144.97000122070312,145.3000030517578,145.3000030517578,166578
2025-07-14 10:06:00,145.2801055908203,145.40969848632812,145.05499267578125,145.16749572753906,145.16749572753906,198694
2025-07-14 10:07:00,145.16969299316406,145.1999969482422,144.92640686035156,144.97999572753906,144.97999572753906,169799
2025-07-14 10:08:00,145.02999877929688,145.0500030517578,144.7261962890625,144.84959411621094,144.84959411621094,234851
2025-07-14 10:09:00,144.8300018310547,144.9600067138672,144.67999267578125,144.88999938964844,144.88999938964844,207379
2025-07-14 10:10:00,144.88999938964844,145.08990478515625,144.85000610351562,144.86000061035156,144.86000061035156,206422
2025-07-14 10:11:00,144.85009765625,144.94000244140625,144.7100067138672,144.89010620117188,144.89010620117188,133969
2025-07-14 10:12:00,144.91000366210938,144.9499053955078,144.3800048828125,144.447998046875,144.447998046875,275109
2025-07-14 10:13:00,144.44009399414062,144.80990600585938,144.35450744628906,144.68040466308594,144.68040466308594,191203
2025-07-14 10:14:00,144.69000244140625,144.74960327148438,144.47999572753906,144.67999267578125,144.67999267578125,138244
2025-07-14 10:15:00,144.66000366210938,144.7100067138672,144.41000366210938,144.42999267578125,144.42999267578125,132028
2025-07-14 10:16:00,144.4199981689453,144.58999633789062,144.3300018310547,144.38999938964844,144.38999938964844,153750
2025-07-14 10:17:00,144.3800048828125,144.3800048828125,144.1302032470703,144.24000549316406,144.24000549316406,216301
2025-07-14 10:18:00,144.22999572753906,144.39999389648438,144.1199951171875,144.2899932861328,144.2899932861328,184698
2025-07-14 10:19:00,144.2949981689453,144.3699951171875,144.19000244140625,144.3699951171875,144.3699951171875,128691
2025-07-14 10:20:00,144.3800048828125,144.6999969482422,144.3699951171875,144.6699981689453,144.6699981689453,198637
2025-07-14 10:21:00,144.69500732421875,145.0,144.69500732421875,144.78500366210938,144.78500366210938,274067
2025-07-14 10:22:00,144.77000427246094,145.0,144.6300048828125,144.94000244140625,144.94000244140625,200376
2025-07-14 10:23:00,144.92999267578125,145.3000030517578,144.9001007080078,145.09010314941406,145.09010314941406,326396
2025-07-14 10:24:00,145.10000610351562,145.125,144.88999938964844,145.0399932861328,145.0399932861328,217590
2025-07-14 10:25:00,145.03030395507812,145.1300048828125,144.83999633789062,144.93499755859375,144.93499755859375,212522
2025-07-14 10:26:00,144.94000244140625,145.0,144.8699951171875,144.8800048828125,144.8800048828125,113016
2025-07-14 10:27:00,144.88499450683594,145.1199951171875,144.85000610351562,145.05999755859375,145.05999755859375,150668
2025-07-14 10:28:00,145.0500030517578,145.19000244140625,145.0,145.1844024658203,145.1844024658203,166819
2025-07-14 10:29:00,145.16000366210938,145.5,145.14999389648438,145.47970581054688,145.47970581054688,351556
2025-07-14 10:30:00,145.46499633789062,145.63999938964844,145.3000030517578,145.53500366210938,145.53500366210938,230408
2025-07-14 10:31:00,145.53919982910156,145.69000244140625,145.47000122070312,145.54600524902344,145.54600524902344,248295
2025-07-14 10:32:00,145.5399932861328,145.75999450683594,145.41000366210938,145.69000244140625,145.69000244140625,217741
2025-07-14 10:33:00,145.69500732421875,145.8699951171875,145.6199951171875,145.6999969482422,145.6999969482422,194554
2025-07-14 10:34:00,145.6999969482422,145.8800048828125,145.6300048828125,145.6999969482422,145.6999969482422,168597
2025-07-14 10:35:00,145.6999969482422,145.97000122070312,145.69000244140625,145.9508056640625,145.9508056640625,334147
2025-07-14 10:36:00,145.9600067138672,146.10000610351562,145.64999389648438,145.68479919433594,145.68479919433594,497113
2025-07-14 10:37:00,145.68499755859375,145.7100067138672,145.47000122070312,145.66000366210938,145.66000366210938,237975
2025-07-14 10:38:00,145.67999267578125,145.77000427246094,145.44000244140625,145.7144012451172,145.7144012451172,179224
2025-07-14 10:39:00,145.7001953125,145.86990356445312,145.66000366210938,145.743896484375,145.743896484375,136040
2025-07-14 10:40:00,145.74099731445312,145.94000244140625,145.60000610351562,145.77999877929688,145.77999877929688,210713
2025-07-14 10:41:00,145.77499389648438,146.0198974609375,145.63999938964844,145.97999572753906,145.97999572753906,290067
2025-07-14 10:42:00,145.9875946044922,146.24000549316406,145.9600067138672,146.22659301757812,146.22659301757812,360386
2025-07-14 10:43:00,146.22500610351562,146.3300018310547,146.0,146.0760955810547,146.0760955810547,330408
2025-07-14 10:44:00,146.0800018310547,146.2100067138672,145.83009338378906,146.2100067138672,146.2100067138672,262566
2025-07-14 10:45:00,146.2100067138672,146.39999389648438,146.0200958251953,146.33999633789062,146.33999633789062,291063
2025-07-14 10:46:00,146.35000610351562,146.58999633789062,146.32000732421875,146.5800018310547,146.5800018310547,376596
2025-07-14 10:47:00,146.5800018310547,146.6790008544922,146.33999633789062,146.4199981689453,146.4199981689453,251558
2025-07-14 10:48:00,146.39999389648438,146.49000549316406,146.25999450683594,146.41000366210938,146.41000366210938,169200
2025-07-14 10:49:00,146.42999267578125,146.55999755859375,146.25999450683594,146.44000244140625,146.44000244140625,204750
2025-07-14 10:50:00,146.42999267578125,146.55979919433594,146.38999938964844,146.45260620117188,146.45260620117188,170886
2025-07-14 10:51:00,146.42999267578125,146.6999969482422,146.42999267578125,146.52859497070312,146.52859497070312,223727
2025-07-14 10:52:00,146.52999877929688,146.83999633789062,146.52040100097656,146.80999755859375,146.80999755859375,254914
2025-07-14 10:53:00,146.80999755859375,146.8800048828125,146.64959716796875,146.6699981689453,146.6699981689453,185016
2025-07-14 10:54:00,146.6699981689453,146.74000549316406,146.55960083007812,146.6199951171875,146.6199951171875,223786
2025-07-14 10:55:00,146.63999938964844,146.69000244140625,146.41000366210938,146.45050048828125,146.45050048828125,220425
2025-07-14 10:56:00,146.47520446777344,146.52000427246094,146.1300048828125,146.2552947998047,146.2552947998047,220452
2025-07-14 10:57:00,146.2696990966797,146.39999389648438,146.13999938964844,146.38499450683594,146.38499450683594,185450
2025-07-14 10:58:00,146.39999389648438,146.8300018310547,146.3800048828125,146.67410278320312,146.67410278320312,250670
2025-07-14 10:59:00,146.69000244140625,146.72500610351562,146.44000244140625,146.47999572753906,146.47999572753906,173707
2025-07-14 11:00:00,146.47000122070312,146.5679931640625,146.25,146.35000610351562,146.35000610351562,176402
2025-07-14 11:01:00,146.35499572753906,146.44000244140625,146.1999969482422,146.2895965576172,146.2895965576172,187510
2025-07-14 11:02:00,146.26919555664062,146.2899932861328,146.0800018310547,146.0800018310547,146.0800018310547,116781
2025-07-14 11:03:00,146.11000061035156,146.44000244140625,146.0803985595703,146.4199981689453,146.4199981689453,140939
2025-07-14 11:04:00,146.4149932861328,146.47000122070312,146.30039978027344,146.35000610351562,146.35000610351562,119153
2025-07-14 11:05:00,146.36000061035156,146.39999389648438,146.00999450683594,146.06039428710938,146.06039428710938,180131
2025-07-14 11:06:00,146.07000732421875,146.1999969482422,146.0399932861328,146.07000732421875,146.07000732421875,105441
2025-07-14 11:07:00,146.08999633789062,146.24000549316406,146.00999450683594,146.1999969482422,146.1999969482422,92842
2025-07-14 11:08:00,146.1649932861328,146.1999969482422,146.0449981689453,146.0800018310547,146.0800018310547,82310
2025-07-14 11:09:00,146.0800018310547,146.10000610351562,145.80999755859375,145.82000732421875,145.82000732421875,232912
2025-07-14 11:10:00,145.80999755859375,145.88999938964844,145.77029418945312,145.7935028076172,145.7935028076172,140009
2025-07-14 11:11:00,145.79449462890625,145.889892578125,145.68020629882812,145.8800048828125,145.8800048828125,129750
2025-07-14 11:12:00,145.8800048828125,145.88999938964844,145.61000061035156,145.61000061035156,145.61000061035156,141896
2025-07-14 11:13:00,145.61500549316406,145.6199951171875,144.97000122070312,145.3699951171875,145.3699951171875,775548
2025-07-14 11:14:00,145.34500122070312,146.17999267578125,145.32000732421875,145.99000549316406,145.99000549316406,543866
2025-07-14 11:15:00,145.99229431152344,146.5,145.99229431152344,146.14999389648438,146.14999389648438,321074
2025-07-14 11:16:00,146.13499450683594,146.3300018310547,146.1313934326172,146.22850036621094,146.22850036621094,133073
2025-07-14 11:17:00,146.22999572753906,146.47000122070312,146.21080017089844,146.33999633789062,146.33999633789062,149948
2025-07-14 11:18:00,146.33999633789062,146.5800018310547,146.29580688476562,146.52999877929688,146.52999877929688,152237
2025-07-14 11:19:00,146.5500030517578,146.5800018310547,146.25999450683594,146.25999450683594,146.25999450683594,126180
2025-07-14 11:20:00,146.27000427246094,146.30999755859375,145.74000549316406,145.80999755859375,145.80999755859375,159952
2025-07-14 11:21:00,145.7449951171875,145.95989990234375,145.6199951171875,145.90249633789062,145.90249633789062,255672
2025-07-14 11:22:00,145.90989685058594,146.10000610351562,145.89439392089844,145.94410705566406,145.94410705566406,137093
2025-07-14 11:23:00,145.94009399414062,146.0,145.80999755859375,145.80999755859375,145.80999755859375,96152
2025-07-14 11:24:00,145.8300018310547,145.83970642089844,145.6201934814453,145.72000122070312,145.72000122070312,141318
2025-07-14 11:25:00,145.6999969482422,145.7899932861328,145.5,145.67010498046875,145.67010498046875,153016
2025-07-14 11:26:00,145.67999267578125,145.74969482421875,145.4062957763672,145.67999267578125,145.67999267578125,167596
2025-07-14 11:27:00,145.6999053955078,145.86000061035156,145.64999389648438,145.69000244140625,145.69000244140625,141201
2025-07-14 11:28:00,145.7100067138672,145.92120361328125,145.69000244140625,145.8249969482422,145.8249969482422,103371
2025-07-14 11:29:00,145.83799743652344,145.96499633789062,145.80999755859375,145.84750366210938,145.84750366210938,90448
2025-07-14 11:30:00,145.85499572753906,146.01100158691406,145.8406982421875,145.8925018310547,145.8925018310547,193723
2025-07-14 11:31:00,145.8800048828125,145.9499969482422,145.74000549316406,145.8000030517578,145.8000030517578,83913
2025-07-14 11:32:00,145.77999877929688,145.82839965820312,145.66600036621094,145.69500732421875,145.69500732421875,81468
2025-07-14 11:33:00,145.68899536132812,145.83949279785156,145.66000366210938,145.7899932861328,145.7899932861328,72984
2025-07-14 11:34:00,145.77999877929688,145.94500732421875,145.76499938964844,145.91000366210938,145.91000366210938,94305
2025-07-14 11:35:00,145.91000366210938,145.91000366210938,145.75509643554688,145.7899932861328,145.7899932861328,65096
2025-07-14 11:36:00,145.75010681152344,146.08999633789062,145.6199951171875,146.0124053955078,146.0124053955078,186328
2025-07-14 11:37:00,146.02999877929688,146.19000244140625,145.89999389648438,145.97000122070312,145.97000122070312,122159
2025-07-14 11:38:00,145.9394989013672,146.05999755859375,145.89999389648438,146.05999755859375,146.05999755859375,86616
2025-07-14 11:39:00,146.0449981689453,146.0500030517578,145.80999755859375,145.8300018310547,145.8300018310547,77063
2025-07-14 11:40:00,145.80140686035156,145.91000366210938,145.36000061035156,145.47999572753906,145.47999572753906,304507
2025-07-14 11:41:00,145.50999450683594,145.52999877929688,144.85000610351562,145.21279907226562,145.21279907226562,895167
2025-07-14 11:42:00,145.1999969482422,145.42999267578125,145.1199951171875,145.39999389648438,145.39999389648438,283578
2025-07-14 11:43:00,145.375,145.75,145.375,145.61000061035156,145.61000061035156,268454
2025-07-14 11:44:00,145.58999633789062,145.88999938964844,145.54010009765625,145.7292022705078,145.7292022705078,188563
2025-07-14 11:45:00,145.7449951171875,145.94000244140625,145.72500610351562,145.8699951171875,145.8699951171875,105504
2025-07-14 11:46:00,145.875,146.17999267578125,145.875,146.09950256347656,146.09950256347656,306085
2025-07-14 11:47:00,146.0800018310547,146.38999938964844,146.0800018310547,146.3845977783203,146.3845977783203,264618
2025-07-14 11:48:00,146.38999938964844,146.99000549316406,146.38999938964844,146.7301025390625,146.7301025390625,627330
2025-07-14 11:49:00,146.75999450683594,146.9199981689453,146.66000366210938,146.89979553222656,146.89979553222656,243902
2025-07-14 11:50:00,146.8800048828125,146.99000549316406,146.71499633789062,146.75,146.75,251167
2025-07-14 11:51:00,146.75,147.1699981689453,146.72000122070312,147.07000732421875,147.07000732421875,554555
2025-07-14 11:52:00,147.0800018310547,147.1999969482422,146.97000122070312,147.08999633789062,147.08999633789062,271329
2025-07-14 11:53:00,147.0749969482422,147.30999755859375,146.9199981689453,147.29989624023438,147.29989624023438,379902
2025-07-14 11:54:00,147.29010009765625,147.32000732421875,147.08999633789062,147.2301025390625,147.2301025390625,271515
2025-07-14 11:55:00,147.25,147.3946990966797,147.13690185546875,147.2899932861328,147.2899932861328,382329
2025-07-14 11:56:00,147.3000030517578,147.41000366210938,147.02000427246094,147.02000427246094,147.02000427246094,324489
2025-07-14 11:57:00,147.00999450683594,147.08949279785156,146.8800048828125,146.8800048828125,146.8800048828125,208316
2025-07-14 11:58:00,146.88900756835938,146.9199981689453,146.7100067138672,146.87010192871094,146.87010192871094,206872
2025-07-14 11:59:00,146.8800048828125,147.1699981689453,146.8800048828125,147.1699981689453,147.1699981689453,191823
2025-07-14 12:00:00,147.1750030517578,147.3300018310547,147.02999877929688,147.27999877929688,147.27999877929688,222265
2025-07-14 12:01:00,147.27499389648438,147.2899932861328,146.76010131835938,146.8350067138672,146.8350067138672,197080
2025-07-14 12:02:00,146.8249969482422,146.85989379882812,146.5706024169922,146.6199951171875,146.6199951171875,213845
2025-07-14 12:03:00,146.6396026611328,146.6699981689453,146.52000427246094,146.64500427246094,146.64500427246094,140595
2025-07-14 12:04:00,146.6300048828125,146.67999267578125,146.5500030517578,146.60000610351562,146.60000610351562,104854
2025-07-14 12:05:00,146.5800018310547,146.7899932861328,146.42999267578125,146.72000122070312,146.72000122070312,177668
2025-07-14 12:06:00,146.73919677734375,146.76040649414062,146.6033935546875,146.66000366210938,146.66000366210938,77382
2025-07-14 12:07:00,146.65150451660156,147.11000061035156,146.64999389648438,147.10499572753906,147.10499572753906,209433
2025-07-14 12:08:00,147.10000610351562,147.1999969482422,146.93850708007812,146.93850708007812,146.93850708007812,165779
2025-07-14 12:09:00,146.94000244140625,146.97000122070312,146.85000610351562,146.91990661621094,146.91990661621094,74678
2025-07-14 12:10:00,146.89149475097656,147.17999267578125,146.87010192871094,147.17999267578125,147.17999267578125,120390
2025-07-14 12:11:00,147.1501007080078,147.22000122070312,147.02999877929688,147.06039428710938,147.06039428710938,117265
2025-07-14 12:12:00,147.07000732421875,147.19000244140625,147.02999877929688,147.08790588378906,147.08790588378906,100266
2025-07-14 12:13:00,147.1199951171875,147.17999267578125,147.0,147.05999755859375,147.05999755859375,134526
2025-07-14 12:14:00,147.0679931640625,147.24000549316406,147.00999450683594,147.22500610351562,147.22500610351562,121642
2025-07-14 12:15:00,147.2100067138672,147.35000610351562,147.110107421875,147.19630432128906,147.19630432128906,205867
2025-07-14 12:16:00,147.19000244140625,147.25999450683594,147.1300048828125,147.2550048828125,147.2550048828125,105391
2025-07-14 12:17:00,147.2550048828125,147.2667999267578,146.9600067138672,147.10499572753906,147.10499572753906,133708
2025-07-14 12:18:00,147.11000061035156,147.14500427246094,146.88499450683594,146.94000244140625,146.94000244140625,160694
2025-07-14 12:19:00,146.9499969482422,146.99960327148438,146.83999633789062,146.91659545898438,146.91659545898438,90860
2025-07-14 12:20:00,146.9149932861328,146.97000122070312,146.83920288085938,146.85000610351562,146.85000610351562,76189
2025-07-14 12:21:00,146.86000061035156,146.97999572753906,146.7301025390625,146.8000030517578,146.8000030517578,125260
2025-07-14 12:22:00,146.80999755859375,146.9600067138672,146.77000427246094,146.8802032470703,146.8802032470703,86713
2025-07-14 12:23:00,146.89999389648438,147.10989379882812,146.88999938964844,147.0399932861328,147.0399932861328,134078
2025-07-14 12:24:00,147.0500030517578,147.14999389648438,146.9152069091797,146.94960021972656,146.94960021972656,114896
2025-07-14 12:25:00,146.9199981689453,147.08999633789062,146.88009643554688,147.0399932861328,147.0399932861328,83351
2025-07-14 12:26:00,147.05499267578125,147.13999938964844,147.02999877929688,147.07000732421875,147.07000732421875,81642
2025-07-14 12:27:00,147.07000732421875,147.14999389648438,147.0399932861328,147.11000061035156,147.11000061035156,45879
2025-07-14 12:28:00,147.1300048828125,147.22000122070312,147.05999755859375,147.22000122070312,147.22000122070312,102847
2025-07-14 12:29:00,147.22500610351562,147.24000549316406,147.1343994140625,147.1343994140625,147.1343994140625,77582
2025-07-14 12:30:00,147.15499877929688,147.15969848632812,146.91000366210938,146.9949951171875,146.9949951171875,109663
2025-07-14 12:31:00,147.0095977783203,147.0800018310547,146.85000610351562,146.9333038330078,146.9333038330078,113455
2025-07-14 12:32:00,146.89999389648438,147.02999877929688,146.80999755859375,146.9949951171875,146.9949951171875,106427
2025-07-14 12:33:00,147.0,147.0500030517578,146.8699951171875,146.87469482421875,146.87469482421875,77900
2025-07-14 12:34:00,146.90499877929688,147.0,146.88999938964844,146.9199981689453,146.9199981689453,59496
2025-07-14 12:35:00,146.9197998046875,146.9197998046875,146.6748046875,146.67999267578125,146.67999267578125,128126
2025-07-14 12:36:00,146.6750030517578,146.75,146.6136016845703,146.7436065673828,146.7436065673828,121083
2025-07-14 12:37:00,146.7436065673828,147.03990173339844,146.6999969482422,146.8800048828125,146.8800048828125,144653
2025-07-14 12:38:00,146.8699951171875,146.9499969482422,146.8300018310547,146.86000061035156,146.86000061035156,92953
2025-07-14 12:39:00,146.8800048828125,147.14999389648438,146.85000610351562,147.02999877929688,147.02999877929688,219100
2025-07-14 12:40:00,147.0299072265625,147.17970275878906,146.97999572753906,147.16000366210938,147.16000366210938,90576
2025-07-14 12:41:00,147.1699981689453,147.1699981689453,147.0,147.04010009765625,147.04010009765625,103526
2025-07-14 12:42:00,147.05999755859375,147.07000732421875,146.84500122070312,146.88980102539062,146.88980102539062,120252
2025-07-14 12:43:00,146.88900756835938,146.88999938964844,146.75,146.8000030517578,146.8000030517578,68751
2025-07-14 12:44:00,146.80499267578125,146.91000366210938,146.77000427246094,146.77000427246094,146.77000427246094,82069
2025-07-14 12:45:00,146.75999450683594,146.8699951171875,146.7100067138672,146.8300018310547,146.8300018310547,75785
2025-07-14 12:46:00,146.8000030517578,146.89999389648438,146.72500610351562,146.86000061035156,146.86000061035156,49747
2025-07-14 12:47:00,146.86000061035156,146.91000366210938,146.8000030517578,146.8802032470703,146.8802032470703,35810
2025-07-14 12:48:00,146.88499450683594,146.9355926513672,146.82000732421875,146.82350158691406,146.82350158691406,47103
2025-07-14 12:49:00,146.80999755859375,146.94000244140625,146.74009704589844,146.86659240722656,146.86659240722656,83585
2025-07-14 12:50:00,146.8800048828125,147.05999755859375,146.86000061035156,146.97000122070312,146.97000122070312,106632
2025-07-14 12:51:00,146.9687957763672,147.07000732421875,146.9499969482422,147.00840759277344,147.00840759277344,64676
2025-07-14 12:52:00,147.0,147.0800018310547,146.9499969482422,147.0200958251953,147.0200958251953,58557
2025-07-14 12:53:00,147.01499938964844,147.02999877929688,146.83999633789062,146.8800048828125,146.8800048828125,99340
2025-07-14 12:54:00,146.875,146.88999938964844,146.7100067138672,146.7899932861328,146.7899932861328,95587
2025-07-14 12:55:00,146.7899932861328,146.88999938964844,146.76019287109375,146.87860107421875,146.87860107421875,51232
2025-07-14 12:56:00,146.88999938964844,146.96969604492188,146.860107421875,146.9499969482422,146.9499969482422,61886
2025-07-14 12:57:00,146.9499969482422,146.9499969482422,146.82000732421875,146.8300018310547,146.8300018310547,55866
2025-07-14 12:58:00,146.8300018310547,146.83999633789062,146.67999267578125,146.69580078125,146.69580078125,72874
2025-07-14 12:59:00,146.72000122070312,146.77000427246094,146.6699981689453,146.7552032470703,146.7552032470703,56848
2025-07-14 13:00:00,146.75,146.8699951171875,146.6699981689453,146.85000610351562,146.85000610351562,74080
2025-07-14 13:01:00,146.83999633789062,146.97000122070312,146.83999633789062,146.86000061035156,146.86000061035156,79482
2025-07-14 13:02:00,146.85000610351562,146.8997039794922,146.68499755859375,146.69970703125,146.69970703125,94594
2025-07-14 13:03:00,146.6717071533203,146.7790069580078,146.66000366210938,146.74000549316406,146.74000549316406,52652
2025-07-14 13:04:00,146.75,146.9600067138672,146.72000122070312,146.9600067138672,146.9600067138672,92718
2025-07-14 13:05:00,146.9499969482422,147.0800018310547,146.91000366210938,147.05499267578125,147.05499267578125,147876
2025-07-14 13:06:00,147.05999755859375,147.07000732421875,146.8699951171875,147.02999877929688,147.02999877929688,121237
2025-07-14 13:07:00,147.00999450683594,147.0399932861328,146.91099548339844,147.0,147.0,41212
2025-07-14 13:08:00,146.99000549316406,147.02000427246094,146.97000122070312,147.02000427246094,147.02000427246094,34584
2025-07-14 13:09:00,147.02999877929688,147.15870666503906,147.02000427246094,147.14999389648438,147.14999389648438,147628
2025-07-14 13:10:00,147.16000366210938,147.17120361328125,146.9600067138672,147.0399932861328,147.0399932861328,86746
2025-07-14 13:11:00,147.0404052734375,147.0897979736328,147.00999450683594,147.0399932861328,147.0399932861328,43219
2025-07-14 13:12:00,147.00999450683594,147.0500030517578,146.89999389648438,146.9438934326172,146.9438934326172,72690
2025-07-14 13:13:00,146.9600067138672,146.96560668945312,146.88999938964844,146.92999267578125,146.92999267578125,50667
2025-07-14 13:14:00,146.92979431152344,147.10000610351562,146.91000366210938,147.0428009033203,147.0428009033203,75090
2025-07-14 13:15:00,147.0500030517578,147.1999969482422,147.00030517578125,147.10000610351562,147.10000610351562,120235
2025-07-14 13:16:00,147.125,147.1699981689453,146.9499969482422,147.16000366210938,147.16000366210938,73852
2025-07-14 13:17:00,147.14999389648438,147.24000549316406,147.110107421875,147.17999267578125,147.17999267578125,124587
2025-07-14 13:18:00,147.17930603027344,147.24000549316406,147.14370727539062,147.22999572753906,147.22999572753906,98104
2025-07-14 13:19:00,147.25,147.25999450683594,147.08999633789062,147.1396942138672,147.1396942138672,118527
2025-07-14 13:20:00,147.1396942138672,147.17999267578125,147.07000732421875,147.0800018310547,147.0800018310547,53220
2025-07-14 13:21:00,147.0897979736328,147.15980529785156,147.0500030517578,147.1269989013672,147.1269989013672,60738
2025-07-14 13:22:00,147.11500549316406,147.24000549316406,147.11000061035156,147.19500732421875,147.19500732421875,88634
2025-07-14 13:23:00,147.1855926513672,147.25,147.1466064453125,147.17999267578125,147.17999267578125,68447
2025-07-14 13:24:00,147.1699981689453,147.2100067138672,146.88999938964844,147.05990600585938,147.05990600585938,195659
2025-07-14 13:25:00,147.05039978027344,147.1300048828125,147.02029418945312,147.08999633789062,147.08999633789062,83753
2025-07-14 13:26:00,147.10000610351562,147.14950561523438,147.05999755859375,147.10960388183594,147.10960388183594,77369
2025-07-14 13:27:00,147.0800018310547,147.13980102539062,147.0,147.02999877929688,147.02999877929688,88384
2025-07-14 13:28:00,147.00999450683594,147.01980590820312,146.9196014404297,146.98989868164062,146.98989868164062,79778
2025-07-14 13:29:00,146.97000122070312,147.02969360351562,146.88999938964844,146.90499877929688,146.90499877929688,67026
2025-07-14 13:30:00,146.9197998046875,147.13999938964844,146.8699951171875,147.11000061035156,147.11000061035156,122946
2025-07-14 13:31:00,147.11500549316406,147.4499969482422,147.08009338378906,147.33999633789062,147.33999633789062,307919
2025-07-14 13:32:00,147.35000610351562,147.4499969482422,147.33999633789062,147.4031982421875,147.4031982421875,163447
2025-07-14 13:33:00,147.39999389648438,147.52999877929688,147.2100067138672,147.39999389648438,147.39999389648438,389627
2025-07-14 13:34:00,147.39999389648438,147.60000610351562,147.39999389648438,147.52999877929688,147.52999877929688,217244
2025-07-14 13:35:00,147.5500030517578,147.5500030517578,147.38999938964844,147.50999450683594,147.50999450683594,143953
2025-07-14 13:36:00,147.52000427246094,147.64999389648438,147.5,147.5050048828125,147.5050048828125,282327
2025-07-14 13:37:00,147.5032958984375,147.68800354003906,147.35000610351562,147.60000610351562,147.60000610351562,254573
2025-07-14 13:38:00,147.5800018310547,147.6300048828125,147.50999450683594,147.58999633789062,147.58999633789062,106917
2025-07-14 13:39:00,147.57020568847656,147.59910583496094,147.36500549316406,147.50999450683594,147.50999450683594,157881
2025-07-14 13:40:00,147.52000427246094,147.52000427246094,147.28359985351562,147.39439392089844,147.39439392089844,130316
2025-07-14 13:41:00,147.41000366210938,147.4600067138672,147.36000061035156,147.39999389648438,147.39999389648438,98648
2025-07-14 13:42:00,147.38999938964844,147.58999633789062,147.3800048828125,147.49000549316406,147.49000549316406,290282
2025-07-14 13:43:00,147.48500061035156,147.66000366210938,147.4199981689453,147.50100708007812,147.50100708007812,94911
2025-07-14 13:44:00,147.50999450683594,147.50999450683594,147.3249969482422,147.4600067138672,147.4600067138672,111659
2025-07-14 13:45:00,147.44439697265625,147.52980041503906,147.3699951171875,147.47000122070312,147.47000122070312,67823
2025-07-14 13:46:00,147.47999572753906,147.64999389648438,147.4600067138672,147.6024932861328,147.6024932861328,102415
2025-07-14 13:47:00,147.60000610351562,147.6300048828125,147.4199981689453,147.5,147.5,105493
2025-07-14 13:48:00,147.4949951171875,147.56979370117188,147.39999389648438,147.52499389648438,147.52499389648438,72430
2025-07-14 13:49:00,147.53390502929688,147.58999633789062,147.4499969482422,147.58999633789062,147.58999633789062,79765
2025-07-14 13:50:00,147.56610107421875,147.77000427246094,147.5355987548828,147.6999969482422,147.6999969482422,217556
2025-07-14 13:51:00,147.7100067138672,147.74000549316406,147.64999389648438,147.66000366210938,147.66000366210938,111044
2025-07-14 13:52:00,147.6699981689453,147.75999450683594,147.58999633789062,147.6909942626953,147.6909942626953,124110
2025-07-14 13:53:00,147.69000244140625,147.7238006591797,147.57000732421875,147.58030700683594,147.58030700683594,88957
2025-07-14 13:54:00,147.57000732421875,147.6383056640625,147.57000732421875,147.61000061035156,147.61000061035156,52034
2025-07-14 13:55:00,147.60000610351562,147.64999389648438,147.4600067138672,147.52999877929688,147.52999877929688,119787
2025-07-14 13:56:00,147.52999877929688,147.56500244140625,147.41000366210938,147.45370483398438,147.45370483398438,94205
2025-07-14 13:57:00,147.4600067138672,147.5998992919922,147.44000244140625,147.5800018310547,147.5800018310547,53316
2025-07-14 13:58:00,147.5500030517578,147.5800018310547,147.4600067138672,147.4792938232422,147.4792938232422,59450
2025-07-14 13:59:00,147.47000122070312,147.5800018310547,147.4499969482422,147.47479248046875,147.47479248046875,111193
2025-07-14 14:00:00,147.47000122070312,147.52000427246094,147.4300994873047,147.47000122070312,147.47000122070312,30011
2025-07-14 14:01:00,147.38999938964844,147.5299072265625,147.38999938964844,147.49020385742188,147.49020385742188,135319
2025-07-14 14:02:00,147.47999572753906,147.57980346679688,147.45010375976562,147.4803009033203,147.4803009033203,99405
2025-07-14 14:03:00,147.47999572753906,147.5,147.3800048828125,147.47439575195312,147.47439575195312,96275
2025-07-14 14:04:00,147.47999572753906,147.57000732421875,147.39999389648438,147.39999389648438,147.39999389648438,85150
2025-07-14 14:05:00,147.39999389648438,147.5,147.39920043945312,147.4600067138672,147.4600067138672,50506
2025-07-14 14:06:00,147.47000122070312,147.47000122070312,147.3800048828125,147.45989990234375,147.45989990234375,60642
2025-07-14 14:07:00,147.4499969482422,147.46499633789062,147.3300018310547,147.34559631347656,147.34559631347656,105419
2025-07-14 14:08:00,147.3542022705078,147.3699951171875,147.1999969482422,147.30999755859375,147.30999755859375,138062
2025-07-14 14:09:00,147.30999755859375,147.46910095214844,147.25999450683594,147.41000366210938,147.41000366210938,121455
2025-07-14 14:10:00,147.4199981689453,147.4199981689453,147.25,147.33030700683594,147.33030700683594,69403
2025-07-14 14:11:00,147.32000732421875,147.4199981689453,147.3000946044922,147.31979370117188,147.31979370117188,67126
2025-07-14 14:12:00,147.3000030517578,147.3477020263672,147.2288055419922,147.25,147.25,60663
2025-07-14 14:13:00,147.24000549316406,147.3800048828125,147.1699981689453,147.35009765625,147.35009765625,75791
2025-07-14 14:14:00,147.34010314941406,147.4600067138672,147.33999633789062,147.41009521484375,147.41009521484375,90635
2025-07-14 14:15:00,147.44700622558594,147.5500030517578,147.44700622558594,147.47999572753906,147.47999572753906,77956
2025-07-14 14:16:00,147.46499633789062,147.58999633789062,147.4600067138672,147.47970581054688,147.47970581054688,90225
2025-07-14 14:17:00,147.49000549316406,147.6999969482422,147.466796875,147.59500122070312,147.59500122070312,173521
2025-07-14 14:18:00,147.60499572753906,147.6204071044922,147.52000427246094,147.5200958251953,147.5200958251953,57866
2025-07-14 14:19:00,147.52999877929688,147.5800018310547,147.4499969482422,147.49000549316406,147.49000549316406,122879
2025-07-14 14:20:00,147.48370361328125,147.61990356445312,147.47000122070312,147.61000061035156,147.61000061035156,79540
2025-07-14 14:21:00,147.61000061035156,147.63999938964844,147.5500030517578,147.61000061035156,147.61000061035156,71920
2025-07-14 14:22:00,147.61000061035156,147.69000244140625,147.52999877929688,147.67999267578125,147.67999267578125,84977
2025-07-14 14:23:00,147.6750030517578,147.8000030517578,147.6750030517578,147.75999450683594,147.75999450683594,309641
2025-07-14 14:24:00,147.74009704589844,147.77670288085938,147.5800018310547,147.6300048828125,147.6300048828125,118487
2025-07-14 14:25:00,147.62030029296875,147.72000122070312,147.62030029296875,147.6999969482422,147.6999969482422,68621
2025-07-14 14:26:00,147.69000244140625,147.92999267578125,147.68699645996094,147.8101043701172,147.8101043701172,236970
2025-07-14 14:27:00,147.80999755859375,147.89500427246094,147.77999877929688,147.8300018310547,147.8300018310547,150881
2025-07-14 14:28:00,147.84519958496094,147.92999267578125,147.8101043701172,147.89019775390625,147.89019775390625,88716
2025-07-14 14:29:00,147.89999389648438,148.05499267578125,147.89999389648438,147.97000122070312,147.97000122070312,502329
2025-07-14 14:30:00,147.9792938232422,147.9792938232422,147.83999633789062,147.88999938964844,147.88999938964844,165894
2025-07-14 14:31:00,147.89999389648438,147.92999267578125,147.85000610351562,147.90499877929688,147.90499877929688,98326
2025-07-14 14:32:00,147.91470336914062,148.04730224609375,147.8800048828125,147.92990112304688,147.92990112304688,156063
2025-07-14 14:33:00,147.9199981689453,147.99000549316406,147.83009338378906,147.85009765625,147.85009765625,121528
2025-07-14 14:34:00,147.84219360351562,148.02000427246094,147.83999633789062,147.9149932861328,147.9149932861328,95596
2025-07-14 14:35:00,147.89999389648438,147.93060302734375,147.86000061035156,147.89999389648438,147.89999389648438,58528
2025-07-14 14:36:00,147.9149932861328,147.94000244140625,147.8000030517578,147.8748016357422,147.8748016357422,133709
2025-07-14 14:37:00,147.83999633789062,148.0,147.82000732421875,147.87010192871094,147.87010192871094,102209
2025-07-14 14:38:00,147.889892578125,148.0,147.8800048828125,147.90029907226562,147.90029907226562,97389
2025-07-14 14:39:00,147.92990112304688,147.985107421875,147.85000610351562,147.86990356445312,147.86990356445312,69334
2025-07-14 14:40:00,147.86000061035156,147.9499969482422,147.8563995361328,147.89999389648438,147.89999389648438,51371
2025-07-14 14:41:00,147.90060424804688,148.1199951171875,147.89999389648438,148.0800018310547,148.0800018310547,255593
2025-07-14 14:42:00,148.08990478515625,148.1199951171875,147.97000122070312,148.0749969482422,148.0749969482422,113307
2025-07-14 14:43:00,148.06590270996094,148.0749969482422,147.9600067138672,148.0,148.0,150358
2025-07-14 14:44:00,147.99009704589844,148.00999450683594,147.86019897460938,147.9250030517578,147.9250030517578,122539
2025-07-14 14:45:00,147.9250030517578,148.14999389648438,147.9250030517578,148.07009887695312,148.07009887695312,153538
2025-07-14 14:46:00,148.08970642089844,148.17999267578125,148.0,148.06019592285156,148.06019592285156,161878
2025-07-14 14:47:00,148.05999755859375,148.19000244140625,148.0,148.13999938964844,148.13999938964844,187395
2025-07-14 14:48:00,148.1199951171875,148.1999969482422,148.0850067138672,148.17999267578125,148.17999267578125,151843
2025-07-14 14:49:00,148.16949462890625,148.3699951171875,148.16009521484375,148.3249969482422,148.3249969482422,346121
2025-07-14 14:50:00,148.3300018310547,148.3800048828125,148.22000122070312,148.24989318847656,148.24989318847656,217027
2025-07-14 14:51:00,148.25,148.3000030517578,148.2133026123047,148.2196044921875,148.2196044921875,109435
2025-07-14 14:52:00,148.22000122070312,148.52000427246094,148.2100067138672,148.4010009765625,148.4010009765625,343809
2025-07-14 14:53:00,148.4010009765625,148.49000549316406,148.35499572753906,148.4499969482422,148.4499969482422,191523
2025-07-14 14:54:00,148.4600067138672,148.49000549316406,148.39500427246094,148.42999267578125,148.42999267578125,132573
2025-07-14 14:55:00,148.42999267578125,148.59500122070312,148.40499877929688,148.40499877929688,148.40499877929688,250748
2025-07-14 14:56:00,148.39999389648438,148.47000122070312,148.27000427246094,148.31959533691406,148.31959533691406,299202
2025-07-14 14:57:00,148.30999755859375,148.49000549316406,148.3000030517578,148.47000122070312,148.47000122070312,151861
2025-07-14 14:58:00,148.47340393066406,148.48980712890625,148.22999572753906,148.28990173339844,148.28990173339844,156908
2025-07-14 14:59:00,148.28500366210938,148.3350067138672,148.22999572753906,148.26480102539062,148.26480102539062,118022
2025-07-14 15:00:00,148.27000427246094,148.3800048828125,148.1999969482422,148.2550048828125,148.2550048828125,144787
2025-07-14 15:01:00,148.25,148.2899932861328,148.11000061035156,148.22999572753906,148.22999572753906,180063
2025-07-14 15:02:00,148.2299041748047,148.4499969482422,148.22030639648438,148.4499969482422,148.4499969482422,228907
2025-07-14 15:03:00,148.43499755859375,148.45989990234375,148.32000732421875,148.36000061035156,148.36000061035156,97818
2025-07-14 15:04:00,148.35479736328125,148.5399932861328,148.22019958496094,148.5399932861328,148.5399932861328,186265
2025-07-14 15:05:00,148.50999450683594,148.63999938964844,148.38999938964844,148.52000427246094,148.52000427246094,235878
2025-07-14 15:06:00,148.5299072265625,148.57760620117188,148.40029907226562,148.4149932861328,148.4149932861328,161785
2025-07-14 15:07:00,148.4197998046875,148.52000427246094,148.39999389648438,148.47999572753906,148.47999572753906,130120
2025-07-14 15:08:00,148.47000122070312,148.55999755859375,148.41000366210938,148.4199981689453,148.4199981689453,139642
2025-07-14 15:09:00,148.4199981689453,148.5,148.33999633789062,148.47000122070312,148.47000122070312,94851
2025-07-14 15:10:00,148.4550018310547,148.5998992919922,148.37399291992188,148.38999938964844,148.38999938964844,184262
2025-07-14 15:11:00,148.41990661621094,148.47999572753906,148.3699951171875,148.44000244140625,148.44000244140625,57971
2025-07-14 15:12:00,148.44000244140625,148.47999572753906,148.351806640625,148.39999389648438,148.39999389648438,84900
2025-07-14 15:13:00,148.3997039794922,148.3997039794922,148.24000549316406,148.33999633789062,148.33999633789062,173084
2025-07-14 15:14:00,148.33999633789062,148.3415069580078,148.24000549316406,148.2899932861328,148.2899932861328,86498
2025-07-14 15:15:00,148.28529357910156,148.5,148.28529357910156,148.3802947998047,148.3802947998047,129215
2025-07-14 15:16:00,148.39039611816406,148.47979736328125,148.33200073242188,148.41000366210938,148.41000366210938,100753
2025-07-14 15:17:00,148.4149932861328,148.44000244140625,148.28660583496094,148.32899475097656,148.32899475097656,96976
2025-07-14 15:18:00,148.32530212402344,148.42999267578125,148.32000732421875,148.40499877929688,148.40499877929688,78028
2025-07-14 15:19:00,148.37030029296875,148.4600067138672,148.35000610351562,148.40499877929688,148.40499877929688,83118
2025-07-14 15:20:00,148.41000366210938,148.66000366210938,148.41000366210938,148.56979370117188,148.56979370117188,277653
2025-07-14 15:21:00,148.57000732421875,148.5800018310547,148.39999389648438,148.5,148.5,129771
2025-07-14 15:22:00,148.49000549316406,148.5500030517578,148.3800048828125,148.5449981689453,148.5449981689453,103806
2025-07-14 15:23:00,148.54519653320312,148.57000732421875,148.3300018310547,148.33470153808594,148.33470153808594,142331
2025-07-14 15:24:00,148.33009338378906,148.41000366210938,148.24000549316406,148.3699951171875,148.3699951171875,127788
2025-07-14 15:25:00,148.38999938964844,148.5800018310547,148.36000061035156,148.55479431152344,148.55479431152344,160905
2025-07-14 15:26:00,148.55999755859375,148.64999389648438,148.5,148.52000427246094,148.52000427246094,156172
2025-07-14 15:27:00,148.52999877929688,148.5800018310547,148.4600067138672,148.57000732421875,148.57000732421875,112166
2025-07-14 15:28:00,148.5749969482422,148.60000610351562,148.47999572753906,148.52999877929688,148.52999877929688,138435
2025-07-14 15:29:00,148.52499389648438,148.52999877929688,148.39999389648438,148.52499389648438,148.52499389648438,119138
2025-07-14 15:30:00,148.52000427246094,148.52999877929688,148.39999389648438,148.49000549316406,148.49000549316406,105014
2025-07-14 15:31:00,148.4949951171875,148.63070678710938,148.48989868164062,148.5800018310547,148.5800018310547,135140
2025-07-14 15:32:00,148.58999633789062,148.75,148.5800018310547,148.7301025390625,148.7301025390625,241757
2025-07-14 15:33:00,148.75,148.82000732421875,148.57000732421875,148.6999969482422,148.6999969482422,226048
2025-07-14 15:34:00,148.6999969482422,148.92999267578125,148.6699981689453,148.88710021972656,148.88710021972656,302159
2025-07-14 15:35:00,148.88999938964844,149.10000610351562,148.86000061035156,149.07980346679688,149.07980346679688,485600
2025-07-14 15:36:00,149.07000732421875,149.1999969482422,149.02999877929688,149.1199951171875,149.1199951171875,397331
2025-07-14 15:37:00,149.110107421875,149.24000549316406,149.00999450683594,149.0811004638672,149.0811004638672,307935
2025-07-14 15:38:00,149.0800018310547,149.16000366210938,149.0,149.11720275878906,149.11720275878906,254251
2025-07-14 15:39:00,149.1199951171875,149.1699981689453,149.07989501953125,149.13499450683594,149.13499450683594,164657
2025-07-14 15:40:00,149.12530517578125,149.27999877929688,149.07000732421875,149.2198944091797,149.2198944091797,231630
2025-07-14 15:41:00,149.21499633789062,149.32000732421875,148.94000244140625,149.02699279785156,149.02699279785156,328542
2025-07-14 15:42:00,149.02999877929688,149.08990478515625,148.9696044921875,149.0299072265625,149.0299072265625,232454
2025-07-14 15:43:00,149.01019287109375,149.13999938964844,148.9499969482422,149.0800018310547,149.0800018310547,184417
2025-07-14 15:44:00,149.08999633789062,149.2899932861328,149.08999633789062,149.27000427246094,149.27000427246094,246971
2025-07-14 15:45:00,149.2595977783203,149.2949981689453,149.10000610351562,149.10000610351562,149.10000610351562,284995
2025-07-14 15:46:00,149.11000061035156,149.1999969482422,149.02999877929688,149.1649932861328,149.1649932861328,206823
2025-07-14 15:47:00,149.1649932861328,149.36000061035156,149.1295928955078,149.32989501953125,149.32989501953125,294481
2025-07-14 15:48:00,149.32000732421875,149.4698944091797,149.19000244140625,149.1999969482422,149.1999969482422,316858
2025-07-14 15:49:00,149.19000244140625,149.22999572753906,149.12010192871094,149.2050018310547,149.2050018310547,205630
2025-07-14 15:50:00,149.19000244140625,149.44700622558594,149.1699981689453,149.41000366210938,149.41000366210938,302278
2025-07-14 15:51:00,149.4199981689453,149.42999267578125,149.27999877929688,149.38999938964844,149.38999938964844,245505
2025-07-14 15:52:00,149.38999938964844,149.52999877929688,149.3699951171875,149.4600067138672,149.4600067138672,452920
2025-07-14 15:53:00,149.44000244140625,149.5749969482422,149.39999389648438,149.5447998046875,149.5447998046875,289374
2025-07-14 15:54:00,149.5500030517578,149.57000732421875,149.3300018310547,149.3800048828125,149.3800048828125,360018
2025-07-14 15:55:00,149.3699951171875,149.38980102539062,148.75999450683594,148.99000549316406,148.99000549316406,691251
2025-07-14 15:56:00,148.9949951171875,149.11990356445312,148.91720581054688,149.0449981689453,149.0449981689453,354866
2025-07-14 15:57:00,149.0500030517578,149.15499877929688,148.94009399414062,149.13499450683594,149.13499450683594,428898
2025-07-14 15:58:00,149.13499450683594,149.17999267578125,149.1199951171875,149.16000366210938,149.16000366210938,333592
2025-07-14 15:59:00,149.16000366210938,149.27000427246094,149.08999633789062,149.1699981689453,149.1699981689453,668789
2025-07-15 00:00:00,148.92999267578125,150.6199951171875,147.36000061035156,148.5800018310547,148.5800018310547,59126200
2025-07-15 09:30:00,148.9600067138672,149.99000549316406,148.66000366210938,149.6199951171875,149.6199951171875,3352236
2025-07-15 09:31:00,149.6300048828125,149.77999877929688,147.72000122070312,148.2100067138672,148.2100067138672,998311
2025-07-15 09:32:00,148.20989990234375,148.56719970703125,147.97999572753906,148.47999572753906,148.47999572753906,600335
2025-07-15 09:33:00,148.4600067138672,148.89999389648438,148.41000366210938,148.80999755859375,148.80999755859375,392447
2025-07-15 09:34:00,148.72000122070312,149.0489959716797,148.13999938964844,148.38259887695312,148.38259887695312,450690
2025-07-15 09:35:00,148.4199981689453,148.75,148.24330139160156,148.57000732421875,148.57000732421875,352245
2025-07-15 09:36:00,148.57000732421875,148.75999450683594,148.36000061035156,148.50999450683594,148.50999450683594,297102
2025-07-15 09:37:00,148.52999877929688,148.60000610351562,147.80999755859375,147.85000610351562,147.85000610351562,455434
2025-07-15 09:38:00,147.8498992919922,148.3300018310547,147.75,148.1199951171875,148.1199951171875,375343
2025-07-15 09:39:00,148.1239013671875,148.30999755859375,147.8800048828125,148.2899932861328,148.2899932861328,292432
2025-07-15 09:40:00,148.2899932861328,148.3300018310547,147.57000732421875,147.7100067138672,147.7100067138672,452807
2025-07-15 09:41:00,147.7541046142578,148.05999755859375,147.360107421875,148.02000427246094,148.02000427246094,489328
2025-07-15 09:42:00,148.0240936279297,148.19000244140625,147.77000427246094,148.0800018310547,148.0800018310547,302114
2025-07-15 09:43:00,148.10000610351562,148.1396026611328,147.72000122070312,147.94970703125,147.94970703125,255511
2025-07-15 09:44:00,147.93919372558594,148.29989624023438,147.82989501953125,148.13070678710938,148.13070678710938,256084
2025-07-15 09:45:00,148.14999389648438,148.67080688476562,148.14999389648438,148.43179321289062,148.43179321289062,410142
2025-07-15 09:46:00,148.4499969482422,148.52000427246094,148.1748046875,148.33799743652344,148.33799743652344,239459
2025-07-15 09:47:00,148.34730529785156,148.39999389648438,148.05450439453125,148.19000244140625,148.19000244140625,213842
2025-07-15 09:48:00,148.1999053955078,148.7899932861328,148.16029357910156,148.7136993408203,148.7136993408203,249455
2025-07-15 09:49:00,148.72630310058594,148.80999755859375,148.60000610351562,148.6490936279297,148.6490936279297,311922
2025-07-15 09:50:00,148.6156005859375,148.9600067138672,148.35000610351562,148.9199981689453,148.9199981689453,270198
2025-07-15 09:51:00,148.92999267578125,148.95989990234375,148.6999969482422,148.86000061035156,148.86000061035156,232546
2025-07-15 09:52:00,148.85000610351562,148.94000244140625,148.64999389648438,148.66110229492188,148.66110229492188,262818
2025-07-15 09:53:00,148.67999267578125,149.1300048828125,148.53610229492188,148.93899536132812,148.93899536132812,361507
2025-07-15 09:54:00,148.92999267578125,149.36000061035156,148.77000427246094,149.32009887695312,149.32009887695312,356381
2025-07-15 09:55:00,149.36000061035156,149.3699951171875,148.7899932861328,148.8300018310547,148.8300018310547,322451
2025-07-15 09:56:00,148.85000610351562,149.0500030517578,148.8300018310547,148.9600067138672,148.9600067138672,225728
2025-07-15 09:57:00,148.92050170898438,149.33999633789062,148.8699951171875,149.28500366210938,149.28500366210938,274914
2025-07-15 09:58:00,149.2899932861328,149.3300018310547,149.08999633789062,149.19920349121094,149.19920349121094,243158
2025-07-15 09:59:00,149.21400451660156,149.3699951171875,149.00999450683594,149.3596954345703,149.3596954345703,269975
2025-07-15 10:00:00,149.36500549316406,149.47000122070312,149.0500030517578,149.279296875,149.279296875,393478
2025-07-15 10:01:00,149.32000732421875,149.33970642089844,149.05999755859375,149.17999267578125,149.17999267578125,289768
2025-07-15 10:02:00,149.17999267578125,149.57000732421875,149.17430114746094,149.2554931640625,149.2554931640625,328490
2025-07-15 10:03:00,149.27000427246094,149.27000427246094,148.87030029296875,148.93499755859375,148.93499755859375,261456
2025-07-15 10:04:00,148.951904296875,149.08999633789062,148.83009338378906,149.0850067138672,149.0850067138672,155584
2025-07-15 10:05:00,149.14979553222656,149.64950561523438,149.11000061035156,149.6343994140625,149.6343994140625,309793
2025-07-15 10:06:00,149.6199951171875,149.77960205078125,149.42039489746094,149.6466064453125,149.6466064453125,271207
2025-07-15 10:07:00,149.65440368652344,150.1300048828125,149.60000610351562,149.85040283203125,149.85040283203125,1071932
2025-07-15 10:08:00,149.83030700683594,149.99000549316406,149.60000610351562,149.92999267578125,149.92999267578125,419720
2025-07-15 10:09:00,149.92080688476562,150.05999755859375,149.82020568847656,149.9541015625,149.9541015625,406905
2025-07-15 10:10:00,149.95249938964844,149.9705047607422,149.72000122070312,149.7803955078125,149.7803955078125,235503
2025-07-15 10:11:00,149.82000732421875,150.4376983642578,149.72000122070312,150.42999267578125,150.42999267578125,478785
2025-07-15 10:12:00,150.4398956298828,150.57000732421875,150.1999969482422,150.32440185546875,150.32440185546875,496006
2025-07-15 10:13:00,150.33450317382812,150.398193359375,150.14999389648438,150.25,150.25,295039
2025-07-15 10:14:00,150.25999450683594,150.27960205078125,149.94000244140625,150.08999633789062,150.08999633789062,285972
2025-07-15 10:15:00,150.07000732421875,150.32080078125,150.02999877929688,150.22970581054688,150.22970581054688,251409
2025-07-15 10:16:00,150.22999572753906,150.22999572753906,149.64999389648438,149.74000549316406,149.74000549316406,338384
2025-07-15 10:17:00,149.75,149.8000030517578,149.52699279785156,149.7100067138672,149.7100067138672,277110
2025-07-15 10:18:00,149.7050018310547,150.17999267578125,149.64549255371094,150.07000732421875,150.07000732421875,240028
2025-07-15 10:19:00,150.0800018310547,150.08560180664062,149.4499969482422,149.69000244140625,149.69000244140625,427112
2025-07-15 10:20:00,149.67999267578125,149.78500366210938,149.4600067138672,149.78500366210938,149.78500366210938,245078
2025-07-15 10:21:00,149.78500366210938,149.93499755859375,149.69000244140625,149.80929565429688,149.80929565429688,188292
2025-07-15 10:22:00,149.8000030517578,150.14999389648438,149.7100067138672,149.80999755859375,149.80999755859375,288982
2025-07-15 10:23:00,149.8000030517578,150.05999755859375,149.75,150.0166015625,150.0166015625,232536
2025-07-15 10:24:00,150.0155029296875,150.10000610351562,149.80999755859375,149.86000061035156,149.86000061035156,187387
2025-07-15 10:25:00,149.85000610351562,149.99000549316406,149.6208038330078,149.64999389648438,149.64999389648438,223582
2025-07-15 10:26:00,149.67999267578125,149.97000122070312,149.66000366210938,149.9149932861328,149.9149932861328,156318
2025-07-15 10:27:00,149.91000366210938,150.22999572753906,149.91000366210938,150.06500244140625,150.06500244140625,327711
2025-07-15 10:28:00,150.07000732421875,150.6199951171875,150.0399932861328,150.47000122070312,150.47000122070312,442261
2025-07-15 10:29:00,150.48770141601562,150.6132049560547,150.3813018798828,150.44009399414062,150.44009399414062,242719
2025-07-15 10:30:00,150.44000244140625,150.52999877929688,150.1614990234375,150.24000549316406,150.24000549316406,254753
2025-07-15 10:31:00,150.24000549316406,150.35000610351562,150.08670043945312,150.1199951171875,150.1199951171875,209837
2025-07-15 10:32:00,150.1300048828125,150.25,149.9499969482422,149.99989318847656,149.99989318847656,205855
2025-07-15 10:33:00,149.97000122070312,150.47000122070312,149.96499633789062,150.33009338378906,150.33009338378906,395502
2025-07-15 10:34:00,150.33999633789062,150.58999633789062,150.19009399414062,150.2100067138672,150.2100067138672,235309
2025-07-15 10:35:00,150.1999969482422,150.33999633789062,150.14999389648438,150.27499389648438,150.27499389648438,192223
2025-07-15 10:36:00,150.27450561523438,150.2899932861328,149.82009887695312,150.11990356445312,150.11990356445312,371753
2025-07-15 10:37:00,150.10499572753906,150.42999267578125,150.0399932861328,150.3699951171875,150.3699951171875,221134
2025-07-15 10:38:00,150.36900329589844,150.3800048828125,150.0800018310547,150.19070434570312,150.19070434570312,111815
2025-07-15 10:39:00,150.1999969482422,150.27969360351562,150.00999450683594,150.0399932861328,150.0399932861328,130904
2025-07-15 10:40:00,150.03500366210938,150.03500366210938,149.7100067138672,149.78160095214844,149.78160095214844,290989
2025-07-15 10:41:00,149.77999877929688,150.0500030517578,149.71499633789062,149.94979858398438,149.94979858398438,171667
2025-07-15 10:42:00,149.92919921875,149.9600067138672,149.77999877929688,149.8350067138672,149.8350067138672,128106
2025-07-15 10:43:00,149.84500122070312,149.9199981689453,149.5,149.52999877929688,149.52999877929688,227884
2025-07-15 10:44:00,149.52000427246094,149.6199951171875,149.30999755859375,149.4600067138672,149.4600067138672,327772
2025-07-15 10:45:00,149.42999267578125,149.5,149.2899932861328,149.3350067138672,149.3350067138672,231084
2025-07-15 10:46:00,149.32000732421875,149.5699005126953,149.30999755859375,149.44439697265625,149.44439697265625,164961
2025-07-15 10:47:00,149.4600067138672,149.63999938964844,149.41000366210938,149.46499633789062,149.46499633789062,214903
2025-07-15 10:48:00,149.4600067138672,149.8000030517578,149.4600067138672,149.76499938964844,149.76499938964844,181856
2025-07-15 10:49:00,149.77639770507812,150.02000427246094,149.70010375976562,149.9600067138672,149.9600067138672,223750
2025-07-15 10:50:00,149.95010375976562,149.97999572753906,149.72999572753906,149.76499938964844,149.76499938964844,135932
2025-07-15 10:51:00,149.77999877929688,149.89999389648438,149.68499755859375,149.70249938964844,149.70249938964844,109149
2025-07-15 10:52:00,149.69970703125,149.7593994140625,149.52999877929688,149.7100067138672,149.7100067138672,185537
2025-07-15 10:53:00,149.69000244140625,150.00999450683594,149.69000244140625,149.97059631347656,149.97059631347656,219792
2025-07-15 10:54:00,149.99000549316406,150.04989624023438,149.75,150.03500366210938,150.03500366210938,219151
2025-07-15 10:55:00,150.0207061767578,150.0800018310547,149.85699462890625,149.89999389648438,149.89999389648438,108999
2025-07-15 10:56:00,149.8800048828125,149.8800048828125,149.64999389648438,149.789794921875,149.789794921875,169736
2025-07-15 10:57:00,149.77999877929688,149.87550354003906,149.52999877929688,149.60000610351562,149.60000610351562,129124
2025-07-15 10:58:00,149.60499572753906,149.6295928955078,149.44000244140625,149.52679443359375,149.52679443359375,149522
2025-07-15 10:59:00,149.50999450683594,149.5988006591797,149.44000244140625,149.49000549316406,149.49000549316406,106946
2025-07-15 11:00:00,149.52000427246094,149.58999633789062,149.4302978515625,149.5449981689453,149.5449981689453,110278
2025-07-15 11:01:00,149.55999755859375,150.1999969482422,149.5583038330078,150.15989685058594,150.15989685058594,229877
2025-07-15 11:02:00,150.16000366210938,150.2899932861328,149.9801025390625,150.17999267578125,150.17999267578125,271033
2025-07-15 11:03:00,150.19000244140625,150.197998046875,149.89999389648438,149.92019653320312,149.92019653320312,156724
2025-07-15 11:04:00,149.94500732421875,150.05499267578125,149.92750549316406,149.97500610351562,149.97500610351562,68484
2025-07-15 11:05:00,149.99000549316406,150.08999633789062,149.94500732421875,150.02999877929688,150.02999877929688,102385
2025-07-15 11:06:00,150.0399932861328,150.05999755859375,149.91000366210938,149.9199981689453,149.9199981689453,73769
2025-07-15 11:07:00,149.90040588378906,150.05999755859375,149.86000061035156,149.96560668945312,149.96560668945312,101635
2025-07-15 11:08:00,149.9600067138672,149.9600067138672,149.75999450683594,149.8800048828125,149.8800048828125,119235
2025-07-15 11:09:00,149.8762969970703,149.8762969970703,149.64999389648438,149.77040100097656,149.77040100097656,104399
2025-07-15 11:10:00,149.77000427246094,149.8300018310547,149.67999267578125,149.7449951171875,149.7449951171875,70561
2025-07-15 11:11:00,149.72999572753906,149.80990600585938,149.6699981689453,149.75999450683594,149.75999450683594,72268
2025-07-15 11:12:00,149.75999450683594,149.94000244140625,149.7550048828125,149.92999267578125,149.92999267578125,71826
2025-07-15 11:13:00,149.91810607910156,149.9499969482422,149.80999755859375,149.82000732421875,149.82000732421875,80623
2025-07-15 11:14:00,149.8000030517578,149.8000030517578,149.33999633789062,149.47000122070312,149.47000122070312,228530
2025-07-15 11:15:00,149.47000122070312,149.61880493164062,149.41000366210938,149.55999755859375,149.55999755859375,113674
2025-07-15 11:16:00,149.55999755859375,149.60000610351562,149.36000061035156,149.4600067138672,149.4600067138672,153720
2025-07-15 11:17:00,149.47000122070312,149.5511932373047,149.42999267578125,149.54029846191406,149.54029846191406,73793
2025-07-15 11:18:00,149.52000427246094,149.6999969482422,149.41000366210938,149.66729736328125,149.66729736328125,114814
2025-07-15 11:19:00,149.6750030517578,149.6750030517578,149.52999877929688,149.57449340820312,149.57449340820312,59866
2025-07-15 11:20:00,149.56500244140625,149.66439819335938,149.50999450683594,149.52999877929688,149.52999877929688,110342
2025-07-15 11:21:00,149.53329467773438,149.6284942626953,149.47000122070312,149.61000061035156,149.61000061035156,85853
2025-07-15 11:22:00,149.61680603027344,149.78970336914062,149.61680603027344,149.67999267578125,149.67999267578125,93065
2025-07-15 11:23:00,149.64999389648438,149.92999267578125,149.6300048828125,149.91000366210938,149.91000366210938,163949
2025-07-15 11:24:00,149.88009643554688,149.9600067138672,149.66439819335938,149.66439819335938,149.66439819335938,102536
2025-07-15 11:25:00,149.6699981689453,149.7100067138672,149.41000366210938,149.4199981689453,149.4199981689453,124807
2025-07-15 11:26:00,149.4199981689453,149.5800018310547,149.22000122070312,149.32000732421875,149.32000732421875,279140
2025-07-15 11:27:00,149.3000030517578,149.38999938964844,149.24000549316406,149.3350067138672,149.3350067138672,140740
2025-07-15 11:28:00,149.33999633789062,149.3903045654297,149.25999450683594,149.389892578125,149.389892578125,79526
2025-07-15 11:29:00,149.37989807128906,149.6199951171875,149.3699951171875,149.56689453125,149.56689453125,131432
2025-07-15 11:30:00,149.57000732421875,149.58970642089844,149.3300018310547,149.36000061035156,149.36000061035156,117471
2025-07-15 11:31:00,149.35499572753906,149.35499572753906,148.89999389648438,148.89999389648438,148.89999389648438,282083
2025-07-15 11:32:00,148.92999267578125,149.14999389648438,148.90499877929688,149.1190948486328,149.1190948486328,146200
2025-07-15 11:33:00,149.10000610351562,149.32000732421875,149.0800018310547,149.3000030517578,149.3000030517578,126223
2025-07-15 11:34:00,149.3000030517578,149.4600067138672,149.24229431152344,149.36000061035156,149.36000061035156,124476
2025-07-15 11:35:00,149.3719024658203,149.38999938964844,149.22999572753906,149.26849365234375,149.26849365234375,89954
2025-07-15 11:36:00,149.2899932861328,149.3300018310547,149.13999938964844,149.17999267578125,149.17999267578125,124504
2025-07-15 11:37:00,149.17999267578125,149.3000030517578,149.0800018310547,149.2958984375,149.2958984375,109102
2025-07-15 11:38:00,149.2888946533203,149.42449951171875,149.27999877929688,149.3699951171875,149.3699951171875,117743
2025-07-15 11:39:00,149.3800048828125,149.5677947998047,149.33999633789062,149.52000427246094,149.52000427246094,91606
2025-07-15 11:40:00,149.52040100097656,149.57000732421875,149.3701934814453,149.42990112304688,149.42990112304688,54737
2025-07-15 11:41:00,149.42999267578125,149.6699981689453,149.36990356445312,149.5800018310547,149.5800018310547,135031
2025-07-15 11:42:00,149.58999633789062,149.6699981689453,149.52999877929688,149.57000732421875,149.57000732421875,80980
2025-07-15 11:43:00,149.55999755859375,149.67999267578125,149.53709411621094,149.55999755859375,149.55999755859375,45647
2025-07-15 11:44:00,149.55999755859375,149.5644989013672,149.3800048828125,149.4250030517578,149.4250030517578,72595
2025-07-15 11:45:00,149.42019653320312,149.60499572753906,149.39999389648438,149.5865020751953,149.5865020751953,79523
2025-07-15 11:46:00,149.6199951171875,149.75,149.60549926757812,149.72000122070312,149.72000122070312,109730
2025-07-15 11:47:00,149.7100067138672,149.77000427246094,149.61000061035156,149.77000427246094,149.77000427246094,88552
2025-07-15 11:48:00,149.78070068359375,149.88999938964844,149.7301025390625,149.74000549316406,149.74000549316406,124475
2025-07-15 11:49:00,149.75,149.75999450683594,149.64999389648438,149.7364044189453,149.7364044189453,54547
2025-07-15 11:50:00,149.71670532226562,149.8000030517578,149.610107421875,149.73989868164062,149.73989868164062,46064
2025-07-15 11:51:00,149.73629760742188,149.7510986328125,149.5399932861328,149.54010009765625,149.54010009765625,67585
2025-07-15 11:52:00,149.55999755859375,149.63999938964844,149.49000549316406,149.61000061035156,149.61000061035156,79036
2025-07-15 11:53:00,149.61000061035156,149.7198944091797,149.5800018310547,149.6999053955078,149.6999053955078,92895
2025-07-15 11:54:00,149.68499755859375,149.75,149.6699981689453,149.6699981689453,149.6699981689453,53502
2025-07-15 11:55:00,149.64999389648438,149.6999969482422,149.55999755859375,149.6999969482422,149.6999969482422,74222
2025-07-15 11:56:00,149.7100067138672,149.94000244140625,149.67999267578125,149.86279296875,149.86279296875,101745
2025-07-15 11:57:00,149.86000061035156,149.8699951171875,149.72000122070312,149.77000427246094,149.77000427246094,57827
2025-07-15 11:58:00,149.75999450683594,149.7899932861328,149.66000366210938,149.72999572753906,149.72999572753906,59948
2025-07-15 11:59:00,149.73500061035156,149.83009338378906,149.6699981689453,149.76950073242188,149.76950073242188,41613
2025-07-15 12:00:00,149.75100708007812,149.82000732421875,149.57000732421875,149.625,149.625,83380
2025-07-15 12:03:00,149.63999938964844,149.73550415039062,149.63999938964844,149.71009826660156,149.71009826660156,189254
2025-07-15 12:04:00,149.72500610351562,149.8000030517578,149.69000244140625,149.72000122070312,149.72000122070312,96876
2025-07-15 12:05:00,149.7261962890625,149.73500061035156,149.47999572753906,149.50680541992188,149.50680541992188,50921
2025-07-15 12:06:00,149.50770568847656,149.7012939453125,149.50770568847656,149.6649932861328,149.6649932861328,60896
2025-07-15 12:07:00,149.66000366210938,149.72999572753906,149.35000610351562,149.42080688476562,149.42080688476562,68119
2025-07-15 12:08:00,149.42559814453125,149.42649841308594,149.1750030517578,149.25999450683594,149.25999450683594,141456
2025-07-15 12:09:00,149.2449951171875,149.3300018310547,149.1699981689453,149.26649475097656,149.26649475097656,76956
2025-07-15 12:10:00,149.25,149.39999389648438,149.22999572753906,149.3699951171875,149.3699951171875,70325
2025-07-15 12:11:00,149.36000061035156,149.43600463867188,149.25,149.32000732421875,149.32000732421875,94801
2025-07-15 12:12:00,149.3350067138672,149.3800048828125,149.22000122070312,149.27999877929688,149.27999877929688,89362
2025-07-15 12:13:00,149.28500366210938,149.3300018310547,149.09030151367188,149.1300048828125,149.1300048828125,109087
2025-07-15 12:14:00,149.13999938964844,149.1595001220703,148.89999389648438,149.0198974609375,149.0198974609375,137579
2025-07-15 12:15:00,148.99000549316406,149.0,148.77000427246094,148.8350067138672,148.8350067138672,128802
2025-07-15 12:16:00,148.83999633789062,148.90899658203125,148.75,148.83070373535156,148.83070373535156,128799
2025-07-15 12:17:00,148.84500122070312,148.88999938964844,148.67999267578125,148.8249969482422,148.8249969482422,111520
2025-07-15 12:18:00,148.8300018310547,148.88999938964844,148.6999969482422,148.75,148.75,105921
2025-07-15 12:19:00,148.7447967529297,148.90989685058594,148.72999572753906,148.83999633789062,148.83999633789062,72747
2025-07-15 12:20:00,148.8699951171875,149.02999877929688,148.77000427246094,149.00999450683594,149.00999450683594,118024
2025-07-15 12:21:00,149.00979614257812,149.0399932861328,148.85000610351562,148.97500610351562,148.97500610351562,88319
2025-07-15 12:22:00,148.97500610351562,148.99000549316406,148.8300018310547,148.84500122070312,148.84500122070312,60048
2025-07-15 12:23:00,148.8491973876953,148.89999389648438,148.71060180664062,148.82000732421875,148.82000732421875,103389
2025-07-15 12:24:00,148.82960510253906,148.94000244140625,148.77999877929688,148.9095001220703,148.9095001220703,74918
2025-07-15 12:25:00,148.88999938964844,149.0126953125,148.8553009033203,149.0126953125,149.0126953125,70801
2025-07-15 12:26:00,149.0050048828125,149.02520751953125,148.9199981689453,148.99000549316406,148.99000549316406,66119
2025-07-15 12:27:00,149.02000427246094,149.02000427246094,148.9199981689453,148.98500061035156,148.98500061035156,42640
2025-07-15 12:28:00,149.0,149.10000610351562,148.9499969482422,148.96080017089844,148.96080017089844,75204
2025-07-15 12:29:00,148.9600067138672,148.97000122070312,148.7803955078125,148.7803955078125,148.7803955078125,104691
2025-07-15 12:30:00,148.77999877929688,148.9600067138672,148.77000427246094,148.90060424804688,148.90060424804688,71783
2025-07-15 12:31:00,148.89999389648438,149.0,148.83999633789062,148.85000610351562,148.85000610351562,57068
2025-07-15 12:32:00,148.8699951171875,148.91000366210938,148.8000030517578,148.89990234375,148.89990234375,62344
2025-07-15 12:33:00,148.89999389648438,148.89999389648438,148.80999755859375,148.80999755859375,148.80999755859375,38266
2025-07-15 12:34:00,148.8000030517578,148.83059692382812,148.66000366210938,148.66000366210938,148.66000366210938,82401
2025-07-15 12:35:00,148.6699981689453,148.74989318847656,148.63360595703125,148.64999389648438,148.64999389648438,99504
2025-07-15 12:36:00,148.65969848632812,148.69000244140625,148.5540008544922,148.63999938964844,148.63999938964844,128402
2025-07-15 12:37:00,148.6300048828125,148.69000244140625,148.51519775390625,148.52000427246094,148.52000427246094,90176
2025-07-15 12:38:00,148.52000427246094,148.72970581054688,148.43499755859375,148.7100067138672,148.7100067138672,135986
2025-07-15 12:39:00,148.72030639648438,148.72039794921875,148.5644989013672,148.66439819335938,148.66439819335938,78241
2025-07-15 12:40:00,148.6699981689453,148.7498016357422,148.42999267578125,148.50230407714844,148.50230407714844,90196
2025-07-15 12:41:00,148.47999572753906,148.61000061035156,148.47000122070312,148.60049438476562,148.60049438476562,70402
2025-07-15 12:42:00,148.6199951171875,148.80979919433594,148.6199951171875,148.6999969482422,148.6999969482422,85477
2025-07-15 12:43:00,148.72000122070312,148.8209991455078,148.71009826660156,148.74000549316406,148.74000549316406,70102
2025-07-15 12:44:00,148.72999572753906,148.92120361328125,148.72000122070312,148.875,148.875,98893
2025-07-15 12:45:00,148.8699951171875,148.91000366210938,148.77000427246094,148.83999633789062,148.83999633789062,76284
2025-07-15 12:46:00,148.85000610351562,148.97000122070312,148.85000610351562,148.91000366210938,148.91000366210938,87531
2025-07-15 12:47:00,148.92959594726562,149.0749969482422,148.9199981689453,148.9407958984375,148.9407958984375,112622
2025-07-15 12:48:00,148.93499755859375,149.0800018310547,148.89999389648438,148.97039794921875,148.97039794921875,95683
2025-07-15 12:49:00,148.97999572753906,149.00999450683594,148.8800048828125,148.8800048828125,148.8800048828125,51144
2025-07-15 12:50:00,148.927001953125,148.9799041748047,148.8800048828125,148.91140747070312,148.91140747070312,84451
2025-07-15 12:51:00,148.89999389648438,148.92559814453125,148.6999969482422,148.74000549316406,148.74000549316406,75389
2025-07-15 12:52:00,148.72999572753906,148.78990173339844,148.64999389648438,148.72970581054688,148.72970581054688,91484
2025-07-15 12:53:00,148.71499633789062,148.75,148.6300048828125,148.7301025390625,148.7301025390625,61628
2025-07-15 12:54:00,148.74000549316406,148.77999877929688,148.64999389648438,148.7115020751953,148.7115020751953,64329
2025-07-15 12:55:00,148.7252960205078,148.7303924560547,148.63999938964844,148.66009521484375,148.66009521484375,35424
2025-07-15 12:56:00,148.69000244140625,148.70339965820312,148.4499969482422,148.470703125,148.470703125,111346
2025-07-15 12:57:00,148.4600067138672,148.4600067138672,147.97000122070312,148.10000610351562,148.10000610351562,250275
2025-07-15 12:58:00,148.08999633789062,148.38999938964844,148.07000732421875,148.35000610351562,148.35000610351562,144715
2025-07-15 12:59:00,148.3302001953125,148.48989868164062,148.27040100097656,148.41000366210938,148.41000366210938,77278
2025-07-15 13:00:00,148.41000366210938,148.6699981689453,148.41000366210938,148.64500427246094,148.64500427246094,112828
2025-07-15 13:01:00,148.6363067626953,148.64500427246094,148.44000244140625,148.56500244140625,148.56500244140625,70341
2025-07-15 13:02:00,148.5644073486328,148.66000366210938,148.50999450683594,148.6051025390625,148.6051025390625,61944
2025-07-15 13:03:00,148.60499572753906,148.64999389648438,148.5449981689453,148.5800018310547,148.5800018310547,45298
2025-07-15 13:04:00,148.57000732421875,148.66990661621094,148.52999877929688,148.65020751953125,148.65020751953125,68082
2025-07-15 13:05:00,148.66000366210938,148.77999877929688,148.6300048828125,148.63059997558594,148.63059997558594,65585
2025-07-15 13:06:00,148.63650512695312,148.6497039794922,148.4600067138672,148.49000549316406,148.49000549316406,77176
2025-07-15 13:07:00,148.49000549316406,148.50990295410156,148.35009765625,148.3699951171875,148.3699951171875,86245
2025-07-15 13:08:00,148.375,148.4799041748047,148.3372039794922,148.34500122070312,148.34500122070312,56299
2025-07-15 13:09:00,148.33009338378906,148.33999633789062,148.22000122070312,148.24000549316406,148.24000549316406,77565
2025-07-15 13:10:00,148.25999450683594,148.33999633789062,148.1999969482422,148.22999572753906,148.22999572753906,96137
2025-07-15 13:11:00,148.21429443359375,148.27999877929688,148.14999389648438,148.26080322265625,148.26080322265625,95149
2025-07-15 13:12:00,148.27000427246094,148.3199005126953,148.16029357910156,148.31039428710938,148.31039428710938,103835
2025-07-15 13:13:00,148.30999755859375,148.3800048828125,148.22999572753906,148.2626953125,148.2626953125,93417
2025-07-15 13:14:00,148.2689971923828,148.30999755859375,148.2100067138672,148.30999755859375,148.30999755859375,51831
2025-07-15 13:15:00,148.3199005126953,148.3800048828125,148.2100067138672,148.24850463867188,148.24850463867188,52792
2025-07-15 13:16:00,148.2449951171875,148.32989501953125,148.19000244140625,148.27999877929688,148.27999877929688,78216
2025-07-15 13:17:00,148.2899932861328,148.43499755859375,148.27000427246094,148.41009521484375,148.41009521484375,68958
2025-07-15 13:18:00,148.39999389648438,148.47999572753906,148.34410095214844,148.4199981689453,148.4199981689453,70014
2025-07-15 13:19:00,148.4398956298828,148.6199951171875,148.39999389648438,148.57449340820312,148.57449340820312,96285
2025-07-15 13:20:00,148.57000732421875,148.5800018310547,148.39999389648438,148.47999572753906,148.47999572753906,87933
2025-07-15 13:21:00,148.47000122070312,148.5299072265625,148.41000366210938,148.4904022216797,148.4904022216797,61078
2025-07-15 13:22:00,148.49000549316406,148.5800018310547,148.47860717773438,148.52000427246094,148.52000427246094,37091
2025-07-15 13:23:00,148.51499938964844,148.60000610351562,148.47000122070312,148.585205078125,148.585205078125,45376
2025-07-15 13:24:00,148.5955047607422,148.71499633789062,148.5955047607422,148.625,148.625,69800
2025-07-15 13:25:00,148.6291961669922,148.64999389648438,148.5500030517578,148.63999938964844,148.63999938964844,33969
2025-07-15 13:26:00,148.63499450683594,148.7899932861328,148.6199951171875,148.77499389648438,148.77499389648438,64132
2025-07-15 13:27:00,148.77000427246094,148.83990478515625,148.6903076171875,148.81979370117188,148.81979370117188,57572
2025-07-15 13:28:00,148.80360412597656,148.82400512695312,148.6699981689453,148.7198944091797,148.7198944091797,40974
2025-07-15 13:29:00,148.6999969482422,148.8000030517578,148.6999969482422,148.7191925048828,148.7191925048828,41949
2025-07-15 13:30:00,148.72999572753906,148.72999572753906,148.60000610351562,148.6595001220703,148.6595001220703,48333
2025-07-15 13:31:00,148.63499450683594,148.64999389648438,148.5399932861328,148.55999755859375,148.55999755859375,47650
2025-07-15 13:32:00,148.5800018310547,148.639892578125,148.52999877929688,148.53500366210938,148.53500366210938,44834
2025-07-15 13:33:00,148.54969787597656,148.64999389648438,148.52000427246094,148.53439331054688,148.53439331054688,40200
2025-07-15 13:34:00,148.5355987548828,148.6199951171875,148.52999877929688,148.6199951171875,148.6199951171875,31694
2025-07-15 13:35:00,148.6199951171875,148.83970642089844,148.61000061035156,148.7904052734375,148.7904052734375,87937
2025-07-15 13:36:00,148.77560424804688,148.85000610351562,148.75,148.82080078125,148.82080078125,60522
2025-07-15 13:37:00,148.82000732421875,148.8300018310547,148.7100067138672,148.7100067138672,148.7100067138672,47865
2025-07-15 13:38:00,148.7147979736328,148.73300170898438,148.6199951171875,148.69000244140625,148.69000244140625,52175
2025-07-15 13:39:00,148.69119262695312,148.9600067138672,148.69119262695312,148.84120178222656,148.84120178222656,83290
2025-07-15 13:40:00,148.83999633789062,148.97999572753906,148.8300018310547,148.86000061035156,148.86000061035156,81053
2025-07-15 13:41:00,148.85899353027344,148.92999267578125,148.82000732421875,148.89999389648438,148.89999389648438,39985
2025-07-15 13:42:00,148.89999389648438,149.0399932861328,148.89999389648438,149.0059051513672,149.0059051513672,93962
2025-07-15 13:43:00,149.02000427246094,149.03269958496094,148.97000122070312,148.97999572753906,148.97999572753906,42874
2025-07-15 13:44:00,148.97000122070312,149.1199951171875,148.89999389648438,149.10000610351562,149.10000610351562,61798
2025-07-15 13:45:00,149.08999633789062,149.1802978515625,149.05999755859375,149.1649932861328,149.1649932861328,76642
2025-07-15 13:46:00,149.16000366210938,149.16969299316406,149.08999633789062,149.14999389648438,149.14999389648438,67958
2025-07-15 13:47:00,149.1300048828125,149.1652069091797,149.11000061035156,149.11000061035156,149.11000061035156,30968
2025-07-15 13:48:00,149.10000610351562,149.1300048828125,149.0,149.0,149.0,63844
2025-07-15 13:49:00,149.02000427246094,149.0522003173828,148.89500427246094,148.94610595703125,148.94610595703125,57385
2025-07-15 13:50:00,148.9550018310547,148.99000549316406,148.87550354003906,148.93499755859375,148.93499755859375,45758
2025-07-15 13:51:00,148.9499969482422,149.05999755859375,148.9044952392578,149.0500030517578,149.0500030517578,58664
2025-07-15 13:52:00,149.05079650878906,149.05999755859375,148.92999267578125,148.94000244140625,148.94000244140625,31634
2025-07-15 13:53:00,148.94000244140625,149.10000610351562,148.89999389648438,149.08999633789062,149.08999633789062,48855
2025-07-15 13:54:00,149.0800018310547,149.27999877929688,149.0749969482422,149.22000122070312,149.22000122070312,109845
2025-07-15 13:55:00,149.21499633789062,149.27000427246094,149.16000366210938,149.22999572753906,149.22999572753906,45241
2025-07-15 13:56:00,149.22000122070312,149.22000122070312,149.11000061035156,149.16000366210938,149.16000366210938,45089
2025-07-15 13:57:00,149.1743927001953,149.30999755859375,149.16690063476562,149.2949981689453,149.2949981689453,77024
2025-07-15 13:58:00,149.28709411621094,149.3300018310547,149.11000061035156,149.1300048828125,149.1300048828125,84973
2025-07-15 13:59:00,149.13040161132812,149.16000366210938,149.0540008544922,149.08999633789062,149.08999633789062,51657
2025-07-15 14:00:00,149.1300048828125,149.13999938964844,149.01449584960938,149.03280639648438,149.03280639648438,40895
2025-07-15 14:01:00,149.02499389648438,149.16000366210938,149.0,149.12030029296875,149.12030029296875,83903
2025-07-15 14:02:00,149.14500427246094,149.22000122070312,149.07449340820312,149.08999633789062,149.08999633789062,62704
2025-07-15 14:03:00,149.10000610351562,149.11000061035156,149.00999450683594,149.0500946044922,149.0500946044922,40299
2025-07-15 14:04:00,149.0399932861328,149.07000732421875,148.964599609375,149.03140258789062,149.03140258789062,50776
2025-07-15 14:05:00,149.01499938964844,149.13999938964844,148.97999572753906,149.0861053466797,149.0861053466797,49030
2025-07-15 14:06:00,149.0753936767578,149.19000244140625,149.0753936767578,149.10940551757812,149.10940551757812,53761
2025-07-15 14:07:00,149.1300048828125,149.13999938964844,149.0601043701172,149.13999938964844,149.13999938964844,35663
2025-07-15 14:08:00,149.14999389648438,149.1999969482422,149.10000610351562,149.12899780273438,149.12899780273438,40697
2025-07-15 14:09:00,149.13999938964844,149.2100067138672,149.1199951171875,149.1501007080078,149.1501007080078,24915
2025-07-15 14:10:00,149.1699981689453,149.1699981689453,149.05999755859375,149.07000732421875,149.07000732421875,52922
2025-07-15 14:11:00,149.08999633789062,149.1199951171875,149.02499389648438,149.0399932861328,149.0399932861328,42699
2025-07-15 14:12:00,149.02749633789062,149.22500610351562,149.0106964111328,149.1999969482422,149.1999969482422,53845
2025-07-15 14:13:00,149.1999969482422,149.20030212402344,149.07000732421875,149.09559631347656,149.09559631347656,34570
2025-07-15 14:14:00,149.0800018310547,149.1699981689453,149.0800018310547,149.12969970703125,149.12969970703125,33386
2025-07-15 14:15:00,149.1199951171875,149.2100067138672,149.11000061035156,149.13999938964844,149.13999938964844,44939
2025-07-15 14:16:00,149.1300048828125,149.22000122070312,149.1300048828125,149.16029357910156,149.16029357910156,26535
2025-07-15 14:17:00,149.17999267578125,149.27549743652344,149.14999389648438,149.1992950439453,149.1992950439453,56836
2025-07-15 14:18:00,149.22999572753906,149.33999633789062,149.19500732421875,149.3231964111328,149.3231964111328,91829
2025-07-15 14:19:00,149.3000946044922,149.32000732421875,149.07049560546875,149.14999389648438,149.14999389648438,75782
2025-07-15 14:20:00,149.1501007080078,149.2899932861328,149.1501007080078,149.23989868164062,149.23989868164062,53189
2025-07-15 14:21:00,149.2100067138672,149.22500610351562,149.14329528808594,149.14500427246094,149.14500427246094,41873
2025-07-15 14:22:00,149.14999389648438,149.2100067138672,149.1199951171875,149.1593017578125,149.1593017578125,40825
2025-07-15 14:23:00,149.16000366210938,149.17990112304688,149.11000061035156,149.1300048828125,149.1300048828125,38786
2025-07-15 14:24:00,149.13999938964844,149.14889526367188,149.0800018310547,149.1300048828125,149.1300048828125,30219
2025-07-15 14:25:00,149.1300048828125,149.14999389648438,149.02000427246094,149.10040283203125,149.10040283203125,38553
2025-07-15 14:26:00,149.08999633789062,149.14979553222656,149.05999755859375,149.11929321289062,149.11929321289062,26120
2025-07-15 14:27:00,149.1300048828125,149.16439819335938,149.07000732421875,149.07020568847656,149.07020568847656,31782
2025-07-15 14:28:00,149.10000610351562,149.14999389648438,149.0800018310547,149.1199951171875,149.1199951171875,31529
2025-07-15 14:29:00,149.1199951171875,149.14999389648438,149.0800018310547,149.10000610351562,149.10000610351562,21886
2025-07-15 14:30:00,149.10000610351562,149.13560485839844,149.0399932861328,149.1199951171875,149.1199951171875,51508
2025-07-15 14:31:00,149.11500549316406,149.20860290527344,149.09500122070312,149.11000061035156,149.11000061035156,59465
2025-07-15 14:32:00,149.0800018310547,149.22000122070312,149.0399932861328,149.13099670410156,149.13099670410156,77222
2025-07-15 14:33:00,149.12229919433594,149.17999267578125,149.0399932861328,149.14999389648438,149.14999389648438,65687
2025-07-15 14:34:00,149.14999389648438,149.1999969482422,149.0500030517578,149.07090759277344,149.07090759277344,73084
2025-07-15 14:35:00,149.0500030517578,149.07000732421875,148.85000610351562,148.8699951171875,148.8699951171875,139536
2025-07-15 14:36:00,148.8699951171875,148.8699951171875,148.61000061035156,148.61000061035156,148.61000061035156,119894
2025-07-15 14:37:00,148.60499572753906,148.61000061035156,148.39999389648438,148.44000244140625,148.44000244140625,558208
2025-07-15 14:38:00,148.43499755859375,148.43499755859375,148.2100067138672,148.4199981689453,148.4199981689453,125513
2025-07-15 14:39:00,148.3800048828125,148.49000549316406,148.3800048828125,148.43240356445312,148.43240356445312,67550
2025-07-15 14:40:00,148.4499969482422,148.58999633789062,148.2696075439453,148.28860473632812,148.28860473632812,106466
2025-07-15 14:41:00,148.2899932861328,148.30999755859375,148.00999450683594,148.0399932861328,148.0399932861328,194067
2025-07-15 14:42:00,148.0399932861328,148.05499267578125,147.82000732421875,147.9199981689453,147.9199981689453,206288
2025-07-15 14:43:00,147.91000366210938,148.0500030517578,147.75999450683594,148.0500030517578,148.0500030517578,182664
2025-07-15 14:44:00,148.0500030517578,148.1999969482422,147.88999938964844,147.90499877929688,147.90499877929688,165682
2025-07-15 14:45:00,147.90249633789062,148.3699951171875,147.8800048828125,148.33999633789062,148.33999633789062,125237
2025-07-15 14:46:00,148.33999633789062,148.4499053955078,148.27020263671875,148.3343048095703,148.3343048095703,111784
2025-07-15 14:47:00,148.33999633789062,148.52000427246094,148.3000946044922,148.32000732421875,148.32000732421875,106180
2025-07-15 14:48:00,148.3256072998047,148.389892578125,148.2572021484375,148.389892578125,148.389892578125,47174
2025-07-15 14:49:00,148.38999938964844,148.60000610351562,148.3800048828125,148.47000122070312,148.47000122070312,102552
2025-07-15 14:50:00,148.47000122070312,148.51980590820312,148.27999877929688,148.36000061035156,148.36000061035156,69954
2025-07-15 14:51:00,148.35499572753906,148.36000061035156,148.17970275878906,148.22000122070312,148.22000122070312,52016
2025-07-15 14:52:00,148.20010375976562,148.22000122070312,147.976806640625,148.125,148.125,84381
2025-07-15 14:53:00,148.12989807128906,148.24000549316406,148.11000061035156,148.24000549316406,148.24000549316406,56482
2025-07-15 14:54:00,148.25,148.4499969482422,148.21499633789062,148.4427947998047,148.4427947998047,85973
2025-07-15 14:55:00,148.42999267578125,148.5500030517578,148.24000549316406,148.24000549316406,148.24000549316406,124407
2025-07-15 14:56:00,148.25,148.25999450683594,148.10000610351562,148.16000366210938,148.16000366210938,71943
2025-07-15 14:57:00,148.16000366210938,148.1699981689453,148.00999450683594,148.0258026123047,148.0258026123047,78491
2025-07-15 14:58:00,148.00999450683594,148.07989501953125,147.8800048828125,147.89999389648438,147.89999389648438,131970
2025-07-15 14:59:00,147.8800048828125,147.89500427246094,147.689697265625,147.6945037841797,147.6945037841797,175226
2025-07-15 15:00:00,147.69000244140625,147.86000061035156,147.49000549316406,147.7899932861328,147.7899932861328,238075
2025-07-15 15:01:00,147.7899932861328,147.99000549316406,147.77999877929688,147.94000244140625,147.94000244140625,109146
2025-07-15 15:02:00,147.9499969482422,148.08999633789062,147.89999389648438,148.0,148.0,84120
2025-07-15 15:03:00,147.99000549316406,148.15040588378906,147.97999572753906,148.07000732421875,148.07000732421875,80914
2025-07-15 15:04:00,148.07960510253906,148.17999267578125,148.03500366210938,148.03990173339844,148.03990173339844,68198
2025-07-15 15:05:00,148.02000427246094,148.10000610351562,147.91000366210938,147.9499969482422,147.9499969482422,76263
2025-07-15 15:06:00,147.9499969482422,148.0500030517578,147.8800048828125,147.88999938964844,147.88999938964844,72236
2025-07-15 15:07:00,147.88980102539062,147.9949951171875,147.82000732421875,147.97000122070312,147.97000122070312,72172
2025-07-15 15:08:00,147.99490356445312,148.27000427246094,147.99490356445312,148.20860290527344,148.20860290527344,145369
2025-07-15 15:09:00,148.22000122070312,148.32040405273438,148.2100067138672,148.2899932861328,148.2899932861328,81520
2025-07-15 15:10:00,148.28509521484375,148.3000030517578,148.12989807128906,148.1699981689453,148.1699981689453,75877
2025-07-15 15:11:00,148.18499755859375,148.22000122070312,148.10000610351562,148.1302947998047,148.1302947998047,51859
2025-07-15 15:12:00,148.11000061035156,148.3000030517578,148.0991973876953,148.22999572753906,148.22999572753906,64405
2025-07-15 15:13:00,148.22369384765625,148.30999755859375,148.19000244140625,148.25,148.25,42126
2025-07-15 15:14:00,148.27999877929688,148.3000030517578,148.17999267578125,148.2100067138672,148.2100067138672,44727
2025-07-15 15:15:00,148.1999969482422,148.27000427246094,148.13999938964844,148.22360229492188,148.22360229492188,44391
2025-07-15 15:16:00,148.24000549316406,148.32000732421875,148.1999969482422,148.25,148.25,54000
2025-07-15 15:17:00,148.24000549316406,148.2550048828125,148.07000732421875,148.09959411621094,148.09959411621094,54485
2025-07-15 15:18:00,148.08999633789062,148.14999389648438,148.02000427246094,148.10609436035156,148.10609436035156,68863
2025-07-15 15:19:00,148.1092987060547,148.2006072998047,148.08999633789062,148.1956024169922,148.1956024169922,37966
2025-07-15 15:20:00,148.18310546875,148.23989868164062,148.02999877929688,148.0850067138672,148.0850067138672,50498
2025-07-15 15:21:00,148.0850067138672,148.11000061035156,147.91000366210938,147.92449951171875,147.92449951171875,76459
2025-07-15 15:22:00,147.92449951171875,148.0500030517578,147.8699951171875,148.0,148.0,82489
2025-07-15 15:23:00,148.00999450683594,148.05999755859375,147.94000244140625,148.0,148.0,73470
2025-07-15 15:24:00,148.00880432128906,148.1300048828125,148.0,148.0800018310547,148.0800018310547,42345
2025-07-15 15:25:00,148.08999633789062,148.33999633789062,148.0800018310547,148.21009826660156,148.21009826660156,115181
2025-07-15 15:26:00,148.2100067138672,148.30479431152344,148.1300048828125,148.14999389648438,148.14999389648438,65068
2025-07-15 15:27:00,148.14999389648438,148.27810668945312,148.1300048828125,148.24989318847656,148.24989318847656,44089
2025-07-15 15:28:00,148.22549438476562,148.26980590820312,148.14999389648438,148.19000244140625,148.19000244140625,50576
2025-07-15 15:29:00,148.1699981689453,148.17999267578125,148.05999755859375,148.08999633789062,148.08999633789062,52580
2025-07-15 15:30:00,148.10000610351562,148.3300018310547,148.08999633789062,148.27999877929688,148.27999877929688,63834
2025-07-15 15:31:00,148.27499389648438,148.44000244140625,148.25010681152344,148.44000244140625,148.44000244140625,99442
2025-07-15 15:32:00,148.4250030517578,148.47520446777344,148.32000732421875,148.4600067138672,148.4600067138672,96069
2025-07-15 15:33:00,148.4799041748047,148.5800018310547,148.42999267578125,148.5102996826172,148.5102996826172,76207
2025-07-15 15:34:00,148.52499389648438,148.61990356445312,148.50999450683594,148.5800018310547,148.5800018310547,69390
2025-07-15 15:35:00,148.58009338378906,148.58999633789062,148.47000122070312,148.54100036621094,148.54100036621094,90277
2025-07-15 15:36:00,148.55209350585938,148.55209350585938,148.3800048828125,148.47999572753906,148.47999572753906,75297
2025-07-15 15:37:00,148.47000122070312,148.55999755859375,148.41610717773438,148.55999755859375,148.55999755859375,52908
2025-07-15 15:38:00,148.5399932861328,148.66000366210938,148.5290069580078,148.5404052734375,148.5404052734375,69262
2025-07-15 15:39:00,148.5500030517578,148.60000610351562,148.5,148.5449981689453,148.5449981689453,50274
2025-07-15 15:40:00,148.54730224609375,148.94000244140625,148.53199768066406,148.92999267578125,148.92999267578125,175266
2025-07-15 15:41:00,148.9250030517578,148.9600067138672,148.8300018310547,148.86990356445312,148.86990356445312,87941
2025-07-15 15:42:00,148.86500549316406,148.94000244140625,148.80209350585938,148.93960571289062,148.93960571289062,73466
2025-07-15 15:43:00,148.93310546875,148.9499969482422,148.8699951171875,148.87860107421875,148.87860107421875,54474
2025-07-15 15:44:00,148.8699951171875,148.88999938964844,148.7899932861328,148.85000610351562,148.85000610351562,81882
2025-07-15 15:45:00,148.85499572753906,148.88999938964844,148.69000244140625,148.8105010986328,148.8105010986328,78286
2025-07-15 15:46:00,148.82000732421875,148.8209991455078,148.7200927734375,148.81520080566406,148.81520080566406,76403
2025-07-15 15:47:00,148.8300018310547,148.9199981689453,148.8000030517578,148.8096923828125,148.8096923828125,114043
2025-07-15 15:48:00,148.80999755859375,148.85980224609375,148.77960205078125,148.85000610351562,148.85000610351562,62413
2025-07-15 15:49:00,148.84979248046875,148.85000610351562,148.7100067138672,148.77499389648438,148.77499389648438,63419
2025-07-15 15:50:00,148.77999877929688,148.82000732421875,148.6002960205078,148.80999755859375,148.80999755859375,150879
2025-07-15 15:51:00,148.8000030517578,148.82989501953125,148.59010314941406,148.68719482421875,148.68719482421875,139985
2025-07-15 15:52:00,148.6999969482422,148.756103515625,148.64999389648438,148.72959899902344,148.72959899902344,113410
2025-07-15 15:53:00,148.710205078125,148.710205078125,148.52000427246094,148.639892578125,148.639892578125,142095
2025-07-15 15:54:00,148.61000061035156,148.64999389648438,148.4600067138672,148.5,148.5,192115
2025-07-15 15:55:00,148.52000427246094,148.8300018310547,148.52000427246094,148.63999938964844,148.63999938964844,196543
2025-07-15 15:56:00,148.66000366210938,148.7653045654297,148.61000061035156,148.7550048828125,148.7550048828125,109063
2025-07-15 15:57:00,148.75999450683594,148.75999450683594,148.5500030517578,148.6024932861328,148.6024932861328,148734
2025-07-15 15:58:00,148.61000061035156,148.72999572753906,148.57000732421875,148.72140502929688,148.72140502929688,255318
2025-07-15 15:59:00,148.72000122070312,148.72999572753906,148.47000122070312,148.50999450683594,148.50999450683594,513567
2025-07-16 00:00:00,149.3000030517578,151.50999450683594,147.6739959716797,150.91000366210938,150.91000366210938,57550300
2025-07-16 09:30:00,149.28500366210938,149.6300048828125,148.9199981689453,149.28759765625,149.28759765625,1826116
2025-07-16 09:31:00,149.41000366210938,150.1999969482422,149.3800048828125,149.9199981689453,149.9199981689453,561726
2025-07-16 09:32:00,149.86000061035156,150.4199981689453,149.60000610351562,150.31399536132812,150.31399536132812,547025
2025-07-16 09:33:00,150.31500244140625,150.55999755859375,150.0500030517578,150.22000122070312,150.22000122070312,389372
2025-07-16 09:34:00,150.2100067138672,150.24859619140625,149.8105926513672,150.11000061035156,150.11000061035156,303501
2025-07-16 09:35:00,150.11000061035156,150.25,149.89999389648438,150.25,150.25,257864
2025-07-16 09:36:00,150.27999877929688,150.5,150.13999938964844,150.32000732421875,150.32000732421875,397488
2025-07-16 09:37:00,150.32000732421875,150.5500030517578,149.9600067138672,150.10609436035156,150.10609436035156,311876
2025-07-16 09:38:00,150.06069946289062,150.3000030517578,149.92999267578125,149.94000244140625,149.94000244140625,192616
2025-07-16 09:39:00,149.94000244140625,150.03990173339844,149.58999633789062,149.89999389648438,149.89999389648438,478058
2025-07-16 09:40:00,149.9066925048828,150.3000030517578,149.86000061035156,149.9199981689453,149.9199981689453,303300
2025-07-16 09:41:00,149.91360473632812,150.0500030517578,149.75999450683594,149.97000122070312,149.97000122070312,219569
2025-07-16 09:42:00,149.96499633789062,150.13999938964844,149.6999969482422,149.7100067138672,149.7100067138672,218980
2025-07-16 09:43:00,149.70840454101562,149.80499267578125,149.52000427246094,149.7100067138672,149.7100067138672,181197
2025-07-16 09:44:00,149.74000549316406,149.80999755859375,149.52999877929688,149.60499572753906,149.60499572753906,143083
2025-07-16 09:45:00,149.59019470214844,149.77000427246094,149.4499969482422,149.61390686035156,149.61390686035156,206064
2025-07-16 09:46:00,149.62899780273438,149.77999877929688,149.47000122070312,149.59500122070312,149.59500122070312,176126
2025-07-16 09:47:00,149.61000061035156,149.86000061035156,149.55499267578125,149.76480102539062,149.76480102539062,287364
2025-07-16 09:48:00,149.7949981689453,149.89999389648438,149.35000610351562,149.3699951171875,149.3699951171875,224364
2025-07-16 09:49:00,149.3699951171875,149.3699951171875,149.0988006591797,149.1999969482422,149.1999969482422,217406
2025-07-16 09:50:00,149.1999969482422,149.21949768066406,148.75999450683594,148.8090057373047,148.8090057373047,315713
2025-07-16 09:51:00,148.8000030517578,149.07000732421875,148.77999877929688,148.88079833984375,148.88079833984375,203638
2025-07-16 09:52:00,148.8791961669922,148.8791961669922,148.58999633789062,148.67999267578125,148.67999267578125,272913
2025-07-16 09:53:00,148.68069458007812,148.68069458007812,148.2899932861328,148.3800048828125,148.3800048828125,454373
2025-07-16 09:54:00,148.389404296875,148.49000549316406,148.05999755859375,148.13999938964844,148.13999938964844,317054
2025-07-16 09:55:00,148.13999938964844,148.57000732421875,148.09500122070312,148.51499938964844,148.51499938964844,279590
2025-07-16 09:56:00,148.51499938964844,148.52999877929688,147.82000732421875,147.97000122070312,147.97000122070312,477932
2025-07-16 09:57:00,147.97000122070312,148.14300537109375,147.97000122070312,148.1197052001953,148.1197052001953,229835
2025-07-16 09:58:00,148.10499572753906,148.2899932861328,148.0299072265625,148.16000366210938,148.16000366210938,225797
2025-07-16 09:59:00,148.1772003173828,148.2263946533203,147.91000366210938,148.0269012451172,148.0269012451172,224307
2025-07-16 10:00:00,148.0236053466797,148.5,147.9600067138672,148.48989868164062,148.48989868164062,263029
2025-07-16 10:01:00,148.46029663085938,148.55999755859375,148.30999755859375,148.4199981689453,148.4199981689453,183144
2025-07-16 10:02:00,148.43919372558594,148.55999755859375,148.1699981689453,148.44500732421875,148.44500732421875,229203
2025-07-16 10:03:00,148.4199981689453,148.75079345703125,148.4199981689453,148.67990112304688,148.67990112304688,469553
2025-07-16 10:04:00,148.6656036376953,148.75999450683594,148.4199981689453,148.42999267578125,148.42999267578125,185761
2025-07-16 10:05:00,148.39999389648438,148.8498992919922,148.21499633789062,148.8350067138672,148.8350067138672,264206
2025-07-16 10:06:00,148.85000610351562,148.8800048828125,148.6199951171875,148.64500427246094,148.64500427246094,335764
2025-07-16 10:07:00,148.63499450683594,148.75,148.52000427246094,148.6999969482422,148.6999969482422,180939
2025-07-16 10:08:00,148.6999969482422,149.0,148.69000244140625,148.8699951171875,148.8699951171875,263537
2025-07-16 10:09:00,148.8800048828125,149.18499755859375,148.77029418945312,149.13999938964844,149.13999938964844,275188
2025-07-16 10:10:00,149.13999938964844,149.25,148.89999389648438,149.1300048828125,149.1300048828125,296492
2025-07-16 10:11:00,149.14500427246094,149.17999267578125,149.0,149.05999755859375,149.05999755859375,196150
2025-07-16 10:12:00,149.0500030517578,149.07000732421875,148.7501983642578,148.9243927001953,148.9243927001953,186888
2025-07-16 10:13:00,148.94500732421875,149.12989807128906,148.8997039794922,148.94000244140625,148.94000244140625,118065
2025-07-16 10:14:00,148.8800048828125,148.97000122070312,148.52000427246094,148.57000732421875,148.57000732421875,216363
2025-07-16 10:15:00,148.5500946044922,148.58999633789062,148.4199981689453,148.4456024169922,148.4456024169922,189027
2025-07-16 10:16:00,148.44500732421875,148.52999877929688,148.26040649414062,148.3699951171875,148.3699951171875,165130
2025-07-16 10:17:00,148.35000610351562,148.5688018798828,148.24000549316406,148.3249969482422,148.3249969482422,186879
2025-07-16 10:18:00,148.3603973388672,148.6396026611328,148.35000610351562,148.5800018310547,148.5800018310547,148074
2025-07-16 10:19:00,148.5800018310547,148.82000732421875,148.5500030517578,148.74989318847656,148.74989318847656,153239
2025-07-16 10:20:00,148.72000122070312,148.8997039794922,148.61000061035156,148.84559631347656,148.84559631347656,129164
2025-07-16 10:21:00,148.83999633789062,148.9499969482422,148.6699981689453,148.94000244140625,148.94000244140625,151070
2025-07-16 10:22:00,148.9600067138672,149.08999633789062,148.87030029296875,149.0500946044922,149.0500946044922,166006
2025-07-16 10:23:00,149.06500244140625,149.49000549316406,149.0500030517578,149.27000427246094,149.27000427246094,261538
2025-07-16 10:24:00,149.27310180664062,149.5,149.25,149.43910217285156,149.43910217285156,213432
2025-07-16 10:25:00,149.4199981689453,149.66000366210938,149.30999755859375,149.37640380859375,149.37640380859375,308717
2025-07-16 10:26:00,149.3527069091797,149.52459716796875,149.35000610351562,149.3800048828125,149.3800048828125,148541
2025-07-16 10:27:00,149.42999267578125,149.75999450683594,149.3697967529297,149.75,149.75,194508
2025-07-16 10:28:00,149.75439453125,149.79490661621094,149.4499969482422,149.60000610351562,149.60000610351562,207307
2025-07-16 10:29:00,149.61000061035156,149.83999633789062,149.55999755859375,149.71099853515625,149.71099853515625,197277
2025-07-16 10:30:00,149.7100067138672,150.10000610351562,149.64999389648438,150.07440185546875,150.07440185546875,390364
2025-07-16 10:31:00,150.060302734375,150.25,149.8300018310547,149.91000366210938,149.91000366210938,398301
2025-07-16 10:32:00,149.9199981689453,150.05999755859375,149.86000061035156,149.91000366210938,149.91000366210938,144575
2025-07-16 10:33:00,149.88999938964844,149.91000366210938,149.6999969482422,149.85000610351562,149.85000610351562,141326
2025-07-16 10:34:00,149.85000610351562,149.88999938964844,149.77000427246094,149.82000732421875,149.82000732421875,93792
2025-07-16 10:35:00,149.8000030517578,149.80999755859375,149.6114959716797,149.6750030517578,149.6750030517578,155219
2025-07-16 10:36:00,149.6540069580078,149.8000030517578,149.56680297851562,149.6804962158203,149.6804962158203,133487
2025-07-16 10:37:00,149.72000122070312,149.92990112304688,149.66000366210938,149.84579467773438,149.84579467773438,145211
2025-07-16 10:38:00,149.85000610351562,150.02000427246094,149.77999877929688,149.80020141601562,149.80020141601562,160548
2025-07-16 10:39:00,149.77000427246094,149.80999755859375,149.52980041503906,149.60980224609375,149.60980224609375,175980
2025-07-16 10:40:00,149.60000610351562,149.6999969482422,149.4199981689453,149.4550018310547,149.4550018310547,154660
2025-07-16 10:41:00,149.4550018310547,149.5,149.28250122070312,149.47999572753906,149.47999572753906,145465
2025-07-16 10:42:00,149.460205078125,149.73500061035156,149.460205078125,149.5399932861328,149.5399932861328,145174
2025-07-16 10:43:00,149.55999755859375,149.61990356445312,149.47000122070312,149.52000427246094,149.52000427246094,80953
2025-07-16 10:44:00,149.5030059814453,149.55999755859375,149.25,149.3699951171875,149.3699951171875,183699
2025-07-16 10:45:00,149.360107421875,149.49000549316406,149.360107421875,149.4600067138672,149.4600067138672,110477
2025-07-16 10:46:00,149.464599609375,149.69000244140625,149.44500732421875,149.58999633789062,149.58999633789062,114606
2025-07-16 10:47:00,149.5500030517578,149.6999053955078,149.4600067138672,149.6197052001953,149.6197052001953,83413
2025-07-16 10:48:00,149.61000061035156,149.8800048828125,149.5500030517578,149.7899932861328,149.7899932861328,108365
2025-07-16 10:49:00,149.81329345703125,149.8699951171875,149.74000549316406,149.7949981689453,149.7949981689453,93080
2025-07-16 10:50:00,149.7696990966797,149.7696990966797,149.57000732421875,149.60000610351562,149.60000610351562,166192
2025-07-16 10:51:00,149.6199951171875,149.6300048828125,149.41000366210938,149.46499633789062,149.46499633789062,156549
2025-07-16 10:52:00,149.49000549316406,149.49000549316406,149.32000732421875,149.38999938964844,149.38999938964844,84899
2025-07-16 10:53:00,149.3800048828125,149.4199981689453,149.25999450683594,149.34959411621094,149.34959411621094,134955
2025-07-16 10:54:00,149.30999755859375,149.32989501953125,148.8800048828125,149.10000610351562,149.10000610351562,341593
2025-07-16 10:55:00,149.0572967529297,149.27999877929688,148.94920349121094,149.18089294433594,149.18089294433594,176763
2025-07-16 10:56:00,149.1699981689453,149.28610229492188,149.02000427246094,149.27560424804688,149.27560424804688,118045
2025-07-16 10:57:00,149.2550048828125,149.33050537109375,148.9600067138672,148.97000122070312,148.97000122070312,107702
2025-07-16 10:58:00,148.97000122070312,148.99249267578125,148.71499633789062,148.75999450683594,148.75999450683594,205560
2025-07-16 10:59:00,148.76499938964844,148.89999389648438,148.6699981689453,148.86500549316406,148.86500549316406,138582
2025-07-16 11:00:00,148.8699951171875,149.11000061035156,148.83999633789062,149.0802001953125,149.0802001953125,171937
2025-07-16 11:01:00,149.11000061035156,149.16000366210938,148.75,148.83999633789062,148.83999633789062,137336
2025-07-16 11:02:00,148.8300018310547,148.9199981689453,148.5500030517578,148.68739318847656,148.68739318847656,169585
2025-07-16 11:03:00,148.7100067138672,148.82470703125,148.61749267578125,148.7498016357422,148.7498016357422,156699
2025-07-16 11:04:00,148.75,148.8800048828125,148.63999938964844,148.86000061035156,148.86000061035156,156918
2025-07-16 11:05:00,148.86000061035156,149.05409240722656,148.7100067138672,149.0,149.0,123016
2025-07-16 11:06:00,149.0,149.0800018310547,148.9250030517578,149.00439453125,149.00439453125,138830
2025-07-16 11:07:00,149.0196990966797,149.1999969482422,149.0,149.11000061035156,149.11000061035156,115943
2025-07-16 11:08:00,149.1156005859375,149.14999389648438,149.00999450683594,149.00999450683594,149.00999450683594,108287
2025-07-16 11:09:00,149.0,149.02999877929688,148.85000610351562,148.93089294433594,148.93089294433594,110376
2025-07-16 11:10:00,148.9001007080078,149.1199951171875,148.8896026611328,149.08999633789062,149.08999633789062,83928
2025-07-16 11:11:00,149.0998992919922,149.27999877929688,149.0800018310547,149.19000244140625,149.19000244140625,140455
2025-07-16 11:12:00,149.18980407714844,149.2812957763672,149.0800018310547,149.13999938964844,149.13999938964844,108487
2025-07-16 11:13:00,149.1300048828125,149.22999572753906,149.0399932861328,149.22500610351562,149.22500610351562,87179
2025-07-16 11:14:00,149.22000122070312,149.4199981689453,149.22000122070312,149.30979919433594,149.30979919433594,102850
2025-07-16 11:15:00,149.3000030517578,149.44000244140625,149.2899932861328,149.3350067138672,149.3350067138672,101042
2025-07-16 11:16:00,149.35499572753906,149.3697052001953,148.8000030517578,149.25999450683594,149.25999450683594,331631
2025-07-16 11:17:00,149.22999572753906,149.37469482421875,149.07000732421875,149.3699951171875,149.3699951171875,180109
2025-07-16 11:18:00,149.3300018310547,149.4499969482422,149.24440002441406,149.35000610351562,149.35000610351562,122655
2025-07-16 11:19:00,149.33999633789062,149.3997039794922,149.16009521484375,149.17999267578125,149.17999267578125,108259
2025-07-16 11:20:00,149.17999267578125,149.41000366210938,149.10000610351562,149.38540649414062,149.38540649414062,142737
2025-07-16 11:21:00,149.3000030517578,149.30990600585938,148.91000366210938,148.91000366210938,148.91000366210938,164476
2025-07-16 11:22:00,148.89999389648438,148.9600067138672,148.64999389648438,148.75,148.75,150860
2025-07-16 11:23:00,148.76519775390625,148.94949340820312,148.70199584960938,148.93760681152344,148.93760681152344,133254
2025-07-16 11:24:00,148.92999267578125,148.97000122070312,148.6199951171875,148.6649932861328,148.6649932861328,151791
2025-07-16 11:25:00,148.6649932861328,148.92999267578125,148.57000732421875,148.7899932861328,148.7899932861328,110762
2025-07-16 11:26:00,148.82000732421875,149.13999938964844,148.760498046875,148.92039489746094,148.92039489746094,114513
2025-07-16 11:27:00,148.93499755859375,149.05999755859375,148.82000732421875,148.8300018310547,148.8300018310547,91602
2025-07-16 11:28:00,148.8300018310547,148.89999389648438,148.6999969482422,148.8249969482422,148.8249969482422,85473
2025-07-16 11:29:00,148.81039428710938,149.16000366210938,148.77000427246094,149.0948028564453,149.0948028564453,123299
2025-07-16 11:30:00,149.1199951171875,149.1510009765625,148.7303924560547,148.9010009765625,148.9010009765625,144904
2025-07-16 11:31:00,148.83389282226562,149.1999053955078,148.6999969482422,149.1999053955078,149.1999053955078,117288
2025-07-16 11:32:00,149.19070434570312,149.22999572753906,149.02000427246094,149.03599548339844,149.03599548339844,92269
2025-07-16 11:33:00,149.03500366210938,149.0447998046875,148.72000122070312,148.93960571289062,148.93960571289062,165328
2025-07-16 11:34:00,148.9199981689453,148.9499969482422,148.69000244140625,148.75999450683594,148.75999450683594,144156
2025-07-16 11:35:00,148.74000549316406,148.74000549316406,148.42080688476562,148.52920532226562,148.52920532226562,253214
2025-07-16 11:36:00,148.50999450683594,148.52499389648438,147.9499969482422,147.99000549316406,147.99000549316406,469357
2025-07-16 11:37:00,147.9600067138672,147.99130249023438,147.6743927001953,147.96499633789062,147.96499633789062,290134
2025-07-16 11:38:00,147.96499633789062,148.0399932861328,147.80450439453125,147.9600067138672,147.9600067138672,161339
2025-07-16 11:39:00,147.9499969482422,148.264404296875,147.93499755859375,148.1501007080078,148.1501007080078,189047
2025-07-16 11:40:00,148.14500427246094,148.44000244140625,148.02000427246094,148.25999450683594,148.25999450683594,169608
2025-07-16 11:41:00,148.28390502929688,148.6894989013672,148.28390502929688,148.5198974609375,148.5198974609375,174869
2025-07-16 11:42:00,148.46060180664062,148.7100067138672,148.46060180664062,148.50999450683594,148.50999450683594,141706
2025-07-16 11:43:00,148.52000427246094,148.54989624023438,148.31500244140625,148.5,148.5,126815
2025-07-16 11:44:00,148.52000427246094,148.67999267578125,148.38999938964844,148.66000366210938,148.66000366210938,138291
2025-07-16 11:45:00,148.6699981689453,148.9499969482422,148.664794921875,148.88999938964844,148.88999938964844,158548
2025-07-16 11:46:00,148.90499877929688,148.93499755859375,148.5800018310547,148.6699981689453,148.6699981689453,124550
2025-07-16 11:47:00,148.66009521484375,148.99929809570312,148.66009521484375,148.99929809570312,148.99929809570312,102482
2025-07-16 11:48:00,148.97999572753906,149.1300048828125,148.8874969482422,149.122802734375,149.122802734375,154209
2025-07-16 11:49:00,149.10000610351562,149.3699951171875,149.05999755859375,149.32000732421875,149.32000732421875,207377
2025-07-16 11:50:00,149.33999633789062,149.57989501953125,149.31039428710938,149.42999267578125,149.42999267578125,318174
2025-07-16 11:51:00,149.43020629882812,149.55999755859375,149.35000610351562,149.38999938964844,149.38999938964844,127080
2025-07-16 11:52:00,149.38400268554688,149.42999267578125,148.9136962890625,149.0771026611328,149.0771026611328,211636
2025-07-16 11:53:00,149.07000732421875,149.1699981689453,149.0,149.1002960205078,149.1002960205078,106885
2025-07-16 11:54:00,149.11500549316406,149.389892578125,149.02000427246094,149.30039978027344,149.30039978027344,95822
2025-07-16 11:55:00,149.3076934814453,149.91000366210938,149.26010131835938,149.77999877929688,149.77999877929688,419958
2025-07-16 11:56:00,149.8000030517578,150.05990600585938,149.7501983642578,149.81500244140625,149.81500244140625,400593
2025-07-16 11:57:00,149.80499267578125,149.94000244140625,149.7100067138672,149.77279663085938,149.77279663085938,175886
2025-07-16 11:58:00,149.77000427246094,149.9197998046875,149.69000244140625,149.8459930419922,149.8459930419922,143540
2025-07-16 11:59:00,149.8489990234375,149.8800048828125,149.6300048828125,149.83999633789062,149.83999633789062,100642
2025-07-16 12:00:00,149.8249969482422,150.0998992919922,149.77999877929688,150.0800018310547,150.0800018310547,227447
2025-07-16 12:01:00,150.0800018310547,150.13999938964844,150.0,150.03500366210938,150.03500366210938,177937
2025-07-16 12:02:00,150.0449981689453,150.24000549316406,149.99009704589844,150.17999267578125,150.17999267578125,226515
2025-07-16 12:03:00,150.16009521484375,150.2899932861328,150.14999389648438,150.2198028564453,150.2198028564453,196492
2025-07-16 12:04:00,150.1999969482422,150.21749877929688,150.0500030517578,150.16000366210938,150.16000366210938,104361
2025-07-16 12:05:00,150.1898956298828,150.33999633789062,150.17959594726562,150.32940673828125,150.32940673828125,148362
2025-07-16 12:06:00,150.31080627441406,150.3699951171875,150.24000549316406,150.27999877929688,150.27999877929688,271162
2025-07-16 12:07:00,150.30499267578125,150.30499267578125,150.13999938964844,150.1614990234375,150.1614990234375,106095
2025-07-16 12:08:00,150.1876983642578,150.26559448242188,150.07000732421875,150.07000732421875,150.07000732421875,98326
2025-07-16 12:09:00,150.05999755859375,150.1197052001953,149.92999267578125,150.10000610351562,150.10000610351562,142354
2025-07-16 12:10:00,150.10000610351562,150.1999969482422,149.97999572753906,150.0,150.0,74394
2025-07-16 12:11:00,150.02000427246094,150.23959350585938,149.9600067138672,150.22000122070312,150.22000122070312,96342
2025-07-16 12:12:00,150.24000549316406,150.27999877929688,150.0399932861328,150.05999755859375,150.05999755859375,101532
2025-07-16 12:13:00,150.07989501953125,150.11990356445312,149.97000122070312,150.03770446777344,150.03770446777344,68339
2025-07-16 12:14:00,150.0500030517578,150.1999969482422,150.03500366210938,150.16000366210938,150.16000366210938,79472
2025-07-16 12:15:00,150.1699981689453,150.27000427246094,150.08999633789062,150.16000366210938,150.16000366210938,95307
2025-07-16 12:16:00,150.13999938964844,150.1501007080078,150.07000732421875,150.1199951171875,150.1199951171875,42402
2025-07-16 12:17:00,150.1199951171875,150.3300018310547,150.0800018310547,150.31500244140625,150.31500244140625,97646
2025-07-16 12:18:00,150.32000732421875,150.38429260253906,150.13999938964844,150.15029907226562,150.15029907226562,137400
2025-07-16 12:19:00,150.14999389648438,150.2801055908203,150.1300048828125,150.24000549316406,150.24000549316406,62501
2025-07-16 12:20:00,150.24000549316406,150.25,150.10000610351562,150.10499572753906,150.10499572753906,55943
2025-07-16 12:21:00,150.10499572753906,150.11000061035156,149.99000549316406,150.0699005126953,150.0699005126953,121974
2025-07-16 12:22:00,150.0800018310547,150.17970275878906,149.9801025390625,150.1699981689453,150.1699981689453,71681
2025-07-16 12:23:00,150.1699981689453,150.17999267578125,150.0800018310547,150.0800018310547,150.0800018310547,46186
2025-07-16 12:24:00,150.08999633789062,150.11000061035156,149.9499969482422,150.0,150.0,103871
2025-07-16 12:25:00,149.9949951171875,149.99989318847656,149.83999633789062,149.89999389648438,149.89999389648438,111473
2025-07-16 12:26:00,149.90499877929688,150.02000427246094,149.8300018310547,149.9499969482422,149.9499969482422,121452
2025-07-16 12:27:00,149.9550018310547,150.0500030517578,149.9001007080078,149.985595703125,149.985595703125,59386
2025-07-16 12:28:00,149.97999572753906,150.0399932861328,149.9344024658203,149.93499755859375,149.93499755859375,43014
2025-07-16 12:29:00,149.9499969482422,150.0500030517578,149.9199981689453,150.0,150.0,65345
2025-07-16 12:30:00,149.99000549316406,150.0050048828125,149.83999633789062,149.9199981689453,149.9199981689453,62491
2025-07-16 12:31:00,149.9199981689453,149.99989318847656,149.89999389648438,149.9600067138672,149.9600067138672,47034
2025-07-16 12:32:00,149.9600067138672,150.0800018310547,149.92999267578125,149.94500732421875,149.94500732421875,86477
2025-07-16 12:33:00,149.9550018310547,149.9550018310547,149.6999969482422,149.72999572753906,149.72999572753906,132407
2025-07-16 12:34:00,149.7698974609375,149.8300018310547,149.72000122070312,149.81959533691406,149.81959533691406,53077
2025-07-16 12:35:00,149.8300018310547,149.85679626464844,149.75999450683594,149.80999755859375,149.80999755859375,43338
2025-07-16 12:36:00,149.7899932861328,149.8798065185547,149.77999877929688,149.80999755859375,149.80999755859375,43392
2025-07-16 12:37:00,149.8000946044922,149.82000732421875,149.72000122070312,149.80560302734375,149.80560302734375,70119
2025-07-16 12:38:00,149.82000732421875,149.91000366210938,149.8000030517578,149.83999633789062,149.83999633789062,78145
2025-07-16 12:39:00,149.85000610351562,149.8800048828125,149.8000030517578,149.81260681152344,149.81260681152344,55937
2025-07-16 12:40:00,149.8350067138672,149.86000061035156,149.70010375976562,149.7384033203125,149.7384033203125,54822
2025-07-16 12:41:00,149.74000549316406,149.75999450683594,149.66000366210938,149.7050018310547,149.7050018310547,82619
2025-07-16 12:42:00,149.6999969482422,149.74000549316406,149.61199951171875,149.6300048828125,149.6300048828125,98984
2025-07-16 12:43:00,149.625,149.702392578125,149.58700561523438,149.58700561523438,149.58700561523438,58717
2025-07-16 12:44:00,149.58999633789062,149.60499572753906,149.41000366210938,149.43539428710938,149.43539428710938,123645
2025-07-16 12:45:00,149.42999267578125,149.47999572753906,149.22999572753906,149.26609802246094,149.26609802246094,148377
2025-07-16 12:46:00,149.25999450683594,149.2899932861328,149.02999877929688,149.1392059326172,149.1392059326172,197934
2025-07-16 12:47:00,149.08999633789062,149.25990295410156,149.08999633789062,149.1898956298828,149.1898956298828,101329
2025-07-16 12:48:00,149.1750030517578,149.1999969482422,149.0,149.17559814453125,149.17559814453125,107996
2025-07-16 12:49:00,149.1649932861328,149.3000030517578,149.11000061035156,149.27000427246094,149.27000427246094,126144
2025-07-16 12:50:00,149.25,149.27000427246094,149.14999389648438,149.1999969482422,149.1999969482422,73785
2025-07-16 12:51:00,149.1885986328125,149.41000366210938,149.1802978515625,149.40989685058594,149.40989685058594,124896
2025-07-16 12:52:00,149.41000366210938,149.47999572753906,149.3699951171875,149.41000366210938,149.41000366210938,80727
2025-07-16 12:53:00,149.41000366210938,149.41000366210938,149.24000549316406,149.28199768066406,149.28199768066406,89855
2025-07-16 12:54:00,149.3000030517578,149.39999389648438,149.25,149.25,149.25,80543
2025-07-16 12:55:00,149.25,149.25,149.10040283203125,149.14999389648438,149.14999389648438,72105
2025-07-16 12:56:00,149.1302947998047,149.17999267578125,149.06900024414062,149.1699981689453,149.1699981689453,67634
2025-07-16 12:57:00,149.1699981689453,149.2198944091797,149.14810180664062,149.2100067138672,149.2100067138672,55700
2025-07-16 12:58:00,149.22000122070312,149.3000030517578,149.1699981689453,149.25999450683594,149.25999450683594,71012
2025-07-16 12:59:00,149.27499389648438,149.3699951171875,149.27439880371094,149.31500244140625,149.31500244140625,69014
2025-07-16 13:00:00,149.30999755859375,149.39999389648438,149.27000427246094,149.39520263671875,149.39520263671875,72829
2025-07-16 13:01:00,149.38999938964844,149.38999938964844,149.25,149.2969970703125,149.2969970703125,93822
2025-07-16 13:02:00,149.2949981689453,149.36000061035156,149.2100067138672,149.31170654296875,149.31170654296875,60061
2025-07-16 13:03:00,149.30499267578125,149.3800048828125,149.25999450683594,149.3347930908203,149.3347930908203,54871
2025-07-16 13:04:00,149.33999633789062,149.3800048828125,149.3000030517578,149.3466033935547,149.3466033935547,35317
2025-07-16 13:05:00,149.3800048828125,149.4600067138672,149.3249969482422,149.43499755859375,149.43499755859375,86494
2025-07-16 13:06:00,149.4344024658203,149.55990600585938,149.42999267578125,149.52999877929688,149.52999877929688,68080
2025-07-16 13:07:00,149.5399932861328,149.5800018310547,149.49000549316406,149.5050048828125,149.5050048828125,68588
2025-07-16 13:08:00,149.50999450683594,149.6699981689453,149.50999450683594,149.6699981689453,149.6699981689453,78922
2025-07-16 13:09:00,149.66000366210938,149.6699981689453,149.56019592285156,149.58900451660156,149.58900451660156,61278
2025-07-16 13:10:00,149.58999633789062,149.64990234375,149.5601043701172,149.57000732421875,149.57000732421875,38276
2025-07-16 13:11:00,149.57090759277344,149.60000610351562,149.50999450683594,149.53500366210938,149.53500366210938,56456
2025-07-16 13:12:00,149.5498046875,149.60980224609375,149.52000427246094,149.59500122070312,149.59500122070312,45805
2025-07-16 13:13:00,149.5998992919922,149.6300048828125,149.5399932861328,149.5800018310547,149.5800018310547,78987
2025-07-16 13:14:00,149.5800018310547,149.5800018310547,149.47000122070312,149.5699005126953,149.5699005126953,56474
2025-07-16 13:15:00,149.56520080566406,149.5800018310547,149.4499969482422,149.52999877929688,149.52999877929688,39029
2025-07-16 13:16:00,149.52389526367188,149.58990478515625,149.4499969482422,149.58990478515625,149.58990478515625,40550
2025-07-16 13:17:00,149.58999633789062,149.66000366210938,149.51499938964844,149.66000366210938,149.66000366210938,40425
2025-07-16 13:18:00,149.6501007080078,149.65969848632812,149.5102996826172,149.5655975341797,149.5655975341797,52108
2025-07-16 13:19:00,149.5500030517578,149.56300354003906,149.47999572753906,149.5,149.5,24679
2025-07-16 13:20:00,149.50830078125,149.63999938964844,149.46499633789062,149.6376953125,149.6376953125,63075
2025-07-16 13:21:00,149.6300048828125,149.67999267578125,149.5800018310547,149.60000610351562,149.60000610351562,52243
2025-07-16 13:22:00,149.625,149.6699981689453,149.6199951171875,149.65499877929688,149.65499877929688,23949
2025-07-16 13:23:00,149.6699981689453,149.6999969482422,149.60040283203125,149.68930053710938,149.68930053710938,44743
2025-07-16 13:24:00,149.68499755859375,149.69000244140625,149.50999450683594,149.61500549316406,149.61500549316406,70988
2025-07-16 13:25:00,149.61500549316406,149.63400268554688,149.52000427246094,149.55999755859375,149.55999755859375,33785
2025-07-16 13:26:00,149.58999633789062,149.58999633789062,149.42039489746094,149.4550018310547,149.4550018310547,77674
2025-07-16 13:27:00,149.44000244140625,149.5500030517578,149.38999938964844,149.5,149.5,66103
2025-07-16 13:28:00,149.50999450683594,149.50999450683594,149.43040466308594,149.47500610351562,149.47500610351562,31263
2025-07-16 13:29:00,149.49000549316406,149.57960510253906,149.49000549316406,149.5,149.5,60339
2025-07-16 13:30:00,149.52499389648438,149.66009521484375,149.42999267578125,149.63999938964844,149.63999938964844,58270
2025-07-16 13:31:00,149.63999938964844,149.6699981689453,149.61000061035156,149.64999389648438,149.64999389648438,53766
2025-07-16 13:32:00,149.6300048828125,149.64999389648438,149.50030517578125,149.5500030517578,149.5500030517578,37352
2025-07-16 13:33:00,149.51499938964844,149.62950134277344,149.47999572753906,149.6199951171875,149.6199951171875,32912
2025-07-16 13:34:00,149.62060546875,149.72999572753906,149.62060546875,149.65029907226562,149.65029907226562,68306
2025-07-16 13:35:00,149.69000244140625,149.6999969482422,149.6300048828125,149.64999389648438,149.64999389648438,30331
2025-07-16 13:36:00,149.63999938964844,149.67999267578125,149.6226043701172,149.67019653320312,149.67019653320312,19992
2025-07-16 13:37:00,149.6699981689453,149.6699981689453,149.47999572753906,149.5,149.5,91934
2025-07-16 13:38:00,149.4801025390625,149.58929443359375,149.47500610351562,149.47500610351562,149.47500610351562,32039
2025-07-16 13:39:00,149.48989868164062,149.5500030517578,149.4001007080078,149.44000244140625,149.44000244140625,79899
2025-07-16 13:40:00,149.4199981689453,149.47000122070312,149.32000732421875,149.32000732421875,149.32000732421875,99844
2025-07-16 13:41:00,149.32000732421875,149.39999389648438,149.2899932861328,149.30999755859375,149.30999755859375,65317
2025-07-16 13:42:00,149.30999755859375,149.36000061035156,149.1999969482422,149.34959411621094,149.34959411621094,88637
2025-07-16 13:43:00,149.35000610351562,149.4199981689453,149.32000732421875,149.38999938964844,149.38999938964844,69926
2025-07-16 13:44:00,149.38999938964844,149.4199981689453,149.33999633789062,149.4199981689453,149.4199981689453,26390
2025-07-16 13:45:00,149.41990661621094,149.4600067138672,149.30999755859375,149.3249969482422,149.3249969482422,40491
2025-07-16 13:46:00,149.31500244140625,149.44000244140625,149.3000030517578,149.38009643554688,149.38009643554688,28441
2025-07-16 13:47:00,149.43499755859375,149.4499969482422,149.38999938964844,149.44000244140625,149.44000244140625,30880
2025-07-16 13:48:00,149.4398956298828,149.4398956298828,149.3699951171875,149.4055938720703,149.4055938720703,30775
2025-07-16 13:49:00,149.38999938964844,149.4752960205078,149.3739013671875,149.4600067138672,149.4600067138672,35488
2025-07-16 13:50:00,149.4499969482422,149.48660278320312,149.41000366210938,149.4488067626953,149.4488067626953,36561
2025-07-16 13:51:00,149.4250030517578,149.5500030517578,149.41000366210938,149.54989624023438,149.54989624023438,41930
2025-07-16 13:52:00,149.53700256347656,149.5500030517578,149.4600067138672,149.47999572753906,149.47999572753906,26719
2025-07-16 13:53:00,149.4499969482422,149.6300048828125,149.42999267578125,149.61000061035156,149.61000061035156,72005
2025-07-16 13:54:00,149.58099365234375,149.6699981689453,149.52999877929688,149.60499572753906,149.60499572753906,56234
2025-07-16 13:55:00,149.61520385742188,149.67999267578125,149.58999633789062,149.66000366210938,149.66000366210938,34192
2025-07-16 13:56:00,149.64500427246094,149.77999877929688,149.63999938964844,149.74850463867188,149.74850463867188,55159
2025-07-16 13:57:00,149.72999572753906,149.8300018310547,149.67999267578125,149.7991943359375,149.7991943359375,98742
2025-07-16 13:58:00,149.8043975830078,149.82000732421875,149.7301025390625,149.77499389648438,149.77499389648438,47524
2025-07-16 13:59:00,149.77499389648438,149.7899932861328,149.6999969482422,149.75,149.75,43393
2025-07-16 14:00:00,149.75,149.8000030517578,149.72000122070312,149.75,149.75,34454
2025-07-16 14:01:00,149.7550048828125,149.77499389648438,149.7550048828125,149.75999450683594,149.75999450683594,1970
2025-07-16 14:03:00,149.72000122070312,149.77999877929688,149.6999969482422,149.75999450683594,149.75999450683594,164656
2025-07-16 14:04:00,149.7899932861328,149.8697967529297,149.77999877929688,149.86000061035156,149.86000061035156,131223
2025-07-16 14:05:00,149.85000610351562,149.8699951171875,149.75999450683594,149.85009765625,149.85009765625,60487
2025-07-16 14:06:00,149.84500122070312,149.9600067138672,149.81019592285156,149.9199981689453,149.9199981689453,101862
2025-07-16 14:07:00,149.92919921875,150.0399932861328,149.88929748535156,149.99899291992188,149.99899291992188,180445
2025-07-16 14:08:00,150.0,150.07000732421875,149.9600067138672,150.0034942626953,150.0034942626953,57603
2025-07-16 14:09:00,150.00999450683594,150.02000427246094,149.94009399414062,149.99000549316406,149.99000549316406,64588
2025-07-16 14:10:00,149.9886016845703,150.0299072265625,149.85000610351562,149.875,149.875,78268
2025-07-16 14:11:00,149.8800048828125,149.88699340820312,149.75,149.7899932861328,149.7899932861328,55921
2025-07-16 14:12:00,149.78550720214844,149.99000549316406,149.76040649414062,149.97000122070312,149.97000122070312,60533
2025-07-16 14:13:00,149.97500610351562,150.10000610351562,149.97500610351562,150.09500122070312,150.09500122070312,111885
2025-07-16 14:14:00,150.08999633789062,150.10000610351562,150.02999877929688,150.07000732421875,150.07000732421875,78143
2025-07-16 14:15:00,150.08999633789062,150.16000366210938,150.07000732421875,150.1300048828125,150.1300048828125,78605
2025-07-16 14:16:00,150.1295928955078,150.27000427246094,150.12120056152344,150.23500061035156,150.23500061035156,98277
2025-07-16 14:17:00,150.23500061035156,150.27999877929688,150.17999267578125,150.25999450683594,150.25999450683594,66670
2025-07-16 14:18:00,150.24000549316406,150.25680541992188,150.1300048828125,150.13999938964844,150.13999938964844,68626
2025-07-16 14:19:00,150.13009643554688,150.2095947265625,150.1300048828125,150.17990112304688,150.17990112304688,62936
2025-07-16 14:20:00,150.1699981689453,150.1699981689453,150.01019287109375,150.0800018310547,150.0800018310547,80666
2025-07-16 14:21:00,150.09500122070312,150.22999572753906,150.0507049560547,150.22999572753906,150.22999572753906,62137
2025-07-16 14:22:00,150.1999969482422,150.3000030517578,150.1999969482422,150.25999450683594,150.25999450683594,103768
2025-07-16 14:23:00,150.27000427246094,150.3000030517578,150.17999267578125,150.24000549316406,150.24000549316406,51661
2025-07-16 14:24:00,150.25,150.3300018310547,150.23500061035156,150.32000732421875,150.32000732421875,99212
2025-07-16 14:25:00,150.32000732421875,150.38999938964844,150.25010681152344,150.34979248046875,150.34979248046875,77175
2025-07-16 14:26:00,150.34669494628906,150.38999938964844,150.3000030517578,150.35000610351562,150.35000610351562,88905
2025-07-16 14:27:00,150.3800048828125,150.47000122070312,150.3699951171875,150.45559692382812,150.45559692382812,144452
2025-07-16 14:28:00,150.47000122070312,150.5500030517578,150.4600067138672,150.4949951171875,150.4949951171875,255844
2025-07-16 14:29:00,150.4949951171875,150.5800018310547,150.47000122070312,150.5399932861328,150.5399932861328,152425
2025-07-16 14:30:00,150.5500030517578,150.5800018310547,150.4700927734375,150.5,150.5,92912
2025-07-16 14:31:00,150.4949951171875,150.72999572753906,150.48500061035156,150.71009826660156,150.71009826660156,465129
2025-07-16 14:32:00,150.70030212402344,150.8800048828125,150.67999267578125,150.86500549316406,150.86500549316406,269286
2025-07-16 14:33:00,150.85940551757812,150.97999572753906,150.80020141601562,150.83999633789062,150.83999633789062,275148
2025-07-16 14:34:00,150.83999633789062,150.88999938964844,150.8000030517578,150.83859252929688,150.83859252929688,86576
2025-07-16 14:35:00,150.83999633789062,150.94149780273438,150.8000030517578,150.91439819335938,150.91439819335938,117978
2025-07-16 14:36:00,150.9156036376953,151.07460021972656,150.87010192871094,151.0117950439453,151.0117950439453,360744
2025-07-16 14:37:00,151.00999450683594,151.07000732421875,150.9600067138672,150.96270751953125,150.96270751953125,160521
2025-07-16 14:38:00,150.97999572753906,150.97999572753906,150.80499267578125,150.91000366210938,150.91000366210938,172859
2025-07-16 14:39:00,150.906494140625,151.1199951171875,150.86000061035156,151.0800018310547,151.0800018310547,167956
2025-07-16 14:40:00,151.06179809570312,151.25,151.0601043701172,151.16000366210938,151.16000366210938,249066
2025-07-16 14:41:00,151.16969299316406,151.33999633789062,151.10009765625,151.30999755859375,151.30999755859375,195493
2025-07-16 14:42:00,151.30999755859375,151.3800048828125,151.1999969482422,151.2198944091797,151.2198944091797,221212
2025-07-16 14:43:00,151.22000122070312,151.3699951171875,151.21499633789062,151.29010009765625,151.29010009765625,130541
2025-07-16 14:44:00,151.2899932861328,151.35000610351562,151.2404022216797,151.3199005126953,151.3199005126953,109783
2025-07-16 14:45:00,151.32000732421875,151.33999633789062,151.05999755859375,151.05999755859375,151.05999755859375,199494
2025-07-16 14:46:00,151.05999755859375,151.1529998779297,151.0500030517578,151.1199951171875,151.1199951171875,120668
2025-07-16 14:47:00,151.10499572753906,151.11549377441406,151.02999877929688,151.06350708007812,151.06350708007812,103774
2025-07-16 14:48:00,151.0800018310547,151.31500244140625,151.0399932861328,151.0644073486328,151.0644073486328,214451
2025-07-16 14:49:00,151.06500244140625,151.14999389648438,151.0196075439453,151.07000732421875,151.07000732421875,113015
2025-07-16 14:50:00,151.0449981689453,151.05999755859375,150.88999938964844,150.9149932861328,150.9149932861328,145141
2025-07-16 14:51:00,150.9199981689453,151.11000061035156,150.9199981689453,151.01939392089844,151.01939392089844,92928
2025-07-16 14:52:00,151.01499938964844,151.10000610351562,150.9600067138672,151.05029296875,151.05029296875,89597
2025-07-16 14:53:00,151.0655975341797,151.0800018310547,150.92999267578125,150.9600067138672,150.9600067138672,92899
2025-07-16 14:54:00,150.97999572753906,151.14999389648438,150.97000122070312,151.11000061035156,151.11000061035156,109378
2025-07-16 14:55:00,151.11000061035156,151.14999389648438,150.97999572753906,151.14990234375,151.14990234375,99932
2025-07-16 14:56:00,151.1300048828125,151.25,151.0800018310547,151.11000061035156,151.11000061035156,114131
2025-07-16 14:57:00,151.11000061035156,151.1300048828125,151.02000427246094,151.08999633789062,151.08999633789062,44536
2025-07-16 14:58:00,151.08009338378906,151.1300048828125,151.0,151.01930236816406,151.01930236816406,51592
2025-07-16 14:59:00,151.00929260253906,151.0399932861328,150.99600219726562,151.00999450683594,151.00999450683594,52253
2025-07-16 15:00:00,151.01499938964844,151.14999389648438,150.94009399414062,151.1466064453125,151.1466064453125,118715
2025-07-16 15:01:00,151.14999389648438,151.25,151.02000427246094,151.22000122070312,151.22000122070312,125252
2025-07-16 15:02:00,151.22000122070312,151.25999450683594,151.14999389648438,151.1501007080078,151.1501007080078,84506
2025-07-16 15:03:00,151.1699981689453,151.19000244140625,151.11000061035156,151.1699981689453,151.1699981689453,58234
2025-07-16 15:04:00,151.19000244140625,151.24000549316406,151.16009521484375,151.2100067138672,151.2100067138672,95382
2025-07-16 15:05:00,151.2100067138672,151.3000030517578,151.08999633789062,151.25,151.25,150258
2025-07-16 15:06:00,151.23899841308594,151.4199981689453,151.20010375976562,151.36000061035156,151.36000061035156,147580
2025-07-16 15:07:00,151.36000061035156,151.38999938964844,151.3000030517578,151.35000610351562,151.35000610351562,90662
2025-07-16 15:08:00,151.35440063476562,151.3699951171875,151.2100067138672,151.2100067138672,151.2100067138672,109829
2025-07-16 15:09:00,151.22999572753906,151.22999572753906,151.08999633789062,151.1300048828125,151.1300048828125,100287
2025-07-16 15:10:00,151.11000061035156,151.14999389648438,151.0500030517578,151.0800018310547,151.0800018310547,89367
2025-07-16 15:11:00,151.0749969482422,151.2198028564453,151.0749969482422,151.19000244140625,151.19000244140625,70633
2025-07-16 15:12:00,151.18280029296875,151.27000427246094,151.13999938964844,151.22250366210938,151.22250366210938,128345
2025-07-16 15:13:00,151.24000549316406,151.2899932861328,151.1999969482422,151.2050018310547,151.2050018310547,121569
2025-07-16 15:14:00,151.1999969482422,151.20989990234375,151.1199951171875,151.13499450683594,151.13499450683594,45430
2025-07-16 15:15:00,151.13999938964844,151.1999053955078,151.13999938964844,151.16000366210938,151.16000366210938,40945
2025-07-16 15:16:00,151.15499877929688,151.22000122070312,151.10000610351562,151.11000061035156,151.11000061035156,56218
2025-07-16 15:17:00,151.1199951171875,151.13999938964844,151.00999450683594,151.10299682617188,151.10299682617188,94294
2025-07-16 15:18:00,151.11000061035156,151.14999389648438,151.0800018310547,151.1300048828125,151.1300048828125,64396
2025-07-16 15:19:00,151.1300048828125,151.3000030517578,151.1300048828125,151.15960693359375,151.15960693359375,116496
2025-07-16 15:20:00,151.16000366210938,151.1697998046875,151.05999755859375,151.0666046142578,151.0666046142578,78980
2025-07-16 15:21:00,151.06019592285156,151.15980529785156,151.02999877929688,151.13999938964844,151.13999938964844,76746
2025-07-16 15:22:00,151.13499450683594,151.13499450683594,151.02000427246094,151.02000427246094,151.02000427246094,64310
2025-07-16 15:23:00,151.01019287109375,151.02999877929688,150.92999267578125,151.0032958984375,151.0032958984375,150605
2025-07-16 15:24:00,151.0050048828125,151.08999633789062,151.0,151.02000427246094,151.02000427246094,70355
2025-07-16 15:25:00,151.01010131835938,151.06500244140625,150.9716033935547,151.06500244140625,151.06500244140625,70104
2025-07-16 15:26:00,151.07000732421875,151.13040161132812,151.00999450683594,151.0399932861328,151.0399932861328,64741
2025-07-16 15:27:00,151.05780029296875,151.0897979736328,150.9987030029297,151.05999755859375,151.05999755859375,93059
2025-07-16 15:28:00,151.06500244140625,151.07000732421875,150.9801025390625,150.99000549316406,150.99000549316406,58054
2025-07-16 15:29:00,150.99000549316406,151.0399932861328,150.9600067138672,151.0399932861328,151.0399932861328,77926
2025-07-16 15:30:00,151.02000427246094,151.14999389648438,150.92010498046875,151.1300048828125,151.1300048828125,140725
2025-07-16 15:31:00,151.1300048828125,151.22999572753906,151.05999755859375,151.0850067138672,151.0850067138672,119979
2025-07-16 15:32:00,151.0843963623047,151.2198944091797,151.07789611816406,151.14999389648438,151.14999389648438,84194
2025-07-16 15:33:00,151.16000366210938,151.39999389648438,151.16000366210938,151.32000732421875,151.32000732421875,150500
2025-07-16 15:34:00,151.31500244140625,151.34750366210938,151.24000549316406,151.25,151.25,61252
2025-07-16 15:35:00,151.26499938964844,151.3699951171875,151.1999969482422,151.20030212402344,151.20030212402344,160760
2025-07-16 15:36:00,151.20440673828125,151.2100067138672,151.0800018310547,151.17999267578125,151.17999267578125,81152
2025-07-16 15:37:00,151.18499755859375,151.32000732421875,151.16000366210938,151.24989318847656,151.24989318847656,101176
2025-07-16 15:38:00,151.24000549316406,151.3000030517578,151.2100067138672,151.27999877929688,151.27999877929688,79387
2025-07-16 15:39:00,151.2899932861328,151.36000061035156,151.25,151.30979919433594,151.30979919433594,117659
2025-07-16 15:40:00,151.30039978027344,151.40069580078125,151.27999877929688,151.39999389648438,151.39999389648438,145816
2025-07-16 15:41:00,151.40040588378906,151.414306640625,151.2799072265625,151.3000030517578,151.3000030517578,138719
2025-07-16 15:42:00,151.30990600585938,151.39999389648438,151.27000427246094,151.30999755859375,151.30999755859375,153847
2025-07-16 15:43:00,151.30999755859375,151.3300018310547,151.2100067138672,151.24000549316406,151.24000549316406,87062
2025-07-16 15:44:00,151.25,151.27999877929688,151.2100067138672,151.25,151.25,65406
2025-07-16 15:45:00,151.24000549316406,151.24000549316406,151.1199951171875,151.1865997314453,151.1865997314453,146388
2025-07-16 15:46:00,151.17999267578125,151.50999450683594,151.07000732421875,151.38999938964844,151.38999938964844,280693
2025-07-16 15:47:00,151.3997039794922,151.41000366210938,151.27999877929688,151.30999755859375,151.30999755859375,98523
2025-07-16 15:48:00,151.32000732421875,151.3354034423828,151.24000549316406,151.2895050048828,151.2895050048828,60965
2025-07-16 15:49:00,151.27999877929688,151.27999877929688,151.14999389648438,151.17730712890625,151.17730712890625,108873
2025-07-16 15:50:00,151.14999389648438,151.17999267578125,151.05999755859375,151.16000366210938,151.16000366210938,157008
2025-07-16 15:51:00,151.14999389648438,151.17909240722656,151.0800018310547,151.16549682617188,151.16549682617188,95711
2025-07-16 15:52:00,151.16000366210938,151.3699951171875,151.16000366210938,151.26980590820312,151.26980590820312,205295
2025-07-16 15:53:00,151.27000427246094,151.30499267578125,151.1199951171875,151.1300048828125,151.1300048828125,172706
2025-07-16 15:54:00,151.13999938964844,151.3699951171875,151.1199951171875,151.3000030517578,151.3000030517578,177575
2025-07-16 15:55:00,151.3000030517578,151.34500122070312,150.94000244140625,151.05999755859375,151.05999755859375,306115
2025-07-16 15:56:00,151.05999755859375,151.09970092773438,150.9149932861328,150.9600067138672,150.9600067138672,162895
2025-07-16 15:57:00,150.97000122070312,151.16990661621094,150.97000122070312,151.0500946044922,151.0500946044922,210831
2025-07-16 15:58:00,151.0500030517578,151.0500030517578,150.9499969482422,150.9700927734375,150.9700927734375,207423
2025-07-16 15:59:00,150.97999572753906,150.97999572753906,150.8699951171875,150.89999389648438,150.89999389648438,366190
2025-07-17 00:00:00,151.55999755859375,155.67999267578125,150.82000732421875,153.99000549316406,153.99000549316406,60165500
2025-07-17 09:30:00,151.57000732421875,151.89999389648438,151.02999877929688,151.72940063476562,151.72940063476562,1952313
2025-07-17 09:31:00,151.72940063476562,152.36000061035156,151.41000366210938,151.56500244140625,151.56500244140625,496451
2025-07-17 09:32:00,151.5959930419922,151.77999877929688,150.91000366210938,151.27999877929688,151.27999877929688,421503
2025-07-17 09:33:00,151.3000030517578,151.9600067138672,151.0500030517578,151.27000427246094,151.27000427246094,316900
2025-07-17 09:34:00,151.27999877929688,151.35000610351562,150.85000610351562,151.20359802246094,151.20359802246094,364355
2025-07-17 09:35:00,151.12010192871094,151.6300048828125,151.08889770507812,151.30999755859375,151.30999755859375,237789
2025-07-17 09:36:00,151.32000732421875,151.33700561523438,151.0,151.06500244140625,151.06500244140625,189322
2025-07-17 09:37:00,151.06500244140625,151.25,150.82000732421875,151.25,151.25,254474
2025-07-17 09:38:00,151.24000549316406,151.2899932861328,151.0299072265625,151.08999633789062,151.08999633789062,135103
2025-07-17 09:39:00,151.10989379882812,151.27000427246094,151.0720977783203,151.1999969482422,151.1999969482422,178126
2025-07-17 09:40:00,151.2100067138672,151.49000549316406,151.0,151.1199951171875,151.1199951171875,310102
2025-07-17 09:41:00,151.1300048828125,151.67320251464844,151.07000732421875,151.65499877929688,151.65499877929688,361853
2025-07-17 09:42:00,151.6300048828125,151.8699951171875,151.5449981689453,151.7592010498047,151.7592010498047,316397
2025-07-17 09:43:00,151.72439575195312,151.75999450683594,151.2899932861328,151.39999389648438,151.39999389648438,309987
2025-07-17 09:44:00,151.39999389648438,151.40960693359375,151.16000366210938,151.25,151.25,163883
2025-07-17 09:45:00,151.25,151.72000122070312,151.25,151.64599609375,151.64599609375,198282
2025-07-17 09:46:00,151.64309692382812,152.02000427246094,151.6199951171875,151.6802978515625,151.6802978515625,353410
2025-07-17 09:47:00,151.6699981689453,151.72999572753906,151.32000732421875,151.40499877929688,151.40499877929688,208347
2025-07-17 09:48:00,151.40499877929688,151.74000549316406,151.36000061035156,151.72999572753906,151.72999572753906,159102
2025-07-17 09:49:00,151.73959350585938,151.85000610351562,151.39999389648438,151.52999877929688,151.52999877929688,225642
2025-07-17 09:50:00,151.52999877929688,151.63999938964844,151.25999450683594,151.4199981689453,151.4199981689453,175611
2025-07-17 09:51:00,151.4149932861328,151.72000122070312,151.3800048828125,151.72000122070312,151.72000122070312,186307
2025-07-17 09:52:00,151.67100524902344,151.8896026611328,151.53579711914062,151.82000732421875,151.82000732421875,264864
2025-07-17 09:53:00,151.82069396972656,151.9499969482422,151.7700958251953,151.8800048828125,151.8800048828125,189999
2025-07-17 09:54:00,151.84750366210938,151.97999572753906,151.7700958251953,151.92999267578125,151.92999267578125,208912
2025-07-17 09:55:00,151.92999267578125,152.07000732421875,151.8000030517578,151.93040466308594,151.93040466308594,240323
2025-07-17 09:56:00,151.95799255371094,152.1300048828125,151.8300018310547,151.9239959716797,151.9239959716797,186238
2025-07-17 09:57:00,151.93679809570312,152.27999877929688,151.91000366210938,152.22999572753906,152.22999572753906,272029
2025-07-17 09:58:00,152.25,152.25,152.02000427246094,152.16000366210938,152.16000366210938,213128
2025-07-17 09:59:00,152.13999938964844,152.39999389648438,152.12869262695312,152.29730224609375,152.29730224609375,281090
2025-07-17 10:00:00,152.32839965820312,152.55999755859375,152.1804962158203,152.29190063476562,152.29190063476562,394834
2025-07-17 10:01:00,152.29139709472656,152.39999389648438,152.0399932861328,152.28439331054688,152.28439331054688,263013
2025-07-17 10:02:00,152.28500366210938,152.3000030517578,151.8572998046875,152.12440490722656,152.12440490722656,232904
2025-07-17 10:03:00,152.11000061035156,152.24000549316406,151.99000549316406,152.14999389648438,152.14999389648438,170627
2025-07-17 10:04:00,152.19500732421875,152.30999755859375,152.00680541992188,152.27000427246094,152.27000427246094,152665
2025-07-17 10:05:00,152.25950622558594,152.44000244140625,152.13999938964844,152.4250030517578,152.4250030517578,201066
2025-07-17 10:06:00,152.44000244140625,152.60000610351562,152.35000610351562,152.47000122070312,152.47000122070312,276367
2025-07-17 10:07:00,152.4553985595703,152.6300048828125,152.27999877929688,152.3000030517578,152.3000030517578,231194
2025-07-17 10:08:00,152.3350067138672,152.42990112304688,152.27000427246094,152.32000732421875,152.32000732421875,112672
2025-07-17 10:09:00,152.27999877929688,152.5,152.0399932861328,152.5,152.5,243791
2025-07-17 10:10:00,152.48019409179688,152.64999389648438,152.4199981689453,152.52000427246094,152.52000427246094,248879
2025-07-17 10:11:00,152.52000427246094,152.52000427246094,152.13009643554688,152.22500610351562,152.22500610351562,227542
2025-07-17 10:12:00,152.23989868164062,152.60879516601562,152.22999572753906,152.49000549316406,152.49000549316406,190926
2025-07-17 10:13:00,152.5,152.75,152.45010375976562,152.64999389648438,152.64999389648438,218978
2025-07-17 10:14:00,152.65440368652344,152.78990173339844,152.6002960205078,152.7100067138672,152.7100067138672,153811
2025-07-17 10:15:00,152.69000244140625,152.9199981689453,152.64999389648438,152.8249969482422,152.8249969482422,296472
2025-07-17 10:16:00,152.8300018310547,152.9550018310547,152.8000030517578,152.8699951171875,152.8699951171875,212861
2025-07-17 10:17:00,152.8699951171875,153.0800018310547,152.77999877929688,153.0399932861328,153.0399932861328,371810
2025-07-17 10:18:00,153.03970336914062,153.08900451660156,152.91000366210938,153.06979370117188,153.06979370117188,194845
2025-07-17 10:19:00,153.07000732421875,153.1300048828125,152.97000122070312,153.0196075439453,153.0196075439453,191975
2025-07-17 10:20:00,153.01919555664062,153.14999389648438,152.57000732421875,152.639892578125,152.639892578125,323359
2025-07-17 10:21:00,152.60020446777344,152.67999267578125,152.48080444335938,152.49549865722656,152.49549865722656,178715
2025-07-17 10:22:00,152.48500061035156,152.48989868164062,152.1699981689453,152.17999267578125,152.17999267578125,247719
2025-07-17 10:23:00,152.16969299316406,152.16969299316406,151.8300018310547,151.97999572753906,151.97999572753906,366631
2025-07-17 10:24:00,151.97999572753906,152.03030395507812,151.8000946044922,151.85000610351562,151.85000610351562,217833
2025-07-17 10:25:00,151.83999633789062,151.88999938964844,151.64059448242188,151.88999938964844,151.88999938964844,291491
2025-07-17 10:26:00,151.8699951171875,152.17999267578125,151.8603973388672,152.12289428710938,152.12289428710938,266066
2025-07-17 10:27:00,152.1199951171875,152.38999938964844,152.08999633789062,152.29730224609375,152.29730224609375,232346
2025-07-17 10:28:00,152.30999755859375,152.5399932861328,152.2364959716797,152.2364959716797,152.2364959716797,282652
2025-07-17 10:29:00,152.2301025390625,152.32000732421875,152.0399932861328,152.13589477539062,152.13589477539062,144432
2025-07-17 10:30:00,152.11279296875,152.3300018310547,152.06039428710938,152.0800018310547,152.0800018310547,152721
2025-07-17 10:31:00,152.09500122070312,152.22999572753906,151.89999389648438,152.0399932861328,152.0399932861328,203612
2025-07-17 10:32:00,152.00999450683594,152.2899932861328,151.97630310058594,152.2899932861328,152.2899932861328,156613
2025-07-17 10:33:00,152.27499389648438,152.35000610351562,152.0897979736328,152.22000122070312,152.22000122070312,134539
2025-07-17 10:34:00,152.24000549316406,152.35000610351562,152.0,152.04600524902344,152.04600524902344,214079
2025-07-17 10:35:00,152.04400634765625,152.14999389648438,151.9499969482422,152.0102996826172,152.0102996826172,151566
2025-07-17 10:36:00,151.99000549316406,152.05999755859375,151.8000030517578,151.85000610351562,151.85000610351562,151710
2025-07-17 10:37:00,151.86000061035156,152.0644989013672,151.69000244140625,152.02920532226562,152.02920532226562,207168
2025-07-17 10:38:00,152.00999450683594,152.19000244140625,151.8800048828125,151.92559814453125,151.92559814453125,218011
2025-07-17 10:39:00,151.9250030517578,152.10000610351562,151.87049865722656,151.9844970703125,151.9844970703125,92284
2025-07-17 10:40:00,151.93699645996094,152.02960205078125,151.86000061035156,152.0050048828125,152.0050048828125,74216
2025-07-17 10:41:00,151.97999572753906,152.0699005126953,151.72000122070312,151.80029296875,151.80029296875,240050
2025-07-17 10:42:00,151.83999633789062,151.97000122070312,151.8000946044922,151.87319946289062,151.87319946289062,83760
2025-07-17 10:43:00,151.8800048828125,152.0800018310547,151.86000061035156,152.00999450683594,152.00999450683594,89030
2025-07-17 10:44:00,151.9949951171875,152.0399932861328,151.8300018310547,152.02999877929688,152.02999877929688,116060
2025-07-17 10:45:00,152.03030395507812,152.17849731445312,152.03030395507812,152.11500549316406,152.11500549316406,149962
2025-07-17 10:46:00,152.10960388183594,152.44000244140625,152.10000610351562,152.3800048828125,152.3800048828125,214228
2025-07-17 10:47:00,152.375,152.47000122070312,152.30999755859375,152.35499572753906,152.35499572753906,168942
2025-07-17 10:48:00,152.36000061035156,152.52000427246094,152.3300018310547,152.48390197753906,152.48390197753906,125139
2025-07-17 10:49:00,152.49989318847656,152.6699981689453,152.42999267578125,152.64959716796875,152.64959716796875,181013
2025-07-17 10:50:00,152.65499877929688,152.72000122070312,152.6199951171875,152.6699981689453,152.6699981689453,159732
2025-07-17 10:51:00,152.65499877929688,152.7104034423828,152.57000732421875,152.6199951171875,152.6199951171875,118542
2025-07-17 10:52:00,152.61500549316406,152.61500549316406,152.41000366210938,152.4499969482422,152.4499969482422,160681
2025-07-17 10:53:00,152.456298828125,152.52999877929688,152.31900024414062,152.4199981689453,152.4199981689453,141306
2025-07-17 10:54:00,152.41000366210938,152.42999267578125,152.25,152.27000427246094,152.27000427246094,147034
2025-07-17 10:55:00,152.28439331054688,152.42999267578125,152.24000549316406,152.39999389648438,152.39999389648438,111344
2025-07-17 10:56:00,152.40440368652344,152.60960388183594,152.34019470214844,152.51370239257812,152.51370239257812,172730
2025-07-17 10:57:00,152.52940368652344,152.54600524902344,152.33059692382812,152.3800048828125,152.3800048828125,94366
2025-07-17 10:58:00,152.39500427246094,152.5198974609375,152.3699951171875,152.4550018310547,152.4550018310547,68759
2025-07-17 10:59:00,152.4550018310547,152.6699981689453,152.4550018310547,152.6699981689453,152.6699981689453,110320
2025-07-17 11:00:00,152.65499877929688,152.9600067138672,152.6508026123047,152.9600067138672,152.9600067138672,211999
2025-07-17 11:01:00,152.9550018310547,153.23680114746094,152.95480346679688,153.01390075683594,153.01390075683594,387232
2025-07-17 11:02:00,153.02450561523438,153.19000244140625,153.02020263671875,153.14999389648438,153.14999389648438,182760
2025-07-17 11:03:00,153.13999938964844,153.1999969482422,153.0500946044922,153.1699981689453,153.1699981689453,180136
2025-07-17 11:04:00,153.1699981689453,153.24000549316406,153.1300048828125,153.19000244140625,153.19000244140625,170561
2025-07-17 11:05:00,153.22999572753906,153.5894012451172,153.22999572753906,153.50999450683594,153.50999450683594,394277
2025-07-17 11:06:00,153.5081024169922,153.5800018310547,153.41000366210938,153.47999572753906,153.47999572753906,197093
2025-07-17 11:07:00,153.46499633789062,153.47999572753906,153.30929565429688,153.3800048828125,153.3800048828125,199999
2025-07-17 11:08:00,153.38999938964844,153.44960021972656,153.14500427246094,153.14500427246094,153.14500427246094,142747
2025-07-17 11:09:00,153.14999389648438,153.30999755859375,153.02999877929688,153.19000244140625,153.19000244140625,176691
2025-07-17 11:10:00,153.19500732421875,153.2100067138672,152.8697967529297,152.90029907226562,152.90029907226562,206996
2025-07-17 11:11:00,152.89999389648438,153.0,152.82000732421875,152.92999267578125,152.92999267578125,138954
2025-07-17 11:12:00,152.94000244140625,153.0500030517578,152.86000061035156,152.9499969482422,152.9499969482422,93907
2025-07-17 11:13:00,152.9355926513672,153.10000610351562,152.9355926513672,153.02969360351562,153.02969360351562,100860
2025-07-17 11:14:00,153.00059509277344,153.21499633789062,152.92999267578125,153.125,153.125,122580
2025-07-17 11:15:00,153.13450622558594,153.30999755859375,153.13450622558594,153.25,153.25,112899
2025-07-17 11:16:00,153.27999877929688,153.4897003173828,153.25,153.47970581054688,153.47970581054688,161494
2025-07-17 11:17:00,153.4499969482422,153.49000549316406,153.2100067138672,153.2100067138672,153.2100067138672,153403
2025-07-17 11:18:00,153.24000549316406,153.27000427246094,153.1300048828125,153.14959716796875,153.14959716796875,103168
2025-07-17 11:19:00,153.15969848632812,153.35000610351562,153.13999938964844,153.32000732421875,153.32000732421875,117868
2025-07-17 11:20:00,153.30999755859375,153.32550048828125,153.02000427246094,153.0399932861328,153.0399932861328,113418
2025-07-17 11:21:00,153.0399932861328,153.11000061035156,152.8000030517578,152.8300018310547,152.8300018310547,167089
2025-07-17 11:22:00,152.83999633789062,152.91000366210938,152.75140380859375,152.80499267578125,152.80499267578125,123056
2025-07-17 11:23:00,152.80999755859375,152.82000732421875,152.6199951171875,152.6999969482422,152.6999969482422,127229
2025-07-17 11:24:00,152.71499633789062,152.80999755859375,152.64999389648438,152.76370239257812,152.76370239257812,118130
2025-07-17 11:25:00,152.77000427246094,152.8699951171875,152.72030639648438,152.76040649414062,152.76040649414062,106321
2025-07-17 11:26:00,152.76040649414062,152.8000030517578,152.62600708007812,152.7200927734375,152.7200927734375,72350
2025-07-17 11:27:00,152.72000122070312,152.75,152.59010314941406,152.7200927734375,152.7200927734375,80266
2025-07-17 11:28:00,152.7449951171875,152.77999877929688,152.6448974609375,152.73500061035156,152.73500061035156,63745
2025-07-17 11:29:00,152.72999572753906,152.72999572753906,152.55999755859375,152.69000244140625,152.69000244140625,95041
2025-07-17 11:30:00,152.69000244140625,152.74000549316406,152.6199951171875,152.70550537109375,152.70550537109375,59109
2025-07-17 11:31:00,152.7061004638672,152.74000549316406,152.64999389648438,152.73280334472656,152.73280334472656,71868
2025-07-17 11:32:00,152.74989318847656,152.86000061035156,152.69000244140625,152.85519409179688,152.85519409179688,98850
2025-07-17 11:33:00,152.85000610351562,152.85060119628906,152.6199951171875,152.73500061035156,152.73500061035156,116641
2025-07-17 11:34:00,152.72999572753906,153.0500030517578,152.70880126953125,152.9949951171875,152.9949951171875,166629
2025-07-17 11:35:00,152.99560546875,153.27499389648438,152.9600067138672,153.27499389648438,153.27499389648438,211766
2025-07-17 11:36:00,153.27000427246094,153.36990356445312,153.24000549316406,153.2689971923828,153.2689971923828,155505
2025-07-17 11:37:00,153.2698974609375,153.35000610351562,153.21009826660156,153.3300018310547,153.3300018310547,153459
2025-07-17 11:38:00,153.30499267578125,153.32989501953125,153.2100067138672,153.24659729003906,153.24659729003906,88528
2025-07-17 11:39:00,153.25979614257812,153.30999755859375,153.1999969482422,153.25999450683594,153.25999450683594,103702
2025-07-17 11:40:00,153.25,153.42999267578125,153.22630310058594,153.36749267578125,153.36749267578125,126541
2025-07-17 11:41:00,153.3800048828125,153.47000122070312,153.33999633789062,153.3800048828125,153.3800048828125,99967
2025-07-17 11:42:00,153.36000061035156,153.439697265625,153.33999633789062,153.39010620117188,153.39010620117188,82779
2025-07-17 11:43:00,153.40040588378906,153.47000122070312,153.36500549316406,153.4550018310547,153.4550018310547,80886
2025-07-17 11:44:00,153.44009399414062,153.66990661621094,153.44009399414062,153.64700317382812,153.64700317382812,301860
2025-07-17 11:45:00,153.6300048828125,153.66000366210938,153.47189331054688,153.52999877929688,153.52999877929688,151443
2025-07-17 11:46:00,153.52000427246094,153.67999267578125,153.50999450683594,153.64759826660156,153.64759826660156,131788
2025-07-17 11:47:00,153.66000366210938,153.75999450683594,153.57000732421875,153.57000732421875,153.57000732421875,181944
2025-07-17 11:48:00,153.57000732421875,153.72999572753906,153.55999755859375,153.6968994140625,153.6968994140625,108939
2025-07-17 11:49:00,153.6927947998047,153.83999633789062,153.69000244140625,153.7301025390625,153.7301025390625,191268
2025-07-17 11:50:00,153.74000549316406,153.86000061035156,153.7100067138672,153.75,153.75,187014
2025-07-17 11:51:00,153.7303924560547,153.89999389648438,153.7303924560547,153.87899780273438,153.87899780273438,121699
2025-07-17 11:52:00,153.8699951171875,153.91000366210938,153.7801971435547,153.781005859375,153.781005859375,122358
2025-07-17 11:53:00,153.7899932861328,153.8800048828125,153.72000122070312,153.82000732421875,153.82000732421875,124209
2025-07-17 11:54:00,153.84449768066406,153.8800048828125,153.5229949951172,153.72000122070312,153.72000122070312,174109
2025-07-17 11:55:00,153.68499755859375,153.8699951171875,153.68499755859375,153.8000030517578,153.8000030517578,207327
2025-07-17 11:56:00,153.80999755859375,153.83999633789062,153.5,153.60000610351562,153.60000610351562,151657
2025-07-17 11:57:00,153.61000061035156,153.65989685058594,153.38999938964844,153.4499969482422,153.4499969482422,137117
2025-07-17 11:58:00,153.42999267578125,153.60000610351562,153.41600036621094,153.58250427246094,153.58250427246094,72398
2025-07-17 11:59:00,153.57000732421875,153.5919952392578,153.3699951171875,153.43980407714844,153.43980407714844,108176
2025-07-17 12:00:00,153.4427947998047,153.58999633789062,153.43699645996094,153.52000427246094,153.52000427246094,86219
2025-07-17 12:01:00,153.52000427246094,153.67039489746094,153.44000244140625,153.51499938964844,153.51499938964844,121462
2025-07-17 12:02:00,153.5137939453125,153.5500030517578,153.42999267578125,153.5500030517578,153.5500030517578,62897
2025-07-17 12:03:00,153.53500366210938,153.61500549316406,153.50799560546875,153.52999877929688,153.52999877929688,64308
2025-07-17 12:04:00,153.5500030517578,153.75,153.5196075439453,153.64990234375,153.64990234375,117723
2025-07-17 12:05:00,153.63499450683594,153.7100067138672,153.5800018310547,153.58999633789062,153.58999633789062,77591
2025-07-17 12:06:00,153.60450744628906,153.77000427246094,153.60450744628906,153.622802734375,153.622802734375,112959
2025-07-17 12:07:00,153.6300048828125,153.77999877929688,153.60000610351562,153.63999938964844,153.63999938964844,301137
2025-07-17 12:08:00,153.64999389648438,153.6999969482422,153.59500122070312,153.64959716796875,153.64959716796875,52718
2025-07-17 12:09:00,153.63999938964844,153.69000244140625,153.55999755859375,153.59339904785156,153.59339904785156,80710
2025-07-17 12:10:00,153.60000610351562,153.6999969482422,153.58999633789062,153.6002960205078,153.6002960205078,73460
2025-07-17 12:11:00,153.59500122070312,153.75,153.57000732421875,153.6999969482422,153.6999969482422,81916
2025-07-17 12:12:00,153.72999572753906,153.8699951171875,153.7100067138672,153.8126983642578,153.8126983642578,147773
2025-07-17 12:13:00,153.8148956298828,153.85000610351562,153.6750030517578,153.72999572753906,153.72999572753906,64469
2025-07-17 12:14:00,153.7050018310547,153.7799072265625,153.6844024658203,153.74000549316406,153.74000549316406,53776
2025-07-17 12:15:00,153.7550048828125,153.77000427246094,153.5800018310547,153.5944061279297,153.5944061279297,88203
2025-07-17 12:16:00,153.5800018310547,153.69659423828125,153.55999755859375,153.64999389648438,153.64999389648438,56708
2025-07-17 12:17:00,153.64500427246094,153.77999877929688,153.60009765625,153.6300048828125,153.6300048828125,1108881
2025-07-17 12:18:00,153.6300048828125,153.75999450683594,153.59500122070312,153.71499633789062,153.71499633789062,49228
2025-07-17 12:19:00,153.72999572753906,153.77999877929688,153.58999633789062,153.63999938964844,153.63999938964844,61570
2025-07-17 12:20:00,153.61500549316406,153.7100067138672,153.5800018310547,153.70399475097656,153.70399475097656,54946
2025-07-17 12:21:00,153.72000122070312,153.78500366210938,153.5894012451172,153.6300048828125,153.6300048828125,94055
2025-07-17 12:22:00,153.61000061035156,153.63999938964844,153.5200958251953,153.52999877929688,153.52999877929688,61342
2025-07-17 12:23:00,153.5449981689453,153.74029541015625,153.5,153.74000549316406,153.74000549316406,108951
2025-07-17 12:24:00,153.689697265625,153.8800048828125,153.6699981689453,153.72999572753906,153.72999572753906,112447
2025-07-17 12:25:00,153.7100067138672,153.72000122070312,153.58999633789062,153.63870239257812,153.63870239257812,79080
2025-07-17 12:26:00,153.66000366210938,153.74000549316406,153.63999938964844,153.68130493164062,153.68130493164062,45668
2025-07-17 12:27:00,153.67010498046875,153.67010498046875,153.52000427246094,153.54530334472656,153.54530334472656,65594
2025-07-17 12:28:00,153.52000427246094,153.52999877929688,153.3502960205078,153.3760986328125,153.3760986328125,119536
2025-07-17 12:29:00,153.35000610351562,153.45449829101562,153.289306640625,153.38999938964844,153.38999938964844,96706
2025-07-17 12:30:00,153.39999389648438,153.43930053710938,153.25999450683594,153.2899932861328,153.2899932861328,86530
2025-07-17 12:31:00,153.30499267578125,153.42999267578125,153.24000549316406,153.3800048828125,153.3800048828125,73473
2025-07-17 12:32:00,153.36050415039062,153.57000732421875,153.33999633789062,153.54989624023438,153.54989624023438,70624
2025-07-17 12:33:00,153.5399932861328,153.58999633789062,153.4842987060547,153.56500244140625,153.56500244140625,70854
2025-07-17 12:34:00,153.5500030517578,153.5800018310547,153.4300994873047,153.47000122070312,153.47000122070312,40515
2025-07-17 12:35:00,153.4604034423828,153.47450256347656,153.39999389648438,153.4658966064453,153.4658966064453,43702
2025-07-17 12:36:00,153.46499633789062,153.57000732421875,153.38999938964844,153.41000366210938,153.41000366210938,38404
2025-07-17 12:37:00,153.38999938964844,153.38999938964844,153.3054962158203,153.32969665527344,153.32969665527344,65007
2025-07-17 12:38:00,153.30999755859375,153.39610290527344,153.3000030517578,153.3704071044922,153.3704071044922,53378
2025-07-17 12:39:00,153.38560485839844,153.47999572753906,153.32000732421875,153.44009399414062,153.44009399414062,59144
2025-07-17 12:40:00,153.46449279785156,153.57000732421875,153.44439697265625,153.54119873046875,153.54119873046875,45358
2025-07-17 12:41:00,153.55859375,153.57000732421875,153.47999572753906,153.54989624023438,153.54989624023438,48551
2025-07-17 12:42:00,153.55999755859375,153.58999633789062,153.47000122070312,153.5500030517578,153.5500030517578,34672
2025-07-17 12:43:00,153.57000732421875,153.6999969482422,153.5399932861328,153.6829071044922,153.6829071044922,60711
2025-07-17 12:44:00,153.66549682617188,153.6999969482422,153.56309509277344,153.63499450683594,153.63499450683594,46602
2025-07-17 12:45:00,153.6072998046875,153.67999267578125,153.50999450683594,153.67999267578125,153.67999267578125,47580
2025-07-17 12:46:00,153.6750030517578,153.8000030517578,153.6199951171875,153.7899932861328,153.7899932861328,98409
2025-07-17 12:47:00,153.7895965576172,153.88999938964844,153.7301025390625,153.88999938964844,153.88999938964844,115699
2025-07-17 12:48:00,153.8699951171875,153.89999389648438,153.82240295410156,153.8800048828125,153.8800048828125,73394
2025-07-17 12:49:00,153.88999938964844,154.0500030517578,153.86439514160156,153.91250610351562,153.91250610351562,266374
2025-07-17 12:50:00,153.90550231933594,153.9499969482422,153.85879516601562,153.9243927001953,153.9243927001953,105691
2025-07-17 12:51:00,153.9199981689453,154.0399932861328,153.8603057861328,153.9600067138672,153.9600067138672,90113
2025-07-17 12:52:00,153.9499969482422,154.0,153.9001007080078,153.9199981689453,153.9199981689453,68533
2025-07-17 12:53:00,153.9199981689453,153.92559814453125,153.75,153.75999450683594,153.75999450683594,77231
2025-07-17 12:54:00,153.77000427246094,153.86000061035156,153.72000122070312,153.83999633789062,153.83999633789062,56148
2025-07-17 12:55:00,153.85899353027344,153.9600067138672,153.77000427246094,153.9600067138672,153.9600067138672,54834
2025-07-17 12:56:00,153.9604034423828,153.9604034423828,153.75999450683594,153.91000366210938,153.91000366210938,59275
2025-07-17 12:57:00,153.92379760742188,153.92379760742188,153.80999755859375,153.86659240722656,153.86659240722656,36282
2025-07-17 12:58:00,153.87989807128906,153.91000366210938,153.75999450683594,153.80079650878906,153.80079650878906,58855
2025-07-17 12:59:00,153.82029724121094,153.8699951171875,153.7899932861328,153.85000610351562,153.85000610351562,29841
2025-07-17 13:00:00,153.86349487304688,153.8800048828125,153.77999877929688,153.8000030517578,153.8000030517578,43842
2025-07-17 13:01:00,153.80999755859375,153.90499877929688,153.80020141601562,153.88999938964844,153.88999938964844,41444
2025-07-17 13:02:00,153.8800048828125,153.9250030517578,153.7100067138672,153.88079833984375,153.88079833984375,95918
2025-07-17 13:03:00,153.88450622558594,153.9199981689453,153.77999877929688,153.90020751953125,153.90020751953125,71349
2025-07-17 13:04:00,153.91000366210938,154.11000061035156,153.91000366210938,154.02999877929688,154.02999877929688,148177
2025-07-17 13:05:00,154.01499938964844,154.03909301757812,153.875,153.90049743652344,153.90049743652344,75063
2025-07-17 13:06:00,153.89889526367188,153.94000244140625,153.80499267578125,153.82919311523438,153.82919311523438,59529
2025-07-17 13:07:00,153.83999633789062,153.9499969482422,153.8209991455078,153.89999389648438,153.89999389648438,55703
2025-07-17 13:08:00,153.88999938964844,153.9199981689453,153.7550048828125,153.8800048828125,153.8800048828125,65580
2025-07-17 13:09:00,153.88299560546875,154.11000061035156,153.88299560546875,153.97999572753906,153.97999572753906,104969
2025-07-17 13:10:00,153.9792938232422,154.0,153.91000366210938,153.94500732421875,153.94500732421875,55454
2025-07-17 13:11:00,153.94000244140625,154.07000732421875,153.93960571289062,154.02000427246094,154.02000427246094,53056
2025-07-17 13:12:00,154.02000427246094,154.1959991455078,154.0196990966797,154.110107421875,154.110107421875,91799
2025-07-17 13:13:00,154.11500549316406,154.131103515625,154.0,154.0644989013672,154.0644989013672,104168
2025-07-17 13:14:00,154.05999755859375,154.28599548339844,154.05999755859375,154.216796875,154.216796875,126654
2025-07-17 13:15:00,154.2449951171875,154.57000732421875,154.24000549316406,154.5301055908203,154.5301055908203,261236
2025-07-17 13:16:00,154.58999633789062,154.61000061035156,154.52000427246094,154.60000610351562,154.60000610351562,210976
2025-07-17 13:17:00,154.61000061035156,154.6999969482422,154.5800018310547,154.68499755859375,154.68499755859375,156915
2025-07-17 13:18:00,154.67999267578125,154.73500061035156,154.60000610351562,154.6199951171875,154.6199951171875,142859
2025-07-17 13:19:00,154.62339782714844,154.86000061035156,154.62339782714844,154.83999633789062,154.83999633789062,220143
2025-07-17 13:20:00,154.85899353027344,154.86000061035156,154.74000549316406,154.85000610351562,154.85000610351562,149950
2025-07-17 13:21:00,154.85000610351562,154.94000244140625,154.75,154.85000610351562,154.85000610351562,252336
2025-07-17 13:22:00,154.8699951171875,155.0800018310547,154.8000030517578,155.01499938964844,155.01499938964844,562912
2025-07-17 13:23:00,155.00999450683594,155.02000427246094,154.6750030517578,154.70989990234375,154.70989990234375,353032
2025-07-17 13:24:00,154.68020629882812,155.00990295410156,154.67999267578125,154.86000061035156,154.86000061035156,200338
2025-07-17 13:25:00,154.9949951171875,155.0,154.77000427246094,154.7899932861328,154.7899932861328,201488
2025-07-17 13:26:00,154.80999755859375,154.82000732421875,154.55999755859375,154.5800018310547,154.5800018310547,144581
2025-07-17 13:27:00,154.60000610351562,154.67999267578125,154.56500244140625,154.64500427246094,154.64500427246094,110960
2025-07-17 13:28:00,154.64500427246094,154.6699981689453,154.41000366210938,154.53729248046875,154.53729248046875,141679
2025-07-17 13:29:00,154.52499389648438,154.6300048828125,154.5218963623047,154.55999755859375,154.55999755859375,75019
2025-07-17 13:30:00,154.57000732421875,154.75,154.55999755859375,154.6999969482422,154.6999969482422,119708
2025-07-17 13:31:00,154.69000244140625,154.6999969482422,154.4600067138672,154.51690673828125,154.51690673828125,89642
2025-07-17 13:32:00,154.52000427246094,154.6501007080078,154.5,154.59039306640625,154.59039306640625,98542
2025-07-17 13:33:00,154.58999633789062,154.61000061035156,154.4949951171875,154.59449768066406,154.59449768066406,82104
2025-07-17 13:34:00,154.61000061035156,154.69000244140625,154.5800018310547,154.64500427246094,154.64500427246094,58745
2025-07-17 13:35:00,154.65679931640625,154.67999267578125,154.58999633789062,154.5998992919922,154.5998992919922,38487
2025-07-17 13:36:00,154.5850067138672,154.6199951171875,154.49000549316406,154.5709991455078,154.5709991455078,73798
2025-07-17 13:37:00,154.56300354003906,154.66969299316406,154.5500030517578,154.64210510253906,154.64210510253906,53538
2025-07-17 13:38:00,154.64999389648438,154.7899932861328,154.63389587402344,154.75,154.75,91599
2025-07-17 13:39:00,154.75,154.77999877929688,154.64999389648438,154.6699981689453,154.6699981689453,65095
2025-07-17 13:40:00,154.64999389648438,154.74000549316406,154.61000061035156,154.6699981689453,154.6699981689453,99429
2025-07-17 13:41:00,154.6699981689453,154.99000549316406,154.66000366210938,154.99000549316406,154.99000549316406,189762
2025-07-17 13:42:00,154.97000122070312,155.02999877929688,154.8699951171875,154.9199981689453,154.9199981689453,235233
2025-07-17 13:43:00,154.91000366210938,154.9600067138672,154.8300018310547,154.9199981689453,154.9199981689453,104542
2025-07-17 13:44:00,154.89320373535156,154.99000549316406,154.8300018310547,154.98410034179688,154.98410034179688,87854
2025-07-17 13:45:00,154.99000549316406,155.0399932861328,154.89999389648438,154.96929931640625,154.96929931640625,151144
2025-07-17 13:46:00,154.96629333496094,155.3000030517578,154.96299743652344,155.28500366210938,155.28500366210938,250745
2025-07-17 13:47:00,155.2899932861328,155.30999755859375,154.89999389648438,155.0406951904297,155.0406951904297,264203
2025-07-17 13:48:00,155.0399932861328,155.08639526367188,154.9810028076172,155.02000427246094,155.02000427246094,145355
2025-07-17 13:49:00,155.01499938964844,155.22000122070312,155.00160217285156,155.2097930908203,155.2097930908203,128245
2025-07-17 13:50:00,155.22000122070312,155.22999572753906,154.99000549316406,155.02740478515625,155.02740478515625,163913
2025-07-17 13:51:00,155.03439331054688,155.1300048828125,154.97000122070312,155.11289978027344,155.11289978027344,106376
2025-07-17 13:52:00,155.11000061035156,155.1199951171875,155.0,155.06700134277344,155.06700134277344,72030
2025-07-17 13:53:00,155.0800018310547,155.1999969482422,155.0399932861328,155.18080139160156,155.18080139160156,82017
2025-07-17 13:54:00,155.1999969482422,155.44000244140625,155.1999969482422,155.4250030517578,155.4250030517578,167725
2025-07-17 13:55:00,155.42990112304688,155.57000732421875,155.39999389648438,155.42990112304688,155.42990112304688,221893
2025-07-17 13:56:00,155.41859436035156,155.6199951171875,155.39999389648438,155.5800018310547,155.5800018310547,158338
2025-07-17 13:57:00,155.5771026611328,155.66000366210938,155.5,155.51980590820312,155.51980590820312,152264
2025-07-17 13:58:00,155.51519775390625,155.6699981689453,155.5070037841797,155.61000061035156,155.61000061035156,136517
2025-07-17 13:59:00,155.59039306640625,155.67999267578125,155.3699951171875,155.4250030517578,155.4250030517578,219210
2025-07-17 14:00:00,155.42999267578125,155.44000244140625,155.3000030517578,155.4001007080078,155.4001007080078,111693
2025-07-17 14:01:00,155.41000366210938,155.44000244140625,155.25999450683594,155.3000030517578,155.3000030517578,110997
2025-07-17 14:02:00,155.3000030517578,155.47999572753906,155.3000030517578,155.33999633789062,155.33999633789062,124258
2025-07-17 14:03:00,155.34500122070312,155.42999267578125,155.31930541992188,155.4250030517578,155.4250030517578,94251
2025-07-17 14:04:00,155.4199981689453,155.42999267578125,155.3000030517578,155.33949279785156,155.33949279785156,89506
2025-07-17 14:05:00,155.33999633789062,155.33999633789062,155.1199951171875,155.18099975585938,155.18099975585938,154748
2025-07-17 14:06:00,155.19000244140625,155.24969482421875,155.0800018310547,155.1204071044922,155.1204071044922,107388
2025-07-17 14:07:00,155.10470581054688,155.14990234375,155.06480407714844,155.11959838867188,155.11959838867188,88473
2025-07-17 14:08:00,155.1199951171875,155.19000244140625,155.11000061035156,155.11000061035156,155.11000061035156,98178
2025-07-17 14:09:00,155.10000610351562,155.11000061035156,154.92999267578125,155.0,155.0,193106
2025-07-17 14:10:00,155.00010681152344,155.0800018310547,154.82000732421875,154.8300018310547,154.8300018310547,175595
2025-07-17 14:11:00,154.83999633789062,154.87130737304688,154.72999572753906,154.78469848632812,154.78469848632812,119855
2025-07-17 14:12:00,154.78469848632812,154.78990173339844,154.57000732421875,154.5803985595703,154.5803985595703,196826
2025-07-17 14:13:00,154.61000061035156,154.67999267578125,154.56239318847656,154.67999267578125,154.67999267578125,104189
2025-07-17 14:14:00,154.67999267578125,154.85000610351562,154.66000366210938,154.8000030517578,154.8000030517578,129018
2025-07-17 14:15:00,154.82989501953125,154.85000610351562,154.63999938964844,154.69070434570312,154.69070434570312,108912
2025-07-17 14:16:00,154.69000244140625,154.82000732421875,154.62010192871094,154.75999450683594,154.75999450683594,97027
2025-07-17 14:17:00,154.75999450683594,154.8300018310547,154.6999969482422,154.82989501953125,154.82989501953125,84652
2025-07-17 14:18:00,154.82960510253906,154.85000610351562,154.6999053955078,154.7449951171875,154.7449951171875,71614
2025-07-17 14:19:00,154.74000549316406,154.85000610351562,154.6407928466797,154.8000030517578,154.8000030517578,107740
2025-07-17 14:20:00,154.80499267578125,154.92999267578125,154.75,154.8480987548828,154.8480987548828,136148
2025-07-17 14:21:00,154.7899932861328,154.85000610351562,154.77220153808594,154.7799072265625,154.7799072265625,63913
2025-07-17 14:22:00,154.7799072265625,154.86000061035156,154.75,154.76499938964844,154.76499938964844,89338
2025-07-17 14:23:00,154.76499938964844,154.8000030517578,154.75,154.75999450683594,154.75999450683594,63864
2025-07-17 14:24:00,154.77000427246094,154.8997039794922,154.72500610351562,154.89450073242188,154.89450073242188,76067
2025-07-17 14:25:00,154.8863983154297,154.8863983154297,154.7700958251953,154.80999755859375,154.80999755859375,81931
2025-07-17 14:26:00,154.8363037109375,154.83999633789062,154.75,154.8300018310547,154.8300018310547,58088
2025-07-17 14:27:00,154.8300018310547,154.86459350585938,154.7899932861328,154.85989379882812,154.85989379882812,76485
2025-07-17 14:28:00,154.84500122070312,154.89999389648438,154.8300018310547,154.8699951171875,154.8699951171875,91016
2025-07-17 14:29:00,154.87030029296875,154.91000366210938,154.85000610351562,154.86000061035156,154.86000061035156,68859
2025-07-17 14:30:00,154.86000061035156,155.0498046875,154.86000061035156,155.0,155.0,100885
2025-07-17 14:31:00,154.98500061035156,155.02000427246094,154.9499969482422,155.0,155.0,108831
2025-07-17 14:32:00,155.00999450683594,155.0500030517578,154.96499633789062,154.99000549316406,154.99000549316406,58026
2025-07-17 14:33:00,155.0,155.08779907226562,154.97000122070312,155.05960083007812,155.05960083007812,110180
2025-07-17 14:34:00,155.06640625,155.10000610351562,155.02969360351562,155.07000732421875,155.07000732421875,47066
2025-07-17 14:35:00,155.06500244140625,155.1699981689453,155.00999450683594,155.16949462890625,155.16949462890625,138054
2025-07-17 14:36:00,155.16189575195312,155.4499969482422,155.13999938964844,155.17999267578125,155.17999267578125,307146
2025-07-17 14:37:00,155.16270446777344,155.2899932861328,155.1593017578125,155.26300048828125,155.26300048828125,103189
2025-07-17 14:38:00,155.25999450683594,155.33999633789062,155.22000122070312,155.25999450683594,155.25999450683594,120188
2025-07-17 14:39:00,155.26780700683594,155.2899932861328,155.2200927734375,155.25750732421875,155.25750732421875,100862
2025-07-17 14:40:00,155.25990295410156,155.27999877929688,155.1699981689453,155.22950744628906,155.22950744628906,82557
2025-07-17 14:41:00,155.22000122070312,155.24000549316406,154.99009704589844,155.0803985595703,155.0803985595703,162727
2025-07-17 14:42:00,155.0897979736328,155.0897979736328,154.86549377441406,154.92999267578125,154.92999267578125,115404
2025-07-17 14:43:00,154.92039489746094,154.97999572753906,154.8300018310547,154.84500122070312,154.84500122070312,91298
2025-07-17 14:44:00,154.84039306640625,154.87989807128906,154.72999572753906,154.72999572753906,154.72999572753906,108581
2025-07-17 14:45:00,154.75999450683594,154.80999755859375,154.73500061035156,154.79249572753906,154.79249572753906,72787
2025-07-17 14:46:00,154.79190063476562,154.80630493164062,154.5850067138672,154.60279846191406,154.60279846191406,152841
2025-07-17 14:47:00,154.61500549316406,154.61500549316406,154.4600067138672,154.57069396972656,154.57069396972656,122114
2025-07-17 14:48:00,154.5800018310547,154.58030700683594,154.36300659179688,154.50999450683594,154.50999450683594,127354
2025-07-17 14:49:00,154.50450134277344,154.5800018310547,154.49000549316406,154.5500030517578,154.5500030517578,102868
2025-07-17 14:50:00,154.57000732421875,154.64999389648438,154.4499969482422,154.57000732421875,154.57000732421875,105483
2025-07-17 14:51:00,154.55999755859375,154.67990112304688,154.50999450683594,154.54640197753906,154.54640197753906,101499
2025-07-17 14:52:00,154.5500030517578,154.5800018310547,154.4801025390625,154.5399932861328,154.5399932861328,54180
2025-07-17 14:53:00,154.57000732421875,154.69000244140625,154.52000427246094,154.5301971435547,154.5301971435547,137373
2025-07-17 14:54:00,154.54029846191406,154.6300048828125,154.47999572753906,154.49000549316406,154.49000549316406,108191
2025-07-17 14:55:00,154.49000549316406,154.69000244140625,154.44000244140625,154.69000244140625,154.69000244140625,126139
2025-07-17 14:56:00,154.6887969970703,154.8000030517578,154.68690490722656,154.72999572753906,154.72999572753906,89147
2025-07-17 14:57:00,154.72000122070312,154.75999450683594,154.610107421875,154.64999389648438,154.64999389648438,76118
2025-07-17 14:58:00,154.6569061279297,154.74000549316406,154.61000061035156,154.6699981689453,154.6699981689453,52980
2025-07-17 14:59:00,154.6699981689453,154.689697265625,154.5500030517578,154.60000610351562,154.60000610351562,63837
2025-07-17 15:00:00,154.60000610351562,154.69000244140625,154.5800018310547,154.64999389648438,154.64999389648438,42872
2025-07-17 15:01:00,154.64500427246094,154.66000366210938,154.5,154.6300048828125,154.6300048828125,68716
2025-07-17 15:02:00,154.63250732421875,154.6699981689453,154.5500030517578,154.63009643554688,154.63009643554688,43073
2025-07-17 15:03:00,154.6300048828125,154.72999572753906,154.5800018310547,154.71240234375,154.71240234375,57590
2025-07-17 15:04:00,154.72630310058594,154.88999938964844,154.64999389648438,154.77000427246094,154.77000427246094,175153
2025-07-17 15:05:00,154.74620056152344,154.83990478515625,154.7100067138672,154.79190063476562,154.79190063476562,76576
2025-07-17 15:06:00,154.78660583496094,154.86570739746094,154.75999450683594,154.77999877929688,154.77999877929688,58274
2025-07-17 15:07:00,154.77090454101562,154.78500366210938,154.6199951171875,154.66000366210938,154.66000366210938,88419
2025-07-17 15:08:00,154.64999389648438,154.66000366210938,154.55999755859375,154.6051025390625,154.6051025390625,66034
2025-07-17 15:09:00,154.60499572753906,154.64999389648438,154.44000244140625,154.4499969482422,154.4499969482422,81636
2025-07-17 15:10:00,154.45989990234375,154.4600067138672,154.27999877929688,154.32000732421875,154.32000732421875,116692
2025-07-17 15:11:00,154.28140258789062,154.42559814453125,154.28140258789062,154.35000610351562,154.35000610351562,119796
2025-07-17 15:12:00,154.36000061035156,154.44000244140625,154.36000061035156,154.39610290527344,154.39610290527344,74630
2025-07-17 15:13:00,154.39500427246094,154.41000366210938,154.27999877929688,154.30499267578125,154.30499267578125,74019
2025-07-17 15:14:00,154.30999755859375,154.30999755859375,154.1699981689453,154.2100067138672,154.2100067138672,158353
2025-07-17 15:15:00,154.2100067138672,154.26919555664062,154.1300048828125,154.16000366210938,154.16000366210938,114420
2025-07-17 15:16:00,154.15440368652344,154.1750030517578,153.9199981689453,154.0,154.0,261717
2025-07-17 15:17:00,154.00559997558594,154.06759643554688,153.94000244140625,153.99000549316406,153.99000549316406,131864
2025-07-17 15:18:00,153.9801025390625,154.18499755859375,153.97000122070312,154.1750030517578,154.1750030517578,149523
2025-07-17 15:19:00,154.17039489746094,154.19000244140625,154.00999450683594,154.11000061035156,154.11000061035156,101231
2025-07-17 15:20:00,154.1199951171875,154.1699981689453,154.06370544433594,154.16000366210938,154.16000366210938,78475
2025-07-17 15:21:00,154.17999267578125,154.27000427246094,154.125,154.13999938964844,154.13999938964844,132619
2025-07-17 15:22:00,154.1383056640625,154.289794921875,154.08999633789062,154.2845001220703,154.2845001220703,94508
2025-07-17 15:23:00,154.27859497070312,154.33999633789062,154.17999267578125,154.25999450683594,154.25999450683594,123572
2025-07-17 15:24:00,154.23500061035156,154.31500244140625,154.1999969482422,154.26449584960938,154.26449584960938,60086
2025-07-17 15:25:00,154.27000427246094,154.2904052734375,154.08999633789062,154.08999633789062,154.08999633789062,80442
2025-07-17 15:26:00,154.0800018310547,154.0998992919922,154.0,154.0500030517578,154.0500030517578,76612
2025-07-17 15:27:00,154.0500030517578,154.0500030517578,153.9822998046875,154.02499389648438,154.02499389648438,89701
2025-07-17 15:28:00,154.02330017089844,154.125,153.9499969482422,154.0800018310547,154.0800018310547,78167
2025-07-17 15:29:00,154.0800018310547,154.11500549316406,154.0500030517578,154.08999633789062,154.08999633789062,59095
2025-07-17 15:30:00,154.08999633789062,154.08999633789062,153.99000549316406,154.02999877929688,154.02999877929688,65107
2025-07-17 15:31:00,154.0345001220703,154.1699981689453,154.0,154.15469360351562,154.15469360351562,121027
2025-07-17 15:32:00,154.15480041503906,154.32000732421875,154.10000610351562,154.31649780273438,154.31649780273438,128264
2025-07-17 15:33:00,154.32000732421875,154.35000610351562,154.22999572753906,154.30999755859375,154.30999755859375,122200
2025-07-17 15:34:00,154.30999755859375,154.38999938964844,154.2949981689453,154.3300018310547,154.3300018310547,94612
2025-07-17 15:35:00,154.32000732421875,154.41000366210938,154.22000122070312,154.30999755859375,154.30999755859375,95667
2025-07-17 15:36:00,154.2949981689453,154.41000366210938,154.22999572753906,154.34500122070312,154.34500122070312,71391
2025-07-17 15:37:00,154.32000732421875,154.33999633789062,154.22000122070312,154.30960083007812,154.30960083007812,72823
2025-07-17 15:38:00,154.3000030517578,154.39500427246094,154.25,154.38999938964844,154.38999938964844,76927
2025-07-17 15:39:00,154.39999389648438,154.4600067138672,154.3509979248047,154.3800048828125,154.3800048828125,74826
2025-07-17 15:40:00,154.38999938964844,154.41000366210938,154.3000030517578,154.39999389648438,154.39999389648438,79419
2025-07-17 15:41:00,154.39500427246094,154.4199981689453,154.30999755859375,154.3300018310547,154.3300018310547,93899
2025-07-17 15:42:00,154.3249969482422,154.35000610351562,154.14999389648438,154.19000244140625,154.19000244140625,88515
2025-07-17 15:43:00,154.21499633789062,154.22000122070312,154.10000610351562,154.11000061035156,154.11000061035156,91578
2025-07-17 15:44:00,154.11990356445312,154.1699981689453,154.02999877929688,154.0749969482422,154.0749969482422,103975
2025-07-17 15:45:00,154.0749969482422,154.14999389648438,154.02000427246094,154.0449981689453,154.0449981689453,126664
2025-07-17 15:46:00,154.02999877929688,154.0800018310547,153.9709930419922,154.02969360351562,154.02969360351562,149596
2025-07-17 15:47:00,154.02999877929688,154.0800018310547,153.91029357910156,154.0095977783203,154.0095977783203,114187
2025-07-17 15:48:00,154.02000427246094,154.0399932861328,153.8699951171875,153.90029907226562,153.90029907226562,133908
2025-07-17 15:49:00,153.90379333496094,154.02000427246094,153.8800048828125,154.0,154.0,86645
2025-07-17 15:50:00,154.0,154.13999938964844,153.88009643554688,154.06480407714844,154.06480407714844,225578
2025-07-17 15:51:00,154.0399932861328,154.125,154.0399932861328,154.10009765625,154.10009765625,160910
2025-07-17 15:52:00,154.1199951171875,154.19000244140625,154.00999450683594,154.1511993408203,154.1511993408203,157103
2025-07-17 15:53:00,154.14999389648438,154.22999572753906,154.11500549316406,154.189697265625,154.189697265625,137121
2025-07-17 15:54:00,154.19000244140625,154.47000122070312,154.14999389648438,154.27999877929688,154.27999877929688,299791
2025-07-17 15:55:00,154.27999877929688,154.27999877929688,154.0399932861328,154.17160034179688,154.17160034179688,276845
2025-07-17 15:56:00,154.15499877929688,154.27999877929688,154.0800018310547,154.22999572753906,154.22999572753906,183786
2025-07-17 15:57:00,154.22999572753906,154.27000427246094,154.1300048828125,154.15499877929688,154.15499877929688,168506
2025-07-17 15:58:00,154.14999389648438,154.1699981689453,154.10000610351562,154.13999938964844,154.13999938964844,226309
2025-07-17 15:59:00,154.13499450683594,154.13499450683594,153.94000244140625,154.0399932861328,154.0399932861328,487469
2025-07-18 00:00:00,154.86000061035156,154.9199981689453,151.89999389648438,153.52000427246094,153.52000427246094,45771600
2025-07-18 09:30:00,154.63999938964844,154.77000427246094,153.52999877929688,154.1750030517578,154.1750030517578,2511172
2025-07-18 09:31:00,154.197998046875,154.91000366210938,154.1199951171875,154.3699951171875,154.3699951171875,326541
2025-07-18 09:32:00,154.35000610351562,154.6999969482422,154.02000427246094,154.38499450683594,154.38499450683594,236933
2025-07-18 09:33:00,154.33999633789062,154.48989868164062,153.86000061035156,154.27499389648438,154.27499389648438,177715
2025-07-18 09:34:00,154.2899932861328,154.38999938964844,153.77000427246094,153.94500732421875,153.94500732421875,243919
2025-07-18 09:35:00,153.95399475097656,154.08470153808594,153.57000732421875,153.9062042236328,153.9062042236328,277580
2025-07-18 09:36:00,153.9425048828125,153.99000549316406,153.66000366210938,153.8300018310547,153.8300018310547,189254
2025-07-18 09:37:00,153.8300018310547,154.14999389648438,153.64999389648438,153.66000366210938,153.66000366210938,274168
2025-07-18 09:38:00,153.72030639648438,153.86000061035156,153.52000427246094,153.72999572753906,153.72999572753906,263911
2025-07-18 09:39:00,153.72999572753906,154.14999389648438,153.64999389648438,154.0500030517578,154.0500030517578,248769
2025-07-18 09:40:00,154.0800018310547,154.36959838867188,154.02029418945312,154.34750366210938,154.34750366210938,282950
2025-07-18 09:41:00,154.3798065185547,154.46820068359375,154.12010192871094,154.22999572753906,154.22999572753906,242659
2025-07-18 09:42:00,154.24949645996094,154.2899932861328,154.02999877929688,154.16090393066406,154.16090393066406,170639
2025-07-18 09:43:00,154.14999389648438,154.25999450683594,153.77999877929688,153.85040283203125,153.85040283203125,199328
2025-07-18 09:44:00,153.8699951171875,153.9600067138672,153.75,153.84910583496094,153.84910583496094,208324
2025-07-18 09:45:00,154.3092041015625,154.31500244140625,154.3092041015625,154.31500244140625,154.31500244140625,252441
2025-07-18 09:46:00,154.38999938964844,154.6699981689453,154.31910705566406,154.6199951171875,154.6199951171875,309795
2025-07-18 09:47:00,154.6199951171875,154.67959594726562,154.5,154.625,154.625,214317
2025-07-18 09:48:00,154.60000610351562,154.8300018310547,154.4600067138672,154.6761932373047,154.6761932373047,459877
2025-07-18 09:49:00,154.6699981689453,154.6699981689453,154.14999389648438,154.26499938964844,154.26499938964844,300473
2025-07-18 09:50:00,154.27499389648438,154.3800048828125,154.02999877929688,154.17999267578125,154.17999267578125,220680
2025-07-18 09:51:00,154.1699981689453,154.30999755859375,154.06500244140625,154.06500244140625,154.06500244140625,105282
2025-07-18 09:52:00,154.07479858398438,154.11090087890625,153.54010009765625,153.6300048828125,153.6300048828125,378334
2025-07-18 09:53:00,153.6199951171875,153.94500732421875,153.47999572753906,153.89500427246094,153.89500427246094,388626
2025-07-18 09:54:00,153.9228973388672,154.0,153.6699981689453,154.0,154.0,171273
2025-07-18 09:55:00,153.97999572753906,154.11000061035156,153.83380126953125,154.0260009765625,154.0260009765625,189597
2025-07-18 09:56:00,154.02000427246094,154.07000732421875,153.714599609375,153.74000549316406,153.74000549316406,160343
2025-07-18 09:57:00,153.73129272460938,153.7899932861328,153.57000732421875,153.67999267578125,153.67999267578125,143688
2025-07-18 09:58:00,153.6699981689453,153.7628936767578,153.50999450683594,153.52560424804688,153.52560424804688,158809
2025-07-18 09:59:00,153.52499389648438,153.7100067138672,153.50999450683594,153.5500030517578,153.5500030517578,157905
2025-07-18 10:00:00,153.58999633789062,153.9499969482422,153.5399932861328,153.9499969482422,153.9499969482422,192530
2025-07-18 10:01:00,153.9499053955078,153.9499053955078,153.69000244140625,153.7425994873047,153.7425994873047,146483
2025-07-18 10:02:00,153.75,153.8896942138672,153.72999572753906,153.8300018310547,153.8300018310547,101323
2025-07-18 10:03:00,153.83990478515625,153.83999633789062,152.9499969482422,153.02999877929688,153.02999877929688,1117436
2025-07-18 10:04:00,153.05999755859375,153.10000610351562,152.8000030517578,153.02000427246094,153.02000427246094,225701
2025-07-18 10:05:00,153.0500030517578,153.38929748535156,153.04200744628906,153.375,153.375,181722
2025-07-18 10:06:00,153.37550354003906,153.5,153.02999877929688,153.08990478515625,153.08990478515625,205266
2025-07-18 10:07:00,153.08999633789062,153.3699951171875,153.06350708007812,153.15499877929688,153.15499877929688,141670
2025-07-18 10:08:00,153.11000061035156,153.57000732421875,153.08999633789062,153.44000244140625,153.44000244140625,193297
2025-07-18 10:09:00,153.4669952392578,153.50999450683594,153.0,153.02999877929688,153.02999877929688,206579
2025-07-18 10:10:00,153.05140686035156,153.36000061035156,153.02000427246094,153.3000030517578,153.3000030517578,134641
2025-07-18 10:11:00,153.27499389648438,153.60000610351562,153.26719665527344,153.57000732421875,153.57000732421875,192026
2025-07-18 10:12:00,153.52999877929688,153.74000549316406,153.52999877929688,153.6750030517578,153.6750030517578,211550
2025-07-18 10:13:00,153.6750030517578,153.67999267578125,153.44000244140625,153.5749969482422,153.5749969482422,124377
2025-07-18 10:14:00,153.5749969482422,153.5749969482422,153.27999877929688,153.47000122070312,153.47000122070312,145968
2025-07-18 10:15:00,153.47999572753906,153.6414031982422,153.0500030517578,153.0800018310547,153.0800018310547,191932
2025-07-18 10:16:00,153.0800018310547,153.2100067138672,152.9499969482422,153.17999267578125,153.17999267578125,190869
2025-07-18 10:17:00,153.17999267578125,153.17999267578125,152.6300048828125,152.67999267578125,152.67999267578125,279047
2025-07-18 10:18:00,152.67990112304688,153.16000366210938,152.610107421875,153.15679931640625,153.15679931640625,226300
2025-07-18 10:19:00,153.16029357910156,153.3000030517578,153.02999877929688,153.1011962890625,153.1011962890625,239182
2025-07-18 10:20:00,153.08999633789062,153.1708984375,153.0,153.02000427246094,153.02000427246094,142329
2025-07-18 10:21:00,153.03990173339844,153.17999267578125,152.85000610351562,153.10000610351562,153.10000610351562,186506
2025-07-18 10:22:00,153.10000610351562,153.24000549316406,152.80999755859375,152.9499969482422,152.9499969482422,159413
2025-07-18 10:23:00,152.94000244140625,153.15989685058594,152.88729858398438,153.08689880371094,153.08689880371094,84580
2025-07-18 10:24:00,153.08599853515625,153.08599853515625,152.86000061035156,152.96080017089844,152.96080017089844,102319
2025-07-18 10:25:00,152.9600067138672,153.0,152.64999389648438,152.76480102539062,152.76480102539062,168105
2025-07-18 10:26:00,152.75999450683594,152.88999938964844,152.47999572753906,152.5240020751953,152.5240020751953,241228
2025-07-18 10:27:00,152.5399932861328,152.8800048828125,152.52000427246094,152.81500244140625,152.81500244140625,143340
2025-07-18 10:28:00,152.80999755859375,152.85000610351562,152.61000061035156,152.72000122070312,152.72000122070312,109200
2025-07-18 10:29:00,152.7100067138672,152.74749755859375,152.5500030517578,152.57000732421875,152.57000732421875,79304
2025-07-18 10:30:00,152.5998992919922,152.8000030517578,152.5200958251953,152.74560546875,152.74560546875,144754
2025-07-18 10:31:00,152.72999572753906,152.91000366210938,152.63999938964844,152.6750030517578,152.6750030517578,127683
2025-07-18 10:32:00,152.64999389648438,152.77000427246094,152.42999267578125,152.42999267578125,152.42999267578125,197705
2025-07-18 10:33:00,152.42999267578125,152.7198944091797,152.41000366210938,152.53680419921875,152.53680419921875,115830
2025-07-18 10:34:00,152.53799438476562,152.6199951171875,152.50999450683594,152.54440307617188,152.54440307617188,89182
2025-07-18 10:35:00,152.52000427246094,152.77000427246094,152.4700927734375,152.63999938964844,152.63999938964844,159165
2025-07-18 10:36:00,152.66000366210938,152.87640380859375,152.58999633789062,152.8699951171875,152.8699951171875,155381
2025-07-18 10:37:00,152.85000610351562,152.92999267578125,152.77000427246094,152.82960510253906,152.82960510253906,198111
2025-07-18 10:38:00,152.82240295410156,153.1999969482422,152.82240295410156,153.110107421875,153.110107421875,204423
2025-07-18 10:39:00,153.11000061035156,153.1999969482422,153.0,153.0749969482422,153.0749969482422,157718
2025-07-18 10:40:00,153.05999755859375,153.16000366210938,152.88999938964844,153.02000427246094,153.02000427246094,109315
2025-07-18 10:41:00,153.02999877929688,153.1907958984375,153.00999450683594,153.0749969482422,153.0749969482422,82599
2025-07-18 10:42:00,153.0800018310547,153.41000366210938,153.0500030517578,153.375,153.375,150434
2025-07-18 10:43:00,153.38999938964844,153.55999755859375,153.32009887695312,153.52999877929688,153.52999877929688,136180
2025-07-18 10:44:00,153.52999877929688,153.7899932861328,153.50999450683594,153.72999572753906,153.72999572753906,254780
2025-07-18 10:45:00,153.72999572753906,153.85000610351562,153.69000244140625,153.75999450683594,153.75999450683594,167478
2025-07-18 10:46:00,153.764892578125,153.76499938964844,153.5399932861328,153.64500427246094,153.64500427246094,134556
2025-07-18 10:47:00,153.61000061035156,153.6262969970703,153.33999633789062,153.3800048828125,153.3800048828125,107793
2025-07-18 10:48:00,153.3800048828125,153.5800018310547,153.36000061035156,153.5,153.5,90246
2025-07-18 10:49:00,153.46929931640625,153.49000549316406,153.24000549316406,153.3300018310547,153.3300018310547,105075
2025-07-18 10:50:00,153.3249969482422,153.44000244140625,153.1999969482422,153.42999267578125,153.42999267578125,86448
2025-07-18 10:51:00,153.4199981689453,153.4499053955078,153.3350067138672,153.42999267578125,153.42999267578125,76770
2025-07-18 10:52:00,153.44000244140625,153.4438934326172,153.27999877929688,153.34080505371094,153.34080505371094,64522
2025-07-18 10:53:00,153.3531036376953,153.42999267578125,153.27999877929688,153.3800048828125,153.3800048828125,43650
2025-07-18 10:54:00,153.38999938964844,153.42930603027344,153.25,153.27389526367188,153.27389526367188,115727
2025-07-18 10:55:00,153.27999877929688,153.36000061035156,153.16000366210938,153.1999969482422,153.1999969482422,88871
2025-07-18 10:56:00,153.22000122070312,153.4600067138672,153.2154998779297,153.36500549316406,153.36500549316406,104713
2025-07-18 10:57:00,153.3800048828125,153.44000244140625,153.327392578125,153.37989807128906,153.37989807128906,91261
2025-07-18 10:58:00,153.3795928955078,153.5,153.36610412597656,153.4427032470703,153.4427032470703,145465
2025-07-18 10:59:00,153.4600067138672,153.5500030517578,153.38999938964844,153.5399932861328,153.5399932861328,98114
2025-07-18 11:00:00,153.5500030517578,153.5500030517578,153.10000610351562,153.11000061035156,153.11000061035156,131710
2025-07-18 11:01:00,153.11990356445312,153.1898956298828,153.02000427246094,153.13999938964844,153.13999938964844,99957
2025-07-18 11:02:00,153.1300048828125,153.25999450683594,153.0800018310547,153.22000122070312,153.22000122070312,75361
2025-07-18 11:03:00,153.17730712890625,153.1925048828125,152.83999633789062,152.8800048828125,152.8800048828125,111111
2025-07-18 11:04:00,152.8699951171875,152.8699951171875,152.49000549316406,152.6501007080078,152.6501007080078,171707
2025-07-18 11:05:00,152.6699981689453,152.7198944091797,152.52999877929688,152.55999755859375,152.55999755859375,122404
2025-07-18 11:06:00,152.57000732421875,152.74000549316406,152.57000732421875,152.74000549316406,152.74000549316406,197240
2025-07-18 11:07:00,152.74290466308594,152.89999389648438,152.67999267578125,152.85299682617188,152.85299682617188,119489
2025-07-18 11:08:00,152.8258056640625,152.8800048828125,152.72999572753906,152.75,152.75,71168
2025-07-18 11:09:00,152.77000427246094,152.97999572753906,152.74729919433594,152.85040283203125,152.85040283203125,108494
2025-07-18 11:10:00,152.88999938964844,152.9857940673828,152.72000122070312,152.74009704589844,152.74009704589844,147834
2025-07-18 11:11:00,152.7550048828125,152.80929565429688,152.63369750976562,152.63369750976562,152.63369750976562,101087
2025-07-18 11:12:00,152.6300048828125,152.70989990234375,152.57000732421875,152.6300048828125,152.6300048828125,94980
2025-07-18 11:13:00,152.61549377441406,152.69000244140625,152.5800018310547,152.6300048828125,152.6300048828125,80197
2025-07-18 11:14:00,152.62069702148438,152.75,152.5749969482422,152.6304931640625,152.6304931640625,73616
2025-07-18 11:15:00,152.6300048828125,152.8300018310547,152.6300048828125,152.8249969482422,152.8249969482422,92764
2025-07-18 11:16:00,152.82000732421875,152.85000610351562,152.66000366210938,152.74960327148438,152.74960327148438,83994
2025-07-18 11:17:00,152.78370666503906,152.8699951171875,152.6999969482422,152.6999969482422,152.6999969482422,126427
2025-07-18 11:18:00,152.6999969482422,152.92019653320312,152.6699981689453,152.8300018310547,152.8300018310547,72420
2025-07-18 11:19:00,152.82000732421875,152.94000244140625,152.75999450683594,152.8000946044922,152.8000946044922,71114
2025-07-18 11:20:00,152.80020141601562,152.9499969482422,152.7899932861328,152.94000244140625,152.94000244140625,59304
2025-07-18 11:21:00,152.94970703125,152.94970703125,152.72999572753906,152.74929809570312,152.74929809570312,63899
2025-07-18 11:22:00,152.74000549316406,152.77999877929688,152.63999938964844,152.74000549316406,152.74000549316406,92803
2025-07-18 11:23:00,152.7449951171875,152.80999755859375,152.656494140625,152.67999267578125,152.67999267578125,54273
2025-07-18 11:24:00,152.7050018310547,152.8000030517578,152.6300048828125,152.7301025390625,152.7301025390625,40392
2025-07-18 11:25:00,152.7449951171875,152.75999450683594,152.57899475097656,152.72000122070312,152.72000122070312,103021
2025-07-18 11:26:00,152.72000122070312,152.72999572753906,152.60009765625,152.6300048828125,152.6300048828125,46806
2025-07-18 11:27:00,152.62229919433594,152.8000030517578,152.62229919433594,152.72000122070312,152.72000122070312,58131
2025-07-18 11:28:00,152.72039794921875,152.89990234375,152.72039794921875,152.8748016357422,152.8748016357422,61886
2025-07-18 11:29:00,152.86900329589844,152.8699951171875,152.75,152.8155059814453,152.8155059814453,44324
2025-07-18 11:30:00,152.85000610351562,152.97999572753906,152.82000732421875,152.94639587402344,152.94639587402344,67847
2025-07-18 11:31:00,152.9199981689453,152.93960571289062,152.82000732421875,152.92559814453125,152.92559814453125,86221
2025-07-18 11:32:00,152.91000366210938,152.9199981689453,152.8300018310547,152.910400390625,152.910400390625,38475
2025-07-18 11:33:00,152.92999267578125,153.0399932861328,152.8885955810547,153.03030395507812,153.03030395507812,103177
2025-07-18 11:34:00,153.02999877929688,153.0467071533203,152.9300994873047,153.0352020263672,153.0352020263672,73475
2025-07-18 11:35:00,153.0500030517578,153.2899932861328,152.97999572753906,153.1999969482422,153.1999969482422,203417
2025-07-18 11:36:00,153.21189880371094,153.28990173339844,153.0944061279297,153.11000061035156,153.11000061035156,84459
2025-07-18 11:37:00,153.10499572753906,153.36500549316406,153.08999633789062,153.3343963623047,153.3343963623047,107723
2025-07-18 11:38:00,153.33999633789062,153.3699951171875,153.25999450683594,153.26010131835938,153.26010131835938,60563
2025-07-18 11:39:00,153.2100067138672,153.22999572753906,153.11000061035156,153.14999389648438,153.14999389648438,71470
2025-07-18 11:40:00,153.1501007080078,153.39999389648438,153.1501007080078,153.30999755859375,153.30999755859375,102916
2025-07-18 11:41:00,153.2899932861328,153.44979858398438,153.27000427246094,153.42999267578125,153.42999267578125,74515
2025-07-18 11:42:00,153.4499969482422,153.6199951171875,153.4199981689453,153.50999450683594,153.50999450683594,147497
2025-07-18 11:43:00,153.50970458984375,153.60000610351562,153.41000366210938,153.5644073486328,153.5644073486328,78426
2025-07-18 11:44:00,153.5800018310547,153.8350067138672,153.57000732421875,153.77000427246094,153.77000427246094,218783
2025-07-18 11:45:00,153.77000427246094,153.9600067138672,153.72999572753906,153.9499969482422,153.9499969482422,121354
2025-07-18 11:46:00,153.964599609375,154.0500030517578,153.83999633789062,153.91000366210938,153.91000366210938,212034
2025-07-18 11:47:00,153.89500427246094,154.07000732421875,153.83999633789062,154.04359436035156,154.04359436035156,119518
2025-07-18 11:48:00,154.05499267578125,154.18499755859375,153.9600067138672,154.18499755859375,154.18499755859375,173554
2025-07-18 11:49:00,154.17010498046875,154.3300018310547,154.14999389648438,154.2100067138672,154.2100067138672,214736
2025-07-18 11:50:00,154.21189880371094,154.25999450683594,154.13999938964844,154.17999267578125,154.17999267578125,89437
2025-07-18 11:51:00,154.17019653320312,154.22000122070312,153.8699951171875,153.8800048828125,153.8800048828125,133954
2025-07-18 11:52:00,153.8800048828125,154.11000061035156,153.8699951171875,153.98770141601562,153.98770141601562,129177
2025-07-18 11:53:00,153.98500061035156,154.00579833984375,153.8376007080078,153.91000366210938,153.91000366210938,78111
2025-07-18 11:54:00,153.90499877929688,154.02999877929688,153.8800048828125,153.94439697265625,153.94439697265625,58740
2025-07-18 11:55:00,153.92999267578125,153.9499969482422,153.8498992919922,153.89439392089844,153.89439392089844,54811
2025-07-18 11:56:00,153.89999389648438,154.22999572753906,153.85440063476562,154.19000244140625,154.19000244140625,90476
2025-07-18 11:57:00,154.1999969482422,154.32000732421875,154.13040161132812,154.22999572753906,154.22999572753906,101844
2025-07-18 11:58:00,154.25010681152344,154.41000366210938,154.22999572753906,154.39019775390625,154.39019775390625,91996
2025-07-18 11:59:00,154.39610290527344,154.4268035888672,154.3419952392578,154.3802947998047,154.3802947998047,91104
2025-07-18 12:00:00,154.3800048828125,154.64999389648438,154.3612060546875,154.54649353027344,154.54649353027344,269213
2025-07-18 12:01:00,154.52999877929688,154.5500030517578,154.43499755859375,154.53579711914062,154.53579711914062,92081
2025-07-18 12:02:00,154.53970336914062,154.5792999267578,154.42999267578125,154.52090454101562,154.52090454101562,107533
2025-07-18 12:03:00,154.52999877929688,154.54530334472656,154.2899932861328,154.30999755859375,154.30999755859375,172316
2025-07-18 12:04:00,154.31739807128906,154.31739807128906,154.0800018310547,154.0800018310547,154.0800018310547,114129
2025-07-18 12:05:00,154.0800018310547,154.3300018310547,154.0800018310547,154.24740600585938,154.24740600585938,86579
2025-07-18 12:06:00,154.24000549316406,154.38499450683594,154.00999450683594,154.10000610351562,154.10000610351562,117309
2025-07-18 12:07:00,154.07029724121094,154.10000610351562,153.7899932861328,153.92990112304688,153.92990112304688,165145
2025-07-18 12:08:00,153.91000366210938,153.92999267578125,153.72000122070312,153.75999450683594,153.75999450683594,66402
2025-07-18 12:09:00,153.7550048828125,153.75990295410156,153.6300048828125,153.64999389648438,153.64999389648438,126395
2025-07-18 12:10:00,153.64999389648438,153.9499969482422,153.64999389648438,153.8350067138672,153.8350067138672,106197
2025-07-18 12:11:00,153.85499572753906,153.92999267578125,153.72000122070312,153.76499938964844,153.76499938964844,65966
2025-07-18 12:12:00,153.77499389648438,153.8126983642578,153.71029663085938,153.77499389648438,153.77499389648438,47308
2025-07-18 12:13:00,153.77000427246094,153.80999755859375,153.54010009765625,153.69970703125,153.69970703125,58201
2025-07-18 12:14:00,153.6999053955078,153.74989318847656,153.57000732421875,153.68499755859375,153.68499755859375,68352
2025-07-18 12:15:00,153.69000244140625,153.74949645996094,153.5843963623047,153.6060028076172,153.6060028076172,68060
2025-07-18 12:16:00,153.5850067138672,153.69000244140625,153.57000732421875,153.6392059326172,153.6392059326172,54152
2025-07-18 12:17:00,153.64999389648438,153.82989501953125,153.6199951171875,153.77000427246094,153.77000427246094,61448
2025-07-18 12:18:00,153.7667999267578,153.7781982421875,153.66000366210938,153.6649932861328,153.6649932861328,40748
2025-07-18 12:19:00,153.6649932861328,153.74000549316406,153.63999938964844,153.72000122070312,153.72000122070312,27119
2025-07-18 12:20:00,153.71499633789062,153.7550048828125,153.64999389648438,153.6699981689453,153.6699981689453,37289
2025-07-18 12:21:00,153.67990112304688,153.73980712890625,153.52999877929688,153.68099975585938,153.68099975585938,81697
2025-07-18 12:22:00,153.69500732421875,153.77999877929688,153.58999633789062,153.69000244140625,153.69000244140625,72519
2025-07-18 12:23:00,153.6855926513672,153.69700622558594,153.6199951171875,153.64999389648438,153.64999389648438,17878
2025-07-18 12:24:00,153.6280059814453,153.72000122070312,153.55999755859375,153.7050018310547,153.7050018310547,40653
2025-07-18 12:25:00,153.7198944091797,153.83999633789062,153.5800018310547,153.61000061035156,153.61000061035156,89865
2025-07-18 12:26:00,153.58990478515625,153.6844940185547,153.5,153.52020263671875,153.52020263671875,78565
2025-07-18 12:27:00,153.52000427246094,153.52999877929688,153.3699951171875,153.47999572753906,153.47999572753906,131373
2025-07-18 12:28:00,153.47000122070312,153.51499938964844,153.32000732421875,153.360107421875,153.360107421875,54872
2025-07-18 12:29:00,153.3704071044922,153.5500030517578,153.3704071044922,153.46029663085938,153.46029663085938,53053
2025-07-18 12:30:00,153.4853973388672,153.52000427246094,153.3300018310547,153.42970275878906,153.42970275878906,33293
2025-07-18 12:31:00,153.39999389648438,153.4499969482422,153.2100067138672,153.22000122070312,153.22000122070312,70285
2025-07-18 12:32:00,153.24000549316406,153.3300018310547,153.0800018310547,153.3217010498047,153.3217010498047,99091
2025-07-18 12:33:00,153.32000732421875,153.32000732421875,152.97999572753906,152.99560546875,152.99560546875,157331
2025-07-18 12:34:00,152.97999572753906,153.00999450683594,152.9149932861328,152.9600067138672,152.9600067138672,110324
2025-07-18 12:35:00,152.9550018310547,152.97970581054688,152.86000061035156,152.94000244140625,152.94000244140625,73764
2025-07-18 12:36:00,152.90980529785156,152.9199981689453,152.55999755859375,152.64999389648438,152.64999389648438,170151
2025-07-18 12:37:00,152.6199951171875,152.63499450683594,152.36000061035156,152.52999877929688,152.52999877929688,248018
2025-07-18 12:38:00,152.5399932861328,152.79989624023438,152.5399932861328,152.79010009765625,152.79010009765625,126974
2025-07-18 12:39:00,152.82000732421875,152.8800048828125,152.75999450683594,152.8300018310547,152.8300018310547,81983
2025-07-18 12:40:00,152.82000732421875,153.07000732421875,152.8000030517578,153.01499938964844,153.01499938964844,115845
2025-07-18 12:41:00,153.0200958251953,153.14999389648438,152.8000030517578,152.8000030517578,152.8000030517578,135592
2025-07-18 12:42:00,152.8000030517578,152.80999755859375,152.69000244140625,152.80999755859375,152.80999755859375,92622
2025-07-18 12:43:00,152.80999755859375,152.9199981689453,152.8000030517578,152.8699951171875,152.8699951171875,67597
2025-07-18 12:44:00,152.8699951171875,152.9199981689453,152.74000549316406,152.83999633789062,152.83999633789062,67390
2025-07-18 12:45:00,152.8699951171875,152.97000122070312,152.82000732421875,152.85499572753906,152.85499572753906,57295
2025-07-18 12:46:00,152.85989379882812,152.85989379882812,152.5,152.5500946044922,152.5500946044922,156806
2025-07-18 12:47:00,152.5500030517578,152.6199951171875,152.50999450683594,152.55999755859375,152.55999755859375,96842
2025-07-18 12:48:00,152.55999755859375,152.6199951171875,152.41000366210938,152.41000366210938,152.41000366210938,86734
2025-07-18 12:49:00,152.42999267578125,152.5800018310547,152.36000061035156,152.5800018310547,152.5800018310547,82721
2025-07-18 12:50:00,152.58999633789062,152.64999389648438,152.5001983642578,152.5800018310547,152.5800018310547,78892
2025-07-18 12:51:00,152.5782012939453,152.67999267578125,152.5782012939453,152.67999267578125,152.67999267578125,60168
2025-07-18 12:52:00,152.6699981689453,152.6699981689453,152.4700927734375,152.5399932861328,152.5399932861328,58949
2025-07-18 12:53:00,152.5399932861328,152.55999755859375,152.3719940185547,152.375,152.375,84108
2025-07-18 12:54:00,152.375,152.42990112304688,152.32000732421875,152.3800048828125,152.3800048828125,101148
2025-07-18 12:55:00,152.39450073242188,152.42880249023438,152.2899932861328,152.3300018310547,152.3300018310547,81771
2025-07-18 12:56:00,152.32679748535156,152.39999389648438,152.24000549316406,152.38999938964844,152.38999938964844,76496
2025-07-18 12:57:00,152.3800048828125,152.3800048828125,152.24000549316406,152.26919555664062,152.26919555664062,73140
2025-07-18 12:58:00,152.25999450683594,152.2899932861328,152.14010620117188,152.17730712890625,152.17730712890625,91724
2025-07-18 12:59:00,152.15499877929688,152.32000732421875,152.14999389648438,152.28370666503906,152.28370666503906,70665
2025-07-18 13:00:00,152.29629516601562,152.4199981689453,152.22329711914062,152.36990356445312,152.36990356445312,83815
2025-07-18 13:01:00,152.36509704589844,152.39999389648438,152.0800018310547,152.0800018310547,152.0800018310547,117120
2025-07-18 13:02:00,152.0800018310547,152.08709716796875,151.89999389648438,152.07009887695312,152.07009887695312,330892
2025-07-18 13:03:00,152.0970001220703,152.1199951171875,152.0,152.0500030517578,152.0500030517578,96783
2025-07-18 13:04:00,152.0399932861328,152.1699981689453,152.01370239257812,152.11439514160156,152.11439514160156,82203
2025-07-18 13:05:00,152.11509704589844,152.1999969482422,152.0500030517578,152.1699981689453,152.1699981689453,61939
2025-07-18 13:06:00,152.19000244140625,152.30999755859375,152.1699981689453,152.2700958251953,152.2700958251953,60949
2025-07-18 13:07:00,152.27000427246094,152.35000610351562,152.2100067138672,152.24000549316406,152.24000549316406,77071
2025-07-18 13:08:00,152.2303009033203,152.2899932861328,152.1999969482422,152.24000549316406,152.24000549316406,47297
2025-07-18 13:09:00,152.24000549316406,152.24989318847656,152.14999389648438,152.22999572753906,152.22999572753906,55915
2025-07-18 13:10:00,152.25,152.25,152.0399932861328,152.05999755859375,152.05999755859375,77335
2025-07-18 13:11:00,152.02000427246094,152.11000061035156,151.97999572753906,152.02999877929688,152.02999877929688,85521
2025-07-18 13:12:00,152.02999877929688,152.08999633789062,152.00999450683594,152.02000427246094,152.02000427246094,63533
2025-07-18 13:13:00,152.0500030517578,152.19400024414062,152.0126953125,152.1501007080078,152.1501007080078,62008
2025-07-18 13:14:00,152.14500427246094,152.30999755859375,152.13389587402344,152.27609252929688,152.27609252929688,54601
2025-07-18 13:15:00,152.2899932861328,152.3800048828125,152.2100067138672,152.2899932861328,152.2899932861328,124189
2025-07-18 13:16:00,152.2899932861328,152.37899780273438,152.27999877929688,152.35000610351562,152.35000610351562,59913
2025-07-18 13:17:00,152.35629272460938,152.4530029296875,152.35000610351562,152.44000244140625,152.44000244140625,70882
2025-07-18 13:18:00,152.44009399414062,152.49000549316406,152.35000610351562,152.44000244140625,152.44000244140625,75202
2025-07-18 13:19:00,152.42039489746094,152.52999877929688,152.37139892578125,152.4998016357422,152.4998016357422,60111
2025-07-18 13:20:00,152.49510192871094,152.75,152.4636993408203,152.74000549316406,152.74000549316406,141449
2025-07-18 13:21:00,152.74000549316406,152.77999877929688,152.64010620117188,152.72500610351562,152.72500610351562,81707
2025-07-18 13:22:00,152.72500610351562,152.7344970703125,152.60000610351562,152.6300048828125,152.6300048828125,65067
2025-07-18 13:23:00,152.61019897460938,152.72999572753906,152.6009063720703,152.7200927734375,152.7200927734375,63130
2025-07-18 13:24:00,152.72999572753906,152.8800048828125,152.72999572753906,152.7899932861328,152.7899932861328,119340
2025-07-18 13:25:00,152.7899932861328,152.9600067138672,152.77499389648438,152.91000366210938,152.91000366210938,91305
2025-07-18 13:26:00,152.9250030517578,152.9250030517578,152.75,152.83709716796875,152.83709716796875,67917
2025-07-18 13:27:00,152.8300018310547,152.856201171875,152.74400329589844,152.80999755859375,152.80999755859375,65970
2025-07-18 13:28:00,152.82049560546875,152.872802734375,152.810302734375,152.84500122070312,152.84500122070312,36011
2025-07-18 13:29:00,152.84500122070312,152.88499450683594,152.75,152.77499389648438,152.77499389648438,73692
2025-07-18 13:30:00,152.7801971435547,152.8800048828125,152.77999877929688,152.85000610351562,152.85000610351562,43955
2025-07-18 13:31:00,152.8325958251953,152.94000244140625,152.82000732421875,152.9398956298828,152.9398956298828,46115
2025-07-18 13:32:00,152.91000366210938,153.0399932861328,152.84860229492188,153.02020263671875,153.02020263671875,95180
2025-07-18 13:33:00,153.03709411621094,153.07000732421875,152.9199981689453,152.9499053955078,152.9499053955078,91689
2025-07-18 13:34:00,152.94000244140625,152.94000244140625,152.8699951171875,152.89999389648438,152.89999389648438,46418
2025-07-18 13:35:00,152.88999938964844,152.88999938964844,152.75030517578125,152.80999755859375,152.80999755859375,62625
2025-07-18 13:36:00,152.77999877929688,152.77999877929688,152.63999938964844,152.72000122070312,152.72000122070312,66473
2025-07-18 13:37:00,152.69500732421875,152.73989868164062,152.6199951171875,152.65989685058594,152.65989685058594,48863
2025-07-18 13:38:00,152.66000366210938,152.845703125,152.66000366210938,152.80999755859375,152.80999755859375,50418
2025-07-18 13:39:00,152.80499267578125,152.94000244140625,152.77999877929688,152.89480590820312,152.89480590820312,33615
2025-07-18 13:40:00,152.89999389648438,153.0,152.88999938964844,152.92999267578125,152.92999267578125,75625
2025-07-18 13:41:00,152.96499633789062,153.0,152.8800048828125,152.91000366210938,152.91000366210938,52135
2025-07-18 13:42:00,152.9199981689453,152.9199981689453,152.75,152.76499938964844,152.76499938964844,53845
2025-07-18 13:43:00,152.77999877929688,152.8845977783203,152.77000427246094,152.80999755859375,152.80999755859375,40562
2025-07-18 13:44:00,152.80999755859375,152.81629943847656,152.72000122070312,152.75039672851562,152.75039672851562,44829
2025-07-18 13:45:00,152.74000549316406,152.7899932861328,152.66000366210938,152.77999877929688,152.77999877929688,41794
2025-07-18 13:46:00,152.77000427246094,152.77000427246094,152.6300048828125,152.63999938964844,152.63999938964844,37530
2025-07-18 13:47:00,152.6300048828125,152.6699981689453,152.5500030517578,152.5800018310547,152.5800018310547,45213
2025-07-18 13:48:00,152.60000610351562,152.63999938964844,152.5500030517578,152.60450744628906,152.60450744628906,35668
2025-07-18 13:49:00,152.60499572753906,152.7198944091797,152.58999633789062,152.7198944091797,152.7198944091797,30883
2025-07-18 13:50:00,152.70970153808594,152.8000030517578,152.70010375976562,152.71449279785156,152.71449279785156,78193
2025-07-18 13:51:00,152.71499633789062,152.7458953857422,152.61000061035156,152.63999938964844,152.63999938964844,34266
2025-07-18 13:52:00,152.64779663085938,152.72999572753906,152.6300048828125,152.6999969482422,152.6999969482422,33568
2025-07-18 13:53:00,152.72000122070312,152.8000030517578,152.67999267578125,152.69000244140625,152.69000244140625,47444
2025-07-18 13:54:00,152.6999969482422,152.6999969482422,152.50999450683594,152.5500030517578,152.5500030517578,71890
2025-07-18 13:55:00,152.52999877929688,152.56979370117188,152.42999267578125,152.44500732421875,152.44500732421875,60767
2025-07-18 13:56:00,152.44000244140625,152.4788055419922,152.35000610351562,152.44700622558594,152.44700622558594,83043
2025-07-18 13:57:00,152.4573974609375,152.5,152.4199981689453,152.4499969482422,152.4499969482422,27949
2025-07-18 13:58:00,152.44439697265625,152.52000427246094,152.4340057373047,152.5,152.5,24009
2025-07-18 13:59:00,152.51499938964844,152.57000732421875,152.49000549316406,152.5196990966797,152.5196990966797,64273
2025-07-18 14:00:00,152.52999877929688,152.69500732421875,152.52000427246094,152.69500732421875,152.69500732421875,37529
2025-07-18 14:01:00,152.6949005126953,152.74000549316406,152.63999938964844,152.69000244140625,152.69000244140625,50849
2025-07-18 14:02:00,152.69500732421875,152.85000610351562,152.64999389648438,152.8336944580078,152.8336944580078,56265
2025-07-18 14:03:00,152.85000610351562,152.9499053955078,152.8300018310547,152.91000366210938,152.91000366210938,113889
2025-07-18 14:04:00,152.92999267578125,152.9600067138672,152.90069580078125,152.95989990234375,152.95989990234375,67432
2025-07-18 14:05:00,152.94979858398438,152.94979858398438,152.8699951171875,152.9149932861328,152.9149932861328,43213
2025-07-18 14:06:00,152.91439819335938,152.91439819335938,152.75999450683594,152.81430053710938,152.81430053710938,48331
2025-07-18 14:07:00,152.81370544433594,152.82000732421875,152.69000244140625,152.7100067138672,152.7100067138672,61952
2025-07-18 14:08:00,152.6999969482422,152.85000610351562,152.69000244140625,152.80999755859375,152.80999755859375,45295
2025-07-18 14:09:00,152.82000732421875,152.86000061035156,152.8000030517578,152.8000030517578,152.8000030517578,40825
2025-07-18 14:10:00,152.82000732421875,152.8249969482422,152.67999267578125,152.7100067138672,152.7100067138672,40162
2025-07-18 14:11:00,152.71449279785156,152.77969360351562,152.71449279785156,152.72000122070312,152.72000122070312,30969
2025-07-18 14:12:00,152.72999572753906,152.85000610351562,152.72650146484375,152.8300018310547,152.8300018310547,39940
2025-07-18 14:13:00,152.83999633789062,152.9199981689453,152.83009338378906,152.9199981689453,152.9199981689453,74958
2025-07-18 14:14:00,152.9199981689453,152.97000122070312,152.89999389648438,152.92030334472656,152.92030334472656,64286
2025-07-18 14:15:00,152.89999389648438,152.89999389648438,152.8302001953125,152.875,152.875,40862
2025-07-18 14:16:00,152.8719024658203,152.97340393066406,152.82000732421875,152.8800048828125,152.8800048828125,51584
2025-07-18 14:17:00,152.85499572753906,152.88999938964844,152.77000427246094,152.8000030517578,152.8000030517578,45344
2025-07-18 14:18:00,152.8199005126953,152.8798065185547,152.74000549316406,152.85000610351562,152.85000610351562,49468
2025-07-18 14:19:00,152.8571014404297,152.8571014404297,152.7519989013672,152.76499938964844,152.76499938964844,30393
2025-07-18 14:20:00,152.76499938964844,152.9600067138672,152.76010131835938,152.92999267578125,152.92999267578125,35620
2025-07-18 14:21:00,152.9199981689453,152.92080688476562,152.7899932861328,152.80499267578125,152.80499267578125,66245
2025-07-18 14:22:00,152.79299926757812,152.83999633789062,152.75970458984375,152.76019287109375,152.76019287109375,20813
2025-07-18 14:23:00,152.77000427246094,152.9199981689453,152.77000427246094,152.8300018310547,152.8300018310547,34025
2025-07-18 14:24:00,152.80999755859375,152.82989501953125,152.73480224609375,152.7899932861328,152.7899932861328,55133
2025-07-18 14:25:00,152.8000030517578,152.82679748535156,152.72000122070312,152.82000732421875,152.82000732421875,30662
2025-07-18 14:26:00,152.82249450683594,152.97000122070312,152.77999877929688,152.80999755859375,152.80999755859375,73475
2025-07-18 14:27:00,152.8000030517578,152.92999267578125,152.7801055908203,152.92930603027344,152.92930603027344,48017
2025-07-18 14:28:00,152.94000244140625,153.16000366210938,152.85009765625,153.10440063476562,153.10440063476562,101009
2025-07-18 14:29:00,153.10499572753906,153.1199951171875,153.0500030517578,153.0596923828125,153.0596923828125,45480
2025-07-18 14:30:00,153.07000732421875,153.0998992919922,153.0,153.02000427246094,153.02000427246094,59515
2025-07-18 14:31:00,153.02999877929688,153.0697021484375,152.92999267578125,152.94000244140625,152.94000244140625,75915
2025-07-18 14:32:00,152.9425048828125,152.956298828125,152.6999969482422,152.77000427246094,152.77000427246094,110525
2025-07-18 14:33:00,152.75999450683594,152.9499969482422,152.75,152.9145050048828,152.9145050048828,69987
2025-07-18 14:34:00,152.91000366210938,152.92449951171875,152.86000061035156,152.90499877929688,152.90499877929688,18876
2025-07-18 14:35:00,152.89999389648438,152.97999572753906,152.8699951171875,152.97999572753906,152.97999572753906,25389
2025-07-18 14:36:00,152.97129821777344,153.0,152.9199981689453,152.9604034423828,152.9604034423828,27568
2025-07-18 14:37:00,152.9698944091797,153.07000732421875,152.9698944091797,153.0426025390625,153.0426025390625,44059
2025-07-18 14:38:00,153.0399932861328,153.0399932861328,152.94000244140625,152.9550018310547,152.9550018310547,28614
2025-07-18 14:39:00,152.9600067138672,153.02000427246094,152.94000244140625,152.9600067138672,152.9600067138672,38212
2025-07-18 14:40:00,152.9698944091797,153.0500030517578,152.9333038330078,152.98500061035156,152.98500061035156,35470
2025-07-18 14:41:00,152.98500061035156,153.11000061035156,152.97000122070312,153.0800018310547,153.0800018310547,45057
2025-07-18 14:42:00,153.0850067138672,153.12989807128906,153.02999877929688,153.0399932861328,153.0399932861328,31000
2025-07-18 14:43:00,153.0399932861328,153.06979370117188,152.97000122070312,153.05999755859375,153.05999755859375,43784
2025-07-18 14:44:00,153.0570068359375,153.10000610351562,153.0,153.02000427246094,153.02000427246094,50602
2025-07-18 14:45:00,153.00999450683594,153.02999877929688,152.9499969482422,153.0095977783203,153.0095977783203,43727
2025-07-18 14:46:00,152.9949951171875,153.0500030517578,152.95010375976562,153.0500030517578,153.0500030517578,38645
2025-07-18 14:47:00,153.0500030517578,153.14999389648438,153.02999877929688,153.05999755859375,153.05999755859375,42752
2025-07-18 14:48:00,153.03500366210938,153.07969665527344,153.02000427246094,153.05999755859375,153.05999755859375,18569
2025-07-18 14:49:00,153.05999755859375,153.07989501953125,152.92999267578125,152.97999572753906,152.97999572753906,52327
2025-07-18 14:50:00,152.97000122070312,153.00999450683594,152.94400024414062,152.97560119628906,152.97560119628906,25571
2025-07-18 14:51:00,152.96420288085938,153.01980590820312,152.85000610351562,152.86920166015625,152.86920166015625,51510
2025-07-18 14:52:00,152.8800048828125,152.94979858398438,152.8300018310547,152.8300018310547,152.8300018310547,32898
2025-07-18 14:53:00,152.83140563964844,152.84500122070312,152.66000366210938,152.701904296875,152.701904296875,47074
2025-07-18 14:54:00,152.70989990234375,152.71499633789062,152.6300048828125,152.6999969482422,152.6999969482422,64999
2025-07-18 14:55:00,152.67010498046875,152.7427978515625,152.6699981689453,152.71710205078125,152.71710205078125,35747
2025-07-18 14:56:00,152.71969604492188,152.7899932861328,152.5301055908203,152.55999755859375,152.55999755859375,69734
2025-07-18 14:57:00,152.5500030517578,152.61000061035156,152.49000549316406,152.58999633789062,152.58999633789062,69290
2025-07-18 14:58:00,152.59950256347656,152.639892578125,152.5399932861328,152.55499267578125,152.55499267578125,27471
2025-07-18 14:59:00,152.5500030517578,152.57000732421875,152.4499969482422,152.5399932861328,152.5399932861328,71182
2025-07-18 15:00:00,152.55499267578125,152.7279052734375,152.55499267578125,152.67909240722656,152.67909240722656,53286
2025-07-18 15:01:00,152.67550659179688,152.69000244140625,152.57000732421875,152.6195068359375,152.6195068359375,29379
2025-07-18 15:02:00,152.60499572753906,152.6199951171875,152.5500030517578,152.57000732421875,152.57000732421875,23553
2025-07-18 15:03:00,152.5800018310547,152.6300048828125,152.42999267578125,152.47999572753906,152.47999572753906,53663
2025-07-18 15:04:00,152.48309326171875,152.58999633789062,152.4600067138672,152.56500244140625,152.56500244140625,42578
2025-07-18 15:05:00,152.55999755859375,152.61000061035156,152.5399932861328,152.5500030517578,152.5500030517578,35312
2025-07-18 15:06:00,152.55999755859375,152.60000610351562,152.49000549316406,152.5399932861328,152.5399932861328,49167
2025-07-18 15:07:00,152.5404052734375,152.69000244140625,152.5399932861328,152.6199951171875,152.6199951171875,48637
2025-07-18 15:08:00,152.6121063232422,152.67999267578125,152.60000610351562,152.6699981689453,152.6699981689453,43886
2025-07-18 15:09:00,152.67999267578125,152.7198944091797,152.64999389648438,152.69000244140625,152.69000244140625,40638
2025-07-18 15:10:00,152.69000244140625,152.8000030517578,152.69000244140625,152.75999450683594,152.75999450683594,60570
2025-07-18 15:11:00,152.75779724121094,152.8699951171875,152.75,152.8699951171875,152.8699951171875,65953
2025-07-18 15:12:00,152.86500549316406,152.98590087890625,152.86000061035156,152.9199981689453,152.9199981689453,126609
2025-07-18 15:13:00,152.89999389648438,153.0,152.82000732421875,152.9700927734375,152.9700927734375,91008
2025-07-18 15:14:00,152.97999572753906,153.02000427246094,152.91000366210938,153.02000427246094,153.02000427246094,105055
2025-07-18 15:15:00,153.02000427246094,153.16079711914062,152.99000549316406,153.1063995361328,153.1063995361328,78542
2025-07-18 15:16:00,153.10000610351562,153.2198944091797,153.08999633789062,153.20599365234375,153.20599365234375,79055
2025-07-18 15:17:00,153.2100067138672,153.22000122070312,153.11000061035156,153.16729736328125,153.16729736328125,81284
2025-07-18 15:18:00,153.14999389648438,153.1999969482422,153.1199951171875,153.13499450683594,153.13499450683594,66138
2025-07-18 15:19:00,153.13499450683594,153.25,153.07000732421875,153.11500549316406,153.11500549316406,92944
2025-07-18 15:20:00,153.11000061035156,153.16000366210938,153.0493927001953,153.16000366210938,153.16000366210938,75784
2025-07-18 15:21:00,153.13999938964844,153.19000244140625,153.06520080566406,153.16969299316406,153.16969299316406,58084
2025-07-18 15:22:00,153.1750030517578,153.2299041748047,153.04029846191406,153.05270385742188,153.05270385742188,64475
2025-07-18 15:23:00,153.06979370117188,153.118896484375,152.9801025390625,153.10000610351562,153.10000610351562,103292
2025-07-18 15:24:00,153.09010314941406,153.1999969482422,153.0655059814453,153.0749969482422,153.0749969482422,73704
2025-07-18 15:25:00,153.05999755859375,153.05999755859375,152.80999755859375,152.92999267578125,152.92999267578125,84723
2025-07-18 15:26:00,152.92999267578125,152.97000122070312,152.89999389648438,152.9600067138672,152.9600067138672,42936
2025-07-18 15:27:00,152.9600067138672,153.04629516601562,152.95010375976562,153.02920532226562,153.02920532226562,50431
2025-07-18 15:28:00,153.0301971435547,153.22999572753906,153.0001983642578,153.22869873046875,153.22869873046875,98130
2025-07-18 15:29:00,153.22000122070312,153.2449951171875,153.1300048828125,153.1300048828125,153.1300048828125,56818
2025-07-18 15:30:00,153.14500427246094,153.25,153.13009643554688,153.17999267578125,153.17999267578125,49429
2025-07-18 15:31:00,153.1781005859375,153.20489501953125,153.02000427246094,153.10910034179688,153.10910034179688,79279
2025-07-18 15:32:00,153.08999633789062,153.1199951171875,153.00999450683594,153.11000061035156,153.11000061035156,66098
2025-07-18 15:33:00,153.11000061035156,153.17599487304688,153.10000610351562,153.1300048828125,153.1300048828125,76421
2025-07-18 15:34:00,153.1199951171875,153.2698974609375,153.1199951171875,153.2100067138672,153.2100067138672,87239
2025-07-18 15:35:00,153.19000244140625,153.27000427246094,153.14999389648438,153.15499877929688,153.15499877929688,65653
2025-07-18 15:36:00,153.1555938720703,153.22720336914062,153.110107421875,153.1699981689453,153.1699981689453,52068
2025-07-18 15:37:00,153.1649932861328,153.23500061035156,153.16000366210938,153.1737060546875,153.1737060546875,65642
2025-07-18 15:38:00,153.19000244140625,153.27999877929688,153.15499877929688,153.15499877929688,153.15499877929688,62414
2025-07-18 15:39:00,153.16000366210938,153.1699981689453,153.11000061035156,153.13999938964844,153.13999938964844,57744
2025-07-18 15:40:00,153.1300048828125,153.27000427246094,153.00999450683594,153.27000427246094,153.27000427246094,114507
2025-07-18 15:41:00,153.27999877929688,153.35499572753906,153.17999267578125,153.3148956298828,153.3148956298828,138791
2025-07-18 15:42:00,153.3249969482422,153.3800048828125,153.30999755859375,153.3699951171875,153.3699951171875,72235
2025-07-18 15:43:00,153.3699951171875,153.39999389648438,153.32000732421875,153.39999389648438,153.39999389648438,69428
2025-07-18 15:44:00,153.39500427246094,153.47500610351562,153.35000610351562,153.4199981689453,153.4199981689453,113778
2025-07-18 15:45:00,153.42550659179688,153.4600067138672,153.35000610351562,153.43499755859375,153.43499755859375,67140
2025-07-18 15:46:00,153.42999267578125,153.47999572753906,153.3699951171875,153.4364013671875,153.4364013671875,60930
2025-07-18 15:47:00,153.4199981689453,153.6199951171875,153.4199981689453,153.5200958251953,153.5200958251953,172390
2025-07-18 15:48:00,153.5399932861328,153.58999633789062,153.47000122070312,153.51499938964844,153.51499938964844,91105
2025-07-18 15:49:00,153.5,153.5500030517578,153.4449005126953,153.5,153.5,96498
2025-07-18 15:50:00,153.5,153.6199951171875,153.4199981689453,153.47999572753906,153.47999572753906,163068
2025-07-18 15:51:00,153.5,153.6024932861328,153.47000122070312,153.5399932861328,153.5399932861328,134916
2025-07-18 15:52:00,153.53500366210938,153.6298065185547,153.52999877929688,153.58999633789062,153.58999633789062,92615
2025-07-18 15:53:00,153.58999633789062,153.63999938964844,153.52000427246094,153.60000610351562,153.60000610351562,95580
2025-07-18 15:54:00,153.61000061035156,153.6300048828125,153.5,153.60459899902344,153.60459899902344,111609
2025-07-18 15:55:00,153.60000610351562,153.61000061035156,153.32000732421875,153.4499969482422,153.4499969482422,179948
2025-07-18 15:56:00,153.4600067138672,153.57859802246094,153.4600067138672,153.5449981689453,153.5449981689453,103596
2025-07-18 15:57:00,153.5447998046875,153.58999633789062,153.47999572753906,153.47999572753906,153.47999572753906,164710
2025-07-18 15:58:00,153.48500061035156,153.5386962890625,153.4149932861328,153.46429443359375,153.46429443359375,188629
2025-07-18 15:59:00,153.47000122070312,153.57000732421875,153.3800048828125,153.5500030517578,153.5500030517578,316153
2025-07-21 00:00:00,153.8800048828125,155.44000244140625,151.36000061035156,151.7899932861328,151.7899932861328,45072800
2025-07-21 09:30:00,153.9600067138672,154.16700744628906,153.6300048828125,153.9774932861328,153.9774932861328,1264937
2025-07-21 09:31:00,153.99000549316406,154.25,153.5500030517578,153.90499877929688,153.90499877929688,250089
2025-07-21 09:32:00,153.90499877929688,153.9499969482422,153.1199951171875,153.25,153.25,285843
2025-07-21 09:33:00,153.24639892578125,153.43890380859375,152.88499450683594,153.39500427246094,153.39500427246094,287784
2025-07-21 09:34:00,153.39500427246094,153.4600067138672,152.8699951171875,152.9949951171875,152.9949951171875,231103
2025-07-21 09:35:00,153.0,153.35989379882812,152.72000122070312,153.14999389648438,153.14999389648438,239587
2025-07-21 09:36:00,153.1540069580078,153.39990234375,153.11000061035156,153.3748016357422,153.3748016357422,166470
2025-07-21 09:37:00,153.35000610351562,153.75,153.3000030517578,153.47500610351562,153.47500610351562,264315
2025-07-21 09:38:00,153.47560119628906,153.77000427246094,153.3800048828125,153.52499389648438,153.52499389648438,464719
2025-07-21 09:39:00,153.52740478515625,153.83949279785156,153.3800048828125,153.80999755859375,153.80999755859375,216860
2025-07-21 09:40:00,153.81500244140625,153.97999572753906,153.75,153.8800048828125,153.8800048828125,258951
2025-07-21 09:41:00,153.8699951171875,154.33999633789062,153.8699951171875,154.13999938964844,154.13999938964844,404737
2025-07-21 09:42:00,154.1300048828125,154.42990112304688,154.05999755859375,154.3300018310547,154.3300018310547,264390
2025-07-21 09:43:00,154.32020568847656,154.5399932861328,154.27999877929688,154.36500549316406,154.36500549316406,229082
2025-07-21 09:44:00,154.36000061035156,154.49000549316406,154.05990600585938,154.11000061035156,154.11000061035156,242341
2025-07-21 09:45:00,154.11000061035156,154.5,154.02000427246094,154.2299041748047,154.2299041748047,253978
2025-07-21 09:46:00,154.24000549316406,154.3260040283203,154.0449981689453,154.22500610351562,154.22500610351562,156864
2025-07-21 09:47:00,154.2393035888672,154.5,154.11619567871094,154.42959594726562,154.42959594726562,174597
2025-07-21 09:48:00,154.42959594726562,154.60499572753906,154.35000610351562,154.5792999267578,154.5792999267578,276109
2025-07-21 09:49:00,154.5800018310547,154.6699981689453,154.2100067138672,154.22500610351562,154.22500610351562,244569
2025-07-21 09:50:00,154.22999572753906,154.29989624023438,153.92999267578125,153.92999267578125,153.92999267578125,259164
2025-07-21 09:51:00,153.92999267578125,154.20550537109375,153.9199981689453,154.20550537109375,154.20550537109375,195697
2025-07-21 09:52:00,154.19500732421875,154.38999938964844,154.19500732421875,154.22500610351562,154.22500610351562,161327
2025-07-21 09:53:00,154.22500610351562,154.2899932861328,153.75,153.77000427246094,153.77000427246094,198661
2025-07-21 09:54:00,153.78500366210938,154.10000610351562,153.72030639648438,154.0399932861328,154.0399932861328,158678
2025-07-21 09:55:00,154.0800018310547,154.08999633789062,153.8699951171875,153.8800048828125,153.8800048828125,136558
2025-07-21 09:56:00,153.8699951171875,154.05999755859375,153.76150512695312,153.90040588378906,153.90040588378906,111888
2025-07-21 09:57:00,153.89199829101562,153.89999389648438,153.6156005859375,153.6699981689453,153.6699981689453,123094
2025-07-21 09:58:00,153.64999389648438,153.7899932861328,153.63999938964844,153.64999389648438,153.64999389648438,101957
2025-07-21 09:59:00,153.65499877929688,153.80999755859375,153.61000061035156,153.77920532226562,153.77920532226562,95755
2025-07-21 10:00:00,153.7899932861328,154.06919860839844,153.72000122070312,153.95799255371094,153.95799255371094,207920
2025-07-21 10:01:00,153.97000122070312,153.98089599609375,153.60000610351562,153.61000061035156,153.61000061035156,136253
2025-07-21 10:02:00,153.60000610351562,153.64999389648438,153.44000244140625,153.63999938964844,153.63999938964844,171952
2025-07-21 10:03:00,153.64939880371094,153.8798065185547,153.59750366210938,153.80560302734375,153.80560302734375,106701
2025-07-21 10:04:00,153.78590393066406,153.89999389648438,153.63999938964844,153.72000122070312,153.72000122070312,117885
2025-07-21 10:05:00,153.72000122070312,153.72000122070312,153.4499969482422,153.57269287109375,153.57269287109375,143174
2025-07-21 10:06:00,153.5850067138672,153.98980712890625,153.5850067138672,153.92999267578125,153.92999267578125,125968
2025-07-21 10:07:00,153.9199981689453,154.36500549316406,153.91000366210938,154.32449340820312,154.32449340820312,254758
2025-07-21 10:08:00,154.3350067138672,154.36000061035156,154.11000061035156,154.25469970703125,154.25469970703125,151442
2025-07-21 10:09:00,154.2449951171875,154.41969299316406,154.2301025390625,154.32980346679688,154.32980346679688,138039
2025-07-21 10:10:00,154.3249969482422,154.34500122070312,154.10000610351562,154.11000061035156,154.11000061035156,124857
2025-07-21 10:11:00,154.11990356445312,154.24000549316406,153.85040283203125,153.8896026611328,153.8896026611328,139678
2025-07-21 10:12:00,153.86000061035156,154.1199951171875,153.86000061035156,154.0697021484375,154.0697021484375,97018
2025-07-21 10:13:00,154.07000732421875,154.14999389648438,153.9499969482422,154.02999877929688,154.02999877929688,82102
2025-07-21 10:14:00,154.0449981689453,154.14039611816406,153.9499969482422,154.02999877929688,154.02999877929688,77964
2025-07-21 10:15:00,154.07000732421875,154.2899932861328,153.97000122070312,154.24000549316406,154.24000549316406,81906
2025-07-21 10:16:00,154.25,154.5,154.1750030517578,154.47000122070312,154.47000122070312,162699
2025-07-21 10:17:00,154.47999572753906,154.58999633789062,154.41009521484375,154.46470642089844,154.46470642089844,158179
2025-07-21 10:18:00,154.47500610351562,154.57040405273438,154.39500427246094,154.49000549316406,154.49000549316406,119149
2025-07-21 10:19:00,154.50999450683594,154.64999389648438,154.47000122070312,154.57980346679688,154.57980346679688,158384
2025-07-21 10:20:00,154.57040405273438,154.8699951171875,154.47000122070312,154.8072052001953,154.8072052001953,284151
2025-07-21 10:21:00,154.80999755859375,155.44000244140625,154.7899932861328,155.41000366210938,155.41000366210938,616010
2025-07-21 10:22:00,155.41000366210938,155.42129516601562,155.0301055908203,155.0498046875,155.0498046875,306547
2025-07-21 10:23:00,155.00999450683594,155.0299072265625,154.77999877929688,154.91000366210938,154.91000366210938,239636
2025-07-21 10:24:00,154.9149932861328,154.97000122070312,154.82000732421875,154.85000610351562,154.85000610351562,125392
2025-07-21 10:25:00,154.8300018310547,154.97999572753906,154.64999389648438,154.9600067138672,154.9600067138672,189382
2025-07-21 10:26:00,154.9600067138672,155.16000366210938,154.89999389648438,155.10499572753906,155.10499572753906,207521
2025-07-21 10:27:00,155.11000061035156,155.14500427246094,154.8000030517578,154.9456024169922,154.9456024169922,137254
2025-07-21 10:28:00,154.97000122070312,155.18499755859375,154.8699951171875,155.08999633789062,155.08999633789062,105526
2025-07-21 10:29:00,155.07000732421875,155.28480529785156,155.00999450683594,155.22999572753906,155.22999572753906,128333
2025-07-21 10:30:00,155.24000549316406,155.25,154.89999389648438,154.9149932861328,154.9149932861328,139453
2025-07-21 10:31:00,154.9156036376953,154.91990661621094,154.74000549316406,154.8000030517578,154.8000030517578,161814
2025-07-21 10:32:00,154.8000030517578,154.99989318847656,154.78399658203125,154.993896484375,154.993896484375,75707
2025-07-21 10:33:00,155.0,155.19000244140625,154.98919677734375,155.11000061035156,155.11000061035156,126391
2025-07-21 10:34:00,155.07040405273438,155.11000061035156,154.9499969482422,155.07000732421875,155.07000732421875,76392
2025-07-21 10:35:00,155.06500244140625,155.22999572753906,155.0,155.1300048828125,155.1300048828125,85118
2025-07-21 10:36:00,155.13999938964844,155.21499633789062,154.95030212402344,154.97000122070312,154.97000122070312,116145
2025-07-21 10:37:00,154.96560668945312,155.27000427246094,154.94000244140625,155.1999969482422,155.1999969482422,132857
2025-07-21 10:38:00,155.17999267578125,155.36000061035156,155.14999389648438,155.2301025390625,155.2301025390625,156264
2025-07-21 10:39:00,155.22479248046875,155.25999450683594,155.16000366210938,155.21609497070312,155.21609497070312,91519
2025-07-21 10:40:00,155.17030334472656,155.25,154.97000122070312,155.04969787597656,155.04969787597656,106230
2025-07-21 10:41:00,155.0438995361328,155.22959899902344,154.97999572753906,155.14999389648438,155.14999389648438,114904
2025-07-21 10:42:00,155.13999938964844,155.17999267578125,154.99000549316406,155.0684051513672,155.0684051513672,82279
2025-07-21 10:43:00,155.06500244140625,155.10960388183594,154.97999572753906,155.05020141601562,155.05020141601562,128326
2025-07-21 10:44:00,155.05050659179688,155.3000030517578,154.98919677734375,155.27999877929688,155.27999877929688,117312
2025-07-21 10:45:00,155.27000427246094,155.30499267578125,155.05169677734375,155.08709716796875,155.08709716796875,97022
2025-07-21 10:46:00,155.09500122070312,155.1999969482422,155.01040649414062,155.02499389648438,155.02499389648438,60408
2025-07-21 10:47:00,155.01499938964844,155.0399932861328,154.85000610351562,154.89439392089844,154.89439392089844,154572
2025-07-21 10:48:00,154.88999938964844,154.97999572753906,154.83999633789062,154.94039916992188,154.94039916992188,90116
2025-07-21 10:49:00,154.94000244140625,154.9644012451172,154.8000946044922,154.89999389648438,154.89999389648438,90936
2025-07-21 10:50:00,154.90499877929688,154.9499053955078,154.6199951171875,154.66000366210938,154.66000366210938,157841
2025-07-21 10:51:00,154.64999389648438,154.74969482421875,154.57000732421875,154.58529663085938,154.58529663085938,128551
2025-07-21 10:52:00,154.5749969482422,154.77000427246094,154.5749969482422,154.7100067138672,154.7100067138672,78505
2025-07-21 10:53:00,154.7100067138672,154.7899932861328,154.6199951171875,154.639892578125,154.639892578125,100867
2025-07-21 10:54:00,154.6199951171875,154.73500061035156,154.6199951171875,154.6999969482422,154.6999969482422,46394
2025-07-21 10:55:00,154.6999969482422,154.7449951171875,154.60000610351562,154.66000366210938,154.66000366210938,43258
2025-07-21 10:56:00,154.68499755859375,154.6999969482422,154.50999450683594,154.57000732421875,154.57000732421875,87023
2025-07-21 10:57:00,154.5699005126953,154.65969848632812,154.4199981689453,154.44000244140625,154.44000244140625,104844
2025-07-21 10:58:00,154.4499969482422,154.56930541992188,154.4499969482422,154.5,154.5,66160
2025-07-21 10:59:00,154.4949951171875,154.52999877929688,154.44000244140625,154.5,154.5,50458
2025-07-21 11:00:00,154.5,154.5196990966797,154.36000061035156,154.43299865722656,154.43299865722656,73051
2025-07-21 11:01:00,154.4250030517578,154.4799041748047,154.33999633789062,154.4600067138672,154.4600067138672,84567
2025-07-21 11:02:00,154.42999267578125,154.44500732421875,154.21009826660156,154.23500061035156,154.23500061035156,103672
2025-07-21 11:03:00,154.23599243164062,154.35000610351562,154.1697998046875,154.27040100097656,154.27040100097656,98179
2025-07-21 11:04:00,154.27000427246094,154.30459594726562,154.1999969482422,154.2303924560547,154.2303924560547,66603
2025-07-21 11:05:00,154.25,154.25,154.0,154.05999755859375,154.05999755859375,109930
2025-07-21 11:06:00,154.0500030517578,154.22000122070312,154.0500030517578,154.1999969482422,154.1999969482422,132038
2025-07-21 11:07:00,154.19000244140625,154.2899932861328,154.1199951171875,154.22000122070312,154.22000122070312,124123
2025-07-21 11:08:00,154.21499633789062,154.25999450683594,154.04319763183594,154.0449981689453,154.0449981689453,145638
2025-07-21 11:09:00,154.0449981689453,154.1300048828125,154.0,154.125,154.125,111471
2025-07-21 11:10:00,154.12559509277344,154.25,154.07000732421875,154.2198028564453,154.2198028564453,104768
2025-07-21 11:11:00,154.2198028564453,154.38999938964844,154.1999969482422,154.389892578125,154.389892578125,136143
2025-07-21 11:12:00,154.3800048828125,154.5500030517578,154.36279296875,154.54010009765625,154.54010009765625,155790
2025-07-21 11:13:00,154.55999755859375,154.6300048828125,154.47999572753906,154.54969787597656,154.54969787597656,171854
2025-07-21 11:14:00,154.55499267578125,154.55999755859375,154.41029357910156,154.42999267578125,154.42999267578125,89840
2025-07-21 11:15:00,154.4499969482422,154.55999755859375,154.42999267578125,154.4698944091797,154.4698944091797,74977
2025-07-21 11:16:00,154.44000244140625,154.53990173339844,154.33999633789062,154.47000122070312,154.47000122070312,96608
2025-07-21 11:17:00,154.49000549316406,154.57000732421875,154.47030639648438,154.50010681152344,154.50010681152344,102404
2025-07-21 11:18:00,154.52999877929688,154.60000610351562,154.50999450683594,154.52000427246094,154.52000427246094,71035
2025-07-21 11:19:00,154.52000427246094,154.5399932861328,154.36000061035156,154.3699951171875,154.3699951171875,74297
2025-07-21 11:20:00,154.3699951171875,154.41000366210938,154.25999450683594,154.27520751953125,154.27520751953125,79755
2025-07-21 11:21:00,154.28500366210938,154.3990020751953,154.27999877929688,154.30960083007812,154.30960083007812,72641
2025-07-21 11:22:00,154.30960083007812,154.34950256347656,154.22999572753906,154.27000427246094,154.27000427246094,51719
2025-07-21 11:23:00,154.3000030517578,154.30349731445312,154.0,154.07000732421875,154.07000732421875,110560
2025-07-21 11:24:00,154.0800018310547,154.11000061035156,154.00999450683594,154.05560302734375,154.05560302734375,73309
2025-07-21 11:25:00,154.0399932861328,154.22000122070312,154.0,154.20010375976562,154.20010375976562,156656
2025-07-21 11:26:00,154.19949340820312,154.2899932861328,154.19949340820312,154.22999572753906,154.22999572753906,82405
2025-07-21 11:27:00,154.24000549316406,154.38999938964844,154.24000549316406,154.35000610351562,154.35000610351562,67677
2025-07-21 11:28:00,154.33700561523438,154.35000610351562,154.21499633789062,154.21499633789062,154.21499633789062,54341
2025-07-21 11:29:00,154.22999572753906,154.27999877929688,154.1403045654297,154.26559448242188,154.26559448242188,56682
2025-07-21 11:30:00,154.2738037109375,154.3300018310547,154.19500732421875,154.24000549316406,154.24000549316406,53809
2025-07-21 11:31:00,154.25,154.27000427246094,154.16000366210938,154.235595703125,154.235595703125,39628
2025-07-21 11:32:00,154.2436065673828,154.4600067138672,154.1699981689453,154.39500427246094,154.39500427246094,100021
2025-07-21 11:33:00,154.39439392089844,154.40989685058594,154.0800018310547,154.2100067138672,154.2100067138672,86493
2025-07-21 11:34:00,154.16000366210938,154.25999450683594,154.0,154.0207977294922,154.0207977294922,74278
2025-07-21 11:35:00,154.03970336914062,154.03970336914062,153.8000030517578,153.8800048828125,153.8800048828125,151696
2025-07-21 11:36:00,153.86000061035156,153.9600067138672,153.8300018310547,153.93919372558594,153.93919372558594,93401
2025-07-21 11:37:00,153.9199981689453,153.9199981689453,153.77499389648438,153.8300018310547,153.8300018310547,118764
2025-07-21 11:38:00,153.8300018310547,153.9499969482422,153.77000427246094,153.9199981689453,153.9199981689453,87924
2025-07-21 11:39:00,153.9149932861328,154.0449981689453,153.8800048828125,153.97999572753906,153.97999572753906,67440
2025-07-21 11:40:00,153.97000122070312,154.04010009765625,153.97000122070312,154.02000427246094,154.02000427246094,51218
2025-07-21 11:41:00,154.02639770507812,154.11000061035156,153.99000549316406,154.10499572753906,154.10499572753906,80435
2025-07-21 11:42:00,154.10000610351562,154.1300048828125,153.97059631347656,153.98500061035156,153.98500061035156,75849
2025-07-21 11:43:00,153.9738006591797,154.0,153.82449340820312,153.8300018310547,153.8300018310547,90051
2025-07-21 11:44:00,153.8300018310547,153.8800048828125,153.8000030517578,153.8800048828125,153.8800048828125,64831
2025-07-21 11:45:00,153.875,153.9499969482422,153.83999633789062,153.94000244140625,153.94000244140625,57525
2025-07-21 11:46:00,153.94000244140625,154.05990600585938,153.8404998779297,153.94000244140625,153.94000244140625,128814
2025-07-21 11:47:00,153.9499969482422,153.97999572753906,153.75999450683594,153.92030334472656,153.92030334472656,89499
2025-07-21 11:48:00,153.92999267578125,153.97000122070312,153.87030029296875,153.94000244140625,153.94000244140625,41835
2025-07-21 11:49:00,153.9250030517578,153.9499969482422,153.8000030517578,153.89039611816406,153.89039611816406,85614
2025-07-21 11:50:00,153.88999938964844,153.92039489746094,153.8101043701172,153.83999633789062,153.83999633789062,45628
2025-07-21 11:51:00,153.85000610351562,153.9600067138672,153.85000610351562,153.9398956298828,153.9398956298828,51337
2025-07-21 11:52:00,153.93899536132812,153.96060180664062,153.7196044921875,153.7696990966797,153.7696990966797,95428
2025-07-21 11:53:00,153.75999450683594,153.77000427246094,153.6699981689453,153.72979736328125,153.72979736328125,59721
2025-07-21 11:54:00,153.7397003173828,153.81500244140625,153.67999267578125,153.75999450683594,153.75999450683594,68563
2025-07-21 11:55:00,153.74949645996094,153.7899932861328,153.60000610351562,153.60000610351562,153.60000610351562,100529
2025-07-21 11:56:00,153.60000610351562,153.6699981689453,153.3802947998047,153.39500427246094,153.39500427246094,145775
2025-07-21 11:57:00,153.40789794921875,153.44000244140625,153.1999969482422,153.24009704589844,153.24009704589844,178607
2025-07-21 11:58:00,153.23899841308594,153.2729949951172,153.1999969482422,153.23550415039062,153.23550415039062,105315
2025-07-21 11:59:00,153.24609375,153.32000732421875,153.16000366210938,153.16259765625,153.16259765625,110215
2025-07-21 12:00:00,153.1699981689453,153.17999267578125,152.9199981689453,153.00999450683594,153.00999450683594,222892
2025-07-21 12:01:00,152.98500061035156,152.99000549316406,152.75,152.8612060546875,152.8612060546875,195515
2025-07-21 12:02:00,152.8699951171875,153.14999389648438,152.8699951171875,153.14999389648438,153.14999389648438,161213
2025-07-21 12:03:00,153.16000366210938,153.35000610351562,153.14019775390625,153.26390075683594,153.26390075683594,176376
2025-07-21 12:04:00,153.27000427246094,153.36500549316406,153.25,153.2801055908203,153.2801055908203,131293
2025-07-21 12:05:00,153.27999877929688,153.35000610351562,153.14999389648438,153.15029907226562,153.15029907226562,112879
2025-07-21 12:06:00,153.16000366210938,153.17999267578125,153.02000427246094,153.07000732421875,153.07000732421875,114527
2025-07-21 12:07:00,153.07000732421875,153.07040405273438,152.9199981689453,153.03500366210938,153.03500366210938,88328
2025-07-21 12:08:00,153.03289794921875,153.14990234375,152.92999267578125,153.13560485839844,153.13560485839844,90521
2025-07-21 12:09:00,153.13499450683594,153.17999267578125,153.0,153.05999755859375,153.05999755859375,96204
2025-07-21 12:10:00,153.0800018310547,153.22000122070312,153.0800018310547,153.0800018310547,153.0800018310547,74091
2025-07-21 12:11:00,153.07000732421875,153.10980224609375,153.0,153.07000732421875,153.07000732421875,89164
2025-07-21 12:12:00,153.0601043701172,153.06100463867188,152.99000549316406,153.0050048828125,153.0050048828125,108822
2025-07-21 12:13:00,153.0,153.05990600585938,152.92999267578125,152.97500610351562,152.97500610351562,96259
2025-07-21 12:14:00,152.97000122070312,152.99000549316406,152.86380004882812,152.8643035888672,152.8643035888672,96173
2025-07-21 12:15:00,152.8699951171875,153.0800018310547,152.8699951171875,152.99000549316406,152.99000549316406,90247
2025-07-21 12:16:00,153.00990295410156,153.0299072265625,152.6999969482422,152.7001953125,152.7001953125,147988
2025-07-21 12:17:00,152.6999969482422,152.7698974609375,152.57000732421875,152.67849731445312,152.67849731445312,162057
2025-07-21 12:18:00,152.6750030517578,152.82000732421875,152.6322021484375,152.8000030517578,152.8000030517578,101580
2025-07-21 12:19:00,152.82000732421875,152.9499969482422,152.74000549316406,152.89999389648438,152.89999389648438,100261
2025-07-21 12:20:00,152.89010620117188,152.99000549316406,152.89010620117188,152.94000244140625,152.94000244140625,82717
2025-07-21 12:21:00,152.93499755859375,152.9600067138672,152.52000427246094,152.52000427246094,152.52000427246094,140451
2025-07-21 12:22:00,152.522705078125,152.539794921875,152.2100067138672,152.28909301757812,152.28909301757812,368385
2025-07-21 12:23:00,152.2899932861328,152.4300994873047,152.2899932861328,152.4149932861328,152.4149932861328,182762
2025-07-21 12:24:00,152.41140747070312,152.531494140625,152.38499450683594,152.50999450683594,152.50999450683594,85694
2025-07-21 12:25:00,152.5,152.5998992919922,152.41000366210938,152.47999572753906,152.47999572753906,169397
2025-07-21 12:26:00,152.48500061035156,152.70919799804688,152.4326934814453,152.69500732421875,152.69500732421875,93991
2025-07-21 12:27:00,152.6999969482422,152.8300018310547,152.6999969482422,152.8029022216797,152.8029022216797,120827
2025-07-21 12:28:00,152.81500244140625,152.97000122070312,152.81500244140625,152.8498992919922,152.8498992919922,105272
2025-07-21 12:29:00,152.85989379882812,152.92999267578125,152.8249969482422,152.90859985351562,152.90859985351562,70163
2025-07-21 12:30:00,152.89999389648438,153.02999877929688,152.85000610351562,152.99000549316406,152.99000549316406,94649
2025-07-21 12:31:00,152.99000549316406,153.02999877929688,152.9199981689453,153.02000427246094,153.02000427246094,67258
2025-07-21 12:32:00,153.00999450683594,153.2198028564453,153.00999450683594,153.13499450683594,153.13499450683594,95515
2025-07-21 12:33:00,153.12680053710938,153.2100067138672,153.05999755859375,153.10000610351562,153.10000610351562,75669
2025-07-21 12:34:00,153.08999633789062,153.24339294433594,153.05999755859375,153.24339294433594,153.24339294433594,70498
2025-07-21 12:35:00,153.24000549316406,153.25,153.0399932861328,153.0399932861328,153.0399932861328,78259
2025-07-21 12:36:00,153.0500030517578,153.16000366210938,153.02999877929688,153.1544952392578,153.1544952392578,51618
2025-07-21 12:37:00,153.1300048828125,153.1300048828125,152.9600067138672,152.96499633789062,152.96499633789062,64412
2025-07-21 12:38:00,152.9595947265625,153.00999450683594,152.85000610351562,152.86990356445312,152.86990356445312,76522
2025-07-21 12:39:00,152.86990356445312,152.88999938964844,152.77999877929688,152.79010009765625,152.79010009765625,54626
2025-07-21 12:40:00,152.7899932861328,152.86000061035156,152.72999572753906,152.85499572753906,152.85499572753906,51683
2025-07-21 12:41:00,152.86000061035156,152.89999389648438,152.77999877929688,152.8780059814453,152.8780059814453,51463
2025-07-21 12:42:00,152.8800048828125,152.94970703125,152.82000732421875,152.94970703125,152.94970703125,44563
2025-07-21 12:43:00,152.93710327148438,152.97999572753906,152.8699951171875,152.8800048828125,152.8800048828125,43778
2025-07-21 12:44:00,152.91690063476562,152.9600067138672,152.72000122070312,152.77000427246094,152.77000427246094,68680
2025-07-21 12:45:00,152.77000427246094,152.86000061035156,152.77000427246094,152.86000061035156,152.86000061035156,40891
2025-07-21 12:46:00,152.8603057861328,152.9199981689453,152.83999633789062,152.85000610351562,152.85000610351562,51073
2025-07-21 12:47:00,152.86000061035156,152.91000366210938,152.80999755859375,152.86500549316406,152.86500549316406,46129
2025-07-21 12:48:00,152.83999633789062,152.94000244140625,152.80999755859375,152.9250030517578,152.9250030517578,32957
2025-07-21 12:49:00,152.92919921875,152.9499053955078,152.8000030517578,152.8000030517578,152.8000030517578,58707
2025-07-21 12:50:00,152.82969665527344,152.83999633789062,152.7904052734375,152.8300018310547,152.8300018310547,28929
2025-07-21 12:51:00,152.8300018310547,152.85000610351562,152.74000549316406,152.76980590820312,152.76980590820312,44066
2025-07-21 12:52:00,152.75999450683594,152.77000427246094,152.66000366210938,152.74000549316406,152.74000549316406,67061
2025-07-21 12:53:00,152.74000549316406,152.8800048828125,152.72999572753906,152.8800048828125,152.8800048828125,52156
2025-07-21 12:54:00,152.8800048828125,153.0,152.8800048828125,152.92999267578125,152.92999267578125,87441
2025-07-21 12:55:00,152.939697265625,153.02000427246094,152.77000427246094,152.7906951904297,152.7906951904297,60530
2025-07-21 12:56:00,152.79469299316406,152.85000610351562,152.5500030517578,152.78990173339844,152.78990173339844,113448
2025-07-21 12:57:00,152.78500366210938,152.89999389648438,152.7100067138672,152.8699951171875,152.8699951171875,53619
2025-07-21 12:58:00,152.86500549316406,152.9499053955078,152.860107421875,152.91000366210938,152.91000366210938,38963
2025-07-21 12:59:00,152.92010498046875,153.0399932861328,152.86000061035156,153.02000427246094,153.02000427246094,71393
2025-07-21 13:00:00,153.01010131835938,153.10000610351562,153.00030517578125,153.02000427246094,153.02000427246094,51833
2025-07-21 13:01:00,153.02940368652344,153.2100067138672,153.02940368652344,153.07020568847656,153.07020568847656,99299
2025-07-21 13:02:00,153.08999633789062,153.25999450683594,153.05029296875,153.22000122070312,153.22000122070312,74527
2025-07-21 13:03:00,153.22000122070312,153.33999633789062,153.22000122070312,153.33999633789062,153.33999633789062,90600
2025-07-21 13:04:00,153.3350067138672,153.4149932861328,153.27999877929688,153.39999389648438,153.39999389648438,78341
2025-07-21 13:05:00,153.39999389648438,153.4499969482422,153.1699981689453,153.19000244140625,153.19000244140625,108191
2025-07-21 13:06:00,153.18040466308594,153.24000549316406,153.00999450683594,153.04710388183594,153.04710388183594,95723
2025-07-21 13:07:00,153.05490112304688,153.10009765625,153.01010131835938,153.0950927734375,153.0950927734375,42935
2025-07-21 13:08:00,153.10000610351562,153.10000610351562,153.02999877929688,153.07000732421875,153.07000732421875,31559
2025-07-21 13:09:00,153.0800018310547,153.1300048828125,152.92999267578125,152.94970703125,152.94970703125,585767
2025-07-21 13:10:00,152.90029907226562,153.0399932861328,152.8300018310547,153.0131072998047,153.0131072998047,90360
2025-07-21 13:11:00,153.00999450683594,153.01499938964844,152.86000061035156,152.8699951171875,152.8699951171875,41534
2025-07-21 13:12:00,152.8800048828125,152.9698028564453,152.77000427246094,152.91000366210938,152.91000366210938,83047
2025-07-21 13:13:00,152.90460205078125,153.0,152.89039611816406,152.99139404296875,152.99139404296875,41168
2025-07-21 13:14:00,152.99000549316406,153.02999877929688,152.94000244140625,152.97439575195312,152.97439575195312,42501
2025-07-21 13:15:00,152.97000122070312,152.97999572753906,152.89999389648438,152.93389892578125,152.93389892578125,33048
2025-07-21 13:16:00,152.9600067138672,153.05999755859375,152.94000244140625,152.94009399414062,152.94009399414062,52616
2025-07-21 13:17:00,152.9499969482422,153.07000732421875,152.91000366210938,153.07000732421875,153.07000732421875,46494
2025-07-21 13:18:00,153.05499267578125,153.07000732421875,152.97000122070312,153.02499389648438,153.02499389648438,42698
2025-07-21 13:19:00,153.02999877929688,153.16000366210938,153.02000427246094,153.05999755859375,153.05999755859375,68989
2025-07-21 13:20:00,153.07000732421875,153.07000732421875,152.86000061035156,152.88499450683594,152.88499450683594,58343
2025-07-21 13:21:00,152.88499450683594,153.0,152.8800048828125,152.99000549316406,152.99000549316406,47933
2025-07-21 13:22:00,153.0,153.02000427246094,152.72000122070312,152.77740478515625,152.77740478515625,95409
2025-07-21 13:23:00,152.77999877929688,152.77999877929688,152.6199951171875,152.7100067138672,152.7100067138672,67078
2025-07-21 13:24:00,152.7100067138672,152.72000122070312,152.60440063476562,152.64999389648438,152.64999389648438,59745
2025-07-21 13:25:00,152.66000366210938,152.72999572753906,152.6199951171875,152.63999938964844,152.63999938964844,48853
2025-07-21 13:26:00,152.64999389648438,152.67999267578125,152.57479858398438,152.64999389648438,152.64999389648438,60181
2025-07-21 13:27:00,152.66000366210938,152.6696014404297,152.5,152.56520080566406,152.56520080566406,151033
2025-07-21 13:28:00,152.5699005126953,152.58999633789062,152.44000244140625,152.44500732421875,152.44500732421875,80989
2025-07-21 13:29:00,152.44970703125,152.5,152.39999389648438,152.47000122070312,152.47000122070312,105388
2025-07-21 13:30:00,152.4788055419922,152.61990356445312,152.47000122070312,152.58999633789062,152.58999633789062,102239
2025-07-21 13:31:00,152.60000610351562,152.60000610351562,152.5,152.56910705566406,152.56910705566406,68491
2025-07-21 13:32:00,152.5601043701172,152.58999633789062,152.44000244140625,152.5229949951172,152.5229949951172,68787
2025-07-21 13:33:00,152.52499389648438,152.64999389648438,152.52499389648438,152.610107421875,152.610107421875,46914
2025-07-21 13:34:00,152.6199951171875,152.69960021972656,152.59500122070312,152.64999389648438,152.64999389648438,54119
2025-07-21 13:35:00,152.63999938964844,152.6746063232422,152.5500946044922,152.57870483398438,152.57870483398438,57271
2025-07-21 13:36:00,152.57730102539062,152.61000061035156,152.5399932861328,152.5800018310547,152.5800018310547,56837
2025-07-21 13:37:00,152.59500122070312,152.6699981689453,152.57000732421875,152.6199951171875,152.6199951171875,44802
2025-07-21 13:38:00,152.625,152.66000366210938,152.5,152.50999450683594,152.50999450683594,57018
2025-07-21 13:39:00,152.50929260253906,152.6094970703125,152.50929260253906,152.53970336914062,152.53970336914062,49565
2025-07-21 13:40:00,152.52499389648438,152.6103973388672,152.52499389648438,152.6103973388672,152.6103973388672,23607
2025-07-21 13:41:00,152.6199951171875,152.72000122070312,152.6199951171875,152.71929931640625,152.71929931640625,90869
2025-07-21 13:42:00,152.7028045654297,152.72000122070312,152.63999938964844,152.67999267578125,152.67999267578125,46463
2025-07-21 13:43:00,152.6800994873047,152.6800994873047,152.5800018310547,152.58999633789062,152.58999633789062,41575
2025-07-21 13:44:00,152.59339904785156,152.6300048828125,152.5500030517578,152.60000610351562,152.60000610351562,54951
2025-07-21 13:45:00,152.59500122070312,152.64999389648438,152.5800018310547,152.60069274902344,152.60069274902344,32138
2025-07-21 13:46:00,152.5948028564453,152.66000366210938,152.55999755859375,152.57009887695312,152.57009887695312,33427
2025-07-21 13:47:00,152.58999633789062,152.625,152.5500030517578,152.61000061035156,152.61000061035156,36491
2025-07-21 13:48:00,152.61000061035156,152.67999267578125,152.61000061035156,152.64669799804688,152.64669799804688,36430
2025-07-21 13:49:00,152.63330078125,152.7100067138672,152.6300048828125,152.7100067138672,152.7100067138672,42028
2025-07-21 13:50:00,152.7050018310547,152.75,152.6699981689453,152.6999969482422,152.6999969482422,60837
2025-07-21 13:51:00,152.68040466308594,152.91000366210938,152.68040466308594,152.86000061035156,152.86000061035156,105644
2025-07-21 13:52:00,152.86000061035156,152.91000366210938,152.80999755859375,152.80999755859375,152.80999755859375,52162
2025-07-21 13:53:00,152.8000030517578,152.8000030517578,152.67010498046875,152.75340270996094,152.75340270996094,48050
2025-07-21 13:54:00,152.77000427246094,152.77999877929688,152.6699981689453,152.6699981689453,152.6699981689453,28319
2025-07-21 13:55:00,152.66000366210938,152.7100067138672,152.64999389648438,152.69180297851562,152.69180297851562,40471
2025-07-21 13:56:00,152.6699981689453,152.67970275878906,152.6199951171875,152.66549682617188,152.66549682617188,25146
2025-07-21 13:57:00,152.6699981689453,152.69500732421875,152.6201934814453,152.63499450683594,152.63499450683594,41298
2025-07-21 13:58:00,152.63499450683594,152.69000244140625,152.61000061035156,152.6699981689453,152.6699981689453,34608
2025-07-21 13:59:00,152.66000366210938,152.67080688476562,152.58999633789062,152.62559509277344,152.62559509277344,36166
2025-07-21 14:00:00,152.6300048828125,152.6300048828125,152.49009704589844,152.59800720214844,152.59800720214844,73516
2025-07-21 14:01:00,152.58999633789062,152.72000122070312,152.58999633789062,152.6300048828125,152.6300048828125,65702
2025-07-21 14:02:00,152.63340759277344,152.63999938964844,152.47000122070312,152.55999755859375,152.55999755859375,59735
2025-07-21 14:03:00,152.55960083007812,152.55960083007812,152.4499969482422,152.5,152.5,37088
2025-07-21 14:04:00,152.47999572753906,152.49989318847656,152.41000366210938,152.48019409179688,152.48019409179688,44507
2025-07-21 14:05:00,152.49139404296875,152.69979858398438,152.49000549316406,152.6199951171875,152.6199951171875,75255
2025-07-21 14:06:00,152.6407012939453,152.69979858398438,152.6300048828125,152.66000366210938,152.66000366210938,37533
2025-07-21 14:07:00,152.65260314941406,152.72000122070312,152.49000549316406,152.52000427246094,152.52000427246094,56997
2025-07-21 14:08:00,152.52000427246094,152.52000427246094,152.35000610351562,152.42140197753906,152.42140197753906,79306
2025-07-21 14:09:00,152.42160034179688,152.44000244140625,152.30999755859375,152.3466033935547,152.3466033935547,81315
2025-07-21 14:10:00,152.3498992919922,152.44000244140625,152.33009338378906,152.42999267578125,152.42999267578125,68795
2025-07-21 14:11:00,152.44000244140625,152.5,152.38999938964844,152.410400390625,152.410400390625,46992
2025-07-21 14:12:00,152.4196014404297,152.4196014404297,152.24000549316406,152.27999877929688,152.27999877929688,118051
2025-07-21 14:13:00,152.27000427246094,152.3000030517578,152.03109741210938,152.07000732421875,152.07000732421875,189023
2025-07-21 14:14:00,152.07000732421875,152.16000366210938,151.97999572753906,152.14959716796875,152.14959716796875,212589
2025-07-21 14:15:00,152.11900329589844,152.25970458984375,152.110107421875,152.1300048828125,152.1300048828125,179630
2025-07-21 14:16:00,152.1199951171875,152.1649932861328,152.03359985351562,152.11959838867188,152.11959838867188,108978
2025-07-21 14:17:00,152.125,152.13519287109375,151.97000122070312,152.10040283203125,152.10040283203125,81795
2025-07-21 14:18:00,152.09060668945312,152.27999877929688,152.06069946289062,152.160400390625,152.160400390625,103046
2025-07-21 14:19:00,152.1743927001953,152.2899932861328,152.13999938964844,152.28750610351562,152.28750610351562,66263
2025-07-21 14:20:00,152.2700958251953,152.30999755859375,152.16000366210938,152.1999969482422,152.1999969482422,70597
2025-07-21 14:21:00,152.1999969482422,152.2899932861328,152.1300048828125,152.2100067138672,152.2100067138672,116301
2025-07-21 14:22:00,152.2100067138672,152.25,152.14999389648438,152.17999267578125,152.17999267578125,43220
2025-07-21 14:23:00,152.16000366210938,152.2100067138672,152.0800018310547,152.1782989501953,152.1782989501953,71036
2025-07-21 14:24:00,152.1999969482422,152.3800048828125,152.14999389648438,152.3101043701172,152.3101043701172,86332
2025-07-21 14:25:00,152.32000732421875,152.36000061035156,152.1999969482422,152.210205078125,152.210205078125,46697
2025-07-21 14:26:00,152.21499633789062,152.24000549316406,152.1699981689453,152.17959594726562,152.17959594726562,35502
2025-07-21 14:27:00,152.17269897460938,152.20140075683594,152.15499877929688,152.17660522460938,152.17660522460938,26197
2025-07-21 14:28:00,152.17999267578125,152.19979858398438,152.1199951171875,152.14999389648438,152.14999389648438,70978
2025-07-21 14:29:00,152.1302032470703,152.17999267578125,152.10000610351562,152.12989807128906,152.12989807128906,62657
2025-07-21 14:30:00,152.1199951171875,152.22000122070312,152.1199951171875,152.17999267578125,152.17999267578125,44659
2025-07-21 14:31:00,152.18499755859375,152.22999572753906,152.13999938964844,152.16470336914062,152.16470336914062,61293
2025-07-21 14:32:00,152.1699981689453,152.17999267578125,152.06019592285156,152.07000732421875,152.07000732421875,50380
2025-07-21 14:33:00,152.0800018310547,152.10000610351562,152.0399932861328,152.08999633789062,152.08999633789062,52410
2025-07-21 14:34:00,152.11000061035156,152.1699981689453,152.03329467773438,152.13999938964844,152.13999938964844,64565
2025-07-21 14:35:00,152.1490020751953,152.22000122070312,152.1199951171875,152.19000244140625,152.19000244140625,40246
2025-07-21 14:36:00,152.18980407714844,152.2200927734375,152.13999938964844,152.19000244140625,152.19000244140625,31412
2025-07-21 14:37:00,152.1999969482422,152.1999969482422,152.01390075683594,152.05999755859375,152.05999755859375,94036
2025-07-21 14:38:00,152.07000732421875,152.0800018310547,151.9499969482422,151.99000549316406,151.99000549316406,112718
2025-07-21 14:39:00,151.9949951171875,152.07040405273438,151.92990112304688,152.0399932861328,152.0399932861328,103357
2025-07-21 14:40:00,152.0402069091797,152.3300018310547,152.02650451660156,152.25999450683594,152.25999450683594,233627
2025-07-21 14:41:00,152.26010131835938,152.2633056640625,152.13999938964844,152.14500427246094,152.14500427246094,128659
2025-07-21 14:42:00,152.16000366210938,152.23500061035156,152.14999389648438,152.22760009765625,152.22760009765625,34338
2025-07-21 14:43:00,152.2100067138672,152.2100067138672,152.10000610351562,152.1199951171875,152.1199951171875,67726
2025-07-21 14:44:00,152.12069702148438,152.13999938964844,152.03750610351562,152.05499267578125,152.05499267578125,58563
2025-07-21 14:45:00,152.05479431152344,152.1490936279297,152.0399932861328,152.11000061035156,152.11000061035156,45245
2025-07-21 14:46:00,152.11000061035156,152.25,152.10000610351562,152.22999572753906,152.22999572753906,61522
2025-07-21 14:47:00,152.2100067138672,152.2198028564453,151.80999755859375,151.97500610351562,151.97500610351562,146912
2025-07-21 14:48:00,151.9600067138672,151.9698028564453,151.82000732421875,151.85499572753906,151.85499572753906,101784
2025-07-21 14:49:00,151.86000061035156,151.89999389648438,151.75999450683594,151.87120056152344,151.87120056152344,100971
2025-07-21 14:50:00,151.88999938964844,151.9199981689453,151.77999877929688,151.7949981689453,151.7949981689453,109115
2025-07-21 14:51:00,151.7949981689453,152.0,151.7949981689453,151.99000549316406,151.99000549316406,105461
2025-07-21 14:52:00,151.99000549316406,152.00999450683594,151.8800048828125,151.88499450683594,151.88499450683594,64647
2025-07-21 14:53:00,151.8800048828125,151.8800048828125,151.63999938964844,151.6699981689453,151.6699981689453,201699
2025-07-21 14:54:00,151.6699981689453,151.67489624023438,151.5500030517578,151.61000061035156,151.61000061035156,127876
2025-07-21 14:55:00,151.60000610351562,151.66000366210938,151.50999450683594,151.5500030517578,151.5500030517578,111072
2025-07-21 14:56:00,151.55999755859375,151.6199951171875,151.5,151.5749969482422,151.5749969482422,115112
2025-07-21 14:57:00,151.5684051513672,151.80999755859375,151.56109619140625,151.77499389648438,151.77499389648438,118360
2025-07-21 14:58:00,151.77000427246094,151.83999633789062,151.70010375976562,151.80999755859375,151.80999755859375,79142
2025-07-21 14:59:00,151.80999755859375,151.8699951171875,151.69000244140625,151.74729919433594,151.74729919433594,87991
2025-07-21 15:00:00,151.75,151.8000030517578,151.6999969482422,151.75900268554688,151.75900268554688,72485
2025-07-21 15:01:00,151.73019409179688,151.7899932861328,151.6002960205078,151.6002960205078,151.6002960205078,97122
2025-07-21 15:02:00,151.62559509277344,151.6699981689453,151.52000427246094,151.63560485839844,151.63560485839844,163202
2025-07-21 15:03:00,151.63999938964844,151.7698974609375,151.61019897460938,151.625,151.625,90268
2025-07-21 15:04:00,151.6103057861328,151.63999938964844,151.50999450683594,151.55960083007812,151.55960083007812,77663
2025-07-21 15:05:00,151.5500030517578,151.55999755859375,151.4499969482422,151.5399932861328,151.5399932861328,192557
2025-07-21 15:06:00,151.50999450683594,151.55999755859375,151.44000244140625,151.48500061035156,151.48500061035156,106543
2025-07-21 15:07:00,151.48989868164062,151.69949340820312,151.44000244140625,151.69500732421875,151.69500732421875,160068
2025-07-21 15:08:00,151.69009399414062,151.69009399414062,151.61000061035156,151.66000366210938,151.66000366210938,56609
2025-07-21 15:09:00,151.63999938964844,151.63999938964844,151.4499969482422,151.49000549316406,151.49000549316406,134927
2025-07-21 15:10:00,151.5,151.60000610351562,151.4199981689453,151.44000244140625,151.44000244140625,204375
2025-07-21 15:11:00,151.44979858398438,151.55999755859375,151.36000061035156,151.47129821777344,151.47129821777344,147092
2025-07-21 15:12:00,151.47000122070312,151.72000122070312,151.41000366210938,151.6199951171875,151.6199951171875,192108
2025-07-21 15:13:00,151.61000061035156,151.69000244140625,151.5399932861328,151.6199951171875,151.6199951171875,82767
2025-07-21 15:14:00,151.61000061035156,151.84500122070312,151.60000610351562,151.8000030517578,151.8000030517578,170125
2025-07-21 15:15:00,151.80999755859375,151.89999389648438,151.8000030517578,151.89990234375,151.89990234375,101015
2025-07-21 15:16:00,151.89520263671875,151.93499755859375,151.83999633789062,151.86700439453125,151.86700439453125,99333
2025-07-21 15:17:00,151.89999389648438,152.0500030517578,151.88999938964844,151.94000244140625,151.94000244140625,160570
2025-07-21 15:18:00,151.9499969482422,152.00979614257812,151.84530639648438,151.85000610351562,151.85000610351562,82427
2025-07-21 15:19:00,151.85000610351562,151.9250030517578,151.839599609375,151.8800048828125,151.8800048828125,50457
2025-07-21 15:20:00,151.8699951171875,151.8914031982422,151.75,151.75999450683594,151.75999450683594,64947
2025-07-21 15:21:00,151.75999450683594,151.87179565429688,151.74429321289062,151.81500244140625,151.81500244140625,96368
2025-07-21 15:22:00,151.82000732421875,151.86500549316406,151.6699981689453,151.68519592285156,151.68519592285156,52280
2025-07-21 15:23:00,151.68499755859375,151.83999633789062,151.6699981689453,151.8300018310547,151.8300018310547,62485
2025-07-21 15:24:00,151.8300018310547,151.85499572753906,151.72999572753906,151.75340270996094,151.75340270996094,60773
2025-07-21 15:25:00,151.74000549316406,151.77000427246094,151.61000061035156,151.6199951171875,151.6199951171875,82316
2025-07-21 15:26:00,151.61019897460938,151.61019897460938,151.49000549316406,151.57269287109375,151.57269287109375,137672
2025-07-21 15:27:00,151.5399932861328,151.6300048828125,151.5095977783203,151.60000610351562,151.60000610351562,75071
2025-07-21 15:28:00,151.6096954345703,151.72999572753906,151.57000732421875,151.6898956298828,151.6898956298828,68088
2025-07-21 15:29:00,151.69979858398438,151.77000427246094,151.64999389648438,151.77000427246094,151.77000427246094,69761
2025-07-21 15:30:00,151.75999450683594,151.77000427246094,151.64999389648438,151.68040466308594,151.68040466308594,86561
2025-07-21 15:31:00,151.69000244140625,151.8300018310547,151.69000244140625,151.77499389648438,151.77499389648438,74478
2025-07-21 15:32:00,151.7700958251953,151.80999755859375,151.69960021972656,151.6999969482422,151.6999969482422,54778
2025-07-21 15:33:00,151.71499633789062,151.77969360351562,151.70559692382812,151.7501983642578,151.7501983642578,30135
2025-07-21 15:34:00,151.75999450683594,151.77499389648438,151.64999389648438,151.73980712890625,151.73980712890625,42663
2025-07-21 15:35:00,151.72000122070312,151.72000122070312,151.60000610351562,151.66000366210938,151.66000366210938,49006
2025-07-21 15:36:00,151.66000366210938,151.7100067138672,151.6300048828125,151.7100067138672,151.7100067138672,54294
2025-07-21 15:37:00,151.70150756835938,151.8000030517578,151.66610717773438,151.71499633789062,151.71499633789062,84807
2025-07-21 15:38:00,151.72999572753906,151.91700744628906,151.72999572753906,151.85000610351562,151.85000610351562,127546
2025-07-21 15:39:00,151.85499572753906,151.85499572753906,151.63499450683594,151.68499755859375,151.68499755859375,104426
2025-07-21 15:40:00,151.68499755859375,151.82989501953125,151.63999938964844,151.8000030517578,151.8000030517578,76961
2025-07-21 15:41:00,151.80859375,151.8800048828125,151.7899932861328,151.82150268554688,151.82150268554688,55590
2025-07-21 15:42:00,151.8300018310547,151.87989807128906,151.72999572753906,151.72999572753906,151.72999572753906,78236
2025-07-21 15:43:00,151.7100067138672,151.72999572753906,151.62030029296875,151.64999389648438,151.64999389648438,109942
2025-07-21 15:44:00,151.64999389648438,151.72000122070312,151.63999938964844,151.67999267578125,151.67999267578125,67306
2025-07-21 15:45:00,151.68499755859375,151.7100067138672,151.49000549316406,151.52999877929688,151.52999877929688,107061
2025-07-21 15:46:00,151.50999450683594,151.6009979248047,151.47000122070312,151.5800018310547,151.5800018310547,81101
2025-07-21 15:47:00,151.58999633789062,151.60000610351562,151.4600067138672,151.4600067138672,151.4600067138672,73941
2025-07-21 15:48:00,151.48260498046875,151.55999755859375,151.41000366210938,151.5449981689453,151.5449981689453,93875
2025-07-21 15:49:00,151.5500030517578,151.60000610351562,151.50999450683594,151.55999755859375,151.55999755859375,83352
2025-07-21 15:50:00,151.5399932861328,151.64999389648438,151.4700927734375,151.60000610351562,151.60000610351562,170260
2025-07-21 15:51:00,151.610107421875,151.62899780273438,151.44000244140625,151.47500610351562,151.47500610351562,78626
2025-07-21 15:52:00,151.47000122070312,151.5399932861328,151.39999389648438,151.5041961669922,151.5041961669922,99148
2025-07-21 15:53:00,151.5,151.64999389648438,151.5,151.60009765625,151.60009765625,102636
2025-07-21 15:54:00,151.6199951171875,151.72970581054688,151.5,151.625,151.625,148986
2025-07-21 15:55:00,151.61000061035156,151.8199005126953,151.61000061035156,151.71499633789062,151.71499633789062,172201
2025-07-21 15:56:00,151.72999572753906,151.73500061035156,151.66000366210938,151.6999969482422,151.6999969482422,118952
2025-07-21 15:57:00,151.7050018310547,151.7147979736328,151.5800018310547,151.64999389648438,151.64999389648438,144292
2025-07-21 15:58:00,151.64999389648438,151.77999877929688,151.6199951171875,151.77000427246094,151.77000427246094,202870
2025-07-21 15:59:00,151.75999450683594,151.83999633789062,151.72999572753906,151.7899932861328,151.7899932861328,384460
2025-07-22 00:00:00,150.85000610351562,151.78990173339844,145.06199645996094,149.07000732421875,149.07000732421875,49323377
2025-07-22 09:30:00,150.85000610351562,151.58999633789062,150.63499450683594,151.42999267578125,151.42999267578125,1951012
2025-07-22 09:31:00,151.4600067138672,151.78990173339844,151.20919799804688,151.55999755859375,151.55999755859375,279875
2025-07-22 09:32:00,151.6269073486328,151.62989807128906,150.6300048828125,150.6649932861328,150.6649932861328,226277
2025-07-22 09:33:00,150.6699981689453,150.6699981689453,149.5500030517578,149.9250030517578,149.9250030517578,712630
2025-07-22 09:34:00,149.9250030517578,150.16929626464844,149.6300048828125,149.6750030517578,149.6750030517578,256783
2025-07-22 09:35:00,149.6750030517578,150.42999267578125,149.47000122070312,149.9600067138672,149.9600067138672,366411
2025-07-22 09:36:00,149.97999572753906,150.3699951171875,149.67999267578125,150.36000061035156,150.36000061035156,318307
2025-07-22 09:37:00,150.36000061035156,150.66000366210938,149.96640014648438,150.25999450683594,150.25999450683594,281148
2025-07-22 09:38:00,150.22500610351562,150.3094940185547,149.92030334472656,149.93499755859375,149.93499755859375,192072
2025-07-22 09:39:00,149.89999389648438,149.96969604492188,149.6999969482422,149.94000244140625,149.94000244140625,192140
2025-07-22 09:40:00,149.9149932861328,149.9199981689453,149.0,149.02999877929688,149.02999877929688,443339
2025-07-22 09:41:00,149.0200958251953,149.2100067138672,148.66000366210938,148.98500061035156,148.98500061035156,408888
2025-07-22 09:42:00,149.05499267578125,149.05499267578125,148.58999633789062,148.83920288085938,148.83920288085938,281287
2025-07-22 09:43:00,148.8300018310547,148.9595947265625,148.35000610351562,148.38560485839844,148.38560485839844,406411
2025-07-22 09:44:00,148.3762969970703,148.9698944091797,148.22999572753906,148.82000732421875,148.82000732421875,332909
2025-07-22 09:45:00,148.8000030517578,148.86000061035156,148.3800048828125,148.42999267578125,148.42999267578125,207402
2025-07-22 09:46:00,148.4199981689453,148.4739990234375,147.7274932861328,147.739501953125,147.739501953125,698592
2025-07-22 09:47:00,147.72999572753906,147.77000427246094,146.91000366210938,146.96499633789062,146.96499633789062,778628
2025-07-22 09:48:00,146.9499969482422,147.48989868164062,146.8300018310547,147.4499969482422,147.4499969482422,626765
2025-07-22 09:49:00,147.42999267578125,147.60000610351562,147.13999938964844,147.19000244140625,147.19000244140625,322759
2025-07-22 09:50:00,147.19000244140625,147.35000610351562,147.00999450683594,147.2899932861328,147.2899932861328,284043
2025-07-22 09:51:00,147.25,147.31500244140625,146.25,146.27000427246094,146.27000427246094,535215
2025-07-22 09:52:00,146.2689971923828,146.3000030517578,145.58099365234375,145.64999389648438,145.64999389648438,682898
2025-07-22 09:53:00,145.64999389648438,145.98899841308594,145.25,145.35000610351562,145.35000610351562,575576
2025-07-22 09:54:00,145.33999633789062,145.5500030517578,145.06199645996094,145.39990234375,145.39990234375,425358
2025-07-22 09:55:00,145.3800048828125,145.75,145.35499572753906,145.6999969482422,145.6999969482422,429991
2025-07-22 09:56:00,145.6999969482422,146.25999450683594,145.47999572753906,146.24000549316406,146.24000549316406,443764
2025-07-22 09:57:00,146.24000549316406,146.4199981689453,146.00999450683594,146.19000244140625,146.19000244140625,399265
2025-07-22 09:58:00,146.22000122070312,146.3300018310547,145.86000061035156,146.18020629882812,146.18020629882812,299514
2025-07-22 09:59:00,146.1300048828125,146.16949462890625,145.6999969482422,146.1199951171875,146.1199951171875,446613
2025-07-22 10:00:00,146.11000061035156,146.1999969482422,145.6999969482422,146.0399932861328,146.0399932861328,499347
2025-07-22 10:01:00,145.97500610351562,146.40989685058594,145.9199981689453,146.40989685058594,146.40989685058594,281566
2025-07-22 10:02:00,146.38999938964844,146.97999572753906,146.35049438476562,146.8800048828125,146.8800048828125,306652
2025-07-22 10:03:00,146.89019775390625,146.9949951171875,146.6699981689453,146.91909790039062,146.91909790039062,245069
2025-07-22 10:04:00,146.9149932861328,147.0,146.61000061035156,146.85000610351562,146.85000610351562,331258
2025-07-22 10:05:00,146.84019470214844,147.1898956298828,146.7899932861328,147.14500427246094,147.14500427246094,386430
2025-07-22 10:06:00,147.1280059814453,147.57000732421875,147.10699462890625,147.5395965576172,147.5395965576172,341165
2025-07-22 10:07:00,147.52000427246094,147.85000610351562,147.4600067138672,147.722900390625,147.722900390625,375337
2025-07-22 10:08:00,147.75439453125,147.99000549316406,147.58030700683594,147.69500732421875,147.69500732421875,326383
2025-07-22 10:09:00,147.6999969482422,148.17999267578125,147.63999938964844,148.0500030517578,148.0500030517578,297794
2025-07-22 10:10:00,148.03439331054688,148.37989807128906,148.03439331054688,148.36000061035156,148.36000061035156,281156
2025-07-22 10:11:00,148.35499572753906,148.47000122070312,147.9499969482422,147.98500061035156,147.98500061035156,334819
2025-07-22 10:12:00,148.0,148.42970275878906,148.0,148.24000549316406,148.24000549316406,217014
2025-07-22 10:13:00,148.2449951171875,148.47000122070312,148.17999267578125,148.33999633789062,148.33999633789062,188839
2025-07-22 10:14:00,148.3249969482422,148.36000061035156,147.93899536132812,148.04440307617188,148.04440307617188,214616
2025-07-22 10:15:00,148.0449981689453,148.32000732421875,147.97999572753906,148.21009826660156,148.21009826660156,149985
2025-07-22 10:16:00,148.22500610351562,148.2899932861328,147.97999572753906,148.11500549316406,148.11500549316406,139055
2025-07-22 10:17:00,148.1199951171875,148.1300048828125,147.77000427246094,147.77020263671875,147.77020263671875,265501
2025-07-22 10:18:00,147.75,147.82960510253906,147.4600067138672,147.5850067138672,147.5850067138672,274086
2025-07-22 10:19:00,147.58590698242188,147.72000122070312,147.36639404296875,147.3699951171875,147.3699951171875,205069
2025-07-22 10:20:00,147.36000061035156,147.75,147.27999877929688,147.63999938964844,147.63999938964844,237933
2025-07-22 10:21:00,147.63999938964844,148.02999877929688,147.61000061035156,147.9846954345703,147.9846954345703,211950
2025-07-22 10:22:00,147.9600067138672,147.99000549316406,147.72999572753906,147.9600067138672,147.9600067138672,128877
2025-07-22 10:23:00,147.99000549316406,148.02000427246094,147.6699981689453,147.6999969482422,147.6999969482422,145506
2025-07-22 10:24:00,147.69920349121094,147.77000427246094,147.27000427246094,147.31959533691406,147.31959533691406,198590
2025-07-22 10:25:00,147.27999877929688,147.64840698242188,147.27999877929688,147.57969665527344,147.57969665527344,212174
2025-07-22 10:26:00,147.5500030517578,147.60499572753906,147.35000610351562,147.49000549316406,147.49000549316406,118391
2025-07-22 10:27:00,147.47999572753906,147.47999572753906,147.00999450683594,147.3000030517578,147.3000030517578,276473
2025-07-22 10:28:00,147.273193359375,147.273193359375,147.0800018310547,147.16000366210938,147.16000366210938,103020
2025-07-22 10:29:00,147.16000366210938,147.5399932861328,147.11000061035156,147.52999877929688,147.52999877929688,113808
2025-07-22 10:30:00,147.5399932861328,147.94000244140625,147.49009704589844,147.9250030517578,147.9250030517578,184293
2025-07-22 10:31:00,147.89010620117188,148.14999389648438,147.83999633789062,148.0449981689453,148.0449981689453,167517
2025-07-22 10:32:00,148.0399932861328,148.16000366210938,147.97999572753906,148.12100219726562,148.12100219726562,124510
2025-07-22 10:33:00,148.13499450683594,148.47999572753906,148.13499450683594,148.40750122070312,148.40750122070312,208391
2025-07-22 10:34:00,148.39999389648438,148.44119262695312,148.17999267578125,148.25990295410156,148.25990295410156,104619
2025-07-22 10:35:00,148.24000549316406,148.4199981689453,148.13009643554688,148.41000366210938,148.41000366210938,134221
2025-07-22 10:36:00,148.4199981689453,148.58999633789062,148.3699951171875,148.52000427246094,148.52000427246094,172950
2025-07-22 10:37:00,148.5449981689453,148.86000061035156,148.5449981689453,148.839599609375,148.839599609375,225490
2025-07-22 10:38:00,148.83999633789062,148.93519592285156,148.77999877929688,148.86000061035156,148.86000061035156,157716
2025-07-22 10:39:00,148.8000030517578,148.99000549316406,148.75,148.97999572753906,148.97999572753906,148413
2025-07-22 10:40:00,148.97999572753906,149.07000732421875,148.83999633789062,148.9250030517578,148.9250030517578,156068
2025-07-22 10:41:00,148.8800048828125,149.22999572753906,148.82009887695312,149.21969604492188,149.21969604492188,172326
2025-07-22 10:42:00,149.19000244140625,149.3603973388672,149.1300048828125,149.32090759277344,149.32090759277344,152515
2025-07-22 10:43:00,149.3491973876953,149.3699951171875,149.0699005126953,149.26429748535156,149.26429748535156,201838
2025-07-22 10:44:00,149.25030517578125,149.30999755859375,149.00999450683594,149.02560424804688,149.02560424804688,166723
2025-07-22 10:45:00,149.02499389648438,149.16000366210938,148.9300994873047,148.99000549316406,148.99000549316406,138019
2025-07-22 10:46:00,148.9904022216797,149.0800018310547,148.82679748535156,148.86500549316406,148.86500549316406,110872
2025-07-22 10:47:00,148.85000610351562,148.99139404296875,148.82000732421875,148.99139404296875,148.99139404296875,111543
2025-07-22 10:48:00,148.97999572753906,148.97999572753906,148.6300048828125,148.66920471191406,148.66920471191406,229287
2025-07-22 10:49:00,148.6699981689453,148.8800048828125,148.50999450683594,148.56069946289062,148.56069946289062,182602
2025-07-22 10:50:00,148.5699005126953,148.77999877929688,148.5449981689453,148.75439453125,148.75439453125,105404
2025-07-22 10:51:00,148.77000427246094,148.89999389648438,148.63999938964844,148.8249969482422,148.8249969482422,113381
2025-07-22 10:52:00,148.78399658203125,149.10000610351562,148.73500061035156,149.05929565429688,149.05929565429688,152106
2025-07-22 10:53:00,149.05999755859375,149.1497039794922,148.9199981689453,149.0,149.0,111186
2025-07-22 10:54:00,149.0196990966797,149.0500030517578,148.83999633789062,148.84500122070312,148.84500122070312,50504
2025-07-22 10:55:00,148.85000610351562,149.05999755859375,148.72000122070312,149.05999755859375,149.05999755859375,136901
2025-07-22 10:56:00,149.07000732421875,149.17999267578125,148.86000061035156,149.08999633789062,149.08999633789062,153696
2025-07-22 10:57:00,149.0756072998047,149.17999267578125,148.92999267578125,149.1195068359375,149.1195068359375,94012
2025-07-22 10:58:00,149.11990356445312,149.17999267578125,149.02000427246094,149.0449981689453,149.0449981689453,96232
2025-07-22 10:59:00,149.0449981689453,149.05999755859375,148.86000061035156,148.97500610351562,148.97500610351562,73570
2025-07-22 11:00:00,148.99000549316406,149.05999755859375,148.83999633789062,148.90969848632812,148.90969848632812,85829
2025-07-22 11:01:00,148.89500427246094,148.94500732421875,148.71499633789062,148.94000244140625,148.94000244140625,79765
2025-07-22 11:02:00,148.9499969482422,149.07000732421875,148.8000030517578,149.05999755859375,149.05999755859375,75167
2025-07-22 11:03:00,149.05999755859375,149.14500427246094,148.97000122070312,149.1199951171875,149.1199951171875,122065
2025-07-22 11:04:00,149.1199951171875,149.27999877929688,149.10000610351562,149.27499389648438,149.27499389648438,109651
2025-07-22 11:05:00,149.27499389648438,149.39999389648438,149.2100067138672,149.36959838867188,149.36959838867188,136299
2025-07-22 11:06:00,149.3699951171875,149.47999572753906,149.28900146484375,149.30999755859375,149.30999755859375,204121
2025-07-22 11:07:00,149.2899932861328,149.32000732421875,149.02000427246094,149.22500610351562,149.22500610351562,106316
2025-07-22 11:08:00,149.24000549316406,149.27999877929688,148.9499969482422,149.01080322265625,149.01080322265625,94911
2025-07-22 11:09:00,149.01499938964844,149.11000061035156,148.77000427246094,148.77999877929688,148.77999877929688,103452
2025-07-22 11:10:00,148.77499389648438,149.04879760742188,148.6699981689453,148.73440551757812,148.73440551757812,114035
2025-07-22 11:11:00,148.74000549316406,148.8800048828125,148.64500427246094,148.7100067138672,148.7100067138672,203361
2025-07-22 11:12:00,148.7100067138672,148.86500549316406,148.61090087890625,148.74000549316406,148.74000549316406,89647
2025-07-22 11:13:00,148.75999450683594,148.8300018310547,148.63999938964844,148.7100067138672,148.7100067138672,67284
2025-07-22 11:14:00,148.70010375976562,148.72000122070312,148.58009338378906,148.62530517578125,148.62530517578125,92083
2025-07-22 11:15:00,148.625,148.6999969482422,148.44000244140625,148.65969848632812,148.65969848632812,133717
2025-07-22 11:16:00,148.64500427246094,148.75999450683594,148.6199951171875,148.72500610351562,148.72500610351562,51297
2025-07-22 11:17:00,148.73980712890625,148.85000610351562,148.5399932861328,148.81500244140625,148.81500244140625,122603
2025-07-22 11:18:00,148.80999755859375,148.8699951171875,148.75,148.84010314941406,148.84010314941406,70898
2025-07-22 11:19:00,148.84930419921875,149.00039672851562,148.7899932861328,148.94140625,148.94140625,91230
2025-07-22 11:20:00,148.9199981689453,148.9595947265625,148.52999877929688,148.52999877929688,148.52999877929688,112723
2025-07-22 11:21:00,148.52999877929688,148.6699981689453,148.50999450683594,148.66000366210938,148.66000366210938,96780
2025-07-22 11:22:00,148.63999938964844,148.67999267578125,148.5102996826172,148.60000610351562,148.60000610351562,88755
2025-07-22 11:23:00,148.60000610351562,148.67999267578125,148.36000061035156,148.40499877929688,148.40499877929688,115079
2025-07-22 11:24:00,148.40499877929688,148.5496063232422,148.3800048828125,148.41969299316406,148.41969299316406,73330
2025-07-22 11:25:00,148.38999938964844,148.4199981689453,148.25999450683594,148.3699951171875,148.3699951171875,103014
2025-07-22 11:26:00,148.35000610351562,148.53990173339844,148.3300018310547,148.4600067138672,148.4600067138672,75139
2025-07-22 11:27:00,148.4600067138672,148.52000427246094,148.17999267578125,148.17999267578125,148.17999267578125,102904
2025-07-22 11:28:00,148.13999938964844,148.33999633789062,148.11000061035156,148.310302734375,148.310302734375,97799
2025-07-22 11:29:00,148.30999755859375,148.33999633789062,148.19009399414062,148.2899932861328,148.2899932861328,60411
2025-07-22 11:30:00,148.2899932861328,148.49000549316406,148.22000122070312,148.46029663085938,148.46029663085938,93665
2025-07-22 11:31:00,148.47560119628906,148.47560119628906,148.2301025390625,148.29879760742188,148.29879760742188,62706
2025-07-22 11:32:00,148.2949981689453,148.42999267578125,148.27000427246094,148.39990234375,148.39990234375,49775
2025-07-22 11:33:00,148.38999938964844,148.63499450683594,148.3603057861328,148.58999633789062,148.58999633789062,96495
2025-07-22 11:34:00,148.60000610351562,148.82989501953125,148.60000610351562,148.6699981689453,148.6699981689453,138882
2025-07-22 11:35:00,148.66990661621094,148.72999572753906,148.6199951171875,148.62069702148438,148.62069702148438,43211
2025-07-22 11:36:00,148.6300048828125,148.77999877929688,148.52000427246094,148.7100067138672,148.7100067138672,64394
2025-07-22 11:37:00,148.6999969482422,148.8300018310547,148.6999969482422,148.80050659179688,148.80050659179688,62983
2025-07-22 11:38:00,148.7899932861328,148.8800048828125,148.69000244140625,148.8699951171875,148.8699951171875,52743
2025-07-22 11:39:00,148.8300018310547,148.86000061035156,148.76400756835938,148.78500366210938,148.78500366210938,49914
2025-07-22 11:40:00,148.77000427246094,148.91000366210938,148.65029907226562,148.84010314941406,148.84010314941406,70982
2025-07-22 11:41:00,148.84010314941406,148.9199981689453,148.69000244140625,148.8350067138672,148.8350067138672,278867
2025-07-22 11:42:00,148.8303985595703,148.86000061035156,148.66000366210938,148.72999572753906,148.72999572753906,49007
2025-07-22 11:43:00,148.73500061035156,148.74000549316406,148.44000244140625,148.52639770507812,148.52639770507812,81721
2025-07-22 11:44:00,148.5023956298828,148.55999755859375,148.4600067138672,148.5500030517578,148.5500030517578,37409
2025-07-22 11:45:00,148.5299072265625,148.61000061035156,148.36000061035156,148.50010681152344,148.50010681152344,90409
2025-07-22 11:46:00,148.5,148.5399932861328,148.36000061035156,148.39979553222656,148.39979553222656,43442
2025-07-22 11:47:00,148.375,148.80999755859375,148.3699951171875,148.7899932861328,148.7899932861328,123874
2025-07-22 11:48:00,148.78900146484375,148.83990478515625,148.73500061035156,148.74000549316406,148.74000549316406,66334
2025-07-22 11:49:00,148.74000549316406,148.7899932861328,148.60020446777344,148.75999450683594,148.75999450683594,75928
2025-07-22 11:50:00,148.76019287109375,148.77999877929688,148.6199951171875,148.69000244140625,148.69000244140625,63114
2025-07-22 11:51:00,148.6699981689453,148.7559051513672,148.5800018310547,148.6699981689453,148.6699981689453,48863
2025-07-22 11:52:00,148.67730712890625,148.8800048828125,148.64999389648438,148.8144073486328,148.8144073486328,66355
2025-07-22 11:53:00,148.82000732421875,148.83999633789062,148.7100067138672,148.83999633789062,148.83999633789062,64246
2025-07-22 11:54:00,148.80999755859375,148.8300018310547,148.75999450683594,148.779296875,148.779296875,23925
2025-07-22 11:55:00,148.77999877929688,148.84500122070312,148.72999572753906,148.80999755859375,148.80999755859375,32232
2025-07-22 11:56:00,148.77000427246094,148.8000030517578,148.5800018310547,148.61000061035156,148.61000061035156,65106
2025-07-22 11:57:00,148.61000061035156,148.66000366210938,148.5800018310547,148.64990234375,148.64990234375,38449
2025-07-22 11:58:00,148.63499450683594,148.72999572753906,148.6199951171875,148.64999389648438,148.64999389648438,37879
2025-07-22 11:59:00,148.64999389648438,148.72000122070312,148.52999877929688,148.72000122070312,148.72000122070312,41850
2025-07-22 12:00:00,148.77000427246094,148.89999389648438,148.7301025390625,148.85499572753906,148.85499572753906,93045
2025-07-22 12:01:00,148.8184051513672,148.85260009765625,148.71499633789062,148.72039794921875,148.72039794921875,40031
2025-07-22 12:02:00,148.72000122070312,148.72000122070312,148.39999389648438,148.4600067138672,148.4600067138672,96327
2025-07-22 12:03:00,148.47000122070312,148.7198028564453,148.38999938964844,148.69000244140625,148.69000244140625,55984
2025-07-22 12:04:00,148.69439697265625,148.74960327148438,148.64500427246094,148.72999572753906,148.72999572753906,28447
2025-07-22 12:05:00,148.72999572753906,148.77999877929688,148.68499755859375,148.6999969482422,148.6999969482422,25342
2025-07-22 12:06:00,148.68960571289062,148.75999450683594,148.57009887695312,148.67999267578125,148.67999267578125,32455
2025-07-22 12:07:00,148.64500427246094,148.7303924560547,148.6403045654297,148.6999969482422,148.6999969482422,28439
2025-07-22 12:08:00,148.69000244140625,148.72000122070312,148.61990356445312,148.69000244140625,148.69000244140625,20433
2025-07-22 12:09:00,148.6999969482422,148.72999572753906,148.60000610351562,148.60000610351562,148.60000610351562,22428
2025-07-22 12:10:00,148.6300048828125,148.69000244140625,148.57000732421875,148.5749969482422,148.5749969482422,26298
2025-07-22 12:11:00,148.5756072998047,148.58009338378906,148.4503936767578,148.5500030517578,148.5500030517578,61612
2025-07-22 12:12:00,148.57000732421875,148.5850067138672,148.3800048828125,148.4199981689453,148.4199981689453,49174
2025-07-22 12:13:00,148.4512939453125,148.4600067138672,148.3000030517578,148.36000061035156,148.36000061035156,53326
2025-07-22 12:14:00,148.35000610351562,148.4499969482422,148.3000030517578,148.41000366210938,148.41000366210938,64662
2025-07-22 12:15:00,148.4149932861328,148.55999755859375,148.3800048828125,148.5198974609375,148.5198974609375,60198
2025-07-22 12:16:00,148.52999877929688,148.5500030517578,148.44000244140625,148.485107421875,148.485107421875,37235
2025-07-22 12:17:00,148.52000427246094,148.6300048828125,148.52000427246094,148.61000061035156,148.61000061035156,53305
2025-07-22 12:18:00,148.60020446777344,148.83999633789062,148.60000610351562,148.74000549316406,148.74000549316406,126104
2025-07-22 12:19:00,148.77000427246094,148.85000610351562,148.74000549316406,148.7550048828125,148.7550048828125,64424
2025-07-22 12:20:00,148.75439453125,148.82989501953125,148.6999969482422,148.8199005126953,148.8199005126953,47044
2025-07-22 12:21:00,148.8197021484375,148.85000610351562,148.66000366210938,148.6699981689453,148.6699981689453,50893
2025-07-22 12:22:00,148.6649932861328,148.72000122070312,148.52000427246094,148.57000732421875,148.57000732421875,46315
2025-07-22 12:23:00,148.55999755859375,148.67999267578125,148.55999755859375,148.67059326171875,148.67059326171875,26992
2025-07-22 12:24:00,148.67999267578125,148.74989318847656,148.64999389648438,148.67999267578125,148.67999267578125,35775
2025-07-22 12:25:00,148.66000366210938,148.66000366210938,148.41000366210938,148.41000366210938,148.41000366210938,59477
2025-07-22 12:26:00,148.39999389648438,148.52000427246094,148.36000061035156,148.3795928955078,148.3795928955078,70995
2025-07-22 12:27:00,148.3800048828125,148.3800048828125,148.14999389648438,148.1999969482422,148.1999969482422,129641
2025-07-22 12:28:00,148.1699981689453,148.1699981689453,148.0,148.02000427246094,148.02000427246094,171297
2025-07-22 12:29:00,148.0695037841797,148.07000732421875,147.88999938964844,147.939697265625,147.939697265625,136168
2025-07-22 12:30:00,147.91009521484375,148.2100067138672,147.8800048828125,148.13009643554688,148.13009643554688,101710
2025-07-22 12:31:00,148.1199951171875,148.25990295410156,148.1002960205078,148.21560668945312,148.21560668945312,49763
2025-07-22 12:32:00,148.20030212402344,148.25999450683594,148.11000061035156,148.1699981689453,148.1699981689453,60267
2025-07-22 12:33:00,148.16000366210938,148.25999450683594,148.13999938964844,148.19000244140625,148.19000244140625,39023
2025-07-22 12:34:00,148.2100067138672,148.2397003173828,148.1199951171875,148.22000122070312,148.22000122070312,39126
2025-07-22 12:35:00,148.2100067138672,148.5050048828125,148.20010375976562,148.4600067138672,148.4600067138672,104728
2025-07-22 12:36:00,148.46499633789062,148.47329711914062,148.11000061035156,148.19520568847656,148.19520568847656,115267
2025-07-22 12:37:00,148.1999969482422,148.2100067138672,148.1199951171875,148.14999389648438,148.14999389648438,55586
2025-07-22 12:38:00,148.13009643554688,148.2100067138672,148.1300048828125,148.1699981689453,148.1699981689453,44728
2025-07-22 12:39:00,148.16000366210938,148.16949462890625,148.0,148.0500030517578,148.0500030517578,142556
2025-07-22 12:40:00,148.0800018310547,148.17999267578125,147.97500610351562,147.99000549316406,147.99000549316406,69463
2025-07-22 12:41:00,147.99000549316406,148.00970458984375,147.88999938964844,147.9199981689453,147.9199981689453,79332
2025-07-22 12:42:00,147.92999267578125,147.97999572753906,147.8699951171875,147.89149475097656,147.89149475097656,52928
2025-07-22 12:43:00,147.88999938964844,147.9499969482422,147.84010314941406,147.88009643554688,147.88009643554688,88576
2025-07-22 12:44:00,147.875,147.97959899902344,147.82000732421875,147.9425048828125,147.9425048828125,68185
2025-07-22 12:45:00,147.94000244140625,148.02000427246094,147.85000610351562,147.85000610351562,147.85000610351562,58000
2025-07-22 12:46:00,147.8300018310547,147.8997039794922,147.66000366210938,147.7801055908203,147.7801055908203,99741
2025-07-22 12:47:00,147.77499389648438,147.8800048828125,147.67999267578125,147.84140014648438,147.84140014648438,90297
2025-07-22 12:48:00,147.8300018310547,147.91000366210938,147.75,147.75250244140625,147.75250244140625,43308
2025-07-22 12:49:00,147.75999450683594,147.86000061035156,147.75010681152344,147.77999877929688,147.77999877929688,59887
2025-07-22 12:50:00,147.7899932861328,147.83999633789062,147.7100067138672,147.7949981689453,147.7949981689453,63634
2025-07-22 12:51:00,147.77999877929688,147.88999938964844,147.7115020751953,147.84970092773438,147.84970092773438,47461
2025-07-22 12:52:00,147.85000610351562,148.0399932861328,147.82009887695312,147.97000122070312,147.97000122070312,83641
2025-07-22 12:53:00,147.9604034423828,148.05999755859375,147.9300994873047,147.9980926513672,147.9980926513672,72450
2025-07-22 12:54:00,147.99000549316406,148.17999267578125,147.97000122070312,148.13929748535156,148.13929748535156,65323
2025-07-22 12:55:00,148.16009521484375,148.24220275878906,147.9199981689453,147.92019653320312,147.92019653320312,171314
2025-07-22 12:56:00,147.927001953125,148.00999450683594,147.89999389648438,147.97000122070312,147.97000122070312,101757
2025-07-22 12:57:00,147.97000122070312,148.10560607910156,147.97000122070312,148.02999877929688,148.02999877929688,94593
2025-07-22 12:58:00,148.02999877929688,148.27529907226562,148.00999450683594,148.2404022216797,148.2404022216797,92434
2025-07-22 12:59:00,148.26089477539062,148.2899932861328,148.1875,148.27000427246094,148.27000427246094,41320
2025-07-22 13:00:00,148.25999450683594,148.4499969482422,148.1300048828125,148.16000366210938,148.16000366210938,118317
2025-07-22 13:01:00,148.14500427246094,148.15699768066406,148.068603515625,148.11500549316406,148.11500549316406,64895
2025-07-22 13:02:00,148.11500549316406,148.33999633789062,148.0800018310547,148.14999389648438,148.14999389648438,94597
2025-07-22 13:03:00,148.14759826660156,148.25990295410156,148.0500030517578,148.16000366210938,148.16000366210938,65112
2025-07-22 13:04:00,148.14999389648438,148.27999877929688,148.1300048828125,148.23500061035156,148.23500061035156,42808
2025-07-22 13:05:00,148.24000549316406,148.3000030517578,148.20750427246094,148.2449951171875,148.2449951171875,41490
2025-07-22 13:06:00,148.22000122070312,148.33999633789062,148.1300048828125,148.3000946044922,148.3000946044922,51602
2025-07-22 13:07:00,148.32850646972656,148.38999938964844,148.1300048828125,148.16000366210938,148.16000366210938,58102
2025-07-22 13:08:00,148.1300048828125,148.1300048828125,148.0009002685547,148.02999877929688,148.02999877929688,54418
2025-07-22 13:09:00,148.0449981689453,148.06480407714844,147.9600067138672,147.97039794921875,147.97039794921875,41588
2025-07-22 13:10:00,147.99000549316406,148.05999755859375,147.92999267578125,148.02999877929688,148.02999877929688,43227
2025-07-22 13:11:00,148.03309631347656,148.08999633789062,147.9001007080078,147.93020629882812,147.93020629882812,45513
2025-07-22 13:12:00,147.94500732421875,147.98500061035156,147.8800048828125,147.9199981689453,147.9199981689453,31914
2025-07-22 13:13:00,147.91029357910156,148.08999633789062,147.91029357910156,148.0843963623047,148.0843963623047,36320
2025-07-22 13:14:00,148.10000610351562,148.1199951171875,148.0301055908203,148.0800018310547,148.0800018310547,32790
2025-07-22 13:15:00,148.08599853515625,148.21499633789062,148.07000732421875,148.10499572753906,148.10499572753906,51301
2025-07-22 13:16:00,148.1197052001953,148.22000122070312,148.08999633789062,148.125,148.125,35011
2025-07-22 13:17:00,148.125,148.16000366210938,148.00999450683594,148.01980590820312,148.01980590820312,34158
2025-07-22 13:18:00,148.0189971923828,148.16000366210938,148.00010681152344,148.125,148.125,26302
2025-07-22 13:19:00,148.1143035888672,148.1291961669922,147.97500610351562,148.0500030517578,148.0500030517578,49144
2025-07-22 13:20:00,148.08090209960938,148.19500732421875,148.0399932861328,148.1761016845703,148.1761016845703,113890
2025-07-22 13:21:00,148.17999267578125,148.27999877929688,148.17999267578125,148.25,148.25,106010
2025-07-22 13:22:00,148.26499938964844,148.39999389648438,148.19000244140625,148.36270141601562,148.36270141601562,59039
2025-07-22 13:23:00,148.3623046875,148.5,148.3527069091797,148.4499969482422,148.4499969482422,69715
2025-07-22 13:24:00,148.4499969482422,148.5500030517578,148.41000366210938,148.44960021972656,148.44960021972656,64894
2025-07-22 13:25:00,148.44970703125,148.58990478515625,148.42999267578125,148.57000732421875,148.57000732421875,49008
2025-07-22 13:26:00,148.5695037841797,148.61000061035156,148.5200958251953,148.57000732421875,148.57000732421875,33409
2025-07-22 13:27:00,148.5500030517578,148.60040283203125,148.52000427246094,148.60000610351562,148.60000610351562,39285
2025-07-22 13:28:00,148.5850067138672,148.84500122070312,148.55999755859375,148.84500122070312,148.84500122070312,106868
2025-07-22 13:29:00,148.83999633789062,148.89999389648438,148.7550048828125,148.87989807128906,148.87989807128906,81673
2025-07-22 13:30:00,148.8704071044922,148.99000549316406,148.826904296875,148.94009399414062,148.94009399414062,98176
2025-07-22 13:31:00,148.9499969482422,148.97999572753906,148.72999572753906,148.75,148.75,94370
2025-07-22 13:32:00,148.75909423828125,148.92999267578125,148.74000549316406,148.92999267578125,148.92999267578125,78715
2025-07-22 13:33:00,148.94000244140625,149.00999450683594,148.84500122070312,148.99969482421875,148.99969482421875,130135
2025-07-22 13:34:00,148.97999572753906,149.07000732421875,148.9600067138672,148.97030639648438,148.97030639648438,95390
2025-07-22 13:35:00,148.9980010986328,149.0,148.8000030517578,148.8699951171875,148.8699951171875,57432
2025-07-22 13:36:00,148.9199981689453,148.92999267578125,148.875,148.89999389648438,148.89999389648438,32896
2025-07-22 13:37:00,148.9600067138672,148.97979736328125,148.88999938964844,148.94000244140625,148.94000244140625,24989
2025-07-22 13:38:00,148.9499969482422,148.99000549316406,148.86000061035156,148.889404296875,148.889404296875,30959
2025-07-22 13:39:00,148.88380432128906,148.91000366210938,148.7801055908203,148.79440307617188,148.79440307617188,80097
2025-07-22 13:40:00,148.78460693359375,148.83999633789062,148.66000366210938,148.66070556640625,148.66070556640625,81646
2025-07-22 13:41:00,148.66000366210938,148.80999755859375,148.63999938964844,148.64999389648438,148.64999389648438,92709
2025-07-22 13:42:00,148.6300048828125,148.75999450683594,148.6199951171875,148.72000122070312,148.72000122070312,82613
2025-07-22 13:43:00,148.72999572753906,148.91000366210938,148.72000122070312,148.83999633789062,148.83999633789062,64140
2025-07-22 13:44:00,148.83999633789062,148.89979553222656,148.8101043701172,148.8300018310547,148.8300018310547,39668
2025-07-22 13:45:00,148.8300018310547,148.8300018310547,148.68020629882812,148.69039916992188,148.69039916992188,63505
2025-07-22 13:46:00,148.7100067138672,148.84970092773438,148.68499755859375,148.74000549316406,148.74000549316406,42997
2025-07-22 13:47:00,148.75050354003906,148.77200317382812,148.6999969482422,148.71499633789062,148.71499633789062,43860
2025-07-22 13:48:00,148.7071075439453,148.77999877929688,148.64999389648438,148.75999450683594,148.75999450683594,51540
2025-07-22 13:49:00,148.72030639648438,148.78970336914062,148.63079833984375,148.66000366210938,148.66000366210938,53501
2025-07-22 13:50:00,148.6595001220703,148.72000122070312,148.64999389648438,148.7100067138672,148.7100067138672,35566
2025-07-22 13:51:00,148.69500732421875,148.69500732421875,148.4199981689453,148.4456024169922,148.4456024169922,83003
2025-07-22 13:52:00,148.44949340820312,148.5,148.42999267578125,148.47500610351562,148.47500610351562,55152
2025-07-22 13:53:00,148.49000549316406,148.5699005126953,148.47000122070312,148.50950622558594,148.50950622558594,36384
2025-07-22 13:54:00,148.5,148.54989624023438,148.42999267578125,148.5,148.5,25982
2025-07-22 13:55:00,148.50999450683594,148.81959533691406,148.50999450683594,148.79010009765625,148.79010009765625,54516
2025-07-22 13:56:00,148.8000030517578,148.9149932861328,148.72039794921875,148.83509826660156,148.83509826660156,85151
2025-07-22 13:57:00,148.82000732421875,148.92999267578125,148.79010009765625,148.8199005126953,148.8199005126953,66476
2025-07-22 13:58:00,148.82000732421875,148.8699951171875,148.75999450683594,148.76499938964844,148.76499938964844,39131
2025-07-22 13:59:00,148.77969360351562,148.82980346679688,148.77000427246094,148.77000427246094,148.77000427246094,23254
2025-07-22 14:00:00,148.75,148.83999633789062,148.67999267578125,148.83999633789062,148.83999633789062,74787
2025-07-22 14:01:00,148.8249969482422,148.85000610351562,148.610107421875,148.69500732421875,148.69500732421875,53009
2025-07-22 14:02:00,148.69000244140625,148.85519409179688,148.69000244140625,148.85000610351562,148.85000610351562,29788
2025-07-22 14:03:00,148.85000610351562,148.8800048828125,148.8000030517578,148.83999633789062,148.83999633789062,37955
2025-07-22 14:04:00,148.8350067138672,148.86000061035156,148.64999389648438,148.6699981689453,148.6699981689453,37857
2025-07-22 14:05:00,148.6750030517578,148.70599365234375,148.63999938964844,148.67999267578125,148.67999267578125,27227
2025-07-22 14:06:00,148.6699981689453,148.7899932861328,148.6699981689453,148.74000549316406,148.74000549316406,30090
2025-07-22 14:07:00,148.73500061035156,148.83999633789062,148.71009826660156,148.82000732421875,148.82000732421875,46382
2025-07-22 14:08:00,148.81500244140625,148.85989379882812,148.6999969482422,148.72000122070312,148.72000122070312,30918
2025-07-22 14:09:00,148.74240112304688,148.76499938964844,148.69000244140625,148.6999969482422,148.6999969482422,27769
2025-07-22 14:10:00,148.72500610351562,148.78919982910156,148.63999938964844,148.64999389648438,148.64999389648438,35062
2025-07-22 14:11:00,148.64700317382812,148.8468017578125,148.64700317382812,148.8000030517578,148.8000030517578,24834
2025-07-22 14:12:00,148.75999450683594,148.8000030517578,148.72999572753906,148.7740936279297,148.7740936279297,19607
2025-07-22 14:13:00,148.77999877929688,148.7823028564453,148.71009826660156,148.75999450683594,148.75999450683594,51080
2025-07-22 14:14:00,148.75999450683594,148.77870178222656,148.7100067138672,148.71009826660156,148.71009826660156,19634
2025-07-22 14:15:00,148.72999572753906,148.77999877929688,148.58999633789062,148.60000610351562,148.60000610351562,39903
2025-07-22 14:16:00,148.6199951171875,148.63999938964844,148.4600067138672,148.55999755859375,148.55999755859375,54600
2025-07-22 14:17:00,148.55990600585938,148.57989501953125,148.11000061035156,148.11000061035156,148.11000061035156,74513
2025-07-22 14:18:00,148.12969970703125,148.44000244140625,148.00999450683594,148.4250030517578,148.4250030517578,118792
2025-07-22 14:19:00,148.41000366210938,148.49000549316406,148.2899932861328,148.47000122070312,148.47000122070312,66404
2025-07-22 14:20:00,148.4550018310547,148.58999633789062,148.40960693359375,148.56500244140625,148.56500244140625,50863
2025-07-22 14:21:00,148.5601043701172,148.5800018310547,148.49029541015625,148.5509033203125,148.5509033203125,41178
2025-07-22 14:22:00,148.61000061035156,148.6199951171875,148.5,148.50999450683594,148.50999450683594,35235
2025-07-22 14:23:00,148.51499938964844,148.64500427246094,148.47000122070312,148.63999938964844,148.63999938964844,40291
2025-07-22 14:24:00,148.63999938964844,148.64999389648438,148.4243927001953,148.43499755859375,148.43499755859375,47224
2025-07-22 14:25:00,148.42999267578125,148.54710388183594,148.41000366210938,148.47000122070312,148.47000122070312,44226
2025-07-22 14:26:00,148.4600067138672,148.57000732421875,148.44000244140625,148.49749755859375,148.49749755859375,442789
2025-07-22 14:27:00,148.5,148.62989807128906,148.47999572753906,148.57000732421875,148.57000732421875,49952
2025-07-22 14:28:00,148.5500030517578,148.58999633789062,148.4868927001953,148.5,148.5,33241
2025-07-22 14:29:00,148.5,148.54600524902344,148.4801025390625,148.50999450683594,148.50999450683594,25467
2025-07-22 14:30:00,148.49000549316406,148.5800018310547,148.44960021972656,148.5399932861328,148.5399932861328,31532
2025-07-22 14:31:00,148.5146942138672,148.52999877929688,148.4199981689453,148.42999267578125,148.42999267578125,38448
2025-07-22 14:32:00,148.44000244140625,148.5500030517578,148.4199981689453,148.53880310058594,148.53880310058594,63638
2025-07-22 14:33:00,148.53500366210938,148.5800018310547,148.49009704589844,148.5800018310547,148.5800018310547,29629
2025-07-22 14:34:00,148.57000732421875,148.6999969482422,148.55999755859375,148.68299865722656,148.68299865722656,60236
2025-07-22 14:35:00,148.69000244140625,148.9199981689453,148.66000366210938,148.9149932861328,148.9149932861328,94732
2025-07-22 14:36:00,148.92999267578125,149.0,148.89999389648438,148.9199981689453,148.9199981689453,75129
2025-07-22 14:37:00,148.91439819335938,148.94000244140625,148.79029846191406,148.8699951171875,148.8699951171875,59887
2025-07-22 14:38:00,148.875,148.9199981689453,148.7899932861328,148.9199981689453,148.9199981689453,37643
2025-07-22 14:39:00,148.9199981689453,148.92999267578125,148.7899932861328,148.80999755859375,148.80999755859375,59316
2025-07-22 14:40:00,148.7852020263672,148.83970642089844,148.63009643554688,148.66000366210938,148.66000366210938,53016
2025-07-22 14:41:00,148.6699981689453,148.67999267578125,148.5399932861328,148.59219360351562,148.59219360351562,44069
2025-07-22 14:42:00,148.58999633789062,148.60659790039062,148.44000244140625,148.4600067138672,148.4600067138672,42558
2025-07-22 14:43:00,148.44500732421875,148.49000549316406,148.44000244140625,148.47000122070312,148.47000122070312,30056
2025-07-22 14:44:00,148.4499969482422,148.470703125,148.36019897460938,148.41000366210938,148.41000366210938,50498
2025-07-22 14:45:00,148.39999389648438,148.4499969482422,148.35499572753906,148.35499572753906,148.35499572753906,32072
2025-07-22 14:46:00,148.35499572753906,148.37989807128906,148.30999755859375,148.35000610351562,148.35000610351562,44579
2025-07-22 14:47:00,148.36000061035156,148.36500549316406,148.27000427246094,148.32980346679688,148.32980346679688,48215
2025-07-22 14:48:00,148.3000030517578,148.39999389648438,148.26010131835938,148.36000061035156,148.36000061035156,66401
2025-07-22 14:49:00,148.3699951171875,148.50999450683594,148.36500549316406,148.44000244140625,148.44000244140625,85295
2025-07-22 14:50:00,148.44000244140625,148.55999755859375,148.42799377441406,148.5500030517578,148.5500030517578,68389
2025-07-22 14:51:00,148.5402069091797,148.58999633789062,148.50999450683594,148.55999755859375,148.55999755859375,36938
2025-07-22 14:52:00,148.54989624023438,148.6300048828125,148.5,148.55999755859375,148.55999755859375,54326
2025-07-22 14:53:00,148.55599975585938,148.57000732421875,148.4600067138672,148.5251007080078,148.5251007080078,35909
2025-07-22 14:54:00,148.50579833984375,148.50579833984375,148.3699951171875,148.38999938964844,148.38999938964844,41712
2025-07-22 14:55:00,148.3699951171875,148.5,148.36500549316406,148.4770050048828,148.4770050048828,40767
2025-07-22 14:56:00,148.4788055419922,148.61000061035156,148.47000122070312,148.58999633789062,148.58999633789062,37875
2025-07-22 14:57:00,148.5800018310547,148.6699981689453,148.55999755859375,148.5800018310547,148.5800018310547,59002
2025-07-22 14:58:00,148.5749969482422,148.60000610351562,148.4499969482422,148.47500610351562,148.47500610351562,57940
2025-07-22 14:59:00,148.48500061035156,148.6999969482422,148.47030639648438,148.52999877929688,148.52999877929688,81084
2025-07-22 15:00:00,148.52000427246094,148.58970642089844,148.4600067138672,148.47999572753906,148.47999572753906,45360
2025-07-22 15:01:00,148.50999450683594,148.50999450683594,148.28439331054688,148.3699951171875,148.3699951171875,80924
2025-07-22 15:02:00,148.36500549316406,148.38999938964844,148.2899932861328,148.3800048828125,148.3800048828125,55021
2025-07-22 15:03:00,148.38499450683594,148.38499450683594,148.22999572753906,148.31500244140625,148.31500244140625,61151
2025-07-22 15:04:00,148.3000030517578,148.37939453125,148.27000427246094,148.33999633789062,148.33999633789062,40486
2025-07-22 15:05:00,148.35000610351562,148.38929748535156,148.29559326171875,148.35000610351562,148.35000610351562,38595
2025-07-22 15:06:00,148.32020568847656,148.39999389648438,148.3000030517578,148.32000732421875,148.32000732421875,33182
2025-07-22 15:07:00,148.30999755859375,148.30999755859375,148.10040283203125,148.13999938964844,148.13999938964844,87223
2025-07-22 15:08:00,148.13400268554688,148.2722930908203,148.10020446777344,148.27000427246094,148.27000427246094,61860
2025-07-22 15:09:00,148.30990600585938,148.3800048828125,148.27999877929688,148.3300018310547,148.3300018310547,41715
2025-07-22 15:10:00,148.33009338378906,148.39999389648438,148.2899932861328,148.38499450683594,148.38499450683594,38747
2025-07-22 15:11:00,148.3699951171875,148.47000122070312,148.2799072265625,148.44500732421875,148.44500732421875,44674
2025-07-22 15:12:00,148.45899963378906,148.45899963378906,148.3834991455078,148.41729736328125,148.41729736328125,29395
2025-07-22 15:13:00,148.410400390625,148.47000122070312,148.33999633789062,148.35000610351562,148.35000610351562,49051
2025-07-22 15:14:00,148.35499572753906,148.3699951171875,148.2449951171875,148.2550048828125,148.2550048828125,55678
2025-07-22 15:15:00,148.2799072265625,148.38999938964844,148.25999450683594,148.30999755859375,148.30999755859375,45249
2025-07-22 15:16:00,148.30499267578125,148.47999572753906,148.2550048828125,148.4149932861328,148.4149932861328,95577
2025-07-22 15:17:00,148.4149932861328,148.47999572753906,148.3800048828125,148.4499969482422,148.4499969482422,39029
2025-07-22 15:18:00,148.44000244140625,148.52499389648438,148.43299865722656,148.47019958496094,148.47019958496094,49094
2025-07-22 15:19:00,148.4803924560547,148.52999877929688,148.4199981689453,148.5299072265625,148.5299072265625,52071
2025-07-22 15:20:00,148.5500030517578,148.58999633789062,148.52000427246094,148.5399932861328,148.5399932861328,57695
2025-07-22 15:21:00,148.52549743652344,148.61000061035156,148.50999450683594,148.56500244140625,148.56500244140625,57516
2025-07-22 15:22:00,148.55499267578125,148.64500427246094,148.5399932861328,148.58030700683594,148.58030700683594,48529
2025-07-22 15:23:00,148.59500122070312,148.66000366210938,148.57000732421875,148.60000610351562,148.60000610351562,54663
2025-07-22 15:24:00,148.60000610351562,148.63519287109375,148.4600067138672,148.5,148.5,40487
2025-07-22 15:25:00,148.50999450683594,148.57000732421875,148.42999267578125,148.50999450683594,148.50999450683594,46269
2025-07-22 15:26:00,148.51739501953125,148.5800018310547,148.50999450683594,148.51480102539062,148.51480102539062,38446
2025-07-22 15:27:00,148.52000427246094,148.60000610351562,148.50999450683594,148.5850067138672,148.5850067138672,38765
2025-07-22 15:28:00,148.58999633789062,148.6699981689453,148.5594024658203,148.5594024658203,148.5594024658203,54783
2025-07-22 15:29:00,148.56500244140625,148.60000610351562,148.49000549316406,148.58999633789062,148.58999633789062,58018
2025-07-22 15:30:00,148.58999633789062,148.67999267578125,148.5496063232422,148.64990234375,148.64990234375,52885
2025-07-22 15:31:00,148.64520263671875,148.8000030517578,148.6248016357422,148.8000030517578,148.8000030517578,105239
2025-07-22 15:32:00,148.77969360351562,148.8800048828125,148.7700958251953,148.8699951171875,148.8699951171875,89387
2025-07-22 15:33:00,148.86000061035156,148.97000122070312,148.85000610351562,148.9600067138672,148.9600067138672,82742
2025-07-22 15:34:00,148.99000549316406,149.07960510253906,148.90020751953125,148.960205078125,148.960205078125,197944
2025-07-22 15:35:00,148.9499969482422,149.1204071044922,148.89999389648438,149.10499572753906,149.10499572753906,143331
2025-07-22 15:36:00,149.10499572753906,149.33999633789062,149.10499572753906,149.2899932861328,149.2899932861328,168100
2025-07-22 15:37:00,149.28790283203125,149.30999755859375,149.1699981689453,149.17010498046875,149.17010498046875,120783
2025-07-22 15:38:00,149.1699981689453,149.3000030517578,149.1699981689453,149.27000427246094,149.27000427246094,114919
2025-07-22 15:39:00,149.22000122070312,149.3699951171875,149.11480712890625,149.15960693359375,149.15960693359375,119776
2025-07-22 15:40:00,149.14999389648438,149.14999389648438,148.9322967529297,148.9600067138672,148.9600067138672,115284
2025-07-22 15:41:00,148.9499969482422,149.07000732421875,148.94500732421875,148.99000549316406,148.99000549316406,96262
2025-07-22 15:42:00,148.99000549316406,149.09500122070312,148.97000122070312,149.02920532226562,149.02920532226562,60387
2025-07-22 15:43:00,149.02999877929688,149.08999633789062,149.0050048828125,149.05999755859375,149.05999755859375,68568
2025-07-22 15:44:00,149.05999755859375,149.08999633789062,148.9199981689453,149.05679321289062,149.05679321289062,107296
2025-07-22 15:45:00,149.0500030517578,149.17999267578125,148.9600067138672,149.17010498046875,149.17010498046875,108482
2025-07-22 15:46:00,149.1699981689453,149.19000244140625,149.039306640625,149.07000732421875,149.07000732421875,73592
2025-07-22 15:47:00,149.06500244140625,149.10000610351562,149.01010131835938,149.0601043701172,149.0601043701172,81471
2025-07-22 15:48:00,149.05999755859375,149.07000732421875,148.9936065673828,149.02000427246094,149.02000427246094,93985
2025-07-22 15:49:00,149.0,149.00039672851562,148.9250030517578,148.99000549316406,148.99000549316406,85482
2025-07-22 15:50:00,148.99000549316406,149.11000061035156,148.9600067138672,149.11000061035156,149.11000061035156,123246
2025-07-22 15:51:00,149.10000610351562,149.1649932861328,149.0196075439453,149.05499267578125,149.05499267578125,156933
2025-07-22 15:52:00,149.0449981689453,149.1300048828125,148.98019409179688,149.08999633789062,149.08999633789062,94514
2025-07-22 15:53:00,149.08999633789062,149.25,149.07000732421875,149.13319396972656,149.13319396972656,115072
2025-07-22 15:54:00,149.1300048828125,149.16000366210938,148.80999755859375,148.86000061035156,148.86000061035156,178527
2025-07-22 15:55:00,148.86000061035156,149.0449981689453,148.86000061035156,149.01100158691406,149.01100158691406,166733
2025-07-22 15:56:00,149.02000427246094,149.1300048828125,148.99000549316406,149.09010314941406,149.09010314941406,151094
2025-07-22 15:57:00,149.09500122070312,149.1898956298828,149.03500366210938,149.11000061035156,149.11000061035156,174866
2025-07-22 15:58:00,149.10009765625,149.17999267578125,149.0399932861328,149.16000366210938,149.16000366210938,169429
2025-07-22 15:59:00,149.1649932861328,149.1699981689453,149.02999877929688,149.0399932861328,149.0399932861328,372420
